Loss,Context.TRAINING,None
0,2.3076558113098145,1766704794481
0,68.47634887695312,1766704795680
0,48.99835205078125,1766704796769
0,82.97738647460938,1766704797843
0,61.9852294921875,1766704798923
0,45.760231018066406,1766704799879
0,27.00330352783203,1766704801065
0,20.415939331054688,1766704802145
0,19.025012969970703,1766704803346
0,10.26144027709961,1766704804473
0,6.260734558105469,1766704805466
0,5.404641151428223,1766704806693
0,5.490717887878418,1766704807712
0,5.802831649780273,1766704808854
0,4.903183460235596,1766704809826
0,5.405758380889893,1766704810844
0,4.13541841506958,1766704812044
0,3.791574478149414,1766704813018
0,3.184244155883789,1766704814276
0,2.695049285888672,1766704815334
0,3.182237148284912,1766704816200
0,2.38679575920105,1766704817500
0,2.236067533493042,1766704818436
0,2.402437210083008,1766704819629
0,2.801356315612793,1766704820705
0,2.594597816467285,1766704821722
0,2.3343708515167236,1766704822978
0,2.8178136348724365,1766704823866
0,2.612039089202881,1766704825037
0,2.144941806793213,1766704826144
0,2.3940412998199463,1766704827158
0,2.0426032543182373,1766704828472
0,2.339130401611328,1766704829442
0,2.0639636516571045,1766704830778
0,2.2697935104370117,1766704831778
0,2.3412528038024902,1766704832792
0,2.178544521331787,1766704834048
0,1.9018020629882812,1766704834923
0,2.1736268997192383,1766704836118
0,2.1022491455078125,1766704837122
0,1.8843629360198975,1766704838129
0,2.1494038105010986,1766704839376
0,1.9474831819534302,1766704840363
0,2.118824005126953,1766704841636
0,1.8656952381134033,1766704842623
0,2.0601859092712402,1766704843722
0,1.874908685684204,1766704844747
0,2.1837544441223145,1766704845765
0,2.0335094928741455,1766704847049
0,1.8656526803970337,1766704848105
0,1.8574893474578857,1766704849270
0,1.7119216918945312,1766704850292
0,1.9425116777420044,1766704851309
0,1.7598390579223633,1766704852482
0,1.5325696468353271,1766704853496
0,1.7372715473175049,1766704854572
0,2.0596461296081543,1766704855642
0,1.640811562538147,1766704856704
0,1.3012707233428955,1766704857868
0,1.428699016571045,1766704858909
0,1.9540058374404907,1766704860022
0,1.4700043201446533,1766704861070
0,1.629378080368042,1766704862185
0,1.2620595693588257,1766704863353
0,1.34017014503479,1766704864462
0,1.7788147926330566,1766704865552
0,1.3346960544586182,1766704866675
0,1.5634924173355103,1766704867807
0,1.3383891582489014,1766704868874
0,1.8722362518310547,1766704870008
0,1.1472346782684326,1766704871079
0,1.5446475744247437,1766704872179
0,1.0868210792541504,1766704873173
0,1.3579297065734863,1766704874241
0,1.4787832498550415,1766704875311
0,1.3688735961914062,1766704876403
0,1.2211790084838867,1766704877437
0,1.2472926378250122,1766704878596
0,1.318786859512329,1766704879699
0,1.1650569438934326,1766704880736
0,1.254307746887207,1766704881843
0,1.0756365060806274,1766704882885
0,1.05134916305542,1766704883842
0,1.1075170040130615,1766704885010
0,0.9600625038146973,1766704886078
0,1.1550153493881226,1766704887302
0,1.335075855255127,1766704888323
0,0.8987489938735962,1766704889308
0,1.293743371963501,1766704890358
0,1.0132062435150146,1766704891391
0,1.1991817951202393,1766704892560
0,1.0347967147827148,1766704893495
0,1.1907556056976318,1766704894723
0,1.3656965494155884,1766704895902
0,0.8614089488983154,1766704896951
0,0.7467881441116333,1766704898151
0,1.1186658143997192,1766704899124
0,1.0325610637664795,1766704900405
0,1.2852473258972168,1766704901529
0,0.8486505746841431,1766704902501
0,0.9080334305763245,1766704903688
0,0.8461027145385742,1766704904708
0,1.0009326934814453,1766704905924
0,1.1551121473312378,1766704907015
0,1.0351632833480835,1766704907991
0,0.9672579765319824,1766704909174
0,0.8768023252487183,1766704910042
0,0.7126504182815552,1766704911351
0,0.9271166920661926,1766704912371
0,1.0238301753997803,1766704913328
0,1.5546624660491943,1766704914531
0,1.1302753686904907,1766704915448
0,0.8181093335151672,1766704916748
0,0.9862921237945557,1766704917749
0,1.2916946411132812,1766704918861
0,1.22445547580719,1766704920028
0,0.9095838069915771,1766704920999
0,1.156968355178833,1766704922216
0,1.0083849430084229,1766704923178
0,0.9508978128433228,1766704924274
0,1.1525779962539673,1766704925426
0,0.834320068359375,1766704926399
0,0.9734846353530884,1766704927661
0,0.6891847848892212,1766704928671
0,0.9233656525611877,1766704929801
0,1.1628808975219727,1766704930977
0,0.9292329549789429,1766704931950
0,0.5926852226257324,1766704933181
0,0.8188771605491638,1766704934150
0,0.7992360591888428,1766704935412
0,1.040839433670044,1766704936384
0,1.2795913219451904,1766704937339
0,1.1173787117004395,1766704938623
0,1.0571357011795044,1766704939519
0,0.8705682158470154,1766704940632
0,0.9932400584220886,1766704941740
0,0.7980955839157104,1766704942662
0,0.8309996128082275,1766704943965
0,0.7233833074569702,1766704944973
0,0.9144295454025269,1766704945920
0,1.162889003753662,1766704947168
0,1.0668530464172363,1766704948045
0,1.2947711944580078,1766704949304
0,0.9697948694229126,1766704950371
0,0.9668174982070923,1766704951289
0,0.9009608030319214,1766704952627
0,0.9159891605377197,1766704953507
0,0.8818804621696472,1766704954739
0,0.5427318811416626,1766704955723
0,0.5875325798988342,1766704956742
0,1.1338423490524292,1766704957940
0,0.6836279630661011,1766704958799
0,0.8925106525421143,1766704959948
0,0.6095873713493347,1766704961061
0,0.7407137155532837,1766704962042
0,1.097261905670166,1766704963290
0,0.6442914009094238,1766704964273
0,0.9170986413955688,1766704965377
0,0.8852863907814026,1766704966593
0,0.7061562538146973,1766704967490
0,0.7348933219909668,1766704968842
0,0.9154021739959717,1766704969742
0,0.7082138061523438,1766704970751
0,0.9203135967254639,1766704972034
0,0.891226053237915,1766704972943
0,0.71037358045578,1766704974141
0,0.9163479804992676,1766704975144
0,0.7569391131401062,1766704976120
0,0.6040475368499756,1766704977410
0,1.067444086074829,1766704978278
0,0.6178558468818665,1766704979398
0,0.8077501654624939,1766704980496
0,0.6922645568847656,1766704981455
0,0.7865511775016785,1766704982677
0,0.9104414582252502,1766704983567
0,0.6932082176208496,1766704984663
0,0.5895445346832275,1766704985861
0,1.1140321493148804,1766704986778
0,0.7498152256011963,1766704988008
0,0.8155460953712463,1766704988894
0,0.7346515655517578,1766704989933
0,0.6482954025268555,1766704991257
0,0.40737801790237427,1766704992174
0,1.0348752737045288,1766704993406
0,0.6473567485809326,1766704994409
0,0.7038024663925171,1766704995330
0,1.2742371559143066,1766704996643
0,0.8457528352737427,1766704997538
0,0.6055219769477844,1766704998697
0,0.7193120121955872,1766704999620
0,0.722880482673645,1766705000569
0,0.6646406054496765,1766705001805
0,0.6310346722602844,1766705002728
0,0.8535772562026978,1766705003881
0,0.7132670879364014,1766705004990
0,0.7747491598129272,1766705005944
0,0.9378018379211426,1766705007237
0,0.7184344530105591,1766705008174
0,0.6326932907104492,1766705009217
0,0.36968547105789185,1766705010415
0,0.6564245223999023,1766705011375
0,0.6960034966468811,1766705012608
0,0.7204623818397522,1766705013577
0,0.6043651700019836,1766705014637
0,0.5865464210510254,1766705015897
0,0.5533693432807922,1766705016841
0,1.3028912544250488,1766705018163
0,0.6047509908676147,1766705019065
0,0.5310294032096863,1766705020157
0,0.8284960985183716,1766705021268
0,0.5822714567184448,1766705022154
0,0.5250002145767212,1766705023436
0,0.5319991111755371,1766705024488
0,0.367366224527359,1766705025472
0,0.3510825037956238,1766705026709
0,0.5780688524246216,1766705027630
0,0.8725508451461792,1766705028923
0,0.5474708080291748,1766705029876
0,0.47371840476989746,1766705030801
0,0.720492959022522,1766705031990
0,0.6775524020195007,1766705032855
0,0.6837292909622192,1766705033797
0,0.8469915390014648,1766705034977
0,0.7307072877883911,1766705035877
0,0.42705368995666504,1766705037166
0,0.7200742363929749,1766705038083
0,0.510366678237915,1766705039013
0,0.7258068323135376,1766705040329
0,0.9448868632316589,1766705041223
0,0.8166512250900269,1766705042359
0,0.5697461366653442,1766705043377
0,0.4932442903518677,1766705044207
0,0.45597296953201294,1766705045464
0,0.6914086937904358,1766705046394
0,0.8452706336975098,1766705047442
0,0.3227866291999817,1766705048712
0,0.6704983115196228,1766705049680
0,0.7510266900062561,1766705050850
0,0.6395570039749146,1766705051804
0,0.786718487739563,1766705052867
0,0.786373496055603,1766705054022
0,0.6131800413131714,1766705054953
0,0.6051912307739258,1766705056209
0,0.6131289005279541,1766705057150
0,0.49485471844673157,1766705058123
0,0.4353814125061035,1766705059384
0,0.8527261018753052,1766705060307
0,0.4408223330974579,1766705061468
0,0.8304796814918518,1766705062471
0,0.6468406915664673,1766705063489
0,0.6134982705116272,1766705064697
0,0.6624029874801636,1766705065628
0,0.620918869972229,1766705066783
0,0.5453363656997681,1766705067842
0,0.5190368890762329,1766705068959
0,0.640790581703186,1766705070210
0,0.6637627482414246,1766705071158
0,1.0774407386779785,1766705072451
0,0.6682077646255493,1766705073434
0,0.7187381386756897,1766705074455
0,0.4396449327468872,1766705075642
0,0.5150067806243896,1766705076464
0,0.7009241580963135,1766705077671
0,0.5996581315994263,1766705078747
0,0.5093837976455688,1766705079704
0,0.7025938034057617,1766705081006
0,0.6033062934875488,1766705081902
0,0.5253223180770874,1766705083185
0,0.4740140438079834,1766705084184
0,0.5259174108505249,1766705085137
0,0.9023090600967407,1766705086285
0,0.6137309074401855,1766705087225
0,0.5151771306991577,1766705088417
0,0.6316331028938293,1766705089435
0,0.743695855140686,1766705090358
0,0.8867876529693604,1766705091661
0,0.7013247609138489,1766705092497
0,0.5227586627006531,1766705093651
0,0.4708418548107147,1766705094778
0,0.5084729194641113,1766705095729
0,0.7665343880653381,1766705097047
0,0.37638288736343384,1766705097939
0,0.6874595284461975,1766705099026
0,0.4436471462249756,1766705100183
0,0.33616775274276733,1766705101117
0,0.5818871259689331,1766705102233
0,0.6528490781784058,1766705103148
0,0.5137277841567993,1766705104148
0,0.5415329933166504,1766705105258
0,0.551993191242218,1766705106183
0,0.25588753819465637,1766705107402
0,1.041020393371582,1766705108390
0,0.2977339029312134,1766705109442
0,0.614499568939209,1766705110631
0,0.6501246094703674,1766705111572
0,1.0749694108963013,1766705112793
0,0.7940633296966553,1766705113829
0,0.581713855266571,1766705114807
0,0.3190546929836273,1766705116137
0,0.3708055913448334,1766705117060
0,0.8547419309616089,1766705118201
0,0.5618690252304077,1766705119193
0,0.5132578015327454,1766705120192
0,1.115732192993164,1766705121423
0,0.4396425485610962,1766705122372
0,1.2903028726577759,1766705123580
0,0.6678515076637268,1766705124582
0,0.6413353681564331,1766705125490
0,0.47243809700012207,1766705126809
0,0.7984393835067749,1766705127685
0,0.8019744157791138,1766705128743
0,0.9002195000648499,1766705129757
0,0.752411961555481,1766705130596
0,0.6650105714797974,1766705131602
0,0.632260799407959,1766705132557
0,0.6310684680938721,1766705133247
0,0.9719651341438293,1766705134384
0,0.6509424448013306,1766705135189
0,0.4485328197479248,1766705135973
0,0.479341983795166,1766705137033
0,0.8930284380912781,1766705137929
0,0.5477554798126221,1766705138878
0,0.6790064573287964,1766705139882
0,0.5978459715843201,1766705140670
0,0.6808375120162964,1766705141571
0,0.8187388777732849,1766705142621
0,0.47455278038978577,1766705143355
0,0.40256181359291077,1766705144271
0,0.7200888395309448,1766705145243
0,0.5236678123474121,1766705145992
0,0.6827419996261597,1766705146944
0,0.31913524866104126,1766705148044
0,0.4139246642589569,1766705148891
0,0.39616817235946655,1766705149975
0,0.374514639377594,1766705150906
0,0.4925650358200073,1766705151687
0,0.5403504371643066,1766705152902
0,0.4087716341018677,1766705153695
0,0.5928168296813965,1766705154490
0,0.5238500833511353,1766705155801
0,0.7220383882522583,1766705156638
0,0.6012366414070129,1766705157547
0,0.26537883281707764,1766705158759
0,0.43107104301452637,1766705159689
0,0.37623053789138794,1766705160985
0,0.9332783818244934,1766705161898
0,0.6296268105506897,1766705162835
0,1.1417876482009888,1766705164179
0,0.7163292169570923,1766705164957
0,0.4954304099082947,1766705166093
0,0.4147753119468689,1766705167086
0,0.7147623300552368,1766705167935
0,0.8347824215888977,1766705169172
0,0.41624438762664795,1766705170027
0,0.4986609220504761,1766705171036
0,0.5624182224273682,1766705172321
0,0.3035545349121094,1766705173215
0,0.5031630992889404,1766705174475
0,0.4582202136516571,1766705175394
0,0.477802574634552,1766705176517
0,0.44913503527641296,1766705177733
0,0.30574268102645874,1766705178518
0,0.7090047001838684,1766705179646
0,0.8453910946846008,1766705180681
0,0.6166773438453674,1766705181614
0,0.42466843128204346,1766705182767
0,0.3502122163772583,1766705183606
0,0.48281219601631165,1766705184611
0,0.42424750328063965,1766705185619
0,0.645984411239624,1766705186473
0,0.5004275441169739,1766705187787
0,0.45290443301200867,1766705188621
0,0.7971253395080566,1766705189609
0,0.4365457594394684,1766705190777
0,0.6014264225959778,1766705191634
0,0.4033142328262329,1766705192835
0,0.5450701713562012,1766705193733
0,0.31658053398132324,1766705194590
0,0.4421955645084381,1766705195948
0,0.6245275735855103,1766705196790
0,0.7303400635719299,1766705197955
0,0.6403090953826904,1766705198985
0,0.49268412590026855,1766705199765
0,0.47381043434143066,1766705201077
0,0.4719013571739197,1766705201920
0,0.6548792123794556,1766705202848
0,0.5090207457542419,1766705204149
0,0.45005425810813904,1766705205057
0,0.5593308210372925,1766705206134
0,0.4536857604980469,1766705207122
0,0.40178006887435913,1766705208196
0,0.3962165415287018,1766705209220
0,0.7322995662689209,1766705210127
0,0.7519534826278687,1766705211203
0,0.607885479927063,1766705212334
0,0.4062952399253845,1766705213306
0,0.5998328924179077,1766705214448
0,0.3861261010169983,1766705215446
0,0.5642048120498657,1766705216387
0,0.4520144760608673,1766705217644
0,0.4889291226863861,1766705218392
0,0.45975545048713684,1766705219395
0,0.5162308812141418,1766705220531
0,0.35190287232398987,1766705221260
0,0.6025581359863281,1766705222469
0,0.8947495818138123,1766705223382
0,1.0123844146728516,1766705224221
0,0.25230398774147034,1766705225466
0,0.42663460969924927,1766705226209
0,0.37250563502311707,1766705227267
0,0.3492688536643982,1766705228520
0,0.41174226999282837,1766705229344
0,0.4069269895553589,1766705230454
0,0.4940033555030823,1766705231488
0,0.6268246173858643,1766705232310
0,0.3494802713394165,1766705233543
0,0.6509431004524231,1766705234384
0,0.3715357780456543,1766705235318
0,0.33245396614074707,1766705236560
0,0.36714139580726624,1766705237324
0,0.5018978118896484,1766705238558
0,0.295476496219635,1766705239498
0,0.8137071132659912,1766705240278
0,0.1861552596092224,1766705241582
0,0.4017273187637329,1766705242478
0,0.44431695342063904,1766705243369
0,0.22795993089675903,1766705244595
0,0.3245263993740082,1766705245318
0,0.7131332755088806,1766705246502
0,0.7157543897628784,1766705247471
0,0.543419599533081,1766705248296
0,0.7476410865783691,1766705249596
0,0.356351375579834,1766705250434
0,0.4420519471168518,1766705251470
0,0.5686249136924744,1766705252550
0,0.6321542263031006,1766705253387
0,0.7476494908332825,1766705254535
0,0.7034401893615723,1766705255516
0,0.5170900821685791,1766705256545
0,0.5396023988723755,1766705257697
0,0.5061448216438293,1766705258522
0,0.306291788816452,1766705259608
0,0.5425395965576172,1766705260566
0,0.603557825088501,1766705261618
0,0.677952229976654,1766705262641
0,0.7370594143867493,1766705263481
0,0.4307882785797119,1766705264551
0,0.4782555103302002,1766705265595
0,0.5927898287773132,1766705266530
0,0.24721358716487885,1766705267640
0,0.4927133321762085,1766705268660
0,0.6969455480575562,1766705269645
0,0.7668520212173462,1766705270791
0,0.42173928022384644,1766705271733
0,0.41756752133369446,1766705272785
0,0.5338220596313477,1766705273745
0,0.48565590381622314,1766705274723
0,0.530116081237793,1766705275915
0,0.5277973413467407,1766705276834
0,0.5254135131835938,1766705277921
0,0.6765843033790588,1766705278945
0,0.5850905179977417,1766705279854
0,0.536690890789032,1766705281031
0,0.8733941316604614,1766705281937
0,0.6005720496177673,1766705283069
0,0.4953708350658417,1766705284143
0,0.23570367693901062,1766705285055
0,0.3144043982028961,1766705286132
0,0.6894071102142334,1766705287167
0,0.4214313328266144,1766705288125
0,0.7257249355316162,1766705289234
0,0.7196358442306519,1766705290202
0,0.2844454050064087,1766705291422
0,0.6876171231269836,1766705292437
0,0.49784862995147705,1766705293431
0,0.3992801606655121,1766705294521
0,0.3758717179298401,1766705295529
0,0.6555577516555786,1766705296611
0,0.674964427947998,1766705297661
0,0.6570735573768616,1766705298658
0,0.33889830112457275,1766705299774
0,0.3881770074367523,1766705300788
0,0.2124481052160263,1766705301877
0,0.3510361313819885,1766705302916
0,0.49131956696510315,1766705303806
0,0.35676124691963196,1766705304948
0,0.44031524658203125,1766705305970
0,0.40060120820999146,1766705307047
0,0.6381911635398865,1766705308075
0,0.4322948157787323,1766705308977
0,0.8514297604560852,1766705310178
0,0.3745644688606262,1766705311180
0,0.44713255763053894,1766705312158
0,0.5576810836791992,1766705313246
0,0.4896853566169739,1766705314137
0,0.36755284667015076,1766705315317
0,0.38463515043258667,1766705316230
0,0.6591809988021851,1766705317170
0,0.3137650489807129,1766705318302
0,0.46553146839141846,1766705319136
0,0.4105735719203949,1766705320320
0,0.6957333087921143,1766705321365
0,0.6721803545951843,1766705322267
0,0.41300129890441895,1766705323407
0,0.6998417377471924,1766705324374
0,0.7718721032142639,1766705325505
0,0.6261501312255859,1766705326555
0,0.4743189215660095,1766705327464
0,0.4470931887626648,1766705328661
0,0.513923168182373,1766705329646
0,0.6862562894821167,1766705330651
0,0.284254789352417,1766705331763
0,0.4762701094150543,1766705332732
0,0.4849705100059509,1766705333841
0,0.29412996768951416,1766705334906
0,0.48074275255203247,1766705335999
0,0.4426705837249756,1766705337076
0,0.3642197847366333,1766705337935
0,0.6002917289733887,1766705338904
0,0.46655917167663574,1766705339958
0,0.3778512179851532,1766705341013
0,0.3694950342178345,1766705342184
0,0.45662885904312134,1766705343184
0,0.5453839898109436,1766705344225
0,0.7050255537033081,1766705345260
0,0.5830309391021729,1766705346228
0,0.45152655243873596,1766705347356
0,0.7473192811012268,1766705348385
0,0.712142825126648,1766705349490
0,0.3565311133861542,1766705350508
0,0.48194777965545654,1766705351523
0,0.5138247609138489,1766705352584
0,0.4563048779964447,1766705353615
0,0.44837862253189087,1766705354747
0,0.4677788019180298,1766705355659
0,0.7778713703155518,1766705356640
0,0.6740559935569763,1766705357666
0,0.4389665126800537,1766705358590
0,0.284822016954422,1766705359712
0,0.38838255405426025,1766705360715
0,0.4764457941055298,1766705361668
0,0.6179544925689697,1766705362785
0,0.4599469304084778,1766705363825
0,1.000741958618164,1766705364944
0,0.3724040687084198,1766705365987
0,0.5187810659408569,1766705367000
0,0.26761606335639954,1766705368164
0,0.43904581665992737,1766705369123
0,0.40827369689941406,1766705370122
0,0.5221579074859619,1766705371082
0,0.3103518486022949,1766705372145
0,0.7575819492340088,1766705373310
0,0.6563202142715454,1766705374167
0,0.7631354331970215,1766705375429
0,0.6287174820899963,1766705376399
0,0.3068527579307556,1766705377223
0,0.34047895669937134,1766705378503
0,0.38848885893821716,1766705379392
0,0.5221026539802551,1766705380513
0,0.8360171318054199,1766705381599
0,0.7279300093650818,1766705382643
0,0.4204033315181732,1766705383781
0,0.33516401052474976,1766705384675
0,0.7853079438209534,1766705385854
0,0.39988452196121216,1766705386886
0,0.36235302686691284,1766705387801
0,0.4136408567428589,1766705388894
0,0.37984976172447205,1766705389693
0,0.3666313588619232,1766705390797
0,0.4022343158721924,1766705391847
0,0.37590011954307556,1766705392769
0,0.31524500250816345,1766705394027
0,0.510794997215271,1766705394988
0,0.5345734357833862,1766705395928
0,0.5021052360534668,1766705397152
0,0.34842434525489807,1766705398043
0,0.4480053782463074,1766705399110
0,0.25015342235565186,1766705400273
0,0.37226787209510803,1766705401075
0,0.45856237411499023,1766705402284
0,0.3151303827762604,1766705403236
0,0.44294610619544983,1766705404119
0,0.31525295972824097,1766705405476
0,0.29662203788757324,1766705406303
0,0.37702539563179016,1766705407370
0,0.17988288402557373,1766705408446
0,0.2409471720457077,1766705409262
0,0.5919371843338013,1766705410518
0,0.7828890085220337,1766705411462
0,0.3172820508480072,1766705412297
0,0.44302719831466675,1766705413539
0,0.27444231510162354,1766705414400
0,0.7020788192749023,1766705415436
0,0.5054255127906799,1766705416626
0,0.43254268169403076,1766705417463
0,0.34826332330703735,1766705418637
0,0.291095495223999,1766705419473
0,0.34389084577560425,1766705420394
0,0.3996485471725464,1766705421621
0,0.3552456796169281,1766705422443
0,0.6032804250717163,1766705423423
0,0.6910309791564941,1766705424555
0,0.39933502674102783,1766705425428
0,0.25745490193367004,1766705426621
0,0.4452097415924072,1766705427588
0,0.5135471820831299,1766705428663
0,0.2513763904571533,1766705429821
0,0.23365402221679688,1766705430594
0,0.39986222982406616,1766705431774
0,0.3854449689388275,1766705432785
0,0.2610986828804016,1766705433771
0,0.42670300602912903,1766705434889
0,0.3639560341835022,1766705435702
0,0.3400743901729584,1766705436837
0,0.45372384786605835,1766705437864
0,0.30950576066970825,1766705438738
0,0.19582536816596985,1766705439983
0,0.4914851188659668,1766705440886
0,0.15422579646110535,1766705442014
0,0.1166309043765068,1766705443111
0,0.6143925189971924,1766705443909
0,0.6491329073905945,1766705445113
0,0.23525935411453247,1766705446057
0,0.4353749752044678,1766705446840
0,0.41084468364715576,1766705448077
0,0.6071608066558838,1766705448971
0,0.26309704780578613,1766705449998
0,0.47568821907043457,1766705451102
0,0.41498252749443054,1766705451957
0,0.3783980906009674,1766705453344
0,0.265228807926178,1766705454173
0,0.5003156661987305,1766705455290
0,0.8509701490402222,1766705456381
0,0.44893744587898254,1766705457150
0,0.3149135410785675,1766705458325
0,0.27523690462112427,1766705459326
0,0.24943390488624573,1766705460196
0,0.5692181587219238,1766705461519
0,0.54220050573349,1766705462295
0,0.37144091725349426,1766705463339
0,0.4185609817504883,1766705464436
0,0.38579311966896057,1766705465282
0,0.25893664360046387,1766705466379
0,0.17940457165241241,1766705467379
0,0.10823757946491241,1766705468318
0,0.36185237765312195,1766705469518
0,0.5471403002738953,1766705470448
0,0.46948930621147156,1766705471546
0,0.36240822076797485,1766705472671
0,0.6360968351364136,1766705473630
0,0.4064750373363495,1766705474870
0,0.3061526417732239,1766705475790
0,0.32652735710144043,1766705476730
0,0.16600444912910461,1766705477815
0,0.4324466586112976,1766705478709
0,0.3781449794769287,1766705479822
0,0.42457160353660583,1766705480748
0,0.3790457248687744,1766705481603
0,0.4519011080265045,1766705482698
0,0.3447035849094391,1766705483523
0,0.19390687346458435,1766705484571
0,0.4656710624694824,1766705485801
0,0.3734687566757202,1766705486662
0,0.41482114791870117,1766705487752
0,0.29889512062072754,1766705488676
0,0.619377613067627,1766705489517
0,0.31968194246292114,1766705490722
0,0.33086442947387695,1766705491546
0,0.15966106951236725,1766705492508
0,0.07076293230056763,1766705493660
0,0.3575131595134735,1766705494482
0,0.6025816798210144,1766705495481
0,0.18807919323444366,1766705496474
0,0.578365683555603,1766705497431
0,0.5093525052070618,1766705498536
0,0.43518689274787903,1766705499431
0,0.37766557931900024,1766705500491
0,0.26954030990600586,1766705501608
0,0.34433722496032715,1766705502523
0,0.3317869305610657,1766705503715
0,0.4828546941280365,1766705504581
0,0.8032261729240417,1766705505511
0,0.5500168800354004,1766705506672
0,0.20857945084571838,1766705507594
0,0.3812107443809509,1766705508717
0,0.4503616392612457,1766705509644
0,0.44426658749580383,1766705510716
0,0.33738937973976135,1766705511940
0,0.47328680753707886,1766705512826
0,0.1981220841407776,1766705513845
0,0.5166211128234863,1766705514884
0,0.4552367627620697,1766705515806
0,0.20146559178829193,1766705516986
0,0.32922235131263733,1766705517808
0,0.13774658739566803,1766705518874
0,0.43971681594848633,1766705520062
0,0.293186217546463,1766705520879
0,0.3985336720943451,1766705522016
0,0.32919245958328247,1766705522993
0,0.29283279180526733,1766705524000
0,0.26037487387657166,1766705525305
0,0.8970142602920532,1766705526182
0,0.1913594901561737,1766705527276
0,0.6096876859664917,1766705528251
0,0.45039230585098267,1766705529194
0,0.2885453999042511,1766705530384
0,0.42018556594848633,1766705531186
0,0.3821752071380615,1766705532268
0,0.3235207200050354,1766705533325
0,0.20226454734802246,1766705534258
0,0.40610867738723755,1766705535281
0,0.3683772683143616,1766705536201
0,0.5241379141807556,1766705537210
0,0.3656010925769806,1766705538276
0,0.3769071400165558,1766705539236
0,0.5162429809570312,1766705540394
0,0.47076380252838135,1766705541341
0,0.3818592429161072,1766705542418
0,0.3717307448387146,1766705543425
0,0.2793514132499695,1766705544252
0,0.20160150527954102,1766705545480
0,0.4109210669994354,1766705546460
0,0.2644115686416626,1766705547370
0,0.4684446454048157,1766705548493
0,0.5927066802978516,1766705549337
0,0.3625108599662781,1766705550366
0,0.3290790915489197,1766705551556
0,0.2169095277786255,1766705552535
0,0.21671518683433533,1766705553664
0,0.43256062269210815,1766705554670
0,0.2765573561191559,1766705555714
0,0.5741458535194397,1766705556740
0,0.24156902730464935,1766705557702
0,0.34815478324890137,1766705558746
0,0.23053601384162903,1766705559707
0,0.46400099992752075,1766705560757
0,0.4293150305747986,1766705561956
0,0.3024982213973999,1766705562832
0,0.31559789180755615,1766705563934
0,0.2970288395881653,1766705565018
0,0.48789820075035095,1766705565966
0,0.2884865999221802,1766705567038
0,0.4258584976196289,1766705568014
0,0.4782217741012573,1766705569114
0,0.5132967829704285,1766705570199
0,0.5254301428794861,1766705571141
0,0.4666473865509033,1766705572205
0,0.5893654823303223,1766705573148
0,0.28916364908218384,1766705574130
0,0.405097097158432,1766705575268
0,0.27245432138442993,1766705576263
0,0.3367428183555603,1766705577218
0,0.31723862886428833,1766705578230
0,0.3148195743560791,1766705579305
0,0.528560221195221,1766705580390
0,0.303041934967041,1766705581316
0,0.2604532241821289,1766705582385
0,0.4898844361305237,1766705583399
0,0.2229759246110916,1766705584361
0,0.2631794214248657,1766705585564
0,0.25902408361434937,1766705586478
0,0.45280182361602783,1766705587599
0,0.34276247024536133,1766705588604
0,0.2803749442100525,1766705589473
0,0.43838685750961304,1766705590692
0,0.21628040075302124,1766705591519
0,0.12626254558563232,1766705592500
0,0.3243465721607208,1766705593542
0,0.4271862804889679,1766705594326
0,0.3833313286304474,1766705595378
0,0.2799835801124573,1766705596471
0,0.3836231231689453,1766705597397
0,0.373344749212265,1766705598621
0,0.4366719126701355,1766705599435
0,0.1518791913986206,1766705600417
0,0.5081468224525452,1766705601600
0,0.2693155109882355,1766705602556
0,0.31089088320732117,1766705603537
0,0.44189390540122986,1766705604563
0,0.3661549985408783,1766705605554
0,0.3236796259880066,1766705606595
0,0.7063171863555908,1766705607667
0,0.25560325384140015,1766705608673
0,0.21578648686408997,1766705609667
0,0.5082498788833618,1766705610627
0,0.7789650559425354,1766705611748
0,0.48783639073371887,1766705612767
0,0.3106103241443634,1766705613747
0,0.5240089893341064,1766705614801
0,0.2497105747461319,1766705615866
0,0.5142533183097839,1766705616915
0,0.34447023272514343,1766705618077
0,0.5178518295288086,1766705619182
0,0.32867974042892456,1766705620247
0,0.42960989475250244,1766705621284
0,0.3818238079547882,1766705622205
0,0.21027472615242004,1766705623197
0,0.2116592824459076,1766705624379
0,0.4583660960197449,1766705625291
0,0.6326450109481812,1766705626347
0,0.38695645332336426,1766705627412
0,0.5123467445373535,1766705628506
0,0.34406572580337524,1766705629706
0,0.530844509601593,1766705630637
0,0.3612702786922455,1766705631643
0,0.23700478672981262,1766705632777
0,0.383567750453949,1766705633753
0,0.41337233781814575,1766705634985
0,0.3591827154159546,1766705635917
0,0.5407634973526001,1766705636823
0,0.39133214950561523,1766705637883
0,0.283008337020874,1766705638737
0,0.4538538455963135,1766705639843
0,0.34801381826400757,1766705640887
0,0.542134702205658,1766705641601
0,0.3381452262401581,1766705642878
0,0.3660176396369934,1766705643798
0,0.28557997941970825,1766705644721
0,0.277834415435791,1766705645871
0,0.35739946365356445,1766705646637
0,0.2532424330711365,1766705647734
0,0.5694971084594727,1766705648902
0,0.2952112555503845,1766705649773
0,0.26066237688064575,1766705651065
0,0.19301727414131165,1766705651956
0,0.30747169256210327,1766705652812
0,0.2710093855857849,1766705654005
0,0.20391301810741425,1766705654683
0,0.39521080255508423,1766705655743
0,0.1630336344242096,1766705656833
0,0.10346345603466034,1766705657613
0,0.16170230507850647,1766705658689
0,0.39542296528816223,1766705659563
0,0.2789316773414612,1766705660260
0,0.21869580447673798,1766705661471
0,0.35561516880989075,1766705662335
0,0.1550782322883606,1766705663119
0,0.2660054862499237,1766705664320
0,0.630553662776947,1766705665010
0,0.647420346736908,1766705665856
0,0.38078492879867554,1766705666880
0,0.5576132535934448,1766705667608
0,0.33718764781951904,1766705668389
0,0.5892062783241272,1766705669569
0,0.29327332973480225,1766705670189
0,0.4571622312068939,1766705671097
0,0.5841798782348633,1766705672280
0,0.3259471356868744,1766705672966
0,0.26618337631225586,1766705673770
0,0.4612877070903778,1766705675041
0,0.27483904361724854,1766705675819
0,0.46324408054351807,1766705676938
0,0.33763086795806885,1766705678108
0,0.2442946583032608,1766705678901
0,0.47337716817855835,1766705680126
0,0.3960884213447571,1766705681055
0,0.3566594123840332,1766705681928
0,0.4076208174228668,1766705683242
0,0.3435354232788086,1766705684069
0,0.6087477803230286,1766705685014
0,0.2784837782382965,1766705686237
0,0.22607958316802979,1766705687027
0,0.375003457069397,1766705688277
0,0.37889227271080017,1766705689310
0,0.4969026744365692,1766705690112
0,0.39368146657943726,1766705691481
0,0.21414649486541748,1766705692253
0,0.15687432885169983,1766705693173
0,0.7189490795135498,1766705694459
0,0.2090601772069931,1766705695266
0,0.5813946723937988,1766705696377
0,0.330987811088562,1766705697521
0,0.5262669920921326,1766705698302
0,0.21337661147117615,1766705699549
0,0.37708890438079834,1766705700395
0,0.5960875749588013,1766705701192
0,0.47355756163597107,1766705702582
0,0.563897967338562,1766705703427
0,0.2482278048992157,1766705704273
0,0.5396606922149658,1766705705671
0,0.10147702693939209,1766705706444
0,0.2437373846769333,1766705707603
0,0.33501026034355164,1766705708607
0,0.5248960852622986,1766705709410
0,0.36822274327278137,1766705710727
0,0.47296756505966187,1766705711569
0,0.4477863609790802,1766705712470
0,0.5649706125259399,1766705713756
0,0.2581843435764313,1766705714575
0,0.4261067509651184,1766705715501
0,0.32663875818252563,1766705716712
0,0.3113705515861511,1766705717531
0,0.37888070940971375,1766705718678
0,0.2688901424407959,1766705719730
0,0.6770116090774536,1766705720547
0,0.4183443486690521,1766705721852
0,0.27870845794677734,1766705722773
0,0.37502995133399963,1766705723685
0,0.36950260400772095,1766705724865
0,0.44789940118789673,1766705725623
0,0.11039523780345917,1766705726651
0,0.32156074047088623,1766705727701
0,0.5499176979064941,1766705728536
0,0.3496350944042206,1766705729927
0,0.5792328715324402,1766705730822
0,0.4785779118537903,1766705731698
0,0.18173865973949432,1766705733173
0,0.33395645022392273,1766705733990
0,0.4605732262134552,1766705734966
0,0.21318084001541138,1766705736186
0,0.602218508720398,1766705736927
0,0.2649596035480499,1766705738066
0,0.4535202980041504,1766705739151
0,0.5800380110740662,1766705739946
0,0.49689197540283203,1766705741292
0,0.3799762725830078,1766705742114
0,0.15650629997253418,1766705743109
0,0.24671415984630585,1766705744446
0,0.3550092875957489,1766705745240
0,0.1841028928756714,1766705746482
0,0.3288726210594177,1766705747547
0,0.28758740425109863,1766705748417
0,0.8399146795272827,1766705749702
0,0.4002716541290283,1766705750459
0,0.42569079995155334,1766705751426
0,0.39030516147613525,1766705752659
0,0.38243135809898376,1766705753471
0,0.34711822867393494,1766705754669
0,0.5423503518104553,1766705755701
0,0.8753206729888916,1766705756490
0,0.6332939863204956,1766705757870
0,0.24393489956855774,1766705758650
0,0.27903124690055847,1766705759576
0,0.3358464241027832,1766705760839
0,0.34165051579475403,1766705761627
0,0.474030077457428,1766705762618
0,0.24800607562065125,1766705763836
0,0.43754202127456665,1766705764625
1,0.5565605163574219,1766705765769
1,0.27273181080818176,1766705766830
1,0.3645106554031372,1766705767608
1,0.4838830828666687,1766705769041
1,0.21858090162277222,1766705769855
1,0.3243509531021118,1766705770857
1,0.46525871753692627,1766705772049
1,0.7347164154052734,1766705772845
1,0.1723320186138153,1766705774085
1,0.1680334061384201,1766705775094
1,0.2547636032104492,1766705775934
1,0.30444613099098206,1766705777359
1,0.5542082786560059,1766705778202
1,0.26170793175697327,1766705779269
1,0.5158509016036987,1766705780409
1,0.34492504596710205,1766705781254
1,0.36173632740974426,1766705782598
1,0.32708823680877686,1766705783495
1,0.17673249542713165,1766705784432
1,0.506549596786499,1766705785760
1,0.6379445791244507,1766705786597
1,0.339419960975647,1766705787780
1,0.6076192855834961,1766705788802
1,0.2670930027961731,1766705789709
1,0.8163285255432129,1766705790950
1,0.6087605953216553,1766705791812
1,0.3823532462120056,1766705792816
1,0.6002367734909058,1766705794082
1,0.41240590810775757,1766705794916
1,0.395244300365448,1766705796101
1,0.4912225306034088,1766705797135
1,0.5873725414276123,1766705798037
1,0.39336323738098145,1766705799286
1,0.3625597357749939,1766705800101
1,0.201338529586792,1766705801231
1,0.2791648507118225,1766705802322
1,0.32380396127700806,1766705803234
1,0.44786766171455383,1766705804425
1,0.29856979846954346,1766705805280
1,0.38734230399131775,1766705806285
1,0.38122621178627014,1766705807559
1,0.3182830810546875,1766705808454
1,0.755352795124054,1766705809628
1,0.20762605965137482,1766705810595
1,0.20199915766716003,1766705811646
1,0.2648715376853943,1766705812754
1,0.26957976818084717,1766705813680
1,0.1713849902153015,1766705814956
1,0.2199893742799759,1766705815997
1,0.6607087850570679,1766705817026
1,0.5632084012031555,1766705818119
1,0.23245497047901154,1766705819043
1,0.3413933217525482,1766705820243
1,0.17655107378959656,1766705821178
1,0.29604572057724,1766705822183
1,0.32946306467056274,1766705823254
1,0.16924336552619934,1766705824307
1,0.38751858472824097,1766705825299
1,0.4021424651145935,1766705826366
1,0.41064637899398804,1766705827338
1,0.555094838142395,1766705828400
1,0.2828541100025177,1766705829387
1,0.4562845230102539,1766705830579
1,0.2860810160636902,1766705831595
1,0.47661834955215454,1766705832645
1,0.411856472492218,1766705833748
1,0.4046759605407715,1766705834663
1,0.40382206439971924,1766705835821
1,0.20307548344135284,1766705836878
1,0.30586564540863037,1766705838082
1,0.325903058052063,1766705839094
1,0.31340545415878296,1766705840187
1,0.30285096168518066,1766705841306
1,0.4630674123764038,1766705842402
1,0.40459176898002625,1766705843649
1,0.45409712195396423,1766705844664
1,0.5388107299804688,1766705845793
1,0.4837859570980072,1766705846757
1,0.3616253733634949,1766705847821
1,0.3390361964702606,1766705848959
1,0.5253557562828064,1766705849869
1,0.5545761585235596,1766705851099
1,0.4206148684024811,1766705852116
1,0.21522682905197144,1766705853154
1,0.3355686068534851,1766705854298
1,0.251941978931427,1766705855231
1,0.42492252588272095,1766705856383
1,0.395207017660141,1766705857385
1,0.4224127531051636,1766705858348
1,0.19625401496887207,1766705859551
1,0.5301496982574463,1766705860530
1,0.5132644176483154,1766705861531
1,0.7755265235900879,1766705862593
1,0.2822325825691223,1766705863550
1,0.3947336673736572,1766705864863
1,0.18371662497520447,1766705865741
1,0.25030773878097534,1766705866753
1,0.383151113986969,1766705867906
1,0.2583473026752472,1766705868913
1,0.3459184467792511,1766705870102
1,0.27441346645355225,1766705871022
1,0.3626280128955841,1766705872153
1,0.43765291571617126,1766705873297
1,0.35642844438552856,1766705874302
1,0.33494558930397034,1766705875480
1,0.5107460618019104,1766705876418
1,0.6001080274581909,1766705877543
1,0.22241918742656708,1766705878602
1,0.3039718270301819,1766705879497
1,0.20936188101768494,1766705880654
1,0.4371832609176636,1766705881565
1,0.23984447121620178,1766705882714
1,0.2454821914434433,1766705883814
1,0.3586549162864685,1766705884602
1,0.16585321724414825,1766705885852
1,0.5282688140869141,1766705886757
1,0.5416779518127441,1766705887721
1,0.43487513065338135,1766705889017
1,0.294323205947876,1766705889866
1,0.21265141665935516,1766705890954
1,0.409890353679657,1766705891953
1,0.5164892077445984,1766705892741
1,0.350166380405426,1766705893966
1,0.29223963618278503,1766705894962
1,0.41802501678466797,1766705895930
1,0.19264096021652222,1766705897213
1,0.3349047899246216,1766705897973
1,0.5192760825157166,1766705899002
1,0.4743654727935791,1766705900070
1,0.40080925822257996,1766705900935
1,0.512137770652771,1766705902165
1,0.31728947162628174,1766705903074
1,0.29549843072891235,1766705904068
1,0.3911348581314087,1766705905387
1,0.31382352113723755,1766705906177
1,0.46928325295448303,1766705907306
1,0.4167630672454834,1766705908241
1,0.39503592252731323,1766705909192
1,0.3045835793018341,1766705910424
1,0.311759889125824,1766705911263
1,0.3769964575767517,1766705912235
1,0.20044885575771332,1766705913402
1,0.41552734375,1766705914218
1,0.28011301159858704,1766705915452
1,0.26386094093322754,1766705916367
1,0.5202668905258179,1766705917485
1,0.24948565661907196,1766705918757
1,0.2891816198825836,1766705919646
1,0.32424330711364746,1766705920913
1,0.22321590781211853,1766705921740
1,0.3739711344242096,1766705922721
1,0.5062699317932129,1766705924030
1,0.4424870014190674,1766705924880
1,0.3350551724433899,1766705926123
1,0.36347949504852295,1766705927076
1,0.10654035210609436,1766705928018
1,0.3316923975944519,1766705929268
1,0.4982478618621826,1766705930095
1,0.19640028476715088,1766705931159
1,0.35185420513153076,1766705932278
1,0.458146870136261,1766705933087
1,0.6724692583084106,1766705934413
1,0.4573003351688385,1766705935355
1,0.20454517006874084,1766705936433
1,0.19595837593078613,1766705937625
1,0.5145934820175171,1766705938474
1,0.23536986112594604,1766705939566
1,0.1399896740913391,1766705940482
1,0.676275908946991,1766705941293
1,0.48757266998291016,1766705942509
1,0.6193592548370361,1766705943318
1,0.4534028172492981,1766705944281
1,0.5752961039543152,1766705945441
1,0.4972738027572632,1766705946237
1,0.7277753353118896,1766705947394
1,0.3083178997039795,1766705948400
1,0.4004662036895752,1766705949256
1,0.4282682538032532,1766705950488
1,0.19902317225933075,1766705951375
1,0.46896472573280334,1766705952374
1,0.4499480426311493,1766705953474
1,0.5852187871932983,1766705954379
1,0.4470580518245697,1766705955501
1,0.3337109386920929,1766705956467
1,0.4807632565498352,1766705957526
1,0.46244803071022034,1766705958718
1,0.2010149210691452,1766705959729
1,0.3172394335269928,1766705960913
1,0.4103655517101288,1766705961830
1,0.25201451778411865,1766705962808
1,0.4858749806880951,1766705964021
1,0.2468017339706421,1766705964867
1,0.2531942129135132,1766705966021
1,0.20883920788764954,1766705967029
1,0.425762802362442,1766705967914
1,0.43690159916877747,1766705969158
1,0.6888697147369385,1766705970092
1,0.45113980770111084,1766705971219
1,0.3265087306499481,1766705972319
1,0.21433213353157043,1766705973326
1,0.4196065068244934,1766705974494
1,0.3949907720088959,1766705975410
1,0.19757112860679626,1766705976485
1,0.38254058361053467,1766705977639
1,0.26817256212234497,1766705978661
1,0.6101115942001343,1766705979878
1,0.3462928533554077,1766705980815
1,0.2511228621006012,1766705981870
1,0.2080514281988144,1766705982938
1,0.6566771268844604,1766705983910
1,0.34628826379776,1766705985030
1,0.2349238395690918,1766705986032
1,0.4086248576641083,1766705986994
1,0.669052243232727,1766705988190
1,0.510863184928894,1766705989209
1,0.30979129672050476,1766705990302
1,0.34267351031303406,1766705991347
1,0.19484496116638184,1766705992290
1,0.2966465353965759,1766705993485
1,0.4759589433670044,1766705994367
1,0.3112308084964752,1766705995434
1,0.21139328181743622,1766705996522
1,0.303812175989151,1766705997428
1,0.30733978748321533,1766705998641
1,0.37385618686676025,1766705999622
1,0.17942242324352264,1766706000590
1,0.2997456192970276,1766706001815
1,0.3456728756427765,1766706002846
1,0.4280470013618469,1766706003896
1,0.24784621596336365,1766706004869
1,0.4019649922847748,1766706005870
1,0.3892492651939392,1766706007158
1,0.2379550188779831,1766706008052
1,0.5015549063682556,1766706009042
1,0.3168097138404846,1766706010126
1,0.44071775674819946,1766706011125
1,0.2871781587600708,1766706012208
1,0.20445072650909424,1766706013118
1,0.31646084785461426,1766706014145
1,0.6003814339637756,1766706015259
1,0.46164870262145996,1766706016151
1,0.7128304243087769,1766706017291
1,0.5653039813041687,1766706018289
1,0.4690396785736084,1766706019197
1,0.48679423332214355,1766706020452
1,0.34335362911224365,1766706021371
1,0.4500041604042053,1766706022483
1,0.42342430353164673,1766706023490
1,0.15460707247257233,1766706024323
1,0.61278235912323,1766706025607
1,0.40790343284606934,1766706026579
1,0.27931106090545654,1766706027525
1,0.1652558445930481,1766706028712
1,0.26585185527801514,1766706029539
1,0.40739166736602783,1766706030660
1,0.4917980432510376,1766706031784
1,0.40927883982658386,1766706032567
1,0.42698919773101807,1766706033817
1,0.298035204410553,1766706034701
1,0.9549561738967896,1766706035561
1,0.21454909443855286,1766706036879
1,0.6668981313705444,1766706037662
1,0.3516812324523926,1766706038730
1,0.41432374715805054,1766706039898
1,0.37295740842819214,1766706040684
1,0.22053712606430054,1766706041982
1,0.36739566922187805,1766706042927
1,0.428957998752594,1766706043839
1,0.5316630601882935,1766706045195
1,0.2369784414768219,1766706046016
1,0.39442387223243713,1766706047157
1,0.1378963589668274,1766706048248
1,0.39330625534057617,1766706049146
1,0.2839418053627014,1766706050441
1,0.39125871658325195,1766706051227
1,0.4600951075553894,1766706052332
1,0.44906526803970337,1766706053554
1,0.3534947633743286,1766706054387
1,0.4113246202468872,1766706055631
1,0.3684059977531433,1766706056558
1,0.3385939598083496,1766706057511
1,0.23049715161323547,1766706058727
1,0.34477919340133667,1766706059575
1,0.29915618896484375,1766706060624
1,0.5664957165718079,1766706061683
1,0.5275204181671143,1766706062560
1,0.4577692449092865,1766706063759
1,0.40548840165138245,1766706064701
1,0.3469195067882538,1766706065556
1,0.48552706837654114,1766706066766
1,0.6418049335479736,1766706067636
1,0.14351162314414978,1766706068659
1,0.30669963359832764,1766706069755
1,0.2237652987241745,1766706070604
1,0.41332656145095825,1766706071804
1,0.4054398834705353,1766706072743
1,0.29225650429725647,1766706073639
1,0.4520952105522156,1766706074901
1,0.5325486660003662,1766706075747
1,0.26569661498069763,1766706076733
1,0.4095192849636078,1766706077824
1,0.23170366883277893,1766706078687
1,0.24169921875,1766706079838
1,0.2372552454471588,1766706080851
1,0.6320815086364746,1766706081701
1,0.22528541088104248,1766706082916
1,0.29867684841156006,1766706083788
1,0.2372111678123474,1766706084831
1,0.3487696349620819,1766706085945
1,0.7046970725059509,1766706086789
1,0.38664183020591736,1766706087952
1,0.2645632326602936,1766706088881
1,0.42605558037757874,1766706089764
1,0.29118722677230835,1766706091070
1,0.283830463886261,1766706091948
1,0.33273500204086304,1766706092937
1,0.25082290172576904,1766706094045
1,0.24799342453479767,1766706094869
1,0.4109339714050293,1766706095962
1,0.11746743321418762,1766706096927
1,0.3159850239753723,1766706097781
1,0.280053973197937,1766706098938
1,0.3628236949443817,1766706099774
1,0.4340398907661438,1766706100769
1,0.6195086240768433,1766706101905
1,0.36588385701179504,1766706102736
1,0.15667298436164856,1766706103816
1,0.34779295325279236,1766706104895
1,0.2533735930919647,1766706105748
1,0.18424448370933533,1766706106946
1,0.31612247228622437,1766706107882
1,0.09376852959394455,1766706108824
1,0.2132258266210556,1766706110014
1,0.4349669814109802,1766706110823
1,0.1117386519908905,1766706111987
1,0.4601036310195923,1766706112967
1,0.24572189152240753,1766706113919
1,0.21620213985443115,1766706115189
1,0.11931797862052917,1766706116040
1,0.2126537263393402,1766706117124
1,0.20074717700481415,1766706118202
1,0.26835912466049194,1766706119135
1,0.17297449707984924,1766706120428
1,0.20976825058460236,1766706121326
1,0.1539924591779709,1766706122325
1,0.22722941637039185,1766706123494
1,0.32344645261764526,1766706124269
1,0.3028098940849304,1766706125533
1,0.23954074084758759,1766706126458
1,0.4356176257133484,1766706127415
1,0.2724124789237976,1766706128643
1,0.5855481624603271,1766706129526
1,0.329670250415802,1766706130519
1,0.3216027021408081,1766706131525
1,0.061867088079452515,1766706132387
1,0.3931775391101837,1766706133607
1,0.27240991592407227,1766706134558
1,0.26931852102279663,1766706135475
1,0.5288504958152771,1766706136651
1,0.3485357165336609,1766706137525
1,0.321709543466568,1766706138572
1,0.3415411114692688,1766706139640
1,0.234560027718544,1766706140494
1,0.1633046567440033,1766706141736
1,0.49738794565200806,1766706142609
1,0.18603484332561493,1766706143537
1,0.15961776673793793,1766706144662
1,0.41226598620414734,1766706145475
1,0.5677112340927124,1766706146544
1,0.24815618991851807,1766706147592
1,0.15281718969345093,1766706148424
1,0.2950671911239624,1766706149601
1,0.23444759845733643,1766706150512
1,0.23722432553768158,1766706151422
1,0.1664223074913025,1766706152609
1,0.3248635530471802,1766706153463
1,0.2831246256828308,1766706154487
1,0.33023399114608765,1766706155544
1,0.290336549282074,1766706156460
1,0.14470624923706055,1766706157617
1,0.35649216175079346,1766706158529
1,0.17853045463562012,1766706159507
1,0.483698308467865,1766706160701
1,0.34889549016952515,1766706161566
1,0.3471464216709137,1766706162825
1,0.2840064764022827,1766706163708
1,0.3383030295372009,1766706164572
1,0.3146868646144867,1766706165876
1,0.24745726585388184,1766706166745
1,0.24321919679641724,1766706167855
1,0.2866969108581543,1766706168940
1,0.4762278199195862,1766706169713
1,0.25630638003349304,1766706170921
1,0.24636425077915192,1766706171840
1,0.23393581807613373,1766706172726
1,0.2081030011177063,1766706173853
1,0.24813488125801086,1766706174667
1,0.3513311743736267,1766706175661
1,0.15616127848625183,1766706176839
1,0.1697242259979248,1766706177748
1,0.25373297929763794,1766706178935
1,0.1645376980304718,1766706179822
1,0.13814786076545715,1766706180742
1,0.32828402519226074,1766706181885
1,0.34190139174461365,1766706182713
1,0.5447532534599304,1766706183780
1,0.2535608410835266,1766706184810
1,0.46365731954574585,1766706185653
1,0.37163904309272766,1766706186812
1,0.19109010696411133,1766706187665
1,0.2028721272945404,1766706188621
1,0.5375455617904663,1766706189819
1,0.35299891233444214,1766706190613
1,0.24671132862567902,1766706191712
1,0.31748002767562866,1766706192746
1,0.41992825269699097,1766706193537
1,0.216914102435112,1766706194694
1,0.26487308740615845,1766706195599
1,0.20676392316818237,1766706196452
1,0.400421142578125,1766706197702
1,0.5859367251396179,1766706198558
1,0.5707058906555176,1766706199582
1,0.45517468452453613,1766706200702
1,0.34721237421035767,1766706201574
1,0.3530788719654083,1766706202689
1,0.44025835394859314,1766706203638
1,0.3908800482749939,1766706204542
1,0.4899475574493408,1766706205699
1,1.0594815015792847,1766706206455
1,0.5022635459899902,1766706207485
1,0.22242531180381775,1766706208501
1,0.24514175951480865,1766706209370
1,0.33781397342681885,1766706210544
1,0.2428354173898697,1766706211481
1,0.27016282081604004,1766706212460
1,0.17394214868545532,1766706213664
1,0.4220772385597229,1766706214526
1,0.5462188720703125,1766706215770
1,0.7210294008255005,1766706216769
1,0.23941685259342194,1766706217699
1,0.15548713505268097,1766706218870
1,0.4033387303352356,1766706219706
1,0.29402661323547363,1766706220685
1,0.38898026943206787,1766706221652
1,0.3202882707118988,1766706222582
1,0.30179160833358765,1766706223738
1,0.2760107219219208,1766706224618
1,0.5375682711601257,1766706225461
1,0.48275887966156006,1766706226573
1,0.45718204975128174,1766706227326
1,0.38505303859710693,1766706228401
1,0.39218491315841675,1766706229538
1,0.42862385511398315,1766706230389
1,0.4244045317173004,1766706231345
1,0.2984347343444824,1766706232275
1,0.41488906741142273,1766706233257
1,0.10472002625465393,1766706234329
1,0.41344335675239563,1766706235232
1,0.4155305027961731,1766706236262
1,0.3006312847137451,1766706237382
1,0.5452251434326172,1766706238214
1,0.5617178678512573,1766706239369
1,0.46700167655944824,1766706240291
1,0.6173942685127258,1766706241265
1,0.2396736443042755,1766706242435
1,0.47899913787841797,1766706243287
1,0.4940975308418274,1766706244435
1,0.4129672050476074,1766706245445
1,0.3774500787258148,1766706246335
1,0.3958035409450531,1766706247636
1,0.2537713050842285,1766706248559
1,0.3907737731933594,1766706249457
1,0.35432881116867065,1766706250632
1,0.3395998775959015,1766706251550
1,0.2628296911716461,1766706252747
1,0.258608341217041,1766706253708
1,0.2883455455303192,1766706254647
1,0.39091020822525024,1766706255870
1,0.2648303508758545,1766706256696
1,0.17982688546180725,1766706257767
1,0.3439220190048218,1766706258923
1,0.41035252809524536,1766706259878
1,0.5903069972991943,1766706261015
1,0.836686372756958,1766706261937
1,0.24079129099845886,1766706262852
1,0.24136650562286377,1766706264116
1,0.21765242516994476,1766706265011
1,0.3632901906967163,1766706266198
1,0.4054223299026489,1766706267174
1,0.24208608269691467,1766706268132
1,0.4478188157081604,1766706269377
1,0.19792473316192627,1766706270274
1,0.22706373035907745,1766706271342
1,0.28595149517059326,1766706272436
1,0.5539606809616089,1766706273281
1,0.3264680504798889,1766706274477
1,0.4509285092353821,1766706275316
1,0.3125932216644287,1766706276200
1,0.1829979419708252,1766706277528
1,0.36880242824554443,1766706278394
1,0.42579185962677,1766706279351
1,0.40992313623428345,1766706280410
1,0.23457109928131104,1766706281232
1,0.3147628903388977,1766706282465
1,0.39310887455940247,1766706283433
1,0.2800588607788086,1766706284365
1,0.4492233097553253,1766706285559
1,0.22442838549613953,1766706286421
1,0.2458077371120453,1766706287474
1,0.1838735193014145,1766706288509
1,0.3375353217124939,1766706289382
1,0.28312259912490845,1766706290548
1,0.36785537004470825,1766706291486
1,0.33745497465133667,1766706292346
1,0.31869572401046753,1766706293489
1,0.21463048458099365,1766706294281
1,0.24504885077476501,1766706295232
1,0.10226128995418549,1766706296317
1,0.28334981203079224,1766706297186
1,0.39825794100761414,1766706298347
1,0.29588282108306885,1766706299377
1,0.1355195939540863,1766706300282
1,0.5186177492141724,1766706301482
1,0.29436665773391724,1766706302431
1,0.4376630187034607,1766706303611
1,0.15519361197948456,1766706304660
1,0.2708750069141388,1766706305457
1,0.4200531244277954,1766706306637
1,0.13887833058834076,1766706307561
1,0.28907227516174316,1766706308467
1,0.19508036971092224,1766706309718
1,0.29503998160362244,1766706310565
1,0.18078644573688507,1766706311629
1,0.4307395815849304,1766706312648
1,0.31918010115623474,1766706313571
1,0.26855868101119995,1766706314781
1,0.25854840874671936,1766706315648
1,0.22462038695812225,1766706316566
1,0.22260114550590515,1766706317757
1,0.642411470413208,1766706318603
1,0.23812730610370636,1766706319655
1,0.1470445990562439,1766706320666
1,0.09435438364744186,1766706321571
1,0.0811157375574112,1766706322886
1,0.3217678368091583,1766706323725
1,0.4143114387989044,1766706324715
1,0.5781097412109375,1766706325750
1,0.3711671829223633,1766706326425
1,0.24200274050235748,1766706327485
1,0.34601134061813354,1766706328393
1,0.3010048568248749,1766706329201
1,0.08335511386394501,1766706330138
1,0.15514200925827026,1766706331290
1,0.17697912454605103,1766706332191
1,0.20113438367843628,1766706333228
1,0.19548094272613525,1766706334070
1,0.3860495686531067,1766706335049
1,0.28988388180732727,1766706336202
1,0.4228721261024475,1766706337250
1,0.2920812964439392,1766706338284
1,0.2865087389945984,1766706339423
1,0.427487313747406,1766706340518
1,0.36835145950317383,1766706341669
1,0.3104564845561981,1766706342739
1,0.47801488637924194,1766706343824
1,0.46533113718032837,1766706344950
1,0.24236656725406647,1766706345945
1,0.3182682991027832,1766706347135
1,0.5520477294921875,1766706348302
1,0.2660771310329437,1766706349435
1,0.44088324904441833,1766706350534
1,0.36406823992729187,1766706351529
1,0.3295413851737976,1766706352674
1,0.43237441778182983,1766706353650
1,0.16613610088825226,1766706354847
1,0.4956720471382141,1766706355880
1,0.27540290355682373,1766706356905
1,0.17857101559638977,1766706358113
1,0.27618667483329773,1766706359070
1,0.30192047357559204,1766706360387
1,0.40976256132125854,1766706361382
1,0.38567808270454407,1766706362474
1,0.20425266027450562,1766706363678
1,0.3491774797439575,1766706364645
1,0.5694452524185181,1766706365878
1,0.46556633710861206,1766706366821
1,0.41324537992477417,1766706368004
1,0.2655242383480072,1766706369111
1,0.291587233543396,1766706370067
1,0.24814289808273315,1766706371358
1,0.39148572087287903,1766706372310
1,0.6291214227676392,1766706373610
1,0.6883251667022705,1766706374684
1,0.385532408952713,1766706375725
1,0.19277256727218628,1766706376984
1,0.46820303797721863,1766706377884
1,0.35920751094818115,1766706379105
1,0.46315956115722656,1766706380124
1,0.3890456557273865,1766706381105
1,0.6673063039779663,1766706382382
1,0.19307047128677368,1766706383372
1,0.2656550407409668,1766706384556
1,0.4795921742916107,1766706385632
1,0.5960034728050232,1766706386647
1,0.29597949981689453,1766706387871
1,0.32843565940856934,1766706388859
1,0.402448832988739,1766706390141
1,0.5779535174369812,1766706391079
1,0.1776776760816574,1766706392286
1,0.5336703062057495,1766706393403
1,0.2510184645652771,1766706394397
1,0.27883732318878174,1766706395650
1,0.4024260342121124,1766706396494
1,0.37674805521965027,1766706397647
1,0.23871982097625732,1766706398784
1,0.35362479090690613,1766706399785
1,0.33163976669311523,1766706401040
1,0.44444096088409424,1766706402069
1,0.21706271171569824,1766706403147
1,0.5399904847145081,1766706404170
1,0.29343026876449585,1766706405121
1,0.2606271207332611,1766706406292
1,0.3008500933647156,1766706407228
1,0.32249417901039124,1766706408550
1,0.3769930601119995,1766706409560
1,0.24403506517410278,1766706410650
1,0.24172453582286835,1766706411756
1,0.11449721455574036,1766706412724
1,0.17015360295772552,1766706413999
1,0.19002565741539001,1766706415008
1,0.13656501471996307,1766706416247
1,0.25048813223838806,1766706417326
1,0.3199288249015808,1766706418332
1,0.10007333010435104,1766706419544
1,0.08406053483486176,1766706420496
1,0.31421971321105957,1766706421742
1,0.2541823089122772,1766706422718
1,0.23212233185768127,1766706423790
1,0.32061344385147095,1766706425011
1,0.4201033115386963,1766706425943
1,0.36757710576057434,1766706427110
1,0.5518165826797485,1766706428043
1,0.4526076316833496,1766706429098
1,0.27235937118530273,1766706430299
1,0.16229280829429626,1766706431221
1,0.31687289476394653,1766706432438
1,0.3222457468509674,1766706433377
1,0.48933935165405273,1766706434433
1,0.13077449798583984,1766706435719
1,0.3585048019886017,1766706436638
1,0.18340182304382324,1766706437861
1,0.2869441509246826,1766706438833
1,0.34950146079063416,1766706439838
1,0.12970715761184692,1766706440998
1,0.2554827928543091,1766706441867
1,0.4401034712791443,1766706443119
1,0.1649560034275055,1766706444169
1,0.3262976109981537,1766706445143
1,0.1693873405456543,1766706446424
1,0.2907751202583313,1766706447349
1,0.4489455223083496,1766706448573
1,0.30663222074508667,1766706449535
1,0.19084566831588745,1766706450593
1,0.15480272471904755,1766706451820
1,0.15503162145614624,1766706452773
1,0.3122483193874359,1766706454018
1,0.1341412514448166,1766706454979
1,0.3006604313850403,1766706456008
1,0.4115947186946869,1766706457274
1,0.2157086879014969,1766706458216
1,0.38920727372169495,1766706459569
1,0.2505672574043274,1766706460500
1,0.536117672920227,1766706461512
1,0.2206021249294281,1766706462730
1,0.4566308856010437,1766706463685
1,0.5414955615997314,1766706464983
1,0.22020292282104492,1766706465896
1,0.5542755722999573,1766706466936
1,0.1884835660457611,1766706468237
1,0.28312844038009644,1766706469167
1,0.23201796412467957,1766706470440
1,0.4684593677520752,1766706471426
1,0.5151450037956238,1766706472530
1,0.30418527126312256,1766706473754
1,0.3302445709705353,1766706474785
1,0.2473861575126648,1766706476131
1,0.3658917546272278,1766706477067
1,0.1515364795923233,1766706478191
1,0.2129335105419159,1766706479352
1,0.4488823413848877,1766706480300
1,0.4289279580116272,1766706481618
1,0.6748917102813721,1766706482503
1,0.34115511178970337,1766706483752
1,0.37993091344833374,1766706484802
1,0.15313082933425903,1766706485877
1,0.2360125184059143,1766706487198
1,0.22471284866333008,1766706488175
1,0.5361855030059814,1766706489456
1,0.28711825609207153,1766706490453
1,0.3837851285934448,1766706491566
1,0.32858067750930786,1766706492729
1,0.1694076508283615,1766706493664
1,0.387041836977005,1766706494997
1,0.2832905650138855,1766706495908
1,0.40236517786979675,1766706496973
1,0.2258569300174713,1766706498182
1,0.562131941318512,1766706499172
1,0.311953604221344,1766706500470
1,0.1844002902507782,1766706501365
1,0.1301354020833969,1766706502428
1,0.36578169465065,1766706503617
1,0.37082958221435547,1766706504437
1,0.5954352021217346,1766706505786
1,0.4119202494621277,1766706506689
1,0.09318007528781891,1766706507553
1,0.37776342034339905,1766706508809
1,0.345087468624115,1766706509730
1,0.2766062617301941,1766706510732
1,0.10580146312713623,1766706511862
1,0.12511184811592102,1766706512804
1,0.3762251138687134,1766706514032
1,0.3860926032066345,1766706514910
1,0.29903629422187805,1766706515911
1,0.16224578022956848,1766706517183
1,0.33725953102111816,1766706518111
1,0.3481252193450928,1766706519352
1,0.3324710726737976,1766706520336
1,0.2801544666290283,1766706521312
1,0.38303136825561523,1766706522573
1,0.39149904251098633,1766706523421
1,0.44485244154930115,1766706524649
1,0.4302884638309479,1766706525685
1,0.33250147104263306,1766706526653
1,0.43308550119400024,1766706527964
1,0.26084405183792114,1766706528869
1,0.23895499110221863,1766706530092
1,0.2809230089187622,1766706531199
1,0.20350702106952667,1766706532185
1,0.2683162987232208,1766706533466
1,0.6132379174232483,1766706534322
1,0.28634482622146606,1766706535393
1,0.3347908556461334,1766706536558
1,0.2766928970813751,1766706537480
1,0.17428058385849,1766706538737
1,0.44321563839912415,1766706539673
1,0.2810356318950653,1766706540779
1,0.33831557631492615,1766706541921
1,0.5265538692474365,1766706542837
1,0.21760332584381104,1766706544109
1,0.17534346878528595,1766706545041
1,0.3018796145915985,1766706546071
1,0.24282193183898926,1766706547243
1,0.4152415990829468,1766706548148
1,0.42567580938339233,1766706549417
1,0.23083695769309998,1766706550370
1,0.17069777846336365,1766706551329
1,0.27046218514442444,1766706552657
1,0.26613807678222656,1766706553529
1,0.3198176622390747,1766706554775
1,0.49036431312561035,1766706555810
1,0.14025220274925232,1766706556786
1,0.23864561319351196,1766706558006
1,0.39157408475875854,1766706558952
1,0.483611524105072,1766706560234
1,0.1428162157535553,1766706561157
1,0.15397250652313232,1766706562201
1,0.2256268709897995,1766706563412
1,0.3394097089767456,1766706564332
1,0.19777491688728333,1766706565534
1,0.09793636202812195,1766706566539
1,0.274526983499527,1766706567519
1,0.1077004224061966,1766706568848
1,0.23370057344436646,1766706569718
1,0.2100946307182312,1766706570862
1,0.40994128584861755,1766706571932
1,0.22337038815021515,1766706572858
1,0.41506215929985046,1766706574160
1,0.28894147276878357,1766706575112
1,0.1519593596458435,1766706576236
1,0.4580090641975403,1766706577287
1,0.2680971026420593,1766706578194
1,0.4534900188446045,1766706579526
1,0.2650444507598877,1766706580468
1,0.9061866402626038,1766706581643
1,0.06354972720146179,1766706582820
1,0.5423098802566528,1766706583742
1,0.24039864540100098,1766706585048
1,0.14344239234924316,1766706585948
1,0.17788100242614746,1766706587002
1,0.3956838548183441,1766706588210
1,0.25840675830841064,1766706589122
1,0.2632949650287628,1766706590362
1,0.34667980670928955,1766706591270
1,0.4821692705154419,1766706592283
1,0.881727933883667,1766706593482
1,0.3546871542930603,1766706594315
1,0.01952172815799713,1766706595556
1,0.333068311214447,1766706596652
1,0.2621471881866455,1766706597570
1,0.418687641620636,1766706598794
1,0.2550191283226013,1766706599676
1,0.4337000548839569,1766706600806
1,0.7936835289001465,1766706601999
1,0.337641179561615,1766706603014
1,0.3053409159183502,1766706604453
1,0.23501381278038025,1766706605345
1,0.3426605761051178,1766706606466
1,0.32034388184547424,1766706607634
1,0.5228285789489746,1766706608523
1,0.44037649035453796,1766706609818
1,0.17163148522377014,1766706610662
1,0.22819750010967255,1766706611715
1,0.4125513434410095,1766706612937
1,0.3380827307701111,1766706613885
1,0.2737314999103546,1766706615214
1,0.35408496856689453,1766706616186
1,0.15318916738033295,1766706617166
1,0.26466506719589233,1766706618531
1,0.19915416836738586,1766706619457
1,0.23945075273513794,1766706620701
1,0.11129751801490784,1766706621707
1,0.5154811143875122,1766706622613
1,0.34296879172325134,1766706623965
1,0.27644476294517517,1766706624862
1,0.3347136378288269,1766706626075
1,0.553522527217865,1766706627109
1,0.3530072867870331,1766706628046
1,0.30041465163230896,1766706629337
1,0.08612607419490814,1766706630273
1,0.237562358379364,1766706631443
1,0.3862141966819763,1766706632550
1,0.37198418378829956,1766706633462
1,0.4021604061126709,1766706634649
1,0.3712301254272461,1766706635596
1,0.22274459898471832,1766706636633
1,0.10874418169260025,1766706637845
1,0.4917986989021301,1766706638748
1,0.5032886266708374,1766706640009
1,0.16717153787612915,1766706641030
1,0.16232329607009888,1766706641973
1,0.505679190158844,1766706643211
1,0.5089059472084045,1766706644087
1,0.10603584349155426,1766706645348
1,0.2033957839012146,1766706646370
1,0.3785310387611389,1766706647312
1,0.09653618931770325,1766706648593
1,0.29225045442581177,1766706649528
1,0.5103093385696411,1766706650738
1,0.23888275027275085,1766706651794
1,0.1312924474477768,1766706652760
1,0.38384443521499634,1766706654152
1,0.6212796568870544,1766706655114
1,0.15739032626152039,1766706656389
1,0.2710410952568054,1766706657424
1,0.5270434617996216,1766706658433
1,0.25134897232055664,1766706659661
1,0.16388627886772156,1766706660620
1,0.3435158133506775,1766706661907
1,0.1819753646850586,1766706662928
1,0.31817710399627686,1766706663963
1,0.3555387556552887,1766706665275
1,0.1920824497938156,1766706666267
1,0.11185725033283234,1766706667494
1,0.20966921746730804,1766706668419
1,0.2390553057193756,1766706669574
1,0.23994281888008118,1766706670727
1,0.6704698204994202,1766706671668
1,0.45568522810935974,1766706672932
1,0.20147666335105896,1766706673952
1,0.38168126344680786,1766706675046
1,0.6826930046081543,1766706676157
1,0.24617043137550354,1766706677188
1,0.4285849928855896,1766706678479
1,0.21955469250679016,1766706679387
1,0.29589784145355225,1766706680525
1,0.4919082820415497,1766706681607
1,0.20192784070968628,1766706682599
1,0.4584929347038269,1766706683884
1,0.22076177597045898,1766706684774
1,0.5357257127761841,1766706685963
1,0.47198814153671265,1766706687058
1,0.5277729630470276,1766706688026
1,0.6073957681655884,1766706689319
1,0.5526101589202881,1766706690222
1,0.37093493342399597,1766706691261
1,0.32092633843421936,1766706692308
1,0.1705676019191742,1766706693318
1,0.3129304051399231,1766706694532
1,0.28280651569366455,1766706695517
1,0.462956964969635,1766706696679
1,0.42923206090927124,1766706697787
1,0.3668402433395386,1766706698788
1,0.19868886470794678,1766706700081
1,0.38691526651382446,1766706701053
1,0.3112967014312744,1766706702228
1,0.29498976469039917,1766706703284
1,0.17480188608169556,1766706704230
1,0.6030790209770203,1766706705453
1,0.6560459733009338,1766706706434
1,0.16586291790008545,1766706707585
1,0.25592896342277527,1766706708674
1,0.38723519444465637,1766706709843
1,0.3530138432979584,1766706710930
1,0.5074889659881592,1766706711938
1,0.23702679574489594,1766706712987
1,0.2921185791492462,1766706714138
1,0.4641842842102051,1766706715192
1,0.3023754954338074,1766706716248
1,0.3182205557823181,1766706717363
1,0.33685728907585144,1766706718413
1,0.5635358691215515,1766706719630
1,0.3033196032047272,1766706720707
1,0.27508124709129333,1766706721817
1,0.2287805676460266,1766706722962
1,0.36908072233200073,1766706724028
1,0.3703894019126892,1766706725214
1,0.3543793559074402,1766706726166
1,0.3644895553588867,1766706727203
1,0.16273023188114166,1766706728313
1,0.42635518312454224,1766706729285
1,0.3470219671726227,1766706730362
1,0.2140166163444519,1766706731393
1,0.48734694719314575,1766706732374
1,0.16739533841609955,1766706733510
1,0.35453611612319946,1766706734402
1,0.30349791049957275,1766706735661
1,0.41947171092033386,1766706736647
1,0.29642561078071594,1766706737730
1,0.4050745368003845,1766706738965
1,0.24745935201644897,1766706739882
1,0.2525706887245178,1766706741141
1,0.5432512760162354,1766706742140
1,0.1954495906829834,1766706743255
1,0.2549177408218384,1766706744458
1,0.20455771684646606,1766706745362
1,0.17203806340694427,1766706746630
1,0.3301534652709961,1766706747603
1,0.38380736112594604,1766706748703
2,0.39960217475891113,1766706749828
2,0.15136945247650146,1766706750729
2,0.4793144762516022,1766706752076
2,0.39625057578086853,1766706753045
2,0.3205403685569763,1766706754166
2,0.4008842706680298,1766706755368
2,0.23696589469909668,1766706756309
2,0.2602066695690155,1766706757615
2,0.17478126287460327,1766706758620
2,0.24928218126296997,1766706759579
2,0.28210732340812683,1766706760869
2,0.21165212988853455,1766706761786
2,0.3426015079021454,1766706763054
2,0.23173315823078156,1766706764032
2,0.32121655344963074,1766706765068
2,0.1736404299736023,1766706766331
2,0.20661455392837524,1766706767158
2,0.10416967421770096,1766706768549
2,0.33294591307640076,1766706769546
2,0.2923768162727356,1766706770502
2,0.5253578424453735,1766706771743
2,0.22939364612102509,1766706772664
2,0.380687415599823,1766706773875
2,0.3282102346420288,1766706774973
2,0.24199509620666504,1766706775863
2,0.42112135887145996,1766706777127
2,0.6397632956504822,1766706778061
2,0.4629303812980652,1766706779057
2,0.21560952067375183,1766706780263
2,0.3797276020050049,1766706781197
2,0.11720133572816849,1766706782500
2,0.23687657713890076,1766706783511
2,0.1849071979522705,1766706784577
2,0.14800623059272766,1766706785787
2,0.28694844245910645,1766706786711
2,0.2397615611553192,1766706788008
2,0.30892032384872437,1766706788993
2,0.13422153890132904,1766706790117
2,0.2395268827676773,1766706791325
2,0.11825869977474213,1766706792194
2,0.16110049188137054,1766706793395
2,0.33792173862457275,1766706794414
2,0.8399169445037842,1766706795403
2,0.5171663761138916,1766706796743
2,0.3537673056125641,1766706797678
2,0.2026522308588028,1766706798969
2,0.3643299341201782,1766706800006
2,0.32712405920028687,1766706800926
2,0.45371755957603455,1766706802282
2,0.0849686712026596,1766706803173
2,0.3499104976654053,1766706804369
2,0.16545388102531433,1766706805461
2,0.395275741815567,1766706806491
2,0.2568177878856659,1766706807706
2,0.2677183747291565,1766706808666
2,0.43743520975112915,1766706809929
2,0.2849011719226837,1766706810962
2,0.3135907053947449,1766706811886
2,0.17224031686782837,1766706813031
2,0.28267186880111694,1766706813980
2,0.32091522216796875,1766706815275
2,0.33180952072143555,1766706816321
2,0.17307868599891663,1766706817306
2,0.2504212260246277,1766706818616
2,0.3190672695636749,1766706819520
2,0.4023728370666504,1766706820604
2,0.41451868414878845,1766706821704
2,0.36821651458740234,1766706822575
2,0.08387529850006104,1766706823883
2,0.24827082455158234,1766706824818
2,0.23715290427207947,1766706825933
2,0.14383773505687714,1766706827186
2,0.12625083327293396,1766706828136
2,0.26319757103919983,1766706829367
2,0.19261375069618225,1766706830338
2,0.2920043170452118,1766706831326
2,0.26112425327301025,1766706832496
2,0.21767373383045197,1766706833483
2,0.49258843064308167,1766706834713
2,0.19974885880947113,1766706835635
2,0.2826297879219055,1766706836692
2,0.18396137654781342,1766706837953
2,0.36749404668807983,1766706838905
2,0.2639869451522827,1766706840106
2,0.26426786184310913,1766706841039
2,0.2852913737297058,1766706842084
2,0.47254678606987,1766706843236
2,0.3629944920539856,1766706844181
2,0.21912166476249695,1766706845354
2,0.11661764979362488,1766706846318
2,0.14106647670269012,1766706847388
2,0.21003779768943787,1766706848577
2,0.2854352593421936,1766706849509
2,0.5844132900238037,1766706850787
2,0.76744145154953,1766706851828
2,0.27662739157676697,1766706852897
2,0.3822178840637207,1766706854125
2,0.28570470213890076,1766706855041
2,0.3305414021015167,1766706856235
2,0.21324503421783447,1766706857215
2,0.28660303354263306,1766706858258
2,0.4050433039665222,1766706859510
2,0.27978256344795227,1766706860474
2,0.1586161106824875,1766706861618
2,0.14317011833190918,1766706862465
2,0.1620403230190277,1766706863543
2,0.1272938847541809,1766706864616
2,0.30230265855789185,1766706865530
2,0.20343247056007385,1766706866763
2,0.2120826244354248,1766706867789
2,0.4393724203109741,1766706868853
2,0.3266051411628723,1766706870107
2,0.456404447555542,1766706871150
2,0.250575989484787,1766706872406
2,0.12653769552707672,1766706873415
2,0.3580682873725891,1766706874590
2,0.20919576287269592,1766706875758
2,0.48286062479019165,1766706876678
2,0.17471395432949066,1766706877991
2,0.11293008178472519,1766706878962
2,0.20544534921646118,1766706880113
2,0.14873673021793365,1766706881173
2,0.13922923803329468,1766706882258
2,0.16488927602767944,1766706883459
2,0.3979516327381134,1766706884399
2,0.29999956488609314,1766706885511
2,0.334872841835022,1766706886521
2,0.3971925675868988,1766706887617
2,0.30506178736686707,1766706888823
2,0.1424604058265686,1766706889777
2,0.2509884238243103,1766706890983
2,0.4067525863647461,1766706892047
2,0.16022977232933044,1766706893071
2,0.21955209970474243,1766706894279
2,0.31931090354919434,1766706895270
2,0.27230459451675415,1766706896518
2,0.29005521535873413,1766706897562
2,0.30549395084381104,1766706898682
2,0.19251662492752075,1766706899818
2,0.5112556219100952,1766706900849
2,0.3049566149711609,1766706901918
2,0.2684113383293152,1766706902921
2,0.08102436363697052,1766706904019
2,0.21817795932292938,1766706905156
2,0.6390273571014404,1766706906216
2,0.1298297792673111,1766706907346
2,0.18664395809173584,1766706908420
2,0.2555404305458069,1766706909582
2,0.17578592896461487,1766706910713
2,0.48196589946746826,1766706911833
2,0.25478386878967285,1766706912992
2,0.2400943636894226,1766706914089
2,0.11589168757200241,1766706915192
2,0.25137457251548767,1766706916336
2,0.1356387734413147,1766706917431
2,0.2717962861061096,1766706918541
2,0.43044382333755493,1766706919647
2,0.16294267773628235,1766706920714
2,0.40062519907951355,1766706921827
2,0.20443858206272125,1766706922964
2,0.2454354166984558,1766706924102
2,0.3351443409919739,1766706925304
2,0.16427677869796753,1766706926340
2,0.3581034541130066,1766706927498
2,0.2462061494588852,1766706928531
2,0.1858772337436676,1766706929668
2,0.17909866571426392,1766706930751
2,0.2590588331222534,1766706931826
2,0.17007455229759216,1766706932981
2,0.42780739068984985,1766706933952
2,0.19038933515548706,1766706935179
2,0.07821406424045563,1766706936138
2,0.21509775519371033,1766706937064
2,0.33323726058006287,1766706938392
2,0.2708306908607483,1766706939349
2,0.33477064967155457,1766706940659
2,0.21688956022262573,1766706941672
2,0.12932395935058594,1766706942656
2,0.24066373705863953,1766706943935
2,0.2849116921424866,1766706944833
2,0.2307051420211792,1766706946006
2,0.24067309498786926,1766706947107
2,0.2944336533546448,1766706948002
2,0.23150238394737244,1766706949374
2,0.2070983499288559,1766706950266
2,0.5458247661590576,1766706951327
2,0.11052873730659485,1766706952550
2,0.295632541179657,1766706953447
2,0.44206666946411133,1766706954774
2,0.14031893014907837,1766706955651
2,0.12750941514968872,1766706956681
2,0.1980425864458084,1766706958023
2,0.059689439833164215,1766706958879
2,0.3193545937538147,1766706960128
2,0.13962745666503906,1766706961163
2,0.26675114035606384,1766706962203
2,0.49701225757598877,1766706963494
2,0.17844223976135254,1766706964402
2,0.3102825880050659,1766706965692
2,0.21994975209236145,1766706966679
2,0.2227053940296173,1766706967643
2,0.3961464762687683,1766706968883
2,0.33418381214141846,1766706969797
2,0.12430396676063538,1766706970926
2,0.2416020631790161,1766706972012
2,0.5102217197418213,1766706973024
2,0.4871063530445099,1766706974265
2,0.23674724996089935,1766706975206
2,0.267416775226593,1766706976456
2,0.14795304834842682,1766706977502
2,0.6824307441711426,1766706978465
2,0.3416476547718048,1766706979712
2,0.3344598710536957,1766706980673
2,0.34013015031814575,1766706981871
2,0.3809937834739685,1766706982966
2,0.3094262480735779,1766706984027
2,0.5646671056747437,1766706985355
2,0.25278347730636597,1766706986304
2,0.37019962072372437,1766706987541
2,0.342412531375885,1766706988534
2,0.3342168927192688,1766706989544
2,0.2061404138803482,1766706990703
2,0.324957013130188,1766706991647
2,0.516868531703949,1766706992942
2,0.2663951516151428,1766706993932
2,0.21439629793167114,1766706995080
2,0.30997979640960693,1766706996279
2,0.3777956962585449,1766706997170
2,0.34148910641670227,1766706998436
2,0.4469456076622009,1766706999423
2,0.24781489372253418,1766707000467
2,0.14847484230995178,1766707001697
2,0.22124211490154266,1766707002660
2,0.3708251416683197,1766707003960
2,0.2279501110315323,1766707004965
2,0.31440356373786926,1766707006105
2,0.4011700749397278,1766707007272
2,0.4320530891418457,1766707008318
2,0.38520878553390503,1766707009582
2,0.5100664496421814,1766707010622
2,0.2969978153705597,1766707011837
2,0.2969974875450134,1766707012967
2,0.30774956941604614,1766707013943
2,0.16074630618095398,1766707015283
2,0.13370350003242493,1766707016274
2,0.25848841667175293,1766707017552
2,0.22568830847740173,1766707018561
2,1.0291297435760498,1766707019772
2,0.0802454948425293,1766707020939
2,0.31377023458480835,1766707022010
2,0.2129271775484085,1766707023292
2,0.3420896530151367,1766707024243
2,0.2635354995727539,1766707025470
2,0.2623603343963623,1766707026512
2,0.2407168745994568,1766707027576
2,0.5214318633079529,1766707028777
2,0.31887680292129517,1766707029820
2,0.20114032924175262,1766707031019
2,0.15308958292007446,1766707032078
2,0.35390377044677734,1766707033235
2,0.4609373211860657,1766707034349
2,0.41595321893692017,1766707035308
2,0.63111412525177,1766707036459
2,0.15418468415737152,1766707037451
2,0.32965123653411865,1766707038569
2,0.31108587980270386,1766707039748
2,0.23254236578941345,1766707040850
2,0.38006049394607544,1766707041997
2,0.3354332447052002,1766707043012
2,0.18899717926979065,1766707044162
2,0.36062341928482056,1766707045180
2,0.20755760371685028,1766707046256
2,0.2596423625946045,1766707047403
2,0.27879443764686584,1766707048372
2,0.17819981276988983,1766707049502
2,0.31123217940330505,1766707050549
2,0.18783387541770935,1766707051684
2,0.7405912280082703,1766707052846
2,0.2094116061925888,1766707053986
2,0.24072760343551636,1766707055118
2,0.31051549315452576,1766707056154
2,0.38291603326797485,1766707057282
2,0.37081068754196167,1766707058400
2,0.18505004048347473,1766707059518
2,0.5423626899719238,1766707060525
2,0.43464016914367676,1766707061684
2,0.3522435426712036,1766707062739
2,0.2565823197364807,1766707063900
2,0.2994418144226074,1766707064940
2,0.3500801920890808,1766707065960
2,0.41468408703804016,1766707067199
2,0.4104127585887909,1766707068252
2,0.44275927543640137,1766707069491
2,0.24417293071746826,1766707070542
2,0.19634020328521729,1766707071659
2,0.34645721316337585,1766707072804
2,0.11522842943668365,1766707073734
2,0.22767223417758942,1766707074976
2,0.2634313106536865,1766707075966
2,0.42600682377815247,1766707077148
2,0.23961010575294495,1766707078227
2,0.5699752569198608,1766707079207
2,0.11721586436033249,1766707080489
2,0.3670014441013336,1766707081430
2,0.14513731002807617,1766707082631
2,0.30785471200942993,1766707083767
2,0.4355737566947937,1766707084818
2,0.4492029845714569,1766707086043
2,0.233266681432724,1766707086909
2,0.17958346009254456,1766707088233
2,0.15343406796455383,1766707089279
2,0.3498136103153229,1766707090271
2,0.39552098512649536,1766707091555
2,0.3633963465690613,1766707092514
2,0.29056814312934875,1766707093843
2,0.22126910090446472,1766707094836
2,0.37689143419265747,1766707095918
2,0.1250188648700714,1766707097013
2,0.8898167610168457,1766707097938
2,0.3659563660621643,1766707099247
2,0.21137619018554688,1766707100186
2,0.2716764211654663,1766707101215
2,0.2743562161922455,1766707102391
2,0.3382345736026764,1766707103249
2,0.24036334455013275,1766707104533
2,0.16519463062286377,1766707105541
2,0.19695457816123962,1766707106560
2,0.36194154620170593,1766707107799
2,0.04070679470896721,1766707108706
2,0.18977627158164978,1766707109888
2,0.11593051254749298,1766707110938
2,0.4262874722480774,1766707111973
2,0.2766069173812866,1766707113303
2,0.43785789608955383,1766707114230
2,0.28397706151008606,1766707115420
2,0.28267258405685425,1766707116491
2,0.6004723310470581,1766707117471
2,0.059967853128910065,1766707118830
2,0.18434780836105347,1766707119708
2,0.24132220447063446,1766707120946
2,0.3117969036102295,1766707122026
2,0.35678163170814514,1766707122935
2,0.10980343818664551,1766707124325
2,0.2544351816177368,1766707125227
2,0.16524286568164825,1766707126453
2,0.35371720790863037,1766707127562
2,0.14319691061973572,1766707128604
2,0.22255703806877136,1766707129857
2,0.16172972321510315,1766707130792
2,0.598678469657898,1766707132081
2,0.2695937752723694,1766707133108
2,0.3482559025287628,1766707134138
2,0.1500372737646103,1766707135340
2,0.46396106481552124,1766707136191
2,0.10198993980884552,1766707137368
2,0.24352747201919556,1766707138478
2,0.13307026028633118,1766707139420
2,0.20071153342723846,1766707140635
2,0.11650720238685608,1766707141565
2,0.27257025241851807,1766707142864
2,0.17397353053092957,1766707143916
2,0.3824760317802429,1766707144906
2,0.3577212691307068,1766707146200
2,0.15968306362628937,1766707147128
2,0.2524746358394623,1766707148383
2,0.5879224538803101,1766707149454
2,0.2820989787578583,1766707150480
2,0.22380509972572327,1766707151722
2,0.10421185195446014,1766707152608
2,0.32363998889923096,1766707153906
2,0.38522201776504517,1766707154914
2,0.12428361177444458,1766707155941
2,0.15133638679981232,1766707157176
2,0.10652697831392288,1766707158092
2,0.11774752289056778,1766707159308
2,0.2561901807785034,1766707160450
2,0.13140977919101715,1766707161494
2,0.16535791754722595,1766707162750
2,0.18110372126102448,1766707163663
2,0.18277734518051147,1766707164899
2,0.2032129019498825,1766707165938
2,0.2724975049495697,1766707166936
2,0.496235728263855,1766707168280
2,0.17635881900787354,1766707169222
2,0.1840183138847351,1766707170499
2,0.19888179004192352,1766707171516
2,0.37148794531822205,1766707172693
2,0.13556669652462006,1766707173760
2,0.19313031435012817,1766707174766
2,0.23860099911689758,1766707176056
2,0.12646245956420898,1766707176994
2,0.11999944597482681,1766707178098
2,0.3117673099040985,1766707179294
2,0.22460168600082397,1766707180260
2,0.20524728298187256,1766707181504
2,0.3586500883102417,1766707182499
2,0.2078130543231964,1766707183694
2,0.2799088954925537,1766707184724
2,0.24376150965690613,1766707185712
2,0.21812385320663452,1766707186994
2,0.2937641739845276,1766707188011
2,0.18896764516830444,1766707189177
2,0.21333898603916168,1766707190209
2,0.31488171219825745,1766707191224
2,0.2670609951019287,1766707192421
2,0.28261134028434753,1766707193391
2,0.1830221712589264,1766707194521
2,0.31023848056793213,1766707195510
2,0.5763171911239624,1766707196576
2,0.21066433191299438,1766707197806
2,0.29088929295539856,1766707198810
2,0.21167607605457306,1766707199934
2,0.2694826126098633,1766707201057
2,0.24055659770965576,1766707202134
2,0.38940924406051636,1766707203266
2,0.4342584013938904,1766707204352
2,0.3454228937625885,1766707205364
2,0.2627743184566498,1766707206436
2,0.5915680527687073,1766707207595
2,0.3154866397380829,1766707208650
2,0.23230335116386414,1766707209822
2,0.38444870710372925,1766707210983
2,0.08402041345834732,1766707212042
2,0.3743036389350891,1766707213180
2,0.3335660696029663,1766707214287
2,0.26458436250686646,1766707215408
2,0.340998113155365,1766707216520
2,0.26258236169815063,1766707217589
2,0.11688333749771118,1766707218711
2,0.11997952312231064,1766707219896
2,0.1504405438899994,1766707220980
2,0.46164411306381226,1766707222146
2,0.29354703426361084,1766707223172
2,0.3180958926677704,1766707224259
2,0.2640802264213562,1766707225379
2,0.2246241271495819,1766707226408
2,0.21365152299404144,1766707227537
2,0.28619688749313354,1766707228636
2,0.05781430006027222,1766707229635
2,0.18555745482444763,1766707230823
2,0.17883101105690002,1766707231878
2,0.20317353308200836,1766707233011
2,0.4251764416694641,1766707234115
2,0.3853377401828766,1766707235276
2,0.03843611106276512,1766707236359
2,0.39557021856307983,1766707237443
2,0.21090401709079742,1766707238608
2,0.33881670236587524,1766707239659
2,0.4819571375846863,1766707240878
2,0.24757912755012512,1766707242002
2,0.20901484787464142,1766707243078
2,0.17068633437156677,1766707244250
2,0.1633029580116272,1766707245266
2,0.22091911733150482,1766707246459
2,0.18395987153053284,1766707247513
2,0.16139383614063263,1766707248778
2,0.26016223430633545,1766707249880
2,0.3020032048225403,1766707250897
2,0.3507034480571747,1766707252155
2,0.1313364952802658,1766707253079
2,0.1865106225013733,1766707254301
2,0.13567112386226654,1766707255280
2,0.3927292823791504,1766707256322
2,0.4694632291793823,1766707257565
2,0.5099800229072571,1766707258574
2,0.24193347990512848,1766707259752
2,0.11316294968128204,1766707260770
2,0.3261478543281555,1766707261742
2,0.11564584076404572,1766707262958
2,0.06847786158323288,1766707263880
2,0.24228549003601074,1766707265131
2,0.2247782200574875,1766707266233
2,0.2717328369617462,1766707267153
2,0.2190382331609726,1766707268455
2,0.4062759578227997,1766707269407
2,0.6333870887756348,1766707270491
2,0.19815608859062195,1766707271558
2,0.2836320996284485,1766707272599
2,0.19928593933582306,1766707273847
2,0.25818145275115967,1766707274750
2,0.31940972805023193,1766707275945
2,0.1572718769311905,1766707277000
2,0.12278847396373749,1766707278046
2,0.31467726826667786,1766707279290
2,0.08198587596416473,1766707280206
2,0.32842522859573364,1766707281408
2,0.34150931239128113,1766707282441
2,0.33474841713905334,1766707283451
2,0.2621743977069855,1766707284726
2,0.5117069482803345,1766707285675
2,0.19794629514217377,1766707286827
2,0.41765260696411133,1766707287937
2,0.1630713939666748,1766707288943
2,0.2102266252040863,1766707290142
2,0.32675623893737793,1766707291005
2,0.22867721319198608,1766707292273
2,0.30311766266822815,1766707293335
2,0.428882360458374,1766707294470
2,0.7015483379364014,1766707295674
2,0.2563856244087219,1766707296699
2,0.25929272174835205,1766707298014
2,0.24161198735237122,1766707298929
2,0.2736762464046478,1766707300013
2,0.30165332555770874,1766707301228
2,0.3299170732498169,1766707302235
2,0.11867132037878036,1766707303524
2,0.15397988259792328,1766707304493
2,0.6824830770492554,1766707305599
2,0.21010607481002808,1766707306719
2,0.3010779619216919,1766707307671
2,0.17754428088665009,1766707309059
2,0.3024527132511139,1766707309992
2,0.2168910801410675,1766707311090
2,0.23929950594902039,1766707312178
2,0.4114028811454773,1766707313143
2,0.4198378920555115,1766707314460
2,0.1207505464553833,1766707315432
2,0.29853060841560364,1766707316726
2,0.09101644158363342,1766707317706
2,0.3206041753292084,1766707318726
2,0.45576468110084534,1766707320084
2,0.06888777762651443,1766707321037
2,0.19539788365364075,1766707322281
2,0.40604227781295776,1766707323256
2,0.45017245411872864,1766707324334
2,0.21141475439071655,1766707325574
2,0.40788060426712036,1766707326498
2,0.4938240051269531,1766707327784
2,0.15438637137413025,1766707328786
2,0.1381455361843109,1766707329810
2,0.28001368045806885,1766707331107
2,0.22497491538524628,1766707332010
2,0.19092893600463867,1766707333223
2,0.6224009990692139,1766707334231
2,0.3292420208454132,1766707335304
2,0.2264115810394287,1766707336549
2,0.3134150505065918,1766707337444
2,0.3139612674713135,1766707338744
2,0.13722145557403564,1766707339759
2,0.21352526545524597,1766707340764
2,0.41489723324775696,1766707342014
2,0.15972857177257538,1766707342959
2,0.13820108771324158,1766707344176
2,0.10483746230602264,1766707345137
2,0.38432347774505615,1766707346074
2,0.20124097168445587,1766707347342
2,0.21959875524044037,1766707348267
2,0.42808014154434204,1766707349447
2,0.16376304626464844,1766707350585
2,0.21302372217178345,1766707351573
2,0.2017291784286499,1766707352863
2,0.1821688413619995,1766707353795
2,0.328568696975708,1766707354990
2,0.33875149488449097,1766707356093
2,0.257688045501709,1766707357080
2,0.2725718021392822,1766707358388
2,0.2680721879005432,1766707359312
2,0.31542742252349854,1766707360578
2,0.14195862412452698,1766707361630
2,0.234157994389534,1766707362591
2,0.18896731734275818,1766707363927
2,0.28910404443740845,1766707364807
2,0.458711177110672,1766707365953
2,0.32315176725387573,1766707367058
2,0.16156993806362152,1766707368071
2,0.33741843700408936,1766707369450
2,0.3594818413257599,1766707370362
2,0.391717791557312,1766707371603
2,0.42973384261131287,1766707372692
2,0.20460282266139984,1766707373729
2,0.6605916023254395,1766707374931
2,0.5266664624214172,1766707375753
2,0.10541701316833496,1766707377010
2,0.1488008350133896,1766707378030
2,0.20487774908542633,1766707379068
2,0.12407279759645462,1766707380327
2,0.14461363852024078,1766707381295
2,0.06603730469942093,1766707382478
2,0.18272733688354492,1766707383553
2,0.19399505853652954,1766707384562
2,0.1714107096195221,1766707385852
2,0.3290681838989258,1766707386809
2,0.20035703480243683,1766707388098
2,0.2658003270626068,1766707389133
2,0.4458356201648712,1766707390262
2,0.2050655633211136,1766707391406
2,0.2654907703399658,1766707392379
2,0.3214133083820343,1766707393524
2,0.3226014971733093,1766707394486
2,0.24673791229724884,1766707395549
2,0.22357675433158875,1766707396720
2,0.3068411946296692,1766707397711
2,0.25054147839546204,1766707398954
2,0.4921559691429138,1766707399991
2,0.18567880988121033,1766707401026
2,0.48623931407928467,1766707402176
2,0.16703690588474274,1766707403151
2,0.23940156400203705,1766707404385
2,0.42731013894081116,1766707405404
2,0.20121170580387115,1766707406499
2,0.08706052601337433,1766707407628
2,0.3302755355834961,1766707408667
2,0.20882394909858704,1766707409852
2,0.6679269075393677,1766707410898
2,0.45152682065963745,1766707412103
2,0.18739543855190277,1766707413255
2,0.37942737340927124,1766707414320
2,0.2656213045120239,1766707415512
2,0.125346839427948,1766707416614
2,0.2788683772087097,1766707417786
2,0.12830333411693573,1766707418868
2,0.22740381956100464,1766707420066
2,0.2090298980474472,1766707421204
2,0.5043706893920898,1766707422351
2,0.11120522022247314,1766707423563
2,0.4621146321296692,1766707424684
2,0.14643307030200958,1766707425706
2,0.23706969618797302,1766707426826
2,0.11280876398086548,1766707427943
2,0.5822646021842957,1766707429105
2,0.2682842016220093,1766707430191
2,0.5694050788879395,1766707431155
2,0.174968421459198,1766707432431
2,0.2633213996887207,1766707433484
2,0.1545255482196808,1766707434671
2,0.3290838599205017,1766707435741
2,0.7887099981307983,1766707436749
2,0.08128190040588379,1766707437920
2,0.17578133940696716,1766707438934
2,0.19485482573509216,1766707440146
2,0.45215240120887756,1766707441242
2,0.3551170825958252,1766707442291
2,0.1853029578924179,1766707443574
2,0.2460625171661377,1766707444462
2,0.17974665760993958,1766707445678
2,0.2675524652004242,1766707446726
2,0.266924649477005,1766707447643
2,0.3490678668022156,1766707448942
2,0.19716058671474457,1766707449926
2,0.3048279881477356,1766707451042
2,0.1496264636516571,1766707452080
2,0.12655150890350342,1766707453083
2,0.2153986394405365,1766707454393
2,0.3671856224536896,1766707455393
2,0.1361226886510849,1766707456619
2,0.2673335373401642,1766707457608
2,0.17319552600383759,1766707458690
2,0.23977355659008026,1766707459818
2,0.13926474750041962,1766707460738
2,0.5904046893119812,1766707461997
2,0.08784852921962738,1766707463033
2,0.41775602102279663,1766707464031
2,0.38974106311798096,1766707465346
2,0.2610245943069458,1766707466250
2,0.11759083718061447,1766707467519
2,0.33057451248168945,1766707468493
2,0.12057064473628998,1766707469470
2,0.12879762053489685,1766707470781
2,0.3309876620769501,1766707471679
2,0.37853288650512695,1766707472868
2,0.05396506190299988,1766707473954
2,0.343095064163208,1766707474934
2,0.16644471883773804,1766707476250
2,0.2832937240600586,1766707477128
2,0.31246358156204224,1766707478328
2,0.14227624237537384,1766707479427
2,0.24490126967430115,1766707480283
2,0.13209094107151031,1766707481541
2,0.19464170932769775,1766707482458
2,0.1798328459262848,1766707483542
2,0.25646910071372986,1766707484778
2,0.20142832398414612,1766707485684
2,0.2296825647354126,1766707486951
2,0.18301504850387573,1766707488059
2,0.3557579219341278,1766707489222
2,0.22815729677677155,1766707490423
2,0.32151323556900024,1766707491324
2,0.2118055522441864,1766707492620
2,0.2847568988800049,1766707493629
2,0.2537022829055786,1766707494576
2,0.3713281452655792,1766707495863
2,0.6452718377113342,1766707496714
2,0.28167951107025146,1766707497895
2,0.4068560004234314,1766707498872
2,0.20152127742767334,1766707499889
2,0.26692938804626465,1766707501151
2,0.0659184381365776,1766707502051
2,0.1435045301914215,1766707503243
2,0.3463647961616516,1766707504354
2,0.43098053336143494,1766707505326
2,0.3634446859359741,1766707506687
2,0.23391884565353394,1766707507604
2,0.16891954839229584,1766707508757
2,0.20957988500595093,1766707509850
2,0.16595123708248138,1766707510862
2,0.23958486318588257,1766707512113
2,0.18287859857082367,1766707513033
2,0.024776771664619446,1766707514307
2,0.1885189563035965,1766707515335
2,0.19467793405056,1766707516331
2,0.3497893214225769,1766707517542
2,0.3756450116634369,1766707518467
2,0.2638553977012634,1766707519730
2,0.2031574845314026,1766707520783
2,0.21250391006469727,1766707521682
2,0.3931962251663208,1766707522964
2,0.13139550387859344,1766707523863
2,0.12297891080379486,1766707524998
2,0.25553256273269653,1766707526131
2,0.2658923268318176,1766707527118
2,0.10239820182323456,1766707528304
2,0.3202597498893738,1766707529230
2,0.3623400926589966,1766707530276
2,0.23723822832107544,1766707531398
2,0.21988368034362793,1766707532267
2,0.19450126588344574,1766707533656
2,0.20848745107650757,1766707534531
2,0.29782623052597046,1766707535622
2,0.3131442666053772,1766707536741
2,0.21601271629333496,1766707537659
2,0.2715744376182556,1766707538892
2,0.2453954815864563,1766707539826
2,0.2919788956642151,1766707540873
2,0.08969123661518097,1766707542124
2,0.17755530774593353,1766707543048
2,0.15529239177703857,1766707544262
2,0.2737269699573517,1766707545331
2,0.6097708940505981,1766707546303
2,0.18474343419075012,1766707547594
2,0.22647863626480103,1766707548542
2,0.07666286826133728,1766707549635
2,0.1772685945034027,1766707550692
2,0.2480166256427765,1766707551652
2,0.24467512965202332,1766707553054
2,0.34160152077674866,1766707553963
2,0.20412619411945343,1766707555174
2,0.2197435200214386,1766707556176
2,0.34971868991851807,1766707557196
2,0.2868364155292511,1766707558463
2,0.24045538902282715,1766707559397
2,0.19002893567085266,1766707560659
2,0.2945723831653595,1766707561690
2,0.23895855247974396,1766707562676
2,0.23164936900138855,1766707563916
2,0.15327000617980957,1766707564830
2,0.19262151420116425,1766707566112
2,0.2654363214969635,1766707567210
2,0.32079482078552246,1766707568259
2,0.2890220880508423,1766707569411
2,0.30819088220596313,1766707570355
2,0.2086975872516632,1766707571643
2,0.04400224611163139,1766707572694
2,0.1251981109380722,1766707573792
2,0.24121788144111633,1766707574988
2,0.4560319483280182,1766707576024
2,0.13490703701972961,1766707577213
2,0.18150544166564941,1766707578180
2,0.12087611854076385,1766707579281
2,0.3085472583770752,1766707580370
2,0.11468584835529327,1766707581371
2,0.16103629767894745,1766707582644
2,0.6676945686340332,1766707583676
2,0.20944201946258545,1766707584798
2,0.24918758869171143,1766707585884
2,0.16309477388858795,1766707587035
2,0.21250832080841064,1766707588144
2,0.13528989255428314,1766707589243
2,0.08720403909683228,1766707590263
2,0.20387348532676697,1766707591380
2,0.2820037007331848,1766707592504
2,0.24145564436912537,1766707593502
2,0.17344146966934204,1766707594665
2,0.0920124351978302,1766707595752
2,0.5408918261528015,1766707596786
2,0.1871136873960495,1766707597985
2,0.22751232981681824,1766707599047
2,0.1570732295513153,1766707600101
2,0.3771330714225769,1766707601276
2,0.35749512910842896,1766707602336
2,0.19476622343063354,1766707603499
2,0.11858301609754562,1766707604437
2,0.1788209229707718,1766707605511
2,0.16408267617225647,1766707606583
2,0.3537878394126892,1766707607666
2,0.4462570250034332,1766707608858
2,0.11314801126718521,1766707609886
2,0.18566736578941345,1766707611079
2,0.22183340787887573,1766707612182
2,0.47275617718696594,1766707613271
2,0.2709396779537201,1766707614348
2,0.1222454085946083,1766707615339
2,0.13483695685863495,1766707616513
2,0.21821457147598267,1766707617530
2,0.25955110788345337,1766707618581
2,0.3053375482559204,1766707619726
2,0.27009662985801697,1766707620728
2,0.17216578125953674,1766707621849
2,0.3661576211452484,1766707622875
2,0.6028140783309937,1766707624056
2,0.4972797632217407,1766707625122
2,0.1658594012260437,1766707626002
2,0.3138839602470398,1766707627216
2,0.24592268466949463,1766707628206
2,0.0790347009897232,1766707629401
2,0.22702987492084503,1766707630546
2,0.169985830783844,1766707631518
2,0.2713446319103241,1766707632621
2,0.2369832694530487,1766707633642
2,0.3824061453342438,1766707634788
2,0.2991120219230652,1766707635914
2,0.3070785105228424,1766707637030
2,0.14501731097698212,1766707638135
2,0.3459445834159851,1766707639132
2,0.2413979172706604,1766707640246
2,0.19046059250831604,1766707641246
2,0.20342397689819336,1766707642313
2,0.29689812660217285,1766707643498
2,0.23389942944049835,1766707644465
2,0.3332781195640564,1766707645586
2,0.46695566177368164,1766707646610
2,0.18023215234279633,1766707647741
2,0.26666519045829773,1766707648916
2,0.2970750331878662,1766707649962
2,0.3502810597419739,1766707651181
2,0.3764626383781433,1766707652207
2,0.4209693670272827,1766707653328
2,0.2156599462032318,1766707654427
2,0.2874244451522827,1766707655415
2,0.3230840265750885,1766707656594
2,0.18922774493694305,1766707657615
2,0.5346289873123169,1766707658784
2,0.587566614151001,1766707659876
2,0.3248778283596039,1766707660959
2,0.31480148434638977,1766707662060
2,0.21244356036186218,1766707663124
2,0.16330605745315552,1766707664230
2,0.327965646982193,1766707665342
2,0.29188039898872375,1766707666330
2,0.14059816300868988,1766707667391
2,0.1508951038122177,1766707668559
2,0.23888073861598969,1766707669535
2,0.17418435215950012,1766707670699
2,0.4068450331687927,1766707671689
2,0.2508789300918579,1766707672828
2,0.20888493955135345,1766707673970
2,0.2722359001636505,1766707674958
2,0.34873324632644653,1766707676083
2,0.18806245923042297,1766707677104
2,0.07076258212327957,1766707678278
2,0.14535465836524963,1766707679390
2,0.1836870163679123,1766707680459
2,0.24786090850830078,1766707681696
2,0.24709472060203552,1766707682727
2,0.288679838180542,1766707683947
2,0.19509169459342957,1766707684996
2,0.28216084837913513,1766707686111
2,0.2830858826637268,1766707687282
2,0.33283135294914246,1766707688264
2,0.16439189016819,1766707689489
2,0.1567089557647705,1766707690518
2,0.14087587594985962,1766707691583
2,0.631632924079895,1766707692763
2,0.291067898273468,1766707693738
2,0.13054852187633514,1766707695004
2,0.34500277042388916,1766707695942
2,0.3800453245639801,1766707697266
2,0.238726407289505,1766707698338
2,0.08652503788471222,1766707699370
2,0.5206899046897888,1766707700603
2,0.21010202169418335,1766707701531
2,0.13663344085216522,1766707702666
2,0.19417929649353027,1766707703736
2,0.1409083902835846,1766707704802
2,0.4158308207988739,1766707706019
2,0.3393024206161499,1766707706954
2,0.39075857400894165,1766707708148
2,0.1613442301750183,1766707709235
2,0.21152308583259583,1766707710326
2,0.45771244168281555,1766707711480
2,0.2656368911266327,1766707712431
2,0.35063183307647705,1766707713675
2,0.2106984406709671,1766707714705
2,0.21141378581523895,1766707715724
2,0.3195124864578247,1766707716891
2,0.16815213859081268,1766707717843
2,0.1862500160932541,1766707719081
2,0.46512478590011597,1766707720057
2,0.34488072991371155,1766707721106
2,0.21530640125274658,1766707722358
2,0.03936877101659775,1766707723266
2,0.43785804510116577,1766707724558
2,0.19204455614089966,1766707725498
2,0.23742595314979553,1766707726601
2,0.15713301301002502,1766707727831
2,0.18791241943836212,1766707728790
2,0.23799872398376465,1766707730056
2,0.1302781105041504,1766707731009
2,0.21771427989006042,1766707732044
2,0.1027316078543663,1766707733225
2,0.36133474111557007,1766707734068
2,0.12889905273914337,1766707735411
2,0.19279353320598602,1766707736325
2,0.11198538541793823,1766707737357
2,0.1593683511018753,1766707738695
2,0.32558900117874146,1766707739590
2,0.4307686686515808,1766707740788
2,0.051714587956666946,1766707741871
2,0.20753857493400574,1766707742692
2,0.2910243272781372,1766707743944
2,0.1588050127029419,1766707744886
2,0.13105233013629913,1766707745952
2,0.13623753190040588,1766707747142
2,0.30866488814353943,1766707748014
2,0.18408694863319397,1766707749359
2,0.41978779435157776,1766707750302
2,0.19687426090240479,1766707751320
2,0.0546855553984642,1766707752615
2,0.1442500650882721,1766707753551
2,0.26312798261642456,1766707754847
2,0.19263067841529846,1766707755879
2,0.3432193100452423,1766707756912
2,0.3134384751319885,1766707758255
2,0.11113225668668747,1766707759184
2,0.15289676189422607,1766707760426
2,0.3662468492984772,1766707761422
2,0.30083000659942627,1766707762392
2,0.4607403576374054,1766707763565
2,0.31065833568573,1766707764442
2,0.224526047706604,1766707765679
2,0.10243673622608185,1766707766712
2,0.3531266450881958,1766707767569
2,0.4565812349319458,1766707768735
2,0.08503682911396027,1766707769666
2,0.06839539855718613,1766707770856
2,0.15017461776733398,1766707772022
2,0.29602304100990295,1766707773036
2,0.3550008237361908,1766707774338
2,0.041914623230695724,1766707775228
3,0.17483492195606232,1766707776352
3,0.19508035480976105,1766707777523
3,0.41676065325737,1766707778458
3,0.17729711532592773,1766707779785
3,0.23555059731006622,1766707780706
3,0.20793038606643677,1766707781810
3,0.08194951713085175,1766707782985
3,0.2632254958152771,1766707783869
3,0.16565777361392975,1766707785136
3,0.14525017142295837,1766707786097
3,0.3269291818141937,1766707787083
3,0.18464142084121704,1766707788391
3,0.1655815839767456,1766707789212
3,0.20220477879047394,1766707790488
3,0.2404552549123764,1766707791523
3,0.21183836460113525,1766707792544
3,0.19825156033039093,1766707793774
3,0.5346921682357788,1766707794704
3,0.16423587501049042,1766707795832
3,0.2814730703830719,1766707796887
3,0.10630349814891815,1766707797819
3,0.194108784198761,1766707799153
3,0.2476934939622879,1766707800063
3,0.09016925096511841,1766707801149
3,0.15812678635120392,1766707802206
3,0.09058058261871338,1766707803237
3,0.219242662191391,1766707804504
3,0.16581237316131592,1766707805488
3,0.3535604178905487,1766707806809
3,0.2247142642736435,1766707807790
3,0.4104253649711609,1766707808831
3,0.230638787150383,1766707810072
3,0.10249468684196472,1766707810969
3,0.32866549491882324,1766707812159
3,0.14463897049427032,1766707813047
3,0.14382003247737885,1766707814020
3,0.10625015199184418,1766707815301
3,0.1738148331642151,1766707816243
3,0.15925388038158417,1766707817352
3,0.10485433042049408,1766707818438
3,0.3526236414909363,1766707819374
3,0.15891090035438538,1766707820697
3,0.29573798179626465,1766707821600
3,0.1896926760673523,1766707822651
3,0.29880377650260925,1766707823759
3,0.18660937249660492,1766707824632
3,0.2421790510416031,1766707825911
3,0.20552366971969604,1766707826837
3,0.3995988368988037,1766707827942
3,0.21833549439907074,1766707829145
3,0.15670305490493774,1766707830132
3,0.11176633834838867,1766707831391
3,0.11720139533281326,1766707832280
3,0.12724918127059937,1766707833326
3,0.07901865988969803,1766707834497
3,0.2293768674135208,1766707835352
3,0.413750022649765,1766707836727
3,0.18000838160514832,1766707837689
3,0.12975311279296875,1766707838830
3,0.1726291924715042,1766707840043
3,0.1323390156030655,1766707841034
3,0.3348867893218994,1766707842294
3,0.08965135365724564,1766707843274
3,0.19807961583137512,1766707844391
3,0.5701794624328613,1766707845532
3,0.36970242857933044,1766707846503
3,0.3531404137611389,1766707847726
3,0.1474442183971405,1766707848747
3,0.18763020634651184,1766707849939
3,0.1805383563041687,1766707851064
3,0.3562500476837158,1766707851976
3,0.40826889872550964,1766707853324
3,0.15782184898853302,1766707854262
3,0.09757736325263977,1766707855523
3,0.13421598076820374,1766707856585
3,0.1498081535100937,1766707857604
3,0.3882487714290619,1766707858811
3,0.14899763464927673,1766707859755
3,0.2977164387702942,1766707860949
3,0.38567054271698,1766707861991
3,0.5761857628822327,1766707863077
3,0.3072090446949005,1766707864284
3,0.17795924842357635,1766707865314
3,0.11157844960689545,1766707866455
3,0.10719472169876099,1766707867530
3,0.2669895887374878,1766707868640
3,0.22377517819404602,1766707869795
3,0.12119536846876144,1766707870796
3,0.19869329035282135,1766707872044
3,0.1584564447402954,1766707873047
3,0.37103989720344543,1766707874194
3,0.27363812923431396,1766707875172
3,0.22813241183757782,1766707876169
3,0.19804172217845917,1766707877405
3,0.2600954473018646,1766707878377
3,0.20443159341812134,1766707879512
3,0.2527051568031311,1766707880571
3,0.21317464113235474,1766707881638
3,0.360811710357666,1766707882745
3,0.09709106385707855,1766707883739
3,0.18418315052986145,1766707884754
3,0.22302904725074768,1766707885938
3,0.2124813199043274,1766707887017
3,0.2574772536754608,1766707888058
3,0.5307708382606506,1766707889174
3,0.22326578199863434,1766707890353
3,0.41475382447242737,1766707891442
3,0.30090564489364624,1766707892630
3,0.09136375784873962,1766707893811
3,0.34708717465400696,1766707894928
3,0.39247483015060425,1766707896116
3,0.2603969871997833,1766707897144
3,0.5714976191520691,1766707898251
3,0.14978772401809692,1766707899135
3,0.17996661365032196,1766707900271
3,0.4321654438972473,1766707901346
3,0.4304327368736267,1766707902335
3,0.7764309048652649,1766707903556
3,0.11881371587514877,1766707904586
3,0.14444109797477722,1766707905766
3,0.15970146656036377,1766707906913
3,0.30689629912376404,1766707908089
3,0.25701674818992615,1766707909239
3,0.3373589515686035,1766707910161
3,0.7987099289894104,1766707911438
3,0.4910774528980255,1766707912475
3,0.25902166962623596,1766707913618
3,0.37036705017089844,1766707914827
3,0.24679122865200043,1766707915826
3,0.7579709887504578,1766707917138
3,0.26623839139938354,1766707918071
3,0.5280278921127319,1766707919246
3,0.15755695104599,1766707920348
3,0.1597059965133667,1766707921400
3,0.12504377961158752,1766707922623
3,0.0752185732126236,1766707923614
3,0.1528746634721756,1766707924795
3,0.1735154390335083,1766707925792
3,0.16606837511062622,1766707926786
3,0.2517801523208618,1766707927875
3,0.3901216387748718,1766707928895
3,0.2196623980998993,1766707930257
3,0.12053082883358002,1766707931097
3,0.23759524524211884,1766707932378
3,0.1728312373161316,1766707933411
3,0.29881757497787476,1766707934385
3,0.07148803770542145,1766707935677
3,0.5657631158828735,1766707936638
3,0.17756034433841705,1766707937873
3,0.1809486597776413,1766707938915
3,0.14927658438682556,1766707939838
3,0.05386308580636978,1766707941093
3,0.3757076859474182,1766707942059
3,0.24821677803993225,1766707943203
3,0.3427248001098633,1766707944330
3,0.4415678381919861,1766707945255
3,0.49762091040611267,1766707946561
3,0.1895868480205536,1766707947539
3,0.0504753515124321,1766707948697
3,0.2750034034252167,1766707949761
3,0.3724503517150879,1766707950771
3,0.18531861901283264,1766707951986
3,0.4794985055923462,1766707952947
3,0.18034934997558594,1766707954138
3,0.23744383454322815,1766707955219
3,0.08234436810016632,1766707956170
3,0.25754186511039734,1766707957503
3,0.1913566291332245,1766707958390
3,0.11495526134967804,1766707959548
3,0.2526913285255432,1766707960567
3,0.1350962072610855,1766707961575
3,0.3016236424446106,1766707962841
3,0.30840378999710083,1766707963715
3,0.09915461391210556,1766707964881
3,0.12839347124099731,1766707966058
3,0.1397789716720581,1766707967060
3,0.2912193536758423,1766707968396
3,0.0899798795580864,1766707969328
3,0.2103070616722107,1766707970534
3,0.2877461910247803,1766707971612
3,0.2797596752643585,1766707972705
3,0.21599525213241577,1766707973923
3,0.30892616510391235,1766707974879
3,0.1219135969877243,1766707976157
3,0.21282663941383362,1766707977153
3,0.09304086863994598,1766707978257
3,0.11303981393575668,1766707979439
3,0.060102224349975586,1766707980394
3,0.06475856155157089,1766707981544
3,0.27012425661087036,1766707982576
3,0.18394838273525238,1766707983680
3,0.19092947244644165,1766707984854
3,0.15876716375350952,1766707985858
3,0.18893375992774963,1766707986995
3,0.2352297008037567,1766707988023
3,0.19968758523464203,1766707989200
3,0.40985506772994995,1766707990275
3,0.17252109944820404,1766707991256
3,0.2895599603652954,1766707992483
3,0.14091767370700836,1766707993421
3,0.026661818847060204,1766707994574
3,0.3469141721725464,1766707995580
3,0.18354228138923645,1766707996575
3,0.3082992136478424,1766707997879
3,0.2670804262161255,1766707998920
3,0.06443710625171661,1766708000219
3,0.6262217164039612,1766708001247
3,0.189400315284729,1766708002385
3,0.23807910084724426,1766708003548
3,0.34881043434143066,1766708004573
3,0.27418938279151917,1766708005798
3,0.15074217319488525,1766708006826
3,0.08546511828899384,1766708008004
3,0.15643444657325745,1766708009120
3,0.22420085966587067,1766708010155
3,0.25145024061203003,1766708011389
3,0.24632054567337036,1766708012250
3,0.11353310942649841,1766708013441
3,0.12862980365753174,1766708014490
3,0.09363657981157303,1766708015564
3,0.36235302686691284,1766708016740
3,0.2227768898010254,1766708017658
3,0.17582613229751587,1766708018986
3,0.25396084785461426,1766708020024
3,0.22252392768859863,1766708021103
3,0.2539792060852051,1766708022278
3,0.2742598056793213,1766708023338
3,0.17918038368225098,1766708024601
3,0.11777450144290924,1766708025546
3,0.262530654668808,1766708026715
3,0.4573996663093567,1766708027774
3,0.029912641271948814,1766708028796
3,0.274444580078125,1766708030011
3,0.3185889720916748,1766708030988
3,0.0999152660369873,1766708032134
3,0.31831568479537964,1766708033156
3,0.20728568732738495,1766708034222
3,0.08405348658561707,1766708035423
3,0.4337691366672516,1766708036362
3,0.13849765062332153,1766708037591
3,0.22257858514785767,1766708038556
3,0.2917197048664093,1766708039618
3,0.26405516266822815,1766708040809
3,0.2938110828399658,1766708041780
3,0.1617961972951889,1766708043026
3,0.09676622599363327,1766708044003
3,0.17263585329055786,1766708045106
3,0.15823084115982056,1766708046252
3,0.25922825932502747,1766708047258
3,0.2670215964317322,1766708048508
3,0.18409128487110138,1766708049539
3,0.1644343137741089,1766708050776
3,0.3707127571105957,1766708051800
3,0.19605441391468048,1766708052915
3,0.15675053000450134,1766708054094
3,0.2293902039527893,1766708055073
3,0.056363143026828766,1766708056200
3,0.4103511571884155,1766708057281
3,0.22919777035713196,1766708058383
3,0.2480444461107254,1766708059478
3,0.4444431662559509,1766708060497
3,0.2510891258716583,1766708061718
3,0.2425684630870819,1766708062712
3,0.17858926951885223,1766708063839
3,0.2020748406648636,1766708064952
3,0.10723458230495453,1766708066015
3,0.2568589150905609,1766708067270
3,0.4252946674823761,1766708068180
3,0.29599687457084656,1766708069355
3,0.28211477398872375,1766708070451
3,0.2873539328575134,1766708071535
3,0.493221640586853,1766708072686
3,0.2232080101966858,1766708073743
3,0.25580641627311707,1766708075025
3,0.2110598087310791,1766708076019
3,0.17942270636558533,1766708077147
3,0.32840102910995483,1766708078271
3,0.36403030157089233,1766708079223
3,0.33801525831222534,1766708080386
3,0.209661066532135,1766708081366
3,0.3320235013961792,1766708082563
3,0.21177847683429718,1766708083676
3,0.3582531809806824,1766708084666
3,0.12272736430168152,1766708085873
3,0.08346080780029297,1766708086807
3,0.1484467089176178,1766708088040
3,0.12056830525398254,1766708089195
3,0.23884183168411255,1766708090276
3,0.3881757855415344,1766708091522
3,0.25768378376960754,1766708092541
3,0.2027001678943634,1766708093706
3,0.12802620232105255,1766708094807
3,0.22032172977924347,1766708095886
3,0.1580086350440979,1766708096974
3,0.24521124362945557,1766708097965
3,0.08726102113723755,1766708099050
3,0.1789528727531433,1766708100084
3,0.09622445702552795,1766708101124
3,0.2946258783340454,1766708102339
3,0.18581034243106842,1766708103354
3,0.17056001722812653,1766708104562
3,0.11259566992521286,1766708105599
3,0.0734977051615715,1766708106703
3,0.23856231570243835,1766708107843
3,0.24397562444210052,1766708108930
3,0.08587111532688141,1766708110056
3,0.24606828391551971,1766708111128
3,0.39908191561698914,1766708112302
3,0.4430486559867859,1766708113375
3,0.5425828695297241,1766708114483
3,0.15737919509410858,1766708115633
3,0.20759424567222595,1766708116587
3,0.3616816997528076,1766708117811
3,0.26228243112564087,1766708118794
3,0.33370810747146606,1766708119988
3,0.29794180393218994,1766708121156
3,0.19734379649162292,1766708122233
3,0.2682836651802063,1766708123340
3,0.27337297797203064,1766708124351
3,0.2491421401500702,1766708125573
3,0.33347946405410767,1766708126651
3,0.35922133922576904,1766708127840
3,0.27939000725746155,1766708129002
3,0.2205110490322113,1766708129982
3,0.12118653953075409,1766708131251
3,0.28238046169281006,1766708132275
3,0.20511475205421448,1766708133471
3,0.43283894658088684,1766708134546
3,0.24194836616516113,1766708135627
3,0.09044619649648666,1766708136846
3,0.2643914818763733,1766708137824
3,0.3561829924583435,1766708139064
3,0.2269475758075714,1766708140091
3,0.1256353259086609,1766708141243
3,0.22552557289600372,1766708142213
3,0.2908194661140442,1766708143299
3,0.13380777835845947,1766708144450
3,0.27815818786621094,1766708145403
3,0.23368647694587708,1766708146578
3,0.32030749320983887,1766708147614
3,0.19828256964683533,1766708148671
3,0.12146101891994476,1766708149834
3,0.7961599826812744,1766708150824
3,0.21705126762390137,1766708152139
3,0.17901983857154846,1766708153148
3,0.15081454813480377,1766708154246
3,0.1821514070034027,1766708155412
3,0.2509905695915222,1766708156462
3,0.1637716144323349,1766708157700
3,0.2550183832645416,1766708158696
3,0.28979286551475525,1766708159865
3,0.14676342904567719,1766708160970
3,0.24252092838287354,1766708161948
3,0.1276317536830902,1766708163172
3,0.19739878177642822,1766708164071
3,0.15447449684143066,1766708165301
3,0.3371284008026123,1766708166309
3,0.2530026435852051,1766708167368
3,0.11939526349306107,1766708168535
3,0.26818621158599854,1766708169446
3,0.3163195252418518,1766708170625
3,0.14029546082019806,1766708171710
3,0.38223737478256226,1766708172829
3,0.17309612035751343,1766708174094
3,0.1723049134016037,1766708175056
3,0.21502679586410522,1766708176175
3,0.09705987572669983,1766708177233
3,0.12461433559656143,1766708178344
3,0.4418184757232666,1766708179468
3,0.21509093046188354,1766708180618
3,0.2933868169784546,1766708181645
3,0.15821632742881775,1766708182770
3,0.1794494092464447,1766708183932
3,0.20097395777702332,1766708185070
3,0.26823943853378296,1766708186216
3,0.13862423598766327,1766708187265
3,0.22315753996372223,1766708188362
3,0.1235465556383133,1766708189459
3,0.4896649122238159,1766708190601
3,0.24862179160118103,1766708191707
3,0.08753063529729843,1766708192825
3,0.2641557455062866,1766708193892
3,0.19353312253952026,1766708194963
3,0.17795884609222412,1766708196020
3,0.409756064414978,1766708197070
3,0.10609936714172363,1766708198164
3,0.0946933701634407,1766708199213
3,0.24318715929985046,1766708200243
3,0.10530111193656921,1766708201372
3,0.09969563782215118,1766708202400
3,0.21083292365074158,1766708203524
3,0.22772718966007233,1766708204612
3,0.19252392649650574,1766708205703
3,0.12579406797885895,1766708206866
3,0.155288428068161,1766708207982
3,0.25818711519241333,1766708209162
3,0.09173748642206192,1766708210326
3,0.1879364550113678,1766708211355
3,0.10083064436912537,1766708212548
3,0.5873432159423828,1766708213441
3,0.09628911316394806,1766708214625
3,0.09726758301258087,1766708215658
3,0.13205896317958832,1766708216766
3,0.30887266993522644,1766708217982
3,0.13165758550167084,1766708219056
3,0.053539689630270004,1766708220286
3,0.2649919092655182,1766708221308
3,0.2801063656806946,1766708222412
3,0.33141154050827026,1766708223654
3,0.5469542741775513,1766708224627
3,0.07814564555883408,1766708225906
3,0.2374703735113144,1766708226838
3,0.16839313507080078,1766708227982
3,0.04190746322274208,1766708229065
3,0.23111310601234436,1766708230122
3,0.07858031988143921,1766708231250
3,0.18289992213249207,1766708232240
3,0.23174439370632172,1766708233458
3,0.18312585353851318,1766708234514
3,0.20213758945465088,1766708235614
3,0.486458420753479,1766708236735
3,0.3117901682853699,1766708237812
3,0.16859082877635956,1766708238976
3,0.22517108917236328,1766708240005
3,0.6374993920326233,1766708241127
3,0.0696001648902893,1766708242262
3,0.1605871170759201,1766708243369
3,0.14381475746631622,1766708244602
3,0.15053966641426086,1766708245605
3,0.12127793580293655,1766708246911
3,0.2402116060256958,1766708247954
3,0.1128273457288742,1766708249016
3,0.22694844007492065,1766708250197
3,0.24593515694141388,1766708251169
3,0.07808753848075867,1766708252364
3,0.1708088219165802,1766708253323
3,0.2595512270927429,1766708254514
3,0.1076873391866684,1766708255571
3,0.1858680546283722,1766708256565
3,0.24904842674732208,1766708257818
3,0.19616220891475677,1766708258807
3,0.14598572254180908,1766708260093
3,0.2921925187110901,1766708261186
3,0.13606466352939606,1766708262208
3,0.2461758404970169,1766708263497
3,0.3545380234718323,1766708264432
3,0.3389243483543396,1766708265687
3,0.4513741135597229,1766708266730
3,0.38415446877479553,1766708267727
3,0.2880629301071167,1766708269075
3,0.09955865144729614,1766708269996
3,0.1353582739830017,1766708271184
3,0.2746499180793762,1766708272231
3,0.21780788898468018,1766708273353
3,0.16471213102340698,1766708274604
3,0.06742653995752335,1766708275462
3,0.18707101047039032,1766708276626
3,0.4001925587654114,1766708277541
3,0.27185767889022827,1766708278542
3,0.09416726231575012,1766708279777
3,0.04939207807183266,1766708280684
3,0.11146736145019531,1766708281942
3,0.3574959635734558,1766708282966
3,0.3835912048816681,1766708284025
3,0.246511310338974,1766708285215
3,0.08358383178710938,1766708286214
3,0.11233106255531311,1766708287411
3,0.13189414143562317,1766708288454
3,0.2396813929080963,1766708289572
3,0.3659086525440216,1766708290789
3,0.2825215458869934,1766708291685
3,0.12966889142990112,1766708292844
3,0.23028047382831573,1766708293902
3,0.3199261426925659,1766708294978
3,0.1158963069319725,1766708296262
3,0.38320183753967285,1766708297222
3,0.2502642273902893,1766708298543
3,0.20545503497123718,1766708299439
3,0.3136499524116516,1766708300508
3,0.132512629032135,1766708301705
3,0.11700546741485596,1766708302659
3,0.2991853356361389,1766708303931
3,0.10624919086694717,1766708304895
3,0.17282676696777344,1766708305859
3,0.387551486492157,1766708307044
3,0.3040510416030884,1766708307949
3,0.2020004391670227,1766708309253
3,0.19801883399486542,1766708310247
3,0.22885915637016296,1766708311258
3,0.36487770080566406,1766708312546
3,0.41820240020751953,1766708313445
3,0.2197042554616928,1766708314807
3,0.10394400358200073,1766708315790
3,0.4254286587238312,1766708316835
3,0.19866037368774414,1766708318072
3,0.17669636011123657,1766708319047
3,0.10876435041427612,1766708320262
3,0.13721415400505066,1766708321279
3,0.14516079425811768,1766708322285
3,0.22576984763145447,1766708323599
3,0.20052006840705872,1766708324528
3,0.23944711685180664,1766708325674
3,0.30347877740859985,1766708326692
3,0.1345963478088379,1766708327686
3,0.19601736962795258,1766708329031
3,0.22374503314495087,1766708329941
3,0.0455501414835453,1766708331160
3,0.26914268732070923,1766708332206
3,0.1004122793674469,1766708333154
3,0.2947046756744385,1766708334493
3,0.043464794754981995,1766708335392
3,0.21022585034370422,1766708336581
3,0.2206290066242218,1766708337692
3,0.2319713979959488,1766708338684
3,0.1988983154296875,1766708339983
3,0.2693502902984619,1766708340950
3,0.1443152278661728,1766708342221
3,0.028430543839931488,1766708343256
3,0.14836840331554413,1766708344226
3,0.20968244969844818,1766708345492
3,0.10840872675180435,1766708346388
3,0.18725299835205078,1766708347489
3,0.2264699786901474,1766708348627
3,0.138795405626297,1766708349577
3,0.1456383615732193,1766708350870
3,0.12265540659427643,1766708351803
3,0.16842904686927795,1766708352810
3,0.24681925773620605,1766708353959
3,0.5676801204681396,1766708354860
3,0.19389668107032776,1766708356144
3,0.4531645178794861,1766708357067
3,0.21780234575271606,1766708358106
3,0.10019207000732422,1766708359367
3,0.23497356474399567,1766708360315
3,0.1506441831588745,1766708361533
3,0.2810039520263672,1766708362575
3,0.21392574906349182,1766708363631
3,0.12685254216194153,1766708364846
3,0.4805188477039337,1766708365790
3,0.11963094770908356,1766708367074
3,0.12430760264396667,1766708368108
3,0.5365287065505981,1766708368979
3,0.1751125156879425,1766708370236
3,0.16302180290222168,1766708371134
3,0.22463083267211914,1766708372279
3,0.14162549376487732,1766708373415
3,0.07583059370517731,1766708374378
3,0.13374881446361542,1766708375640
3,0.4122236371040344,1766708376620
3,0.2633213400840759,1766708377731
3,0.18616481125354767,1766708378933
3,0.06727911531925201,1766708379843
3,0.210222989320755,1766708381143
3,0.2778005003929138,1766708382094
3,0.05397477746009827,1766708383109
3,0.10751426219940186,1766708384371
3,0.1231984794139862,1766708385236
3,0.09637933224439621,1766708386480
3,0.035104408860206604,1766708387452
3,0.033716872334480286,1766708388503
3,0.06934461742639542,1766708389745
3,0.19341979920864105,1766708390700
3,0.20662471652030945,1766708391893
3,0.03517690673470497,1766708393046
3,0.12832507491111755,1766708394049
3,0.13540013134479523,1766708395239
3,0.3462100625038147,1766708396191
3,0.18443827331066132,1766708397340
3,0.2492893785238266,1766708398466
3,0.042341191321611404,1766708399388
3,1.1237419843673706,1766708400666
3,0.13948272168636322,1766708401622
3,0.23632632195949554,1766708402718
3,0.45439600944519043,1766708403845
3,0.0748237669467926,1766708404841
3,0.08642648160457611,1766708406087
3,0.20078088343143463,1766708406991
3,0.1328410655260086,1766708408191
3,0.2547581195831299,1766708409283
3,0.13473933935165405,1766708410299
3,0.4142623543739319,1766708411543
3,0.28969311714172363,1766708412416
3,0.20493824779987335,1766708413505
3,0.19803038239479065,1766708414631
3,0.12480176240205765,1766708415619
3,0.17486342787742615,1766708416966
3,0.2437988519668579,1766708417914
3,0.2528257668018341,1766708419180
3,0.288778156042099,1766708420216
3,0.24662154912948608,1766708421202
3,0.18832561373710632,1766708422480
3,0.30570974946022034,1766708423382
3,0.31083452701568604,1766708424637
3,0.2703028917312622,1766708425751
3,0.16450577974319458,1766708426737
3,0.10268285125494003,1766708428070
3,0.1629340946674347,1766708428971
3,0.10589069873094559,1766708430172
3,0.1752508580684662,1766708431199
3,0.17676016688346863,1766708432214
3,0.36182233691215515,1766708433465
3,0.2991086542606354,1766708434396
3,0.22826333343982697,1766708435629
3,0.06559176743030548,1766708436658
3,0.2404654622077942,1766708437724
3,0.3382561206817627,1766708438949
3,0.15666773915290833,1766708439892
3,0.15592414140701294,1766708441087
3,0.3838024437427521,1766708442192
3,0.1142616719007492,1766708443094
3,0.10571983456611633,1766708444450
3,0.09091666340827942,1766708445393
3,0.14064621925354004,1766708446605
3,0.1341894567012787,1766708447768
3,0.1672249734401703,1766708448787
3,0.2603611350059509,1766708450115
3,0.43527400493621826,1766708450988
3,0.2810065448284149,1766708452253
3,0.18556740880012512,1766708453274
3,0.3665844798088074,1766708454278
3,0.1656631976366043,1766708455473
3,0.1549762487411499,1766708456410
3,0.1915188729763031,1766708457504
3,0.10050012916326523,1766708458659
3,0.19029763340950012,1766708459662
3,0.22179201245307922,1766708460968
3,0.27731651067733765,1766708461843
3,0.22519925236701965,1766708463057
3,0.1805844008922577,1766708464111
3,0.1251116394996643,1766708465054
3,0.24512320756912231,1766708466373
3,0.24249178171157837,1766708467170
3,0.3348762094974518,1766708468174
3,0.17326298356056213,1766708469351
3,0.21132484078407288,1766708470123
3,0.07744896411895752,1766708471121
3,0.18532434105873108,1766708471956
3,0.6225034594535828,1766708472750
3,0.22098258137702942,1766708473891
3,0.09264431893825531,1766708474957
3,0.07201354950666428,1766708475851
3,0.1095912754535675,1766708476956
3,0.17012068629264832,1766708477739
3,0.5029104948043823,1766708478588
3,0.08560194820165634,1766708479800
3,0.25901085138320923,1766708480712
3,0.1591162085533142,1766708481858
3,0.46672922372817993,1766708482858
3,0.2255794107913971,1766708483769
3,0.23621639609336853,1766708484997
3,0.07867076247930527,1766708485908
3,0.18495064973831177,1766708487043
3,0.21119549870491028,1766708488159
3,0.05514972656965256,1766708489138
3,0.15674114227294922,1766708490438
3,0.07445009797811508,1766708491417
3,0.0826270580291748,1766708492738
3,0.1352425217628479,1766708493759
3,0.3859260082244873,1766708494755
3,0.12008986622095108,1766708496065
3,0.2215515375137329,1766708497001
3,0.3508366346359253,1766708498300
3,0.08148884773254395,1766708499323
3,0.12838874757289886,1766708500318
3,0.12583336234092712,1766708501605
3,0.1488565057516098,1766708502550
3,0.25681033730506897,1766708503815
3,0.047569774091243744,1766708504811
3,0.16744594275951385,1766708505830
3,0.17489472031593323,1766708507105
3,0.4214497208595276,1766708508037
3,0.15007495880126953,1766708509363
3,0.16280128061771393,1766708510307
3,0.2082383930683136,1766708511335
3,0.36591145396232605,1766708512601
3,0.10850857943296432,1766708513545
3,0.04837816208600998,1766708514699
3,0.09004290401935577,1766708515722
3,0.1678781807422638,1766708516725
3,0.288848876953125,1766708517982
3,0.10336059331893921,1766708518889
3,0.13362842798233032,1766708520151
3,0.12800975143909454,1766708521136
3,0.129454106092453,1766708522098
3,0.19933980703353882,1766708523321
3,0.08985330164432526,1766708524247
3,0.07708854228258133,1766708525535
3,0.20511958003044128,1766708526385
3,0.17614144086837769,1766708527495
3,0.14049740135669708,1766708528745
3,0.1418742537498474,1766708529683
3,0.06838519871234894,1766708531053
3,0.14421413838863373,1766708532003
3,0.23197105526924133,1766708533121
3,0.08598461747169495,1766708534225
3,0.1218440905213356,1766708535105
3,0.1819125860929489,1766708536317
3,0.3449115455150604,1766708537316
3,0.1969887912273407,1766708538481
3,0.32826852798461914,1766708539573
3,0.2380090057849884,1766708540543
3,0.36458125710487366,1766708541849
3,0.057808492332696915,1766708542713
3,0.15728937089443207,1766708543923
3,0.0839444249868393,1766708545009
3,0.19505131244659424,1766708546020
3,0.03065529093146324,1766708547249
3,0.07577231526374817,1766708548220
3,0.30916446447372437,1766708549346
3,0.05496383458375931,1766708550395
3,0.2712627649307251,1766708551485
3,0.07286541163921356,1766708552639
3,0.06459067016839981,1766708553552
3,0.2687969207763672,1766708554804
3,0.15272098779678345,1766708555811
3,0.4481598734855652,1766708556827
3,0.21573218703269958,1766708557965
3,0.16414496302604675,1766708558901
3,0.11639855802059174,1766708560118
3,0.13378585875034332,1766708561080
3,0.18652673065662384,1766708562158
3,0.09688492119312286,1766708563391
3,0.15824547410011292,1766708564272
3,0.35797548294067383,1766708565494
3,0.22581960260868073,1766708566459
3,0.30991843342781067,1766708567501
3,0.08469267189502716,1766708568870
3,0.28736525774002075,1766708569751
3,0.22570078074932098,1766708571035
3,0.08499310910701752,1766708572013
3,0.21295887231826782,1766708572966
3,0.17958323657512665,1766708574081
3,0.0940108522772789,1766708575041
3,0.6032241582870483,1766708576248
3,0.3698387145996094,1766708577274
3,0.26163315773010254,1766708578337
3,0.25025221705436707,1766708579526
3,0.18375273048877716,1766708580414
3,0.18144308030605316,1766708581647
3,0.10729280114173889,1766708582658
3,0.12848469614982605,1766708583742
3,0.11499233543872833,1766708584993
3,0.16621121764183044,1766708585893
3,0.09850393235683441,1766708587093
3,0.23501715064048767,1766708588104
3,0.3518329858779907,1766708589181
3,0.1290343701839447,1766708590408
3,0.09930814802646637,1766708591385
3,0.1769743710756302,1766708592634
3,0.12647464871406555,1766708593591
3,0.18059583008289337,1766708594759
3,0.30113866925239563,1766708595900
3,0.23680326342582703,1766708596853
3,0.3464506268501282,1766708598101
3,0.09386397898197174,1766708599002
3,0.19444897770881653,1766708600074
3,0.142121821641922,1766708601184
3,0.17927685379981995,1766708602147
3,0.11769471317529678,1766708603437
3,0.1134447306394577,1766708604444
3,0.21931642293930054,1766708605515
3,0.1068672388792038,1766708606585
3,0.1570686250925064,1766708607592
3,0.06428100168704987,1766708608884
3,0.032931577414274216,1766708609770
3,0.18923050165176392,1766708611004
3,0.14678587019443512,1766708612089
3,0.1469070017337799,1766708613097
3,0.037332724779844284,1766708614354
3,0.13704830408096313,1766708615278
3,0.1811313033103943,1766708616336
3,0.3461185395717621,1766708617328
3,0.26391756534576416,1766708618308
3,0.19651032984256744,1766708619603
3,0.13183461129665375,1766708620470
3,0.3457720875740051,1766708621618
3,0.024470537900924683,1766708622706
3,0.3168705701828003,1766708623749
3,0.15240582823753357,1766708625014
3,0.08615762740373611,1766708625892
3,0.19023633003234863,1766708627088
3,0.1427830010652542,1766708628263
3,0.14692571759223938,1766708629261
3,0.26352906227111816,1766708630514
3,0.6286492347717285,1766708631477
3,0.2745348811149597,1766708632631
3,0.42059412598609924,1766708633734
3,0.2622602880001068,1766708634817
3,0.07274745404720306,1766708636082
3,0.14590664207935333,1766708637037
3,0.2247287780046463,1766708638256
3,0.09462612122297287,1766708639255
3,0.18744714558124542,1766708640384
3,0.2989903688430786,1766708641571
3,0.19254860281944275,1766708642561
3,0.2095695436000824,1766708643777
3,0.12071956694126129,1766708644831
3,0.09905561804771423,1766708645940
3,0.16208404302597046,1766708647018
3,0.14945191144943237,1766708648085
3,0.13067874312400818,1766708649209
3,0.15612679719924927,1766708650274
3,0.2598181962966919,1766708651386
3,0.4062066972255707,1766708652518
3,0.1766194999217987,1766708653585
3,0.10919594764709473,1766708654633
3,0.3279622495174408,1766708655645
3,0.158265620470047,1766708656795
3,0.24587537348270416,1766708657907
3,0.40444064140319824,1766708658987
3,0.29198774695396423,1766708660090
3,0.11271366477012634,1766708661213
3,0.20157766342163086,1766708662372
3,0.2201220691204071,1766708663433
3,0.2379007190465927,1766708664520
3,0.1837831437587738,1766708665657
3,0.15535584092140198,1766708666728
3,0.16689251363277435,1766708667804
3,0.09934130311012268,1766708668884
3,0.07428213953971863,1766708670064
3,0.1639660745859146,1766708671157
3,0.12450292706489563,1766708672329
3,0.23386557400226593,1766708673457
3,0.06212344765663147,1766708674455
3,0.19854533672332764,1766708675510
3,0.22780445218086243,1766708676567
3,0.11618322134017944,1766708677625
3,0.12722358107566833,1766708678826
3,0.09684531390666962,1766708679903
3,0.07214277237653732,1766708681130
3,0.4950680732727051,1766708682142
3,0.08728747069835663,1766708683238
3,0.19100607931613922,1766708684361
3,0.4891049861907959,1766708685357
3,0.0753360167145729,1766708686570
3,0.2135101854801178,1766708687559
3,0.04513334482908249,1766708688858
3,0.1497844159603119,1766708689933
3,0.11722379922866821,1766708690991
3,0.29461419582366943,1766708692189
3,0.14319872856140137,1766708693138
3,0.2654654085636139,1766708694366
3,0.031331855803728104,1766708695345
3,0.24830032885074615,1766708696451
3,0.18184709548950195,1766708697600
3,0.18602906167507172,1766708698520
3,0.21629031002521515,1766708699730
3,0.10292307287454605,1766708700743
3,0.11360510438680649,1766708701834
3,0.07894515991210938,1766708702923
3,0.1378067284822464,1766708703893
3,0.11719322949647903,1766708705081
3,0.17167243361473083,1766708706097
3,0.298576295375824,1766708707238
3,0.19041520357131958,1766708708375
3,0.0939062088727951,1766708709384
3,0.09412215650081635,1766708710650
3,0.1827540397644043,1766708711589
3,0.08322985470294952,1766708712769
3,0.5390831828117371,1766708713813
3,0.19285863637924194,1766708714891
3,0.11319530010223389,1766708716154
3,0.20434409379959106,1766708717080
3,0.09764896333217621,1766708718255
3,0.08638092130422592,1766708719297
3,0.13256116211414337,1766708720272
3,0.11784359067678452,1766708721593
3,0.1172756776213646,1766708722559
3,0.1959037184715271,1766708723697
3,0.13005825877189636,1766708724748
3,0.2836194932460785,1766708725708
3,0.03756796568632126,1766708726994
3,0.12071128934621811,1766708727890
3,0.28837159276008606,1766708729105
3,0.17125627398490906,1766708730175
3,0.14814719557762146,1766708731050
3,0.149337500333786,1766708732415
3,0.20545214414596558,1766708733326
3,0.168447807431221,1766708734478
3,0.28790855407714844,1766708735538
3,0.10933774709701538,1766708736581
3,0.11931248754262924,1766708737859
3,0.24499815702438354,1766708738835
3,0.147723987698555,1766708739998
3,0.14763516187667847,1766708741094
3,0.15806008875370026,1766708741990
3,0.12636828422546387,1766708743369
3,0.0515214167535305,1766708744321
3,0.103981152176857,1766708745627
3,0.17284205555915833,1766708746647
3,0.17614388465881348,1766708747645
3,0.09435005486011505,1766708748967
3,0.04174165055155754,1766708749850
3,0.21134501695632935,1766708750958
3,0.3366578221321106,1766708752046
3,0.3727622628211975,1766708752948
3,0.1406308114528656,1766708754163
3,0.0998033955693245,1766708755098
3,0.1921556293964386,1766708756238
3,0.07601625472307205,1766708757396
3,0.24048753082752228,1766708758262
3,0.4213533401489258,1766708759585
3,0.23225559294223785,1766708760453
3,0.1792956292629242,1766708761638
3,0.27262869477272034,1766708762768
3,0.31543004512786865,1766708763703
3,0.0998738706111908,1766708764999
3,0.3348119258880615,1766708765951
3,0.20859698951244354,1766708767010
3,0.1459702104330063,1766708768074
3,0.17119650542736053,1766708769010
3,0.23166942596435547,1766708770388
3,0.16920113563537598,1766708771300
3,0.08028297871351242,1766708772420
3,0.26537448167800903,1766708773589
3,0.16569620370864868,1766708774570
3,0.12663334608078003,1766708775891
3,0.2681281566619873,1766708776769
3,0.12759312987327576,1766708777866
3,0.20645993947982788,1766708779088
3,0.2749685049057007,1766708779969
3,0.21877136826515198,1766708781212
3,0.10699641704559326,1766708782229
3,0.27787089347839355,1766708783247
3,0.033789195120334625,1766708784471
3,0.1708221435546875,1766708785356
3,0.16992561519145966,1766708786526
3,0.2508339285850525,1766708787457
3,0.11338526755571365,1766708788582
3,0.21675154566764832,1766708789763
3,0.05161375179886818,1766708790774
3,0.25797513127326965,1766708792085
3,0.23441220819950104,1766708793088
3,0.13123781979084015,1766708794159
3,0.13700634241104126,1766708795230
3,0.1481703519821167,1766708796232
3,0.11902914941310883,1766708797398
3,0.13973261415958405,1766708798364
4,0.15562301874160767,1766708799472
4,0.14417460560798645,1766708800494
4,0.16683585941791534,1766708801660
4,0.16152557730674744,1766708802843
4,0.29182004928588867,1766708803826
4,0.15658994019031525,1766708805009
4,0.13233362138271332,1766708805979
4,0.22294394671916962,1766708807097
4,0.19018957018852234,1766708808323
4,0.16437828540802002,1766708809374
4,0.26690760254859924,1766708810616
4,0.1534081995487213,1766708811532
4,0.06596802175045013,1766708812594
4,0.13027624785900116,1766708813669
4,0.060361575335264206,1766708814840
4,0.15141353011131287,1766708815829
4,0.13828441500663757,1766708816898
4,0.268414169549942,1766708818053
4,0.16502805054187775,1766708819104
4,0.12404986470937729,1766708820185
4,0.18751731514930725,1766708821332
4,0.07804825156927109,1766708822429
4,0.14322982728481293,1766708823424
4,0.12288351356983185,1766708824581
4,0.5386937856674194,1766708825617
4,0.10451732575893402,1766708826600
4,0.11436329782009125,1766708827716
4,0.09095374494791031,1766708828724
4,0.1301424205303192,1766708829770
4,0.22121627628803253,1766708830869
4,0.25690746307373047,1766708831980
4,0.10124462097883224,1766708833089
4,0.033988356590270996,1766708834088
4,0.14268626272678375,1766708835237
4,0.13921800255775452,1766708836358
4,0.060782626271247864,1766708837498
4,0.06803625822067261,1766708838634
4,0.4407278597354889,1766708839646
4,0.19799739122390747,1766708840763
4,0.26390451192855835,1766708841795
4,0.09968933463096619,1766708842885
4,0.17140257358551025,1766708843973
4,0.21010583639144897,1766708844944
4,0.15406008064746857,1766708846068
4,0.10586536675691605,1766708847160
4,0.38596802949905396,1766708848277
4,0.07312628626823425,1766708849445
4,0.10345055162906647,1766708850571
4,0.21775293350219727,1766708851617
4,0.2106335610151291,1766708852789
4,0.23378953337669373,1766708853797
4,0.0558728352189064,1766708854960
4,0.07089589536190033,1766708856009
4,0.08471120893955231,1766708857047
4,0.11340069025754929,1766708858224
4,0.07113675028085709,1766708859243
4,0.18977051973342896,1766708860430
4,0.22714917361736298,1766708861453
4,0.09779290854930878,1766708862588
4,0.14093409478664398,1766708863650
4,0.020019646733999252,1766708864644
4,0.23709414899349213,1766708865946
4,0.10966610163450241,1766708866982
4,0.26499703526496887,1766708868277
4,0.2201160490512848,1766708869392
4,0.1331281065940857,1766708870517
4,0.1160397082567215,1766708871632
4,0.45042330026626587,1766708872603
4,0.1970566213130951,1766708873827
4,0.44156694412231445,1766708874871
4,0.28447413444519043,1766708876047
4,0.09241519123315811,1766708877200
4,0.21771550178527832,1766708878323
4,0.09469033777713776,1766708879410
4,0.26398468017578125,1766708880473
4,0.13428246974945068,1766708881474
4,0.12285781651735306,1766708882568
4,0.1363016664981842,1766708883675
4,0.06930547952651978,1766708884716
4,0.06598860770463943,1766708885893
4,0.13768666982650757,1766708886936
4,0.1237211525440216,1766708888031
4,0.08519718050956726,1766708889073
4,0.13453465700149536,1766708890197
4,0.2247723788022995,1766708891363
4,0.21694311499595642,1766708892446
4,0.18818309903144836,1766708893661
4,0.40755733847618103,1766708894741
4,0.18089237809181213,1766708895904
4,0.10327233374118805,1766708897031
4,0.10068508237600327,1766708898019
4,0.026998136192560196,1766708899115
4,0.22656561434268951,1766708900184
4,0.19449567794799805,1766708901244
4,0.09519241750240326,1766708902391
4,0.20691826939582825,1766708903452
4,0.40246349573135376,1766708904530
4,0.10765709728002548,1766708905597
4,0.08012543618679047,1766708906613
4,0.09359351545572281,1766708907797
4,0.22319334745407104,1766708908894
4,0.11627832800149918,1766708909889
4,0.1964532732963562,1766708910969
4,0.28895288705825806,1766708911933
4,0.1338041126728058,1766708913215
4,0.16846367716789246,1766708914259
4,0.1830107867717743,1766708915362
4,0.17072299122810364,1766708916483
4,0.10101582109928131,1766708917465
4,0.2048659324645996,1766708918666
4,0.13009165227413177,1766708919577
4,0.24844875931739807,1766708920734
4,0.11017394065856934,1766708921899
4,0.09696024656295776,1766708922893
4,0.15446700155735016,1766708923946
4,0.09958771616220474,1766708925060
4,0.13574481010437012,1766708926165
4,0.07586823403835297,1766708927291
4,0.19430232048034668,1766708928462
4,0.11013740301132202,1766708929490
4,0.1526300609111786,1766708930535
4,0.07101587951183319,1766708931685
4,0.09376589953899384,1766708932723
4,0.0414755716919899,1766708933859
4,0.2876995801925659,1766708934973
4,0.21352286636829376,1766708935915
4,0.13961181044578552,1766708937090
4,0.15051716566085815,1766708938208
4,0.030993148684501648,1766708939304
4,0.0820748433470726,1766708940463
4,0.08626379817724228,1766708941512
4,0.18409979343414307,1766708942626
4,0.0927896574139595,1766708943697
4,0.036942578852176666,1766708944742
4,0.22287985682487488,1766708945846
4,0.1468459516763687,1766708946970
4,0.24640291929244995,1766708948024
4,0.0545986145734787,1766708949132
4,0.03459423407912254,1766708950221
4,0.2614651322364807,1766708951291
4,0.1161140501499176,1766708952425
4,0.26098254323005676,1766708953470
4,0.13858425617218018,1766708954533
4,0.008369723334908485,1766708955618
4,0.14208240807056427,1766708956733
4,0.23776495456695557,1766708957915
4,0.16068041324615479,1766708958944
4,0.061159152537584305,1766708959923
4,0.10215333104133606,1766708961082
4,0.14321643114089966,1766708962129
4,0.08497661352157593,1766708963261
4,0.1522589921951294,1766708964414
4,0.35845258831977844,1766708965443
4,0.17227241396903992,1766708966513
4,0.19426412880420685,1766708967639
4,0.09280481934547424,1766708968688
4,0.16319464147090912,1766708969909
4,0.020009925588965416,1766708971063
4,0.13990303874015808,1766708972171
4,0.016367148607969284,1766708973238
4,0.2102544605731964,1766708974215
4,0.17418204247951508,1766708975365
4,0.12104549258947372,1766708976439
4,0.2481623739004135,1766708977520
4,0.48290741443634033,1766708978621
4,0.32063010334968567,1766708979626
4,0.2746928930282593,1766708980725
4,0.06916792690753937,1766708981975
4,0.03772285580635071,1766708983026
4,0.28337669372558594,1766708984116
4,0.2076006680727005,1766708985194
4,0.43124690651893616,1766708986183
4,0.16467100381851196,1766708987379
4,0.15121996402740479,1766708988481
4,0.08548764884471893,1766708989730
4,0.07136671245098114,1766708990870
4,0.15096214413642883,1766708991977
4,0.2617141008377075,1766708993186
4,0.20509135723114014,1766708994151
4,0.034814491868019104,1766708995319
4,0.09256049990653992,1766708996399
4,0.20780827105045319,1766708997523
4,0.04703691601753235,1766708998594
4,0.22437641024589539,1766708999659
4,0.12122996896505356,1766709000784
4,0.214044988155365,1766709001892
4,0.15954189002513885,1766709002909
4,0.30637773871421814,1766709003996
4,0.08250200748443604,1766709005037
4,0.03897535428404808,1766709006062
4,0.15677180886268616,1766709007248
4,0.09518644213676453,1766709008352
4,0.114665687084198,1766709009382
4,0.09709343314170837,1766709010513
4,0.06562073528766632,1766709011498
4,0.27685439586639404,1766709012659
4,0.06665606051683426,1766709013535
4,0.031676284968853,1766709014595
4,0.10111245512962341,1766709015678
4,0.1531161069869995,1766709016596
4,0.15117745101451874,1766709017869
4,0.1444297730922699,1766709018876
4,0.0919552892446518,1766709019977
4,0.0700838640332222,1766709021162
4,0.18446867167949677,1766709022134
4,0.07268363237380981,1766709023392
4,0.09592710435390472,1766709024355
4,0.08948152512311935,1766709025558
4,0.08598171919584274,1766709026649
4,0.14814242720603943,1766709027669
4,0.2880266308784485,1766709028923
4,0.036750659346580505,1766709029922
4,0.17385217547416687,1766709031075
4,0.3076714873313904,1766709032074
4,0.18931272625923157,1766709033123
4,0.1309649795293808,1766709034309
4,0.25424104928970337,1766709035253
4,0.1786561757326126,1766709036393
4,0.2335568517446518,1766709037407
4,0.06005403771996498,1766709038522
4,0.24522246420383453,1766709039546
4,0.25434279441833496,1766709040574
4,0.2006540596485138,1766709041746
4,0.11269626021385193,1766709042718
4,0.16157513856887817,1766709043797
4,0.33635449409484863,1766709044794
4,0.11577810347080231,1766709045802
4,0.0986010879278183,1766709046874
4,0.13065007328987122,1766709047982
4,0.062357984483242035,1766709049094
4,0.2156265377998352,1766709050193
4,0.1379856914281845,1766709051211
4,0.03755325451493263,1766709052386
4,0.16911189258098602,1766709053391
4,0.1045684963464737,1766709054574
4,0.13572852313518524,1766709055648
4,0.22838374972343445,1766709056674
4,0.2880634069442749,1766709057854
4,0.31897681951522827,1766709058791
4,0.027005260810256004,1766709060002
4,0.09457658231258392,1766709061066
4,0.11893029510974884,1766709062016
4,0.13379612565040588,1766709063203
4,0.11011640727519989,1766709064161
4,0.10986287891864777,1766709065332
4,0.09830683469772339,1766709066343
4,0.16841328144073486,1766709067346
4,0.17694970965385437,1766709068430
4,0.10276665538549423,1766709069361
4,0.07430790364742279,1766709070454
4,0.14055627584457397,1766709071479
4,0.09984078258275986,1766709072580
4,0.3498988151550293,1766709073746
4,0.14437773823738098,1766709074597
4,0.20399558544158936,1766709075795
4,0.15537796914577484,1766709076799
4,0.14577287435531616,1766709077806
4,0.1277761161327362,1766709079084
4,0.09316656738519669,1766709080066
4,0.12476685643196106,1766709081255
4,0.07204945385456085,1766709082221
4,0.1749168485403061,1766709083361
4,0.08595690131187439,1766709084523
4,0.2786208391189575,1766709085488
4,0.171649768948555,1766709086759
4,0.16967983543872833,1766709087730
4,0.2367042899131775,1766709088827
4,0.04458260536193848,1766709089984
4,0.06074389070272446,1766709090990
4,0.10712508857250214,1766709092210
4,0.10990074276924133,1766709093146
4,0.036808088421821594,1766709094237
4,0.01658197119832039,1766709095390
4,0.09065595269203186,1766709096370
4,0.04633425548672676,1766709097696
4,0.13091422617435455,1766709098665
4,0.18895044922828674,1766709099801
4,0.033372968435287476,1766709100920
4,0.13976804912090302,1766709101943
4,0.11194153875112534,1766709103187
4,0.06837822496891022,1766709104057
4,0.08625246584415436,1766709105313
4,0.256106972694397,1766709106358
4,0.10162506997585297,1766709107310
4,0.006161837838590145,1766709108651
4,0.192881241440773,1766709109625
4,0.14353276789188385,1766709110894
4,0.250611811876297,1766709111899
4,0.4182531535625458,1766709112882
4,0.1855756640434265,1766709114184
4,0.1022501140832901,1766709115088
4,0.12706461548805237,1766709116244
4,0.17839951813220978,1766709117341
4,0.15113893151283264,1766709118213
4,0.041477374732494354,1766709119545
4,0.19784647226333618,1766709120511
4,0.15176665782928467,1766709121584
4,0.09415487200021744,1766709122728
4,0.1125686764717102,1766709123763
4,0.07765984535217285,1766709125056
4,0.1520358920097351,1766709125923
4,0.15847519040107727,1766709127100
4,0.0926075279712677,1766709128110
4,0.04704562574625015,1766709129071
4,0.07982765138149261,1766709130309
4,0.14898057281970978,1766709131188
4,0.08712747693061829,1766709132352
4,0.05588642507791519,1766709133459
4,0.0661601573228836,1766709134427
4,0.28189244866371155,1766709135686
4,0.16556762158870697,1766709136445
4,0.1376654952764511,1766709137402
4,0.12315994501113892,1766709138490
4,0.22560110688209534,1766709139300
4,0.1171589121222496,1766709140357
4,0.1142200157046318,1766709141293
4,0.11005495488643646,1766709142061
4,0.07627356797456741,1766709143105
4,0.17458957433700562,1766709144064
4,0.17330826818943024,1766709144919
4,0.16062486171722412,1766709145981
4,0.28036874532699585,1766709146815
4,0.14344465732574463,1766709147605
4,0.6044146418571472,1766709148646
4,0.17574968934059143,1766709149408
4,0.19003307819366455,1766709150149
4,0.09886211156845093,1766709151288
4,0.07300998270511627,1766709152144
4,0.1035873144865036,1766709153045
4,0.3645574152469635,1766709154154
4,0.12061883509159088,1766709154997
4,0.16185593605041504,1766709155906
4,0.09182432293891907,1766709156993
4,0.14717337489128113,1766709157847
4,0.20736166834831238,1766709158811
4,0.07420992851257324,1766709159864
4,0.17957375943660736,1766709160711
4,0.053982559591531754,1766709161808
4,0.20186008512973785,1766709162822
4,0.22769604623317719,1766709163705
4,0.12802289426326752,1766709165140
4,0.2648836076259613,1766709166123
4,0.12876948714256287,1766709167249
4,0.30850452184677124,1766709168339
4,0.16931498050689697,1766709169123
4,0.10770489275455475,1766709170459
4,0.10474365949630737,1766709171344
4,0.08988562226295471,1766709172388
4,0.022524531930685043,1766709173576
4,0.08644281327724457,1766709174356
4,0.17812326550483704,1766709175565
4,0.06689487397670746,1766709176572
4,0.19027484953403473,1766709177374
4,0.11124490201473236,1766709178613
4,0.14051425457000732,1766709179461
4,0.16819989681243896,1766709180312
4,0.19056403636932373,1766709181580
4,0.045865774154663086,1766709182323
4,0.054832231253385544,1766709183295
4,0.1748984009027481,1766709184469
4,0.0838223472237587,1766709185192
4,0.10016872733831406,1766709186310
4,0.02919429913163185,1766709187427
4,0.03046363778412342,1766709188212
4,0.2894720435142517,1766709189590
4,0.08221083879470825,1766709190422
4,0.12120655924081802,1766709191197
4,0.192082479596138,1766709192652
4,0.08543144166469574,1766709193423
4,0.11298020929098129,1766709194309
4,0.30641692876815796,1766709195677
4,0.0464092455804348,1766709196422
4,0.03842733055353165,1766709197650
4,0.06715939193964005,1766709198626
4,0.17119814455509186,1766709199489
4,0.07718891650438309,1766709200924
4,0.2523864805698395,1766709201709
4,0.2122650146484375,1766709202508
4,0.1238861232995987,1766709203947
4,0.20530232787132263,1766709204737
4,0.1336923986673355,1766709205739
4,0.09864361584186554,1766709206901
4,0.12476559728384018,1766709207726
4,0.3720463514328003,1766709208988
4,0.10468687117099762,1766709209945
4,0.1883566528558731,1766709210734
4,0.10052509605884552,1766709212074
4,0.13870617747306824,1766709212979
4,0.3057113587856293,1766709213893
4,0.2434622049331665,1766709215160
4,0.08289965987205505,1766709215914
4,0.1304205358028412,1766709216997
4,0.03269917517900467,1766709218201
4,0.6302118897438049,1766709218967
4,0.06674616038799286,1766709220106
4,0.04765219986438751,1766709221144
4,0.10981374233961105,1766709221951
4,0.007483246736228466,1766709223372
4,0.3880159258842468,1766709224119
4,0.1051788181066513,1766709225170
4,0.1809709370136261,1766709226395
4,0.07612025737762451,1766709227233
4,0.34006285667419434,1766709228358
4,0.14550064504146576,1766709229401
4,0.24940748512744904,1766709230183
4,0.07110616564750671,1766709231506
4,0.11112470179796219,1766709232362
4,0.17643481492996216,1766709233222
4,0.1145922988653183,1766709234617
4,0.15275165438652039,1766709235440
4,0.22415460646152496,1766709236401
4,0.2269621193408966,1766709237389
4,0.08426516503095627,1766709238246
4,0.13396647572517395,1766709239638
4,0.13164420425891876,1766709240513
4,0.09193409979343414,1766709241401
4,0.0867200493812561,1766709242736
4,0.042489293962717056,1766709243516
4,0.09082472324371338,1766709244487
4,0.10986792296171188,1766709245581
4,0.07163058966398239,1766709246353
4,0.29089629650115967,1766709247480
4,0.0930483415722847,1766709248489
4,0.4165930151939392,1766709249287
4,0.028470352292060852,1766709250597
4,0.043135374784469604,1766709251484
4,0.1252935528755188,1766709252269
4,0.1415247619152069,1766709253549
4,0.3008207678794861,1766709254366
4,0.13433486223220825,1766709255213
4,0.23184460401535034,1766709256628
4,0.11519946902990341,1766709257371
4,0.17323660850524902,1766709258261
4,0.1687527894973755,1766709259556
4,0.14329321682453156,1766709260368
4,0.15976041555404663,1766709261531
4,0.14444127678871155,1766709262595
4,0.13327641785144806,1766709263396
4,0.20834672451019287,1766709264685
4,0.06941656768321991,1766709265547
4,0.09737661480903625,1766709266399
4,0.11184237897396088,1766709267693
4,0.19181407988071442,1766709268521
4,0.30387839674949646,1766709269506
4,0.09990029036998749,1766709270639
4,0.11863202601671219,1766709271388
4,0.21613739430904388,1766709272598
4,0.060306575149297714,1766709273609
4,0.13377562165260315,1766709274374
4,0.010904942639172077,1766709275825
4,0.15377669036388397,1766709276626
4,0.18234935402870178,1766709277447
4,0.08079719543457031,1766709278751
4,0.20625141263008118,1766709279552
4,0.18659444153308868,1766709280503
4,0.09030045568943024,1766709281697
4,0.05199810117483139,1766709282513
4,0.1709192395210266,1766709283836
4,0.11787839978933334,1766709284787
4,0.15506967902183533,1766709285650
4,0.1337697058916092,1766709286952
4,0.06273112446069717,1766709287769
4,0.21707852184772491,1766709288916
4,0.1307457685470581,1766709290009
4,0.14778368175029755,1766709290795
4,0.10605001449584961,1766709292060
4,0.037440527230501175,1766709292935
4,0.09878922253847122,1766709293883
4,0.15812721848487854,1766709295149
4,0.19370755553245544,1766709295922
4,0.04031774774193764,1766709297038
4,0.1755775660276413,1766709298160
4,0.034579187631607056,1766709298942
4,0.15566027164459229,1766709300211
4,0.09765227138996124,1766709301174
4,0.20317134261131287,1766709301970
4,0.2769400477409363,1766709303322
4,0.27280622720718384,1766709304137
4,0.05227924883365631,1766709305075
4,0.2580322027206421,1766709306403
4,0.13844484090805054,1766709307228
4,0.14947634935379028,1766709308309
4,0.19145649671554565,1766709309416
4,0.21727429330348969,1766709310257
4,0.28416550159454346,1766709311650
4,0.057067714631557465,1766709312462
4,0.16484320163726807,1766709313543
4,0.10807444155216217,1766709314745
4,0.17123237252235413,1766709315574
4,0.08008376508951187,1766709316841
4,0.1211538165807724,1766709317840
4,0.13311819732189178,1766709318967
4,0.09755115956068039,1766709320115
4,0.1682368665933609,1766709320953
4,0.05395587533712387,1766709322185
4,0.1652301400899887,1766709323132
4,0.09349595755338669,1766709324205
4,0.16052652895450592,1766709325254
4,0.09632634371519089,1766709326156
4,0.03697747737169266,1766709327188
4,0.16411152482032776,1766709328221
4,0.4035286605358124,1766709329259
4,0.1761670708656311,1766709330332
4,0.03419104963541031,1766709331255
4,0.04421937093138695,1766709332318
4,0.22029969096183777,1766709333302
4,0.025314798578619957,1766709334203
4,0.14736732840538025,1766709335573
4,0.1533229947090149,1766709336501
4,0.07468618452548981,1766709337800
4,0.1020379513502121,1766709338825
4,0.21427160501480103,1766709339791
4,0.2311861217021942,1766709340900
4,0.10695803910493851,1766709341878
4,0.14792849123477936,1766709343077
4,0.10295083373785019,1766709344061
4,0.061187993735075,1766709345110
4,0.12429556995630264,1766709346165
4,0.20710024237632751,1766709347184
4,0.17334476113319397,1766709348341
4,0.10714878886938095,1766709349280
4,0.040694646537303925,1766709350267
4,0.31321007013320923,1766709351350
4,0.15805979073047638,1766709352358
4,0.24893391132354736,1766709353499
4,0.19901946187019348,1766709354354
4,0.25514379143714905,1766709355318
4,0.15691599249839783,1766709356475
4,0.2147381752729416,1766709357506
4,0.17184489965438843,1766709358674
4,0.19884543120861053,1766709359564
4,0.19533830881118774,1766709360558
4,0.30140313506126404,1766709361830
4,0.2928328216075897,1766709362825
4,0.31996971368789673,1766709363905
4,0.01653984934091568,1766709364889
4,0.9230597019195557,1766709365836
4,0.27348068356513977,1766709367077
4,0.09311378747224808,1766709367956
4,0.057047247886657715,1766709369061
4,0.22924670577049255,1766709370171
4,0.07484184950590134,1766709371027
4,0.18021884560585022,1766709372231
4,0.20182380080223083,1766709373247
4,0.44991445541381836,1766709374278
4,0.2154906839132309,1766709375487
4,0.08596135675907135,1766709376349
4,0.16172312200069427,1766709377560
4,0.058500342071056366,1766709378553
4,0.13586509227752686,1766709379554
4,0.1987990140914917,1766709380758
4,0.1361793875694275,1766709381671
4,0.1661733090877533,1766709382834
4,0.1474704146385193,1766709383862
4,0.14066767692565918,1766709384721
4,0.14981961250305176,1766709385842
4,0.06861766427755356,1766709386839
4,0.06550611555576324,1766709387925
4,0.11087493598461151,1766709388977
4,0.39013704657554626,1766709389901
4,0.07024598121643066,1766709391018
4,0.19161482155323029,1766709392077
4,0.10974650084972382,1766709393199
4,0.3366701900959015,1766709394080
4,0.06098689138889313,1766709395027
4,0.17778727412223816,1766709396174
4,0.15149731934070587,1766709397077
4,0.5130940675735474,1766709398101
4,0.07157161831855774,1766709399174
4,0.1907178908586502,1766709400162
4,0.19049109518527985,1766709401324
4,0.07600158452987671,1766709402327
4,0.14686696231365204,1766709403231
4,0.0228506438434124,1766709404293
4,0.08299360424280167,1766709405246
4,0.2735275328159332,1766709406418
4,0.0947827398777008,1766709407429
4,0.02226649969816208,1766709408466
4,0.10852160304784775,1766709409547
4,0.15018533170223236,1766709410532
4,0.1401118040084839,1766709411674
4,0.08546832203865051,1766709412625
4,0.11654642224311829,1766709413565
4,0.10789007693529129,1766709414729
4,0.14040124416351318,1766709415668
4,0.2679237723350525,1766709416797
4,0.2876525819301605,1766709417806
4,0.18936999142169952,1766709418695
4,0.048330191522836685,1766709419863
4,0.08171266317367554,1766709420891
4,0.1715809404850006,1766709421933
4,0.21796947717666626,1766709422988
4,0.07432657480239868,1766709424018
4,0.08046696335077286,1766709425146
4,0.24148261547088623,1766709426207
4,0.11766862869262695,1766709427139
4,0.3985709547996521,1766709428251
4,0.14222267270088196,1766709429221
4,0.17055505514144897,1766709430312
4,0.11511501669883728,1766709431366
4,0.11175218224525452,1766709432483
4,0.2739288806915283,1766709433538
4,0.17104806005954742,1766709434489
4,0.15942788124084473,1766709435521
4,0.0791526585817337,1766709436594
4,0.15591003000736237,1766709437442
4,0.09401835501194,1766709438506
4,0.12465666234493256,1766709439599
4,0.15139293670654297,1766709440595
4,0.19669796526432037,1766709441532
4,0.14240804314613342,1766709442659
4,0.18347902595996857,1766709443585
4,0.12221093475818634,1766709444631
4,0.1808810830116272,1766709445725
4,0.09002901613712311,1766709446618
4,0.36652258038520813,1766709447765
4,0.11145912110805511,1766709448734
4,0.18432193994522095,1766709449652
4,0.21812857687473297,1766709450769
4,0.18242600560188293,1766709451781
4,0.013774402439594269,1766709452833
4,0.07627089321613312,1766709453841
4,0.14572511613368988,1766709454710
4,0.09341268986463547,1766709455887
4,0.23936206102371216,1766709456881
4,0.2983053922653198,1766709457827
4,0.12986430525779724,1766709458825
4,0.09787823259830475,1766709459854
4,0.08308528363704681,1766709461054
4,0.15042349696159363,1766709461993
4,0.06555529683828354,1766709463056
4,0.14130114018917084,1766709464144
4,0.1812511533498764,1766709465152
4,0.09770134836435318,1766709466250
4,0.09084047377109528,1766709467236
4,0.19551929831504822,1766709468479
4,0.028768271207809448,1766709469530
4,0.13483665883541107,1766709470540
4,0.126365527510643,1766709471518
4,0.06999374181032181,1766709472517
4,0.1585395783185959,1766709473615
4,0.019481249153614044,1766709474553
4,0.08408988267183304,1766709475561
4,0.31639498472213745,1766709476744
4,0.019154032692313194,1766709477623
4,0.14715750515460968,1766709478814
4,0.09376665949821472,1766709479823
4,0.17313537001609802,1766709480879
4,0.17332817614078522,1766709482010
4,0.04559724032878876,1766709482954
4,0.03856087476015091,1766709484081
4,0.1291949450969696,1766709485053
4,0.1756802201271057,1766709486132
4,0.09734456241130829,1766709487179
4,0.07351204752922058,1766709488150
4,0.18187882006168365,1766709489350
4,0.08515049517154694,1766709490299
4,0.2178674042224884,1766709491416
4,0.10611662268638611,1766709492319
4,0.14773450791835785,1766709493381
4,0.07263490557670593,1766709494524
4,0.0750320702791214,1766709495531
4,0.13613007962703705,1766709496654
4,0.05248585343360901,1766709497657
4,0.1828749179840088,1766709498661
4,0.02141893096268177,1766709499928
4,0.18793129920959473,1766709500812
4,0.01611775904893875,1766709501908
4,0.13878944516181946,1766709502846
4,0.11556299775838852,1766709503817
4,0.22556789219379425,1766709505001
4,0.20787756145000458,1766709505870
4,0.08062364161014557,1766709507078
4,0.20115730166435242,1766709508064
4,0.12716160714626312,1766709508978
4,0.033249665051698685,1766709510232
4,0.0822082906961441,1766709511031
4,0.2390078902244568,1766709512017
4,0.1563703715801239,1766709513169
4,0.18674740195274353,1766709513953
4,0.2636416554450989,1766709515136
4,0.27158403396606445,1766709516073
4,0.13461662828922272,1766709517093
4,0.09620918333530426,1766709518284
4,0.15116456151008606,1766709519116
4,0.29305440187454224,1766709520092
4,0.1249130517244339,1766709521205
4,0.047730181366205215,1766709522168
4,0.19148345291614532,1766709523446
4,0.046147361397743225,1766709524314
4,0.10664881020784378,1766709525434
4,0.12794597446918488,1766709526566
4,0.1121140643954277,1766709527450
4,0.13697253167629242,1766709528663
4,0.0662570372223854,1766709529653
4,0.06067170202732086,1766709530702
4,0.07842391729354858,1766709531890
4,0.015990056097507477,1766709532732
4,0.1252971589565277,1766709533962
4,0.11329852044582367,1766709534878
4,0.11147241294384003,1766709535926
4,0.23399102687835693,1766709537127
4,0.21124419569969177,1766709538030
4,0.20384454727172852,1766709539134
4,0.28051263093948364,1766709540200
4,0.08086156100034714,1766709541042
4,0.07199235260486603,1766709542382
4,0.04837065935134888,1766709543228
4,0.09242220968008041,1766709544260
4,0.07523611932992935,1766709545389
4,0.03171878680586815,1766709546218
4,0.14426687359809875,1766709547567
4,0.4425655007362366,1766709548433
4,0.0464753732085228,1766709549320
4,0.21818959712982178,1766709550614
4,0.18993449211120605,1766709551407
4,0.12066858261823654,1766709552351
4,0.04936422407627106,1766709553534
4,0.3977288007736206,1766709554362
4,0.29557180404663086,1766709555534
4,0.05383269861340523,1766709556551
4,0.29582566022872925,1766709557391
4,0.11770337074995041,1766709558716
4,0.19159471988677979,1766709559516
4,0.16787678003311157,1766709560624
4,0.13509254157543182,1766709561852
4,0.13083377480506897,1766709562665
4,0.11768504977226257,1766709563906
4,0.10542382299900055,1766709564893
4,0.1986616849899292,1766709565722
4,0.10105250030755997,1766709567076
4,0.274942547082901,1766709567905
4,0.18100954592227936,1766709569020
4,0.062316495925188065,1766709570186
4,0.044189658015966415,1766709570976
4,0.04261180758476257,1766709572282
4,0.07194963097572327,1766709573256
4,0.16580122709274292,1766709574039
4,0.24184927344322205,1766709575268
4,0.0683862566947937,1766709576090
4,0.08500048518180847,1766709577091
4,0.08498429507017136,1766709578319
4,0.21627718210220337,1766709579116
4,0.069154754281044,1766709580257
4,0.02508392743766308,1766709581249
4,0.117013119161129,1766709582169
4,0.08712813258171082,1766709583453
4,0.1571771204471588,1766709584251
4,0.33286362886428833,1766709585451
4,0.24403777718544006,1766709586531
4,0.1939619481563568,1766709587317
4,0.07401780784130096,1766709588617
4,0.2273489534854889,1766709589509
4,0.13682642579078674,1766709590382
4,0.16644464433193207,1766709591662
4,0.15528228878974915,1766709592399
4,0.051045916974544525,1766709593472
4,0.09358397126197815,1766709594628
4,0.14691126346588135,1766709595346
4,0.1624583750963211,1766709596650
4,0.116641104221344,1766709597658
4,0.07458752393722534,1766709598360
4,0.19898369908332825,1766709599610
4,0.2030797004699707,1766709600549
4,0.03700932860374451,1766709601425
4,0.09211431443691254,1766709602811
4,0.1380130499601364,1766709603648
4,0.054509539157152176,1766709604588
4,0.14380837976932526,1766709605805
4,0.053922925144433975,1766709606654
4,0.14315181970596313,1766709607960
4,0.0529879629611969,1766709608859
4,0.09986793249845505,1766709609697
4,0.17680737376213074,1766709611041
4,0.021198641508817673,1766709611850
4,0.2529681324958801,1766709612665
4,0.04348292201757431,1766709614085
4,0.09261037409305573,1766709614863
4,0.018582507967948914,1766709615795
4,0.2171056866645813,1766709616966
4,0.1461862027645111,1766709617754
4,0.1381206214427948,1766709618930
4,0.20007000863552094,1766709620041
4,0.07616741210222244,1766709620788
4,0.03535709157586098,1766709622014
4,0.09306726604700089,1766709622843
4,0.20354487001895905,1766709623631
4,0.055067818611860275,1766709625056
4,0.20846033096313477,1766709625880
4,0.018877319991588593,1766709626855
4,0.07700201869010925,1766709628129
4,0.050887495279312134,1766709628847
4,0.11129269003868103,1766709630100
4,0.13484247028827667,1766709631050
4,0.028314953669905663,1766709631879
4,0.15983125567436218,1766709633186
4,0.09323523938655853,1766709634082
4,0.09574301540851593,1766709635023
4,0.06488095968961716,1766709636230
4,0.022516602650284767,1766709637011
4,0.1081819236278534,1766709638032
4,0.09451930224895477,1766709639245
4,0.13750670850276947,1766709640009
4,0.13465888798236847,1766709641125
4,0.18901877105236053,1766709642189
4,0.11726653575897217,1766709642981
4,0.2653328776359558,1766709644306
4,0.23918002843856812,1766709645121
4,0.15685245394706726,1766709645950
4,0.022554006427526474,1766709647263
4,0.14315180480480194,1766709648071
4,0.028026198968291283,1766709648970
4,0.24011465907096863,1766709650255
4,0.09459522366523743,1766709651069
4,0.10299272835254669,1766709652241
4,0.00791051983833313,1766709653470
4,0.24105219542980194,1766709654307
4,0.08101949095726013,1766709655668
4,0.09313453733921051,1766709656367
4,0.046848274767398834,1766709657203
4,0.13535302877426147,1766709658523
4,0.05813673883676529,1766709659274
4,0.21699313819408417,1766709660339
4,0.22070299088954926,1766709661526
4,0.11163923144340515,1766709662338
4,0.25908181071281433,1766709663593
4,0.0623028464615345,1766709664553
4,0.10436765849590302,1766709665309
4,0.023306772112846375,1766709666693
4,0.1705411672592163,1766709667528
4,0.08154517412185669,1766709668217
4,0.16261152923107147,1766709669610
4,0.13537628948688507,1766709670390
4,0.15105263888835907,1766709671270
4,0.02966614067554474,1766709672558
4,0.09513060003519058,1766709673322
4,0.2547762095928192,1766709674222
4,0.08764971792697906,1766709675456
4,0.15026375651359558,1766709676289
4,0.025118382647633553,1766709677365
4,0.20345686376094818,1766709678379
4,0.44556689262390137,1766709679095
4,0.13278734683990479,1766709680424
4,0.14074847102165222,1766709681346
4,0.4520246386528015,1766709682057
4,0.0638451874256134,1766709683497
4,0.05805496871471405,1766709684313
4,0.1366346776485443,1766709685050
4,0.22411803901195526,1766709686442
4,0.09615269303321838,1766709687174
4,0.2649596333503723,1766709688072
4,0.1793678253889084,1766709689397
4,0.12978819012641907,1766709690190
4,0.12185816466808319,1766709691105
4,0.06066344305872917,1766709692330
4,0.12618771195411682,1766709693161
4,0.04222694784402847,1766709694214
4,0.0795648917555809,1766709695320
4,0.3035620450973511,1766709696086
4,0.06518100947141647,1766709697287
4,0.04695458710193634,1766709698304
4,0.03226478397846222,1766709698994
4,0.052126139402389526,1766709700300
4,0.033526938408613205,1766709701175
4,0.16615401208400726,1766709701929
4,0.08060480654239655,1766709703291
4,0.08327451348304749,1766709704054
4,0.12514732778072357,1766709704941
4,0.1886899471282959,1766709706260
4,0.24061962962150574,1766709707027
4,0.07519062608480453,1766709708152
4,0.00526073481887579,1766709709301
4,0.16636735200881958,1766709710122
4,0.060537055134773254,1766709711277
4,0.09572041034698486,1766709712313
4,0.044477276504039764,1766709713065
4,0.1336410939693451,1766709714421
4,0.1934494823217392,1766709715246
4,0.12338398396968842,1766709716121
4,0.09870116412639618,1766709717450
4,0.18170052766799927,1766709718239
4,0.09963339567184448,1766709719319
4,0.034969087690114975,1766709720494
4,0.1017633005976677,1766709721269
4,0.09629908204078674,1766709722386
4,0.01677984744310379,1766709723510
4,0.04561028257012367,1766709724299
4,0.05008108168840408,1766709725598
4,0.13343335688114166,1766709726479
4,0.21921193599700928,1766709727421
4,0.179100900888443,1766709728709
4,0.07802389562129974,1766709729469
4,0.24685294926166534,1766709730455
4,0.1888066679239273,1766709731536
4,0.09622317552566528,1766709732292
4,0.05801788344979286,1766709733535
4,0.025234702974557877,1766709734518
4,0.11686081439256668,1766709735332
4,0.07446618378162384,1766709736562
4,0.0689263567328453,1766709737365
4,0.24547773599624634,1766709738181
4,0.22008658945560455,1766709739461
4,0.059124793857336044,1766709740303
4,0.1019326001405716,1766709741208
4,0.09215441346168518,1766709742558
4,0.15233564376831055,1766709743345
4,0.23657184839248657,1766709744376
4,0.15431280434131622,1766709745560
4,0.1629548817873001,1766709746390
4,0.03433104604482651,1766709747617
4,0.06462250649929047,1766709748588
4,0.3559115529060364,1766709749451
4,0.2052198052406311,1766709750907
4,0.08416594564914703,1766709751670
4,0.1905139684677124,1766709752636
4,0.03772040829062462,1766709753790
4,0.09892809391021729,1766709754542
4,0.20786505937576294,1766709755585
4,0.17357677221298218,1766709756657
4,0.20933961868286133,1766709757551
4,0.11513802409172058,1766709758853
4,0.0322456993162632,1766709759593
4,0.10943850129842758,1766709760458
4,0.042360689491033554,1766709761742
4,0.13212619721889496,1766709762558
4,0.065038301050663,1766709763520
4,0.14869549870491028,1766709764775
4,0.4309536814689636,1766709765561
4,0.12153644859790802,1766709766626
4,0.17733022570610046,1766709767716
4,0.057993169873952866,1766709768543
4,0.03718199208378792,1766709769842
4,0.2555869221687317,1766709770621
4,0.08859378844499588,1766709771491
4,0.189264178276062,1766709772805
4,0.1313703954219818,1766709773616
4,0.011346185579895973,1766709774670
4,0.10836581885814667,1766709775780
