gpu_memory_usage,Context.TRAINING,LoggingItemKind.SYSTEM_METRIC
0,0.6295769775917927,1766752683931
0,0.5221725201051165,1766752684159
0,0.5221725201051165,1766752684323
0,0.5221725201051165,1766752684465
0,0.5221725201051165,1766752684618
0,0.5221725201051165,1766752684762
0,0.5221725201051165,1766752684916
0,0.5221725201051165,1766752685067
0,0.5221725201051165,1766752685221
0,0.5221725201051165,1766752685378
0,0.5221725201051165,1766752685532
0,0.5221725201051165,1766752685687
0,0.5221725201051165,1766752685844
0,0.5221725201051165,1766752685995
0,0.5221725201051165,1766752686169
0,0.5221725201051165,1766752686345
0,0.5221725201051165,1766752686515
0,0.5221725201051165,1766752686672
0,0.5221725201051165,1766752686828
0,0.5221725201051165,1766752686988
0,0.5221725201051165,1766752687138
0,0.5221725201051165,1766752687291
0,0.5221725201051165,1766752687442
0,0.5221725201051165,1766752687600
0,0.5221725201051165,1766752687756
0,0.5221725201051165,1766752687910
0,0.5221725201051165,1766752688063
0,0.5221725201051165,1766752688222
0,0.5221725201051165,1766752688374
0,0.5221725201051165,1766752688529
0,0.5221725201051165,1766752688684
0,0.5221725201051165,1766752688843
0,0.5221725201051165,1766752688999
0,0.5221725201051165,1766752689157
0,0.5221725201051165,1766752689302
0,0.5221725201051165,1766752689450
0,0.5221725201051165,1766752689596
0,0.5221725201051165,1766752689759
0,0.5221725201051165,1766752689914
0,0.5221725201051165,1766752690083
0,0.5221725201051165,1766752690226
0,0.5221725201051165,1766752690376
0,0.5221725201051165,1766752690520
0,0.5221725201051165,1766752690674
0,0.5221725201051165,1766752690829
0,0.5221725201051165,1766752690982
0,0.5221725201051165,1766752691139
0,0.5221725201051165,1766752691292
0,0.5221725201051165,1766752691446
0,0.5221725201051165,1766752691598
0,0.5221725201051165,1766752691755
0,0.5221725201051165,1766752691929
0,0.5221725201051165,1766752692097
0,0.5221725201051165,1766752692266
0,0.5221725201051165,1766752692420
0,0.5221725201051165,1766752692578
0,0.5221725201051165,1766752692731
0,0.5221725201051165,1766752692891
0,0.5221725201051165,1766752693040
0,0.5221725201051165,1766752693192
0,0.5221725201051165,1766752693342
0,0.5221725201051165,1766752693498
0,0.5221725201051165,1766752693651
0,0.5221725201051165,1766752693806
0,0.5221725201051165,1766752693957
0,0.5221725201051165,1766752694109
0,0.5221725201051165,1766752694262
0,0.5221725201051165,1766752694417
0,0.5221725201051165,1766752694575
0,0.5221725201051165,1766752694731
0,0.5221725201051165,1766752694892
0,0.5221725201051165,1766752695041
0,0.5221725201051165,1766752695189
0,0.5221725201051165,1766752695334
0,0.5221725201051165,1766752695481
0,0.5221725201051165,1766752695644
0,0.5221725201051165,1766752695810
0,0.5221725201051165,1766752695976
0,0.5221725201051165,1766752696123
0,0.5221725201051165,1766752696274
0,0.5221725201051165,1766752696425
0,0.5221725201051165,1766752696581
0,0.5221725201051165,1766752696738
0,0.5221725201051165,1766752696890
0,0.5221725201051165,1766752697045
0,0.5221725201051165,1766752697197
0,0.5221725201051165,1766752697356
0,0.5221725201051165,1766752697511
0,0.5221725201051165,1766752697681
0,0.5221725201051165,1766752697842
0,0.5221725201051165,1766752698018
0,0.5221725201051165,1766752698169
0,0.5221725201051165,1766752698324
0,0.5221725201051165,1766752698477
0,0.5221725201051165,1766752698638
0,0.5221725201051165,1766752698795
0,0.5221725201051165,1766752698946
0,0.5221725201051165,1766752699096
0,0.5221725201051165,1766752699249
0,0.5221725201051165,1766752699406
0,0.5221725201051165,1766752699563
0,0.5221725201051165,1766752699717
0,0.5221725201051165,1766752699867
0,0.5221725201051165,1766752700022
0,0.5221725201051165,1766752700175
0,0.5221725201051165,1766752700329
0,0.5221725201051165,1766752700483
0,0.5221725201051165,1766752700641
0,0.5221725201051165,1766752700792
0,0.5221725201051165,1766752700938
0,0.5221725201051165,1766752701083
0,0.5221725201051165,1766752701228
0,0.5221725201051165,1766752701378
0,0.5221725201051165,1766752701535
0,0.5221725201051165,1766752701705
0,0.5221725201051165,1766752701866
0,0.5221725201051165,1766752702012
0,0.5221725201051165,1766752702160
0,0.5221725201051165,1766752702310
0,0.5221725201051165,1766752702464
0,0.5221725201051165,1766752702617
0,0.5221725201051165,1766752702775
0,0.5221725201051165,1766752702929
0,0.5221725201051165,1766752703089
0,0.5221725201051165,1766752703244
0,0.5221725201051165,1766752703406
0,0.5221725201051165,1766752703572
0,0.5221725201051165,1766752703758
0,0.5221725201051165,1766752703921
0,0.5221725201051165,1766752704080
0,0.5221725201051165,1766752704233
0,0.5221725201051165,1766752704392
0,0.5221725201051165,1766752704553
0,0.5221725201051165,1766752704703
0,0.5221725201051165,1766752704851
0,0.5221725201051165,1766752705002
0,0.5221725201051165,1766752705154
0,0.5221725201051165,1766752705306
0,0.5221725201051165,1766752705456
0,0.5221725201051165,1766752705607
0,0.5221725201051165,1766752705757
0,0.5221725201051165,1766752705909
0,0.5221725201051165,1766752706065
0,0.5221725201051165,1766752706220
0,0.5221725201051165,1766752706373
0,0.5221725201051165,1766752706532
0,0.5221725201051165,1766752706675
0,0.5221725201051165,1766752706819
0,0.5221725201051165,1766752706967
0,0.5221725201051165,1766752707111
0,0.5221725201051165,1766752707268
0,0.5221725201051165,1766752707426
0,0.5221725201051165,1766752707593
0,0.5221725201051165,1766752707747
0,0.5221725201051165,1766752707892
0,0.5221725201051165,1766752708040
0,0.5221725201051165,1766752708191
0,0.5221725201051165,1766752708341
0,0.5221725201051165,1766752708497
0,0.5221725201051165,1766752708648
0,0.5221725201051165,1766752708799
0,0.5221725201051165,1766752708952
0,0.5221725201051165,1766752709103
0,0.5221725201051165,1766752709273
0,0.5221725201051165,1766752709442
0,0.5221725201051165,1766752709610
0,0.5221725201051165,1766752709759
0,0.5221725201051165,1766752709916
0,0.5221725201051165,1766752710069
0,0.5221725201051165,1766752710231
0,0.5221725201051165,1766752710390
0,0.5221725201051165,1766752710542
0,0.5221725201051165,1766752710693
0,0.5221725201051165,1766752710848
0,0.5221725201051165,1766752711001
0,0.5221725201051165,1766752711153
0,0.5221725201051165,1766752711308
0,0.5221725201051165,1766752711458
0,0.5221725201051165,1766752711610
0,0.5221725201051165,1766752711760
0,0.5221725201051165,1766752711917
0,0.5221725201051165,1766752712074
0,0.5221725201051165,1766752712232
0,0.5221725201051165,1766752712384
0,0.5221725201051165,1766752712528
0,0.5221725201051165,1766752712670
0,0.5221725201051165,1766752712815
0,0.5221725201051165,1766752712959
0,0.5221725201051165,1766752713116
0,0.5221725201051165,1766752713272
0,0.5221725201051165,1766752713446
0,0.5221725201051165,1766752713601
0,0.5221725201051165,1766752713744
0,0.5221725201051165,1766752713889
0,0.5221725201051165,1766752714039
0,0.5221725201051165,1766752714190
0,0.5221725201051165,1766752714348
0,0.5221725201051165,1766752714496
0,0.5221725201051165,1766752714647
0,0.5221725201051165,1766752714804
0,0.5221725201051165,1766752714968
0,0.5221725201051165,1766752715133
0,0.5221725201051165,1766752715304
0,0.5221725201051165,1766752715468
0,0.5221725201051165,1766752715618
0,0.5221725201051165,1766752715772
0,0.5221725201051165,1766752715927
0,0.5221725201051165,1766752716088
0,0.5221725201051165,1766752716250
0,0.5221725201051165,1766752716401
0,0.5221725201051165,1766752716552
0,0.5221725201051165,1766752716706
0,0.5221725201051165,1766752716857
0,0.5221725201051165,1766752717013
0,0.5221725201051165,1766752717165
0,0.5221725201051165,1766752717319
0,0.5221725201051165,1766752717469
0,0.5221725201051165,1766752717620
0,0.5221725201051165,1766752717773
0,0.5221725201051165,1766752717928
0,0.5221725201051165,1766752718081
0,0.5221725201051165,1766752718231
0,0.5221725201051165,1766752718375
0,0.5221725201051165,1766752718521
0,0.5221725201051165,1766752718665
0,0.5221725201051165,1766752718810
0,0.5221725201051165,1766752718967
0,0.5221725201051165,1766752719128
0,0.5221725201051165,1766752719295
0,0.5221725201051165,1766752719443
0,0.5221725201051165,1766752719592
0,0.5221725201051165,1766752719737
0,0.5221725201051165,1766752719891
0,0.5221725201051165,1766752720042
0,0.5221725201051165,1766752720195
0,0.5221725201051165,1766752720344
0,0.5221725201051165,1766752720502
0,0.5221725201051165,1766752720656
0,0.5221725201051165,1766752720818
0,0.5221725201051165,1766752720979
0,0.5221725201051165,1766752721153
0,0.5221725201051165,1766752721312
0,0.5221725201051165,1766752721470
0,0.5221725201051165,1766752721622
0,0.5221725201051165,1766752721786
0,0.5221725201051165,1766752721945
0,0.5221725201051165,1766752722106
0,0.5221725201051165,1766752722258
0,0.5221725201051165,1766752722411
0,0.5221725201051165,1766752722564
0,0.5221725201051165,1766752722719
0,0.5221725201051165,1766752722872
0,0.5221725201051165,1766752723023
0,0.5221725201051165,1766752723173
0,0.5221725201051165,1766752723325
0,0.5221725201051165,1766752723475
0,0.5221725201051165,1766752723632
0,0.5221725201051165,1766752723786
0,0.5221725201051165,1766752723937
0,0.5221725201051165,1766752724083
0,0.5221725201051165,1766752724231
0,0.5221725201051165,1766752724375
0,0.5221725201051165,1766752724519
0,0.5221725201051165,1766752724662
0,0.5221725201051165,1766752724820
0,0.5221725201051165,1766752724979
0,0.5221725201051165,1766752725149
0,0.5221725201051165,1766752725300
0,0.5221725201051165,1766752725459
0,0.5221725201051165,1766752725606
0,0.5221725201051165,1766752725754
0,0.5221725201051165,1766752725908
0,0.5221725201051165,1766752726062
0,0.5221725201051165,1766752726215
0,0.5221725201051165,1766752726368
0,0.5221725201051165,1766752726521
0,0.5221725201051165,1766752726690
0,0.5221725201051165,1766752726863
0,0.5221725201051165,1766752727031
0,0.5221725201051165,1766752727182
0,0.5221725201051165,1766752727337
0,0.5221725201051165,1766752727491
0,0.5221725201051165,1766752727648
0,0.5221725201051165,1766752727808
0,0.5221725201051165,1766752727966
0,0.5221725201051165,1766752728120
0,0.5221725201051165,1766752728272
0,0.5221725201051165,1766752728429
0,0.5221725201051165,1766752728583
0,0.5221725201051165,1766752728738
0,0.5221725201051165,1766752728891
0,0.5221725201051165,1766752729044
0,0.5221725201051165,1766752729196
0,0.5221725201051165,1766752729351
0,0.5221725201051165,1766752729508
0,0.5221725201051165,1766752729665
0,0.5221725201051165,1766752729811
0,0.5221725201051165,1766752729960
0,0.5221725201051165,1766752730104
0,0.5221725201051165,1766752730252
0,0.5221725201051165,1766752730403
0,0.5221725201051165,1766752730548
0,0.5221725201051165,1766752730711
0,0.5221725201051165,1766752730864
0,0.5221725201051165,1766752731026
0,0.5221725201051165,1766752731175
0,0.5221725201051165,1766752731329
0,0.5221725201051165,1766752731476
0,0.5221725201051165,1766752731632
0,0.5221725201051165,1766752731782
0,0.5221725201051165,1766752731935
0,0.5221725201051165,1766752732082
0,0.5221725201051165,1766752732237
0,0.5221725201051165,1766752732408
0,0.5221725201051165,1766752732573
0,0.5221725201051165,1766752732751
0,0.5221725201051165,1766752732905
0,0.5221725201051165,1766752733062
0,0.5221725201051165,1766752733213
0,0.5221725201051165,1766752733378
0,0.5221725201051165,1766752733537
0,0.5221725201051165,1766752733697
0,0.5221725201051165,1766752733857
0,0.5221725201051165,1766752734013
0,0.5221725201051165,1766752734167
0,0.5221725201051165,1766752734320
0,0.5221725201051165,1766752734470
0,0.5221725201051165,1766752734621
0,0.5221725201051165,1766752734775
0,0.5221725201051165,1766752734929
0,0.5221725201051165,1766752735083
0,0.5221725201051165,1766752735235
0,0.5221725201051165,1766752735393
0,0.5221725201051165,1766752735545
0,0.5221725201051165,1766752735689
0,0.5221725201051165,1766752735842
0,0.5221725201051165,1766752735990
0,0.5221725201051165,1766752736135
0,0.5221725201051165,1766752736283
0,0.5221725201051165,1766752736428
0,0.5221725201051165,1766752736592
0,0.5221725201051165,1766752736756
0,0.5221725201051165,1766752736915
0,0.5221725201051165,1766752737066
0,0.5221725201051165,1766752737225
0,0.5221725201051165,1766752737377
0,0.5221725201051165,1766752737533
0,0.5221725201051165,1766752737684
0,0.5221725201051165,1766752737839
0,0.5221725201051165,1766752737991
0,0.5221725201051165,1766752738157
0,0.5221725201051165,1766752738323
0,0.5221725201051165,1766752738503
0,0.5221725201051165,1766752738663
0,0.5221725201051165,1766752738821
0,0.5221725201051165,1766752738979
0,0.5221725201051165,1766752739140
0,0.5221725201051165,1766752739298
0,0.5221725201051165,1766752739457
0,0.5221725201051165,1766752739620
0,0.5221725201051165,1766752739773
0,0.5221725201051165,1766752739928
0,0.5221725201051165,1766752740081
0,0.5221725201051165,1766752740235
0,0.5221725201051165,1766752740392
0,0.5221725201051165,1766752740543
0,0.5221725201051165,1766752740695
0,0.5221725201051165,1766752740846
0,0.5221725201051165,1766752740999
0,0.5221725201051165,1766752741157
0,0.5221725201051165,1766752741309
0,0.5221725201051165,1766752741455
0,0.5221725201051165,1766752741602
0,0.5221725201051165,1766752741748
0,0.5221725201051165,1766752741893
0,0.5221725201051165,1766752742043
0,0.5221725201051165,1766752742187
0,0.5221725201051165,1766752742338
0,0.5221725201051165,1766752742496
0,0.5221725201051165,1766752742672
0,0.5221725201051165,1766752742831
0,0.5221725201051165,1766752742979
0,0.5221725201051165,1766752743128
0,0.5221725201051165,1766752743284
0,0.5221725201051165,1766752743437
0,0.5221725201051165,1766752743591
0,0.5221725201051165,1766752743743
0,0.5221725201051165,1766752743903
0,0.5221725201051165,1766752744069
0,0.5221725201051165,1766752744242
0,0.5221725201051165,1766752744412
0,0.5221725201051165,1766752744577
0,0.5221725201051165,1766752744735
0,0.5221725201051165,1766752744895
0,0.5221725201051165,1766752745052
0,0.5221725201051165,1766752745209
0,0.5221725201051165,1766752745366
0,0.5221725201051165,1766752745524
0,0.5221725201051165,1766752745678
0,0.5221725201051165,1766752745833
0,0.5221725201051165,1766752745990
0,0.5221725201051165,1766752746144
0,0.5221725201051165,1766752746294
0,0.5221725201051165,1766752746445
0,0.5221725201051165,1766752746595
0,0.5221725201051165,1766752746748
0,0.5221725201051165,1766752746899
0,0.5221725201051165,1766752747054
0,0.5221725201051165,1766752747201
0,0.5221725201051165,1766752747344
0,0.5221725201051165,1766752747496
0,0.5221725201051165,1766752747640
0,0.5221725201051165,1766752747784
0,0.5221725201051165,1766752747931
0,0.5221725201051165,1766752748074
0,0.5221725201051165,1766752748231
0,0.5221725201051165,1766752748385
0,0.5221725201051165,1766752748560
0,0.5221725201051165,1766752748707
0,0.5221725201051165,1766752748857
0,0.5221725201051165,1766752749013
0,0.5221725201051165,1766752749169
0,0.5221725201051165,1766752749323
0,0.5221725201051165,1766752749475
0,0.5221725201051165,1766752749624
0,0.5221725201051165,1766752749798
0,0.5221725201051165,1766752749974
0,0.5221725201051165,1766752750151
0,0.5221725201051165,1766752750303
0,0.5221725201051165,1766752750461
0,0.5221725201051165,1766752750619
0,0.5221725201051165,1766752750777
0,0.5221725201051165,1766752750937
0,0.5221725201051165,1766752751098
0,0.5221725201051165,1766752751258
0,0.5221725201051165,1766752751416
0,0.5221725201051165,1766752751572
0,0.5221725201051165,1766752751723
0,0.5221725201051165,1766752751877
0,0.5221725201051165,1766752752029
0,0.5221725201051165,1766752752181
0,0.5221725201051165,1766752752333
0,0.5221725201051165,1766752752488
0,0.5221725201051165,1766752752640
0,0.5221725201051165,1766752752798
0,0.5221725201051165,1766752752945
0,0.5221725201051165,1766752753090
0,0.5221725201051165,1766752753239
0,0.5221725201051165,1766752753386
0,0.5221725201051165,1766752753532
0,0.5221725201051165,1766752753681
0,0.5221725201051165,1766752753825
0,0.5221725201051165,1766752753971
0,0.5221725201051165,1766752754134
0,0.5221725201051165,1766752754300
0,0.5221725201051165,1766752754466
0,0.5221725201051165,1766752754612
0,0.5221725201051165,1766752754769
0,0.5221725201051165,1766752754916
0,0.5221725201051165,1766752755065
0,0.5221725201051165,1766752755216
0,0.5221725201051165,1766752755363
0,0.5221725201051165,1766752755529
0,0.5221725201051165,1766752755691
0,0.5221725201051165,1766752755865
0,0.5221725201051165,1766752756021
0,0.5221725201051165,1766752756179
0,0.5221725201051165,1766752756332
0,0.5221725201051165,1766752756495
0,0.5221725201051165,1766752756652
0,0.5221725201051165,1766752756811
0,0.5221725201051165,1766752756972
0,0.5221725201051165,1766752757135
0,0.5221725201051165,1766752757289
0,0.5221725201051165,1766752757444
0,0.5221725201051165,1766752757594
0,0.5221725201051165,1766752757744
0,0.5221725201051165,1766752757893
0,0.5221725201051165,1766752758045
0,0.5221725201051165,1766752758199
0,0.5221725201051165,1766752758353
0,0.5221725201051165,1766752758510
0,0.5221725201051165,1766752758666
0,0.5221725201051165,1766752758812
0,0.5221725201051165,1766752758957
0,0.5221725201051165,1766752759104
0,0.5221725201051165,1766752759249
0,0.5221725201051165,1766752759393
0,0.5221725201051165,1766752759541
0,0.5221725201051165,1766752759688
0,0.5221725201051165,1766752759840
0,0.5221725201051165,1766752760001
0,0.5221725201051165,1766752760175
0,0.5221725201051165,1766752760339
0,0.5221725201051165,1766752760485
0,0.5221725201051165,1766752760641
0,0.5221725201051165,1766752760791
0,0.5221725201051165,1766752760946
0,0.5221725201051165,1766752761099
0,0.5221725201051165,1766752761259
0,0.5221725201051165,1766752761430
0,0.5221725201051165,1766752761613
0,0.5221725201051165,1766752761774
0,0.5221725201051165,1766752761931
0,0.5221725201051165,1766752762083
0,0.5221725201051165,1766752762243
0,0.5221725201051165,1766752762399
0,0.5221725201051165,1766752762558
0,0.5221725201051165,1766752762716
0,0.5221725201051165,1766752762879
0,0.5221725201051165,1766752763040
0,0.5221725201051165,1766752763196
0,0.5221725201051165,1766752763346
0,0.5221725201051165,1766752763500
0,0.5221725201051165,1766752763655
0,0.5221725201051165,1766752763804
0,0.5221725201051165,1766752763957
0,0.5221725201051165,1766752764109
0,0.5221725201051165,1766752764263
0,0.5221725201051165,1766752764415
0,0.5221725201051165,1766752764563
0,0.5221725201051165,1766752764708
0,0.5221725201051165,1766752764855
0,0.5221725201051165,1766752765002
0,0.5221725201051165,1766752765150
0,0.5221725201051165,1766752765295
0,0.5221725201051165,1766752765442
0,0.5221725201051165,1766752765591
0,0.5221725201051165,1766752765749
0,0.5221725201051165,1766752765912
0,0.5221725201051165,1766752766083
0,0.5221725201051165,1766752766237
0,0.5221725201051165,1766752766391
0,0.5221725201051165,1766752766537
0,0.5221725201051165,1766752766692
0,0.5221725201051165,1766752766842
0,0.5221725201051165,1766752766996
0,0.5221725201051165,1766752767168
0,0.5221725201051165,1766752767345
0,0.5221725201051165,1766752767516
0,0.5221725201051165,1766752767671
0,0.5221725201051165,1766752767825
0,0.5221725201051165,1766752767986
0,0.5221725201051165,1766752768143
0,0.5221725201051165,1766752768300
0,0.5221725201051165,1766752768459
0,0.5221725201051165,1766752768621
0,0.5221725201051165,1766752768785
0,0.5221725201051165,1766752768944
0,0.5221725201051165,1766752769097
0,0.5221725201051165,1766752769249
0,0.5221725201051165,1766752769401
0,0.5221725201051165,1766752769554
0,0.5221725201051165,1766752769708
0,0.5221725201051165,1766752769861
0,0.5221725201051165,1766752770015
0,0.5221725201051165,1766752770171
0,0.5221725201051165,1766752770316
0,0.5221725201051165,1766752770460
0,0.5221725201051165,1766752770606
0,0.5221725201051165,1766752770752
0,0.5221725201051165,1766752770900
0,0.5221725201051165,1766752771045
0,0.5221725201051165,1766752771192
0,0.5221725201051165,1766752771337
0,0.5221725201051165,1766752771484
0,0.5221725201051165,1766752771650
0,0.5221725201051165,1766752771811
0,0.5221725201051165,1766752771974
0,0.5221725201051165,1766752772122
0,0.5221725201051165,1766752772275
0,0.5221725201051165,1766752772421
0,0.5221725201051165,1766752772583
0,0.5221725201051165,1766752772737
0,0.5221725201051165,1766752772910
0,0.5221725201051165,1766752773081
0,0.5221725201051165,1766752773259
0,0.5221725201051165,1766752773410
0,0.5221725201051165,1766752773570
0,0.5221725201051165,1766752773725
0,0.5221725201051165,1766752773885
0,0.5221725201051165,1766752774042
0,0.5221725201051165,1766752774201
0,0.5221725201051165,1766752774360
0,0.5221725201051165,1766752774521
0,0.5221725201051165,1766752774684
0,0.5221725201051165,1766752774838
0,0.5221725201051165,1766752774993
0,0.5221725201051165,1766752775143
0,0.5221725201051165,1766752775294
0,0.5221725201051165,1766752775447
0,0.5221725201051165,1766752775600
0,0.5221725201051165,1766752775753
0,0.5221725201051165,1766752775907
0,0.5221725201051165,1766752776053
0,0.5221725201051165,1766752776198
0,0.5221725201051165,1766752776343
0,0.5221725201051165,1766752776489
0,0.5221725201051165,1766752776634
0,0.5221725201051165,1766752776780
0,0.5221725201051165,1766752776927
0,0.5221725201051165,1766752777074
0,0.5221725201051165,1766752777218
0,0.5221725201051165,1766752777366
0,0.5221725201051165,1766752777525
0,0.5221725201051165,1766752777694
0,0.5221725201051165,1766752777854
0,0.5221725201051165,1766752778003
0,0.5221725201051165,1766752778155
0,0.5221725201051165,1766752778304
0,0.5221725201051165,1766752778460
0,0.5221725201051165,1766752778620
0,0.5221725201051165,1766752778784
0,0.5221725201051165,1766752778966
0,0.5221725201051165,1766752779127
0,0.5221725201051165,1766752779286
0,0.5221725201051165,1766752779440
0,0.5221725201051165,1766752779601
0,0.5221725201051165,1766752779757
0,0.5221725201051165,1766752779914
0,0.5221725201051165,1766752780070
0,0.5221725201051165,1766752780228
0,0.5221725201051165,1766752780392
0,0.5221725201051165,1766752780553
0,0.5221725201051165,1766752780707
0,0.5221725201051165,1766752780857
0,0.5221725201051165,1766752781012
0,0.5221725201051165,1766752781162
0,0.5221725201051165,1766752781316
0,0.5221725201051165,1766752781468
0,0.5221725201051165,1766752781621
0,0.5221725201051165,1766752781771
0,0.5221725201051165,1766752781917
0,0.5221725201051165,1766752782061
0,0.5221725201051165,1766752782208
0,0.5221725201051165,1766752782353
0,0.5221725201051165,1766752782499
0,0.5221725201051165,1766752782643
0,0.5221725201051165,1766752782790
0,0.5221725201051165,1766752782938
0,0.5221725201051165,1766752783084
0,0.5221725201051165,1766752783240
0,0.5221725201051165,1766752783405
0,0.5221725201051165,1766752783576
0,0.5221725201051165,1766752783735
0,0.5221725201051165,1766752783880
0,0.5221725201051165,1766752784030
0,0.5221725201051165,1766752784181
0,0.5221725201051165,1766752784330
0,0.5221725201051165,1766752784499
0,0.5221725201051165,1766752784666
0,0.5221725201051165,1766752784835
0,0.5221725201051165,1766752784986
0,0.5221725201051165,1766752785146
0,0.5221725201051165,1766752785299
0,0.5221725201051165,1766752785458
0,0.5221725201051165,1766752785616
0,0.5221725201051165,1766752785774
0,0.5221725201051165,1766752785934
0,0.5221725201051165,1766752786096
0,0.5221725201051165,1766752786262
0,0.5221725201051165,1766752786424
0,0.5221725201051165,1766752786577
0,0.5221725201051165,1766752786728
0,0.5221725201051165,1766752786883
0,0.5221725201051165,1766752787034
0,0.5221725201051165,1766752787189
0,0.5221725201051165,1766752787341
0,0.5221725201051165,1766752787496
0,0.5221725201051165,1766752787643
0,0.5221725201051165,1766752787787
0,0.5221725201051165,1766752787939
0,0.5221725201051165,1766752788085
0,0.5221725201051165,1766752788233
0,0.5221725201051165,1766752788379
0,0.5221725201051165,1766752788527
0,0.5221725201051165,1766752788672
0,0.5221725201051165,1766752788821
0,0.5221725201051165,1766752788967
0,0.5221725201051165,1766752789129
0,0.5221725201051165,1766752789286
0,0.5221725201051165,1766752789466
0,0.5221725201051165,1766752789614
0,0.5221725201051165,1766752789762
0,0.5221725201051165,1766752789913
0,0.5221725201051165,1766752790066
0,0.5221725201051165,1766752790232
0,0.5221725201051165,1766752790393
0,0.5221725201051165,1766752790564
0,0.5221725201051165,1766752790720
0,0.5221725201051165,1766752790880
0,0.5221725201051165,1766752791037
0,0.5221725201051165,1766752791203
0,0.5221725201051165,1766752791359
0,0.5221725201051165,1766752791518
0,0.5221725201051165,1766752791674
0,0.5221725201051165,1766752791835
0,0.5221725201051165,1766752791995
0,0.5221725201051165,1766752792159
0,0.5221725201051165,1766752792319
0,0.5221725201051165,1766752792473
0,0.5221725201051165,1766752792622
0,0.5221725201051165,1766752792777
0,0.5221725201051165,1766752792928
0,0.5221725201051165,1766752793083
0,0.5221725201051165,1766752793235
0,0.5221725201051165,1766752793383
0,0.5221725201051165,1766752793524
0,0.5221725201051165,1766752793668
0,0.5221725201051165,1766752793812
0,0.5221725201051165,1766752793959
0,0.5221725201051165,1766752794104
0,0.5221725201051165,1766752794251
0,0.5221725201051165,1766752794394
0,0.5221725201051165,1766752794538
0,0.5221725201051165,1766752794683
0,0.5221725201051165,1766752794832
0,0.5221725201051165,1766752794996
0,0.5221725201051165,1766752795154
0,0.5221725201051165,1766752795327
0,0.5221725201051165,1766752795474
0,0.5221725201051165,1766752795626
0,0.5221725201051165,1766752795770
0,0.5221725201051165,1766752795927
0,0.5221725201051165,1766752796091
0,0.5221725201051165,1766752796262
0,0.5221725201051165,1766752796430
0,0.5221725201051165,1766752796582
0,0.5221725201051165,1766752796736
0,0.5221725201051165,1766752796893
0,0.5221725201051165,1766752797057
0,0.5221725201051165,1766752797220
0,0.5221725201051165,1766752797381
0,0.5221725201051165,1766752797540
0,0.5221725201051165,1766752797701
0,0.5221725201051165,1766752797863
0,0.5221725201051165,1766752798022
0,0.5221725201051165,1766752798174
0,0.5221725201051165,1766752798327
0,0.5221725201051165,1766752798478
0,0.5221725201051165,1766752798630
0,0.5221725201051165,1766752798782
0,0.5221725201051165,1766752798935
0,0.5221725201051165,1766752799089
0,0.5221725201051165,1766752799232
0,0.5221725201051165,1766752799376
0,0.5221725201051165,1766752799519
0,0.5221725201051165,1766752799662
0,0.5221725201051165,1766752799807
0,0.5221725201051165,1766752799952
0,0.5221725201051165,1766752800099
0,0.5221725201051165,1766752800244
0,0.5221725201051165,1766752800394
0,0.5221725201051165,1766752800541
0,0.5221725201051165,1766752800687
0,0.5221725201051165,1766752800856
0,0.5221725201051165,1766752801022
0,0.5221725201051165,1766752801194
0,0.5221725201051165,1766752801339
0,0.5221725201051165,1766752801490
0,0.5221725201051165,1766752801635
0,0.5221725201051165,1766752801809
0,0.5221725201051165,1766752801970
0,0.5221725201051165,1766752802142
0,0.5221725201051165,1766752802292
0,0.5221725201051165,1766752802451
0,0.5221725201051165,1766752802602
0,0.5221725201051165,1766752802766
0,0.5221725201051165,1766752802926
0,0.5221725201051165,1766752803082
0,0.5221725201051165,1766752803242
0,0.5221725201051165,1766752803401
0,0.5221725201051165,1766752803562
0,0.5221725201051165,1766752803723
0,0.5221725201051165,1766752803882
0,0.5221725201051165,1766752804035
0,0.5221725201051165,1766752804185
0,0.5221725201051165,1766752804334
0,0.5221725201051165,1766752804484
0,0.5221725201051165,1766752804638
0,0.5221725201051165,1766752804791
0,0.5221725201051165,1766752804940
0,0.5221725201051165,1766752805084
0,0.5221725201051165,1766752805226
0,0.5221725201051165,1766752805370
0,0.5221725201051165,1766752805514
0,0.5221725201051165,1766752805662
0,0.5221725201051165,1766752805807
0,0.5221725201051165,1766752805957
0,0.5221725201051165,1766752806101
0,0.5221725201051165,1766752806248
0,0.5221725201051165,1766752806395
0,0.5221725201051165,1766752806540
0,0.5221725201051165,1766752806704
0,0.5221725201051165,1766752806869
0,0.5221725201051165,1766752807032
0,0.5221725201051165,1766752807180
0,0.5221725201051165,1766752807327
0,0.5221725201051165,1766752807474
0,0.5221725201051165,1766752807656
0,0.5221725201051165,1766752807832
0,0.5221725201051165,1766752808000
0,0.5221725201051165,1766752808152
0,0.5221725201051165,1766752808307
0,0.5221725201051165,1766752808462
0,0.5221725201051165,1766752808618
0,0.5221725201051165,1766752808777
0,0.5221725201051165,1766752808937
0,0.5221725201051165,1766752809096
0,0.5221725201051165,1766752809255
0,0.5221725201051165,1766752809415
0,0.5221725201051165,1766752809577
0,0.5221725201051165,1766752809738
0,0.5221725201051165,1766752809889
0,0.5221725201051165,1766752810043
0,0.5221725201051165,1766752810195
0,0.5221725201051165,1766752810349
0,0.5221725201051165,1766752810503
0,0.5221725201051165,1766752810657
0,0.5221725201051165,1766752810800
0,0.5221725201051165,1766752810943
0,0.5221725201051165,1766752811085
0,0.5221725201051165,1766752811232
0,0.5221725201051165,1766752811379
0,0.5221725201051165,1766752811524
0,0.5221725201051165,1766752811669
0,0.5221725201051165,1766752811817
0,0.5221725201051165,1766752811961
0,0.5221725201051165,1766752812112
0,0.5221725201051165,1766752812261
0,0.5221725201051165,1766752812409
0,0.5221725201051165,1766752812571
0,0.5221725201051165,1766752812738
0,0.5221725201051165,1766752812896
0,0.5221725201051165,1766752813042
0,0.5221725201051165,1766752813195
0,0.5221725201051165,1766752813353
0,0.5221725201051165,1766752813517
0,0.5221725201051165,1766752813693
0,0.5221725201051165,1766752813852
0,0.5221725201051165,1766752814007
0,0.5221725201051165,1766752814163
0,0.5221725201051165,1766752814327
0,0.5221725201051165,1766752814491
0,0.5221725201051165,1766752814651
0,0.5221725201051165,1766752814812
0,0.5221725201051165,1766752814973
0,0.5221725201051165,1766752815135
0,0.5221725201051165,1766752815297
0,0.5221725201051165,1766752815457
0,0.5221725201051165,1766752815617
0,0.5221725201051165,1766752815765
0,0.5221725201051165,1766752815915
0,0.5221725201051165,1766752816065
0,0.5221725201051165,1766752816220
0,0.5221725201051165,1766752816370
0,0.5221725201051165,1766752816518
0,0.5221725201051165,1766752816660
0,0.5221725201051165,1766752816802
0,0.5221725201051165,1766752816945
0,0.5221725201051165,1766752817089
0,0.5221725201051165,1766752817233
0,0.5221725201051165,1766752817380
0,0.5221725201051165,1766752817526
0,0.5221725201051165,1766752817674
0,0.5221725201051165,1766752817817
0,0.5221725201051165,1766752817964
0,0.5221725201051165,1766752818114
0,0.5221725201051165,1766752818264
0,0.5221725201051165,1766752818431
0,0.5221725201051165,1766752818595
0,0.5221725201051165,1766752818755
0,0.5221725201051165,1766752818902
0,0.5221725201051165,1766752819048
0,0.5221725201051165,1766752819215
0,0.5221725201051165,1766752819386
0,0.5221725201051165,1766752819556
0,0.5221725201051165,1766752819707
0,0.5221725201051165,1766752819865
0,0.5221725201051165,1766752820025
0,0.5221725201051165,1766752820185
0,0.5221725201051165,1766752820343
0,0.5221725201051165,1766752820504
0,0.5221725201051165,1766752820665
0,0.5221725201051165,1766752820826
0,0.5221725201051165,1766752820988
0,0.5221725201051165,1766752821148
0,0.5221725201051165,1766752821308
0,0.5221725201051165,1766752821470
0,0.5221725201051165,1766752821621
0,0.5221725201051165,1766752821771
0,0.5221725201051165,1766752821924
0,0.5221725201051165,1766752822075
0,0.5221725201051165,1766752822229
0,0.5221725201051165,1766752822371
0,0.5221725201051165,1766752822513
0,0.5221725201051165,1766752822655
0,0.5221725201051165,1766752822797
0,0.5221725201051165,1766752822941
0,0.5221725201051165,1766752823088
0,0.5221725201051165,1766752823237
0,0.5221725201051165,1766752823382
0,0.5221725201051165,1766752823526
0,0.5221725201051165,1766752823671
0,0.5221725201051165,1766752823822
0,0.5221725201051165,1766752823968
0,0.5221725201051165,1766752824117
0,0.5221725201051165,1766752824279
0,0.5221725201051165,1766752824443
0,0.5221725201051165,1766752824603
0,0.5221725201051165,1766752824749
0,0.5221725201051165,1766752824911
0,0.5221725201051165,1766752825073
0,0.5221725201051165,1766752825249
0,0.5221725201051165,1766752825408
0,0.5221725201051165,1766752825569
0,0.5221725201051165,1766752825725
0,0.5221725201051165,1766752825885
0,0.5221725201051165,1766752826047
0,0.5221725201051165,1766752826204
0,0.5221725201051165,1766752826362
0,0.5221725201051165,1766752826524
0,0.5221725201051165,1766752826682
0,0.5221725201051165,1766752826841
0,0.5221725201051165,1766752827003
0,0.5221725201051165,1766752827163
0,0.5221725201051165,1766752827321
0,0.5221725201051165,1766752827477
0,0.5221725201051165,1766752827629
0,0.5221725201051165,1766752827782
0,0.5221725201051165,1766752827937
0,0.5221725201051165,1766752828083
0,0.5221725201051165,1766752828228
0,0.5221725201051165,1766752828370
0,0.5221725201051165,1766752828514
0,0.5221725201051165,1766752828656
0,0.5221725201051165,1766752828803
0,0.433676366989615,1766752828952
1,0.5221725201051165,1766752829093
1,0.5221725201051165,1766752829246
1,0.5221725201051165,1766752829392
1,0.5221725201051165,1766752829543
1,0.5221725201051165,1766752829698
1,0.5221725201051165,1766752829843
1,0.5221725201051165,1766752830006
1,0.5221725201051165,1766752830163
1,0.5221725201051165,1766752830334
1,0.5221725201051165,1766752830483
1,0.5221725201051165,1766752830627
1,0.5221725201051165,1766752830795
1,0.5221725201051165,1766752830967
1,0.5221725201051165,1766752831130
1,0.5221725201051165,1766752831280
1,0.5221725201051165,1766752831433
1,0.5221725201051165,1766752831592
1,0.5221725201051165,1766752831751
1,0.5221725201051165,1766752831909
1,0.5221725201051165,1766752832065
1,0.5221725201051165,1766752832222
1,0.5221725201051165,1766752832384
1,0.5221725201051165,1766752832542
1,0.5221725201051165,1766752832702
1,0.5221725201051165,1766752832867
1,0.5221725201051165,1766752833028
1,0.5221725201051165,1766752833184
1,0.5221725201051165,1766752833334
1,0.5221725201051165,1766752833487
1,0.5221725201051165,1766752833641
1,0.5221725201051165,1766752833792
1,0.5221725201051165,1766752833936
1,0.5221725201051165,1766752834079
1,0.5221725201051165,1766752834224
1,0.5221725201051165,1766752834367
1,0.5221725201051165,1766752834510
1,0.5221725201051165,1766752834657
1,0.5221725201051165,1766752834803
1,0.5221725201051165,1766752834946
1,0.5221725201051165,1766752835096
1,0.5221725201051165,1766752835239
1,0.5221725201051165,1766752835384
1,0.5221725201051165,1766752835533
1,0.5221725201051165,1766752835677
1,0.5221725201051165,1766752835840
1,0.5221725201051165,1766752835999
1,0.5221725201051165,1766752836169
1,0.5221725201051165,1766752836324
1,0.5221725201051165,1766752836490
1,0.5221725201051165,1766752836650
1,0.5221725201051165,1766752836831
1,0.5221725201051165,1766752836986
1,0.5221725201051165,1766752837141
1,0.5221725201051165,1766752837293
1,0.5221725201051165,1766752837453
1,0.5221725201051165,1766752837614
1,0.5221725201051165,1766752837772
1,0.5221725201051165,1766752837932
1,0.5221725201051165,1766752838093
1,0.5221725201051165,1766752838256
1,0.5221725201051165,1766752838418
1,0.5221725201051165,1766752838586
1,0.5221725201051165,1766752838751
1,0.5221725201051165,1766752838910
1,0.5221725201051165,1766752839065
1,0.5221725201051165,1766752839216
1,0.5221725201051165,1766752839366
1,0.5221725201051165,1766752839521
1,0.5221725201051165,1766752839667
1,0.5221725201051165,1766752839813
1,0.5221725201051165,1766752839955
1,0.5221725201051165,1766752840100
1,0.5221725201051165,1766752840242
1,0.5221725201051165,1766752840388
1,0.5221725201051165,1766752840534
1,0.5221725201051165,1766752840679
1,0.5221725201051165,1766752840825
1,0.5221725201051165,1766752840973
1,0.5221725201051165,1766752841126
1,0.5221725201051165,1766752841279
1,0.5221725201051165,1766752841427
1,0.5221725201051165,1766752841574
1,0.5221725201051165,1766752841741
1,0.5221725201051165,1766752841901
1,0.5221725201051165,1766752842077
1,0.5221725201051165,1766752842228
1,0.5221725201051165,1766752842391
1,0.5221725201051165,1766752842554
1,0.5221725201051165,1766752842733
1,0.5221725201051165,1766752842883
1,0.5221725201051165,1766752843036
1,0.5221725201051165,1766752843192
1,0.5221725201051165,1766752843354
1,0.5221725201051165,1766752843514
1,0.5221725201051165,1766752843675
1,0.5221725201051165,1766752843837
1,0.5221725201051165,1766752843999
1,0.5221725201051165,1766752844160
1,0.5221725201051165,1766752844319
1,0.5221725201051165,1766752844481
1,0.5221725201051165,1766752844643
1,0.5221725201051165,1766752844803
1,0.5221725201051165,1766752844956
1,0.5221725201051165,1766752845109
1,0.5221725201051165,1766752845263
1,0.5221725201051165,1766752845413
1,0.5221725201051165,1766752845559
1,0.5221725201051165,1766752845701
1,0.5221725201051165,1766752845846
1,0.5221725201051165,1766752845991
1,0.5221725201051165,1766752846134
1,0.5221725201051165,1766752846281
1,0.5221725201051165,1766752846426
1,0.5221725201051165,1766752846572
1,0.5221725201051165,1766752846716
1,0.5221725201051165,1766752846873
1,0.5221725201051165,1766752847023
1,0.5221725201051165,1766752847174
1,0.5221725201051165,1766752847323
1,0.5221725201051165,1766752847474
1,0.5221725201051165,1766752847634
1,0.5221725201051165,1766752847804
1,0.5221725201051165,1766752847966
1,0.5221725201051165,1766752848130
1,0.5221725201051165,1766752848299
1,0.5221725201051165,1766752848470
1,0.5221725201051165,1766752848618
1,0.5221725201051165,1766752848779
1,0.5221725201051165,1766752848927
1,0.5221725201051165,1766752849088
1,0.5221725201051165,1766752849245
1,0.5221725201051165,1766752849407
1,0.5221725201051165,1766752849564
1,0.5221725201051165,1766752849728
1,0.5221725201051165,1766752849888
1,0.5221725201051165,1766752850049
1,0.5221725201051165,1766752850210
1,0.5221725201051165,1766752850369
1,0.5221725201051165,1766752850527
1,0.5221725201051165,1766752850684
1,0.5221725201051165,1766752850834
1,0.5221725201051165,1766752850989
1,0.5221725201051165,1766752851138
1,0.5221725201051165,1766752851281
1,0.5221725201051165,1766752851423
1,0.5221725201051165,1766752851566
1,0.5221725201051165,1766752851708
1,0.5221725201051165,1766752851851
1,0.5221725201051165,1766752851992
1,0.5221725201051165,1766752852136
1,0.5221725201051165,1766752852283
1,0.5221725201051165,1766752852427
1,0.5221725201051165,1766752852576
1,0.5221725201051165,1766752852723
1,0.5221725201051165,1766752852872
1,0.5221725201051165,1766752853021
1,0.5221725201051165,1766752853170
1,0.5221725201051165,1766752853319
1,0.5221725201051165,1766752853479
1,0.5221725201051165,1766752853648
1,0.5221725201051165,1766752853816
1,0.5221725201051165,1766752853980
1,0.5221725201051165,1766752854150
1,0.5221725201051165,1766752854318
1,0.5221725201051165,1766752854468
1,0.5221725201051165,1766752854619
1,0.5221725201051165,1766752854773
1,0.5221725201051165,1766752854933
1,0.5221725201051165,1766752855093
1,0.5221725201051165,1766752855254
1,0.5221725201051165,1766752855418
1,0.5221725201051165,1766752855581
1,0.5221725201051165,1766752855741
1,0.5221725201051165,1766752855899
1,0.5221725201051165,1766752856059
1,0.5221725201051165,1766752856218
1,0.5221725201051165,1766752856377
1,0.5221725201051165,1766752856535
1,0.5221725201051165,1766752856686
1,0.5221725201051165,1766752856839
1,0.5221725201051165,1766752856988
1,0.5221725201051165,1766752857134
1,0.5221725201051165,1766752857285
1,0.5221725201051165,1766752857428
1,0.5221725201051165,1766752857574
1,0.5221725201051165,1766752857717
1,0.5221725201051165,1766752857861
1,0.5221725201051165,1766752858008
1,0.5221725201051165,1766752858152
1,0.5221725201051165,1766752858299
1,0.5221725201051165,1766752858453
1,0.5221725201051165,1766752858601
1,0.5221725201051165,1766752858745
1,0.5221725201051165,1766752858899
1,0.5221725201051165,1766752859046
1,0.5221725201051165,1766752859204
1,0.5221725201051165,1766752859362
1,0.5221725201051165,1766752859535
1,0.5221725201051165,1766752859714
1,0.5221725201051165,1766752859878
1,0.5221725201051165,1766752860040
1,0.5221725201051165,1766752860197
1,0.5221725201051165,1766752860353
1,0.5221725201051165,1766752860504
1,0.5221725201051165,1766752860658
1,0.5221725201051165,1766752860820
1,0.5221725201051165,1766752860978
1,0.5221725201051165,1766752861139
1,0.5221725201051165,1766752861302
1,0.5221725201051165,1766752861465
1,0.5221725201051165,1766752861624
1,0.5221725201051165,1766752861786
1,0.5221725201051165,1766752861946
1,0.5221725201051165,1766752862105
1,0.5221725201051165,1766752862267
1,0.5221725201051165,1766752862422
1,0.5221725201051165,1766752862573
1,0.5221725201051165,1766752862724
1,0.5221725201051165,1766752862866
1,0.5221725201051165,1766752863009
1,0.5221725201051165,1766752863151
1,0.5221725201051165,1766752863295
1,0.5221725201051165,1766752863437
1,0.5221725201051165,1766752863579
1,0.5221725201051165,1766752863722
1,0.5221725201051165,1766752863866
1,0.5221725201051165,1766752864012
1,0.5221725201051165,1766752864157
1,0.5221725201051165,1766752864306
1,0.5221725201051165,1766752864453
1,0.5221725201051165,1766752864599
1,0.5221725201051165,1766752864747
1,0.5221725201051165,1766752864892
1,0.5221725201051165,1766752865052
1,0.5221725201051165,1766752865211
1,0.5221725201051165,1766752865389
1,0.5221725201051165,1766752865558
1,0.5221725201051165,1766752865727
1,0.5221725201051165,1766752865886
1,0.5221725201051165,1766752866040
1,0.5221725201051165,1766752866191
1,0.5221725201051165,1766752866344
1,0.5221725201051165,1766752866503
1,0.5221725201051165,1766752866660
1,0.5221725201051165,1766752866821
1,0.5221725201051165,1766752866982
1,0.5221725201051165,1766752867145
1,0.5221725201051165,1766752867305
1,0.5221725201051165,1766752867465
1,0.5221725201051165,1766752867622
1,0.5221725201051165,1766752867781
1,0.5221725201051165,1766752867938
1,0.5221725201051165,1766752868097
1,0.5221725201051165,1766752868256
1,0.5221725201051165,1766752868408
1,0.5221725201051165,1766752868557
1,0.5221725201051165,1766752868698
1,0.5221725201051165,1766752868840
1,0.5221725201051165,1766752868982
1,0.5221725201051165,1766752869123
1,0.5221725201051165,1766752869266
1,0.5221725201051165,1766752869412
1,0.5221725201051165,1766752869558
1,0.5221725201051165,1766752869703
1,0.5221725201051165,1766752869847
1,0.5221725201051165,1766752869993
1,0.5221725201051165,1766752870148
1,0.5221725201051165,1766752870294
1,0.5221725201051165,1766752870439
1,0.5221725201051165,1766752870589
1,0.5221725201051165,1766752870735
1,0.5221725201051165,1766752870899
1,0.5221725201051165,1766752871056
1,0.5221725201051165,1766752871242
1,0.5221725201051165,1766752871411
1,0.5221725201051165,1766752871587
1,0.5221725201051165,1766752871734
1,0.5221725201051165,1766752871893
1,0.5221725201051165,1766752872044
1,0.5221725201051165,1766752872208
1,0.5221725201051165,1766752872368
1,0.5221725201051165,1766752872531
1,0.5221725201051165,1766752872691
1,0.5221725201051165,1766752872855
1,0.5221725201051165,1766752873022
1,0.5221725201051165,1766752873186
1,0.5221725201051165,1766752873344
1,0.5221725201051165,1766752873500
1,0.5221725201051165,1766752873659
1,0.5221725201051165,1766752873817
1,0.5221725201051165,1766752873976
1,0.5221725201051165,1766752874128
1,0.5221725201051165,1766752874280
1,0.5221725201051165,1766752874423
1,0.5221725201051165,1766752874565
1,0.5221725201051165,1766752874706
1,0.5221725201051165,1766752874848
1,0.5221725201051165,1766752874989
1,0.5221725201051165,1766752875130
1,0.5221725201051165,1766752875273
1,0.5221725201051165,1766752875415
1,0.5221725201051165,1766752875565
1,0.5221725201051165,1766752875709
1,0.5221725201051165,1766752875859
1,0.5221725201051165,1766752876011
1,0.5221725201051165,1766752876156
1,0.5221725201051165,1766752876304
1,0.5221725201051165,1766752876450
1,0.5221725201051165,1766752876598
1,0.5221725201051165,1766752876756
1,0.5221725201051165,1766752876913
1,0.5221725201051165,1766752877105
1,0.5221725201051165,1766752877273
1,0.5221725201051165,1766752877435
1,0.5221725201051165,1766752877580
1,0.5221725201051165,1766752877741
1,0.5221725201051165,1766752877893
1,0.5221725201051165,1766752878048
1,0.5221725201051165,1766752878202
1,0.5221725201051165,1766752878357
1,0.5221725201051165,1766752878515
1,0.5221725201051165,1766752878675
1,0.5221725201051165,1766752878839
1,0.5221725201051165,1766752878998
1,0.5221725201051165,1766752879158
1,0.5221725201051165,1766752879317
1,0.5221725201051165,1766752879478
1,0.5221725201051165,1766752879639
1,0.5221725201051165,1766752879799
1,0.5221725201051165,1766752879956
1,0.5221725201051165,1766752880105
1,0.5221725201051165,1766752880247
1,0.5221725201051165,1766752880389
1,0.5221725201051165,1766752880533
1,0.5221725201051165,1766752880680
1,0.5221725201051165,1766752880822
1,0.5221725201051165,1766752880964
1,0.5221725201051165,1766752881106
1,0.5221725201051165,1766752881248
1,0.5221725201051165,1766752881395
1,0.5221725201051165,1766752881540
1,0.5221725201051165,1766752881687
1,0.5221725201051165,1766752881839
1,0.5221725201051165,1766752881987
1,0.5221725201051165,1766752882137
1,0.5221725201051165,1766752882282
1,0.5221725201051165,1766752882431
1,0.5221725201051165,1766752882588
1,0.5221725201051165,1766752882757
1,0.5221725201051165,1766752882940
1,0.5221725201051165,1766752883111
1,0.5221725201051165,1766752883267
1,0.5221725201051165,1766752883418
1,0.5221725201051165,1766752883573
1,0.5221725201051165,1766752883729
1,0.5221725201051165,1766752883887
1,0.5221725201051165,1766752884045
1,0.5221725201051165,1766752884204
1,0.5221725201051165,1766752884367
1,0.5221725201051165,1766752884531
1,0.5221725201051165,1766752884691
1,0.5221725201051165,1766752884855
1,0.5221725201051165,1766752885015
1,0.5221725201051165,1766752885171
1,0.5221725201051165,1766752885330
1,0.5221725201051165,1766752885490
1,0.5221725201051165,1766752885651
1,0.5221725201051165,1766752885807
1,0.5221725201051165,1766752885955
1,0.5221725201051165,1766752886101
1,0.5221725201051165,1766752886245
1,0.5221725201051165,1766752886390
1,0.5221725201051165,1766752886531
1,0.5221725201051165,1766752886677
1,0.5221725201051165,1766752886819
1,0.5221725201051165,1766752886963
1,0.5221725201051165,1766752887107
1,0.5221725201051165,1766752887257
1,0.5221725201051165,1766752887406
1,0.5221725201051165,1766752887558
1,0.5221725201051165,1766752887707
1,0.5221725201051165,1766752887865
1,0.5221725201051165,1766752888013
1,0.5221725201051165,1766752888163
1,0.5221725201051165,1766752888307
1,0.5221725201051165,1766752888473
1,0.5221725201051165,1766752888654
1,0.5221725201051165,1766752888846
1,0.5221725201051165,1766752889005
1,0.5221725201051165,1766752889153
1,0.5221725201051165,1766752889308
1,0.5221725201051165,1766752889460
1,0.5221725201051165,1766752889619
1,0.5221725201051165,1766752889776
1,0.5221725201051165,1766752889937
1,0.5221725201051165,1766752890100
1,0.5221725201051165,1766752890261
1,0.5221725201051165,1766752890424
1,0.5221725201051165,1766752890586
1,0.5221725201051165,1766752890746
1,0.5221725201051165,1766752890905
1,0.5221725201051165,1766752891064
1,0.5221725201051165,1766752891223
1,0.5221725201051165,1766752891383
1,0.5221725201051165,1766752891544
1,0.5221725201051165,1766752891697
1,0.5221725201051165,1766752891839
1,0.5221725201051165,1766752891983
1,0.5221725201051165,1766752892126
1,0.5221725201051165,1766752892268
1,0.5221725201051165,1766752892411
1,0.5221725201051165,1766752892555
1,0.5221725201051165,1766752892698
1,0.5221725201051165,1766752892840
1,0.5221725201051165,1766752892982
1,0.5221725201051165,1766752893131
1,0.5221725201051165,1766752893282
1,0.5221725201051165,1766752893427
1,0.5221725201051165,1766752893582
1,0.5221725201051165,1766752893729
1,0.5221725201051165,1766752893874
1,0.5221725201051165,1766752894022
1,0.5221725201051165,1766752894168
1,0.5221725201051165,1766752894341
1,0.5221725201051165,1766752894519
1,0.5221725201051165,1766752894712
1,0.5221725201051165,1766752894861
1,0.5221725201051165,1766752895010
1,0.5221725201051165,1766752895162
1,0.5221725201051165,1766752895320
1,0.5221725201051165,1766752895483
1,0.5221725201051165,1766752895641
1,0.5221725201051165,1766752895802
1,0.5221725201051165,1766752895965
1,0.5221725201051165,1766752896125
1,0.5221725201051165,1766752896286
1,0.5221725201051165,1766752896446
1,0.5221725201051165,1766752896603
1,0.5221725201051165,1766752896762
1,0.5221725201051165,1766752896920
1,0.5221725201051165,1766752897082
1,0.5221725201051165,1766752897243
1,0.5221725201051165,1766752897404
1,0.5221725201051165,1766752897550
1,0.5221725201051165,1766752897693
1,0.5221725201051165,1766752897836
1,0.5221725201051165,1766752897979
1,0.5221725201051165,1766752898121
1,0.5221725201051165,1766752898262
1,0.5221725201051165,1766752898406
1,0.5221725201051165,1766752898548
1,0.5221725201051165,1766752898690
1,0.5221725201051165,1766752898833
1,0.5221725201051165,1766752898989
1,0.5221725201051165,1766752899143
1,0.5221725201051165,1766752899290
1,0.5221725201051165,1766752899443
1,0.5221725201051165,1766752899588
1,0.5221725201051165,1766752899741
1,0.5221725201051165,1766752899887
1,0.5221725201051165,1766752900033
1,0.5221725201051165,1766752900216
1,0.5221725201051165,1766752900406
1,0.5221725201051165,1766752900584
1,0.5221725201051165,1766752900729
1,0.5221725201051165,1766752900880
1,0.5221725201051165,1766752901047
1,0.5221725201051165,1766752901205
1,0.5221725201051165,1766752901361
1,0.5221725201051165,1766752901519
1,0.5221725201051165,1766752901683
1,0.5221725201051165,1766752901845
1,0.5221725201051165,1766752902007
1,0.5221725201051165,1766752902167
1,0.5221725201051165,1766752902327
1,0.5221725201051165,1766752902488
1,0.5221725201051165,1766752902647
1,0.5221725201051165,1766752902810
1,0.5221725201051165,1766752902975
1,0.5221725201051165,1766752903137
1,0.5221725201051165,1766752903296
1,0.5221725201051165,1766752903440
1,0.5221725201051165,1766752903585
1,0.5221725201051165,1766752903731
1,0.5221725201051165,1766752903873
1,0.5221725201051165,1766752904017
1,0.5221725201051165,1766752904160
1,0.5221725201051165,1766752904303
1,0.5221725201051165,1766752904448
1,0.5221725201051165,1766752904593
1,0.5221725201051165,1766752904743
1,0.5221725201051165,1766752904894
1,0.5221725201051165,1766752905040
1,0.5221725201051165,1766752905197
1,0.5221725201051165,1766752905344
1,0.5221725201051165,1766752905489
1,0.5221725201051165,1766752905643
1,0.5221725201051165,1766752905788
1,0.5221725201051165,1766752905959
1,0.5221725201051165,1766752906127
1,0.5221725201051165,1766752906323
1,0.5221725201051165,1766752906471
1,0.5221725201051165,1766752906628
1,0.5221725201051165,1766752906773
1,0.5221725201051165,1766752906933
1,0.5221725201051165,1766752907089
1,0.5221725201051165,1766752907247
1,0.5221725201051165,1766752907403
1,0.5221725201051165,1766752907563
1,0.5221725201051165,1766752907725
1,0.5221725201051165,1766752907886
1,0.5221725201051165,1766752908046
1,0.5221725201051165,1766752908203
1,0.5221725201051165,1766752908361
1,0.5221725201051165,1766752908517
1,0.5221725201051165,1766752908678
1,0.5221725201051165,1766752908839
1,0.5221725201051165,1766752909000
1,0.5221725201051165,1766752909148
1,0.5221725201051165,1766752909290
1,0.5221725201051165,1766752909431
1,0.5221725201051165,1766752909574
1,0.5221725201051165,1766752909715
1,0.5221725201051165,1766752909857
1,0.5221725201051165,1766752910000
1,0.5221725201051165,1766752910143
1,0.5221725201051165,1766752910287
1,0.5221725201051165,1766752910430
1,0.5221725201051165,1766752910583
1,0.5221725201051165,1766752910732
1,0.5221725201051165,1766752910878
1,0.5221725201051165,1766752911030
1,0.5221725201051165,1766752911175
1,0.5221725201051165,1766752911323
1,0.5221725201051165,1766752911477
1,0.5221725201051165,1766752911621
1,0.5221725201051165,1766752911797
1,0.5221725201051165,1766752911972
1,0.5221725201051165,1766752912167
1,0.5221725201051165,1766752912311
1,0.5221725201051165,1766752912464
1,0.5221725201051165,1766752912610
1,0.5221725201051165,1766752912771
1,0.5221725201051165,1766752912927
1,0.5221725201051165,1766752913085
1,0.5221725201051165,1766752913243
1,0.5221725201051165,1766752913403
1,0.5221725201051165,1766752913565
1,0.5221725201051165,1766752913726
1,0.5221725201051165,1766752913884
1,0.5221725201051165,1766752914043
1,0.5221725201051165,1766752914199
1,0.5221725201051165,1766752914357
1,0.5221725201051165,1766752914515
1,0.5221725201051165,1766752914678
1,0.5221725201051165,1766752914837
1,0.5221725201051165,1766752914987
1,0.5221725201051165,1766752915130
1,0.5221725201051165,1766752915275
1,0.5221725201051165,1766752915421
1,0.5221725201051165,1766752915568
1,0.5221725201051165,1766752915715
1,0.5221725201051165,1766752915859
1,0.5221725201051165,1766752916003
1,0.5221725201051165,1766752916148
1,0.5221725201051165,1766752916294
1,0.5221725201051165,1766752916442
1,0.5221725201051165,1766752916591
1,0.5221725201051165,1766752916736
1,0.5221725201051165,1766752916888
1,0.5221725201051165,1766752917033
1,0.5221725201051165,1766752917189
1,0.5221725201051165,1766752917340
1,0.5221725201051165,1766752917502
1,0.5221725201051165,1766752917680
1,0.5221725201051165,1766752917860
1,0.5221725201051165,1766752918034
1,0.5221725201051165,1766752918184
1,0.5221725201051165,1766752918333
1,0.5221725201051165,1766752918489
1,0.5221725201051165,1766752918649
1,0.5221725201051165,1766752918806
1,0.5221725201051165,1766752918965
1,0.5221725201051165,1766752919122
1,0.5221725201051165,1766752919282
1,0.5221725201051165,1766752919441
1,0.5221725201051165,1766752919602
1,0.5221725201051165,1766752919763
1,0.5221725201051165,1766752919919
1,0.5221725201051165,1766752920075
1,0.5221725201051165,1766752920234
1,0.5221725201051165,1766752920391
1,0.5221725201051165,1766752920550
1,0.5221725201051165,1766752920702
1,0.5221725201051165,1766752920848
1,0.5221725201051165,1766752920990
1,0.5221725201051165,1766752921131
1,0.5221725201051165,1766752921275
1,0.5221725201051165,1766752921418
1,0.5221725201051165,1766752921559
1,0.5221725201051165,1766752921703
1,0.5221725201051165,1766752921846
1,0.5221725201051165,1766752921991
1,0.5221725201051165,1766752922139
1,0.5221725201051165,1766752922286
1,0.5221725201051165,1766752922435
1,0.5221725201051165,1766752922583
1,0.5221725201051165,1766752922731
1,0.5221725201051165,1766752922876
1,0.5221725201051165,1766752923020
1,0.5221725201051165,1766752923168
1,0.5221725201051165,1766752923332
1,0.5221725201051165,1766752923503
1,0.5221725201051165,1766752923682
1,0.5221725201051165,1766752923852
1,0.5221725201051165,1766752924004
1,0.5221725201051165,1766752924154
1,0.5221725201051165,1766752924306
1,0.5221725201051165,1766752924468
1,0.5221725201051165,1766752924626
1,0.5221725201051165,1766752924784
1,0.5221725201051165,1766752924945
1,0.5221725201051165,1766752925104
1,0.5221725201051165,1766752925267
1,0.5221725201051165,1766752925429
1,0.5221725201051165,1766752925587
1,0.5221725201051165,1766752925746
1,0.5221725201051165,1766752925906
1,0.5221725201051165,1766752926064
1,0.5221725201051165,1766752926225
1,0.5221725201051165,1766752926387
1,0.5221725201051165,1766752926536
1,0.5221725201051165,1766752926684
1,0.5221725201051165,1766752926825
1,0.5221725201051165,1766752926968
1,0.5221725201051165,1766752927111
1,0.5221725201051165,1766752927254
1,0.5221725201051165,1766752927395
1,0.5221725201051165,1766752927538
1,0.5221725201051165,1766752927680
1,0.5221725201051165,1766752927823
1,0.5221725201051165,1766752927966
1,0.5221725201051165,1766752928117
1,0.5221725201051165,1766752928263
1,0.5221725201051165,1766752928417
1,0.5221725201051165,1766752928568
1,0.5221725201051165,1766752928719
1,0.5221725201051165,1766752928862
1,0.5221725201051165,1766752929015
1,0.5221725201051165,1766752929177
1,0.5221725201051165,1766752929355
1,0.5221725201051165,1766752929528
1,0.5221725201051165,1766752929693
1,0.5221725201051165,1766752929838
1,0.5221725201051165,1766752929998
1,0.5221725201051165,1766752930151
1,0.5221725201051165,1766752930309
1,0.5221725201051165,1766752930468
1,0.5221725201051165,1766752930627
1,0.5221725201051165,1766752930791
1,0.5221725201051165,1766752930951
1,0.5221725201051165,1766752931115
1,0.5221725201051165,1766752931278
1,0.5221725201051165,1766752931440
1,0.5221725201051165,1766752931601
1,0.5221725201051165,1766752931760
1,0.5221725201051165,1766752931919
1,0.5221725201051165,1766752932081
1,0.5221725201051165,1766752932239
1,0.5221725201051165,1766752932390
1,0.5221725201051165,1766752932537
1,0.5221725201051165,1766752932681
1,0.5221725201051165,1766752932824
1,0.5221725201051165,1766752932969
1,0.5221725201051165,1766752933114
1,0.5221725201051165,1766752933257
1,0.5221725201051165,1766752933401
1,0.5221725201051165,1766752933547
1,0.5221725201051165,1766752933693
1,0.5221725201051165,1766752933839
1,0.5221725201051165,1766752933985
1,0.5221725201051165,1766752934137
1,0.5221725201051165,1766752934283
1,0.5221725201051165,1766752934431
1,0.5221725201051165,1766752934579
1,0.5221725201051165,1766752934723
1,0.5221725201051165,1766752934884
1,0.5221725201051165,1766752935046
1,0.5221725201051165,1766752935241
1,0.5221725201051165,1766752935415
1,0.5221725201051165,1766752935586
1,0.5221725201051165,1766752935732
1,0.5221725201051165,1766752935888
1,0.5221725201051165,1766752936043
1,0.5221725201051165,1766752936199
1,0.5221725201051165,1766752936358
1,0.5221725201051165,1766752936516
1,0.5221725201051165,1766752936674
1,0.5221725201051165,1766752936837
1,0.5221725201051165,1766752936999
1,0.5221725201051165,1766752937161
1,0.5221725201051165,1766752937323
1,0.5221725201051165,1766752937481
1,0.5221725201051165,1766752937639
1,0.5221725201051165,1766752937797
1,0.5221725201051165,1766752937959
1,0.5221725201051165,1766752938113
1,0.5221725201051165,1766752938263
1,0.5221725201051165,1766752938411
1,0.5221725201051165,1766752938553
1,0.5221725201051165,1766752938698
1,0.5221725201051165,1766752938840
1,0.5221725201051165,1766752938987
1,0.5221725201051165,1766752939130
1,0.5221725201051165,1766752939274
1,0.5221725201051165,1766752939423
1,0.5221725201051165,1766752939568
1,0.5221725201051165,1766752939714
1,0.5221725201051165,1766752939861
1,0.5221725201051165,1766752940009
1,0.5221725201051165,1766752940154
1,0.5221725201051165,1766752940305
1,0.5221725201051165,1766752940449
1,0.5221725201051165,1766752940600
1,0.5221725201051165,1766752940763
1,0.5221725201051165,1766752940929
1,0.5221725201051165,1766752941114
1,0.5221725201051165,1766752941282
1,0.5221725201051165,1766752941445
1,0.5221725201051165,1766752941600
1,0.5221725201051165,1766752941757
1,0.5221725201051165,1766752941908
1,0.5221725201051165,1766752942065
1,0.5221725201051165,1766752942225
1,0.5221725201051165,1766752942383
1,0.5221725201051165,1766752942546
1,0.5221725201051165,1766752942705
1,0.5221725201051165,1766752942867
1,0.5221725201051165,1766752943026
1,0.5221725201051165,1766752943187
1,0.5221725201051165,1766752943348
1,0.5221725201051165,1766752943506
1,0.5221725201051165,1766752943667
1,0.5221725201051165,1766752943824
1,0.5221725201051165,1766752943977
1,0.5221725201051165,1766752944128
1,0.5221725201051165,1766752944273
1,0.5221725201051165,1766752944417
1,0.5221725201051165,1766752944559
1,0.5221725201051165,1766752944704
1,0.5221725201051165,1766752944845
1,0.5221725201051165,1766752944987
1,0.5221725201051165,1766752945129
1,0.5221725201051165,1766752945277
1,0.5221725201051165,1766752945423
1,0.5221725201051165,1766752945569
1,0.5221725201051165,1766752945717
1,0.5221725201051165,1766752945864
1,0.5221725201051165,1766752946008
1,0.5221725201051165,1766752946159
1,0.5221725201051165,1766752946303
1,0.5221725201051165,1766752946462
1,0.5221725201051165,1766752946621
1,0.5221725201051165,1766752946789
1,0.5221725201051165,1766752946961
1,0.5221725201051165,1766752947131
1,0.5221725201051165,1766752947292
1,0.5221725201051165,1766752947443
1,0.5221725201051165,1766752947600
1,0.5221725201051165,1766752947750
1,0.5221725201051165,1766752947907
1,0.5221725201051165,1766752948063
1,0.5221725201051165,1766752948221
1,0.5221725201051165,1766752948382
1,0.5221725201051165,1766752948542
1,0.5221725201051165,1766752948700
1,0.5221725201051165,1766752948858
1,0.5221725201051165,1766752949018
1,0.5221725201051165,1766752949177
1,0.5221725201051165,1766752949332
1,0.5221725201051165,1766752949489
1,0.5221725201051165,1766752949641
1,0.5221725201051165,1766752949790
1,0.5221725201051165,1766752949941
1,0.5221725201051165,1766752950087
1,0.5221725201051165,1766752950228
1,0.5221725201051165,1766752950368
1,0.5221725201051165,1766752950510
1,0.5221725201051165,1766752950652
1,0.5221725201051165,1766752950794
1,0.5221725201051165,1766752950936
1,0.5221725201051165,1766752951080
1,0.5221725201051165,1766752951227
1,0.5221725201051165,1766752951372
1,0.5221725201051165,1766752951525
1,0.5221725201051165,1766752951669
1,0.5221725201051165,1766752951816
1,0.5221725201051165,1766752951967
1,0.5221725201051165,1766752952110
1,0.5221725201051165,1766752952279
1,0.5221725201051165,1766752952440
1,0.5221725201051165,1766752952601
1,0.5221725201051165,1766752952766
1,0.5221725201051165,1766752952932
1,0.5221725201051165,1766752953098
1,0.5221725201051165,1766752953249
1,0.5221725201051165,1766752953407
1,0.5221725201051165,1766752953559
1,0.5221725201051165,1766752953724
1,0.5221725201051165,1766752953883
1,0.5221725201051165,1766752954041
1,0.5221725201051165,1766752954200
1,0.5221725201051165,1766752954362
1,0.5221725201051165,1766752954522
1,0.5221725201051165,1766752954683
1,0.5221725201051165,1766752954841
1,0.5221725201051165,1766752955003
1,0.5221725201051165,1766752955161
1,0.5221725201051165,1766752955322
1,0.5221725201051165,1766752955472
1,0.5221725201051165,1766752955622
1,0.5221725201051165,1766752955775
1,0.5221725201051165,1766752955920
1,0.5221725201051165,1766752956065
1,0.5221725201051165,1766752956207
1,0.5221725201051165,1766752956351
1,0.5221725201051165,1766752956493
1,0.5221725201051165,1766752956638
1,0.5221725201051165,1766752956786
1,0.5221725201051165,1766752956933
1,0.5221725201051165,1766752957080
1,0.5221725201051165,1766752957229
1,0.5221725201051165,1766752957378
1,0.5221725201051165,1766752957527
1,0.5221725201051165,1766752957677
1,0.5221725201051165,1766752957826
1,0.5221725201051165,1766752957981
1,0.5221725201051165,1766752958141
1,0.5221725201051165,1766752958314
1,0.5221725201051165,1766752958466
1,0.5221725201051165,1766752958638
1,0.5221725201051165,1766752958802
1,0.5221725201051165,1766752958974
1,0.5221725201051165,1766752959126
1,0.5221725201051165,1766752959280
1,0.5221725201051165,1766752959431
1,0.5221725201051165,1766752959590
1,0.5221725201051165,1766752959751
1,0.5221725201051165,1766752959913
1,0.5221725201051165,1766752960074
1,0.5221725201051165,1766752960234
1,0.5221725201051165,1766752960393
1,0.5221725201051165,1766752960553
1,0.5221725201051165,1766752960715
1,0.5221725201051165,1766752960873
1,0.5221725201051165,1766752961034
1,0.5221725201051165,1766752961186
1,0.5221725201051165,1766752961336
1,0.5221725201051165,1766752961487
1,0.5221725201051165,1766752961640
1,0.5221725201051165,1766752961785
1,0.5221725201051165,1766752961933
1,0.5221725201051165,1766752962078
1,0.5221725201051165,1766752962224
1,0.5221725201051165,1766752962367
1,0.5221725201051165,1766752962512
1,0.5221725201051165,1766752962658
1,0.5221725201051165,1766752962805
1,0.5221725201051165,1766752962950
1,0.5221725201051165,1766752963099
1,0.5221725201051165,1766752963249
1,0.5221725201051165,1766752963401
1,0.5221725201051165,1766752963548
1,0.5221725201051165,1766752963702
1,0.5221725201051165,1766752963868
1,0.5221725201051165,1766752964031
1,0.5221725201051165,1766752964192
1,0.5221725201051165,1766752964339
1,0.5221725201051165,1766752964510
1,0.5221725201051165,1766752964686
1,0.5221725201051165,1766752964857
1,0.5221725201051165,1766752965007
1,0.5221725201051165,1766752965167
1,0.5221725201051165,1766752965326
1,0.5221725201051165,1766752965485
1,0.5221725201051165,1766752965642
1,0.5221725201051165,1766752965798
1,0.5221725201051165,1766752965956
1,0.5221725201051165,1766752966114
1,0.5221725201051165,1766752966273
1,0.5221725201051165,1766752966434
1,0.5221725201051165,1766752966594
1,0.5221725201051165,1766752966754
1,0.5221725201051165,1766752966913
1,0.5221725201051165,1766752967062
1,0.5221725201051165,1766752967212
1,0.5221725201051165,1766752967363
1,0.5221725201051165,1766752967513
1,0.5221725201051165,1766752967655
1,0.5221725201051165,1766752967796
1,0.5221725201051165,1766752967938
1,0.5221725201051165,1766752968080
1,0.5221725201051165,1766752968223
1,0.5221725201051165,1766752968367
1,0.5221725201051165,1766752968511
1,0.5221725201051165,1766752968655
1,0.5221725201051165,1766752968800
1,0.5221725201051165,1766752968947
1,0.5221725201051165,1766752969093
1,0.5221725201051165,1766752969239
1,0.5221725201051165,1766752969385
1,0.5221725201051165,1766752969544
1,0.5221725201051165,1766752969705
1,0.5221725201051165,1766752969872
1,0.5221725201051165,1766752970028
1,0.5221725201051165,1766752970171
1,0.5221725201051165,1766752970340
1,0.5221725201051165,1766752970509
1,0.5221725201051165,1766752970679
1,0.5221725201051165,1766752970828
1,0.5221725201051165,1766752970983
1,0.5221725201051165,1766752971133
1,0.5221725201051165,1766752971296
1,0.5221725201051165,1766752971453
1,0.5221725201051165,1766752971612
1,0.5221725201051165,1766752971770
1,0.5221725201051165,1766752971928
1,0.5221725201051165,1766752972082
1,0.5221725201051165,1766752972240
1,0.5221725201051165,1766752972400
1,0.5221725201051165,1766752972562
1,0.5221725201051165,1766752972719
1,0.5221725201051165,1766752972868
1,0.5221725201051165,1766752973020
1,0.5221725201051165,1766752973170
1,0.5221725201051165,1766752973323
1,0.5221725201051165,1766752973466
1,0.433676366989615,1766752973610
2,0.5221725201051165,1766752973743
2,0.5221725201051165,1766752973885
2,0.5221725201051165,1766752974026
2,0.5221725201051165,1766752974173
2,0.5221725201051165,1766752974317
2,0.5221725201051165,1766752974468
2,0.5221725201051165,1766752974616
2,0.5221725201051165,1766752974759
2,0.5221725201051165,1766752974904
2,0.5221725201051165,1766752975055
2,0.5221725201051165,1766752975199
2,0.5221725201051165,1766752975360
2,0.5221725201051165,1766752975520
2,0.5221725201051165,1766752975694
2,0.5221725201051165,1766752975845
2,0.5221725201051165,1766752975996
2,0.5221725201051165,1766752976162
2,0.5221725201051165,1766752976332
2,0.5221725201051165,1766752976510
2,0.5221725201051165,1766752976663
2,0.5221725201051165,1766752976822
2,0.5221725201051165,1766752976978
2,0.5221725201051165,1766752977139
2,0.5221725201051165,1766752977313
2,0.5221725201051165,1766752977475
2,0.5221725201051165,1766752977634
2,0.5221725201051165,1766752977793
2,0.5221725201051165,1766752977953
2,0.5221725201051165,1766752978110
2,0.5221725201051165,1766752978269
2,0.5221725201051165,1766752978433
2,0.5221725201051165,1766752978586
2,0.5221725201051165,1766752978737
2,0.5221725201051165,1766752978887
2,0.5221725201051165,1766752979039
2,0.5221725201051165,1766752979193
2,0.5221725201051165,1766752979337
2,0.5221725201051165,1766752979478
2,0.5221725201051165,1766752979619
2,0.5221725201051165,1766752979760
2,0.5221725201051165,1766752979906
2,0.5221725201051165,1766752980051
2,0.5221725201051165,1766752980197
2,0.5221725201051165,1766752980343
2,0.5221725201051165,1766752980494
2,0.5221725201051165,1766752980640
2,0.5221725201051165,1766752980789
2,0.5221725201051165,1766752980939
2,0.5221725201051165,1766752981089
2,0.5221725201051165,1766752981256
2,0.5221725201051165,1766752981426
2,0.5221725201051165,1766752981594
2,0.5221725201051165,1766752981740
2,0.5221725201051165,1766752981894
2,0.5221725201051165,1766752982060
2,0.5221725201051165,1766752982232
2,0.5221725201051165,1766752982401
2,0.5221725201051165,1766752982558
2,0.5221725201051165,1766752982712
2,0.5221725201051165,1766752982874
2,0.5221725201051165,1766752983032
2,0.5221725201051165,1766752983193
2,0.5221725201051165,1766752983350
2,0.5221725201051165,1766752983510
2,0.5221725201051165,1766752983669
2,0.5221725201051165,1766752983831
2,0.5221725201051165,1766752983993
2,0.5221725201051165,1766752984151
2,0.5221725201051165,1766752984306
2,0.5221725201051165,1766752984458
2,0.5221725201051165,1766752984606
2,0.5221725201051165,1766752984759
2,0.5221725201051165,1766752984910
2,0.5221725201051165,1766752985063
2,0.5221725201051165,1766752985205
2,0.5221725201051165,1766752985347
2,0.5221725201051165,1766752985489
2,0.5221725201051165,1766752985634
2,0.5221725201051165,1766752985785
2,0.5221725201051165,1766752985931
2,0.5221725201051165,1766752986075
2,0.5221725201051165,1766752986227
2,0.5221725201051165,1766752986371
2,0.5221725201051165,1766752986516
2,0.5221725201051165,1766752986661
2,0.5221725201051165,1766752986813
2,0.5221725201051165,1766752986976
2,0.5221725201051165,1766752987130
2,0.5221725201051165,1766752987296
2,0.5221725201051165,1766752987445
2,0.5221725201051165,1766752987594
2,0.5221725201051165,1766752987747
2,0.5221725201051165,1766752987912
2,0.5221725201051165,1766752988093
2,0.5221725201051165,1766752988254
2,0.5221725201051165,1766752988409
2,0.5221725201051165,1766752988567
2,0.5221725201051165,1766752988729
2,0.5221725201051165,1766752988891
2,0.5221725201051165,1766752989052
2,0.5221725201051165,1766752989212
2,0.5221725201051165,1766752989376
2,0.5221725201051165,1766752989542
2,0.5221725201051165,1766752989702
2,0.5221725201051165,1766752989869
2,0.5221725201051165,1766752990032
2,0.5221725201051165,1766752990182
2,0.5221725201051165,1766752990331
2,0.5221725201051165,1766752990484
2,0.5221725201051165,1766752990633
2,0.5221725201051165,1766752990784
2,0.5221725201051165,1766752990932
2,0.5221725201051165,1766752991076
2,0.5221725201051165,1766752991218
2,0.5221725201051165,1766752991360
2,0.5221725201051165,1766752991505
2,0.5221725201051165,1766752991652
2,0.5221725201051165,1766752991796
2,0.5221725201051165,1766752991940
2,0.5221725201051165,1766752992084
2,0.5221725201051165,1766752992231
2,0.5221725201051165,1766752992383
2,0.5221725201051165,1766752992529
2,0.5221725201051165,1766752992681
2,0.5221725201051165,1766752992846
2,0.5221725201051165,1766752993011
2,0.5221725201051165,1766752993173
2,0.5221725201051165,1766752993319
2,0.5221725201051165,1766752993468
2,0.5221725201051165,1766752993628
2,0.5221725201051165,1766752993790
2,0.5221725201051165,1766752993965
2,0.5221725201051165,1766752994122
2,0.5221725201051165,1766752994282
2,0.5221725201051165,1766752994438
2,0.5221725201051165,1766752994595
2,0.5221725201051165,1766752994754
2,0.5221725201051165,1766752994911
2,0.5221725201051165,1766752995068
2,0.5221725201051165,1766752995227
2,0.5221725201051165,1766752995387
2,0.5221725201051165,1766752995547
2,0.5221725201051165,1766752995708
2,0.5221725201051165,1766752995866
2,0.5221725201051165,1766752996018
2,0.5221725201051165,1766752996167
2,0.5221725201051165,1766752996317
2,0.5221725201051165,1766752996467
2,0.5221725201051165,1766752996619
2,0.5221725201051165,1766752996771
2,0.5221725201051165,1766752996914
2,0.5221725201051165,1766752997056
2,0.5221725201051165,1766752997200
2,0.5221725201051165,1766752997346
2,0.5221725201051165,1766752997491
2,0.5221725201051165,1766752997635
2,0.5221725201051165,1766752997783
2,0.5221725201051165,1766752997927
2,0.5221725201051165,1766752998070
2,0.5221725201051165,1766752998217
2,0.5221725201051165,1766752998364
2,0.5221725201051165,1766752998521
2,0.5221725201051165,1766752998682
2,0.5221725201051165,1766752998848
2,0.5221725201051165,1766752999001
2,0.5221725201051165,1766752999157
2,0.5221725201051165,1766752999302
2,0.5221725201051165,1766752999468
2,0.5221725201051165,1766752999633
2,0.5221725201051165,1766752999809
2,0.5221725201051165,1766752999968
2,0.5221725201051165,1766753000123
2,0.5221725201051165,1766753000279
2,0.5221725201051165,1766753000436
2,0.5221725201051165,1766753000596
2,0.5221725201051165,1766753000752
2,0.5221725201051165,1766753000908
2,0.5221725201051165,1766753001068
2,0.5221725201051165,1766753001228
2,0.5221725201051165,1766753001387
2,0.5221725201051165,1766753001549
2,0.5221725201051165,1766753001702
2,0.5221725201051165,1766753001856
2,0.5221725201051165,1766753002007
2,0.5221725201051165,1766753002158
2,0.5221725201051165,1766753002307
2,0.5221725201051165,1766753002458
2,0.5221725201051165,1766753002609
2,0.5221725201051165,1766753002751
2,0.5221725201051165,1766753002892
2,0.5221725201051165,1766753003033
2,0.5221725201051165,1766753003180
2,0.5221725201051165,1766753003326
2,0.5221725201051165,1766753003469
2,0.5221725201051165,1766753003615
2,0.5221725201051165,1766753003759
2,0.5221725201051165,1766753003906
2,0.5221725201051165,1766753004052
2,0.5221725201051165,1766753004196
2,0.5221725201051165,1766753004360
2,0.5221725201051165,1766753004523
2,0.5221725201051165,1766753004686
2,0.5221725201051165,1766753004831
2,0.5221725201051165,1766753004991
2,0.5221725201051165,1766753005135
2,0.5221725201051165,1766753005308
2,0.5221725201051165,1766753005471
2,0.5221725201051165,1766753005647
2,0.5221725201051165,1766753005807
2,0.5221725201051165,1766753005964
2,0.5221725201051165,1766753006121
2,0.5221725201051165,1766753006279
2,0.5221725201051165,1766753006437
2,0.5221725201051165,1766753006592
2,0.5221725201051165,1766753006750
2,0.5221725201051165,1766753006908
2,0.5221725201051165,1766753007066
2,0.5221725201051165,1766753007227
2,0.5221725201051165,1766753007394
2,0.5221725201051165,1766753007543
2,0.5221725201051165,1766753007693
2,0.5221725201051165,1766753007842
2,0.5221725201051165,1766753007993
2,0.5221725201051165,1766753008145
2,0.5221725201051165,1766753008301
2,0.5221725201051165,1766753008450
2,0.5221725201051165,1766753008592
2,0.5221725201051165,1766753008735
2,0.5221725201051165,1766753008881
2,0.5221725201051165,1766753009028
2,0.5221725201051165,1766753009172
2,0.5221725201051165,1766753009318
2,0.5221725201051165,1766753009464
2,0.5221725201051165,1766753009609
2,0.5221725201051165,1766753009755
2,0.5221725201051165,1766753009904
2,0.5221725201051165,1766753010058
2,0.5221725201051165,1766753010220
2,0.5221725201051165,1766753010401
2,0.5221725201051165,1766753010556
2,0.5221725201051165,1766753010702
2,0.5221725201051165,1766753010846
2,0.5221725201051165,1766753010996
2,0.5221725201051165,1766753011161
2,0.5221725201051165,1766753011327
2,0.5221725201051165,1766753011504
2,0.5221725201051165,1766753011659
2,0.5221725201051165,1766753011821
2,0.5221725201051165,1766753011976
2,0.5221725201051165,1766753012137
2,0.5221725201051165,1766753012297
2,0.5221725201051165,1766753012456
2,0.5221725201051165,1766753012618
2,0.5221725201051165,1766753012783
2,0.5221725201051165,1766753012946
2,0.5221725201051165,1766753013109
2,0.5221725201051165,1766753013267
2,0.5221725201051165,1766753013417
2,0.5221725201051165,1766753013569
2,0.5221725201051165,1766753013719
2,0.5221725201051165,1766753013871
2,0.5221725201051165,1766753014025
2,0.5221725201051165,1766753014176
2,0.5221725201051165,1766753014331
2,0.5221725201051165,1766753014474
2,0.5221725201051165,1766753014617
2,0.5221725201051165,1766753014767
2,0.5221725201051165,1766753014914
2,0.5221725201051165,1766753015061
2,0.5221725201051165,1766753015216
2,0.5221725201051165,1766753015362
2,0.5221725201051165,1766753015510
2,0.5221725201051165,1766753015658
2,0.5221725201051165,1766753015812
2,0.5221725201051165,1766753015976
2,0.5221725201051165,1766753016145
2,0.5221725201051165,1766753016315
2,0.5221725201051165,1766753016464
2,0.5221725201051165,1766753016614
2,0.5221725201051165,1766753016766
2,0.5221725201051165,1766753016921
2,0.5221725201051165,1766753017085
2,0.5221725201051165,1766753017258
2,0.5221725201051165,1766753017433
2,0.5221725201051165,1766753017585
2,0.5221725201051165,1766753017742
2,0.5221725201051165,1766753017899
2,0.5221725201051165,1766753018055
2,0.5221725201051165,1766753018214
2,0.5221725201051165,1766753018371
2,0.5221725201051165,1766753018531
2,0.5221725201051165,1766753018692
2,0.5221725201051165,1766753018854
2,0.5221725201051165,1766753019011
2,0.5221725201051165,1766753019161
2,0.5221725201051165,1766753019313
2,0.5221725201051165,1766753019464
2,0.5221725201051165,1766753019614
2,0.5221725201051165,1766753019765
2,0.5221725201051165,1766753019915
2,0.5221725201051165,1766753020069
2,0.5221725201051165,1766753020213
2,0.5221725201051165,1766753020357
2,0.5221725201051165,1766753020504
2,0.5221725201051165,1766753020651
2,0.5221725201051165,1766753020796
2,0.5221725201051165,1766753020948
2,0.5221725201051165,1766753021091
2,0.5221725201051165,1766753021237
2,0.5221725201051165,1766753021381
2,0.5221725201051165,1766753021530
2,0.5221725201051165,1766753021697
2,0.5221725201051165,1766753021860
2,0.5221725201051165,1766753022028
2,0.5221725201051165,1766753022175
2,0.5221725201051165,1766753022327
2,0.5221725201051165,1766753022474
2,0.5221725201051165,1766753022630
2,0.5221725201051165,1766753022787
2,0.5221725201051165,1766753022954
2,0.5221725201051165,1766753023137
2,0.5221725201051165,1766753023310
2,0.5221725201051165,1766753023474
2,0.5221725201051165,1766753023635
2,0.5221725201051165,1766753023799
2,0.5221725201051165,1766753023957
2,0.5221725201051165,1766753024114
2,0.5221725201051165,1766753024274
2,0.5221725201051165,1766753024433
2,0.5221725201051165,1766753024592
2,0.5221725201051165,1766753024753
2,0.5221725201051165,1766753024902
2,0.5221725201051165,1766753025053
2,0.5221725201051165,1766753025202
2,0.5221725201051165,1766753025351
2,0.5221725201051165,1766753025502
2,0.5221725201051165,1766753025652
2,0.5221725201051165,1766753025803
2,0.5221725201051165,1766753025954
2,0.5221725201051165,1766753026097
2,0.5221725201051165,1766753026245
2,0.5221725201051165,1766753026389
2,0.5221725201051165,1766753026532
2,0.5221725201051165,1766753026677
2,0.5221725201051165,1766753026821
2,0.5221725201051165,1766753026964
2,0.5221725201051165,1766753027113
2,0.5221725201051165,1766753027256
2,0.5221725201051165,1766753027406
2,0.5221725201051165,1766753027567
2,0.5221725201051165,1766753027733
2,0.5221725201051165,1766753027894
2,0.5221725201051165,1766753028046
2,0.5221725201051165,1766753028193
2,0.5221725201051165,1766753028346
2,0.5221725201051165,1766753028500
2,0.5221725201051165,1766753028664
2,0.5221725201051165,1766753028834
2,0.5221725201051165,1766753029016
2,0.5221725201051165,1766753029180
2,0.5221725201051165,1766753029339
2,0.5221725201051165,1766753029498
2,0.5221725201051165,1766753029655
2,0.5221725201051165,1766753029819
2,0.5221725201051165,1766753029981
2,0.5221725201051165,1766753030142
2,0.5221725201051165,1766753030307
2,0.5221725201051165,1766753030470
2,0.5221725201051165,1766753030629
2,0.5221725201051165,1766753030783
2,0.5221725201051165,1766753030935
2,0.5221725201051165,1766753031087
2,0.5221725201051165,1766753031240
2,0.5221725201051165,1766753031392
2,0.5221725201051165,1766753031545
2,0.5221725201051165,1766753031695
2,0.5221725201051165,1766753031847
2,0.5221725201051165,1766753031996
2,0.5221725201051165,1766753032143
2,0.5221725201051165,1766753032289
2,0.5221725201051165,1766753032437
2,0.5221725201051165,1766753032583
2,0.5221725201051165,1766753032726
2,0.5221725201051165,1766753032882
2,0.5221725201051165,1766753033026
2,0.5221725201051165,1766753033176
2,0.5221725201051165,1766753033336
2,0.5221725201051165,1766753033505
2,0.5221725201051165,1766753033664
2,0.5221725201051165,1766753033813
2,0.5221725201051165,1766753033964
2,0.5221725201051165,1766753034109
2,0.5221725201051165,1766753034260
2,0.5221725201051165,1766753034411
2,0.5221725201051165,1766753034582
2,0.5221725201051165,1766753034755
2,0.5221725201051165,1766753034946
2,0.5221725201051165,1766753035102
2,0.5221725201051165,1766753035264
2,0.5221725201051165,1766753035416
2,0.5221725201051165,1766753035575
2,0.5221725201051165,1766753035731
2,0.5221725201051165,1766753035889
2,0.5221725201051165,1766753036050
2,0.5221725201051165,1766753036211
2,0.5221725201051165,1766753036367
2,0.5221725201051165,1766753036520
2,0.5221725201051165,1766753036674
2,0.5221725201051165,1766753036823
2,0.5221725201051165,1766753036973
2,0.5221725201051165,1766753037122
2,0.5221725201051165,1766753037289
2,0.5221725201051165,1766753037443
2,0.5221725201051165,1766753037594
2,0.5221725201051165,1766753037739
2,0.5221725201051165,1766753037884
2,0.5221725201051165,1766753038032
2,0.5221725201051165,1766753038175
2,0.5221725201051165,1766753038324
2,0.5221725201051165,1766753038466
2,0.5221725201051165,1766753038616
2,0.5221725201051165,1766753038764
2,0.5221725201051165,1766753038908
2,0.5221725201051165,1766753039075
2,0.5221725201051165,1766753039246
2,0.5221725201051165,1766753039419
2,0.5221725201051165,1766753039566
2,0.5221725201051165,1766753039719
2,0.5221725201051165,1766753039864
2,0.5221725201051165,1766753040020
2,0.5221725201051165,1766753040173
2,0.5221725201051165,1766753040333
2,0.5221725201051165,1766753040498
2,0.5221725201051165,1766753040681
2,0.5221725201051165,1766753040848
2,0.5221725201051165,1766753041009
2,0.5221725201051165,1766753041161
2,0.5221725201051165,1766753041321
2,0.5221725201051165,1766753041476
2,0.5221725201051165,1766753041632
2,0.5221725201051165,1766753041790
2,0.5221725201051165,1766753041949
2,0.5221725201051165,1766753042108
2,0.5221725201051165,1766753042261
2,0.5221725201051165,1766753042410
2,0.5221725201051165,1766753042564
2,0.5221725201051165,1766753042712
2,0.5221725201051165,1766753042865
2,0.5221725201051165,1766753043013
2,0.5221725201051165,1766753043166
2,0.5221725201051165,1766753043315
2,0.5221725201051165,1766753043468
2,0.5221725201051165,1766753043612
2,0.5221725201051165,1766753043758
2,0.5221725201051165,1766753043902
2,0.5221725201051165,1766753044056
2,0.5221725201051165,1766753044199
2,0.5221725201051165,1766753044344
2,0.5221725201051165,1766753044491
2,0.5221725201051165,1766753044635
2,0.5221725201051165,1766753044795
2,0.5221725201051165,1766753044952
2,0.5221725201051165,1766753045123
2,0.5221725201051165,1766753045278
2,0.5221725201051165,1766753045424
2,0.5221725201051165,1766753045570
2,0.5221725201051165,1766753045720
2,0.5221725201051165,1766753045871
2,0.5221725201051165,1766753046022
2,0.5221725201051165,1766753046180
2,0.5221725201051165,1766753046344
2,0.5221725201051165,1766753046525
2,0.5221725201051165,1766753046687
2,0.5221725201051165,1766753046842
2,0.5221725201051165,1766753046998
2,0.5221725201051165,1766753047157
2,0.5221725201051165,1766753047313
2,0.5221725201051165,1766753047472
2,0.5221725201051165,1766753047631
2,0.5221725201051165,1766753047793
2,0.5221725201051165,1766753047949
2,0.5221725201051165,1766753048098
2,0.5221725201051165,1766753048249
2,0.5221725201051165,1766753048398
2,0.5221725201051165,1766753048550
2,0.5221725201051165,1766753048699
2,0.5221725201051165,1766753048852
2,0.5221725201051165,1766753049000
2,0.5221725201051165,1766753049154
2,0.5221725201051165,1766753049304
2,0.5221725201051165,1766753049449
2,0.5221725201051165,1766753049593
2,0.5221725201051165,1766753049739
2,0.5221725201051165,1766753049886
2,0.5221725201051165,1766753050029
2,0.5221725201051165,1766753050175
2,0.5221725201051165,1766753050321
2,0.5221725201051165,1766753050465
2,0.5221725201051165,1766753050628
2,0.5221725201051165,1766753050782
2,0.5221725201051165,1766753050953
2,0.5221725201051165,1766753051099
2,0.5221725201051165,1766753051256
2,0.5221725201051165,1766753051400
2,0.5221725201051165,1766753051560
2,0.5221725201051165,1766753051714
2,0.5221725201051165,1766753051868
2,0.5221725201051165,1766753052028
2,0.5221725201051165,1766753052196
2,0.5221725201051165,1766753052376
2,0.5221725201051165,1766753052538
2,0.5221725201051165,1766753052697
2,0.5221725201051165,1766753052849
2,0.5221725201051165,1766753053006
2,0.5221725201051165,1766753053165
2,0.5221725201051165,1766753053325
2,0.5221725201051165,1766753053483
2,0.5221725201051165,1766753053644
2,0.5221725201051165,1766753053796
2,0.5221725201051165,1766753053944
2,0.5221725201051165,1766753054095
2,0.5221725201051165,1766753054246
2,0.5221725201051165,1766753054397
2,0.5221725201051165,1766753054550
2,0.5221725201051165,1766753054705
2,0.5221725201051165,1766753054856
2,0.5221725201051165,1766753055006
2,0.5221725201051165,1766753055159
2,0.5221725201051165,1766753055304
2,0.5221725201051165,1766753055449
2,0.5221725201051165,1766753055593
2,0.5221725201051165,1766753055739
2,0.5221725201051165,1766753055884
2,0.5221725201051165,1766753056029
2,0.5221725201051165,1766753056172
2,0.5221725201051165,1766753056320
2,0.5221725201051165,1766753056478
2,0.5221725201051165,1766753056644
2,0.5221725201051165,1766753056802
2,0.5221725201051165,1766753056950
2,0.5221725201051165,1766753057101
2,0.5221725201051165,1766753057247
2,0.5221725201051165,1766753057400
2,0.5221725201051165,1766753057550
2,0.5221725201051165,1766753057704
2,0.5221725201051165,1766753057863
2,0.5221725201051165,1766753058032
2,0.5221725201051165,1766753058214
2,0.5221725201051165,1766753058373
2,0.5221725201051165,1766753058534
2,0.5221725201051165,1766753058691
2,0.5221725201051165,1766753058851
2,0.5221725201051165,1766753059007
2,0.5221725201051165,1766753059165
2,0.5221725201051165,1766753059326
2,0.5221725201051165,1766753059488
2,0.5221725201051165,1766753059639
2,0.5221725201051165,1766753059793
2,0.5221725201051165,1766753059946
2,0.5221725201051165,1766753060097
2,0.5221725201051165,1766753060247
2,0.5221725201051165,1766753060399
2,0.5221725201051165,1766753060550
2,0.5221725201051165,1766753060702
2,0.5221725201051165,1766753060853
2,0.5221725201051165,1766753061014
2,0.5221725201051165,1766753061161
2,0.5221725201051165,1766753061309
2,0.5221725201051165,1766753061458
2,0.5221725201051165,1766753061603
2,0.5221725201051165,1766753061749
2,0.5221725201051165,1766753061897
2,0.5221725201051165,1766753062040
2,0.5221725201051165,1766753062206
2,0.5221725201051165,1766753062367
2,0.5221725201051165,1766753062531
2,0.5221725201051165,1766753062678
2,0.5221725201051165,1766753062832
2,0.5221725201051165,1766753062981
2,0.5221725201051165,1766753063138
2,0.5221725201051165,1766753063287
2,0.5221725201051165,1766753063440
2,0.5221725201051165,1766753063589
2,0.5221725201051165,1766753063754
2,0.5221725201051165,1766753063921
2,0.5221725201051165,1766753064103
2,0.5221725201051165,1766753064261
2,0.5221725201051165,1766753064424
2,0.5221725201051165,1766753064578
2,0.5221725201051165,1766753064736
2,0.5221725201051165,1766753064895
2,0.5221725201051165,1766753065054
2,0.5221725201051165,1766753065214
2,0.5221725201051165,1766753065367
2,0.5221725201051165,1766753065519
2,0.5221725201051165,1766753065671
2,0.5221725201051165,1766753065822
2,0.5221725201051165,1766753065973
2,0.5221725201051165,1766753066122
2,0.5221725201051165,1766753066270
2,0.5221725201051165,1766753066420
2,0.5221725201051165,1766753066575
2,0.5221725201051165,1766753066727
2,0.5221725201051165,1766753066883
2,0.5221725201051165,1766753067027
2,0.5221725201051165,1766753067175
2,0.5221725201051165,1766753067320
2,0.5221725201051165,1766753067462
2,0.5221725201051165,1766753067610
2,0.5221725201051165,1766753067756
2,0.5221725201051165,1766753067912
2,0.5221725201051165,1766753068072
2,0.5221725201051165,1766753068240
2,0.5221725201051165,1766753068395
2,0.5221725201051165,1766753068540
2,0.5221725201051165,1766753068687
2,0.5221725201051165,1766753068844
2,0.5221725201051165,1766753068997
2,0.5221725201051165,1766753069146
2,0.5221725201051165,1766753069299
2,0.5221725201051165,1766753069451
2,0.5221725201051165,1766753069619
2,0.5221725201051165,1766753069789
2,0.5221725201051165,1766753069976
2,0.5221725201051165,1766753070133
2,0.5221725201051165,1766753070292
2,0.5221725201051165,1766753070445
2,0.5221725201051165,1766753070605
2,0.5221725201051165,1766753070766
2,0.5221725201051165,1766753070922
2,0.5221725201051165,1766753071081
2,0.5221725201051165,1766753071231
2,0.5221725201051165,1766753071383
2,0.5221725201051165,1766753071536
2,0.5221725201051165,1766753071689
2,0.5221725201051165,1766753071838
2,0.5221725201051165,1766753071989
2,0.5221725201051165,1766753072137
2,0.5221725201051165,1766753072288
2,0.5221725201051165,1766753072439
2,0.5221725201051165,1766753072590
2,0.5221725201051165,1766753072742
2,0.5221725201051165,1766753072885
2,0.5221725201051165,1766753073035
2,0.5221725201051165,1766753073177
2,0.5221725201051165,1766753073324
2,0.5221725201051165,1766753073469
2,0.5221725201051165,1766753073615
2,0.5221725201051165,1766753073780
2,0.5221725201051165,1766753073943
2,0.5221725201051165,1766753074118
2,0.5221725201051165,1766753074265
2,0.5221725201051165,1766753074413
2,0.5221725201051165,1766753074558
2,0.5221725201051165,1766753074717
2,0.5221725201051165,1766753074869
2,0.5221725201051165,1766753075022
2,0.5221725201051165,1766753075175
2,0.5221725201051165,1766753075333
2,0.5221725201051165,1766753075507
2,0.5221725201051165,1766753075681
2,0.5221725201051165,1766753075852
2,0.5221725201051165,1766753076005
2,0.5221725201051165,1766753076162
2,0.5221725201051165,1766753076319
2,0.5221725201051165,1766753076479
2,0.5221725201051165,1766753076638
2,0.5221725201051165,1766753076798
2,0.5221725201051165,1766753076947
2,0.5221725201051165,1766753077097
2,0.5221725201051165,1766753077246
2,0.5221725201051165,1766753077398
2,0.5221725201051165,1766753077548
2,0.5221725201051165,1766753077697
2,0.5221725201051165,1766753077845
2,0.5221725201051165,1766753077993
2,0.5221725201051165,1766753078148
2,0.5221725201051165,1766753078304
2,0.5221725201051165,1766753078457
2,0.5221725201051165,1766753078606
2,0.5221725201051165,1766753078755
2,0.5221725201051165,1766753078898
2,0.5221725201051165,1766753079042
2,0.5221725201051165,1766753079191
2,0.5221725201051165,1766753079336
2,0.5221725201051165,1766753079493
2,0.5221725201051165,1766753079651
2,0.5221725201051165,1766753079823
2,0.5221725201051165,1766753079976
2,0.5221725201051165,1766753080133
2,0.5221725201051165,1766753080283
2,0.5221725201051165,1766753080436
2,0.5221725201051165,1766753080590
2,0.5221725201051165,1766753080743
2,0.5221725201051165,1766753080895
2,0.5221725201051165,1766753081048
2,0.5221725201051165,1766753081207
2,0.5221725201051165,1766753081374
2,0.5221725201051165,1766753081549
2,0.5221725201051165,1766753081720
2,0.5221725201051165,1766753081873
2,0.5221725201051165,1766753082031
2,0.5221725201051165,1766753082189
2,0.5221725201051165,1766753082349
2,0.5221725201051165,1766753082507
2,0.5221725201051165,1766753082666
2,0.5221725201051165,1766753082817
2,0.5221725201051165,1766753082971
2,0.5221725201051165,1766753083125
2,0.5221725201051165,1766753083278
2,0.5221725201051165,1766753083433
2,0.5221725201051165,1766753083585
2,0.5221725201051165,1766753083735
2,0.5221725201051165,1766753083887
2,0.5221725201051165,1766753084038
2,0.5221725201051165,1766753084201
2,0.5221725201051165,1766753084355
2,0.5221725201051165,1766753084506
2,0.5221725201051165,1766753084650
2,0.5221725201051165,1766753084797
2,0.5221725201051165,1766753084944
2,0.5221725201051165,1766753085090
2,0.5221725201051165,1766753085240
2,0.5221725201051165,1766753085407
2,0.5221725201051165,1766753085576
2,0.5221725201051165,1766753085735
2,0.5221725201051165,1766753085885
2,0.5221725201051165,1766753086033
2,0.5221725201051165,1766753086183
2,0.5221725201051165,1766753086343
2,0.5221725201051165,1766753086500
2,0.5221725201051165,1766753086654
2,0.5221725201051165,1766753086811
2,0.5221725201051165,1766753086964
2,0.5221725201051165,1766753087141
2,0.5221725201051165,1766753087308
2,0.5221725201051165,1766753087483
2,0.5221725201051165,1766753087634
2,0.5221725201051165,1766753087793
2,0.5221725201051165,1766753087946
2,0.5221725201051165,1766753088110
2,0.5221725201051165,1766753088267
2,0.5221725201051165,1766753088425
2,0.5221725201051165,1766753088572
2,0.5221725201051165,1766753088726
2,0.5221725201051165,1766753088876
2,0.5221725201051165,1766753089029
2,0.5221725201051165,1766753089179
2,0.5221725201051165,1766753089331
2,0.5221725201051165,1766753089478
2,0.5221725201051165,1766753089629
2,0.5221725201051165,1766753089778
2,0.5221725201051165,1766753089933
2,0.5221725201051165,1766753090085
2,0.5221725201051165,1766753090240
2,0.5221725201051165,1766753090386
2,0.5221725201051165,1766753090531
2,0.5221725201051165,1766753090679
2,0.5221725201051165,1766753090825
2,0.5221725201051165,1766753090968
2,0.5221725201051165,1766753091132
2,0.5221725201051165,1766753091293
2,0.5221725201051165,1766753091453
2,0.5221725201051165,1766753091595
2,0.5221725201051165,1766753091752
2,0.5221725201051165,1766753091897
2,0.5221725201051165,1766753092057
2,0.5221725201051165,1766753092214
2,0.5221725201051165,1766753092365
2,0.5221725201051165,1766753092522
2,0.5221725201051165,1766753092675
2,0.5221725201051165,1766753092831
2,0.5221725201051165,1766753093005
2,0.5221725201051165,1766753093176
2,0.5221725201051165,1766753093354
2,0.5221725201051165,1766753093507
2,0.5221725201051165,1766753093665
2,0.5221725201051165,1766753093825
2,0.5221725201051165,1766753093984
2,0.5221725201051165,1766753094142
2,0.5221725201051165,1766753094293
2,0.5221725201051165,1766753094443
2,0.5221725201051165,1766753094597
2,0.5221725201051165,1766753094749
2,0.5221725201051165,1766753094900
2,0.5221725201051165,1766753095052
2,0.5221725201051165,1766753095203
2,0.5221725201051165,1766753095354
2,0.5221725201051165,1766753095507
2,0.5221725201051165,1766753095662
2,0.5221725201051165,1766753095815
2,0.5221725201051165,1766753095967
2,0.5221725201051165,1766753096121
2,0.5221725201051165,1766753096266
2,0.5221725201051165,1766753096409
2,0.5221725201051165,1766753096554
2,0.5221725201051165,1766753096697
2,0.5221725201051165,1766753096857
2,0.5221725201051165,1766753097016
2,0.5221725201051165,1766753097194
2,0.5221725201051165,1766753097355
2,0.5221725201051165,1766753097509
2,0.5221725201051165,1766753097657
2,0.5221725201051165,1766753097813
2,0.5221725201051165,1766753097965
2,0.5221725201051165,1766753098121
2,0.5221725201051165,1766753098274
2,0.5221725201051165,1766753098434
2,0.5221725201051165,1766753098590
2,0.5221725201051165,1766753098754
2,0.5221725201051165,1766753098925
2,0.5221725201051165,1766753099105
2,0.5221725201051165,1766753099269
2,0.5221725201051165,1766753099427
2,0.5221725201051165,1766753099583
2,0.5221725201051165,1766753099742
2,0.5221725201051165,1766753099902
2,0.5221725201051165,1766753100054
2,0.5221725201051165,1766753100204
2,0.5221725201051165,1766753100356
2,0.5221725201051165,1766753100511
2,0.5221725201051165,1766753100663
2,0.5221725201051165,1766753100816
2,0.5221725201051165,1766753100974
2,0.5221725201051165,1766753101129
2,0.5221725201051165,1766753101281
2,0.5221725201051165,1766753101436
2,0.5221725201051165,1766753101593
2,0.5221725201051165,1766753101751
2,0.5221725201051165,1766753101910
2,0.5221725201051165,1766753102056
2,0.5221725201051165,1766753102201
2,0.5221725201051165,1766753102346
2,0.5221725201051165,1766753102490
2,0.5221725201051165,1766753102649
2,0.5221725201051165,1766753102808
2,0.5221725201051165,1766753102976
2,0.5221725201051165,1766753103131
2,0.5221725201051165,1766753103285
2,0.5221725201051165,1766753103431
2,0.5221725201051165,1766753103588
2,0.5221725201051165,1766753103739
2,0.5221725201051165,1766753103893
2,0.5221725201051165,1766753104048
2,0.5221725201051165,1766753104204
2,0.5221725201051165,1766753104360
2,0.5221725201051165,1766753104515
2,0.5221725201051165,1766753104687
2,0.5221725201051165,1766753104855
2,0.5221725201051165,1766753105031
2,0.5221725201051165,1766753105184
2,0.5221725201051165,1766753105346
2,0.5221725201051165,1766753105500
2,0.5221725201051165,1766753105661
2,0.5221725201051165,1766753105817
2,0.5221725201051165,1766753105966
2,0.5221725201051165,1766753106113
2,0.5221725201051165,1766753106263
2,0.5221725201051165,1766753106416
2,0.5221725201051165,1766753106567
2,0.5221725201051165,1766753106717
2,0.5221725201051165,1766753106866
2,0.5221725201051165,1766753107015
2,0.5221725201051165,1766753107163
2,0.5221725201051165,1766753107316
2,0.5221725201051165,1766753107471
2,0.5221725201051165,1766753107627
2,0.5221725201051165,1766753107780
2,0.5221725201051165,1766753107925
2,0.5221725201051165,1766753108069
2,0.5221725201051165,1766753108213
2,0.5221725201051165,1766753108357
2,0.5221725201051165,1766753108518
2,0.5221725201051165,1766753108680
2,0.5221725201051165,1766753108837
2,0.5221725201051165,1766753108981
2,0.5221725201051165,1766753109131
2,0.5221725201051165,1766753109277
2,0.5221725201051165,1766753109433
2,0.5221725201051165,1766753109588
2,0.5221725201051165,1766753109747
2,0.5221725201051165,1766753109901
2,0.5221725201051165,1766753110059
2,0.5221725201051165,1766753110213
2,0.5221725201051165,1766753110369
2,0.5221725201051165,1766753110541
2,0.5221725201051165,1766753110713
2,0.5221725201051165,1766753110890
2,0.5221725201051165,1766753111042
2,0.5221725201051165,1766753111201
2,0.5221725201051165,1766753111359
2,0.5221725201051165,1766753111518
2,0.5221725201051165,1766753111670
2,0.5221725201051165,1766753111821
2,0.5221725201051165,1766753111969
2,0.5221725201051165,1766753112120
2,0.5221725201051165,1766753112270
2,0.5221725201051165,1766753112422
2,0.5221725201051165,1766753112573
2,0.5221725201051165,1766753112727
2,0.5221725201051165,1766753112878
2,0.5221725201051165,1766753113033
2,0.5221725201051165,1766753113186
2,0.5221725201051165,1766753113341
2,0.5221725201051165,1766753113498
2,0.5221725201051165,1766753113648
2,0.5221725201051165,1766753113791
2,0.5221725201051165,1766753113937
2,0.5221725201051165,1766753114082
2,0.5221725201051165,1766753114240
2,0.5221725201051165,1766753114396
2,0.5221725201051165,1766753114565
2,0.5221725201051165,1766753114717
2,0.5221725201051165,1766753114865
2,0.5221725201051165,1766753115010
2,0.5221725201051165,1766753115165
2,0.5221725201051165,1766753115321
2,0.5221725201051165,1766753115473
2,0.5221725201051165,1766753115634
2,0.5221725201051165,1766753115788
2,0.5221725201051165,1766753115946
2,0.5221725201051165,1766753116100
2,0.5221725201051165,1766753116261
2,0.5221725201051165,1766753116432
2,0.5221725201051165,1766753116615
2,0.5221725201051165,1766753116776
2,0.5221725201051165,1766753116933
2,0.5221725201051165,1766753117088
2,0.5221725201051165,1766753117250
2,0.5221725201051165,1766753117405
2,0.5221725201051165,1766753117555
2,0.5221725201051165,1766753117707
2,0.5221725201051165,1766753117860
2,0.5221725201051165,1766753118012
2,0.5221725201051165,1766753118165
2,0.5221725201051165,1766753118315
2,0.5221725201051165,1766753118472
2,0.433676366989615,1766753118622
3,0.5221725201051165,1766753118765
3,0.5221725201051165,1766753118915
3,0.5221725201051165,1766753119072
3,0.5221725201051165,1766753119221
3,0.5221725201051165,1766753119376
3,0.5221725201051165,1766753119520
3,0.5221725201051165,1766753119670
3,0.5221725201051165,1766753119812
3,0.5221725201051165,1766753119965
3,0.5221725201051165,1766753120125
3,0.5221725201051165,1766753120293
3,0.5221725201051165,1766753120449
3,0.5221725201051165,1766753120594
3,0.5221725201051165,1766753120743
3,0.5221725201051165,1766753120887
3,0.5221725201051165,1766753121038
3,0.5221725201051165,1766753121193
3,0.5221725201051165,1766753121349
3,0.5221725201051165,1766753121501
3,0.5221725201051165,1766753121657
3,0.5221725201051165,1766753121816
3,0.5221725201051165,1766753121969
3,0.5221725201051165,1766753122132
3,0.5221725201051165,1766753122296
3,0.5221725201051165,1766753122473
3,0.5221725201051165,1766753122637
3,0.5221725201051165,1766753122795
3,0.5221725201051165,1766753122953
3,0.5221725201051165,1766753123111
3,0.5221725201051165,1766753123260
3,0.5221725201051165,1766753123406
3,0.5221725201051165,1766753123555
3,0.5221725201051165,1766753123708
3,0.5221725201051165,1766753123858
3,0.5221725201051165,1766753124010
3,0.5221725201051165,1766753124162
3,0.5221725201051165,1766753124312
3,0.5221725201051165,1766753124465
3,0.5221725201051165,1766753124618
3,0.5221725201051165,1766753124767
3,0.5221725201051165,1766753124921
3,0.5221725201051165,1766753125074
3,0.5221725201051165,1766753125230
3,0.5221725201051165,1766753125375
3,0.5221725201051165,1766753125522
3,0.5221725201051165,1766753125666
3,0.5221725201051165,1766753125824
3,0.5221725201051165,1766753125977
3,0.5221725201051165,1766753126143
3,0.5221725201051165,1766753126293
3,0.5221725201051165,1766753126444
3,0.5221725201051165,1766753126587
3,0.5221725201051165,1766753126745
3,0.5221725201051165,1766753126897
3,0.5221725201051165,1766753127047
3,0.5221725201051165,1766753127199
3,0.5221725201051165,1766753127357
3,0.5221725201051165,1766753127511
3,0.5221725201051165,1766753127674
3,0.5221725201051165,1766753127825
3,0.5221725201051165,1766753127989
3,0.5221725201051165,1766753128154
3,0.5221725201051165,1766753128329
3,0.5221725201051165,1766753128490
3,0.5221725201051165,1766753128645
3,0.5221725201051165,1766753128800
3,0.5221725201051165,1766753128958
3,0.5221725201051165,1766753129107
3,0.5221725201051165,1766753129256
3,0.5221725201051165,1766753129403
3,0.5221725201051165,1766753129555
3,0.5221725201051165,1766753129704
3,0.5221725201051165,1766753129855
3,0.5221725201051165,1766753130006
3,0.5221725201051165,1766753130159
3,0.5221725201051165,1766753130307
3,0.5221725201051165,1766753130460
3,0.5221725201051165,1766753130612
3,0.5221725201051165,1766753130767
3,0.5221725201051165,1766753130925
3,0.5221725201051165,1766753131077
3,0.5221725201051165,1766753131225
3,0.5221725201051165,1766753131371
3,0.5221725201051165,1766753131516
3,0.5221725201051165,1766753131680
3,0.5221725201051165,1766753131848
3,0.5221725201051165,1766753132006
3,0.5221725201051165,1766753132153
3,0.5221725201051165,1766753132302
3,0.5221725201051165,1766753132447
3,0.5221725201051165,1766753132599
3,0.5221725201051165,1766753132753
3,0.5221725201051165,1766753132906
3,0.5221725201051165,1766753133062
3,0.5221725201051165,1766753133216
3,0.5221725201051165,1766753133373
3,0.5221725201051165,1766753133527
3,0.5221725201051165,1766753133681
3,0.5221725201051165,1766753133847
3,0.5221725201051165,1766753134009
3,0.5221725201051165,1766753134190
3,0.5221725201051165,1766753134347
3,0.5221725201051165,1766753134506
3,0.5221725201051165,1766753134661
3,0.5221725201051165,1766753134814
3,0.5221725201051165,1766753134962
3,0.5221725201051165,1766753135111
3,0.5221725201051165,1766753135260
3,0.5221725201051165,1766753135409
3,0.5221725201051165,1766753135564
3,0.5221725201051165,1766753135713
3,0.5221725201051165,1766753135863
3,0.5221725201051165,1766753136015
3,0.5221725201051165,1766753136169
3,0.5221725201051165,1766753136319
3,0.5221725201051165,1766753136472
3,0.5221725201051165,1766753136628
3,0.5221725201051165,1766753136779
3,0.5221725201051165,1766753136933
3,0.5221725201051165,1766753137076
3,0.5221725201051165,1766753137223
3,0.5221725201051165,1766753137378
3,0.5221725201051165,1766753137535
3,0.5221725201051165,1766753137702
3,0.5221725201051165,1766753137856
3,0.5221725201051165,1766753138005
3,0.5221725201051165,1766753138155
3,0.5221725201051165,1766753138303
3,0.5221725201051165,1766753138463
3,0.5221725201051165,1766753138615
3,0.5221725201051165,1766753138770
3,0.5221725201051165,1766753138924
3,0.5221725201051165,1766753139083
3,0.5221725201051165,1766753139234
3,0.5221725201051165,1766753139390
3,0.5221725201051165,1766753139541
3,0.5221725201051165,1766753139712
3,0.5221725201051165,1766753139879
3,0.5221725201051165,1766753140058
3,0.5221725201051165,1766753140216
3,0.5221725201051165,1766753140376
3,0.5221725201051165,1766753140526
3,0.5221725201051165,1766753140680
3,0.5221725201051165,1766753140829
3,0.5221725201051165,1766753140976
3,0.5221725201051165,1766753141126
3,0.5221725201051165,1766753141281
3,0.5221725201051165,1766753141432
3,0.5221725201051165,1766753141583
3,0.5221725201051165,1766753141731
3,0.5221725201051165,1766753141882
3,0.5221725201051165,1766753142034
3,0.5221725201051165,1766753142191
3,0.5221725201051165,1766753142343
3,0.5221725201051165,1766753142500
3,0.5221725201051165,1766753142653
3,0.5221725201051165,1766753142811
3,0.5221725201051165,1766753142955
3,0.5221725201051165,1766753143108
3,0.5221725201051165,1766753143267
3,0.5221725201051165,1766753143432
3,0.5221725201051165,1766753143591
3,0.5221725201051165,1766753143735
3,0.5221725201051165,1766753143886
3,0.5221725201051165,1766753144030
3,0.5221725201051165,1766753144183
3,0.5221725201051165,1766753144335
3,0.5221725201051165,1766753144487
3,0.5221725201051165,1766753144640
3,0.5221725201051165,1766753144799
3,0.5221725201051165,1766753144957
3,0.5221725201051165,1766753145113
3,0.5221725201051165,1766753145268
3,0.5221725201051165,1766753145420
3,0.5221725201051165,1766753145594
3,0.5221725201051165,1766753145767
3,0.5221725201051165,1766753145937
3,0.5221725201051165,1766753146090
3,0.5221725201051165,1766753146249
3,0.5221725201051165,1766753146395
3,0.5221725201051165,1766753146548
3,0.5221725201051165,1766753146696
3,0.5221725201051165,1766753146847
3,0.5221725201051165,1766753146996
3,0.5221725201051165,1766753147146
3,0.5221725201051165,1766753147299
3,0.5221725201051165,1766753147457
3,0.5221725201051165,1766753147607
3,0.5221725201051165,1766753147761
3,0.5221725201051165,1766753147913
3,0.5221725201051165,1766753148064
3,0.5221725201051165,1766753148222
3,0.5221725201051165,1766753148375
3,0.5221725201051165,1766753148530
3,0.5221725201051165,1766753148681
3,0.5221725201051165,1766753148828
3,0.5221725201051165,1766753148990
3,0.5221725201051165,1766753149150
3,0.5221725201051165,1766753149309
3,0.5221725201051165,1766753149453
3,0.5221725201051165,1766753149601
3,0.5221725201051165,1766753149744
3,0.5221725201051165,1766753149895
3,0.5221725201051165,1766753150044
3,0.5221725201051165,1766753150197
3,0.5221725201051165,1766753150351
3,0.5221725201051165,1766753150508
3,0.5221725201051165,1766753150667
3,0.5221725201051165,1766753150821
3,0.5221725201051165,1766753150975
3,0.5221725201051165,1766753151129
3,0.5221725201051165,1766753151279
3,0.5221725201051165,1766753151448
3,0.5221725201051165,1766753151620
3,0.5221725201051165,1766753151794
3,0.5221725201051165,1766753151948
3,0.5221725201051165,1766753152101
3,0.5221725201051165,1766753152244
3,0.5221725201051165,1766753152397
3,0.5221725201051165,1766753152546
3,0.5221725201051165,1766753152694
3,0.5221725201051165,1766753152847
3,0.5221725201051165,1766753152997
3,0.5221725201051165,1766753153147
3,0.5221725201051165,1766753153298
3,0.5221725201051165,1766753153452
3,0.5221725201051165,1766753153605
3,0.5221725201051165,1766753153758
3,0.5221725201051165,1766753153913
3,0.5221725201051165,1766753154069
3,0.5221725201051165,1766753154221
3,0.5221725201051165,1766753154376
3,0.5221725201051165,1766753154526
3,0.5221725201051165,1766753154680
3,0.5221725201051165,1766753154840
3,0.5221725201051165,1766753155007
3,0.5221725201051165,1766753155165
3,0.5221725201051165,1766753155307
3,0.5221725201051165,1766753155454
3,0.5221725201051165,1766753155600
3,0.5221725201051165,1766753155751
3,0.5221725201051165,1766753155901
3,0.5221725201051165,1766753156057
3,0.5221725201051165,1766753156210
3,0.5221725201051165,1766753156366
3,0.5221725201051165,1766753156522
3,0.5221725201051165,1766753156678
3,0.5221725201051165,1766753156831
3,0.5221725201051165,1766753156988
3,0.5221725201051165,1766753157138
3,0.5221725201051165,1766753157320
3,0.5221725201051165,1766753157493
3,0.5221725201051165,1766753157661
3,0.5221725201051165,1766753157813
3,0.5221725201051165,1766753157959
3,0.5221725201051165,1766753158105
3,0.5221725201051165,1766753158257
3,0.5221725201051165,1766753158408
3,0.5221725201051165,1766753158559
3,0.5221725201051165,1766753158712
3,0.5221725201051165,1766753158862
3,0.5221725201051165,1766753159016
3,0.5221725201051165,1766753159166
3,0.5221725201051165,1766753159323
3,0.5221725201051165,1766753159479
3,0.5221725201051165,1766753159631
3,0.5221725201051165,1766753159789
3,0.5221725201051165,1766753159944
3,0.5221725201051165,1766753160101
3,0.5221725201051165,1766753160255
3,0.5221725201051165,1766753160405
3,0.5221725201051165,1766753160568
3,0.5221725201051165,1766753160732
3,0.5221725201051165,1766753160899
3,0.5221725201051165,1766753161043
3,0.5221725201051165,1766753161189
3,0.5221725201051165,1766753161335
3,0.5221725201051165,1766753161487
3,0.5221725201051165,1766753161637
3,0.5221725201051165,1766753161787
3,0.5221725201051165,1766753161939
3,0.5221725201051165,1766753162095
3,0.5221725201051165,1766753162248
3,0.5221725201051165,1766753162405
3,0.5221725201051165,1766753162555
3,0.5221725201051165,1766753162716
3,0.5221725201051165,1766753162874
3,0.5221725201051165,1766753163032
3,0.5221725201051165,1766753163199
3,0.5221725201051165,1766753163377
3,0.5221725201051165,1766753163541
3,0.5221725201051165,1766753163691
3,0.5221725201051165,1766753163836
3,0.5221725201051165,1766753163983
3,0.5221725201051165,1766753164135
3,0.5221725201051165,1766753164283
3,0.5221725201051165,1766753164434
3,0.5221725201051165,1766753164582
3,0.5221725201051165,1766753164731
3,0.5221725201051165,1766753164882
3,0.5221725201051165,1766753165030
3,0.5221725201051165,1766753165184
3,0.5221725201051165,1766753165336
3,0.5221725201051165,1766753165487
3,0.5221725201051165,1766753165637
3,0.5221725201051165,1766753165789
3,0.5221725201051165,1766753165943
3,0.5221725201051165,1766753166094
3,0.5221725201051165,1766753166252
3,0.5221725201051165,1766753166411
3,0.5221725201051165,1766753166584
3,0.5221725201051165,1766753166737
3,0.5221725201051165,1766753166883
3,0.5221725201051165,1766753167027
3,0.5221725201051165,1766753167178
3,0.5221725201051165,1766753167330
3,0.5221725201051165,1766753167481
3,0.5221725201051165,1766753167631
3,0.5221725201051165,1766753167785
3,0.5221725201051165,1766753167942
3,0.5221725201051165,1766753168096
3,0.5221725201051165,1766753168258
3,0.5221725201051165,1766753168412
3,0.5221725201051165,1766753168565
3,0.5221725201051165,1766753168718
3,0.5221725201051165,1766753168880
3,0.5221725201051165,1766753169046
3,0.5221725201051165,1766753169224
3,0.5221725201051165,1766753169386
3,0.5221725201051165,1766753169529
3,0.5221725201051165,1766753169673
3,0.5221725201051165,1766753169819
3,0.5221725201051165,1766753169970
3,0.5221725201051165,1766753170117
3,0.5221725201051165,1766753170268
3,0.5221725201051165,1766753170415
3,0.5221725201051165,1766753170568
3,0.5221725201051165,1766753170720
3,0.5221725201051165,1766753170875
3,0.5221725201051165,1766753171029
3,0.5221725201051165,1766753171179
3,0.5221725201051165,1766753171335
3,0.5221725201051165,1766753171485
3,0.5221725201051165,1766753171639
3,0.5221725201051165,1766753171790
3,0.5221725201051165,1766753171944
3,0.5221725201051165,1766753172110
3,0.5221725201051165,1766753172264
3,0.5221725201051165,1766753172425
3,0.5221725201051165,1766753172571
3,0.5221725201051165,1766753172719
3,0.5221725201051165,1766753172862
3,0.5221725201051165,1766753173014
3,0.5221725201051165,1766753173162
3,0.5221725201051165,1766753173311
3,0.5221725201051165,1766753173458
3,0.5221725201051165,1766753173611
3,0.5221725201051165,1766753173764
3,0.5221725201051165,1766753173918
3,0.5221725201051165,1766753174075
3,0.5221725201051165,1766753174229
3,0.5221725201051165,1766753174387
3,0.5221725201051165,1766753174540
3,0.5221725201051165,1766753174698
3,0.5221725201051165,1766753174864
3,0.5221725201051165,1766753175036
3,0.5221725201051165,1766753175204
3,0.5221725201051165,1766753175346
3,0.5221725201051165,1766753175493
3,0.5221725201051165,1766753175636
3,0.5221725201051165,1766753175789
3,0.5221725201051165,1766753175940
3,0.5221725201051165,1766753176091
3,0.5221725201051165,1766753176243
3,0.5221725201051165,1766753176400
3,0.5221725201051165,1766753176552
3,0.5221725201051165,1766753176710
3,0.5221725201051165,1766753176862
3,0.5221725201051165,1766753177014
3,0.5221725201051165,1766753177167
3,0.5221725201051165,1766753177319
3,0.5221725201051165,1766753177471
3,0.5221725201051165,1766753177624
3,0.5221725201051165,1766753177776
3,0.5221725201051165,1766753177944
3,0.5221725201051165,1766753178109
3,0.5221725201051165,1766753178270
3,0.5221725201051165,1766753178414
3,0.5221725201051165,1766753178565
3,0.5221725201051165,1766753178709
3,0.5221725201051165,1766753178862
3,0.5221725201051165,1766753179015
3,0.5221725201051165,1766753179164
3,0.5221725201051165,1766753179316
3,0.5221725201051165,1766753179470
3,0.5221725201051165,1766753179624
3,0.5221725201051165,1766753179780
3,0.5221725201051165,1766753179938
3,0.5221725201051165,1766753180089
3,0.5221725201051165,1766753180242
3,0.5221725201051165,1766753180394
3,0.5221725201051165,1766753180553
3,0.5221725201051165,1766753180718
3,0.5221725201051165,1766753180895
3,0.5221725201051165,1766753181052
3,0.5221725201051165,1766753181197
3,0.5221725201051165,1766753181345
3,0.5221725201051165,1766753181491
3,0.5221725201051165,1766753181644
3,0.5221725201051165,1766753181793
3,0.5221725201051165,1766753181944
3,0.5221725201051165,1766753182093
3,0.5221725201051165,1766753182244
3,0.5221725201051165,1766753182397
3,0.5221725201051165,1766753182552
3,0.5221725201051165,1766753182709
3,0.5221725201051165,1766753182866
3,0.5221725201051165,1766753183019
3,0.5221725201051165,1766753183172
3,0.5221725201051165,1766753183327
3,0.5221725201051165,1766753183481
3,0.5221725201051165,1766753183647
3,0.5221725201051165,1766753183804
3,0.5221725201051165,1766753183967
3,0.5221725201051165,1766753184116
3,0.5221725201051165,1766753184267
3,0.5221725201051165,1766753184412
3,0.5221725201051165,1766753184565
3,0.5221725201051165,1766753184714
3,0.5221725201051165,1766753184865
3,0.5221725201051165,1766753185014
3,0.5221725201051165,1766753185168
3,0.5221725201051165,1766753185322
3,0.5221725201051165,1766753185479
3,0.5221725201051165,1766753185631
3,0.5221725201051165,1766753185789
3,0.5221725201051165,1766753185943
3,0.5221725201051165,1766753186095
3,0.5221725201051165,1766753186248
3,0.5221725201051165,1766753186408
3,0.5221725201051165,1766753186575
3,0.5221725201051165,1766753186756
3,0.5221725201051165,1766753186908
3,0.5221725201051165,1766753187051
3,0.5221725201051165,1766753187201
3,0.5221725201051165,1766753187350
3,0.5221725201051165,1766753187500
3,0.5221725201051165,1766753187649
3,0.5221725201051165,1766753187799
3,0.5221725201051165,1766753187952
3,0.5221725201051165,1766753188104
3,0.5221725201051165,1766753188260
3,0.5221725201051165,1766753188415
3,0.5221725201051165,1766753188572
3,0.5221725201051165,1766753188729
3,0.5221725201051165,1766753188880
3,0.5221725201051165,1766753189035
3,0.5221725201051165,1766753189185
3,0.5221725201051165,1766753189338
3,0.5221725201051165,1766753189510
3,0.5221725201051165,1766753189676
3,0.5221725201051165,1766753189837
3,0.5221725201051165,1766753189983
3,0.5221725201051165,1766753190131
3,0.5221725201051165,1766753190277
3,0.5221725201051165,1766753190427
3,0.5221725201051165,1766753190581
3,0.5221725201051165,1766753190731
3,0.5221725201051165,1766753190885
3,0.5221725201051165,1766753191041
3,0.5221725201051165,1766753191199
3,0.5221725201051165,1766753191354
3,0.5221725201051165,1766753191511
3,0.5221725201051165,1766753191662
3,0.5221725201051165,1766753191819
3,0.5221725201051165,1766753191973
3,0.5221725201051165,1766753192125
3,0.5221725201051165,1766753192291
3,0.5221725201051165,1766753192457
3,0.5221725201051165,1766753192625
3,0.5221725201051165,1766753192776
3,0.5221725201051165,1766753192927
3,0.5221725201051165,1766753193073
3,0.5221725201051165,1766753193222
3,0.5221725201051165,1766753193371
3,0.5221725201051165,1766753193522
3,0.5221725201051165,1766753193674
3,0.5221725201051165,1766753193824
3,0.5221725201051165,1766753193980
3,0.5221725201051165,1766753194133
3,0.5221725201051165,1766753194289
3,0.5221725201051165,1766753194444
3,0.5221725201051165,1766753194599
3,0.5221725201051165,1766753194749
3,0.5221725201051165,1766753194900
3,0.5221725201051165,1766753195051
3,0.5221725201051165,1766753195216
3,0.5221725201051165,1766753195380
3,0.5221725201051165,1766753195545
3,0.5221725201051165,1766753195695
3,0.5221725201051165,1766753195848
3,0.5221725201051165,1766753195992
3,0.5221725201051165,1766753196147
3,0.5221725201051165,1766753196297
3,0.5221725201051165,1766753196451
3,0.5221725201051165,1766753196603
3,0.5221725201051165,1766753196761
3,0.5221725201051165,1766753196920
3,0.5221725201051165,1766753197076
3,0.5221725201051165,1766753197232
3,0.5221725201051165,1766753197388
3,0.5221725201051165,1766753197543
3,0.5221725201051165,1766753197695
3,0.5221725201051165,1766753197852
3,0.5221725201051165,1766753198005
3,0.5221725201051165,1766753198177
3,0.5221725201051165,1766753198346
3,0.5221725201051165,1766753198505
3,0.5221725201051165,1766753198651
3,0.5221725201051165,1766753198798
3,0.5221725201051165,1766753198941
3,0.5221725201051165,1766753199093
3,0.5221725201051165,1766753199242
3,0.5221725201051165,1766753199389
3,0.5221725201051165,1766753199543
3,0.5221725201051165,1766753199692
3,0.5221725201051165,1766753199851
3,0.5221725201051165,1766753200003
3,0.5221725201051165,1766753200156
3,0.5221725201051165,1766753200311
3,0.5221725201051165,1766753200463
3,0.5221725201051165,1766753200617
3,0.5221725201051165,1766753200767
3,0.5221725201051165,1766753200922
3,0.5221725201051165,1766753201089
3,0.5221725201051165,1766753201265
3,0.5221725201051165,1766753201421
3,0.5221725201051165,1766753201564
3,0.5221725201051165,1766753201712
3,0.5221725201051165,1766753201857
3,0.5221725201051165,1766753202007
3,0.5221725201051165,1766753202157
3,0.5221725201051165,1766753202307
3,0.5221725201051165,1766753202458
3,0.5221725201051165,1766753202610
3,0.5221725201051165,1766753202764
3,0.5221725201051165,1766753202919
3,0.5221725201051165,1766753203070
3,0.5221725201051165,1766753203230
3,0.5221725201051165,1766753203381
3,0.5221725201051165,1766753203536
3,0.5221725201051165,1766753203689
3,0.5221725201051165,1766753203841
3,0.5221725201051165,1766753204012
3,0.5221725201051165,1766753204168
3,0.5221725201051165,1766753204329
3,0.5221725201051165,1766753204474
3,0.5221725201051165,1766753204625
3,0.5221725201051165,1766753204769
3,0.5221725201051165,1766753204920
3,0.5221725201051165,1766753205069
3,0.5221725201051165,1766753205221
3,0.5221725201051165,1766753205370
3,0.5221725201051165,1766753205523
3,0.5221725201051165,1766753205676
3,0.5221725201051165,1766753205830
3,0.5221725201051165,1766753205984
3,0.5221725201051165,1766753206141
3,0.5221725201051165,1766753206293
3,0.5221725201051165,1766753206449
3,0.5221725201051165,1766753206603
3,0.5221725201051165,1766753206772
3,0.5221725201051165,1766753206937
3,0.5221725201051165,1766753207117
3,0.5221725201051165,1766753207267
3,0.5221725201051165,1766753207419
3,0.5221725201051165,1766753207564
3,0.5221725201051165,1766753207716
3,0.5221725201051165,1766753207867
3,0.5221725201051165,1766753208020
3,0.5221725201051165,1766753208170
3,0.5221725201051165,1766753208324
3,0.5221725201051165,1766753208479
3,0.5221725201051165,1766753208636
3,0.5221725201051165,1766753208789
3,0.5221725201051165,1766753208946
3,0.5221725201051165,1766753209107
3,0.5221725201051165,1766753209260
3,0.5221725201051165,1766753209415
3,0.5221725201051165,1766753209569
3,0.5221725201051165,1766753209725
3,0.5221725201051165,1766753209896
3,0.5221725201051165,1766753210059
3,0.5221725201051165,1766753210217
3,0.5221725201051165,1766753210361
3,0.5221725201051165,1766753210509
3,0.5221725201051165,1766753210653
3,0.5221725201051165,1766753210809
3,0.5221725201051165,1766753210958
3,0.5221725201051165,1766753211107
3,0.5221725201051165,1766753211256
3,0.5221725201051165,1766753211419
3,0.5221725201051165,1766753211577
3,0.5221725201051165,1766753211732
3,0.5221725201051165,1766753211885
3,0.5221725201051165,1766753212039
3,0.5221725201051165,1766753212191
3,0.5221725201051165,1766753212348
3,0.5221725201051165,1766753212500
3,0.5221725201051165,1766753212674
3,0.5221725201051165,1766753212848
3,0.5221725201051165,1766753213019
3,0.5221725201051165,1766753213162
3,0.5221725201051165,1766753213307
3,0.5221725201051165,1766753213450
3,0.5221725201051165,1766753213605
3,0.5221725201051165,1766753213754
3,0.5221725201051165,1766753213908
3,0.5221725201051165,1766753214058
3,0.5221725201051165,1766753214212
3,0.5221725201051165,1766753214365
3,0.5221725201051165,1766753214522
3,0.5221725201051165,1766753214674
3,0.5221725201051165,1766753214827
3,0.5221725201051165,1766753214982
3,0.5221725201051165,1766753215135
3,0.5221725201051165,1766753215286
3,0.5221725201051165,1766753215443
3,0.5221725201051165,1766753215595
3,0.5221725201051165,1766753215762
3,0.5221725201051165,1766753215925
3,0.5221725201051165,1766753216084
3,0.5221725201051165,1766753216229
3,0.5221725201051165,1766753216380
3,0.5221725201051165,1766753216524
3,0.5221725201051165,1766753216677
3,0.5221725201051165,1766753216825
3,0.5221725201051165,1766753216974
3,0.5221725201051165,1766753217122
3,0.5221725201051165,1766753217292
3,0.5221725201051165,1766753217448
3,0.5221725201051165,1766753217608
3,0.5221725201051165,1766753217764
3,0.5221725201051165,1766753217916
3,0.5221725201051165,1766753218069
3,0.5221725201051165,1766753218220
3,0.5221725201051165,1766753218389
3,0.5221725201051165,1766753218555
3,0.5221725201051165,1766753218731
3,0.5221725201051165,1766753218879
3,0.5221725201051165,1766753219031
3,0.5221725201051165,1766753219174
3,0.5221725201051165,1766753219332
3,0.5221725201051165,1766753219480
3,0.5221725201051165,1766753219630
3,0.5221725201051165,1766753219780
3,0.5221725201051165,1766753219933
3,0.5221725201051165,1766753220085
3,0.5221725201051165,1766753220240
3,0.5221725201051165,1766753220390
3,0.5221725201051165,1766753220546
3,0.5221725201051165,1766753220698
3,0.5221725201051165,1766753220855
3,0.5221725201051165,1766753221006
3,0.5221725201051165,1766753221167
3,0.5221725201051165,1766753221319
3,0.5221725201051165,1766753221481
3,0.5221725201051165,1766753221639
3,0.5221725201051165,1766753221813
3,0.5221725201051165,1766753221965
3,0.5221725201051165,1766753222112
3,0.5221725201051165,1766753222256
3,0.5221725201051165,1766753222406
3,0.5221725201051165,1766753222557
3,0.5221725201051165,1766753222708
3,0.5221725201051165,1766753222859
3,0.5221725201051165,1766753223013
3,0.5221725201051165,1766753223168
3,0.5221725201051165,1766753223325
3,0.5221725201051165,1766753223489
3,0.5221725201051165,1766753223649
3,0.5221725201051165,1766753223805
3,0.5221725201051165,1766753223958
3,0.5221725201051165,1766753224124
3,0.5221725201051165,1766753224291
3,0.5221725201051165,1766753224474
3,0.5221725201051165,1766753224639
3,0.5221725201051165,1766753224788
3,0.5221725201051165,1766753224934
3,0.5221725201051165,1766753225088
3,0.5221725201051165,1766753225240
3,0.5221725201051165,1766753225395
3,0.5221725201051165,1766753225548
3,0.5221725201051165,1766753225703
3,0.5221725201051165,1766753225856
3,0.5221725201051165,1766753226013
3,0.5221725201051165,1766753226166
3,0.5221725201051165,1766753226322
3,0.5221725201051165,1766753226476
3,0.5221725201051165,1766753226638
3,0.5221725201051165,1766753226795
3,0.5221725201051165,1766753226953
3,0.5221725201051165,1766753227112
3,0.5221725201051165,1766753227265
3,0.5221725201051165,1766753227427
3,0.5221725201051165,1766753227591
3,0.5221725201051165,1766753227752
3,0.5221725201051165,1766753227895
3,0.5221725201051165,1766753228046
3,0.5221725201051165,1766753228189
3,0.5221725201051165,1766753228343
3,0.5221725201051165,1766753228495
3,0.5221725201051165,1766753228645
3,0.5221725201051165,1766753228797
3,0.5221725201051165,1766753228951
3,0.5221725201051165,1766753229108
3,0.5221725201051165,1766753229268
3,0.5221725201051165,1766753229424
3,0.5221725201051165,1766753229580
3,0.5221725201051165,1766753229733
3,0.5221725201051165,1766753229891
3,0.5221725201051165,1766753230056
3,0.5221725201051165,1766753230236
3,0.5221725201051165,1766753230397
3,0.5221725201051165,1766753230552
3,0.5221725201051165,1766753230696
3,0.5221725201051165,1766753230847
3,0.5221725201051165,1766753230997
3,0.5221725201051165,1766753231151
3,0.5221725201051165,1766753231301
3,0.5221725201051165,1766753231454
3,0.5221725201051165,1766753231607
3,0.5221725201051165,1766753231763
3,0.5221725201051165,1766753231919
3,0.5221725201051165,1766753232075
3,0.5221725201051165,1766753232230
3,0.5221725201051165,1766753232383
3,0.5221725201051165,1766753232542
3,0.5221725201051165,1766753232696
3,0.5221725201051165,1766753232852
3,0.5221725201051165,1766753233007
3,0.5221725201051165,1766753233159
3,0.5221725201051165,1766753233317
3,0.5221725201051165,1766753233485
3,0.5221725201051165,1766753233642
3,0.5221725201051165,1766753233789
3,0.5221725201051165,1766753233936
3,0.5221725201051165,1766753234082
3,0.5221725201051165,1766753234233
3,0.5221725201051165,1766753234385
3,0.5221725201051165,1766753234541
3,0.5221725201051165,1766753234692
3,0.5221725201051165,1766753234845
3,0.5221725201051165,1766753235004
3,0.5221725201051165,1766753235157
3,0.5221725201051165,1766753235310
3,0.5221725201051165,1766753235465
3,0.5221725201051165,1766753235615
3,0.5221725201051165,1766753235787
3,0.5221725201051165,1766753235957
3,0.5221725201051165,1766753236133
3,0.5221725201051165,1766753236287
3,0.5221725201051165,1766753236436
3,0.5221725201051165,1766753236584
3,0.5221725201051165,1766753236735
3,0.5221725201051165,1766753236887
3,0.5221725201051165,1766753237037
3,0.5221725201051165,1766753237192
3,0.5221725201051165,1766753237347
3,0.5221725201051165,1766753237502
3,0.5221725201051165,1766753237654
3,0.5221725201051165,1766753237810
3,0.5221725201051165,1766753237963
3,0.5221725201051165,1766753238116
3,0.5221725201051165,1766753238268
3,0.5221725201051165,1766753238427
3,0.5221725201051165,1766753238580
3,0.5221725201051165,1766753238738
3,0.5221725201051165,1766753238887
3,0.5221725201051165,1766753239047
3,0.5221725201051165,1766753239203
3,0.5221725201051165,1766753239376
3,0.5221725201051165,1766753239525
3,0.5221725201051165,1766753239671
3,0.5221725201051165,1766753239814
3,0.5221725201051165,1766753239964
3,0.5221725201051165,1766753240116
3,0.5221725201051165,1766753240269
3,0.5221725201051165,1766753240419
3,0.5221725201051165,1766753240573
3,0.5221725201051165,1766753240727
3,0.5221725201051165,1766753240882
3,0.5221725201051165,1766753241033
3,0.5221725201051165,1766753241193
3,0.5221725201051165,1766753241343
3,0.5221725201051165,1766753241508
3,0.5221725201051165,1766753241669
3,0.5221725201051165,1766753241844
3,0.5221725201051165,1766753242004
3,0.5221725201051165,1766753242165
3,0.5221725201051165,1766753242310
3,0.5221725201051165,1766753242464
3,0.5221725201051165,1766753242613
3,0.5221725201051165,1766753242766
3,0.5221725201051165,1766753242920
3,0.5221725201051165,1766753243072
3,0.5221725201051165,1766753243228
3,0.5221725201051165,1766753243381
3,0.5221725201051165,1766753243533
3,0.5221725201051165,1766753243689
3,0.5221725201051165,1766753243841
3,0.5221725201051165,1766753243995
3,0.5221725201051165,1766753244147
3,0.5221725201051165,1766753244303
3,0.5221725201051165,1766753244458
3,0.5221725201051165,1766753244612
3,0.5221725201051165,1766753244754
3,0.5221725201051165,1766753244915
3,0.5221725201051165,1766753245067
3,0.5221725201051165,1766753245241
3,0.5221725201051165,1766753245387
3,0.5221725201051165,1766753245535
3,0.5221725201051165,1766753245681
3,0.5221725201051165,1766753245827
3,0.5221725201051165,1766753245976
3,0.5221725201051165,1766753246127
3,0.5221725201051165,1766753246282
3,0.5221725201051165,1766753246437
3,0.5221725201051165,1766753246594
3,0.5221725201051165,1766753246747
3,0.5221725201051165,1766753246900
3,0.5221725201051165,1766753247052
3,0.5221725201051165,1766753247201
3,0.5221725201051165,1766753247371
3,0.5221725201051165,1766753247541
3,0.5221725201051165,1766753247710
3,0.5221725201051165,1766753247863
3,0.5221725201051165,1766753248021
3,0.5221725201051165,1766753248171
3,0.5221725201051165,1766753248323
3,0.5221725201051165,1766753248472
3,0.5221725201051165,1766753248625
3,0.5221725201051165,1766753248776
3,0.5221725201051165,1766753248932
3,0.5221725201051165,1766753249085
3,0.5221725201051165,1766753249238
3,0.5221725201051165,1766753249389
3,0.5221725201051165,1766753249543
3,0.5221725201051165,1766753249698
3,0.5221725201051165,1766753249850
3,0.5221725201051165,1766753250007
3,0.5221725201051165,1766753250161
3,0.5221725201051165,1766753250313
3,0.5221725201051165,1766753250462
3,0.5221725201051165,1766753250604
3,0.5221725201051165,1766753250760
3,0.5221725201051165,1766753250916
3,0.5221725201051165,1766753251083
3,0.5221725201051165,1766753251234
3,0.5221725201051165,1766753251385
3,0.5221725201051165,1766753251528
3,0.5221725201051165,1766753251677
3,0.5221725201051165,1766753251831
3,0.5221725201051165,1766753251985
3,0.5221725201051165,1766753252142
3,0.5221725201051165,1766753252296
3,0.5221725201051165,1766753252450
3,0.5221725201051165,1766753252604
3,0.5221725201051165,1766753252759
3,0.5221725201051165,1766753252914
3,0.5221725201051165,1766753253077
3,0.5221725201051165,1766753253240
3,0.5221725201051165,1766753253418
3,0.5221725201051165,1766753253579
3,0.5221725201051165,1766753253740
3,0.5221725201051165,1766753253893
3,0.5221725201051165,1766753254045
3,0.5221725201051165,1766753254198
3,0.5221725201051165,1766753254349
3,0.5221725201051165,1766753254501
3,0.5221725201051165,1766753254653
3,0.5221725201051165,1766753254811
3,0.5221725201051165,1766753254964
3,0.5221725201051165,1766753255115
3,0.5221725201051165,1766753255267
3,0.5221725201051165,1766753255421
3,0.5221725201051165,1766753255581
3,0.5221725201051165,1766753255735
3,0.5221725201051165,1766753255894
3,0.5221725201051165,1766753256049
3,0.5221725201051165,1766753256207
3,0.5221725201051165,1766753256353
3,0.5221725201051165,1766753256497
3,0.5221725201051165,1766753256662
3,0.5221725201051165,1766753256823
3,0.5221725201051165,1766753256989
3,0.5221725201051165,1766753257132
3,0.5221725201051165,1766753257283
3,0.5221725201051165,1766753257426
3,0.5221725201051165,1766753257582
3,0.5221725201051165,1766753257732
3,0.5221725201051165,1766753257884
3,0.5221725201051165,1766753258037
3,0.5221725201051165,1766753258194
3,0.5221725201051165,1766753258353
3,0.5221725201051165,1766753258512
3,0.5221725201051165,1766753258663
3,0.5221725201051165,1766753258823
3,0.5221725201051165,1766753258990
3,0.5221725201051165,1766753259165
3,0.5221725201051165,1766753259329
3,0.5221725201051165,1766753259489
3,0.5221725201051165,1766753259643
3,0.5221725201051165,1766753259801
3,0.5221725201051165,1766753259953
3,0.5221725201051165,1766753260110
3,0.5221725201051165,1766753260262
3,0.5221725201051165,1766753260419
3,0.5221725201051165,1766753260574
3,0.5221725201051165,1766753260732
3,0.5221725201051165,1766753260882
3,0.5221725201051165,1766753261038
3,0.5221725201051165,1766753261191
3,0.5221725201051165,1766753261346
3,0.5221725201051165,1766753261500
3,0.5221725201051165,1766753261656
3,0.5221725201051165,1766753261812
3,0.5221725201051165,1766753261967
3,0.5221725201051165,1766753262119
3,0.5221725201051165,1766753262263
3,0.5221725201051165,1766753262418
3,0.5221725201051165,1766753262577
3,0.5221725201051165,1766753262747
3,0.5221725201051165,1766753262898
3,0.5221725201051165,1766753263046
3,0.5221725201051165,1766753263189
3,0.5221725201051165,1766753263335
3,0.433676366989615,1766753263492
4,0.5221725201051165,1766753263638
4,0.5221725201051165,1766753263790
4,0.5221725201051165,1766753263945
4,0.5221725201051165,1766753264099
4,0.5221725201051165,1766753264257
4,0.5221725201051165,1766753264410
4,0.5221725201051165,1766753264561
4,0.5221725201051165,1766753264734
4,0.5221725201051165,1766753264903
4,0.5221725201051165,1766753265071
4,0.5221725201051165,1766753265225
4,0.5221725201051165,1766753265380
4,0.5221725201051165,1766753265538
4,0.5221725201051165,1766753265690
4,0.5221725201051165,1766753265840
4,0.5221725201051165,1766753265993
4,0.5221725201051165,1766753266144
4,0.5221725201051165,1766753266298
4,0.5221725201051165,1766753266452
4,0.5221725201051165,1766753266605
4,0.5221725201051165,1766753266762
4,0.5221725201051165,1766753266913
4,0.5221725201051165,1766753267064
4,0.5221725201051165,1766753267217
4,0.5221725201051165,1766753267369
4,0.5221725201051165,1766753267530
4,0.5221725201051165,1766753267683
4,0.5221725201051165,1766753267830
4,0.5221725201051165,1766753267974
4,0.5221725201051165,1766753268119
4,0.5221725201051165,1766753268277
4,0.5221725201051165,1766753268435
4,0.5221725201051165,1766753268607
4,0.5221725201051165,1766753268760
4,0.5221725201051165,1766753268904
4,0.5221725201051165,1766753269047
4,0.5221725201051165,1766753269201
4,0.5221725201051165,1766753269351
4,0.5221725201051165,1766753269506
4,0.5221725201051165,1766753269657
4,0.5221725201051165,1766753269813
4,0.5221725201051165,1766753269965
4,0.5221725201051165,1766753270123
4,0.5221725201051165,1766753270274
4,0.5221725201051165,1766753270441
4,0.5221725201051165,1766753270604
4,0.5221725201051165,1766753270787
4,0.5221725201051165,1766753270947
4,0.5221725201051165,1766753271108
4,0.5221725201051165,1766753271260
4,0.5221725201051165,1766753271424
4,0.5221725201051165,1766753271576
4,0.5221725201051165,1766753271725
4,0.5221725201051165,1766753271877
4,0.5221725201051165,1766753272029
4,0.5221725201051165,1766753272184
4,0.5221725201051165,1766753272337
4,0.5221725201051165,1766753272489
4,0.5221725201051165,1766753272641
4,0.5221725201051165,1766753272791
4,0.5221725201051165,1766753272945
4,0.5221725201051165,1766753273098
4,0.5221725201051165,1766753273251
4,0.5221725201051165,1766753273406
4,0.5221725201051165,1766753273559
4,0.5221725201051165,1766753273703
4,0.5221725201051165,1766753273848
4,0.5221725201051165,1766753273991
4,0.5221725201051165,1766753274147
4,0.5221725201051165,1766753274303
4,0.5221725201051165,1766753274469
4,0.5221725201051165,1766753274620
4,0.5221725201051165,1766753274767
4,0.5221725201051165,1766753274915
4,0.5221725201051165,1766753275069
4,0.5221725201051165,1766753275223
4,0.5221725201051165,1766753275377
4,0.5221725201051165,1766753275535
4,0.5221725201051165,1766753275687
4,0.5221725201051165,1766753275842
4,0.5221725201051165,1766753275995
4,0.5221725201051165,1766753276150
4,0.5221725201051165,1766753276321
4,0.5221725201051165,1766753276500
4,0.5221725201051165,1766753276670
4,0.5221725201051165,1766753276822
4,0.5221725201051165,1766753276974
4,0.5221725201051165,1766753277133
4,0.5221725201051165,1766753277300
4,0.5221725201051165,1766753277453
4,0.5221725201051165,1766753277604
4,0.5221725201051165,1766753277757
4,0.5221725201051165,1766753277909
4,0.5221725201051165,1766753278064
4,0.5221725201051165,1766753278216
4,0.5221725201051165,1766753278367
4,0.5221725201051165,1766753278519
4,0.5221725201051165,1766753278670
4,0.5221725201051165,1766753278828
4,0.5221725201051165,1766753278986
4,0.5221725201051165,1766753279141
4,0.5221725201051165,1766753279300
4,0.5221725201051165,1766753279444
4,0.5221725201051165,1766753279592
4,0.5221725201051165,1766753279736
4,0.5221725201051165,1766753279880
4,0.5221725201051165,1766753280043
4,0.5221725201051165,1766753280202
4,0.5221725201051165,1766753280365
4,0.5221725201051165,1766753280510
4,0.5221725201051165,1766753280658
4,0.5221725201051165,1766753280807
4,0.5221725201051165,1766753280958
4,0.5221725201051165,1766753281110
4,0.5221725201051165,1766753281268
4,0.5221725201051165,1766753281421
4,0.5221725201051165,1766753281575
4,0.5221725201051165,1766753281730
4,0.5221725201051165,1766753281883
4,0.5221725201051165,1766753282056
4,0.5221725201051165,1766753282222
4,0.5221725201051165,1766753282395
4,0.5221725201051165,1766753282546
4,0.5221725201051165,1766753282704
4,0.5221725201051165,1766753282857
4,0.5221725201051165,1766753283017
4,0.5221725201051165,1766753283173
4,0.5221725201051165,1766753283326
4,0.5221725201051165,1766753283476
4,0.5221725201051165,1766753283630
4,0.5221725201051165,1766753283782
4,0.5221725201051165,1766753283939
4,0.5221725201051165,1766753284092
4,0.5221725201051165,1766753284244
4,0.5221725201051165,1766753284395
4,0.5221725201051165,1766753284548
4,0.5221725201051165,1766753284702
4,0.5221725201051165,1766753284858
4,0.5221725201051165,1766753285010
4,0.5221725201051165,1766753285167
4,0.5221725201051165,1766753285309
4,0.5221725201051165,1766753285457
4,0.5221725201051165,1766753285598
4,0.5221725201051165,1766753285740
4,0.5221725201051165,1766753285902
4,0.5221725201051165,1766753286063
4,0.5221725201051165,1766753286222
4,0.5221725201051165,1766753286370
4,0.5221725201051165,1766753286523
4,0.5221725201051165,1766753286671
4,0.5221725201051165,1766753286830
4,0.5221725201051165,1766753286983
4,0.5221725201051165,1766753287140
4,0.5221725201051165,1766753287290
4,0.5221725201051165,1766753287447
4,0.5221725201051165,1766753287598
4,0.5221725201051165,1766753287757
4,0.5221725201051165,1766753287923
4,0.5221725201051165,1766753288092
4,0.5221725201051165,1766753288258
4,0.5221725201051165,1766753288410
4,0.5221725201051165,1766753288561
4,0.5221725201051165,1766753288718
4,0.5221725201051165,1766753288878
4,0.5221725201051165,1766753289032
4,0.5221725201051165,1766753289184
4,0.5221725201051165,1766753289337
4,0.5221725201051165,1766753289490
4,0.5221725201051165,1766753289643
4,0.5221725201051165,1766753289792
4,0.5221725201051165,1766753289944
4,0.5221725201051165,1766753290094
4,0.5221725201051165,1766753290247
4,0.5221725201051165,1766753290396
4,0.5221725201051165,1766753290552
4,0.5221725201051165,1766753290710
4,0.5221725201051165,1766753290865
4,0.5221725201051165,1766753291013
4,0.5221725201051165,1766753291156
4,0.5221725201051165,1766753291301
4,0.5221725201051165,1766753291444
4,0.5221725201051165,1766753291588
4,0.5221725201051165,1766753291749
4,0.5221725201051165,1766753291908
4,0.5221725201051165,1766753292075
4,0.5221725201051165,1766753292219
4,0.5221725201051165,1766753292371
4,0.5221725201051165,1766753292523
4,0.5221725201051165,1766753292678
4,0.5221725201051165,1766753292831
4,0.5221725201051165,1766753292980
4,0.5221725201051165,1766753293131
4,0.5221725201051165,1766753293287
4,0.5221725201051165,1766753293439
4,0.5221725201051165,1766753293606
4,0.5221725201051165,1766753293771
4,0.5221725201051165,1766753293943
4,0.5221725201051165,1766753294101
4,0.5221725201051165,1766753294254
4,0.5221725201051165,1766753294408
4,0.5221725201051165,1766753294567
4,0.5221725201051165,1766753294728
4,0.5221725201051165,1766753294887
4,0.5221725201051165,1766753295037
4,0.5221725201051165,1766753295189
4,0.5221725201051165,1766753295341
4,0.5221725201051165,1766753295496
4,0.5221725201051165,1766753295649
4,0.5221725201051165,1766753295800
4,0.5221725201051165,1766753295954
4,0.5221725201051165,1766753296103
4,0.5221725201051165,1766753296257
4,0.5221725201051165,1766753296413
4,0.5221725201051165,1766753296568
4,0.5221725201051165,1766753296720
4,0.5221725201051165,1766753296866
4,0.5221725201051165,1766753297009
4,0.5221725201051165,1766753297153
4,0.5221725201051165,1766753297296
4,0.5221725201051165,1766753297440
4,0.5221725201051165,1766753297603
4,0.5221725201051165,1766753297764
4,0.5221725201051165,1766753297928
4,0.5221725201051165,1766753298074
4,0.5221725201051165,1766753298227
4,0.5221725201051165,1766753298373
4,0.5221725201051165,1766753298525
4,0.5221725201051165,1766753298682
4,0.5221725201051165,1766753298833
4,0.5221725201051165,1766753298987
4,0.5221725201051165,1766753299141
4,0.5221725201051165,1766753299297
4,0.5221725201051165,1766753299469
4,0.5221725201051165,1766753299643
4,0.5221725201051165,1766753299814
4,0.5221725201051165,1766753299967
4,0.5221725201051165,1766753300118
4,0.5221725201051165,1766753300277
4,0.5221725201051165,1766753300437
4,0.5221725201051165,1766753300601
4,0.5221725201051165,1766753300757
4,0.5221725201051165,1766753300908
4,0.5221725201051165,1766753301061
4,0.5221725201051165,1766753301215
4,0.5221725201051165,1766753301369
4,0.5221725201051165,1766753301522
4,0.5221725201051165,1766753301675
4,0.5221725201051165,1766753301828
4,0.5221725201051165,1766753301982
4,0.5221725201051165,1766753302138
4,0.5221725201051165,1766753302290
4,0.5221725201051165,1766753302447
4,0.5221725201051165,1766753302592
4,0.5221725201051165,1766753302739
4,0.5221725201051165,1766753302882
4,0.5221725201051165,1766753303028
4,0.5221725201051165,1766753303172
4,0.5221725201051165,1766753303319
4,0.5221725201051165,1766753303480
4,0.5221725201051165,1766753303648
4,0.5221725201051165,1766753303804
4,0.5221725201051165,1766753303951
4,0.5221725201051165,1766753304109
4,0.5221725201051165,1766753304258
4,0.5221725201051165,1766753304412
4,0.5221725201051165,1766753304568
4,0.5221725201051165,1766753304719
4,0.5221725201051165,1766753304871
4,0.5221725201051165,1766753305024
4,0.5221725201051165,1766753305189
4,0.5221725201051165,1766753305355
4,0.5221725201051165,1766753305532
4,0.5221725201051165,1766753305684
4,0.5221725201051165,1766753305843
4,0.5221725201051165,1766753305996
4,0.5221725201051165,1766753306158
4,0.5221725201051165,1766753306315
4,0.5221725201051165,1766753306473
4,0.5221725201051165,1766753306627
4,0.5221725201051165,1766753306784
4,0.5221725201051165,1766753306936
4,0.5221725201051165,1766753307088
4,0.5221725201051165,1766753307240
4,0.5221725201051165,1766753307390
4,0.5221725201051165,1766753307542
4,0.5221725201051165,1766753307692
4,0.5221725201051165,1766753307842
4,0.5221725201051165,1766753307998
4,0.5221725201051165,1766753308152
4,0.5221725201051165,1766753308306
4,0.5221725201051165,1766753308449
4,0.5221725201051165,1766753308596
4,0.5221725201051165,1766753308739
4,0.5221725201051165,1766753308885
4,0.5221725201051165,1766753309028
4,0.5221725201051165,1766753309172
4,0.5221725201051165,1766753309331
4,0.5221725201051165,1766753309497
4,0.5221725201051165,1766753309658
4,0.5221725201051165,1766753309807
4,0.5221725201051165,1766753309960
4,0.5221725201051165,1766753310108
4,0.5221725201051165,1766753310262
4,0.5221725201051165,1766753310413
4,0.5221725201051165,1766753310566
4,0.5221725201051165,1766753310718
4,0.5221725201051165,1766753310869
4,0.5221725201051165,1766753311037
4,0.5221725201051165,1766753311205
4,0.5221725201051165,1766753311384
4,0.5221725201051165,1766753311540
4,0.5221725201051165,1766753311697
4,0.5221725201051165,1766753311853
4,0.5221725201051165,1766753312014
4,0.5221725201051165,1766753312175
4,0.5221725201051165,1766753312333
4,0.5221725201051165,1766753312485
4,0.5221725201051165,1766753312637
4,0.5221725201051165,1766753312793
4,0.5221725201051165,1766753312944
4,0.5221725201051165,1766753313097
4,0.5221725201051165,1766753313248
4,0.5221725201051165,1766753313398
4,0.5221725201051165,1766753313548
4,0.5221725201051165,1766753313701
4,0.5221725201051165,1766753313856
4,0.5221725201051165,1766753314010
4,0.5221725201051165,1766753314158
4,0.5221725201051165,1766753314310
4,0.5221725201051165,1766753314454
4,0.5221725201051165,1766753314598
4,0.5221725201051165,1766753314746
4,0.5221725201051165,1766753314889
4,0.5221725201051165,1766753315040
4,0.5221725201051165,1766753315198
4,0.5221725201051165,1766753315372
4,0.5221725201051165,1766753315527
4,0.5221725201051165,1766753315675
4,0.5221725201051165,1766753315821
4,0.5221725201051165,1766753315975
4,0.5221725201051165,1766753316122
4,0.5221725201051165,1766753316273
4,0.5221725201051165,1766753316423
4,0.5221725201051165,1766753316573
4,0.5221725201051165,1766753316738
4,0.5221725201051165,1766753316902
4,0.5221725201051165,1766753317074
4,0.5221725201051165,1766753317235
4,0.5221725201051165,1766753317393
4,0.5221725201051165,1766753317547
4,0.5221725201051165,1766753317704
4,0.5221725201051165,1766753317862
4,0.5221725201051165,1766753318020
4,0.5221725201051165,1766753318179
4,0.5221725201051165,1766753318331
4,0.5221725201051165,1766753318485
4,0.5221725201051165,1766753318639
4,0.5221725201051165,1766753318792
4,0.5221725201051165,1766753318941
4,0.5221725201051165,1766753319093
4,0.5221725201051165,1766753319242
4,0.5221725201051165,1766753319394
4,0.5221725201051165,1766753319547
4,0.5221725201051165,1766753319702
4,0.5221725201051165,1766753319854
4,0.5221725201051165,1766753320001
4,0.5221725201051165,1766753320151
4,0.5221725201051165,1766753320297
4,0.5221725201051165,1766753320440
4,0.5221725201051165,1766753320585
4,0.5221725201051165,1766753320731
4,0.5221725201051165,1766753320882
4,0.5221725201051165,1766753321041
4,0.5221725201051165,1766753321210
4,0.5221725201051165,1766753321363
4,0.5221725201051165,1766753321511
4,0.5221725201051165,1766753321659
4,0.5221725201051165,1766753321812
4,0.5221725201051165,1766753321966
4,0.5221725201051165,1766753322122
4,0.5221725201051165,1766753322273
4,0.5221725201051165,1766753322428
4,0.5221725201051165,1766753322600
4,0.5221725201051165,1766753322769
4,0.5221725201051165,1766753322938
4,0.5221725201051165,1766753323093
4,0.5221725201051165,1766753323258
4,0.5221725201051165,1766753323409
4,0.5221725201051165,1766753323570
4,0.5221725201051165,1766753323731
4,0.5221725201051165,1766753323895
4,0.5221725201051165,1766753324057
4,0.5221725201051165,1766753324210
4,0.5221725201051165,1766753324368
4,0.5221725201051165,1766753324521
4,0.5221725201051165,1766753324675
4,0.5221725201051165,1766753324829
4,0.5221725201051165,1766753324980
4,0.5221725201051165,1766753325133
4,0.5221725201051165,1766753325286
4,0.5221725201051165,1766753325440
4,0.5221725201051165,1766753325597
4,0.5221725201051165,1766753325745
4,0.5221725201051165,1766753325891
4,0.5221725201051165,1766753326041
4,0.5221725201051165,1766753326187
4,0.5221725201051165,1766753326332
4,0.5221725201051165,1766753326481
4,0.5221725201051165,1766753326626
4,0.5221725201051165,1766753326791
4,0.5221725201051165,1766753326946
4,0.5221725201051165,1766753327110
4,0.5221725201051165,1766753327257
4,0.5221725201051165,1766753327409
4,0.5221725201051165,1766753327555
4,0.5221725201051165,1766753327705
4,0.5221725201051165,1766753327854
4,0.5221725201051165,1766753328005
4,0.5221725201051165,1766753328156
4,0.5221725201051165,1766753328320
4,0.5221725201051165,1766753328486
4,0.5221725201051165,1766753328662
4,0.5221725201051165,1766753328826
4,0.5221725201051165,1766753328981
4,0.5221725201051165,1766753329133
4,0.5221725201051165,1766753329296
4,0.5221725201051165,1766753329457
4,0.5221725201051165,1766753329620
4,0.5221725201051165,1766753329781
4,0.5221725201051165,1766753329940
4,0.5221725201051165,1766753330095
4,0.5221725201051165,1766753330251
4,0.5221725201051165,1766753330403
4,0.5221725201051165,1766753330558
4,0.5221725201051165,1766753330710
4,0.5221725201051165,1766753330865
4,0.5221725201051165,1766753331019
4,0.5221725201051165,1766753331174
4,0.5221725201051165,1766753331326
4,0.5221725201051165,1766753331481
4,0.5221725201051165,1766753331626
4,0.5221725201051165,1766753331773
4,0.5221725201051165,1766753331923
4,0.5221725201051165,1766753332070
4,0.5221725201051165,1766753332214
4,0.5221725201051165,1766753332361
4,0.5221725201051165,1766753332506
4,0.5221725201051165,1766753332671
4,0.5221725201051165,1766753332836
4,0.5221725201051165,1766753333003
4,0.5221725201051165,1766753333149
4,0.5221725201051165,1766753333299
4,0.5221725201051165,1766753333449
4,0.5221725201051165,1766753333602
4,0.5221725201051165,1766753333756
4,0.5221725201051165,1766753333904
4,0.5221725201051165,1766753334059
4,0.5221725201051165,1766753334226
4,0.5221725201051165,1766753334401
4,0.5221725201051165,1766753334573
4,0.5221725201051165,1766753334734
4,0.5221725201051165,1766753334889
4,0.5221725201051165,1766753335047
4,0.5221725201051165,1766753335205
4,0.5221725201051165,1766753335365
4,0.5221725201051165,1766753335527
4,0.5221725201051165,1766753335691
4,0.5221725201051165,1766753335843
4,0.5221725201051165,1766753335997
4,0.5221725201051165,1766753336146
4,0.5221725201051165,1766753336301
4,0.5221725201051165,1766753336450
4,0.5221725201051165,1766753336603
4,0.5221725201051165,1766753336753
4,0.5221725201051165,1766753336909
4,0.5221725201051165,1766753337060
4,0.5221725201051165,1766753337222
4,0.5221725201051165,1766753337372
4,0.5221725201051165,1766753337519
4,0.5221725201051165,1766753337671
4,0.5221725201051165,1766753337817
4,0.5221725201051165,1766753337961
4,0.5221725201051165,1766753338109
4,0.5221725201051165,1766753338253
4,0.5221725201051165,1766753338408
4,0.5221725201051165,1766753338566
4,0.5221725201051165,1766753338740
4,0.5221725201051165,1766753338901
4,0.5221725201051165,1766753339048
4,0.5221725201051165,1766753339198
4,0.5221725201051165,1766753339352
4,0.5221725201051165,1766753339502
4,0.5221725201051165,1766753339655
4,0.5221725201051165,1766753339805
4,0.5221725201051165,1766753339975
4,0.5221725201051165,1766753340149
4,0.5221725201051165,1766753340326
4,0.5221725201051165,1766753340480
4,0.5221725201051165,1766753340635
4,0.5221725201051165,1766753340791
4,0.5221725201051165,1766753340948
4,0.5221725201051165,1766753341108
4,0.5221725201051165,1766753341267
4,0.5221725201051165,1766753341427
4,0.5221725201051165,1766753341588
4,0.5221725201051165,1766753341739
4,0.5221725201051165,1766753341891
4,0.5221725201051165,1766753342044
4,0.5221725201051165,1766753342197
4,0.5221725201051165,1766753342350
4,0.5221725201051165,1766753342501
4,0.5221725201051165,1766753342654
4,0.5221725201051165,1766753342807
4,0.5221725201051165,1766753342959
4,0.5221725201051165,1766753343107
4,0.5221725201051165,1766753343252
4,0.5221725201051165,1766753343400
4,0.5221725201051165,1766753343546
4,0.5221725201051165,1766753343692
4,0.5221725201051165,1766753343834
4,0.5221725201051165,1766753343983
4,0.5221725201051165,1766753344128
4,0.5221725201051165,1766753344284
4,0.5221725201051165,1766753344443
4,0.5221725201051165,1766753344615
4,0.5221725201051165,1766753344768
4,0.5221725201051165,1766753344929
4,0.5221725201051165,1766753345075
4,0.5221725201051165,1766753345228
4,0.5221725201051165,1766753345383
4,0.5221725201051165,1766753345534
4,0.5221725201051165,1766753345700
4,0.5221725201051165,1766753345862
4,0.5221725201051165,1766753346019
4,0.5221725201051165,1766753346172
4,0.5221725201051165,1766753346326
4,0.5221725201051165,1766753346479
4,0.5221725201051165,1766753346634
4,0.5221725201051165,1766753346794
4,0.5221725201051165,1766753346952
4,0.5221725201051165,1766753347112
4,0.5221725201051165,1766753347271
4,0.5221725201051165,1766753347435
4,0.5221725201051165,1766753347587
4,0.5221725201051165,1766753347737
4,0.5221725201051165,1766753347881
4,0.5221725201051165,1766753348029
4,0.5221725201051165,1766753348179
4,0.5221725201051165,1766753348327
4,0.5221725201051165,1766753348476
4,0.5221725201051165,1766753348626
4,0.5221725201051165,1766753348774
4,0.5221725201051165,1766753348928
4,0.5221725201051165,1766753349080
4,0.5221725201051165,1766753349233
4,0.5221725201051165,1766753349389
4,0.5221725201051165,1766753349539
4,0.5221725201051165,1766753349684
4,0.5221725201051165,1766753349833
4,0.5221725201051165,1766753349977
4,0.5221725201051165,1766753350142
4,0.5221725201051165,1766753350304
4,0.5221725201051165,1766753350480
4,0.5221725201051165,1766753350633
4,0.5221725201051165,1766753350793
4,0.5221725201051165,1766753350952
4,0.5221725201051165,1766753351112
4,0.5221725201051165,1766753351266
4,0.5221725201051165,1766753351416
4,0.5221725201051165,1766753351570
4,0.5221725201051165,1766753351724
4,0.5221725201051165,1766753351884
4,0.5221725201051165,1766753352044
4,0.5221725201051165,1766753352200
4,0.5221725201051165,1766753352358
4,0.5221725201051165,1766753352518
4,0.5221725201051165,1766753352680
4,0.5221725201051165,1766753352841
4,0.5221725201051165,1766753353001
4,0.5221725201051165,1766753353154
4,0.5221725201051165,1766753353305
4,0.5221725201051165,1766753353449
4,0.5221725201051165,1766753353596
4,0.5221725201051165,1766753353744
4,0.5221725201051165,1766753353894
4,0.5221725201051165,1766753354046
4,0.5221725201051165,1766753354197
4,0.5221725201051165,1766753354349
4,0.5221725201051165,1766753354502
4,0.5221725201051165,1766753354656
4,0.5221725201051165,1766753354803
4,0.5221725201051165,1766753354952
4,0.5221725201051165,1766753355100
4,0.5221725201051165,1766753355252
4,0.5221725201051165,1766753355408
4,0.5221725201051165,1766753355566
4,0.5221725201051165,1766753355719
4,0.5221725201051165,1766753355871
4,0.5221725201051165,1766753356044
4,0.5221725201051165,1766753356215
4,0.5221725201051165,1766753356399
4,0.5221725201051165,1766753356548
4,0.5221725201051165,1766753356694
4,0.5221725201051165,1766753356844
4,0.5221725201051165,1766753356998
4,0.5221725201051165,1766753357159
4,0.5221725201051165,1766753357314
4,0.5221725201051165,1766753357475
4,0.5221725201051165,1766753357635
4,0.5221725201051165,1766753357798
4,0.5221725201051165,1766753357960
4,0.5221725201051165,1766753358119
4,0.5221725201051165,1766753358274
4,0.5221725201051165,1766753358426
4,0.5221725201051165,1766753358579
4,0.5221725201051165,1766753358732
4,0.5221725201051165,1766753358893
4,0.5221725201051165,1766753359052
4,0.5221725201051165,1766753359204
4,0.5221725201051165,1766753359355
4,0.5221725201051165,1766753359507
4,0.5221725201051165,1766753359660
4,0.5221725201051165,1766753359811
4,0.5221725201051165,1766753359963
4,0.5221725201051165,1766753360105
4,0.5221725201051165,1766753360247
4,0.5221725201051165,1766753360390
4,0.5221725201051165,1766753360539
4,0.5221725201051165,1766753360692
4,0.5221725201051165,1766753360845
4,0.5221725201051165,1766753360996
4,0.5221725201051165,1766753361154
4,0.5221725201051165,1766753361308
4,0.5221725201051165,1766753361464
4,0.5221725201051165,1766753361616
4,0.5221725201051165,1766753361767
4,0.5221725201051165,1766753361926
4,0.5221725201051165,1766753362092
4,0.5221725201051165,1766753362252
4,0.5221725201051165,1766753362406
4,0.5221725201051165,1766753362562
4,0.5221725201051165,1766753362713
4,0.5221725201051165,1766753362874
4,0.5221725201051165,1766753363034
4,0.5221725201051165,1766753363195
4,0.5221725201051165,1766753363355
4,0.5221725201051165,1766753363512
4,0.5221725201051165,1766753363666
4,0.5221725201051165,1766753363827
4,0.5221725201051165,1766753363980
4,0.5221725201051165,1766753364143
4,0.5221725201051165,1766753364299
4,0.5221725201051165,1766753364462
4,0.5221725201051165,1766753364623
4,0.5221725201051165,1766753364784
4,0.5221725201051165,1766753364949
4,0.5221725201051165,1766753365102
4,0.5221725201051165,1766753365248
4,0.5221725201051165,1766753365391
4,0.5221725201051165,1766753365539
4,0.5221725201051165,1766753365685
4,0.5221725201051165,1766753365837
4,0.5221725201051165,1766753365988
4,0.5221725201051165,1766753366139
4,0.5221725201051165,1766753366293
4,0.5221725201051165,1766753366450
4,0.5221725201051165,1766753366606
4,0.5221725201051165,1766753366765
4,0.5221725201051165,1766753366921
4,0.5221725201051165,1766753367067
4,0.5221725201051165,1766753367210
4,0.5221725201051165,1766753367366
4,0.5221725201051165,1766753367509
4,0.5221725201051165,1766753367677
4,0.5221725201051165,1766753367839
4,0.5221725201051165,1766753368016
4,0.5221725201051165,1766753368174
4,0.5221725201051165,1766753368332
4,0.5221725201051165,1766753368487
4,0.5221725201051165,1766753368646
4,0.5221725201051165,1766753368795
4,0.5221725201051165,1766753368947
4,0.5221725201051165,1766753369101
4,0.5221725201051165,1766753369251
4,0.5221725201051165,1766753369411
4,0.5221725201051165,1766753369571
4,0.5221725201051165,1766753369729
4,0.5221725201051165,1766753369889
4,0.5221725201051165,1766753370050
4,0.5221725201051165,1766753370211
4,0.5221725201051165,1766753370370
4,0.5221725201051165,1766753370520
4,0.5221725201051165,1766753370672
4,0.5221725201051165,1766753370826
4,0.5221725201051165,1766753370972
4,0.5221725201051165,1766753371124
4,0.5221725201051165,1766753371275
4,0.5221725201051165,1766753371427
4,0.5221725201051165,1766753371578
4,0.5221725201051165,1766753371732
4,0.5221725201051165,1766753371883
4,0.5221725201051165,1766753372038
4,0.5221725201051165,1766753372187
4,0.5221725201051165,1766753372337
4,0.5221725201051165,1766753372482
4,0.5221725201051165,1766753372630
4,0.5221725201051165,1766753372783
4,0.5221725201051165,1766753372937
4,0.5221725201051165,1766753373088
4,0.5221725201051165,1766753373241
4,0.5221725201051165,1766753373394
4,0.5221725201051165,1766753373568
4,0.5221725201051165,1766753373740
4,0.5221725201051165,1766753373912
4,0.5221725201051165,1766753374057
4,0.5221725201051165,1766753374207
4,0.5221725201051165,1766753374352
4,0.5221725201051165,1766753374511
4,0.5221725201051165,1766753374664
4,0.5221725201051165,1766753374820
4,0.5221725201051165,1766753374976
4,0.5221725201051165,1766753375134
4,0.5221725201051165,1766753375300
4,0.5221725201051165,1766753375463
4,0.5221725201051165,1766753375621
4,0.5221725201051165,1766753375773
4,0.5221725201051165,1766753375926
4,0.5221725201051165,1766753376083
4,0.5221725201051165,1766753376233
4,0.5221725201051165,1766753376392
4,0.5221725201051165,1766753376551
4,0.5221725201051165,1766753376707
4,0.5221725201051165,1766753376861
4,0.5221725201051165,1766753377016
4,0.5221725201051165,1766753377170
4,0.5221725201051165,1766753377322
4,0.5221725201051165,1766753377468
4,0.5221725201051165,1766753377611
4,0.5221725201051165,1766753377758
4,0.5221725201051165,1766753377900
4,0.5221725201051165,1766753378050
4,0.5221725201051165,1766753378203
4,0.5221725201051165,1766753378356
4,0.5221725201051165,1766753378509
4,0.5221725201051165,1766753378664
4,0.5221725201051165,1766753378817
4,0.5221725201051165,1766753378976
4,0.5221725201051165,1766753379129
4,0.5221725201051165,1766753379276
4,0.5221725201051165,1766753379438
4,0.5221725201051165,1766753379608
4,0.5221725201051165,1766753379779
4,0.5221725201051165,1766753379931
4,0.5221725201051165,1766753380087
4,0.5221725201051165,1766753380243
4,0.5221725201051165,1766753380407
4,0.5221725201051165,1766753380568
4,0.5221725201051165,1766753380732
4,0.5221725201051165,1766753380891
4,0.5221725201051165,1766753381045
4,0.5221725201051165,1766753381197
4,0.5221725201051165,1766753381350
4,0.5221725201051165,1766753381509
4,0.5221725201051165,1766753381663
4,0.5221725201051165,1766753381820
4,0.5221725201051165,1766753381976
4,0.5221725201051165,1766753382136
4,0.5221725201051165,1766753382297
4,0.5221725201051165,1766753382457
4,0.5221725201051165,1766753382609
4,0.5221725201051165,1766753382753
4,0.5221725201051165,1766753382896
4,0.5221725201051165,1766753383044
4,0.5221725201051165,1766753383188
4,0.5221725201051165,1766753383337
4,0.5221725201051165,1766753383486
4,0.5221725201051165,1766753383634
4,0.5221725201051165,1766753383783
4,0.5221725201051165,1766753383933
4,0.5221725201051165,1766753384088
4,0.5221725201051165,1766753384243
4,0.5221725201051165,1766753384396
4,0.5221725201051165,1766753384542
4,0.5221725201051165,1766753384684
4,0.5221725201051165,1766753384834
4,0.5221725201051165,1766753384984
4,0.5221725201051165,1766753385138
4,0.5221725201051165,1766753385306
4,0.5221725201051165,1766753385479
4,0.5221725201051165,1766753385653
4,0.5221725201051165,1766753385809
4,0.5221725201051165,1766753385966
4,0.5221725201051165,1766753386116
4,0.5221725201051165,1766753386265
4,0.5221725201051165,1766753386415
4,0.5221725201051165,1766753386565
4,0.5221725201051165,1766753386720
4,0.5221725201051165,1766753386881
4,0.5221725201051165,1766753387041
4,0.5221725201051165,1766753387202
4,0.5221725201051165,1766753387363
4,0.5221725201051165,1766753387523
4,0.5221725201051165,1766753387683
4,0.5221725201051165,1766753387844
4,0.5221725201051165,1766753387995
4,0.5221725201051165,1766753388147
4,0.5221725201051165,1766753388305
4,0.5221725201051165,1766753388451
4,0.5221725201051165,1766753388600
4,0.5221725201051165,1766753388752
4,0.5221725201051165,1766753388903
4,0.5221725201051165,1766753389054
4,0.5221725201051165,1766753389206
4,0.5221725201051165,1766753389358
4,0.5221725201051165,1766753389510
4,0.5221725201051165,1766753389656
4,0.5221725201051165,1766753389801
4,0.5221725201051165,1766753389949
4,0.5221725201051165,1766753390096
4,0.5221725201051165,1766753390251
4,0.5221725201051165,1766753390404
4,0.5221725201051165,1766753390554
4,0.5221725201051165,1766753390707
4,0.5221725201051165,1766753390860
4,0.5221725201051165,1766753391022
4,0.5221725201051165,1766753391191
4,0.5221725201051165,1766753391367
4,0.5221725201051165,1766753391518
4,0.5221725201051165,1766753391663
4,0.5221725201051165,1766753391806
4,0.5221725201051165,1766753391959
4,0.5221725201051165,1766753392114
4,0.5221725201051165,1766753392272
4,0.5221725201051165,1766753392429
4,0.5221725201051165,1766753392589
4,0.5221725201051165,1766753392751
4,0.5221725201051165,1766753392915
4,0.5221725201051165,1766753393075
4,0.5221725201051165,1766753393229
4,0.5221725201051165,1766753393378
4,0.5221725201051165,1766753393534
4,0.5221725201051165,1766753393684
4,0.5221725201051165,1766753393841
4,0.5221725201051165,1766753393998
4,0.5221725201051165,1766753394156
4,0.5221725201051165,1766753394305
4,0.5221725201051165,1766753394457
4,0.5221725201051165,1766753394613
4,0.5221725201051165,1766753394770
4,0.5221725201051165,1766753394914
4,0.5221725201051165,1766753395057
4,0.5221725201051165,1766753395205
4,0.5221725201051165,1766753395348
4,0.5221725201051165,1766753395497
4,0.5221725201051165,1766753395650
4,0.5221725201051165,1766753395800
4,0.5221725201051165,1766753395955
4,0.5221725201051165,1766753396113
4,0.5221725201051165,1766753396267
4,0.5221725201051165,1766753396421
4,0.5221725201051165,1766753396579
4,0.5221725201051165,1766753396723
4,0.5221725201051165,1766753396881
4,0.5221725201051165,1766753397041
4,0.5221725201051165,1766753397219
4,0.5221725201051165,1766753397381
4,0.5221725201051165,1766753397537
4,0.5221725201051165,1766753397694
4,0.5221725201051165,1766753397854
4,0.5221725201051165,1766753398015
4,0.5221725201051165,1766753398174
4,0.5221725201051165,1766753398330
4,0.5221725201051165,1766753398481
4,0.5221725201051165,1766753398636
4,0.5221725201051165,1766753398786
4,0.5221725201051165,1766753398945
4,0.5221725201051165,1766753399103
4,0.5221725201051165,1766753399259
4,0.5221725201051165,1766753399414
4,0.5221725201051165,1766753399574
4,0.5221725201051165,1766753399734
4,0.5221725201051165,1766753399895
4,0.5221725201051165,1766753400053
4,0.5221725201051165,1766753400199
4,0.5221725201051165,1766753400345
4,0.5221725201051165,1766753400493
4,0.5221725201051165,1766753400639
4,0.5221725201051165,1766753400790
4,0.5221725201051165,1766753400939
4,0.5221725201051165,1766753401088
4,0.5221725201051165,1766753401238
4,0.5221725201051165,1766753401389
4,0.5221725201051165,1766753401544
4,0.5221725201051165,1766753401697
4,0.5221725201051165,1766753401848
4,0.5221725201051165,1766753401993
4,0.5221725201051165,1766753402143
4,0.5221725201051165,1766753402289
4,0.5221725201051165,1766753402439
4,0.5221725201051165,1766753402587
4,0.5221725201051165,1766753402753
4,0.5221725201051165,1766753402912
4,0.5221725201051165,1766753403092
4,0.5221725201051165,1766753403249
4,0.5221725201051165,1766753403406
4,0.5221725201051165,1766753403557
4,0.5221725201051165,1766753403712
4,0.5221725201051165,1766753403860
4,0.5221725201051165,1766753404007
4,0.5221725201051165,1766753404163
4,0.5221725201051165,1766753404320
4,0.5221725201051165,1766753404479
4,0.5221725201051165,1766753404637
4,0.5221725201051165,1766753404799
4,0.5221725201051165,1766753404959
4,0.5221725201051165,1766753405118
4,0.5221725201051165,1766753405276
4,0.5221725201051165,1766753405426
4,0.5221725201051165,1766753405579
4,0.5221725201051165,1766753405734
4,0.5221725201051165,1766753405885
4,0.5221725201051165,1766753406037
4,0.5221725201051165,1766753406188
4,0.5221725201051165,1766753406337
4,0.5221725201051165,1766753406489
4,0.5221725201051165,1766753406641
4,0.5221725201051165,1766753406798
4,0.5221725201051165,1766753406951
4,0.5221725201051165,1766753407102
4,0.5221725201051165,1766753407245
4,0.5221725201051165,1766753407403
4,0.5221725201051165,1766753407550
4,0.5221725201051165,1766753407703
4,0.5221725201051165,1766753407858
4,0.5221725201051165,1766753408011
4,0.5221725201051165,1766753408167
4,0.5221725201051165,1766753408324
4,0.433676366989615,1766753408477
