Loss,Context.TRAINING,None
0,2.3140883445739746,1766752684057
0,16.70654296875,1766752684292
0,19.284725189208984,1766752684434
0,19.703750610351562,1766752684588
0,13.781702995300293,1766752684731
0,12.554784774780273,1766752684885
0,4.92786979675293,1766752685037
0,4.627181053161621,1766752685190
0,3.4148929119110107,1766752685347
0,2.894015073776245,1766752685501
0,2.568321704864502,1766752685657
0,2.4580557346343994,1766752685813
0,2.3909316062927246,1766752685964
0,2.5101540088653564,1766752686139
0,2.4630398750305176,1766752686311
0,2.2224032878875732,1766752686484
0,2.1475987434387207,1766752686641
0,2.177168607711792,1766752686797
0,2.3622560501098633,1766752686957
0,2.4244112968444824,1766752687107
0,2.283449172973633,1766752687261
0,2.2136518955230713,1766752687411
0,2.2497692108154297,1766752687569
0,2.122704267501831,1766752687725
0,2.0377626419067383,1766752687880
0,2.152919292449951,1766752688033
0,2.0294418334960938,1766752688191
0,2.109769105911255,1766752688343
0,1.971880316734314,1766752688499
0,2.0120253562927246,1766752688654
0,1.944927453994751,1766752688813
0,1.7691538333892822,1766752688969
0,1.8242003917694092,1766752689126
0,1.5978171825408936,1766752689271
0,1.660334825515747,1766752689419
0,1.579885482788086,1766752689565
0,1.7580831050872803,1766752689728
0,1.8634207248687744,1766752689883
0,1.5805939435958862,1766752690052
0,1.513424277305603,1766752690195
0,1.3492355346679688,1766752690345
0,1.5034477710723877,1766752690490
0,1.421799659729004,1766752690643
0,1.2357208728790283,1766752690798
0,1.1460630893707275,1766752690951
0,1.4822959899902344,1766752691108
0,1.1920745372772217,1766752691261
0,1.3280949592590332,1766752691415
0,1.223454475402832,1766752691568
0,0.9693891406059265,1766752691724
0,1.606621503829956,1766752691898
0,1.555696725845337,1766752692066
0,1.021761178970337,1766752692235
0,1.1190608739852905,1766752692389
0,0.9784091711044312,1766752692547
0,1.0608420372009277,1766752692700
0,1.0650421380996704,1766752692860
0,1.0962047576904297,1766752693009
0,0.831213116645813,1766752693161
0,0.8450236320495605,1766752693312
0,0.9877542853355408,1766752693467
0,1.100575566291809,1766752693620
0,0.7431007027626038,1766752693776
0,0.9103538393974304,1766752693927
0,0.7549654245376587,1766752694079
0,0.8198970556259155,1766752694231
0,0.8223345875740051,1766752694387
0,0.675962507724762,1766752694545
0,0.8280185461044312,1766752694700
0,0.8494991064071655,1766752694861
0,0.5881397724151611,1766752695010
0,1.0718950033187866,1766752695158
0,0.9435173273086548,1766752695303
0,0.7402912974357605,1766752695450
0,0.5346425175666809,1766752695613
0,0.7124662399291992,1766752695778
0,0.5400696992874146,1766752695944
0,0.6199712753295898,1766752696092
0,0.5441941022872925,1766752696243
0,0.7055464386940002,1766752696394
0,0.548455536365509,1766752696551
0,0.9827218651771545,1766752696707
0,0.7279312014579773,1766752696860
0,0.6287411451339722,1766752697014
0,0.5830199718475342,1766752697166
0,0.7868273854255676,1766752697325
0,0.5081050395965576,1766752697480
0,0.5185662508010864,1766752697650
0,0.5195032954216003,1766752697812
0,0.5769331455230713,1766752697987
0,0.4886387586593628,1766752698139
0,0.8007235527038574,1766752698293
0,0.49132490158081055,1766752698446
0,0.6083863973617554,1766752698607
0,0.6187231540679932,1766752698764
0,0.580828070640564,1766752698915
0,0.6226397156715393,1766752699065
0,0.5338871479034424,1766752699218
0,0.6152974367141724,1766752699372
0,0.5664552450180054,1766752699532
0,0.5609403252601624,1766752699686
0,0.44245314598083496,1766752699836
0,0.5785861611366272,1766752699991
0,0.5552812814712524,1766752700145
0,0.4428520202636719,1766752700298
0,0.5371540784835815,1766752700453
0,0.4132547080516815,1766752700610
0,0.6777006387710571,1766752700761
0,0.403001606464386,1766752700907
0,0.77980637550354,1766752701052
0,0.49497950077056885,1766752701197
0,0.5437124967575073,1766752701347
0,0.442649781703949,1766752701505
0,0.6598867177963257,1766752701675
0,0.5712192058563232,1766752701835
0,0.4921202063560486,1766752701981
0,0.38623982667922974,1766752702129
0,0.3348540663719177,1766752702279
0,0.7017711997032166,1766752702433
0,0.5176869034767151,1766752702586
0,0.5191848874092102,1766752702744
0,0.5409961938858032,1766752702897
0,0.7022924423217773,1766752703059
0,0.5213066339492798,1766752703213
0,0.4868399500846863,1766752703375
0,0.7717503309249878,1766752703542
0,0.5679833889007568,1766752703727
0,0.5154346227645874,1766752703890
0,0.43166404962539673,1766752704049
0,0.5282372236251831,1766752704202
0,0.6260799765586853,1766752704362
0,0.4079187512397766,1766752704522
0,0.41738301515579224,1766752704672
0,0.38906723260879517,1766752704820
0,0.4698220491409302,1766752704971
0,0.5013331174850464,1766752705123
0,0.5046210289001465,1766752705275
0,0.2801167964935303,1766752705425
0,0.4717457890510559,1766752705576
0,0.6102151870727539,1766752705727
0,0.4703064560890198,1766752705879
0,0.3343590497970581,1766752706034
0,0.5268887281417847,1766752706189
0,0.5417601466178894,1766752706342
0,0.5500472784042358,1766752706501
0,0.5006572604179382,1766752706644
0,0.2017747461795807,1766752706788
0,0.22305266559123993,1766752706936
0,0.3553585708141327,1766752707081
0,0.36719125509262085,1766752707237
0,0.34739649295806885,1766752707395
0,0.26523101329803467,1766752707562
0,0.25963538885116577,1766752707716
0,0.3485278785228729,1766752707861
0,0.24833276867866516,1766752708009
0,0.29054561257362366,1766752708160
0,0.5605936050415039,1766752708311
0,0.5983715057373047,1766752708466
0,0.37542542815208435,1766752708617
0,0.2890249788761139,1766752708769
0,0.3552684783935547,1766752708921
0,0.5157232880592346,1766752709072
0,0.2998693883419037,1766752709242
0,0.5442359447479248,1766752709411
0,0.47251832485198975,1766752709579
0,0.3276911973953247,1766752709729
0,0.3417677879333496,1766752709885
0,0.5145935416221619,1766752710038
0,0.7177039384841919,1766752710200
0,0.5562973618507385,1766752710359
0,0.3583938479423523,1766752710511
0,0.3145366907119751,1766752710662
0,0.2105252742767334,1766752710817
0,0.41932666301727295,1766752710970
0,0.2945541739463806,1766752711122
0,0.2145874798297882,1766752711277
0,0.21533101797103882,1766752711427
0,0.8018360137939453,1766752711579
0,0.41531267762184143,1766752711729
0,0.5348461866378784,1766752711886
0,0.575149416923523,1766752712043
0,0.3278115689754486,1766752712201
0,0.2094915360212326,1766752712353
0,0.16987985372543335,1766752712498
0,0.39128997921943665,1766752712640
0,0.36193931102752686,1766752712784
0,0.48078250885009766,1766752712928
0,0.31359630823135376,1766752713085
0,0.40448862314224243,1766752713241
0,0.4302197992801666,1766752713415
0,0.33066892623901367,1766752713570
0,0.27120909094810486,1766752713713
0,0.3306342661380768,1766752713859
0,0.3403339385986328,1766752714009
0,0.27577337622642517,1766752714160
0,0.46308088302612305,1766752714317
0,0.2999802231788635,1766752714465
0,0.2223098874092102,1766752714616
0,0.5172410607337952,1766752714770
0,0.5362027883529663,1766752714936
0,0.27699440717697144,1766752715103
0,0.2675800621509552,1766752715272
0,0.2252330631017685,1766752715437
0,0.239989772439003,1766752715587
0,0.5183191299438477,1766752715741
0,0.37351879477500916,1766752715897
0,0.4548494219779968,1766752716057
0,0.2766358256340027,1766752716219
0,0.3244423270225525,1766752716370
0,0.4056876599788666,1766752716521
0,0.528054416179657,1766752716675
0,0.256455659866333,1766752716827
0,0.19822263717651367,1766752716982
0,0.3040873408317566,1766752717134
0,0.2061268538236618,1766752717287
0,0.5689833164215088,1766752717438
0,0.34588348865509033,1766752717589
0,0.33487024903297424,1766752717742
0,0.3344213366508484,1766752717897
0,0.33516883850097656,1766752718050
0,0.12520810961723328,1766752718200
0,0.2719918489456177,1766752718345
0,0.24825704097747803,1766752718490
0,0.29846230149269104,1766752718634
0,0.35167860984802246,1766752718779
0,0.5191594362258911,1766752718936
0,0.5518783330917358,1766752719097
0,0.517033576965332,1766752719264
0,0.1864445060491562,1766752719413
0,0.4790528118610382,1766752719560
0,0.7496024370193481,1766752719706
0,0.3828083574771881,1766752719860
0,0.3965022563934326,1766752720011
0,0.21502649784088135,1766752720164
0,0.6429226398468018,1766752720313
0,0.3488336205482483,1766752720471
0,0.2300046682357788,1766752720625
0,0.49919259548187256,1766752720787
0,0.2770380675792694,1766752720948
0,0.13054361939430237,1766752721122
0,0.5965384840965271,1766752721281
0,0.338919073343277,1766752721439
0,0.3386985659599304,1766752721592
0,0.3379932641983032,1766752721755
0,0.2630370855331421,1766752721914
0,0.5268294811248779,1766752722075
0,0.22372323274612427,1766752722227
0,0.386358380317688,1766752722380
0,0.31036099791526794,1766752722533
0,0.3726661205291748,1766752722688
0,0.3272736370563507,1766752722842
0,0.4475415349006653,1766752722992
0,0.18505939841270447,1766752723142
0,0.40641212463378906,1766752723294
0,0.21540197730064392,1766752723444
0,0.11591440439224243,1766752723601
0,0.3737853467464447,1766752723756
0,0.12344297766685486,1766752723906
0,0.4305264949798584,1766752724052
0,0.3728058338165283,1766752724200
0,0.2866783142089844,1766752724344
0,0.4426349699497223,1766752724488
0,0.26852819323539734,1766752724631
0,0.3958538770675659,1766752724789
0,0.31425559520721436,1766752724948
0,0.44923144578933716,1766752725117
0,0.5528391599655151,1766752725269
0,0.8564153909683228,1766752725428
0,0.20251904428005219,1766752725575
0,0.20944002270698547,1766752725724
0,0.43445664644241333,1766752725877
0,0.432212769985199,1766752726031
0,0.25852760672569275,1766752726184
0,0.29442840814590454,1766752726337
0,0.4916282892227173,1766752726490
0,0.45808374881744385,1766752726659
0,0.4041317403316498,1766752726833
0,1.0510858297348022,1766752726999
0,0.4360734820365906,1766752727151
0,0.23536643385887146,1766752727307
0,0.2540733814239502,1766752727461
0,0.18135027587413788,1766752727617
0,0.26680895686149597,1766752727777
0,0.21128496527671814,1766752727935
0,0.2268446981906891,1766752728089
0,0.2285315841436386,1766752728242
0,0.21900492906570435,1766752728398
0,0.18295526504516602,1766752728553
0,0.24274703860282898,1766752728707
0,0.2663941979408264,1766752728860
0,0.16560694575309753,1766752729013
0,0.351022332906723,1766752729165
0,0.34855443239212036,1766752729320
0,0.2550347149372101,1766752729477
0,0.30805036425590515,1766752729634
0,0.6167452335357666,1766752729780
0,0.3163365125656128,1766752729929
0,0.21395328640937805,1766752730074
0,0.1754835695028305,1766752730219
0,0.36646801233291626,1766752730371
0,0.39249032735824585,1766752730517
0,0.43983134627342224,1766752730679
0,0.6044179201126099,1766752730834
0,0.4439597725868225,1766752730995
0,0.18136662244796753,1766752731144
0,0.29321524500846863,1766752731298
0,0.41179174184799194,1766752731446
0,0.5331809520721436,1766752731601
0,0.6633098125457764,1766752731751
0,0.43645358085632324,1766752731904
0,0.27915576100349426,1766752732052
0,0.3503045439720154,1766752732206
0,0.32227808237075806,1766752732377
0,0.14652739465236664,1766752732542
0,0.3133932650089264,1766752732719
0,0.3177868723869324,1766752732874
0,0.2945597171783447,1766752733031
0,0.28180375695228577,1766752733182
0,0.33431416749954224,1766752733347
0,0.5152385830879211,1766752733506
0,0.1312735378742218,1766752733665
0,0.24767424166202545,1766752733826
0,0.34556785225868225,1766752733982
0,0.24310711026191711,1766752734136
0,0.12300851941108704,1766752734290
0,0.37644338607788086,1766752734440
0,0.22049258649349213,1766752734590
0,0.19540877640247345,1766752734744
0,0.33476150035858154,1766752734898
0,0.11849753558635712,1766752735052
0,0.2386714369058609,1766752735204
0,0.2800360321998596,1766752735362
0,0.13808470964431763,1766752735514
0,0.4924784302711487,1766752735659
0,0.37778526544570923,1766752735812
0,0.36611947417259216,1766752735959
0,0.15579557418823242,1766752736104
0,0.15641872584819794,1766752736252
0,0.21117225289344788,1766752736398
0,0.09486320614814758,1766752736562
0,0.27731192111968994,1766752736726
0,0.2545788884162903,1766752736884
0,0.44084709882736206,1766752737035
0,0.3849733769893646,1766752737194
0,0.42663317918777466,1766752737346
0,0.1968575417995453,1766752737502
0,0.6542218923568726,1766752737654
0,0.11160136014223099,1766752737808
0,0.27378082275390625,1766752737960
0,0.43780094385147095,1766752738127
0,0.3120492994785309,1766752738292
0,0.39222556352615356,1766752738472
0,0.21419988572597504,1766752738632
0,0.12286365777254105,1766752738791
0,0.3125677704811096,1766752738948
0,0.10539259761571884,1766752739110
0,0.15155676007270813,1766752739267
0,0.20184308290481567,1766752739426
0,0.3947281539440155,1766752739589
0,0.16349007189273834,1766752739742
0,0.405875563621521,1766752739897
0,0.17354419827461243,1766752740050
0,0.1569374054670334,1766752740205
0,0.5899190902709961,1766752740361
0,0.22415167093276978,1766752740513
0,0.24834243953227997,1766752740664
0,0.3972618281841278,1766752740816
0,0.046905212104320526,1766752740967
0,0.21408873796463013,1766752741126
0,0.2734858989715576,1766752741278
0,0.21340136229991913,1766752741424
0,0.2254926711320877,1766752741571
0,0.20352408289909363,1766752741717
0,0.35125112533569336,1766752741863
0,0.25912678241729736,1766752742011
0,0.4215601682662964,1766752742156
0,0.17049545049667358,1766752742307
0,0.48636394739151,1766752742465
0,0.1810278743505478,1766752742641
0,0.4142891764640808,1766752742800
0,0.27771180868148804,1766752742948
0,0.25702303647994995,1766752743097
0,0.1843985915184021,1766752743253
0,0.1061919778585434,1766752743406
0,0.12395995855331421,1766752743560
0,0.5305378437042236,1766752743712
0,0.23919841647148132,1766752743872
0,0.2572939097881317,1766752744038
0,0.38135477900505066,1766752744211
0,0.31785643100738525,1766752744382
0,0.2969881296157837,1766752744547
0,0.5110830664634705,1766752744705
0,0.18568819761276245,1766752744864
0,0.09429427981376648,1766752745022
0,0.2997879683971405,1766752745178
0,0.2846250534057617,1766752745335
0,0.23085686564445496,1766752745493
0,0.2928965985774994,1766752745647
0,0.29180800914764404,1766752745799
0,0.2057841718196869,1766752745958
0,0.11114594340324402,1766752746113
0,0.18209035694599152,1766752746263
0,0.1496257185935974,1766752746414
0,0.17432302236557007,1766752746564
0,0.21510031819343567,1766752746717
0,0.7019811868667603,1766752746868
0,0.6506339311599731,1766752747023
0,0.34119701385498047,1766752747170
0,0.6907445192337036,1766752747313
0,0.5420527458190918,1766752747465
0,0.2915140688419342,1766752747610
0,0.192162424325943,1766752747753
0,0.47899967432022095,1766752747900
0,0.423694908618927,1766752748044
0,0.45114630460739136,1766752748201
0,0.3722701072692871,1766752748355
0,0.1502106934785843,1766752748529
0,0.463335782289505,1766752748676
0,0.40545591711997986,1766752748826
0,0.18373790383338928,1766752748982
0,0.3647918701171875,1766752749138
0,0.20597219467163086,1766752749292
0,0.15504643321037292,1766752749444
0,0.18394094705581665,1766752749594
0,0.09393779933452606,1766752749767
0,0.3575085401535034,1766752749939
0,0.23579621315002441,1766752750119
0,0.17080184817314148,1766752750272
0,0.5973473787307739,1766752750430
0,0.25763800740242004,1766752750588
0,0.402742862701416,1766752750746
0,0.2788585424423218,1766752750906
0,0.2176402360200882,1766752751067
0,0.09329552948474884,1766752751227
0,0.05945027619600296,1766752751385
0,0.3562944829463959,1766752751541
0,0.42059388756752014,1766752751692
0,0.14688336849212646,1766752751846
0,0.6076812744140625,1766752751998
0,0.4938729405403137,1766752752151
0,0.1903454214334488,1766752752302
0,0.3431631922721863,1766752752457
0,0.20871004462242126,1766752752610
0,0.2386617213487625,1766752752768
0,0.5193333625793457,1766752752914
0,0.14350736141204834,1766752753059
0,0.21743912994861603,1766752753208
0,0.3091351389884949,1766752753356
0,0.2366582155227661,1766752753501
0,0.22146889567375183,1766752753650
0,0.23271843791007996,1766752753795
0,0.18452712893486023,1766752753939
0,0.3899499475955963,1766752754104
0,0.3044032156467438,1766752754269
0,0.26391881704330444,1766752754435
0,0.14978069067001343,1766752754581
0,0.1260809749364853,1766752754738
0,0.23326483368873596,1766752754885
0,0.24337349832057953,1766752755034
0,0.5551856756210327,1766752755185
0,0.1711587905883789,1766752755333
0,0.29364240169525146,1766752755498
0,0.1601879596710205,1766752755660
0,0.23309242725372314,1766752755834
0,0.19981792569160461,1766752755990
0,0.4958159029483795,1766752756149
0,0.14584313333034515,1766752756301
0,0.21068179607391357,1766752756464
0,0.1705508530139923,1766752756621
0,0.3431262969970703,1766752756780
0,0.3019760251045227,1766752756941
0,0.24095503985881805,1766752757104
0,0.133104607462883,1766752757258
0,0.11651290953159332,1766752757413
0,0.2106057107448578,1766752757563
0,0.16591602563858032,1766752757713
0,0.4261857867240906,1766752757863
0,0.24732691049575806,1766752758015
0,0.2043551504611969,1766752758168
0,0.30542615056037903,1766752758323
0,0.411147803068161,1766752758480
0,0.2388434261083603,1766752758635
0,0.13250771164894104,1766752758781
0,0.6180489659309387,1766752758927
0,0.22618049383163452,1766752759074
0,0.11688333749771118,1766752759219
0,0.10763572156429291,1766752759363
0,0.18103544414043427,1766752759510
0,0.2514036297798157,1766752759657
0,0.04386821389198303,1766752759809
0,0.828466534614563,1766752759971
0,0.3455963134765625,1766752760145
0,0.18671366572380066,1766752760308
0,0.1583484411239624,1766752760455
0,0.1669009029865265,1766752760610
0,0.137136772274971,1766752760759
0,0.5103508234024048,1766752760915
0,0.2870883345603943,1766752761068
0,0.34405219554901123,1766752761226
0,0.27405214309692383,1766752761399
0,0.3504791259765625,1766752761582
0,0.22916455566883087,1766752761743
0,0.25346845388412476,1766752761900
0,0.3612929582595825,1766752762053
0,0.4416758716106415,1766752762212
0,0.23847047984600067,1766752762368
0,0.25202399492263794,1766752762527
0,0.1821250021457672,1766752762685
0,0.13624967634677887,1766752762848
0,0.4479753375053406,1766752763010
0,0.09378070384263992,1766752763166
0,0.25449058413505554,1766752763315
0,0.2713279724121094,1766752763469
0,0.06417319923639297,1766752763624
0,0.2805657386779785,1766752763774
0,0.12947490811347961,1766752763926
0,0.2873963415622711,1766752764078
0,0.20808351039886475,1766752764232
0,0.39438942074775696,1766752764384
0,0.11004314571619034,1766752764532
0,0.2493385523557663,1766752764678
0,0.028115347027778625,1766752764824
0,0.4107167720794678,1766752764972
0,0.2155037671327591,1766752765119
0,0.7809479236602783,1766752765265
0,0.03459196537733078,1766752765411
0,0.7506452798843384,1766752765560
0,0.26387521624565125,1766752765718
0,0.18304497003555298,1766752765881
0,0.10007071495056152,1766752766052
0,0.27252277731895447,1766752766206
0,0.16528809070587158,1766752766360
0,0.1132822185754776,1766752766507
0,0.16504983603954315,1766752766661
0,0.09733827412128448,1766752766812
0,0.18020671606063843,1766752766965
0,0.3725016713142395,1766752767137
0,0.05363823473453522,1766752767314
0,0.4208695590496063,1766752767485
0,0.14050081372261047,1766752767640
0,0.17722490429878235,1766752767795
0,0.45291295647621155,1766752767955
0,0.4252955913543701,1766752768112
0,0.2356332242488861,1766752768270
0,0.3867347240447998,1766752768429
0,0.2942653000354767,1766752768590
0,0.34382516145706177,1766752768754
0,0.15833529829978943,1766752768913
0,0.36280879378318787,1766752769066
0,0.21491119265556335,1766752769218
0,0.3100731372833252,1766752769370
0,0.10538318008184433,1766752769523
0,0.2797994613647461,1766752769677
0,0.4170907139778137,1766752769830
0,0.3426174819469452,1766752769984
0,0.1981390416622162,1766752770139
0,0.1349094957113266,1766752770285
0,0.1513768881559372,1766752770429
0,0.20520202815532684,1766752770575
0,0.2762526273727417,1766752770722
0,0.16876082122325897,1766752770870
0,0.18665263056755066,1766752771015
0,0.052376262843608856,1766752771161
0,0.18075278401374817,1766752771307
0,0.6879715919494629,1766752771453
0,0.3136093020439148,1766752771619
0,0.10758085548877716,1766752771780
0,0.2573859691619873,1766752771943
0,0.23544713854789734,1766752772091
0,0.2325870245695114,1766752772244
0,0.15777915716171265,1766752772391
0,0.14513057470321655,1766752772552
0,0.1630590856075287,1766752772706
0,0.48084574937820435,1766752772880
0,0.20524781942367554,1766752773050
0,0.7011637091636658,1766752773228
0,0.2885800004005432,1766752773380
0,0.2178831249475479,1766752773539
0,0.25904130935668945,1766752773694
0,0.27255484461784363,1766752773854
0,0.3018251657485962,1766752774011
0,0.20858561992645264,1766752774170
0,0.1594642847776413,1766752774329
0,0.2759963870048523,1766752774490
0,0.18225964903831482,1766752774654
0,0.047860998660326004,1766752774807
0,0.23797515034675598,1766752774962
0,0.1838756948709488,1766752775112
0,0.2777942419052124,1766752775262
0,0.31785351037979126,1766752775415
0,0.22720853984355927,1766752775569
0,0.1745045781135559,1766752775722
0,0.20616143941879272,1766752775876
0,0.17787116765975952,1766752776022
0,0.07194560766220093,1766752776167
0,0.22330987453460693,1766752776312
0,0.24914750456809998,1766752776458
0,0.07672576606273651,1766752776603
0,0.15179869532585144,1766752776747
0,0.10179173946380615,1766752776896
0,0.2524452805519104,1766752777043
0,0.18210984766483307,1766752777187
0,0.09019544720649719,1766752777335
0,0.18876367807388306,1766752777495
0,0.13896001875400543,1766752777663
0,0.052881911396980286,1766752777823
0,0.09267043322324753,1766752777972
0,0.10174459218978882,1766752778124
0,0.19078342616558075,1766752778273
0,0.2868589460849762,1766752778428
0,0.517874002456665,1766752778589
0,0.1344389021396637,1766752778753
0,0.27994799613952637,1766752778935
0,0.33434194326400757,1766752779096
0,0.16842839121818542,1766752779255
0,0.14337384700775146,1766752779410
0,0.07342717051506042,1766752779570
0,0.199916273355484,1766752779726
0,0.23287715017795563,1766752779883
0,0.2873523235321045,1766752780039
0,0.15854617953300476,1766752780197
0,0.22185221314430237,1766752780361
0,0.10860498994588852,1766752780522
0,0.15086977183818817,1766752780676
0,0.28104835748672485,1766752780826
0,0.2740100622177124,1766752780981
0,0.12094194442033768,1766752781132
0,0.21554797887802124,1766752781285
0,0.5949023365974426,1766752781437
0,0.18464133143424988,1766752781590
0,0.2503625452518463,1766752781740
0,0.16291363537311554,1766752781886
0,0.21177516877651215,1766752782030
0,0.2531740367412567,1766752782177
0,0.3802039921283722,1766752782322
0,0.12172289192676544,1766752782468
0,0.41353318095207214,1766752782613
0,0.04436901584267616,1766752782759
0,0.20657946169376373,1766752782908
0,0.18628890812397003,1766752783053
0,0.21535980701446533,1766752783210
0,0.06215720623731613,1766752783374
0,0.020223014056682587,1766752783545
0,0.10958949476480484,1766752783704
0,0.09601656347513199,1766752783849
0,0.23838616907596588,1766752783999
0,0.13525906205177307,1766752784150
0,0.16448578238487244,1766752784299
0,0.04682203009724617,1766752784468
0,0.014024127274751663,1766752784635
0,0.2825283408164978,1766752784803
0,0.23541687428951263,1766752784956
0,0.16462264955043793,1766752785115
0,0.2289104014635086,1766752785268
0,0.19696657359600067,1766752785427
0,0.3407517075538635,1766752785586
0,0.21708814799785614,1766752785743
0,0.23576346039772034,1766752785903
0,0.18449825048446655,1766752786065
0,0.07009894400835037,1766752786227
0,0.18389740586280823,1766752786394
0,0.4104711711406708,1766752786546
0,0.3071686625480652,1766752786698
0,0.25945019721984863,1766752786852
0,0.3161013424396515,1766752787003
0,0.25025153160095215,1766752787158
0,0.20630225539207458,1766752787310
0,0.3184860050678253,1766752787465
0,0.4432881474494934,1766752787612
0,0.10305385291576385,1766752787756
0,0.21529488265514374,1766752787908
0,0.5941175222396851,1766752788055
0,0.2940749526023865,1766752788202
0,0.06497402489185333,1766752788349
0,0.13171130418777466,1766752788496
0,0.28940722346305847,1766752788642
0,0.10704177618026733,1766752788790
0,0.4237629473209381,1766752788936
0,0.09150365740060806,1766752789098
0,0.07596252858638763,1766752789255
0,0.06715214252471924,1766752789435
0,0.07860425114631653,1766752789583
0,0.41055363416671753,1766752789732
0,0.25688040256500244,1766752789882
0,0.18984919786453247,1766752790036
0,0.048714641481637955,1766752790201
0,0.43304941058158875,1766752790362
0,0.2373763918876648,1766752790533
0,0.14627425372600555,1766752790689
0,0.15084528923034668,1766752790849
0,0.049126286059617996,1766752791006
0,0.2750589847564697,1766752791172
0,0.1792302429676056,1766752791329
0,0.08113768696784973,1766752791487
0,0.055396173149347305,1766752791643
0,0.098537877202034,1766752791804
0,0.30558615922927856,1766752791965
0,0.19957058131694794,1766752792128
0,0.2470318078994751,1766752792284
0,0.3254847526550293,1766752792441
0,0.2043846845626831,1766752792591
0,0.4728200137615204,1766752792746
0,0.46396735310554504,1766752792898
0,0.2581106126308441,1766752793052
0,0.38813045620918274,1766752793205
0,0.06695463508367538,1766752793351
0,0.20645058155059814,1766752793493
0,0.28752991557121277,1766752793637
0,0.29272860288619995,1766752793782
0,0.24059690535068512,1766752793927
0,0.3664809763431549,1766752794073
0,0.4046380817890167,1766752794220
0,0.10495337098836899,1766752794363
0,0.319290429353714,1766752794507
0,0.10569706559181213,1766752794652
0,0.14552226662635803,1766752794801
0,0.3217809796333313,1766752794965
0,0.21669819951057434,1766752795123
0,0.25654545426368713,1766752795296
0,0.20470622181892395,1766752795443
0,0.277853399515152,1766752795595
0,0.1955418586730957,1766752795740
0,0.22345665097236633,1766752795897
0,0.20521444082260132,1766752796060
0,0.3523246645927429,1766752796231
0,0.5281599164009094,1766752796399
0,0.29165947437286377,1766752796551
0,0.2645762860774994,1766752796705
0,0.29509925842285156,1766752796863
0,0.4173053205013275,1766752797026
0,0.11820743978023529,1766752797189
0,0.23857158422470093,1766752797350
0,0.2332042008638382,1766752797509
0,0.14837424457073212,1766752797670
0,0.14657670259475708,1766752797832
0,0.17178024351596832,1766752797991
0,0.18938785791397095,1766752798143
0,0.19866253435611725,1766752798296
0,0.09719833731651306,1766752798447
0,0.045091740787029266,1766752798599
0,0.3726537823677063,1766752798751
0,0.10165832936763763,1766752798904
0,0.09755830466747284,1766752799058
0,0.29254257678985596,1766752799201
0,0.22853116691112518,1766752799345
0,0.07917163521051407,1766752799488
0,0.21598967909812927,1766752799631
0,0.13314680755138397,1766752799777
0,0.17501118779182434,1766752799922
0,0.20476692914962769,1766752800069
0,0.21162857115268707,1766752800213
0,0.21208509802818298,1766752800363
0,0.13904766738414764,1766752800510
0,0.18912428617477417,1766752800656
0,0.057964958250522614,1766752800825
0,0.2686990201473236,1766752800992
0,0.2406042218208313,1766752801163
0,0.05121865123510361,1766752801308
0,0.3295882046222687,1766752801459
0,0.3528396487236023,1766752801604
0,0.22376134991645813,1766752801778
0,0.24298149347305298,1766752801939
0,0.2859049439430237,1766752802110
0,0.05098116397857666,1766752802261
0,0.16107065975666046,1766752802420
0,0.21888528764247894,1766752802571
0,0.20386773347854614,1766752802735
0,0.19062116742134094,1766752802895
0,0.09875046461820602,1766752803051
0,0.22103029489517212,1766752803211
0,0.16429293155670166,1766752803370
0,0.15455259382724762,1766752803531
0,0.1810593605041504,1766752803692
0,0.19756092131137848,1766752803851
0,0.16471828520298004,1766752804004
0,0.19636651873588562,1766752804154
0,0.20187833905220032,1766752804303
0,0.053316015750169754,1766752804454
0,0.16995996236801147,1766752804607
0,0.18827733397483826,1766752804761
0,0.13700973987579346,1766752804909
0,0.01630091294646263,1766752805053
0,0.2630532681941986,1766752805196
0,0.21495896577835083,1766752805339
0,0.18499010801315308,1766752805483
0,0.36877167224884033,1766752805631
0,0.27894049882888794,1766752805776
0,0.039645224809646606,1766752805926
0,0.22055968642234802,1766752806070
0,0.17741680145263672,1766752806217
0,0.015030874870717525,1766752806364
0,0.12139207124710083,1766752806510
0,0.10584748536348343,1766752806674
0,0.09844154119491577,1766752806838
0,0.24816787242889404,1766752807001
0,0.1747206747531891,1766752807149
0,0.009921489283442497,1766752807296
0,0.13624164462089539,1766752807443
0,0.13356837630271912,1766752807616
0,0.09676538407802582,1766752807801
0,0.21282848715782166,1766752807969
0,0.2984365224838257,1766752808120
0,0.18131938576698303,1766752808276
0,0.2713845372200012,1766752808431
0,0.20063817501068115,1766752808587
0,0.11740893125534058,1766752808746
0,0.1409817337989807,1766752808906
0,0.17596349120140076,1766752809065
0,0.347329318523407,1766752809224
0,0.24298980832099915,1766752809384
0,0.07018420100212097,1766752809546
0,0.15613724291324615,1766752809707
0,0.2384307086467743,1766752809858
0,0.14671769738197327,1766752810012
0,0.11157480627298355,1766752810164
0,0.26823967695236206,1766752810318
0,0.16334377229213715,1766752810471
0,0.303597629070282,1766752810626
0,0.06529811769723892,1766752810769
0,0.12445776164531708,1766752810912
0,0.4579623341560364,1766752811054
0,0.09069865196943283,1766752811201
0,0.12058104574680328,1766752811348
0,0.3101736605167389,1766752811493
0,0.2896480858325958,1766752811638
0,0.23946022987365723,1766752811786
0,0.1024291142821312,1766752811931
0,0.11594332009553909,1766752812081
0,0.20929564535617828,1766752812230
0,0.16182681918144226,1766752812378
0,0.2379513382911682,1766752812540
0,0.3590908646583557,1766752812708
0,0.1783638894557953,1766752812865
0,0.09356465935707092,1766752813011
0,0.13664574921131134,1766752813164
0,0.29268336296081543,1766752813322
0,0.3358664810657501,1766752813486
0,0.2598196268081665,1766752813658
0,0.08236238360404968,1766752813821
0,0.17214497923851013,1766752813976
0,0.3897649645805359,1766752814132
0,0.05461106076836586,1766752814296
0,0.3944464921951294,1766752814460
0,0.27205926179885864,1766752814620
0,0.23982606828212738,1766752814781
0,0.21543225646018982,1766752814942
0,0.04230256751179695,1766752815104
0,0.16155466437339783,1766752815266
0,0.18566180765628815,1766752815426
0,0.11872395873069763,1766752815586
0,0.2857903838157654,1766752815735
0,0.104100301861763,1766752815884
0,0.20736536383628845,1766752816034
0,0.16101950407028198,1766752816189
0,0.22597503662109375,1766752816339
0,0.14474456012248993,1766752816487
0,0.14478281140327454,1766752816629
0,0.059724826365709305,1766752816771
0,0.30978190898895264,1766752816914
0,0.2616136968135834,1766752817058
0,0.13186918199062347,1766752817202
0,0.23283320665359497,1766752817349
0,0.16163495182991028,1766752817495
0,0.24914182722568512,1766752817643
0,0.21713343262672424,1766752817787
0,0.09503884613513947,1766752817933
0,0.051425669342279434,1766752818083
0,0.19522890448570251,1766752818234
0,0.1594793051481247,1766752818400
0,0.2303881049156189,1766752818563
0,0.13090196251869202,1766752818724
0,0.37794703245162964,1766752818871
0,0.1303858458995819,1766752819017
0,0.258705198764801,1766752819185
0,0.06253036856651306,1766752819355
0,0.21479259431362152,1766752819525
0,0.38337498903274536,1766752819676
0,0.23161178827285767,1766752819835
0,0.4879823923110962,1766752819994
0,0.12626250088214874,1766752820154
0,0.19417887926101685,1766752820313
0,0.32122236490249634,1766752820473
0,0.06982894241809845,1766752820634
0,0.12308063358068466,1766752820795
0,0.09077879041433334,1766752820957
0,0.11371220648288727,1766752821117
0,0.08916638046503067,1766752821277
0,0.1527213454246521,1766752821439
0,0.20929162204265594,1766752821590
0,0.1492946445941925,1766752821740
0,0.15573275089263916,1766752821893
0,0.38776883482933044,1766752822044
0,0.09100982546806335,1766752822198
0,0.15408632159233093,1766752822340
0,0.28286534547805786,1766752822482
0,0.07732207328081131,1766752822624
0,0.14773514866828918,1766752822766
0,0.13407447934150696,1766752822910
0,0.21800744533538818,1766752823054
0,0.3134159445762634,1766752823204
0,0.19002768397331238,1766752823351
0,0.2223215103149414,1766752823495
0,0.1334863007068634,1766752823640
0,0.1586625725030899,1766752823790
0,0.09483082592487335,1766752823937
0,0.36341309547424316,1766752824086
0,0.3061295747756958,1766752824248
0,0.22673186659812927,1766752824412
0,0.054756686091423035,1766752824572
0,0.0888429582118988,1766752824718
0,0.40044498443603516,1766752824880
0,0.11536198854446411,1766752825042
0,0.11567641794681549,1766752825218
0,0.10657655447721481,1766752825377
0,0.28027623891830444,1766752825538
0,0.0704711526632309,1766752825694
0,0.3283630907535553,1766752825854
0,0.4367968440055847,1766752826016
0,0.26278385519981384,1766752826173
0,0.2494572103023529,1766752826332
0,0.38910308480262756,1766752826493
0,0.14212925732135773,1766752826651
0,0.06644651293754578,1766752826811
0,0.02687494456768036,1766752826972
0,0.04403582960367203,1766752827132
0,0.2517327070236206,1766752827290
0,0.13117928802967072,1766752827446
0,0.24804463982582092,1766752827598
0,0.042203642427921295,1766752827751
0,0.22425386309623718,1766752827905
0,0.43723177909851074,1766752828052
0,0.13764572143554688,1766752828196
0,0.3024328351020813,1766752828339
0,0.09553086757659912,1766752828483
0,0.02582479454576969,1766752828626
0,0.15988153219223022,1766752828772
0,0.1443079710006714,1766752828916
0,0.19353196024894714,1766752829070
1,0.16216695308685303,1766752829216
1,0.23690947890281677,1766752829361
1,0.22408488392829895,1766752829512
1,0.11454269289970398,1766752829667
1,0.02176074869930744,1766752829812
1,0.22557276487350464,1766752829975
1,0.21373200416564941,1766752830132
1,0.0665147677063942,1766752830303
1,0.08323416858911514,1766752830452
1,0.41827255487442017,1766752830596
1,0.28269901871681213,1766752830764
1,0.13216885924339294,1766752830936
1,0.07573378086090088,1766752831099
1,0.09130556881427765,1766752831249
1,0.14919346570968628,1766752831402
1,0.13015170395374298,1766752831561
1,0.16524255275726318,1766752831720
1,0.16661709547042847,1766752831878
1,0.1321176290512085,1766752832034
1,0.21130797266960144,1766752832191
1,0.173614040017128,1766752832353
1,0.18189862370491028,1766752832512
1,0.2323448359966278,1766752832671
1,0.12467235326766968,1766752832836
1,0.18541951477527618,1766752832997
1,0.07452371716499329,1766752833154
1,0.08865973353385925,1766752833304
1,0.05158592760562897,1766752833456
1,0.055402059108018875,1766752833610
1,0.09118326753377914,1766752833761
1,0.05154244601726532,1766752833906
1,0.25230804085731506,1766752834048
1,0.22705450654029846,1766752834193
1,0.3831697106361389,1766752834336
1,0.10328557342290878,1766752834480
1,0.3122783601284027,1766752834626
1,0.0955134853720665,1766752834772
1,0.21119153499603271,1766752834915
1,0.225721538066864,1766752835065
1,0.16113299131393433,1766752835208
1,0.24352122843265533,1766752835353
1,0.19632591307163239,1766752835502
1,0.13417428731918335,1766752835647
1,0.12220259010791779,1766752835809
1,0.20696178078651428,1766752835968
1,0.1191384345293045,1766752836138
1,0.14499586820602417,1766752836293
1,0.17739349603652954,1766752836459
1,0.0792672261595726,1766752836619
1,0.15578122437000275,1766752836800
1,0.22515460848808289,1766752836955
1,0.07428788393735886,1766752837110
1,0.10486912727355957,1766752837262
1,0.1401817947626114,1766752837422
1,0.12092290073633194,1766752837582
1,0.4840223491191864,1766752837741
1,0.4474291205406189,1766752837901
1,0.138061985373497,1766752838062
1,0.18240511417388916,1766752838225
1,0.20280978083610535,1766752838387
1,0.011690341867506504,1766752838552
1,0.22329261898994446,1766752838720
1,0.2558911144733429,1766752838879
1,0.10359042882919312,1766752839034
1,0.10859166085720062,1766752839185
1,0.43380793929100037,1766752839335
1,0.2507948875427246,1766752839490
1,0.22254087030887604,1766752839637
1,0.0777641162276268,1766752839782
1,0.0976790338754654,1766752839925
1,0.09081215411424637,1766752840069
1,0.10372662544250488,1766752840211
1,0.15985795855522156,1766752840356
1,0.24985909461975098,1766752840503
1,0.14535212516784668,1766752840648
1,0.2537150979042053,1766752840794
1,0.15202510356903076,1766752840942
1,0.1609450727701187,1766752841095
1,0.23485085368156433,1766752841247
1,0.2517707645893097,1766752841396
1,0.2200227975845337,1766752841544
1,0.08770483732223511,1766752841710
1,0.06678177416324615,1766752841870
1,0.3470759987831116,1766752842046
1,0.19634878635406494,1766752842197
1,0.18653005361557007,1766752842360
1,0.09510153532028198,1766752842523
1,0.23498038947582245,1766752842701
1,0.1750817596912384,1766752842852
1,0.10217401385307312,1766752843005
1,0.2161283940076828,1766752843161
1,0.0871817022562027,1766752843323
1,0.06882107257843018,1766752843483
1,0.2026596963405609,1766752843644
1,0.20366138219833374,1766752843806
1,0.2542674243450165,1766752843968
1,0.22249403595924377,1766752844129
1,0.15471041202545166,1766752844288
1,0.21078826487064362,1766752844450
1,0.08989746868610382,1766752844612
1,0.35876911878585815,1766752844772
1,0.07984629273414612,1766752844926
1,0.23234200477600098,1766752845078
1,0.2535568177700043,1766752845232
1,0.1344108134508133,1766752845382
1,0.3124884366989136,1766752845528
1,0.24496643245220184,1766752845671
1,0.2983241677284241,1766752845815
1,0.4548149108886719,1766752845961
1,0.11432591825723648,1766752846104
1,0.26586708426475525,1766752846250
1,0.05786807835102081,1766752846395
1,0.17153438925743103,1766752846541
1,0.12703944742679596,1766752846685
1,0.08064913749694824,1766752846842
1,0.1123155951499939,1766752846992
1,0.19313909113407135,1766752847143
1,0.16368646919727325,1766752847292
1,0.32505661249160767,1766752847443
1,0.08959637582302094,1766752847603
1,0.15367546677589417,1766752847773
1,0.13129881024360657,1766752847935
1,0.18145225942134857,1766752848099
1,0.11590712517499924,1766752848268
1,0.31747040152549744,1766752848439
1,0.280193030834198,1766752848588
1,0.46693336963653564,1766752848748
1,0.17247071862220764,1766752848896
1,0.08719620108604431,1766752849057
1,0.18820373713970184,1766752849214
1,0.11336258053779602,1766752849375
1,0.06158766895532608,1766752849533
1,0.11423119902610779,1766752849697
1,0.2802000641822815,1766752849857
1,0.16572175920009613,1766752850018
1,0.12828302383422852,1766752850179
1,0.08771640807390213,1766752850338
1,0.062312375754117966,1766752850497
1,0.14335519075393677,1766752850653
1,0.0810173898935318,1766752850804
1,0.41929060220718384,1766752850958
1,0.15390042960643768,1766752851108
1,0.003761694300919771,1766752851250
1,0.07179272174835205,1766752851393
1,0.2521200180053711,1766752851535
1,0.06432759016752243,1766752851677
1,0.08567393571138382,1766752851820
1,0.20063918828964233,1766752851962
1,0.03842730447649956,1766752852106
1,0.060117579996585846,1766752852252
1,0.21122702956199646,1766752852397
1,0.014095846563577652,1766752852545
1,0.07121313363313675,1766752852692
1,0.05069052428007126,1766752852841
1,0.16146636009216309,1766752852991
1,0.31751272082328796,1766752853139
1,0.03668968006968498,1766752853288
1,0.05516314506530762,1766752853448
1,0.13072849810123444,1766752853617
1,0.20420193672180176,1766752853785
1,0.11812444776296616,1766752853946
1,0.05047916993498802,1766752854116
1,0.3145066201686859,1766752854287
1,0.3892841637134552,1766752854438
1,0.177385151386261,1766752854588
1,0.02178366109728813,1766752854742
1,0.3898093104362488,1766752854902
1,0.07208138704299927,1766752855062
1,0.20585721731185913,1766752855223
1,0.3513752222061157,1766752855388
1,0.022990798577666283,1766752855550
1,0.22662031650543213,1766752855711
1,0.08124181628227234,1766752855868
1,0.2655969560146332,1766752856028
1,0.13455359637737274,1766752856187
1,0.04297233372926712,1766752856346
1,0.07245931029319763,1766752856504
1,0.14708220958709717,1766752856655
1,0.39573729038238525,1766752856808
1,0.049668680876493454,1766752856957
1,0.23722705245018005,1766752857103
1,0.20015127956867218,1766752857254
1,0.23503214120864868,1766752857397
1,0.15635773539543152,1766752857543
1,0.17184504866600037,1766752857685
1,0.08533592522144318,1766752857830
1,0.1676504760980606,1766752857977
1,0.1296171396970749,1766752858122
1,0.34842896461486816,1766752858268
1,0.018387846648693085,1766752858422
1,0.29850587248802185,1766752858570
1,0.13686983287334442,1766752858715
1,0.239667609333992,1766752858868
1,0.10731938481330872,1766752859015
1,0.05538289621472359,1766752859173
1,0.12631823122501373,1766752859331
1,0.16221404075622559,1766752859504
1,0.33370155096054077,1766752859683
1,0.2731880843639374,1766752859847
1,0.10839439928531647,1766752860009
1,0.4092082977294922,1766752860166
1,0.15381397306919098,1766752860322
1,0.2644616365432739,1766752860473
1,0.1239076480269432,1766752860627
1,0.1784556806087494,1766752860789
1,0.12177291512489319,1766752860947
1,0.09291405975818634,1766752861107
1,0.34248146414756775,1766752861271
1,0.3853781521320343,1766752861434
1,0.28061753511428833,1766752861593
1,0.5045153498649597,1766752861755
1,0.08774183690547943,1766752861915
1,0.21075159311294556,1766752862074
1,0.14514075219631195,1766752862236
1,0.2257058322429657,1766752862391
1,0.09789784997701645,1766752862542
1,0.027909940108656883,1766752862693
1,0.1485244184732437,1766752862835
1,0.041722893714904785,1766752862978
1,0.35846060514450073,1766752863120
1,0.15015259385108948,1766752863264
1,0.25271666049957275,1766752863406
1,0.10365478694438934,1766752863549
1,0.2145085334777832,1766752863691
1,0.05782623589038849,1766752863835
1,0.24686476588249207,1766752863981
1,0.16795024275779724,1766752864126
1,0.11633306741714478,1766752864275
1,0.07155101001262665,1766752864422
1,0.12335414439439774,1766752864568
1,0.11186502873897552,1766752864716
1,0.12085634469985962,1766752864861
1,0.1369801163673401,1766752865021
1,0.04448722302913666,1766752865180
1,0.14741098880767822,1766752865358
1,0.06877744942903519,1766752865527
1,0.1823241263628006,1766752865696
1,0.09002619981765747,1766752865855
1,0.19278566539287567,1766752866009
1,0.13614286482334137,1766752866160
1,0.053349871188402176,1766752866313
1,0.16418218612670898,1766752866472
1,0.05621087923645973,1766752866629
1,0.09848788380622864,1766752866790
1,0.06546855717897415,1766752866951
1,0.05131196603178978,1766752867114
1,0.1311156451702118,1766752867274
1,0.18645556271076202,1766752867434
1,0.2874128222465515,1766752867592
1,0.09001247584819794,1766752867750
1,0.04124721884727478,1766752867907
1,0.06221480667591095,1766752868067
1,0.05734425410628319,1766752868225
1,0.10819613188505173,1766752868377
1,0.0702330470085144,1766752868526
1,0.030263783410191536,1766752868668
1,0.10108184814453125,1766752868809
1,0.03829822316765785,1766752868951
1,0.019893404096364975,1766752869092
1,0.03899218142032623,1766752869235
1,0.2657749652862549,1766752869379
1,0.3064112961292267,1766752869526
1,0.11362330615520477,1766752869672
1,0.17967727780342102,1766752869816
1,0.3489428758621216,1766752869962
1,0.08229898661375046,1766752870117
1,0.052151765674352646,1766752870263
1,0.17899593710899353,1766752870408
1,0.14039713144302368,1766752870558
1,0.15355607867240906,1766752870704
1,0.10976402461528778,1766752870868
1,0.12571530044078827,1766752871025
1,0.012629872187972069,1766752871211
1,0.08151175081729889,1766752871380
1,0.19570235908031464,1766752871555
1,0.018594764173030853,1766752871703
1,0.0819842517375946,1766752871862
1,0.02909335494041443,1766752872013
1,0.01762244664132595,1766752872177
1,0.10267414152622223,1766752872337
1,0.3063061833381653,1766752872500
1,0.1693602353334427,1766752872661
1,0.382976233959198,1766752872824
1,0.2017008662223816,1766752872991
1,0.11519268155097961,1766752873151
1,0.06479376554489136,1766752873313
1,0.07594121992588043,1766752873470
1,0.14285579323768616,1766752873629
1,0.134324848651886,1766752873786
1,0.10744428634643555,1766752873945
1,0.02829352766275406,1766752874097
1,0.3268166780471802,1766752874250
1,0.034215204417705536,1766752874393
1,0.0979495495557785,1766752874534
1,0.03755337744951248,1766752874676
1,0.11761228740215302,1766752874817
1,0.07197542488574982,1766752874959
1,0.006945719011127949,1766752875099
1,0.24909451603889465,1766752875242
1,0.039967380464076996,1766752875384
1,0.03165777772665024,1766752875534
1,0.13023149967193604,1766752875678
1,0.30223724246025085,1766752875828
1,0.2840418219566345,1766752875979
1,0.22549055516719818,1766752876125
1,0.07529917359352112,1766752876273
1,0.09626694023609161,1766752876419
1,0.45210960507392883,1766752876567
1,0.13660258054733276,1766752876725
1,0.13115645945072174,1766752876882
1,0.23213426768779755,1766752877074
1,0.049549881368875504,1766752877242
1,0.13193853199481964,1766752877404
1,0.07895904034376144,1766752877549
1,0.361470490694046,1766752877710
1,0.03604080155491829,1766752877862
1,0.1234501376748085,1766752878017
1,0.06083907559514046,1766752878171
1,0.06054185703396797,1766752878327
1,0.18652057647705078,1766752878484
1,0.11105851083993912,1766752878644
1,0.37805747985839844,1766752878808
1,0.03458385914564133,1766752878967
1,0.38934311270713806,1766752879127
1,0.3628898561000824,1766752879286
1,0.19770999252796173,1766752879447
1,0.14089545607566833,1766752879608
1,0.23075173795223236,1766752879768
1,0.009229928255081177,1766752879925
1,0.06614426523447037,1766752880075
1,0.0712415874004364,1766752880216
1,0.3334852457046509,1766752880358
1,0.285683274269104,1766752880502
1,0.14759205281734467,1766752880649
1,0.13442793488502502,1766752880791
1,0.16861188411712646,1766752880934
1,0.2448967695236206,1766752881076
1,0.030765006318688393,1766752881218
1,0.15806615352630615,1766752881364
1,0.14710354804992676,1766752881509
1,0.29976508021354675,1766752881656
1,0.2398059070110321,1766752881807
1,0.031217236071825027,1766752881957
1,0.0891478955745697,1766752882106
1,0.15684346854686737,1766752882251
1,0.08263399451971054,1766752882401
1,0.05678493157029152,1766752882557
1,0.19545620679855347,1766752882726
1,0.06785919517278671,1766752882909
1,0.11072541773319244,1766752883080
1,0.0218009352684021,1766752883236
1,0.08480395376682281,1766752883387
1,0.11435504257678986,1766752883542
1,0.02260720729827881,1766752883698
1,0.18071280419826508,1766752883856
1,0.05699361860752106,1766752884014
1,0.14029714465141296,1766752884173
1,0.05308222770690918,1766752884336
1,0.09870295226573944,1766752884500
1,0.10884308815002441,1766752884660
1,0.0671561062335968,1766752884822
1,0.1138005256652832,1766752884984
1,0.3799234926700592,1766752885140
1,0.21742722392082214,1766752885299
1,0.19480681419372559,1766752885459
1,0.08986210823059082,1766752885620
1,0.0494520477950573,1766752885777
1,0.22617459297180176,1766752885925
1,0.4190185070037842,1766752886070
1,0.1268581748008728,1766752886214
1,0.02917146310210228,1766752886359
1,0.3710635006427765,1766752886501
1,0.24634617567062378,1766752886646
1,0.052880484610795975,1766752886788
1,0.1125032901763916,1766752886932
1,0.2845061123371124,1766752887076
1,0.34839382767677307,1766752887226
1,0.04365622252225876,1766752887375
1,0.15188750624656677,1766752887527
1,0.13399524986743927,1766752887676
1,0.17507316172122955,1766752887834
1,0.050872668623924255,1766752887981
1,0.1997627317905426,1766752888132
1,0.14729438722133636,1766752888277
1,0.208224356174469,1766752888442
1,0.0777009055018425,1766752888623
1,0.15719659626483917,1766752888815
1,0.23897172510623932,1766752888974
1,0.08221453428268433,1766752889123
1,0.18358789384365082,1766752889277
1,0.07011586427688599,1766752889429
1,0.17961643636226654,1766752889588
1,0.055068861693143845,1766752889745
1,0.1971917748451233,1766752889906
1,0.2343425750732422,1766752890069
1,0.06947830319404602,1766752890230
1,0.17709335684776306,1766752890393
1,0.10888444632291794,1766752890555
1,0.07436433434486389,1766752890715
1,0.17539063096046448,1766752890874
1,0.024187831208109856,1766752891033
1,0.06997645646333694,1766752891193
1,0.02116750180721283,1766752891352
1,0.018365807831287384,1766752891513
1,0.11879301071166992,1766752891667
1,0.020101098343729973,1766752891809
1,0.22088021039962769,1766752891952
1,0.03237318620085716,1766752892096
1,0.01936156675219536,1766752892237
1,0.1440396010875702,1766752892380
1,0.266426682472229,1766752892524
1,0.0736268013715744,1766752892667
1,0.08966061472892761,1766752892809
1,0.034460246562957764,1766752892952
1,0.4436875879764557,1766752893100
1,0.16799473762512207,1766752893251
1,0.15199272334575653,1766752893397
1,0.053071700036525726,1766752893551
1,0.21712630987167358,1766752893698
1,0.25021329522132874,1766752893843
1,0.0834033340215683,1766752893991
1,0.10459896922111511,1766752894137
1,0.19254225492477417,1766752894310
1,0.08089522272348404,1766752894488
1,0.17765632271766663,1766752894680
1,0.2141684591770172,1766752894830
1,0.20447775721549988,1766752894979
1,0.05622953921556473,1766752895131
1,0.1459408700466156,1766752895289
1,0.1321316808462143,1766752895452
1,0.14611172676086426,1766752895610
1,0.12940187752246857,1766752895771
1,0.31295377016067505,1766752895934
1,0.04834190011024475,1766752896094
1,0.12389706075191498,1766752896255
1,0.1561214029788971,1766752896415
1,0.03181265667080879,1766752896572
1,0.17959417402744293,1766752896731
1,0.11831879615783691,1766752896890
1,0.01323463674634695,1766752897051
1,0.0690157413482666,1766752897212
1,0.06282852590084076,1766752897373
1,0.17955318093299866,1766752897520
1,0.25345587730407715,1766752897662
1,0.08680049329996109,1766752897805
1,0.29726365208625793,1766752897948
1,0.04543023183941841,1766752898090
1,0.2511615753173828,1766752898232
1,0.1041567474603653,1766752898375
1,0.1916118562221527,1766752898517
1,0.04588915407657623,1766752898660
1,0.032911334186792374,1766752898802
1,0.08404111117124557,1766752898958
1,0.037012506276369095,1766752899112
1,0.05673553794622421,1766752899259
1,0.023815860971808434,1766752899412
1,0.22524984180927277,1766752899558
1,0.04153251275420189,1766752899710
1,0.012111885473132133,1766752899856
1,0.0973879024386406,1766752900002
1,0.16724565625190735,1766752900183
1,0.27265483140945435,1766752900374
1,0.31093937158584595,1766752900553
1,0.14366663992404938,1766752900698
1,0.07379808276891708,1766752900849
1,0.047803204506635666,1766752901016
1,0.22226914763450623,1766752901174
1,0.16649703681468964,1766752901330
1,0.1962268352508545,1766752901489
1,0.17222511768341064,1766752901653
1,0.26429933309555054,1766752901814
1,0.08292381465435028,1766752901976
1,0.09428898990154266,1766752902135
1,0.033844009041786194,1766752902297
1,0.11104978621006012,1766752902457
1,0.06473976373672485,1766752902616
1,0.10288494825363159,1766752902779
1,0.08353244513273239,1766752902944
1,0.13186591863632202,1766752903106
1,0.11619961261749268,1766752903265
1,0.11712716519832611,1766752903409
1,0.17678016424179077,1766752903554
1,0.08723233640193939,1766752903700
1,0.23357900977134705,1766752903843
1,0.07202557474374771,1766752903986
1,0.11635450273752213,1766752904129
1,0.07365003228187561,1766752904272
1,0.01208451297134161,1766752904417
1,0.07595614343881607,1766752904563
1,0.2543836236000061,1766752904713
1,0.18851807713508606,1766752904863
1,0.13825874030590057,1766752905010
1,0.13896365463733673,1766752905166
1,0.1470533311367035,1766752905313
1,0.083022840321064,1766752905458
1,0.1266227513551712,1766752905612
1,0.06324448436498642,1766752905757
1,0.1576514095067978,1766752905928
1,0.07790782302618027,1766752906096
1,0.5019465684890747,1766752906291
1,0.09145717322826385,1766752906440
1,0.03977622836828232,1766752906597
1,0.16034814715385437,1766752906742
1,0.11464361846446991,1766752906902
1,0.15118131041526794,1766752907058
1,0.11229920387268066,1766752907215
1,0.26676303148269653,1766752907373
1,0.2195763885974884,1766752907533
1,0.09375908970832825,1766752907693
1,0.037110988050699234,1766752907856
1,0.04069510102272034,1766752908015
1,0.15570677816867828,1766752908172
1,0.056407034397125244,1766752908330
1,0.06617368012666702,1766752908486
1,0.13595455884933472,1766752908647
1,0.17581938207149506,1766752908808
1,0.21919924020767212,1766752908969
1,0.17425183951854706,1766752909117
1,0.10578813403844833,1766752909259
1,0.09382480382919312,1766752909400
1,0.011555490083992481,1766752909544
1,0.10670209676027298,1766752909685
1,0.04462674260139465,1766752909826
1,0.07746002078056335,1766752909970
1,0.09001708030700684,1766752910113
1,0.0591740645468235,1766752910255
1,0.09371418505907059,1766752910399
1,0.21562156081199646,1766752910552
1,0.03248390182852745,1766752910701
1,0.08387911319732666,1766752910847
1,0.10233144462108612,1766752910999
1,0.3880862593650818,1766752911144
1,0.07221924513578415,1766752911293
1,0.5906912088394165,1766752911446
1,0.09896333515644073,1766752911591
1,0.07712000608444214,1766752911766
1,0.23671430349349976,1766752911942
1,0.13583362102508545,1766752912136
1,0.16744470596313477,1766752912281
1,0.14931167662143707,1766752912432
1,0.24396635591983795,1766752912579
1,0.1675446629524231,1766752912740
1,0.020314641296863556,1766752912897
1,0.1156090795993805,1766752913054
1,0.2056904435157776,1766752913212
1,0.22852881252765656,1766752913372
1,0.1894703507423401,1766752913534
1,0.08016351610422134,1766752913695
1,0.1884937435388565,1766752913853
1,0.14222492277622223,1766752914012
1,0.313175767660141,1766752914168
1,0.07832852005958557,1766752914326
1,0.22877714037895203,1766752914484
1,0.025682132691144943,1766752914647
1,0.12964937090873718,1766752914806
1,0.2012196034193039,1766752914956
1,0.3414027690887451,1766752915099
1,0.10413599014282227,1766752915244
1,0.06431793421506882,1766752915390
1,0.15605492889881134,1766752915536
1,0.27459269762039185,1766752915681
1,0.06032881513237953,1766752915827
1,0.015330938622355461,1766752915972
1,0.01942133903503418,1766752916117
1,0.024877270683646202,1766752916263
1,0.18536344170570374,1766752916411
1,0.2799510955810547,1766752916560
1,0.09103257954120636,1766752916705
1,0.0917169377207756,1766752916857
1,0.18600301444530487,1766752917002
1,0.018929190933704376,1766752917158
1,0.41572970151901245,1766752917309
1,0.03503717482089996,1766752917471
1,0.2767350375652313,1766752917649
1,0.15108516812324524,1766752917829
1,0.10262180119752884,1766752918003
1,0.04611225426197052,1766752918153
1,0.05197370797395706,1766752918302
1,0.09997107833623886,1766752918458
1,0.19096554815769196,1766752918618
1,0.03188091889023781,1766752918775
1,0.101003497838974,1766752918934
1,0.2297876477241516,1766752919091
1,0.012542665004730225,1766752919251
1,0.3243691921234131,1766752919410
1,0.24411869049072266,1766752919571
1,0.06267721951007843,1766752919732
1,0.12558802962303162,1766752919889
1,0.06636541336774826,1766752920044
1,0.15459908545017242,1766752920203
1,0.3033560514450073,1766752920361
1,0.18579255044460297,1766752920519
1,0.21196046471595764,1766752920671
1,0.016713598743081093,1766752920817
1,0.05323796346783638,1766752920959
1,0.26438990235328674,1766752921100
1,0.1612752377986908,1766752921244
1,0.04632314294576645,1766752921387
1,0.08345092833042145,1766752921528
1,0.11421062052249908,1766752921672
1,0.10101918876171112,1766752921815
1,0.3248249888420105,1766752921960
1,0.07821357995271683,1766752922108
1,0.015435514971613884,1766752922255
1,0.05991080030798912,1766752922404
1,0.05288361385464668,1766752922552
1,0.0418228954076767,1766752922700
1,0.1991080492734909,1766752922845
1,0.07400330901145935,1766752922990
1,0.024124369025230408,1766752923137
1,0.18570920825004578,1766752923302
1,0.030898911878466606,1766752923472
1,0.12604740262031555,1766752923651
1,0.024412114173173904,1766752923820
1,0.09634479135274887,1766752923972
1,0.05116140469908714,1766752924124
1,0.1306746006011963,1766752924275
1,0.11906876415014267,1766752924437
1,0.07919452339410782,1766752924596
1,0.051521651446819305,1766752924753
1,0.1511230766773224,1766752924914
1,0.06084390729665756,1766752925074
1,0.24127940833568573,1766752925236
1,0.0443287193775177,1766752925398
1,0.03962014988064766,1766752925556
1,0.21771372854709625,1766752925715
1,0.036548878997564316,1766752925875
1,0.16386954486370087,1766752926033
1,0.059173379093408585,1766752926194
1,0.12291374802589417,1766752926356
1,0.3594735860824585,1766752926505
1,0.10800017416477203,1766752926653
1,0.339849591255188,1766752926794
1,0.4330447316169739,1766752926937
1,0.024504363536834717,1766752927080
1,0.06261487305164337,1766752927223
1,0.14788256585597992,1766752927364
1,0.15084463357925415,1766752927508
1,0.3019660711288452,1766752927649
1,0.0753106102347374,1766752927791
1,0.15735571086406708,1766752927936
1,0.24086935818195343,1766752928086
1,0.3016122281551361,1766752928232
1,0.16697123646736145,1766752928386
1,0.5708439350128174,1766752928537
1,0.04133671149611473,1766752928688
1,0.19368857145309448,1766752928832
1,0.13103440403938293,1766752928984
1,0.14086198806762695,1766752929147
1,0.43829530477523804,1766752929324
1,0.24561402201652527,1766752929496
1,0.1265535205602646,1766752929662
1,0.26694270968437195,1766752929808
1,0.21651311218738556,1766752929965
1,0.051431529223918915,1766752930120
1,0.12174337357282639,1766752930279
1,0.13849596679210663,1766752930437
1,0.21257269382476807,1766752930596
1,0.18588456511497498,1766752930760
1,0.06608566641807556,1766752930920
1,0.05672148987650871,1766752931081
1,0.11970554292201996,1766752931247
1,0.23231235146522522,1766752931409
1,0.039526183158159256,1766752931570
1,0.18694522976875305,1766752931729
1,0.20424650609493256,1766752931888
1,0.19334575533866882,1766752932050
1,0.13441550731658936,1766752932208
1,0.29384303092956543,1766752932360
1,0.10693557560443878,1766752932506
1,0.0700598806142807,1766752932650
1,0.027567416429519653,1766752932794
1,0.11307349801063538,1766752932939
1,0.06523475050926208,1766752933083
1,0.09215573966503143,1766752933227
1,0.23288831114768982,1766752933370
1,0.15504461526870728,1766752933516
1,0.08619571477174759,1766752933662
1,0.03934553265571594,1766752933808
1,0.35172268748283386,1766752933954
1,0.07896188646554947,1766752934106
1,0.08940139412879944,1766752934252
1,0.07420622557401657,1766752934401
1,0.06735167652368546,1766752934549
1,0.1655396819114685,1766752934692
1,0.14683178067207336,1766752934853
1,0.14561741054058075,1766752935015
1,0.12237605452537537,1766752935210
1,0.07129217684268951,1766752935384
1,0.16114670038223267,1766752935550
1,0.21969738602638245,1766752935701
1,0.06671258062124252,1766752935857
1,0.3113129138946533,1766752936012
1,0.06061698496341705,1766752936168
1,0.045676156878471375,1766752936327
1,0.08080829679965973,1766752936485
1,0.19408360123634338,1766752936643
1,0.03978345915675163,1766752936806
1,0.35659059882164,1766752936968
1,0.09184467792510986,1766752937130
1,0.052082620561122894,1766752937292
1,0.13653942942619324,1766752937450
1,0.08740775287151337,1766752937608
1,0.0050815860740840435,1766752937766
1,0.27374938130378723,1766752937928
1,0.36321496963500977,1766752938082
1,0.13171617686748505,1766752938232
1,0.1253918707370758,1766752938380
1,0.02667480893433094,1766752938523
1,0.17853569984436035,1766752938667
1,0.020516207441687584,1766752938810
1,0.2586510479450226,1766752938955
1,0.14845779538154602,1766752939099
1,0.05015016347169876,1766752939244
1,0.0305428896099329,1766752939392
1,0.10709506273269653,1766752939537
1,0.15559837222099304,1766752939684
1,0.12899644672870636,1766752939830
1,0.022431259974837303,1766752939978
1,0.03839237615466118,1766752940124
1,0.019207773730158806,1766752940274
1,0.11041583120822906,1766752940419
1,0.02357286401093006,1766752940569
1,0.12749581038951874,1766752940732
1,0.11397724598646164,1766752940898
1,0.2882482707500458,1766752941083
1,0.028856636956334114,1766752941251
1,0.16477259993553162,1766752941413
1,0.10658804327249527,1766752941569
1,0.024063624441623688,1766752941726
1,0.04569166153669357,1766752941877
1,0.10195676237344742,1766752942034
1,0.29945194721221924,1766752942194
1,0.1145976334810257,1766752942352
1,0.21852070093154907,1766752942515
1,0.09270650893449783,1766752942674
1,0.270546555519104,1766752942836
1,0.19142356514930725,1766752942995
1,0.12045888602733612,1766752943157
1,0.005648166406899691,1766752943317
1,0.004643912892788649,1766752943475
1,0.1273488700389862,1766752943636
1,0.2551186680793762,1766752943793
1,0.005376579239964485,1766752943946
1,0.2540164589881897,1766752944097
1,0.17599380016326904,1766752944243
1,0.04448346048593521,1766752944387
1,0.04684654623270035,1766752944529
1,0.30103370547294617,1766752944673
1,0.3181343674659729,1766752944814
1,0.04799539968371391,1766752944956
1,0.07185442745685577,1766752945098
1,0.11462520062923431,1766752945246
1,0.11178962886333466,1766752945392
1,0.16050678491592407,1766752945538
1,0.1161874532699585,1766752945686
1,0.22273099422454834,1766752945833
1,0.021326232701539993,1766752945977
1,0.031249240040779114,1766752946128
1,0.04311874881386757,1766752946272
1,0.1595979779958725,1766752946430
1,0.18472331762313843,1766752946589
1,0.03454602509737015,1766752946758
1,0.24742206931114197,1766752946930
1,0.2627456784248352,1766752947100
1,0.14817172288894653,1766752947260
1,0.1482347548007965,1766752947412
1,0.15296117961406708,1766752947569
1,0.06618954241275787,1766752947719
1,0.20663821697235107,1766752947876
1,0.02538817562162876,1766752948033
1,0.12611979246139526,1766752948191
1,0.04611312597990036,1766752948351
1,0.19538620114326477,1766752948511
1,0.1591261625289917,1766752948669
1,0.24331870675086975,1766752948827
1,0.3022618591785431,1766752948987
1,0.014663437381386757,1766752949146
1,0.09788940846920013,1766752949302
1,0.10742181539535522,1766752949458
1,0.2557644844055176,1766752949610
1,0.07126931101083755,1766752949759
1,0.06673865020275116,1766752949910
1,0.1752028465270996,1766752950056
1,0.09558773040771484,1766752950197
1,0.16685065627098083,1766752950338
1,0.0670725405216217,1766752950479
1,0.03845841437578201,1766752950621
1,0.054507896304130554,1766752950764
1,0.04697161167860031,1766752950905
1,0.1448150873184204,1766752951050
1,0.033408813178539276,1766752951196
1,0.018664276227355003,1766752951341
1,0.45855480432510376,1766752951494
1,0.09197279065847397,1766752951638
1,0.1063067838549614,1766752951785
1,0.07398546487092972,1766752951936
1,0.12613093852996826,1766752952080
1,0.1671934723854065,1766752952248
1,0.4279293715953827,1766752952409
1,0.16803613305091858,1766752952570
1,0.17964231967926025,1766752952735
1,0.017371907830238342,1766752952901
1,0.19304242730140686,1766752953067
1,0.13329075276851654,1766752953218
1,0.047562375664711,1766752953376
1,0.1732163429260254,1766752953528
1,0.01558938529342413,1766752953693
1,0.21229365468025208,1766752953852
1,0.1763531118631363,1766752954010
1,0.16563330590724945,1766752954170
1,0.2424759864807129,1766752954331
1,0.08934485167264938,1766752954491
1,0.18230828642845154,1766752954652
1,0.05171806365251541,1766752954811
1,0.20593073964118958,1766752954971
1,0.10315345227718353,1766752955131
1,0.06858409941196442,1766752955291
1,0.47909513115882874,1766752955441
1,0.09117266535758972,1766752955591
1,0.14552922546863556,1766752955744
1,0.11719324439764023,1766752955889
1,0.06192554160952568,1766752956034
1,0.10038688778877258,1766752956176
1,0.02464136853814125,1766752956320
1,0.26833319664001465,1766752956463
1,0.13307173550128937,1766752956607
1,0.17116302251815796,1766752956755
1,0.17394250631332397,1766752956902
1,0.15309271216392517,1766752957050
1,0.1127358078956604,1766752957197
1,0.5354477763175964,1766752957348
1,0.025288376957178116,1766752957496
1,0.11550971865653992,1766752957646
1,0.0684787929058075,1766752957795
1,0.14215677976608276,1766752957950
1,0.14756059646606445,1766752958110
1,0.3474593460559845,1766752958283
1,0.275128573179245,1766752958435
1,0.05422639101743698,1766752958607
1,0.21020781993865967,1766752958771
1,0.03426806256175041,1766752958943
1,0.07415005564689636,1766752959095
1,0.08043593913316727,1766752959249
1,0.12753811478614807,1766752959400
1,0.17612287402153015,1766752959559
1,0.026211414486169815,1766752959721
1,0.011908551678061485,1766752959882
1,0.08820176124572754,1766752960043
1,0.0781477689743042,1766752960203
1,0.15482324361801147,1766752960362
1,0.02151414379477501,1766752960522
1,0.04933509603142738,1766752960684
1,0.10976685583591461,1766752960842
1,0.05303226038813591,1766752961003
1,0.30978497862815857,1766752961155
1,0.05136843025684357,1766752961306
1,0.09094418585300446,1766752961456
1,0.10727864503860474,1766752961609
1,0.11020369082689285,1766752961755
1,0.2846027910709381,1766752961900
1,0.12795314192771912,1766752962047
1,0.09036709368228912,1766752962193
1,0.04345611110329628,1766752962336
1,0.10095071792602539,1766752962481
1,0.3519018292427063,1766752962627
1,0.06188400834798813,1766752962774
1,0.17974385619163513,1766752962919
1,0.17368698120117188,1766752963068
1,0.2430751919746399,1766752963219
1,0.050981707870960236,1766752963370
1,0.07462667673826218,1766752963518
1,0.06654916703701019,1766752963671
1,0.0919901430606842,1766752963837
1,0.009867366403341293,1766752964000
1,0.038863569498062134,1766752964161
1,0.0714816004037857,1766752964307
1,0.25751766562461853,1766752964479
1,0.21534214913845062,1766752964655
1,0.17590469121932983,1766752964824
1,0.050422459840774536,1766752964976
1,0.0459773913025856,1766752965136
1,0.03154468908905983,1766752965295
1,0.10147939622402191,1766752965454
1,0.0788409411907196,1766752965612
1,0.11583840847015381,1766752965767
1,0.026759827509522438,1766752965925
1,0.22562411427497864,1766752966083
1,0.06266525387763977,1766752966242
1,0.1425780951976776,1766752966403
1,0.071391262114048,1766752966563
1,0.05194545164704323,1766752966723
1,0.19376492500305176,1766752966882
1,0.27126848697662354,1766752967031
1,0.09852160513401031,1766752967181
1,0.21658846735954285,1766752967331
1,0.12622925639152527,1766752967483
1,0.03178062289953232,1766752967624
1,0.20280803740024567,1766752967765
1,0.054016243666410446,1766752967907
1,0.026444025337696075,1766752968049
1,0.3049844205379486,1766752968192
1,0.06903065741062164,1766752968336
1,0.24857854843139648,1766752968480
1,0.05745250731706619,1766752968624
1,0.15113963186740875,1766752968769
1,0.08848100155591965,1766752968916
1,0.21216830611228943,1766752969062
1,0.06693368405103683,1766752969209
1,0.07232082635164261,1766752969354
1,0.11888691782951355,1766752969514
1,0.020503615960478783,1766752969674
1,0.005734744481742382,1766752969841
1,0.07371799647808075,1766752969997
1,0.08544059842824936,1766752970141
1,0.12754422426223755,1766752970306
1,0.07629787921905518,1766752970478
1,0.16139544546604156,1766752970648
1,0.20717880129814148,1766752970797
1,0.07540647685527802,1766752970952
1,0.0077711851336061954,1766752971103
1,0.09995075315237045,1766752971265
1,0.050069697201251984,1766752971422
1,0.042601797729730606,1766752971581
1,0.0073140449821949005,1766752971739
1,0.01782296970486641,1766752971897
1,0.14721110463142395,1766752972052
1,0.010502522811293602,1766752972209
1,0.2110348492860794,1766752972369
1,0.09823253750801086,1766752972531
1,0.1689225733280182,1766752972688
1,0.03849026560783386,1766752972838
1,0.19034992158412933,1766752972989
1,0.07267789542675018,1766752973139
1,0.021338725462555885,1766752973291
1,0.06533214449882507,1766752973435
1,0.08592962473630905,1766752973579
1,0.1746918261051178,1766752973721
2,0.21375329792499542,1766752973854
2,0.0565834678709507,1766752973995
2,0.11098924279212952,1766752974142
2,0.21111518144607544,1766752974287
2,0.15909221768379211,1766752974437
2,0.12107384949922562,1766752974585
2,0.10954281687736511,1766752974728
2,0.053428955376148224,1766752974873
2,0.10297120362520218,1766752975024
2,0.03492886945605278,1766752975168
2,0.07093531638383865,1766752975329
2,0.015654845163226128,1766752975489
2,0.13707533478736877,1766752975663
2,0.06733465939760208,1766752975814
2,0.04278258979320526,1766752975965
2,0.07867681235074997,1766752976131
2,0.04158448055386543,1766752976301
2,0.07357852160930634,1766752976479
2,0.06751709431409836,1766752976631
2,0.19234846532344818,1766752976791
2,0.03067447617650032,1766752976948
2,0.05878700688481331,1766752977108
2,0.1799229085445404,1766752977279
2,0.064517542719841,1766752977444
2,0.14069539308547974,1766752977603
2,0.13840174674987793,1766752977762
2,0.004168279469013214,1766752977922
2,0.012924100272357464,1766752978079
2,0.1864936798810959,1766752978238
2,0.07753659039735794,1766752978402
2,0.0853225439786911,1766752978556
2,0.014297707006335258,1766752978706
2,0.0052698152139782906,1766752978857
2,0.1364278346300125,1766752979008
2,0.006775424815714359,1766752979162
2,0.07049643993377686,1766752979306
2,0.10234706848859787,1766752979448
2,0.03657688945531845,1766752979589
2,0.19929683208465576,1766752979730
2,0.08732842653989792,1766752979875
2,0.06449340283870697,1766752980021
2,0.0873369574546814,1766752980167
2,0.0241837240755558,1766752980312
2,0.09162888675928116,1766752980463
2,0.02333672344684601,1766752980609
2,0.007364822551608086,1766752980759
2,0.08740761131048203,1766752980908
2,0.03358921781182289,1766752981058
2,0.023415548726916313,1766752981224
2,0.03510160744190216,1766752981395
2,0.5130562782287598,1766752981563
2,0.07032705843448639,1766752981709
2,0.18267342448234558,1766752981863
2,0.15691973268985748,1766752982029
2,0.04695587977766991,1766752982201
2,0.33947324752807617,1766752982370
2,0.06787271052598953,1766752982527
2,0.06977058947086334,1766752982681
2,0.2472667098045349,1766752982843
2,0.4016941785812378,1766752983001
2,0.23287296295166016,1766752983162
2,0.10656718909740448,1766752983319
2,0.11351320147514343,1766752983479
2,0.2500196695327759,1766752983637
2,0.27737388014793396,1766752983800
2,0.23871809244155884,1766752983963
2,0.10263543576002121,1766752984121
2,0.08952662348747253,1766752984276
2,0.15827886760234833,1766752984427
2,0.2374376505613327,1766752984576
2,0.1952914297580719,1766752984728
2,0.05332958698272705,1766752984879
2,0.06922876834869385,1766752985032
2,0.0774790421128273,1766752985174
2,0.05252102017402649,1766752985316
2,0.13665415346622467,1766752985459
2,0.06385129690170288,1766752985603
2,0.10230212658643723,1766752985754
2,0.14927537739276886,1766752985900
2,0.017453741282224655,1766752986044
2,0.03911580145359039,1766752986196
2,0.18539920449256897,1766752986340
2,0.019228562712669373,1766752986485
2,0.03389914706349373,1766752986631
2,0.10406539589166641,1766752986782
2,0.09660093486309052,1766752986945
2,0.26440417766571045,1766752987100
2,0.19982853531837463,1766752987264
2,0.12659919261932373,1766752987414
2,0.40143221616744995,1766752987564
2,0.046834684908390045,1766752987716
2,0.11633226275444031,1766752987881
2,0.03605538606643677,1766752988062
2,0.15994136035442352,1766752988223
2,0.04826194792985916,1766752988378
2,0.02845906838774681,1766752988536
2,0.06995727121829987,1766752988698
2,0.08409492671489716,1766752988860
2,0.15209496021270752,1766752989021
2,0.09793922305107117,1766752989181
2,0.03650851175189018,1766752989345
2,0.003805920947343111,1766752989511
2,0.03243238478899002,1766752989672
2,0.08155037462711334,1766752989838
2,0.12329698354005814,1766752990001
2,0.18065613508224487,1766752990152
2,0.057441502809524536,1766752990300
2,0.5017316937446594,1766752990453
2,0.19919359683990479,1766752990602
2,0.01392669789493084,1766752990753
2,0.04105359688401222,1766752990901
2,0.012799474410712719,1766752991045
2,0.09101525694131851,1766752991188
2,0.01923673041164875,1766752991329
2,0.0326402485370636,1766752991474
2,0.05364764481782913,1766752991621
2,0.4196286201477051,1766752991765
2,0.00644661346450448,1766752991909
2,0.13609588146209717,1766752992053
2,0.2176499366760254,1766752992199
2,0.005153702571988106,1766752992352
2,0.026719577610492706,1766752992498
2,0.03125515580177307,1766752992648
2,0.05586645007133484,1766752992814
2,0.03968752175569534,1766752992980
2,0.2891652286052704,1766752993142
2,0.06154566630721092,1766752993287
2,0.3422662019729614,1766752993437
2,0.09455861151218414,1766752993597
2,0.04836330562829971,1766752993760
2,0.02309923619031906,1766752993934
2,0.06785561889410019,1766752994091
2,0.049707651138305664,1766752994252
2,0.4051242470741272,1766752994407
2,0.05906200781464577,1766752994565
2,0.15670245885849,1766752994723
2,0.10172803699970245,1766752994880
2,0.11560605466365814,1766752995037
2,0.17730046808719635,1766752995196
2,0.0713120549917221,1766752995356
2,0.1115620881319046,1766752995516
2,0.09720607846975327,1766752995677
2,0.07067971676588058,1766752995835
2,0.0016292720101773739,1766752995987
2,0.090362548828125,1766752996137
2,0.13355652987957,1766752996286
2,0.06998080015182495,1766752996436
2,0.10049772262573242,1766752996588
2,0.07956178486347198,1766752996740
2,0.06950022280216217,1766752996883
2,0.035476431250572205,1766752997025
2,0.1539791375398636,1766752997169
2,0.2626568675041199,1766752997315
2,0.20656132698059082,1766752997460
2,0.05315115675330162,1766752997604
2,0.1355668008327484,1766752997751
2,0.2292875051498413,1766752997896
2,0.05691857635974884,1766752998039
2,0.049607161432504654,1766752998186
2,0.11784874647855759,1766752998333
2,0.4620215594768524,1766752998491
2,0.016116637736558914,1766752998651
2,0.07311037182807922,1766752998817
2,0.00048517173854634166,1766752998970
2,0.04566633328795433,1766752999126
2,0.07681984454393387,1766752999271
2,0.056503232568502426,1766752999437
2,0.11437384784221649,1766752999602
2,0.05951959639787674,1766752999778
2,0.042526014149188995,1766752999937
2,0.018296103924512863,1766753000093
2,0.11674170196056366,1766753000247
2,0.11997653543949127,1766753000405
2,0.03271777927875519,1766753000565
2,0.05509695038199425,1766753000721
2,0.01926586590707302,1766753000877
2,0.14992985129356384,1766753001037
2,0.18208737671375275,1766753001198
2,0.2109091430902481,1766753001356
2,0.1987837255001068,1766753001518
2,0.07219599187374115,1766753001671
2,0.04693944752216339,1766753001823
2,0.07729421555995941,1766753001975
2,0.40630483627319336,1766753002127
2,0.09584017097949982,1766753002277
2,0.08852844685316086,1766753002427
2,0.03470442444086075,1766753002578
2,0.13580502569675446,1766753002720
2,0.01473785750567913,1766753002861
2,0.2609401047229767,1766753003002
2,0.09759507328271866,1766753003149
2,0.30338823795318604,1766753003295
2,0.08390288054943085,1766753003438
2,0.020040005445480347,1766753003584
2,0.02900153398513794,1766753003727
2,0.043060630559921265,1766753003875
2,0.21654058992862701,1766753004021
2,0.14857852458953857,1766753004166
2,0.12481975555419922,1766753004329
2,0.13395588099956512,1766753004492
2,0.04754563048481941,1766753004655
2,0.40202170610427856,1766753004800
2,0.10312816500663757,1766753004959
2,0.03510404750704765,1766753005104
2,0.07488498836755753,1766753005277
2,0.07476670295000076,1766753005440
2,0.10497720539569855,1766753005616
2,0.17056311666965485,1766753005776
2,0.11713225394487381,1766753005933
2,0.16605110466480255,1766753006090
2,0.006490911357104778,1766753006247
2,0.03885665163397789,1766753006406
2,0.25076931715011597,1766753006561
2,0.20087513327598572,1766753006719
2,0.10062076151371002,1766753006877
2,0.04875790327787399,1766753007036
2,0.10803429782390594,1766753007195
2,0.1754528135061264,1766753007363
2,0.19015686213970184,1766753007512
2,0.08526580035686493,1766753007662
2,0.03073139116168022,1766753007811
2,0.0582546591758728,1766753007962
2,0.21410149335861206,1766753008113
2,0.3122413754463196,1766753008269
2,0.16282543540000916,1766753008419
2,0.011380428448319435,1766753008562
2,0.026311397552490234,1766753008704
2,0.05691263824701309,1766753008850
2,0.07888253033161163,1766753008997
2,0.019648831337690353,1766753009141
2,0.1198434829711914,1766753009287
2,0.1804748922586441,1766753009433
2,0.017244013026356697,1766753009578
2,0.008842465467751026,1766753009724
2,0.5034924149513245,1766753009873
2,0.018003031611442566,1766753010027
2,0.07612033188343048,1766753010189
2,0.05396026372909546,1766753010369
2,0.08578361570835114,1766753010525
2,0.08690384030342102,1766753010671
2,0.07289251685142517,1766753010815
2,0.04486378654837608,1766753010965
2,0.06413128972053528,1766753011130
2,0.034790366888046265,1766753011296
2,0.08359602093696594,1766753011473
2,0.477722704410553,1766753011628
2,0.033462151885032654,1766753011790
2,0.043212488293647766,1766753011945
2,0.09659455716609955,1766753012106
2,0.051104869693517685,1766753012266
2,0.05187176540493965,1766753012425
2,0.114177405834198,1766753012586
2,0.23384439945220947,1766753012747
2,0.11135818064212799,1766753012915
2,0.20574159920215607,1766753013078
2,0.09376926720142365,1766753013236
2,0.14075568318367004,1766753013387
2,0.4696658253669739,1766753013538
2,0.0032440978102385998,1766753013688
2,0.07992777973413467,1766753013840
2,0.1498686969280243,1766753013994
2,0.3223825991153717,1766753014146
2,0.12743988633155823,1766753014300
2,0.08519153296947479,1766753014443
2,0.2696623206138611,1766753014586
2,0.15617752075195312,1766753014736
2,0.14535225927829742,1766753014883
2,0.04232975095510483,1766753015030
2,0.19328796863555908,1766753015185
2,0.0940333902835846,1766753015331
2,0.004923983942717314,1766753015480
2,0.23032322525978088,1766753015627
2,0.07553384453058243,1766753015781
2,0.03692936524748802,1766753015945
2,0.11950815469026566,1766753016115
2,0.030309434980154037,1766753016284
2,0.03201077878475189,1766753016433
2,0.02090192213654518,1766753016583
2,0.1291620433330536,1766753016735
2,0.16728301346302032,1766753016890
2,0.5910225510597229,1766753017054
2,0.059701137244701385,1766753017227
2,0.043039485812187195,1766753017402
2,0.01875218003988266,1766753017554
2,0.20708519220352173,1766753017711
2,0.12976671755313873,1766753017867
2,0.07288524508476257,1766753018024
2,0.030310215428471565,1766753018183
2,0.1932367980480194,1766753018340
2,0.033704180270433426,1766753018500
2,0.07862479239702225,1766753018661
2,0.25911393761634827,1766753018823
2,0.052656061947345734,1766753018980
2,0.126445934176445,1766753019130
2,0.0168304480612278,1766753019282
2,0.07385876029729843,1766753019433
2,0.15137232840061188,1766753019583
2,0.012027136981487274,1766753019734
2,0.1041271835565567,1766753019884
2,0.20023871958255768,1766753020038
2,0.1710594743490219,1766753020183
2,0.20401409268379211,1766753020326
2,0.07147529721260071,1766753020473
2,0.12296012043952942,1766753020620
2,0.08168648928403854,1766753020765
2,0.19109120965003967,1766753020917
2,0.12286026775836945,1766753021060
2,0.1715521216392517,1766753021205
2,0.028600256890058517,1766753021350
2,0.060195762664079666,1766753021499
2,0.21418869495391846,1766753021666
2,0.24589645862579346,1766753021830
2,0.06853853166103363,1766753021997
2,0.1839514672756195,1766753022144
2,0.5383044481277466,1766753022296
2,0.1590656042098999,1766753022443
2,0.16730615496635437,1766753022599
2,0.10951849818229675,1766753022757
2,0.10662605613470078,1766753022923
2,0.12098680436611176,1766753023105
2,0.03836551681160927,1766753023278
2,0.03334633260965347,1766753023443
2,0.145514577627182,1766753023601
2,0.054046303033828735,1766753023768
2,0.24760428071022034,1766753023925
2,0.009156603366136551,1766753024083
2,0.06229836493730545,1766753024243
2,0.285273939371109,1766753024402
2,0.009419015608727932,1766753024561
2,0.14416295289993286,1766753024722
2,0.2301742434501648,1766753024870
2,0.13217490911483765,1766753025022
2,0.047922831028699875,1766753025171
2,0.0766802579164505,1766753025320
2,0.2440493255853653,1766753025471
2,0.006136165466159582,1766753025621
2,0.11083829402923584,1766753025772
2,0.11439350247383118,1766753025923
2,0.10224667191505432,1766753026066
2,0.1237306147813797,1766753026214
2,0.1596335917711258,1766753026358
2,0.043214622884988785,1766753026501
2,0.06446284800767899,1766753026646
2,0.09089997410774231,1766753026790
2,0.19675245881080627,1766753026933
2,0.004381794482469559,1766753027082
2,0.1035023108124733,1766753027225
2,0.056566379964351654,1766753027376
2,0.13002249598503113,1766753027536
2,0.12607327103614807,1766753027702
2,0.04926799237728119,1766753027863
2,0.035100314766168594,1766753028015
2,0.25752371549606323,1766753028161
2,0.3432995676994324,1766753028315
2,0.09667268395423889,1766753028469
2,0.17659775912761688,1766753028633
2,0.21862411499023438,1766753028803
2,0.043624721467494965,1766753028986
2,0.018706485629081726,1766753029149
2,0.04189193248748779,1766753029309
2,0.13243068754673004,1766753029467
2,0.19310472905635834,1766753029624
2,0.14533312618732452,1766753029788
2,0.1307295560836792,1766753029951
2,0.06813445687294006,1766753030111
2,0.04304259642958641,1766753030276
2,0.06715064495801926,1766753030439
2,0.06030524522066116,1766753030598
2,0.11187407374382019,1766753030752
2,0.033868156373500824,1766753030904
2,0.09678837656974792,1766753031056
2,0.03979412466287613,1766753031209
2,0.060437921434640884,1766753031361
2,0.18563486635684967,1766753031514
2,0.039182424545288086,1766753031664
2,0.2340298891067505,1766753031816
2,0.09508062899112701,1766753031965
2,0.03595438227057457,1766753032112
2,0.03636299818754196,1766753032258
2,0.0328318290412426,1766753032406
2,0.16390445828437805,1766753032552
2,0.062320318073034286,1766753032696
2,0.19761279225349426,1766753032851
2,0.02601124346256256,1766753032995
2,0.16228418052196503,1766753033145
2,0.20483219623565674,1766753033305
2,0.13674169778823853,1766753033474
2,0.07882529497146606,1766753033632
2,0.13273948431015015,1766753033782
2,0.15514609217643738,1766753033933
2,0.13624608516693115,1766753034078
2,0.03695482015609741,1766753034229
2,0.03241748362779617,1766753034380
2,0.039721421897411346,1766753034551
2,0.03612373024225235,1766753034720
2,0.14178098738193512,1766753034914
2,0.007503506261855364,1766753035071
2,0.05154968053102493,1766753035233
2,0.16748929023742676,1766753035385
2,0.019400140270590782,1766753035544
2,0.07264714688062668,1766753035700
2,0.07036890834569931,1766753035858
2,0.062418382614851,1766753036019
2,0.04871054366230965,1766753036180
2,0.03957229107618332,1766753036336
2,0.03360002115368843,1766753036489
2,0.008405999280512333,1766753036643
2,0.04787430912256241,1766753036793
2,0.033536169677972794,1766753036942
2,0.14315299689769745,1766753037092
2,0.042572323232889175,1766753037258
2,0.184007927775383,1766753037411
2,0.0896855816245079,1766753037563
2,0.06359555572271347,1766753037709
2,0.32966524362564087,1766753037853
2,0.10466872900724411,1766753038001
2,0.022797226905822754,1766753038145
2,0.08287312090396881,1766753038293
2,0.05259198695421219,1766753038436
2,0.04090697690844536,1766753038585
2,0.07094705104827881,1766753038733
2,0.3513662815093994,1766753038878
2,0.21185612678527832,1766753039041
2,0.12719634175300598,1766753039214
2,0.08616028726100922,1766753039384
2,0.1394079178571701,1766753039535
2,0.1023431122303009,1766753039688
2,0.2714245617389679,1766753039833
2,0.1457347571849823,1766753039989
2,0.08565359562635422,1766753040142
2,0.01310710608959198,1766753040302
2,0.05733015388250351,1766753040467
2,0.061321791261434555,1766753040650
2,0.035345617681741714,1766753040817
2,0.03398049250245094,1766753040978
2,0.03959721699357033,1766753041130
2,0.23019173741340637,1766753041290
2,0.03855155408382416,1766753041445
2,0.21070191264152527,1766753041601
2,0.1250869780778885,1766753041759
2,0.13247108459472656,1766753041919
2,0.06681440025568008,1766753042077
2,0.1065821498632431,1766753042230
2,0.07485625892877579,1766753042379
2,0.07209819555282593,1766753042533
2,0.0712832510471344,1766753042681
2,0.09750184416770935,1766753042834
2,0.04943828657269478,1766753042982
2,0.0729801207780838,1766753043135
2,0.08152280747890472,1766753043284
2,0.22819294035434723,1766753043437
2,0.03245967626571655,1766753043582
2,0.018376072868704796,1766753043727
2,0.03097721002995968,1766753043871
2,0.1642647534608841,1766753044025
2,0.02248627319931984,1766753044169
2,0.13691255450248718,1766753044313
2,0.047054972499608994,1766753044460
2,0.12200464308261871,1766753044605
2,0.07762162387371063,1766753044764
2,0.05946808308362961,1766753044922
2,0.043193891644477844,1766753045093
2,0.02258661761879921,1766753045247
2,0.10985183715820312,1766753045393
2,0.011956607922911644,1766753045539
2,0.023501882329583168,1766753045690
2,0.020565981045365334,1766753045840
2,0.21156349778175354,1766753045991
2,0.04368964955210686,1766753046149
2,0.15546785295009613,1766753046313
2,0.03781655803322792,1766753046494
2,0.08474145084619522,1766753046655
2,0.060516707599163055,1766753046811
2,0.03811757639050484,1766753046967
2,0.0810878723859787,1766753047127
2,0.14885689318180084,1766753047283
2,0.11143874377012253,1766753047442
2,0.1179770827293396,1766753047600
2,0.1334686428308487,1766753047762
2,0.14760474860668182,1766753047919
2,0.2886672914028168,1766753048067
2,0.0434759221971035,1766753048218
2,0.05078475922346115,1766753048367
2,0.05198059231042862,1766753048519
2,0.33711040019989014,1766753048668
2,0.23571428656578064,1766753048821
2,0.03987831994891167,1766753048970
2,0.17038512229919434,1766753049123
2,0.0570601262152195,1766753049273
2,0.0072889188304543495,1766753049418
2,0.004778238944709301,1766753049563
2,0.0176546648144722,1766753049708
2,0.03006579913198948,1766753049856
2,0.19726888835430145,1766753049999
2,0.1406884342432022,1766753050145
2,0.15330252051353455,1766753050290
2,0.02178921177983284,1766753050434
2,0.09854047745466232,1766753050597
2,0.1658371388912201,1766753050751
2,0.09126416593790054,1766753050922
2,0.03366187587380409,1766753051068
2,0.06651128083467484,1766753051225
2,0.08336496353149414,1766753051370
2,0.06301548331975937,1766753051529
2,0.039436955004930496,1766753051683
2,0.029632290825247765,1766753051837
2,0.0654451996088028,1766753051997
2,0.06474542617797852,1766753052165
2,0.49332955479621887,1766753052344
2,0.06144345924258232,1766753052506
2,0.048893362283706665,1766753052666
2,0.05232059955596924,1766753052818
2,0.12763676047325134,1766753052975
2,0.15351825952529907,1766753053134
2,0.06646687537431717,1766753053294
2,0.31553757190704346,1766753053452
2,0.10476959496736526,1766753053613
2,0.16930891573429108,1766753053765
2,0.031193820759654045,1766753053914
2,0.31888288259506226,1766753054064
2,0.05971856042742729,1766753054215
2,0.17704880237579346,1766753054366
2,0.04529016092419624,1766753054515
2,0.020008699968457222,1766753054673
2,0.36589527130126953,1766753054825
2,0.2368335723876953,1766753054975
2,0.07534493505954742,1766753055127
2,0.05455705150961876,1766753055273
2,0.13891810178756714,1766753055418
2,0.09605856239795685,1766753055562
2,0.07039529830217361,1766753055708
2,0.07587885111570358,1766753055853
2,0.15003736317157745,1766753055998
2,0.0530865378677845,1766753056141
2,0.029663778841495514,1766753056290
2,0.12873439490795135,1766753056447
2,0.030570434406399727,1766753056613
2,0.2695471942424774,1766753056771
2,0.12249557673931122,1766753056919
2,0.12982094287872314,1766753057070
2,0.06296729296445847,1766753057216
2,0.07766015082597733,1766753057369
2,0.05682665854692459,1766753057519
2,0.018830785527825356,1766753057673
2,0.04679969698190689,1766753057832
2,0.04245157912373543,1766753058002
2,0.16657519340515137,1766753058183
2,0.15794819593429565,1766753058342
2,0.017322596162557602,1766753058503
2,0.053960904479026794,1766753058660
2,0.19030480086803436,1766753058820
2,0.006066250614821911,1766753058976
2,0.003357622306793928,1766753059134
2,0.3061518669128418,1766753059296
2,0.13964757323265076,1766753059457
2,0.08394104242324829,1766753059608
2,0.01211131364107132,1766753059762
2,0.12534286081790924,1766753059915
2,0.004211972467601299,1766753060066
2,0.27246057987213135,1766753060215
2,0.03629552572965622,1766753060368
2,0.022470341995358467,1766753060519
2,0.3942776918411255,1766753060671
2,0.07911191135644913,1766753060823
2,0.047544825822114944,1766753060983
2,0.10924435406923294,1766753061131
2,0.008333287201821804,1766753061278
2,0.01270969957113266,1766753061427
2,0.07784219831228256,1766753061572
2,0.0017624858301132917,1766753061719
2,0.05015481635928154,1766753061866
2,0.10754233598709106,1766753062009
2,0.11513800919055939,1766753062175
2,0.009745930321514606,1766753062336
2,0.028400760143995285,1766753062500
2,0.238592728972435,1766753062647
2,0.10429404675960541,1766753062801
2,0.1844882369041443,1766753062951
2,0.16685321927070618,1766753063106
2,0.07310111075639725,1766753063256
2,0.21598762273788452,1766753063408
2,0.027340659871697426,1766753063559
2,0.05403958261013031,1766753063723
2,0.03996825963258743,1766753063890
2,0.006456808187067509,1766753064072
2,0.03056001290678978,1766753064230
2,0.06370874494314194,1766753064393
2,0.15792050957679749,1766753064548
2,0.1065680980682373,1766753064705
2,0.01535927876830101,1766753064865
2,0.008425421081483364,1766753065023
2,0.03914390876889229,1766753065184
2,0.032979946583509445,1766753065336
2,0.1105721965432167,1766753065488
2,0.051787368953228,1766753065640
2,0.04227254539728165,1766753065791
2,0.00930723361670971,1766753065942
2,0.17138542234897614,1766753066091
2,0.0650358572602272,1766753066240
2,0.0317380465567112,1766753066389
2,0.009287404827773571,1766753066545
2,0.13449345529079437,1766753066696
2,0.0871536061167717,1766753066852
2,0.04561109095811844,1766753066996
2,0.14666633307933807,1766753067143
2,0.0575922466814518,1766753067289
2,0.04745998978614807,1766753067432
2,0.0669657438993454,1766753067579
2,0.0035244382452219725,1766753067725
2,0.2346952259540558,1766753067882
2,0.04149070009589195,1766753068041
2,0.12807253003120422,1766753068209
2,0.09741044044494629,1766753068364
2,0.03540989011526108,1766753068509
2,0.14381131529808044,1766753068655
2,0.07997220754623413,1766753068813
2,0.3371029794216156,1766753068966
2,0.051788631826639175,1766753069115
2,0.08445736020803452,1766753069267
2,0.06470286846160889,1766753069420
2,0.03897809982299805,1766753069588
2,0.03609299287199974,1766753069758
2,0.05516206473112106,1766753069942
2,0.17339059710502625,1766753070102
2,0.02348533272743225,1766753070261
2,0.007571820169687271,1766753070414
2,0.07594463229179382,1766753070574
2,0.1785612404346466,1766753070734
2,0.1149611622095108,1766753070891
2,0.010647806338965893,1766753071051
2,0.03965279459953308,1766753071201
2,0.06059059500694275,1766753071352
2,0.20484304428100586,1766753071505
2,0.09961763024330139,1766753071658
2,0.24071064591407776,1766753071808
2,0.0862041562795639,1766753071958
2,0.2512020468711853,1766753072106
2,0.0380072295665741,1766753072257
2,0.03107534721493721,1766753072408
2,0.09279553592205048,1766753072559
2,0.008580051362514496,1766753072711
2,0.06365474313497543,1766753072854
2,0.04424266517162323,1766753073003
2,0.10965914279222488,1766753073147
2,0.014398188330233097,1766753073293
2,0.5514346361160278,1766753073438
2,0.1024567112326622,1766753073584
2,0.030314575880765915,1766753073750
2,0.023072827607393265,1766753073912
2,0.04719190299510956,1766753074086
2,0.0067068529315292835,1766753074234
2,0.129018634557724,1766753074382
2,0.0929785668849945,1766753074528
2,0.08820696175098419,1766753074686
2,0.011213304474949837,1766753074838
2,0.030862774699926376,1766753074991
2,0.061569154262542725,1766753075144
2,0.02863537147641182,1766753075302
2,0.14640741050243378,1766753075475
2,0.4723673164844513,1766753075650
2,0.03262421116232872,1766753075821
2,0.03751898556947708,1766753075974
2,0.16222456097602844,1766753076131
2,0.09447051584720612,1766753076288
2,0.04274751618504524,1766753076448
2,0.291677325963974,1766753076607
2,0.12268437445163727,1766753076767
2,0.21003013849258423,1766753076916
2,0.2014329433441162,1766753077066
2,0.1318044513463974,1766753077215
2,0.14418387413024902,1766753077367
2,0.2179277092218399,1766753077517
2,0.12497015297412872,1766753077666
2,0.13864877820014954,1766753077814
2,0.024016432464122772,1766753077962
2,0.0783982127904892,1766753078115
2,0.15557293593883514,1766753078273
2,0.027726853266358376,1766753078426
2,0.16217932105064392,1766753078576
2,0.07535140961408615,1766753078724
2,0.046934694051742554,1766753078868
2,0.11512729525566101,1766753079012
2,0.22918005287647247,1766753079159
2,0.006321507040411234,1766753079305
2,0.0717160701751709,1766753079461
2,0.11952489614486694,1766753079619
2,0.30052828788757324,1766753079791
2,0.06940088421106339,1766753079945
2,0.06677035987377167,1766753080102
2,0.039823900908231735,1766753080253
2,0.04685404524207115,1766753080404
2,0.004803333431482315,1766753080559
2,0.11543732136487961,1766753080711
2,0.09960804879665375,1766753080864
2,0.03914237022399902,1766753081017
2,0.017536288127303123,1766753081176
2,0.022601652890443802,1766753081343
2,0.1444798707962036,1766753081517
2,0.05518651753664017,1766753081689
2,0.02214275486767292,1766753081843
2,0.2738873064517975,1766753082000
2,0.10935494303703308,1766753082159
2,0.27994823455810547,1766753082318
2,0.1335446536540985,1766753082476
2,0.0656619518995285,1766753082635
2,0.0904875248670578,1766753082787
2,0.03547631576657295,1766753082940
2,0.04937516525387764,1766753083094
2,0.10140273720026016,1766753083247
2,0.06055472791194916,1766753083402
2,0.2036621868610382,1766753083554
2,0.09120890498161316,1766753083704
2,0.023297524079680443,1766753083856
2,0.02368609607219696,1766753084007
2,0.1403709053993225,1766753084169
2,0.030532343313097954,1766753084324
2,0.05852765962481499,1766753084475
2,0.10759896785020828,1766753084619
2,0.16489940881729126,1766753084766
2,0.061293747276067734,1766753084914
2,0.01618880033493042,1766753085059
2,0.15308213233947754,1766753085210
2,0.1202777773141861,1766753085374
2,0.12631791830062866,1766753085544
2,0.05223841965198517,1766753085704
2,0.4258517622947693,1766753085854
2,0.18499311804771423,1766753086002
2,0.01563732512295246,1766753086152
2,0.15855006873607635,1766753086312
2,0.010218331590294838,1766753086467
2,0.01283662486821413,1766753086623
2,0.1402522325515747,1766753086780
2,0.054884493350982666,1766753086934
2,0.009437374770641327,1766753087110
2,0.058654870837926865,1766753087277
2,0.04299170896410942,1766753087452
2,0.06978125870227814,1766753087603
2,0.062398336827754974,1766753087762
2,0.061077944934368134,1766753087915
2,0.15228606760501862,1766753088079
2,0.059574950486421585,1766753088236
2,0.015193815343081951,1766753088394
2,0.014451656490564346,1766753088541
2,0.040699589997529984,1766753088695
2,0.018010221421718597,1766753088845
2,0.03510522097349167,1766753088998
2,0.2429647147655487,1766753089148
2,0.12649524211883545,1766753089300
2,0.007566775195300579,1766753089448
2,0.06796757131814957,1766753089598
2,0.042963746935129166,1766753089747
2,0.08358149230480194,1766753089902
2,0.04113148897886276,1766753090054
2,0.11423030495643616,1766753090209
2,0.17464390397071838,1766753090355
2,0.021591266617178917,1766753090500
2,0.03448145464062691,1766753090648
2,0.16057904064655304,1766753090794
2,0.15108153223991394,1766753090937
2,0.009910894557833672,1766753091101
2,0.12304094433784485,1766753091262
2,0.2627485394477844,1766753091422
2,0.009487960487604141,1766753091564
2,0.0834503099322319,1766753091721
2,0.03210105374455452,1766753091866
2,0.42577818036079407,1766753092026
2,0.09574161469936371,1766753092183
2,0.14424866437911987,1766753092334
2,0.17856214940547943,1766753092491
2,0.06312286853790283,1766753092644
2,0.10442723333835602,1766753092800
2,0.04331957548856735,1766753092974
2,0.11858170479536057,1766753093143
2,0.07263261824846268,1766753093323
2,0.12454298138618469,1766753093476
2,0.0145090501755476,1766753093634
2,0.015312928706407547,1766753093794
2,0.12622322142124176,1766753093953
2,0.0904763862490654,1766753094111
2,0.02965446747839451,1766753094262
2,0.04157830774784088,1766753094412
2,0.04001116752624512,1766753094566
2,0.09776394814252853,1766753094718
2,0.264143705368042,1766753094869
2,0.07894495874643326,1766753095022
2,0.08107074350118637,1766753095172
2,0.06056104227900505,1766753095323
2,0.027363812550902367,1766753095475
2,0.021317271515727043,1766753095631
2,0.00859161652624607,1766753095784
2,0.17679600417613983,1766753095936
2,0.03256067633628845,1766753096090
2,0.13634733855724335,1766753096235
2,0.05573766678571701,1766753096378
2,0.0209322702139616,1766753096523
2,0.26478758454322815,1766753096666
2,0.013106301426887512,1766753096826
2,0.05495871230959892,1766753096985
2,0.07857844233512878,1766753097163
2,0.04119475185871124,1766753097324
2,0.04524336755275726,1766753097478
2,0.14276915788650513,1766753097626
2,0.125137060880661,1766753097782
2,0.005775283556431532,1766753097934
2,0.03984138369560242,1766753098090
2,0.010837843641638756,1766753098243
2,0.12421587109565735,1766753098403
2,0.05314923822879791,1766753098559
2,0.11896190047264099,1766753098723
2,0.02481580339372158,1766753098893
2,0.288486510515213,1766753099074
2,0.13867437839508057,1766753099238
2,0.04553978145122528,1766753099396
2,0.05369231849908829,1766753099552
2,0.01841071806848049,1766753099711
2,0.00348771084100008,1766753099871
2,0.03385825455188751,1766753100023
2,0.03488367050886154,1766753100173
2,0.1022527888417244,1766753100325
2,0.13321898877620697,1766753100480
2,0.11626603454351425,1766753100633
2,0.13094761967658997,1766753100785
2,0.05131647735834122,1766753100940
2,0.08567085862159729,1766753101097
2,0.10191692411899567,1766753101250
2,0.004800348076969385,1766753101405
2,0.11105003952980042,1766753101562
2,0.0396689847111702,1766753101720
2,0.002762437332421541,1766753101880
2,0.016057776287198067,1766753102025
2,0.11382082849740982,1766753102170
2,0.13168925046920776,1766753102315
2,0.06018256023526192,1766753102460
2,0.0047904374077916145,1766753102618
2,0.01588958315551281,1766753102777
2,0.006167231127619743,1766753102945
2,0.08574073761701584,1766753103100
2,0.01471030618995428,1766753103253
2,0.050712838768959045,1766753103400
2,0.02031392604112625,1766753103557
2,0.14405584335327148,1766753103708
2,0.0008104261360131204,1766753103862
2,0.0007459755870513618,1766753104017
2,0.15753953158855438,1766753104173
2,0.044346101582050323,1766753104329
2,0.009689870290458202,1766753104484
2,0.04300546646118164,1766753104656
2,0.22154110670089722,1766753104824
2,0.235871821641922,1766753104999
2,0.013784671202301979,1766753105153
2,0.01991540938615799,1766753105315
2,0.003654519561678171,1766753105469
2,0.10123804956674576,1766753105630
2,0.24248304963111877,1766753105786
2,0.0013258367544040084,1766753105934
2,0.0369555726647377,1766753106083
2,0.11630528420209885,1766753106232
2,0.04668225347995758,1766753106384
2,0.009807192720472813,1766753106536
2,0.009381669573485851,1766753106686
2,0.03975670784711838,1766753106835
2,0.009869838133454323,1766753106984
2,0.03086061216890812,1766753107132
2,0.017477601766586304,1766753107285
2,0.10311021655797958,1766753107440
2,0.10320274531841278,1766753107596
2,0.0353718176484108,1766753107749
2,0.07160227745771408,1766753107894
2,0.31638091802597046,1766753108039
2,0.16322648525238037,1766753108182
2,0.1079426258802414,1766753108326
2,0.16071978211402893,1766753108487
2,0.013365989550948143,1766753108649
2,0.0089009590446949,1766753108806
2,0.06879201531410217,1766753108950
2,0.15107537806034088,1766753109100
2,0.17418132722377777,1766753109246
2,0.005937985610216856,1766753109402
2,0.2033466398715973,1766753109556
2,0.1522621214389801,1766753109716
2,0.14308327436447144,1766753109870
2,0.034741684794425964,1766753110028
2,0.10474812239408493,1766753110182
2,0.06453321129083633,1766753110338
2,0.2565004825592041,1766753110510
2,0.05522514507174492,1766753110682
2,0.03420642018318176,1766753110859
2,0.018077287822961807,1766753111012
2,0.004535126965492964,1766753111171
2,0.17095258831977844,1766753111328
2,0.1411886364221573,1766753111487
2,0.21627464890480042,1766753111639
2,0.10360494256019592,1766753111790
2,0.07879692316055298,1766753111938
2,0.01679559424519539,1766753112089
2,0.052808284759521484,1766753112240
2,0.048847831785678864,1766753112392
2,0.13863541185855865,1766753112542
2,0.11742566525936127,1766753112696
2,0.17729699611663818,1766753112848
2,0.22774596512317657,1766753113002
2,0.04803989827632904,1766753113155
2,0.20331871509552002,1766753113310
2,0.07372037321329117,1766753113467
2,0.0971183180809021,1766753113617
2,0.07833482325077057,1766753113760
2,0.11293420195579529,1766753113906
2,0.10606448352336884,1766753114051
2,0.0762556940317154,1766753114209
2,0.02069392241537571,1766753114365
2,0.1967436671257019,1766753114534
2,0.06306971609592438,1766753114687
2,0.2307702898979187,1766753114834
2,0.07402049005031586,1766753114979
2,0.021634435281157494,1766753115135
2,0.11140921711921692,1766753115290
2,0.1278669834136963,1766753115442
2,0.01130729727447033,1766753115603
2,0.2405969649553299,1766753115757
2,0.06699489802122116,1766753115916
2,0.10978232324123383,1766753116069
2,0.05767105519771576,1766753116230
2,0.20719510316848755,1766753116399
2,0.447832852602005,1766753116583
2,0.22532524168491364,1766753116745
2,0.06950289011001587,1766753116902
2,0.004744695499539375,1766753117057
2,0.02736540511250496,1766753117220
2,0.23843270540237427,1766753117375
2,0.1677156686782837,1766753117524
2,0.1955741047859192,1766753117676
2,0.09506674110889435,1766753117830
2,0.07852225750684738,1766753117981
2,0.030853867530822754,1766753118134
2,0.06534191220998764,1766753118284
2,0.19205082952976227,1766753118441
2,0.058897897601127625,1766753118591
2,0.017285265028476715,1766753118742
3,0.1445883810520172,1766753118885
3,0.054402392357587814,1766753119041
3,0.12477394938468933,1766753119191
3,0.09111673384904861,1766753119345
3,0.017389025539159775,1766753119490
3,0.15784960985183716,1766753119639
3,0.07215869426727295,1766753119782
3,0.0478227324783802,1766753119934
3,0.10421837866306305,1766753120094
3,0.0017420098884031177,1766753120262
3,0.011596163734793663,1766753120418
3,0.05682596191763878,1766753120563
3,0.011585130356252193,1766753120712
3,0.028197577223181725,1766753120856
3,0.0038077514618635178,1766753121007
3,0.03683112934231758,1766753121162
3,0.08401283621788025,1766753121315
3,0.06795071065425873,1766753121470
3,0.06554453074932098,1766753121627
3,0.10931293666362762,1766753121785
3,0.16883349418640137,1766753121938
3,0.11080323159694672,1766753122101
3,0.03183475136756897,1766753122264
3,0.01860370859503746,1766753122441
3,0.09242208302021027,1766753122605
3,0.027285978198051453,1766753122765
3,0.03586703911423683,1766753122922
3,0.0012844178127124906,1766753123080
3,0.0034378881100565195,1766753123229
3,0.06100863590836525,1766753123376
3,0.009914124384522438,1766753123524
3,0.011566055938601494,1766753123677
3,0.021274760365486145,1766753123827
3,0.049619391560554504,1766753123979
3,0.05967262387275696,1766753124131
3,0.14005151391029358,1766753124281
3,0.016297727823257446,1766753124434
3,0.11072687059640884,1766753124587
3,0.005387548357248306,1766753124736
3,0.2122410237789154,1766753124891
3,0.09098472446203232,1766753125044
3,0.01815815269947052,1766753125199
3,0.18513427674770355,1766753125344
3,0.023520005866885185,1766753125491
3,0.011763518676161766,1766753125635
3,0.004735867492854595,1766753125793
3,0.007821890525519848,1766753125946
3,0.08798449486494064,1766753126111
3,0.2828640043735504,1766753126262
3,0.5601403713226318,1766753126413
3,0.0542277917265892,1766753126556
3,0.06764785200357437,1766753126714
3,0.03140628710389137,1766753126866
3,0.10701540857553482,1766753127016
3,0.0684601217508316,1766753127168
3,0.08570797741413116,1766753127326
3,0.0387924462556839,1766753127480
3,0.17700596153736115,1766753127643
3,0.12330282479524612,1766753127794
3,0.05909037962555885,1766753127958
3,0.42008858919143677,1766753128123
3,0.07655580341815948,1766753128298
3,0.14511844515800476,1766753128459
3,0.12771373987197876,1766753128615
3,0.13051553070545197,1766753128769
3,0.02126738801598549,1766753128927
3,0.03507919982075691,1766753129076
3,0.041127778589725494,1766753129225
3,0.19880667328834534,1766753129373
3,0.022061225026845932,1766753129524
3,0.058391720056533813,1766753129674
3,0.07133758068084717,1766753129824
3,0.10698196291923523,1766753129976
3,0.02996387518942356,1766753130128
3,0.06254927068948746,1766753130276
3,0.03973526507616043,1766753130429
3,0.08369771391153336,1766753130581
3,0.04739179089665413,1766753130736
3,0.18672649562358856,1766753130894
3,0.19545437395572662,1766753131046
3,0.09857694804668427,1766753131194
3,0.20995907485485077,1766753131340
3,0.08010013401508331,1766753131485
3,0.006150958128273487,1766753131648
3,0.009033525362610817,1766753131815
3,0.13528355956077576,1766753131974
3,0.028507087379693985,1766753132121
3,0.14603513479232788,1766753132271
3,0.1255386918783188,1766753132416
3,0.2794674038887024,1766753132569
3,0.12676572799682617,1766753132722
3,0.09420263022184372,1766753132875
3,0.0797562226653099,1766753133031
3,0.03866588696837425,1766753133185
3,0.02878798544406891,1766753133342
3,0.15449880063533783,1766753133496
3,0.027812043204903603,1766753133650
3,0.11103274673223495,1766753133816
3,0.007607534993439913,1766753133978
3,0.07427928596735,1766753134159
3,0.02356601692736149,1766753134316
3,0.041451532393693924,1766753134475
3,0.17603787779808044,1766753134630
3,0.21239802241325378,1766753134783
3,0.0822383388876915,1766753134931
3,0.0701695904135704,1766753135080
3,0.07479898631572723,1766753135229
3,0.07886812090873718,1766753135378
3,0.026819763705134392,1766753135533
3,0.21327418088912964,1766753135683
3,0.022475715726614,1766753135832
3,0.054773587733507156,1766753135985
3,0.07013162970542908,1766753136139
3,0.0276039969176054,1766753136289
3,0.19109244644641876,1766753136441
3,0.022641725838184357,1766753136597
3,0.06649477779865265,1766753136749
3,0.22180894017219543,1766753136902
3,0.040406521409749985,1766753137045
3,0.06587435305118561,1766753137192
3,0.019963223487138748,1766753137347
3,0.07803771644830704,1766753137504
3,0.10964767634868622,1766753137671
3,0.03926681727170944,1766753137825
3,0.002246817573904991,1766753137974
3,0.07344066351652145,1766753138123
3,0.11954006552696228,1766753138273
3,0.06640445441007614,1766753138432
3,0.08916816115379333,1766753138584
3,0.13165989518165588,1766753138739
3,0.014533954672515392,1766753138894
3,0.006779903080314398,1766753139052
3,0.19859789311885834,1766753139204
3,0.05670953914523125,1766753139359
3,0.037275806069374084,1766753139511
3,0.059793245047330856,1766753139681
3,0.04489205405116081,1766753139848
3,0.010197039693593979,1766753140027
3,0.006228336598724127,1766753140185
3,0.022993752732872963,1766753140345
3,0.03593945503234863,1766753140496
3,0.11379213631153107,1766753140649
3,0.09912661463022232,1766753140798
3,0.13863544166088104,1766753140946
3,0.03943013399839401,1766753141095
3,0.1315334290266037,1766753141250
3,0.082150399684906,1766753141401
3,0.014923681505024433,1766753141552
3,0.060991715639829636,1766753141700
3,0.02896232157945633,1766753141851
3,0.016654428094625473,1766753142003
3,0.03560889512300491,1766753142160
3,0.0055147577077150345,1766753142312
3,0.025254782289266586,1766753142469
3,0.046111077070236206,1766753142623
3,0.24849167466163635,1766753142780
3,0.07004059106111526,1766753142924
3,0.11167872697114944,1766753143077
3,0.038089487701654434,1766753143236
3,0.08705641329288483,1766753143401
3,0.03585902974009514,1766753143560
3,0.07751059532165527,1766753143705
3,0.012247707694768906,1766753143856
3,0.07362526655197144,1766753143999
3,0.13627466559410095,1766753144152
3,0.04998094215989113,1766753144305
3,0.07501684129238129,1766753144456
3,0.03956213593482971,1766753144609
3,0.0009707518038339913,1766753144768
3,0.14482446014881134,1766753144926
3,0.002647962886840105,1766753145082
3,0.11516984552145004,1766753145237
3,0.2923159599304199,1766753145389
3,0.11343195289373398,1766753145563
3,0.015227219089865685,1766753145736
3,0.054495468735694885,1766753145906
3,0.04104246199131012,1766753146060
3,0.13086773455142975,1766753146218
3,0.19242238998413086,1766753146363
3,0.10154122859239578,1766753146517
3,0.027519503608345985,1766753146665
3,0.04134191572666168,1766753146816
3,0.04747391864657402,1766753146965
3,0.11282053589820862,1766753147115
3,0.08382356911897659,1766753147266
3,0.19551044702529907,1766753147425
3,0.22268390655517578,1766753147576
3,0.07718407362699509,1766753147730
3,0.06071062758564949,1766753147882
3,0.0874718576669693,1766753148033
3,0.05922626331448555,1766753148191
3,0.07083170115947723,1766753148344
3,0.01819729246199131,1766753148499
3,0.14751312136650085,1766753148650
3,0.0662229135632515,1766753148797
3,0.05045096576213837,1766753148958
3,0.13224974274635315,1766753149119
3,0.02391098625957966,1766753149278
3,0.12434619665145874,1766753149422
3,0.09697169065475464,1766753149570
3,0.1944950819015503,1766753149713
3,0.031907614320516586,1766753149864
3,0.007682758383452892,1766753150013
3,0.09728840738534927,1766753150166
3,0.007270478643476963,1766753150319
3,0.05377941578626633,1766753150476
3,0.044500112533569336,1766753150636
3,0.06612163037061691,1766753150790
3,0.19288890063762665,1766753150944
3,0.016833897680044174,1766753151098
3,0.25083914399147034,1766753151248
3,0.10402995347976685,1766753151417
3,0.12536104023456573,1766753151589
3,0.07953371107578278,1766753151763
3,0.03343364596366882,1766753151917
3,0.012799341231584549,1766753152070
3,0.08437561243772507,1766753152213
3,0.0937173068523407,1766753152366
3,0.12832964956760406,1766753152515
3,0.0721045434474945,1766753152664
3,0.31992530822753906,1766753152816
3,0.06828384101390839,1766753152966
3,0.16111920773983002,1766753153116
3,0.068254753947258,1766753153267
3,0.3361888527870178,1766753153421
3,0.023861970752477646,1766753153574
3,0.10807964950799942,1766753153727
3,0.04652925953269005,1766753153882
3,0.06573601067066193,1766753154038
3,0.01680791936814785,1766753154191
3,0.15501971542835236,1766753154346
3,0.08924844115972519,1766753154495
3,0.09194261580705643,1766753154649
3,0.09236849099397659,1766753154809
3,0.11249348521232605,1766753154976
3,0.19857725501060486,1766753155134
3,0.2343740463256836,1766753155277
3,0.03557443991303444,1766753155423
3,0.0518912598490715,1766753155569
3,0.06922417134046555,1766753155720
3,0.0061292084865272045,1766753155870
3,0.2457086145877838,1766753156026
3,0.047010842710733414,1766753156180
3,0.25246280431747437,1766753156335
3,0.16514268517494202,1766753156491
3,0.4636189043521881,1766753156647
3,0.06751826405525208,1766753156801
3,0.02579815872013569,1766753156956
3,0.04324999079108238,1766753157107
3,0.11589354276657104,1766753157289
3,0.008793897926807404,1766753157462
3,0.04592672362923622,1766753157630
3,0.08787503838539124,1766753157782
3,0.08950918167829514,1766753157928
3,0.12326707690954208,1766753158075
3,0.047081343829631805,1766753158226
3,0.10860687494277954,1766753158377
3,0.12719443440437317,1766753158528
3,0.07010442018508911,1766753158681
3,0.023067643865942955,1766753158831
3,0.09057498723268509,1766753158985
3,0.06681712716817856,1766753159135
3,0.08079788833856583,1766753159292
3,0.12159889191389084,1766753159448
3,0.07684186100959778,1766753159600
3,0.0483754426240921,1766753159759
3,0.046523187309503555,1766753159913
3,0.015156297013163567,1766753160070
3,0.053082648664712906,1766753160223
3,0.023818090558052063,1766753160374
3,0.24150723218917847,1766753160537
3,0.0059897638857364655,1766753160701
3,0.029266605153679848,1766753160863
3,0.033051881939172745,1766753161012
3,0.07444295287132263,1766753161158
3,0.08892256021499634,1766753161304
3,0.025645971298217773,1766753161456
3,0.06025925651192665,1766753161606
3,0.05865217000246048,1766753161756
3,0.06297966092824936,1766753161908
3,0.13468265533447266,1766753162064
3,0.09022635966539383,1766753162217
3,0.038273803889751434,1766753162374
3,0.1622982621192932,1766753162524
3,0.0665212944149971,1766753162682
3,0.05331965163350105,1766753162842
3,0.07316143065690994,1766753163001
3,0.09256735444068909,1766753163168
3,0.03564544767141342,1766753163346
3,0.24596735835075378,1766753163510
3,0.01399720087647438,1766753163660
3,0.08893701434135437,1766753163805
3,0.019421393051743507,1766753163952
3,0.01538605522364378,1766753164104
3,0.00282754166983068,1766753164252
3,0.00823510717600584,1766753164403
3,0.022603167220950127,1766753164551
3,0.043595895171165466,1766753164700
3,0.36910420656204224,1766753164851
3,0.00442102923989296,1766753165000
3,0.06250186264514923,1766753165153
3,0.3581629991531372,1766753165306
3,0.29493632912635803,1766753165456
3,0.05702546238899231,1766753165606
3,0.14192435145378113,1766753165757
3,0.21401849389076233,1766753165911
3,0.1625482738018036,1766753166063
3,0.46918532252311707,1766753166221
3,0.10995578020811081,1766753166380
3,0.20300054550170898,1766753166553
3,0.04987403750419617,1766753166706
3,0.08330844342708588,1766753166852
3,0.056365810334682465,1766753166997
3,0.010986761189997196,1766753167147
3,0.04495154693722725,1766753167300
3,0.15376132726669312,1766753167450
3,0.14150622487068176,1766753167600
3,0.06643936783075333,1766753167754
3,0.05257270112633705,1766753167911
3,0.05365009605884552,1766753168066
3,0.053863100707530975,1766753168227
3,0.140584796667099,1766753168381
3,0.021678710356354713,1766753168534
3,0.1770118772983551,1766753168686
3,0.03243054077029228,1766753168848
3,0.19552472233772278,1766753169015
3,0.09224184602499008,1766753169193
3,0.12339567393064499,1766753169354
3,0.1033874899148941,1766753169499
3,0.08564719557762146,1766753169642
3,0.13802117109298706,1766753169789
3,0.07980232685804367,1766753169939
3,0.08163376152515411,1766753170087
3,0.053771957755088806,1766753170237
3,0.027703147381544113,1766753170385
3,0.06817339360713959,1766753170537
3,0.07416857779026031,1766753170689
3,0.04573822021484375,1766753170844
3,0.07344432920217514,1766753170997
3,0.1163444072008133,1766753171148
3,0.02275118976831436,1766753171304
3,0.05959249287843704,1766753171455
3,0.07198110967874527,1766753171608
3,0.050258442759513855,1766753171759
3,0.04022485390305519,1766753171913
3,0.0563991516828537,1766753172080
3,0.0515408031642437,1766753172233
3,0.03334534913301468,1766753172394
3,0.008353231474757195,1766753172540
3,0.01043736469000578,1766753172688
3,0.08919154107570648,1766753172832
3,0.06043257564306259,1766753172983
3,0.020282555371522903,1766753173131
3,0.02568688616156578,1766753173279
3,0.07546941936016083,1766753173427
3,0.04127354919910431,1766753173580
3,0.020816601812839508,1766753173733
3,0.0024793832562863827,1766753173887
3,0.13903354108333588,1766753174043
3,0.009702339768409729,1766753174198
3,0.11358499526977539,1766753174356
3,0.021469388157129288,1766753174509
3,0.09650012850761414,1766753174667
3,0.06127430498600006,1766753174833
3,0.18836332857608795,1766753175005
3,0.09198340028524399,1766753175173
3,0.09384453296661377,1766753175316
3,0.040139030665159225,1766753175462
3,0.08629787713289261,1766753175606
3,0.17171770334243774,1766753175758
3,0.4272443354129791,1766753175910
3,0.08659335970878601,1766753176061
3,0.05371187627315521,1766753176212
3,0.23513221740722656,1766753176369
3,0.08233914524316788,1766753176521
3,0.10780587047338486,1766753176679
3,0.013778469525277615,1766753176831
3,0.012603742070496082,1766753176984
3,0.00978969968855381,1766753177137
3,0.014405588619410992,1766753177288
3,0.0043438635766506195,1766753177441
3,0.20750632882118225,1766753177593
3,0.06337834894657135,1766753177745
3,0.031003158539533615,1766753177913
3,0.10696941614151001,1766753178076
3,0.11208675801753998,1766753178238
3,0.2973758280277252,1766753178383
3,0.06903650611639023,1766753178534
3,0.09025423973798752,1766753178678
3,0.003615978406742215,1766753178831
3,0.13170218467712402,1766753178984
3,0.02455040253698826,1766753179133
3,0.10151629149913788,1766753179285
3,0.04529667645692825,1766753179439
3,0.0030641534831374884,1766753179593
3,0.0434190109372139,1766753179749
3,0.10345443338155746,1766753179907
3,0.0735832154750824,1766753180058
3,0.18198195099830627,1766753180211
3,0.122248075902462,1766753180363
3,0.188857764005661,1766753180522
3,0.017489779740571976,1766753180687
3,0.005975101143121719,1766753180863
3,0.15689851343631744,1766753181021
3,0.0013296628603711724,1766753181166
3,0.034524496644735336,1766753181314
3,0.07274286448955536,1766753181460
3,0.008063708432018757,1766753181613
3,0.1264970600605011,1766753181762
3,0.0354468859732151,1766753181913
3,0.05603393167257309,1766753182062
3,0.20047900080680847,1766753182213
3,0.009098099544644356,1766753182366
3,0.12504485249519348,1766753182521
3,0.156030535697937,1766753182678
3,0.017803240567445755,1766753182835
3,0.005411816760897636,1766753182988
3,0.005174426361918449,1766753183141
3,0.007111802231520414,1766753183296
3,0.06816119700670242,1766753183450
3,0.01278802752494812,1766753183616
3,0.05364779382944107,1766753183773
3,0.0015416566748172045,1766753183936
3,0.012088227085769176,1766753184085
3,0.14566290378570557,1766753184236
3,0.04816081374883652,1766753184381
3,0.06261508911848068,1766753184534
3,0.1109575554728508,1766753184683
3,0.1022670641541481,1766753184834
3,0.2076234072446823,1766753184984
3,0.06711214780807495,1766753185136
3,0.010174538008868694,1766753185291
3,0.039790160953998566,1766753185447
3,0.043991997838020325,1766753185600
3,0.04857344180345535,1766753185758
3,0.0037308386527001858,1766753185912
3,0.008476072922348976,1766753186064
3,0.10633894801139832,1766753186217
3,0.07813630998134613,1766753186377
3,0.11745059490203857,1766753186544
3,0.01085998211055994,1766753186725
3,0.010113965719938278,1766753186876
3,0.0006687138811685145,1766753187020
3,0.1042502224445343,1766753187170
3,0.009545354172587395,1766753187319
3,0.026318620890378952,1766753187469
3,0.0056992340832948685,1766753187618
3,0.08219984918832779,1766753187768
3,0.062196895480155945,1766753187921
3,0.06280030310153961,1766753188073
3,0.009206818416714668,1766753188229
3,0.05977296084165573,1766753188383
3,0.01137426495552063,1766753188541
3,0.02303183078765869,1766753188698
3,0.14195406436920166,1766753188849
3,0.06382495909929276,1766753189004
3,0.017143553122878075,1766753189155
3,0.029071403667330742,1766753189307
3,0.1568772792816162,1766753189479
3,0.6309279799461365,1766753189645
3,0.0046971384435892105,1766753189806
3,0.006879162508994341,1766753189952
3,0.20806802809238434,1766753190100
3,0.0906689465045929,1766753190245
3,0.06355356425046921,1766753190396
3,0.4527689218521118,1766753190550
3,0.009220865555107594,1766753190700
3,0.4173947870731354,1766753190854
3,0.004053520504385233,1766753191010
3,0.025827951729297638,1766753191168
3,0.03671223297715187,1766753191324
3,0.3081457316875458,1766753191480
3,0.12527455389499664,1766753191632
3,0.032105788588523865,1766753191788
3,0.1890527307987213,1766753191942
3,0.0755799263715744,1766753192094
3,0.08447158336639404,1766753192260
3,0.09479862451553345,1766753192426
3,0.15797042846679688,1766753192594
3,0.1076972633600235,1766753192745
3,0.06880705058574677,1766753192896
3,0.058696359395980835,1766753193042
3,0.09292610734701157,1766753193191
3,0.1464245766401291,1766753193340
3,0.045766495168209076,1766753193489
3,0.017750125378370285,1766753193643
3,0.04084567725658417,1766753193793
3,0.08579641580581665,1766753193949
3,0.004349417053163052,1766753194102
3,0.22448591887950897,1766753194258
3,0.10259541869163513,1766753194414
3,0.09295101463794708,1766753194567
3,0.31127917766571045,1766753194719
3,0.06944754719734192,1766753194869
3,0.024144984781742096,1766753195021
3,0.18729400634765625,1766753195185
3,0.035198766738176346,1766753195349
3,0.18218033015727997,1766753195514
3,0.020426129922270775,1766753195664
3,0.023275619372725487,1766753195816
3,0.12864932417869568,1766753195961
3,0.04233003780245781,1766753196116
3,0.1298644244670868,1766753196267
3,0.013561807572841644,1766753196420
3,0.22835473716259003,1766753196572
3,0.04360378161072731,1766753196730
3,0.020874975249171257,1766753196889
3,0.01775490492582321,1766753197045
3,0.16044065356254578,1766753197202
3,0.10492625832557678,1766753197357
3,0.06549063324928284,1766753197512
3,0.04393918812274933,1766753197664
3,0.02046486735343933,1766753197821
3,0.03224591538310051,1766753197975
3,0.011430157348513603,1766753198146
3,0.05769534036517143,1766753198315
3,0.04579336941242218,1766753198474
3,0.019421204924583435,1766753198619
3,0.08440136909484863,1766753198767
3,0.05249599739909172,1766753198910
3,0.06002156808972359,1766753199062
3,0.057249218225479126,1766753199211
3,0.2567638158798218,1766753199359
3,0.03514306992292404,1766753199511
3,0.04278434067964554,1766753199661
3,0.014337248168885708,1766753199820
3,0.08769229799509048,1766753199972
3,0.04170400649309158,1766753200125
3,0.0088750459253788,1766753200281
3,0.33175739645957947,1766753200433
3,0.10559864342212677,1766753200586
3,0.024364298209547997,1766753200736
3,0.032357748597860336,1766753200891
3,0.1040976420044899,1766753201058
3,0.09622955322265625,1766753201234
3,0.012750715017318726,1766753201390
3,0.02878883294761181,1766753201533
3,0.010287887416779995,1766753201681
3,0.04185047745704651,1766753201826
3,0.054389845579862595,1766753201976
3,0.5271812081336975,1766753202126
3,0.019243834540247917,1766753202276
3,0.08375480771064758,1766753202427
3,0.17696790397167206,1766753202579
3,0.11807653307914734,1766753202733
3,0.17754076421260834,1766753202888
3,0.04422108829021454,1766753203040
3,0.036093730479478836,1766753203199
3,0.058792661875486374,1766753203351
3,0.028321322053670883,1766753203505
3,0.006206018850207329,1766753203659
3,0.05253865197300911,1766753203811
3,0.043265096843242645,1766753203982
3,0.08562274277210236,1766753204138
3,0.2179865539073944,1766753204298
3,0.02346339263021946,1766753204443
3,0.09258761256933212,1766753204594
3,0.02224832773208618,1766753204738
3,0.012061456218361855,1766753204889
3,0.08734723180532455,1766753205038
3,0.06406742334365845,1766753205190
3,0.12039339542388916,1766753205339
3,0.016342518851161003,1766753205492
3,0.10171326994895935,1766753205645
3,0.03291633352637291,1766753205799
3,0.03616388514637947,1766753205953
3,0.0655893087387085,1766753206111
3,0.017785806208848953,1766753206262
3,0.03739539906382561,1766753206418
3,0.1373787522315979,1766753206572
3,0.06352110207080841,1766753206741
3,0.02542657032608986,1766753206906
3,0.08225499093532562,1766753207086
3,0.01382999587804079,1766753207236
3,0.15834468603134155,1766753207388
3,0.06548677384853363,1766753207533
3,0.048139069229364395,1766753207685
3,0.14355213940143585,1766753207836
3,0.08706846833229065,1766753207989
3,0.07572132349014282,1766753208139
3,0.029918543994426727,1766753208293
3,0.03822648525238037,1766753208448
3,0.03283641114830971,1766753208605
3,0.012986704707145691,1766753208758
3,0.01912992261350155,1766753208913
3,0.0066911568865180016,1766753209075
3,0.012847804464399815,1766753209229
3,0.07501932233572006,1766753209384
3,0.004219542723149061,1766753209538
3,0.10026172548532486,1766753209694
3,0.07613145560026169,1766753209865
3,0.09680470824241638,1766753210028
3,0.050912849605083466,1766753210186
3,0.055139344185590744,1766753210330
3,0.31450605392456055,1766753210478
3,0.09557045996189117,1766753210622
3,0.6641519665718079,1766753210778
3,0.15548481047153473,1766753210927
3,0.059440288692712784,1766753211076
3,0.06390567868947983,1766753211225
3,0.06843585520982742,1766753211388
3,0.19727188348770142,1766753211546
3,0.12265102565288544,1766753211701
3,0.0049854544922709465,1766753211854
3,0.011291095055639744,1766753212008
3,0.022091271355748177,1766753212160
3,0.10061603784561157,1766753212317
3,0.02004893310368061,1766753212469
3,0.08675217628479004,1766753212643
3,0.10252247750759125,1766753212817
3,0.13704675436019897,1766753212988
3,0.07994736731052399,1766753213131
3,0.043726883828639984,1766753213276
3,0.07695789635181427,1766753213419
3,0.05530796945095062,1766753213574
3,0.0844552218914032,1766753213723
3,0.043493252247571945,1766753213877
3,0.11343518644571304,1766753214028
3,0.14068683981895447,1766753214181
3,0.11088468879461288,1766753214334
3,0.01210637204349041,1766753214491
3,0.20686538517475128,1766753214643
3,0.0793825313448906,1766753214796
3,0.09370845556259155,1766753214951
3,0.010144572705030441,1766753215104
3,0.016855983063578606,1766753215256
3,0.001963196787983179,1766753215412
3,0.16596993803977966,1766753215565
3,0.10723971575498581,1766753215731
3,0.025681884959340096,1766753215894
3,0.007442290894687176,1766753216053
3,0.013137191534042358,1766753216198
3,0.051635220646858215,1766753216350
3,0.08823356032371521,1766753216493
3,0.03929704800248146,1766753216646
3,0.1956264078617096,1766753216794
3,0.3032889664173126,1766753216943
3,0.04977928102016449,1766753217092
3,0.04319845512509346,1766753217261
3,0.03035970963537693,1766753217418
3,0.04444434493780136,1766753217577
3,0.4551408886909485,1766753217733
3,0.11019919812679291,1766753217886
3,0.015342502854764462,1766753218038
3,0.18762671947479248,1766753218189
3,0.01196332462131977,1766753218359
3,0.0295881275087595,1766753218524
3,0.045524854212999344,1766753218700
3,0.014863992109894753,1766753218848
3,0.04238796606659889,1766753218999
3,0.09161339700222015,1766753219144
3,0.11847323179244995,1766753219301
3,0.2646624445915222,1766753219449
3,0.0871066302061081,1766753219599
3,0.1148838996887207,1766753219750
3,0.04045717418193817,1766753219902
3,0.02681751735508442,1766753220054
3,0.09586326032876968,1766753220209
3,0.0462135374546051,1766753220359
3,0.04521312564611435,1766753220515
3,0.20331719517707825,1766753220667
3,0.00690624350681901,1766753220824
3,0.029592297971248627,1766753220975
3,0.030491996556520462,1766753221136
3,0.05982934683561325,1766753221288
3,0.10924266278743744,1766753221450
3,0.0597798153758049,1766753221608
3,0.060774315148591995,1766753221782
3,0.028462033718824387,1766753221934
3,0.07004161924123764,1766753222081
3,0.1187116801738739,1766753222226
3,0.012556207366287708,1766753222375
3,0.023551713675260544,1766753222527
3,0.043105777353048325,1766753222677
3,0.02203582227230072,1766753222828
3,0.08647376298904419,1766753222983
3,0.03975638747215271,1766753223137
3,0.07856392860412598,1766753223294
3,0.01526299025863409,1766753223458
3,0.08326651901006699,1766753223618
3,0.015248565934598446,1766753223774
3,0.06288807839155197,1766753223927
3,0.20548443496227264,1766753224093
3,0.014432811178267002,1766753224260
3,0.1248479038476944,1766753224441
3,0.003921135328710079,1766753224607
3,0.02372761070728302,1766753224757
3,0.008060364052653313,1766753224903
3,0.17158548533916473,1766753225057
3,0.07254147529602051,1766753225209
3,0.007868137210607529,1766753225364
3,0.14293836057186127,1766753225517
3,0.04802391678094864,1766753225672
3,0.17275485396385193,1766753225825
3,0.02595001459121704,1766753225982
3,0.1429750621318817,1766753226136
3,0.07805696129798889,1766753226291
3,0.089069664478302,1766753226445
3,0.15786442160606384,1766753226607
3,0.08379192650318146,1766753226765
3,0.11672155559062958,1766753226922
3,0.07033149152994156,1766753227076
3,0.015500940382480621,1766753227234
3,0.2349323332309723,1766753227397
3,0.026792526245117188,1766753227560
3,0.045134808868169785,1766753227721
3,0.05553945526480675,1766753227865
3,0.023436374962329865,1766753228015
3,0.00932551920413971,1766753228159
3,0.11918799579143524,1766753228312
3,0.13628819584846497,1766753228464
3,0.09516789019107819,1766753228614
3,0.1926727592945099,1766753228766
3,0.2556939721107483,1766753228920
3,0.07840439677238464,1766753229077
3,0.1226009950041771,1766753229237
3,0.09382327646017075,1766753229393
3,0.03846820443868637,1766753229549
3,0.11016643792390823,1766753229702
3,0.06586707383394241,1766753229860
3,0.07742676138877869,1766753230025
3,0.2286200374364853,1766753230205
3,0.06509508937597275,1766753230366
3,0.14724494516849518,1766753230521
3,0.031723152846097946,1766753230666
3,0.07679738104343414,1766753230816
3,0.06766001135110855,1766753230967
3,0.1902654618024826,1766753231120
3,0.18050476908683777,1766753231270
3,0.12817823886871338,1766753231423
3,0.15206484496593475,1766753231577
3,0.056783195585012436,1766753231732
3,0.05787690728902817,1766753231888
3,0.05871350318193436,1766753232045
3,0.14612160623073578,1766753232199
3,0.12589803338050842,1766753232352
3,0.14879553020000458,1766753232511
3,0.12525388598442078,1766753232665
3,0.06841816008090973,1766753232821
3,0.01189451478421688,1766753232976
3,0.11098987609148026,1766753233128
3,0.10051211714744568,1766753233287
3,0.13381536304950714,1766753233454
3,0.04259520396590233,1766753233611
3,0.04712070897221565,1766753233758
3,0.03806276619434357,1766753233905
3,0.004865423776209354,1766753234051
3,0.14072628319263458,1766753234202
3,0.10200320184230804,1766753234354
3,0.10314641147851944,1766753234510
3,0.034377504140138626,1766753234661
3,0.01136668212711811,1766753234814
3,0.01848931983113289,1766753234973
3,0.05167536437511444,1766753235126
3,0.008301430381834507,1766753235279
3,0.03152629733085632,1766753235434
3,0.21411439776420593,1766753235584
3,0.26058250665664673,1766753235756
3,0.1994725912809372,1766753235926
3,0.10798805207014084,1766753236102
3,0.09249183535575867,1766753236256
3,0.016231916844844818,1766753236405
3,0.013374789617955685,1766753236553
3,0.07862690836191177,1766753236704
3,0.028342626988887787,1766753236856
3,0.022067025303840637,1766753237006
3,0.009807861410081387,1766753237161
3,0.05257455259561539,1766753237316
3,0.012258009985089302,1766753237471
3,0.07652471959590912,1766753237623
3,0.12089242041110992,1766753237779
3,0.1017012745141983,1766753237931
3,0.09621861577033997,1766753238085
3,0.07169697433710098,1766753238238
3,0.041105717420578,1766753238396
3,0.08534691482782364,1766753238549
3,0.019933808594942093,1766753238707
3,0.05642147362232208,1766753238856
3,0.0715370923280716,1766753239016
3,0.047027021646499634,1766753239172
3,0.008546690456569195,1766753239345
3,0.052972812205553055,1766753239494
3,0.05939434468746185,1766753239639
3,0.03172329068183899,1766753239783
3,0.09677209705114365,1766753239931
3,0.06303684413433075,1766753240084
3,0.034436531364917755,1766753240238
3,0.045711830258369446,1766753240388
3,0.12884704768657684,1766753240542
3,0.06480658054351807,1766753240696
3,0.04900500923395157,1766753240851
3,0.03537211939692497,1766753241002
3,0.3063323497772217,1766753241162
3,0.13949233293533325,1766753241312
3,0.06434307992458344,1766753241477
3,0.18785756826400757,1766753241638
3,0.047768957912921906,1766753241813
3,0.0027264063246548176,1766753241973
3,0.044758204370737076,1766753242134
3,0.05992032587528229,1766753242279
3,0.006674021948128939,1766753242433
3,0.08072110265493393,1766753242582
3,0.23116852343082428,1766753242734
3,0.000918838893994689,1766753242889
3,0.056603074073791504,1766753243041
3,0.014161225408315659,1766753243197
3,0.014370969496667385,1766753243350
3,0.09395550936460495,1766753243502
3,0.017215905711054802,1766753243659
3,0.11857491731643677,1766753243810
3,0.061311669647693634,1766753243964
3,0.1594366431236267,1766753244116
3,0.0034606531262397766,1766753244272
3,0.06969346851110458,1766753244427
3,0.2262648493051529,1766753244581
3,0.1370772123336792,1766753244724
3,0.1787380427122116,1766753244883
3,0.10193891078233719,1766753245036
3,0.16678693890571594,1766753245210
3,0.03180675208568573,1766753245356
3,0.04849311709403992,1766753245505
3,0.03729989379644394,1766753245650
3,0.007889078930020332,1766753245796
3,0.15109547972679138,1766753245945
3,0.09663893282413483,1766753246097
3,0.22442594170570374,1766753246251
3,0.004017037805169821,1766753246406
3,0.010864224284887314,1766753246563
3,0.09066298604011536,1766753246717
3,0.013025050051510334,1766753246870
3,0.1814734786748886,1766753247021
3,0.1549178659915924,1766753247170
3,0.02710605598986149,1766753247340
3,0.045454345643520355,1766753247510
3,0.05079485476016998,1766753247679
3,0.03575669974088669,1766753247832
3,0.05228177085518837,1766753247990
3,0.010571439750492573,1766753248140
3,0.0711442083120346,1766753248292
3,0.17282114923000336,1766753248442
3,0.02091355249285698,1766753248594
3,0.2888427972793579,1766753248746
3,0.027103278785943985,1766753248901
3,0.09956575930118561,1766753249054
3,0.05278095602989197,1766753249207
3,0.16647294163703918,1766753249358
3,0.13622328639030457,1766753249513
3,0.03556196391582489,1766753249667
3,0.07370518893003464,1766753249819
3,0.1781754344701767,1766753249976
3,0.035698264837265015,1766753250130
3,0.07628040760755539,1766753250282
3,0.11705713719129562,1766753250431
3,0.047846172004938126,1766753250573
3,0.0473128966987133,1766753250729
3,0.06701691448688507,1766753250885
3,0.06119929254055023,1766753251052
3,0.021792873740196228,1766753251203
3,0.0012505452614277601,1766753251354
3,0.0321110375225544,1766753251497
3,0.07889293134212494,1766753251646
3,0.0015987291699275374,1766753251800
3,0.03481844812631607,1766753251954
3,0.03887851536273956,1766753252111
3,0.06308413296937943,1766753252265
3,0.15889909863471985,1766753252419
3,0.040100887417793274,1766753252573
3,0.06660019606351852,1766753252729
3,0.008171193301677704,1766753252883
3,0.015883082523941994,1766753253046
3,0.22320258617401123,1766753253209
3,0.024185143411159515,1766753253387
3,0.03595619648694992,1766753253548
3,0.06536612659692764,1766753253709
3,0.004009530413895845,1766753253862
3,0.002243165858089924,1766753254014
3,0.1967603862285614,1766753254167
3,0.17006129026412964,1766753254318
3,0.12022589147090912,1766753254470
3,0.004732034169137478,1766753254623
3,0.07404956221580505,1766753254780
3,0.05976606905460358,1766753254933
3,0.15386977791786194,1766753255084
3,0.04964199289679527,1766753255236
3,0.04671969264745712,1766753255388
3,0.0003705585259012878,1766753255549
3,0.12923656404018402,1766753255704
3,0.040076736360788345,1766753255863
3,0.1546097844839096,1766753256018
3,0.009031688794493675,1766753256176
3,0.10718853771686554,1766753256322
3,0.002417139243334532,1766753256466
3,0.0009295654017478228,1766753256631
3,0.12406086176633835,1766753256792
3,0.00887089129537344,1766753256958
3,0.02804463542997837,1766753257102
3,0.09087944030761719,1766753257251
3,0.14822037518024445,1766753257395
3,0.020264379680156708,1766753257551
3,0.0016770166112110019,1766753257701
3,0.06777971237897873,1766753257853
3,0.03838793560862541,1766753258006
3,0.06906761974096298,1766753258163
3,0.0028794510290026665,1766753258322
3,0.03023456409573555,1766753258481
3,0.04122180491685867,1766753258633
3,0.016882136464118958,1766753258792
3,0.01660637930035591,1766753258959
3,0.0011693721171468496,1766753259134
3,0.25623422861099243,1766753259298
3,0.025070196017622948,1766753259458
3,0.0037889087107032537,1766753259612
3,0.14200611412525177,1766753259770
3,0.012438230216503143,1766753259923
3,0.007868614047765732,1766753260079
3,0.009476534090936184,1766753260231
3,0.00258160219527781,1766753260388
3,0.03661995008587837,1766753260543
3,0.0228294525295496,1766753260701
3,0.06005110219120979,1766753260852
3,0.11751476675271988,1766753261006
3,0.004293863661587238,1766753261160
3,0.08485832065343857,1766753261315
3,0.11751417815685272,1766753261469
3,0.024273740127682686,1766753261625
3,0.04260120168328285,1766753261781
3,0.0024322110693901777,1766753261936
3,0.14963917434215546,1766753262088
3,0.027935311198234558,1766753262233
3,0.0005238906014710665,1766753262387
3,0.08114815503358841,1766753262547
3,0.03511830419301987,1766753262716
3,0.1258406788110733,1766753262867
3,0.03729721158742905,1766753263014
3,0.2233487069606781,1766753263158
3,0.07356427609920502,1766753263305
3,0.03835611417889595,1766753263462
3,0.025036413222551346,1766753263615
4,0.027680106461048126,1766753263759
4,0.10973747074604034,1766753263915
4,0.009703748859465122,1766753264068
4,0.15583425760269165,1766753264227
4,0.12621977925300598,1766753264379
4,0.21461032330989838,1766753264530
4,0.030139999464154243,1766753264703
4,0.006978270132094622,1766753264872
4,0.07844014465808868,1766753265040
4,0.02008943259716034,1766753265194
4,0.394023060798645,1766753265349
4,0.08962114155292511,1766753265507
4,0.007736644707620144,1766753265660
4,0.07265263795852661,1766753265809
4,0.047432418912649155,1766753265962
4,0.025570090860128403,1766753266113
4,0.08214154839515686,1766753266267
4,0.01747986488044262,1766753266421
4,0.044617630541324615,1766753266574
4,0.036476701498031616,1766753266731
4,0.07149280607700348,1766753266883
4,0.05036523938179016,1766753267034
4,0.06716958433389664,1766753267186
4,0.07638218998908997,1766753267339
4,0.033376116305589676,1766753267499
4,0.08067816495895386,1766753267652
4,0.0171869695186615,1766753267799
4,0.012649170123040676,1766753267944
4,0.03821747377514839,1766753268087
4,0.010229446925222874,1766753268246
4,0.17962795495986938,1766753268404
4,0.10904049873352051,1766753268576
4,0.018903112038969994,1766753268727
4,0.2754359245300293,1766753268873
4,0.014465311542153358,1766753269016
4,0.013460058718919754,1766753269169
4,0.01848580688238144,1766753269320
4,0.019915688782930374,1766753269475
4,0.031202703714370728,1766753269626
4,0.01373401191085577,1766753269782
4,0.06520824134349823,1766753269935
4,0.07200609892606735,1766753270092
4,0.039202649146318436,1766753270244
4,0.014423501677811146,1766753270410
4,0.012093659490346909,1766753270573
4,0.01298742275685072,1766753270756
4,0.0595443919301033,1766753270914
4,0.021109262481331825,1766753271076
4,0.1414855420589447,1766753271230
4,0.0025692631024867296,1766753271393
4,0.09838873893022537,1766753271545
4,0.009668560698628426,1766753271694
4,0.0204179584980011,1766753271846
4,0.09610144793987274,1766753271999
4,0.004555971827358007,1766753272154
4,0.000591920455917716,1766753272306
4,0.03641114756464958,1766753272458
4,0.06939320266246796,1766753272610
4,0.004550449550151825,1766753272761
4,0.15925654768943787,1766753272915
4,0.0059784650802612305,1766753273067
4,0.011731690727174282,1766753273220
4,0.04227053374052048,1766753273375
4,0.003972616977989674,1766753273528
4,0.2521040439605713,1766753273673
4,0.1328815370798111,1766753273817
4,0.027447368949651718,1766753273960
4,0.036391209810972214,1766753274116
4,0.03740962967276573,1766753274272
4,0.007565169595181942,1766753274438
4,0.06484603881835938,1766753274589
4,0.0320904441177845,1766753274736
4,0.07279553264379501,1766753274884
4,0.02392297424376011,1766753275038
4,0.274315744638443,1766753275192
4,0.04487903416156769,1766753275345
4,0.01246602926403284,1766753275503
4,0.050718680024147034,1766753275657
4,0.09829705208539963,1766753275811
4,0.007280372083187103,1766753275964
4,0.03922782838344574,1766753276119
4,0.014141621068120003,1766753276290
4,0.0011691621039062738,1766753276467
4,0.0429210439324379,1766753276639
4,0.08499719202518463,1766753276791
4,0.027137279510498047,1766753276943
4,0.028891440480947495,1766753277102
4,0.07076666504144669,1766753277269
4,0.02979455515742302,1766753277422
4,0.005559136159718037,1766753277573
4,0.008905384689569473,1766753277726
4,0.10125339031219482,1766753277879
4,0.08806002885103226,1766753278033
4,0.03276577964425087,1766753278185
4,0.02316475287079811,1766753278336
4,0.045341577380895615,1766753278488
4,0.002576967002823949,1766753278639
4,0.19616647064685822,1766753278797
4,0.06221753731369972,1766753278955
4,0.06697913259267807,1766753279110
4,0.11421722173690796,1766753279269
4,0.16913434863090515,1766753279414
4,0.059802331030368805,1766753279561
4,0.013657581061124802,1766753279705
4,0.005118450149893761,1766753279849
4,0.005947240628302097,1766753280012
4,0.03288869932293892,1766753280171
4,0.032914988696575165,1766753280334
4,0.02773076482117176,1766753280479
4,0.00416160374879837,1766753280627
4,0.005539511330425739,1766753280776
4,0.006168787833303213,1766753280927
4,0.02656608633697033,1766753281079
4,0.018857832998037338,1766753281238
4,0.06888256222009659,1766753281390
4,0.031778909265995026,1766753281544
4,0.06429058313369751,1766753281699
4,0.12602612376213074,1766753281852
4,0.011405800469219685,1766753282025
4,0.035617150366306305,1766753282191
4,0.0008787616388872266,1766753282364
4,0.15991969406604767,1766753282516
4,0.0020662201568484306,1766753282673
4,0.006719450931996107,1766753282826
4,0.053794629871845245,1766753282986
4,0.05631869658827782,1766753283142
4,0.09036735445261002,1766753283295
4,0.033004872500896454,1766753283445
4,0.016454597935080528,1766753283599
4,0.059300489723682404,1766753283751
4,0.004484105389565229,1766753283908
4,0.061242785304784775,1766753284061
4,0.10363566130399704,1766753284212
4,0.01044210884720087,1766753284364
4,0.08075960725545883,1766753284517
4,0.012423865497112274,1766753284672
4,0.003732680343091488,1766753284827
4,0.009061315096914768,1766753284979
4,0.034034986048936844,1766753285136
4,0.007529267109930515,1766753285279
4,0.0030507578048855066,1766753285426
4,0.05444130301475525,1766753285568
4,0.07050604373216629,1766753285709
4,0.10802765935659409,1766753285872
4,0.0034378194250166416,1766753286032
4,0.02641899697482586,1766753286190
4,0.022279229015111923,1766753286337
4,0.11322085559368134,1766753286491
4,0.03683626279234886,1766753286640
4,0.05721006914973259,1766753286799
4,0.43344584107398987,1766753286952
4,0.07059045135974884,1766753287109
4,0.003933765925467014,1766753287260
4,0.10445192456245422,1766753287416
4,0.11149103939533234,1766753287567
4,0.05056987702846527,1766753287726
4,0.0951155498623848,1766753287892
4,0.031451642513275146,1766753288061
4,0.10674707591533661,1766753288226
4,0.0036064675077795982,1766753288379
4,0.021332552656531334,1766753288530
4,0.029770366847515106,1766753288687
4,0.06591139733791351,1766753288847
4,0.011463772505521774,1766753289002
4,0.060860343277454376,1766753289153
4,0.008699520491063595,1766753289306
4,0.019934508949518204,1766753289459
4,0.014049411751329899,1766753289612
4,0.11060858517885208,1766753289761
4,0.051124654710292816,1766753289914
4,0.05712344869971275,1766753290062
4,0.023928143084049225,1766753290216
4,0.09543666243553162,1766753290365
4,0.06460539251565933,1766753290521
4,0.1107991561293602,1766753290679
4,0.007553469855338335,1766753290834
4,0.051431503146886826,1766753290982
4,0.002166202524676919,1766753291126
4,0.004608660005033016,1766753291271
4,0.1615169197320938,1766753291413
4,0.04952337592840195,1766753291557
4,0.06958393007516861,1766753291719
4,0.012274613603949547,1766753291877
4,0.16545259952545166,1766753292044
4,0.2764851450920105,1766753292188
4,0.04262254759669304,1766753292339
4,0.14062227308750153,1766753292492
4,0.030394960194826126,1766753292647
4,0.027551021426916122,1766753292799
4,0.1136614978313446,1766753292949
4,0.004160099197179079,1766753293100
4,0.0022377995774149895,1766753293256
4,0.008908885531127453,1766753293408
4,0.11989166587591171,1766753293575
4,0.023326778784394264,1766753293740
4,0.05053355172276497,1766753293912
4,0.04834458976984024,1766753294069
4,0.032231733202934265,1766753294223
4,0.14726774394512177,1766753294377
4,0.009725223295390606,1766753294536
4,0.06568674743175507,1766753294697
4,0.01725850999355316,1766753294856
4,0.08425308018922806,1766753295006
4,0.1046711727976799,1766753295158
4,0.004494374617934227,1766753295310
4,0.029759757220745087,1766753295465
4,0.039862871170043945,1766753295618
4,0.010096035897731781,1766753295769
4,0.03205878660082817,1766753295923
4,0.02817942574620247,1766753296072
4,0.10256374627351761,1766753296226
4,0.0006550890975631773,1766753296382
4,0.07239146530628204,1766753296537
4,0.0998879224061966,1766753296689
4,0.019466008991003036,1766753296835
4,0.05158500373363495,1766753296979
4,0.00251594977453351,1766753297122
4,0.09208567440509796,1766753297266
4,0.021844610571861267,1766753297409
4,0.14471866190433502,1766753297572
4,0.030802376568317413,1766753297734
4,0.01130785420536995,1766753297897
4,0.0276811420917511,1766753298043
4,0.02209113910794258,1766753298196
4,0.030242348089814186,1766753298342
4,0.006440968252718449,1766753298494
4,0.07667170464992523,1766753298651
4,0.010515833273530006,1766753298802
4,0.050790175795555115,1766753298956
4,0.23087796568870544,1766753299110
4,0.21386300027370453,1766753299266
4,0.04974184185266495,1766753299438
4,0.011195830069482327,1766753299612
4,0.05221625417470932,1766753299783
4,0.0412297323346138,1766753299936
4,0.025811411440372467,1766753300088
4,0.0354800783097744,1766753300246
4,0.022881364449858665,1766753300406
4,0.026008659973740578,1766753300570
4,0.03472151607275009,1766753300726
4,0.006044304464012384,1766753300877
4,0.11199954152107239,1766753301030
4,0.15525659918785095,1766753301184
4,0.11226052790880203,1766753301338
4,0.05880184844136238,1766753301491
4,0.04431953281164169,1766753301644
4,0.15326747298240662,1766753301795
4,0.0032655494287610054,1766753301951
4,0.06925901770591736,1766753302107
4,0.13523554801940918,1766753302260
4,0.21979504823684692,1766753302415
4,0.005063954740762711,1766753302561
4,0.12845255434513092,1766753302708
4,0.015001237392425537,1766753302851
4,0.09898416697978973,1766753302997
4,0.060198813676834106,1766753303142
4,0.04506153613328934,1766753303288
4,0.13630865514278412,1766753303449
4,0.02446136251091957,1766753303617
4,0.017410235479474068,1766753303773
4,0.014729649759829044,1766753303920
4,0.01814487762749195,1766753304074
4,0.007208974100649357,1766753304227
4,0.08590760082006454,1766753304381
4,0.01666255295276642,1766753304537
4,0.003920306917279959,1766753304688
4,0.0810287594795227,1766753304841
4,0.24404500424861908,1766753304993
4,0.002195370616391301,1766753305158
4,0.17270396649837494,1766753305320
4,0.1737421452999115,1766753305501
4,0.2153102457523346,1766753305653
4,0.039623793214559555,1766753305812
4,0.047743793576955795,1766753305965
4,0.0639331266283989,1766753306127
4,0.04796265810728073,1766753306284
4,0.034924864768981934,1766753306443
4,0.03488806262612343,1766753306596
4,0.10555307567119598,1766753306753
4,0.02438833937048912,1766753306905
4,0.03023124672472477,1766753307057
4,0.15599536895751953,1766753307209
4,0.03024991601705551,1766753307359
4,0.1137150302529335,1766753307511
4,0.008221193216741085,1766753307661
4,0.0763707235455513,1766753307811
4,0.007107267156243324,1766753307967
4,0.11306595802307129,1766753308121
4,0.14704430103302002,1766753308275
4,0.01169130951166153,1766753308419
4,0.13550837337970734,1766753308565
4,0.04051320254802704,1766753308708
4,0.006008909549564123,1766753308855
4,0.014384246431291103,1766753308997
4,0.007189289201050997,1766753309141
4,0.05911404639482498,1766753309300
4,0.10142624378204346,1766753309466
4,0.10463826358318329,1766753309627
4,0.07192499190568924,1766753309776
4,0.05463378503918648,1766753309929
4,0.047324441373348236,1766753310077
4,0.02653202787041664,1766753310231
4,0.06417986005544662,1766753310383
4,0.005711864680051804,1766753310535
4,0.07653272897005081,1766753310687
4,0.10829029977321625,1766753310838
4,0.007882209494709969,1766753311006
4,0.05580547824501991,1766753311174
4,0.029291832819581032,1766753311353
4,0.008927910588681698,1766753311509
4,0.004593140445649624,1766753311666
4,0.05528746917843819,1766753311822
4,0.05147293210029602,1766753311984
4,0.10014048218727112,1766753312143
4,0.004297063685953617,1766753312302
4,0.09751386940479279,1766753312454
4,0.03803335875272751,1766753312606
4,0.18705368041992188,1766753312762
4,0.004411256872117519,1766753312914
4,0.01464683935046196,1766753313066
4,0.13996456563472748,1766753313217
4,0.02063118666410446,1766753313367
4,0.0574791394174099,1766753313517
4,0.026833578944206238,1766753313670
4,0.028733814135193825,1766753313825
4,0.016222838312387466,1766753313980
4,0.08547386527061462,1766753314127
4,0.07442043721675873,1766753314279
4,0.006214504595845938,1766753314424
4,0.0252656489610672,1766753314568
4,0.13093845546245575,1766753314715
4,0.04085720703005791,1766753314859
4,0.030072417110204697,1766753315009
4,0.05124649778008461,1766753315167
4,0.2199474573135376,1766753315340
4,0.01310444064438343,1766753315496
4,0.00863975752145052,1766753315644
4,0.08948392421007156,1766753315791
4,0.05641604959964752,1766753315944
4,0.18789605796337128,1766753316091
4,0.007025325670838356,1766753316242
4,0.19727565348148346,1766753316392
4,0.027776187285780907,1766753316542
4,0.12214313447475433,1766753316707
4,0.2785985469818115,1766753316871
4,0.007707240991294384,1766753317043
4,0.03342069685459137,1766753317202
4,0.07923033833503723,1766753317361
4,0.21563756465911865,1766753317516
4,0.014438440091907978,1766753317673
4,0.011506288312375546,1766753317831
4,0.044544950127601624,1766753317989
4,0.44717937707901,1766753318148
4,0.020253067836165428,1766753318301
4,0.21481621265411377,1766753318454
4,0.003366694785654545,1766753318608
4,0.07959066331386566,1766753318761
4,0.08817165344953537,1766753318911
4,0.044436559081077576,1766753319062
4,0.013840495608747005,1766753319211
4,0.04614066332578659,1766753319363
4,0.04085366055369377,1766753319516
4,0.10481062531471252,1766753319671
4,0.052454013377428055,1766753319824
4,0.042418353259563446,1766753319970
4,0.0052747344598174095,1766753320120
4,0.04208218306303024,1766753320265
4,0.0524694100022316,1766753320409
4,0.010416017845273018,1766753320554
4,0.036013372242450714,1766753320700
4,0.03967233747243881,1766753320851
4,0.17802181839942932,1766753321010
4,0.03610837832093239,1766753321179
4,0.062249913811683655,1766753321333
4,0.10765796899795532,1766753321480
4,0.013462420552968979,1766753321628
4,0.14608606696128845,1766753321781
4,0.023971496149897575,1766753321935
4,0.03675103932619095,1766753322091
4,0.039986275136470795,1766753322243
4,0.04817049577832222,1766753322397
4,0.015416441485285759,1766753322569
4,0.013853363692760468,1766753322738
4,0.003230656497180462,1766753322907
4,0.13295765221118927,1766753323062
4,0.14837932586669922,1766753323227
4,0.02160145714879036,1766753323378
4,0.031285952776670456,1766753323539
4,0.0724313035607338,1766753323700
4,0.04854769632220268,1766753323864
4,0.021665580570697784,1766753324026
4,0.016027335077524185,1766753324180
4,0.025980137288570404,1766753324337
4,0.006110332906246185,1766753324490
4,0.00442503672093153,1766753324644
4,0.03527526929974556,1766753324799
4,0.02448045089840889,1766753324949
4,0.1638067662715912,1766753325103
4,0.06354298442602158,1766753325255
4,0.0013848405797034502,1766753325409
4,0.06581291556358337,1766753325566
4,0.009026776999235153,1766753325714
4,0.07683590799570084,1766753325860
4,0.08417593687772751,1766753326010
4,0.21597304940223694,1766753326156
4,0.15766651928424835,1766753326301
4,0.008171307854354382,1766753326450
4,0.010404393076896667,1766753326595
4,0.19670648872852325,1766753326760
4,0.0005830336012877524,1766753326915
4,0.005824393592774868,1766753327078
4,0.00659569725394249,1766753327226
4,0.03702801093459129,1766753327378
4,0.0042449296452105045,1766753327524
4,0.013270721770823002,1766753327675
4,0.009986341930925846,1766753327823
4,0.19503848254680634,1766753327974
4,0.014940453693270683,1766753328125
4,0.19974608719348907,1766753328289
4,0.01020875945687294,1766753328456
4,0.04185919463634491,1766753328631
4,0.001498041208833456,1766753328795
4,0.01295490376651287,1766753328950
4,0.06624290347099304,1766753329103
4,0.03833794593811035,1766753329265
4,0.030176393687725067,1766753329426
4,0.1190374493598938,1766753329589
4,0.05412781238555908,1766753329750
4,0.14419445395469666,1766753329909
4,0.0026091616600751877,1766753330063
4,0.013355080038309097,1766753330220
4,0.1518571972846985,1766753330372
4,0.43142813444137573,1766753330527
4,0.04060328006744385,1766753330679
4,0.11500085890293121,1766753330834
4,0.022549036890268326,1766753330988
4,0.05030400678515434,1766753331143
4,0.029293209314346313,1766753331296
4,0.00992549117654562,1766753331450
4,0.19477081298828125,1766753331596
4,0.0024380539543926716,1766753331742
4,0.004468934144824743,1766753331892
4,0.15844982862472534,1766753332039
4,0.11151298135519028,1766753332183
4,0.08758944272994995,1766753332330
4,0.005317821633070707,1766753332475
4,0.05259532481431961,1766753332637
4,0.10461626201868057,1766753332804
4,0.012053473852574825,1766753332972
4,0.07200547307729721,1766753333119
4,0.007679255213588476,1766753333268
4,0.030272245407104492,1766753333418
4,0.055440451949834824,1766753333572
4,0.05582386255264282,1766753333725
4,0.008298244327306747,1766753333874
4,0.010964934714138508,1766753334028
4,0.024386098608374596,1766753334195
4,0.002010894240811467,1766753334370
4,0.12243498116731644,1766753334542
4,0.02029416337609291,1766753334703
4,0.057289302349090576,1766753334858
4,0.05702609568834305,1766753335016
4,0.031754590570926666,1766753335174
4,0.07648487389087677,1766753335334
4,0.012532602064311504,1766753335496
4,0.01154477521777153,1766753335660
4,0.0477675199508667,1766753335813
4,0.024912307038903236,1766753335966
4,0.08656036108732224,1766753336115
4,0.3789260685443878,1766753336270
4,0.0619947724044323,1766753336420
4,0.032234158366918564,1766753336572
4,0.001995750702917576,1766753336723
4,0.13039839267730713,1766753336878
4,0.030667206272482872,1766753337029
4,0.22068645060062408,1766753337191
4,0.004233298357576132,1766753337341
4,0.0013707284815609455,1766753337488
4,0.03724713996052742,1766753337640
4,0.10486912727355957,1766753337786
4,0.0851820707321167,1766753337931
4,0.05522344261407852,1766753338078
4,0.10474349558353424,1766753338222
4,0.047461602836847305,1766753338377
4,0.020326310768723488,1766753338535
4,0.031521957367658615,1766753338707
4,0.051086634397506714,1766753338870
4,0.04805508255958557,1766753339017
4,0.00244454899802804,1766753339167
4,0.03969874978065491,1766753339320
4,0.007391057908535004,1766753339471
4,0.01291655283421278,1766753339624
4,0.03043602779507637,1766753339774
4,0.07568269968032837,1766753339944
4,0.03447072207927704,1766753340118
4,0.05707229673862457,1766753340295
4,0.021405689418315887,1766753340449
4,0.0018084831535816193,1766753340604
4,0.04715722054243088,1766753340760
4,0.0011962344869971275,1766753340917
4,0.05069665610790253,1766753341078
4,0.004978169687092304,1766753341236
4,0.03371274471282959,1766753341396
4,0.20215532183647156,1766753341557
4,0.027918245643377304,1766753341708
4,0.12370791286230087,1766753341860
4,0.11073026806116104,1766753342013
4,0.004539920948445797,1766753342166
4,0.0017656642012298107,1766753342319
4,0.03797528147697449,1766753342470
4,0.09241095185279846,1766753342623
4,0.040434569120407104,1766753342776
4,0.13001671433448792,1766753342929
4,0.00803553406149149,1766753343076
4,0.02304704859852791,1766753343221
4,0.04611756280064583,1766753343369
4,0.03387711942195892,1766753343515
4,0.06768704205751419,1766753343660
4,0.24476008117198944,1766753343804
4,0.008945980109274387,1766753343952
4,0.06203390285372734,1766753344097
4,0.09901319444179535,1766753344253
4,0.005016728769987822,1766753344412
4,0.013166826218366623,1766753344584
4,0.06878772377967834,1766753344737
4,0.11291024088859558,1766753344898
4,0.07355359941720963,1766753345044
4,0.024923456832766533,1766753345197
4,0.06207007169723511,1766753345353
4,0.102139413356781,1766753345503
4,0.03588945418596268,1766753345669
4,0.016680363565683365,1766753345831
4,0.0960402637720108,1766753345988
4,0.0038369165267795324,1766753346141
4,0.017558295279741287,1766753346295
4,0.006260992959141731,1766753346448
4,0.004135539755225182,1766753346603
4,0.002993443049490452,1766753346763
4,0.0433221310377121,1766753346921
4,0.08189000189304352,1766753347081
4,0.01827978901565075,1766753347240
4,0.03565053641796112,1766753347403
4,0.14791181683540344,1766753347557
4,0.01638948544859886,1766753347706
4,0.08701497316360474,1766753347851
4,0.009312916547060013,1766753347998
4,0.04227954149246216,1766753348145
4,0.05516328662633896,1766753348295
4,0.0010079015046358109,1766753348445
4,0.1064053550362587,1766753348595
4,0.06265799701213837,1766753348744
4,0.025384845212101936,1766753348897
4,0.07596389204263687,1766753349049
4,0.065976582467556,1766753349202
4,0.012320250272750854,1766753349358
4,0.008267945609986782,1766753349508
4,0.23442959785461426,1766753349654
4,0.0016091327415779233,1766753349802
4,0.047676585614681244,1766753349946
4,0.07436710596084595,1766753350111
4,0.017698751762509346,1766753350273
4,0.036746010184288025,1766753350449
4,0.01392311044037342,1766753350602
4,0.3251725435256958,1766753350762
4,0.03665413334965706,1766753350921
4,0.0025051513221114874,1766753351081
4,0.05267724767327309,1766753351235
4,0.10125351697206497,1766753351385
4,0.06426485627889633,1766753351539
4,0.2202886939048767,1766753351692
4,0.009950283914804459,1766753351853
4,0.08509405702352524,1766753352013
4,0.01909545436501503,1766753352170
4,0.007900598458945751,1766753352327
4,0.19486458599567413,1766753352487
4,0.19606873393058777,1766753352648
4,0.008341922424733639,1766753352810
4,0.11175534129142761,1766753352970
4,0.009112115018069744,1766753353123
4,0.05071016028523445,1766753353274
4,0.08196331560611725,1766753353418
4,0.0014788761036470532,1766753353565
4,0.18654559552669525,1766753353713
4,0.02648193947970867,1766753353863
4,0.1716993749141693,1766753354015
4,0.03069312311708927,1766753354166
4,0.06856779009103775,1766753354318
4,0.11815435439348221,1766753354471
4,0.034673456102609634,1766753354625
4,0.002872045850381255,1766753354772
4,0.07045740634202957,1766753354921
4,0.3049226403236389,1766753355069
4,0.12029091268777847,1766753355221
4,0.021182550117373466,1766753355377
4,0.05852704867720604,1766753355535
4,0.04147403687238693,1766753355688
4,0.05129193142056465,1766753355840
4,0.04615666717290878,1766753356014
4,0.09113535284996033,1766753356184
4,0.10179643332958221,1766753356368
4,0.05623392015695572,1766753356517
4,0.021843494847416878,1766753356663
4,0.006000901572406292,1766753356813
4,0.06087870895862579,1766753356967
4,0.011339059099555016,1766753357128
4,0.007175950799137354,1766753357284
4,0.09853599965572357,1766753357444
4,0.02797507867217064,1766753357604
4,0.10075829923152924,1766753357767
4,0.0012255213223397732,1766753357929
4,0.091982401907444,1766753358088
4,0.10773172974586487,1766753358243
4,0.11524978280067444,1766753358395
4,0.0256390031427145,1766753358548
4,0.09656234830617905,1766753358701
4,0.034128665924072266,1766753358862
4,0.003080485388636589,1766753359021
4,0.005623485427349806,1766753359173
4,0.004437632858753204,1766753359324
4,0.002545359078794718,1766753359476
4,0.039552729576826096,1766753359629
4,0.11492972075939178,1766753359780
4,0.05919283255934715,1766753359932
4,0.03199325501918793,1766753360075
4,0.0061236778274178505,1766753360216
4,0.023691773414611816,1766753360360
4,0.11049114167690277,1766753360508
4,0.05083350092172623,1766753360661
4,0.005011065397411585,1766753360813
4,0.16686150431632996,1766753360965
4,0.013061648234724998,1766753361124
4,0.022608377039432526,1766753361277
4,0.07729743421077728,1766753361433
4,0.08003626763820648,1766753361586
4,0.030807312577962875,1766753361737
4,0.0017206915654242039,1766753361895
4,0.04603588208556175,1766753362061
4,0.018817070871591568,1766753362220
4,0.06420499831438065,1766753362375
4,0.22713850438594818,1766753362532
4,0.020962398499250412,1766753362682
4,0.03913825750350952,1766753362843
4,0.006008164491504431,1766753363003
4,0.042458340525627136,1766753363164
4,0.026279345154762268,1766753363324
4,0.013980533927679062,1766753363481
4,0.0009410121710970998,1766753363633
4,0.08838171511888504,1766753363796
4,0.18749220669269562,1766753363949
4,0.10103993117809296,1766753364112
4,0.0765211433172226,1766753364269
4,0.051356926560401917,1766753364431
4,0.014933004043996334,1766753364592
4,0.006440737750381231,1766753364753
4,0.12395313382148743,1766753364918
4,0.08736033737659454,1766753365072
4,0.011567085981369019,1766753365217
4,0.022821063175797462,1766753365360
4,0.022556688636541367,1766753365508
4,0.10861508548259735,1766753365655
4,0.16434523463249207,1766753365806
4,0.0043383208103477955,1766753365957
4,0.007961396127939224,1766753366108
4,0.023372678086161613,1766753366263
4,0.002468755468726158,1766753366419
4,0.08356005698442459,1766753366575
4,0.03419513255357742,1766753366734
4,0.16465848684310913,1766753366890
4,0.1853758543729782,1766753367036
4,0.19950097799301147,1766753367179
4,0.06652051210403442,1766753367335
4,0.06611915677785873,1766753367479
4,0.21530628204345703,1766753367646
4,0.005144172348082066,1766753367808
4,0.024011872708797455,1766753367985
4,0.08418717980384827,1766753368144
4,0.029234055429697037,1766753368301
4,0.07610968500375748,1766753368456
4,0.0459534227848053,1766753368615
4,0.193598210811615,1766753368765
4,0.11570826917886734,1766753368915
4,0.14543738961219788,1766753369070
4,0.04592655599117279,1766753369220
4,0.1135367602109909,1766753369380
4,0.061394430696964264,1766753369540
4,0.022046346217393875,1766753369699
4,0.10648123174905777,1766753369859
4,0.018680725246667862,1766753370019
4,0.21293200552463531,1766753370180
4,0.0065985023975372314,1766753370340
4,0.009170763194561005,1766753370489
4,0.10278049111366272,1766753370641
4,0.09738568961620331,1766753370795
4,0.026359960436820984,1766753370941
4,0.02546076476573944,1766753371093
4,0.12953169643878937,1766753371244
4,0.037475600838661194,1766753371396
4,0.018460525199770927,1766753371548
4,0.008733994327485561,1766753371701
4,0.0472751148045063,1766753371853
4,0.036853499710559845,1766753372008
4,0.034209322184324265,1766753372156
4,0.00559854693710804,1766753372306
4,0.007569033652544022,1766753372452
4,0.041210372000932693,1766753372599
4,0.06305190920829773,1766753372752
4,0.03412593901157379,1766753372906
4,0.014945978298783302,1766753373057
4,0.1635073572397232,1766753373210
4,0.02655627205967903,1766753373363
4,0.07394017279148102,1766753373537
4,0.004454961512237787,1766753373709
4,0.017491301521658897,1766753373880
4,0.02231091819703579,1766753374026
4,0.11560751497745514,1766753374176
4,0.027361098676919937,1766753374321
4,0.004317948594689369,1766753374480
4,0.09436732530593872,1766753374633
4,0.04476890712976456,1766753374789
4,0.12704311311244965,1766753374946
4,0.14214614033699036,1766753375103
4,0.10241721570491791,1766753375269
4,0.006154795177280903,1766753375432
4,0.08847103267908096,1766753375590
4,0.079148069024086,1766753375742
4,0.028877098113298416,1766753375895
4,0.11869306862354279,1766753376052
4,0.17402710020542145,1766753376202
4,0.03682723641395569,1766753376361
4,0.009873269125819206,1766753376521
4,0.09372368454933167,1766753376676
4,0.07289228588342667,1766753376831
4,0.016722779721021652,1766753376985
4,0.06284692138433456,1766753377140
4,0.04626750200986862,1766753377291
4,0.07612281292676926,1766753377437
4,0.13053180277347565,1766753377581
4,0.006425131112337112,1766753377727
4,0.06970726698637009,1766753377870
4,0.027629783377051353,1766753378019
4,0.05724971368908882,1766753378172
4,0.06893192231655121,1766753378325
4,0.0005871684406884015,1766753378479
4,0.1593165248632431,1766753378633
4,0.01699947752058506,1766753378787
4,0.03984837979078293,1766753378945
4,0.08763674646615982,1766753379096
4,0.03570921719074249,1766753379245
4,0.040691982954740524,1766753379408
4,0.009726348333060741,1766753379577
4,0.002172142965719104,1766753379747
4,0.0283712986856699,1766753379900
4,0.021210238337516785,1766753380057
4,0.1220359206199646,1766753380212
4,0.048986341804265976,1766753380376
4,0.015348951332271099,1766753380537
4,0.05715535581111908,1766753380701
4,0.28032737970352173,1766753380860
4,0.03420432657003403,1766753381014
4,0.010709373280405998,1766753381166
4,0.0015623861690983176,1766753381320
4,0.11661091446876526,1766753381478
4,0.11448889970779419,1766753381633
4,0.0036551523953676224,1766753381790
4,0.007584510371088982,1766753381945
4,0.0012139136670157313,1766753382105
4,0.001083798473700881,1766753382266
4,0.0396948978304863,1766753382426
4,0.13332687318325043,1766753382578
4,0.023634128272533417,1766753382722
4,0.1057264506816864,1766753382865
4,0.009143693372607231,1766753383013
4,0.1355452537536621,1766753383157
4,0.06670203804969788,1766753383306
4,0.1510293185710907,1766753383455
4,0.013118953444063663,1766753383603
4,0.041681040078401566,1766753383752
4,0.1271529197692871,1766753383902
4,0.0056718336418271065,1766753384057
4,0.14743556082248688,1766753384212
4,0.04621539264917374,1766753384365
4,0.012251132167875767,1766753384511
4,0.020354870706796646,1766753384654
4,0.01588127762079239,1766753384803
4,0.05150812119245529,1766753384953
4,0.0185697078704834,1766753385107
4,0.025448396801948547,1766753385275
4,0.09571368247270584,1766753385448
4,0.18164002895355225,1766753385622
4,0.15072156488895416,1766753385779
4,0.1508694291114807,1766753385935
4,0.1488593965768814,1766753386086
4,0.06589015573263168,1766753386234
4,0.036032021045684814,1766753386384
4,0.024173524230718613,1766753386534
4,0.012504271231591702,1766753386689
4,0.0850311741232872,1766753386850
4,0.10521672666072845,1766753387010
4,0.3442186713218689,1766753387171
4,0.19799809157848358,1766753387332
4,0.026446927338838577,1766753387492
4,0.1441417634487152,1766753387652
4,0.06088622659444809,1766753387814
4,0.043888818472623825,1766753387964
4,0.16028085350990295,1766753388116
4,0.11495943367481232,1766753388274
4,0.06413094699382782,1766753388421
4,0.0031671198084950447,1766753388570
4,0.034536778926849365,1766753388721
4,0.010486100800335407,1766753388872
4,0.04670463874936104,1766753389023
4,0.11744366586208344,1766753389175
4,0.02650434523820877,1766753389327
4,0.07486645877361298,1766753389479
4,0.06675019860267639,1766753389625
4,0.09161342680454254,1766753389770
4,0.11109122633934021,1766753389918
4,0.009731730446219444,1766753390065
4,0.018710996955633163,1766753390219
4,0.04596365615725517,1766753390373
4,0.11686477065086365,1766753390523
4,0.003275856841355562,1766753390676
4,0.13715960085391998,1766753390829
4,0.1412764936685562,1766753390992
4,0.030471736565232277,1766753391160
4,0.03222024440765381,1766753391336
4,0.004915555939078331,1766753391487
4,0.15297119319438934,1766753391632
4,0.011868488043546677,1766753391775
4,0.0013313492527231574,1766753391928
4,0.01720532774925232,1766753392083
4,0.026789871975779533,1766753392241
4,0.013061227276921272,1766753392398
4,0.011161397211253643,1766753392558
4,0.013731357641518116,1766753392721
4,0.08470432460308075,1766753392884
4,0.32392972707748413,1766753393044
4,0.08668410032987595,1766753393198
4,0.005346647463738918,1766753393347
4,0.020701292902231216,1766753393503
4,0.07781287282705307,1766753393653
4,0.12083862721920013,1766753393810
4,0.01641901209950447,1766753393967
4,0.1716298609972,1766753394125
4,0.0018336656503379345,1766753394275
4,0.06527286022901535,1766753394427
4,0.08381298184394836,1766753394579
4,0.0317467525601387,1766753394738
4,0.032179951667785645,1766753394883
4,0.09575595706701279,1766753395026
4,0.013187950477004051,1766753395174
4,0.03856264054775238,1766753395317
4,0.0697539672255516,1766753395466
4,0.015208011493086815,1766753395619
4,0.0015140608884394169,1766753395770
4,0.04383472725749016,1766753395924
4,0.05147623270750046,1766753396082
4,0.012296795845031738,1766753396236
4,0.03241795673966408,1766753396390
4,0.1301787942647934,1766753396548
4,0.0018971333047375083,1766753396692
4,0.07562097162008286,1766753396850
4,0.04464234411716461,1766753397010
4,0.0340585932135582,1766753397188
4,0.037549518048763275,1766753397350
4,0.0017964182188734412,1766753397506
4,0.026586443185806274,1766753397663
4,0.0073920730501413345,1766753397823
4,0.03597915917634964,1766753397984
4,0.04899761453270912,1766753398144
4,0.05116623267531395,1766753398299
4,0.015878994017839432,1766753398450
4,0.028976628556847572,1766753398605
4,0.06391920894384384,1766753398756
4,0.022358093410730362,1766753398914
4,0.01765393279492855,1766753399072
4,0.0036123699974268675,1766753399228
4,0.015407310798764229,1766753399383
4,0.028133824467658997,1766753399543
4,0.002816387452185154,1766753399703
4,0.08340821415185928,1766753399864
4,0.10904259979724884,1766753400023
4,0.10348635911941528,1766753400168
4,0.0011248474474996328,1766753400314
4,0.02225063182413578,1766753400463
4,0.0729069858789444,1766753400607
4,0.05160592496395111,1766753400759
4,0.009286844171583652,1766753400908
4,0.018078122287988663,1766753401057
4,0.08864135295152664,1766753401207
4,0.024178430438041687,1766753401358
4,0.18928802013397217,1766753401513
4,0.11082659661769867,1766753401667
4,0.044791169464588165,1766753401817
4,0.030543837696313858,1766753401963
4,0.01758505217730999,1766753402112
4,0.002696277340874076,1766753402258
4,0.040782250463962555,1766753402408
4,0.06775049865245819,1766753402556
4,0.0300455242395401,1766753402722
4,0.013533120043575764,1766753402881
4,0.057200588285923004,1766753403061
4,0.0036284036468714476,1766753403218
4,0.27083760499954224,1766753403376
4,0.12588228285312653,1766753403527
4,0.04584314674139023,1766753403681
4,0.053552042692899704,1766753403829
4,0.01020446140319109,1766753403976
4,0.004012234974652529,1766753404132
4,0.010360305197536945,1766753404289
4,0.12177962064743042,1766753404448
4,0.09435436129570007,1766753404607
4,0.06029392033815384,1766753404768
4,0.01669558323919773,1766753404929
4,0.020102960988879204,1766753405087
4,0.01828993298113346,1766753405245
4,0.2464752346277237,1766753405395
4,0.050561029464006424,1766753405547
4,0.011096166446805,1766753405703
4,0.019663827493786812,1766753405854
4,0.015427922829985619,1766753406006
4,0.04635746031999588,1766753406157
4,0.3124083876609802,1766753406306
4,0.049597762525081635,1766753406458
4,0.013705972582101822,1766753406611
4,0.07372058182954788,1766753406767
4,0.02296891249716282,1766753406920
4,0.01017891988158226,1766753407071
4,0.007585239131003618,1766753407214
4,0.06274116039276123,1766753407372
4,0.14804068207740784,1766753407519
4,0.10408227145671844,1766753407671
4,0.16782420873641968,1766753407827
4,0.006057009566575289,1766753407980
4,0.022271882742643356,1766753408137
4,0.01788398250937462,1766753408293
4,0.006592792458832264,1766753408446
4,0.00774747971445322,1766753408619
