Loss,Context.TRAINING,None
0,2.298489570617676,1766704049955
0,8.397199630737305,1766704051102
0,4.9447221755981445,1766704051820
0,4.761826515197754,1766704052975
0,3.9446511268615723,1766704053841
0,3.5141501426696777,1766704054528
0,3.307155132293701,1766704055626
0,2.583707571029663,1766704056575
0,2.1793394088745117,1766704057266
0,2.220783233642578,1766704058487
0,2.1502137184143066,1766704059339
0,2.129059314727783,1766704059960
0,2.140136241912842,1766704060953
0,1.8366037607192993,1766704061963
0,1.9627798795700073,1766704062590
0,1.9436955451965332,1766704063450
0,1.8816519975662231,1766704064619
0,1.9909971952438354,1766704065315
0,1.9264812469482422,1766704066211
0,1.7157809734344482,1766704067415
0,1.6491527557373047,1766704068198
0,1.641113042831421,1766704068964
0,1.514359474182129,1766704070156
0,1.4829027652740479,1766704070906
0,1.4586725234985352,1766704071778
0,1.216550350189209,1766704072954
0,1.2414207458496094,1766704073651
0,1.5997382402420044,1766704074681
0,1.4251785278320312,1766704075803
0,1.098738431930542,1766704076513
0,1.1321355104446411,1766704077510
0,1.0697020292282104,1766704078386
0,1.1158621311187744,1766704079094
0,0.7249085307121277,1766704080105
0,1.0727827548980713,1766704081108
0,0.7991740703582764,1766704081879
0,0.8370588421821594,1766704082996
0,0.7869298458099365,1766704083960
0,0.5957789421081543,1766704084774
0,0.8331848382949829,1766704085795
0,0.7645021677017212,1766704086744
0,0.6245377659797668,1766704087560
0,0.6860263347625732,1766704088535
0,0.5779082775115967,1766704089474
0,0.6019313931465149,1766704090246
0,0.44530749320983887,1766704091238
0,0.9069573879241943,1766704092137
0,0.3109118342399597,1766704092947
0,0.5839362144470215,1766704094049
0,0.5470178127288818,1766704094891
0,0.8231111764907837,1766704095717
0,0.38086408376693726,1766704096915
0,0.6663326025009155,1766704097686
0,0.3201437294483185,1766704098448
0,0.6092120409011841,1766704099598
0,0.4272901117801666,1766704100356
0,0.8312304615974426,1766704101238
0,0.690418004989624,1766704102304
0,0.5157520771026611,1766704103012
0,0.4155125319957733,1766704103899
0,0.4226093292236328,1766704104920
0,0.3678929805755615,1766704105711
0,0.27251890301704407,1766704106705
0,0.5185431838035583,1766704107642
0,0.4486907422542572,1766704108393
0,0.32257169485092163,1766704109331
0,0.20254841446876526,1766704110246
0,0.41352784633636475,1766704110956
0,0.3285673260688782,1766704111822
0,0.346956342458725,1766704112867
0,0.2847747504711151,1766704113579
0,0.3108261525630951,1766704114555
0,0.4312674403190613,1766704115517
0,0.2650631368160248,1766704116331
0,0.2029234766960144,1766704117275
0,0.31363987922668457,1766704118381
0,0.30541276931762695,1766704119151
0,0.3127085268497467,1766704120141
0,0.31002259254455566,1766704121124
0,0.2532975971698761,1766704122037
0,0.14414235949516296,1766704122995
0,0.37355172634124756,1766704124067
0,0.7414575815200806,1766704124909
0,0.5264161229133606,1766704125870
0,0.12856510281562805,1766704126839
0,0.2687532305717468,1766704127651
0,0.699944794178009,1766704128764
0,0.5031375885009766,1766704129642
0,0.26806339621543884,1766704130473
0,0.13052673637866974,1766704131463
0,0.36966872215270996,1766704132293
0,0.3009209632873535,1766704133222
0,0.2900095582008362,1766704134323
0,0.2750035524368286,1766704135133
0,0.18238261342048645,1766704136027
0,0.2142525613307953,1766704137137
0,0.38774824142456055,1766704137913
0,0.40483248233795166,1766704138798
0,0.27032214403152466,1766704139895
0,0.45008307695388794,1766704140707
0,0.2734442949295044,1766704141533
0,0.18710118532180786,1766704142606
0,0.1860678642988205,1766704143486
0,0.25298479199409485,1766704144278
0,0.31299954652786255,1766704145360
0,0.2884140610694885,1766704146258
0,0.11831701546907425,1766704147003
0,0.12338238209486008,1766704148151
0,0.3376624584197998,1766704148906
0,0.29483762383461,1766704149580
0,0.1970127820968628,1766704150561
0,0.3002714514732361,1766704151394
0,0.4312291145324707,1766704152087
0,0.3942374885082245,1766704153230
0,0.06610304117202759,1766704154114
0,0.16076332330703735,1766704154769
0,0.21731871366500854,1766704155738
0,0.1853615641593933,1766704156825
0,0.29134300351142883,1766704157468
0,0.24987520277500153,1766704158387
0,0.25205302238464355,1766704159483
0,0.36285391449928284,1766704160197
0,0.44613125920295715,1766704161179
0,0.47811606526374817,1766704162264
0,0.1794714778661728,1766704162993
0,0.21280473470687866,1766704163894
0,0.20351757109165192,1766704164936
0,0.3777599334716797,1766704165648
0,0.22732505202293396,1766704166685
0,0.5220515131950378,1766704167765
0,0.28334617614746094,1766704168450
0,0.0974711999297142,1766704169527
0,0.12927460670471191,1766704170465
0,0.14136740565299988,1766704171166
0,0.23056410253047943,1766704172071
0,0.3141988217830658,1766704173094
0,0.1349080204963684,1766704173799
0,0.18880239129066467,1766704174890
0,0.1932980865240097,1766704175791
0,0.26540499925613403,1766704176478
0,0.27359241247177124,1766704177440
0,0.3146016299724579,1766704178578
0,0.36296015977859497,1766704179262
0,0.21488139033317566,1766704180201
0,0.2718304395675659,1766704181236
0,0.2103608250617981,1766704181941
0,0.23006735742092133,1766704182899
0,0.14454101026058197,1766704183873
0,0.11619316786527634,1766704184661
0,0.2427988350391388,1766704185685
0,0.25057005882263184,1766704186658
0,0.3719724118709564,1766704187497
0,0.36509954929351807,1766704188570
0,0.16942207515239716,1766704189453
0,0.1752696931362152,1766704190242
0,0.2634703516960144,1766704191268
0,0.30542710423469543,1766704192005
0,0.16366785764694214,1766704192814
0,0.11758743226528168,1766704193775
0,0.16898946464061737,1766704194587
0,0.420988529920578,1766704195386
0,0.08851921558380127,1766704196450
0,0.14627425372600555,1766704197220
0,0.24670106172561646,1766704197899
0,0.13639818131923676,1766704198992
0,0.26986122131347656,1766704199935
0,0.18564534187316895,1766704200711
0,0.1594211608171463,1766704201848
0,0.3305360674858093,1766704202650
0,0.25872159004211426,1766704203502
0,0.26710954308509827,1766704204696
0,0.29170188307762146,1766704205434
0,0.27794504165649414,1766704206293
0,0.15729393064975739,1766704207510
0,0.16910071671009064,1766704208201
0,0.29521024227142334,1766704209092
0,0.11600715667009354,1766704210198
0,0.1633799821138382,1766704210897
0,0.17317496240139008,1766704211639
0,0.20047599077224731,1766704212751
0,0.19973024725914001,1766704213445
0,0.0839959979057312,1766704214214
0,0.2299622744321823,1766704215318
0,0.710676908493042,1766704216072
0,0.10054624080657959,1766704216816
0,0.33691564202308655,1766704218057
0,0.16327497363090515,1766704218815
0,0.14897659420967102,1766704219522
0,0.24071761965751648,1766704220611
0,0.22801777720451355,1766704221498
0,0.13284948468208313,1766704222243
0,0.12361429631710052,1766704223294
0,0.3827773332595825,1766704224087
0,0.11693001538515091,1766704224944
0,0.08156713098287582,1766704226174
0,0.06917126476764679,1766704226914
0,0.19785043597221375,1766704227585
0,0.15711882710456848,1766704228750
0,0.21329709887504578,1766704229532
0,0.18360190093517303,1766704230327
0,0.3372971713542938,1766704231436
0,0.4239823818206787,1766704232254
0,0.08367308974266052,1766704233076
0,0.2166449874639511,1766704234189
0,0.21397341787815094,1766704234881
0,0.09860983490943909,1766704235757
0,0.20932433009147644,1766704236828
0,0.1805458813905716,1766704237534
0,0.22786109149456024,1766704238429
0,0.10023308545351028,1766704239669
0,0.073223777115345,1766704240360
0,0.11343841999769211,1766704241254
0,0.2811397612094879,1766704242461
0,0.33328020572662354,1766704243165
0,0.31711816787719727,1766704243951
0,0.03986559808254242,1766704245052
0,0.22242239117622375,1766704245758
0,0.10617093741893768,1766704246594
0,0.10347290337085724,1766704247616
0,0.36506691575050354,1766704248392
0,0.18133969604969025,1766704249349
0,0.10114839673042297,1766704250390
0,0.26019713282585144,1766704251108
0,0.22514751553535461,1766704252131
0,0.3081378936767578,1766704253038
0,0.13388973474502563,1766704253741
0,0.17497380077838898,1766704254786
0,0.11083891987800598,1766704255681
0,0.23875555396080017,1766704256458
0,0.2668094038963318,1766704257617
0,0.07238240540027618,1766704258511
0,0.15096008777618408,1766704259277
0,0.1329193413257599,1766704260342
0,0.2143031656742096,1766704261245
0,0.26135650277137756,1766704262034
0,0.23009853065013885,1766704263218
0,0.3776501417160034,1766704264044
0,0.17781448364257812,1766704264919
0,0.20223981142044067,1766704266036
0,0.0691564679145813,1766704266844
0,0.10783570259809494,1766704267832
0,0.15441620349884033,1766704268856
0,0.15152586996555328,1766704269657
0,0.2723557949066162,1766704270587
0,0.2430930882692337,1766704271563
0,0.3616167902946472,1766704272369
0,0.14233534038066864,1766704273422
0,0.24456825852394104,1766704274293
0,0.060255978256464005,1766704275077
0,0.2715148329734802,1766704276135
0,0.29234325885772705,1766704276955
0,0.131401926279068,1766704277711
0,0.08742142468690872,1766704278903
0,0.1346968412399292,1766704279661
0,0.07238658517599106,1766704280407
0,0.07264319807291031,1766704281577
0,0.279501348733902,1766704282387
0,0.27654004096984863,1766704283198
0,0.21525923907756805,1766704284393
0,0.1657867729663849,1766704285157
0,0.05051787197589874,1766704285925
0,0.08423122763633728,1766704287092
0,0.04155620187520981,1766704287939
0,0.07085559517145157,1766704288684
0,0.11400231719017029,1766704289793
0,0.06605811417102814,1766704290579
0,0.10199563205242157,1766704291383
0,0.25413817167282104,1766704292621
0,0.04190219193696976,1766704293416
0,0.2665424942970276,1766704294290
0,0.26117396354675293,1766704295466
0,0.2042040228843689,1766704296231
0,0.187764972448349,1766704297215
0,0.07481468468904495,1766704298355
0,0.23871755599975586,1766704299113
0,0.09465426206588745,1766704300210
0,0.2002335786819458,1766704301237
0,0.24594664573669434,1766704301958
0,0.187470942735672,1766704302994
0,0.1566643863916397,1766704303942
0,0.2269205003976822,1766704304719
0,0.09447149932384491,1766704305790
0,0.10125967860221863,1766704306733
0,0.3114081025123596,1766704307599
0,0.31478697061538696,1766704308711
0,0.18390925228595734,1766704309465
0,0.17273977398872375,1766704310353
0,0.10318872332572937,1766704311461
0,0.226019024848938,1766704312277
0,0.1549215465784073,1766704313205
0,0.17484617233276367,1766704314327
0,0.2367197573184967,1766704315180
0,0.11735853552818298,1766704316150
0,0.08150190114974976,1766704317189
0,0.14499033987522125,1766704318129
0,0.2945796549320221,1766704319097
0,0.25398603081703186,1766704319977
0,0.1280761957168579,1766704320955
0,0.11216136068105698,1766704321902
0,0.2485870122909546,1766704322847
0,0.11341939121484756,1766704323897
0,0.06609281152486801,1766704324794
0,0.1136222705245018,1766704325617
0,0.036048486828804016,1766704326648
0,0.14397093653678894,1766704327559
0,0.1493557244539261,1766704328422
0,0.14476381242275238,1766704329448
0,0.11159563064575195,1766704330327
0,0.18752765655517578,1766704331247
0,0.10041922330856323,1766704332249
0,0.10644499957561493,1766704333151
0,0.16112026572227478,1766704334153
0,0.09574863314628601,1766704335070
0,0.41065528988838196,1766704335921
0,0.08278876543045044,1766704336954
0,0.0535430833697319,1766704337978
0,0.40197843313217163,1766704338899
0,0.06364081054925919,1766704339946
0,0.3337644338607788,1766704340863
0,0.0338747613132,1766704341809
0,0.27770233154296875,1766704342838
0,0.13850650191307068,1766704343754
0,0.28073927760124207,1766704344693
0,0.0729142278432846,1766704345673
0,0.35000425577163696,1766704346597
0,0.12831738591194153,1766704347522
0,0.19711676239967346,1766704348530
0,0.10903522372245789,1766704349375
0,0.07812334597110748,1766704350192
0,0.2063741236925125,1766704351155
0,0.1808214634656906,1766704351965
0,0.05620553717017174,1766704352810
0,0.21767213940620422,1766704353811
0,0.13722991943359375,1766704354739
0,0.04421759024262428,1766704355525
0,0.1488412618637085,1766704356589
0,0.1979624330997467,1766704357506
0,0.203028604388237,1766704358346
0,0.3789418339729309,1766704359303
0,0.08866576850414276,1766704360183
0,0.17560316622257233,1766704361138
0,0.2177090346813202,1766704362085
0,0.19012591242790222,1766704363017
0,0.11932981759309769,1766704364065
0,0.24453669786453247,1766704364768
0,0.06396124511957169,1766704365612
0,0.3682803809642792,1766704366694
0,0.12416200339794159,1766704367579
0,0.1104496493935585,1766704368462
0,0.09613986313343048,1766704369499
0,0.1076558530330658,1766704370351
0,0.5566425323486328,1766704371140
0,0.277859091758728,1766704372258
0,0.14535276591777802,1766704373067
0,0.15881699323654175,1766704373893
0,0.08399789780378342,1766704374939
0,0.32515615224838257,1766704375675
0,0.17295943200588226,1766704376630
0,0.05952366441488266,1766704377608
0,0.1760827898979187,1766704378335
0,0.18724754452705383,1766704379192
0,0.19100572168827057,1766704380278
0,0.2488735020160675,1766704381002
0,0.18346834182739258,1766704381914
0,0.12381135672330856,1766704383047
0,0.1880418211221695,1766704383766
0,0.08005087077617645,1766704384768
0,0.12820599973201752,1766704385881
0,0.1408764272928238,1766704386542
0,0.07927657663822174,1766704387218
0,0.140614315867424,1766704388332
0,0.04407031089067459,1766704389055
0,0.16417254507541656,1766704389802
0,0.022826900705695152,1766704390936
0,0.27498239278793335,1766704391683
0,0.05003483220934868,1766704392317
0,0.08055589348077774,1766704393430
0,0.1992424875497818,1766704394284
0,0.13231408596038818,1766704394946
0,0.08922073245048523,1766704395788
0,0.15612778067588806,1766704396923
0,0.1675417721271515,1766704397576
0,0.08083578944206238,1766704398382
0,0.24167081713676453,1766704399658
0,0.10628028213977814,1766704400365
0,0.20162136852741241,1766704401148
0,0.11306226253509521,1766704402415
0,0.14267131686210632,1766704403095
0,0.2015465497970581,1766704403953
0,0.13489694893360138,1766704405088
0,0.16140960156917572,1766704405699
0,0.2773981988430023,1766704406361
0,0.18349196016788483,1766704407656
0,0.38815736770629883,1766704408499
0,0.11907767504453659,1766704409229
0,0.343084454536438,1766704410465
0,0.12312374264001846,1766704411321
0,0.07100975513458252,1766704412024
0,0.10426466166973114,1766704413219
0,0.032802656292915344,1766704414068
0,0.06021815538406372,1766704414804
0,0.21463969349861145,1766704415973
0,0.08278548717498779,1766704416896
0,0.06410510838031769,1766704417594
0,0.1729186624288559,1766704418766
0,0.1031629741191864,1766704419691
0,0.3670181334018707,1766704420453
0,0.19241735339164734,1766704421694
0,0.04189037159085274,1766704422454
0,0.08664470165967941,1766704423157
0,0.11227923631668091,1766704424122
0,0.15740615129470825,1766704425102
0,0.13229814171791077,1766704425804
0,0.20573307573795319,1766704426798
0,0.18916988372802734,1766704427867
0,0.11819569021463394,1766704428645
0,0.2639078199863434,1766704429647
0,0.08615663647651672,1766704430632
0,0.06025543808937073,1766704431362
0,0.09777136892080307,1766704432447
0,0.1416054368019104,1766704433279
0,0.2702206075191498,1766704434013
0,0.13855712115764618,1766704435058
0,0.15359632670879364,1766704436014
0,0.08865898847579956,1766704436749
0,0.30514439940452576,1766704437757
0,0.07294397801160812,1766704438719
0,0.2281079888343811,1766704439540
0,0.16009090840816498,1766704440657
0,0.1376005858182907,1766704441551
0,0.17206504940986633,1766704442384
0,0.2835657596588135,1766704443379
0,0.24003741145133972,1766704444277
0,0.07633203268051147,1766704445158
0,0.03336917608976364,1766704446278
0,0.33233556151390076,1766704447205
0,0.1874542534351349,1766704448180
0,0.26526346802711487,1766704449271
0,0.1567307710647583,1766704450114
0,0.15350878238677979,1766704451113
0,0.19228634238243103,1766704452224
0,0.07258058339357376,1766704453060
0,0.06436824798583984,1766704453976
0,0.17038467526435852,1766704455041
0,0.05233379080891609,1766704455839
0,0.2475031018257141,1766704456790
0,0.016114940866827965,1766704457923
0,0.19582977890968323,1766704458784
0,0.13902729749679565,1766704459661
0,0.09963694214820862,1766704460728
0,0.12378688901662827,1766704461592
0,0.050243720412254333,1766704462553
0,0.261333167552948,1766704463509
0,0.10224573314189911,1766704464355
0,0.02950361743569374,1766704465375
0,0.010851381346583366,1766704466430
0,0.18022772669792175,1766704467188
0,0.20470696687698364,1766704468174
0,0.06640471518039703,1766704469018
0,0.11214248836040497,1766704469695
0,0.04464992880821228,1766704470743
0,0.09675577282905579,1766704471686
0,0.14488261938095093,1766704472368
0,0.15207543969154358,1766704473482
0,0.1325026899576187,1766704474409
0,0.2632685899734497,1766704475103
0,0.1752977967262268,1766704476190
0,0.1590297967195511,1766704477114
0,0.12385236471891403,1766704477838
0,0.10911966860294342,1766704478914
0,0.238335520029068,1766704479784
0,0.06326844543218613,1766704480531
0,0.05606824532151222,1766704481611
0,0.2537587881088257,1766704482519
0,0.11575838923454285,1766704483150
0,0.21451956033706665,1766704484217
0,0.26164716482162476,1766704485182
0,0.3035109341144562,1766704485898
0,0.2026241421699524,1766704486936
0,0.23373273015022278,1766704487983
0,0.08629226684570312,1766704488737
0,0.10293464362621307,1766704489846
0,0.015750978142023087,1766704490791
0,0.3316347301006317,1766704491458
0,0.0289386585354805,1766704492460
0,0.1310916543006897,1766704493437
0,0.3782331645488739,1766704494134
0,0.12169481068849564,1766704495143
0,0.09526844322681427,1766704496149
0,0.20586907863616943,1766704496846
0,0.24956241250038147,1766704497844
0,0.07259508222341537,1766704498941
0,0.16761359572410583,1766704499626
0,0.34554556012153625,1766704500405
0,0.10570028424263,1766704501733
0,0.163648784160614,1766704502477
0,0.14830362796783447,1766704503433
0,0.08624222129583359,1766704504610
0,0.06813046336174011,1766704505336
0,0.08703580498695374,1766704506326
0,0.06886058300733566,1766704507454
0,0.19151312112808228,1766704508165
0,0.34336793422698975,1766704509054
0,0.09355401992797852,1766704510218
0,0.11504510045051575,1766704510867
0,0.22519424557685852,1766704511665
0,0.195652037858963,1766704512890
0,0.06300459802150726,1766704513565
0,0.19775918126106262,1766704514307
0,0.0816664844751358,1766704515517
0,0.12252108752727509,1766704516274
0,0.08733610808849335,1766704517083
0,0.08224974572658539,1766704518273
0,0.22808563709259033,1766704518992
0,0.19746966660022736,1766704519674
0,0.4295254647731781,1766704520760
0,0.28381457924842834,1766704521551
0,0.17459823191165924,1766704522339
0,0.16850750148296356,1766704523495
0,0.10201949626207352,1766704524263
0,0.1881864070892334,1766704525019
0,0.06173006445169449,1766704526136
0,0.1510293185710907,1766704526975
0,0.12305665761232376,1766704527832
0,0.21622923016548157,1766704528806
0,0.21372003853321075,1766704529589
0,0.04754754155874252,1766704530505
0,0.23159465193748474,1766704531581
0,0.12418313324451447,1766704532404
0,0.13271188735961914,1766704533262
0,0.13092787563800812,1766704534158
0,0.05311231687664986,1766704534839
0,0.10403710603713989,1766704535692
0,0.05404554307460785,1766704536704
0,0.2462884485721588,1766704537430
0,0.03444978594779968,1766704538271
0,0.24089214205741882,1766704539323
0,0.11446191370487213,1766704540090
0,0.10809973627328873,1766704541018
0,0.10180133581161499,1766704542039
0,0.15230527520179749,1766704542778
0,0.04712658002972603,1766704543748
0,0.2665673494338989,1766704544732
0,0.2521757483482361,1766704545418
0,0.2102184295654297,1766704546394
0,0.22498458623886108,1766704547313
0,0.1497289389371872,1766704548163
0,0.05705113708972931,1766704549090
0,0.1546868085861206,1766704550011
0,0.42428797483444214,1766704550898
0,0.05984478071331978,1766704551816
0,0.08919534087181091,1766704552784
0,0.08372938632965088,1766704553582
0,0.0978618860244751,1766704554386
0,0.06420467793941498,1766704555294
0,0.1446329653263092,1766704556234
0,0.04720496013760567,1766704557049
0,0.08880478888750076,1766704557912
0,0.05600187927484512,1766704558862
0,0.20365464687347412,1766704559772
0,0.39338088035583496,1766704560626
0,0.20994743704795837,1766704561462
0,0.17867952585220337,1766704562387
0,0.08349736034870148,1766704563327
0,0.08850041031837463,1766704564323
0,0.032165609300136566,1766704565191
0,0.3186785876750946,1766704566165
0,0.06832201778888702,1766704567001
0,0.10973119735717773,1766704567783
0,0.1525362730026245,1766704568780
0,0.045065738260746,1766704569612
0,0.08032666891813278,1766704570400
0,0.170882448554039,1766704571484
0,0.13118886947631836,1766704572328
0,0.053028836846351624,1766704573106
0,0.0660221204161644,1766704574150
0,0.06428926438093185,1766704574982
0,0.15899334847927094,1766704575782
0,0.06580549478530884,1766704576894
0,0.0542064905166626,1766704577621
0,0.054254382848739624,1766704578353
0,0.4397978186607361,1766704579291
0,0.011801617220044136,1766704580056
0,0.18111373484134674,1766704580778
0,0.2176268994808197,1766704581835
0,0.28137239813804626,1766704582718
0,0.07592432200908661,1766704583415
0,0.14137834310531616,1766704584428
0,0.2534017264842987,1766704585268
0,0.11258094012737274,1766704585968
0,0.20276206731796265,1766704587026
0,0.18899354338645935,1766704587982
0,0.03504696488380432,1766704588638
0,0.11505846679210663,1766704589575
0,0.1313876211643219,1766704590554
0,0.05985398590564728,1766704591324
0,0.10863883793354034,1766704592294
0,0.1324632465839386,1766704593210
0,0.06842164695262909,1766704593899
0,0.023831114172935486,1766704594831
0,0.08588244020938873,1766704595839
0,0.05969711020588875,1766704596561
0,0.14446081221103668,1766704597554
0,0.18515929579734802,1766704598482
0,0.1083778440952301,1766704599216
0,0.06351993978023529,1766704600041
0,0.2604069113731384,1766704601223
0,0.07995699346065521,1766704601932
0,0.02058228850364685,1766704602742
0,0.0562763586640358,1766704603900
0,0.20738539099693298,1766704604611
0,0.061876773834228516,1766704605459
0,0.3208062946796417,1766704606538
0,0.04730197414755821,1766704607230
0,0.1334870606660843,1766704608023
0,0.19871875643730164,1766704609062
0,0.19900424778461456,1766704609741
0,0.08532199263572693,1766704610474
0,0.14189627766609192,1766704611432
0,0.02060331031680107,1766704612154
0,0.09648432582616806,1766704612783
0,0.2249370962381363,1766704613720
0,0.043816305696964264,1766704614727
0,0.2817821502685547,1766704615419
0,0.08629089593887329,1766704616331
0,0.03147761896252632,1766704617310
0,0.11797478795051575,1766704618064
0,0.14343379437923431,1766704619028
0,0.08556725084781647,1766704620033
0,0.03704629838466644,1766704620797
0,0.2547401189804077,1766704621681
0,0.12378521263599396,1766704622715
0,0.0432390496134758,1766704623477
0,0.06255687773227692,1766704624369
0,0.32731834053993225,1766704625328
0,0.1444881707429886,1766704626014
0,0.02157992497086525,1766704626858
0,0.08586734533309937,1766704628033
0,0.14234861731529236,1766704628735
0,0.07055222988128662,1766704629666
0,0.24032962322235107,1766704630750
0,0.10039433091878891,1766704631478
0,0.08965659141540527,1766704632271
0,0.029868707060813904,1766704633312
0,0.13482825458049774,1766704634072
0,0.10959140956401825,1766704634879
0,0.012157417833805084,1766704635979
0,0.0637039914727211,1766704636742
0,0.12366241216659546,1766704637567
0,0.09400546550750732,1766704638634
0,0.19707664847373962,1766704639358
0,0.07732390612363815,1766704640286
0,0.008153206668794155,1766704641312
0,0.05484095215797424,1766704642099
0,0.15126535296440125,1766704642940
0,0.15814805030822754,1766704644005
0,0.012296466156840324,1766704644766
0,0.18717306852340698,1766704645659
0,0.010964639484882355,1766704646662
0,0.17489853501319885,1766704647469
0,0.09868566691875458,1766704648397
0,0.0959707498550415,1766704649325
0,0.1303173005580902,1766704650130
0,0.3425702452659607,1766704651054
0,0.03579818457365036,1766704651992
0,0.053199950605630875,1766704652959
0,0.09899549931287766,1766704653778
0,0.058240048587322235,1766704654719
0,0.04777751863002777,1766704655543
0,0.41877758502960205,1766704656289
0,0.21859481930732727,1766704657267
0,0.06794340908527374,1766704658123
0,0.34494855999946594,1766704658750
0,0.07572249323129654,1766704659560
0,0.20081140100955963,1766704660510
0,0.16442105174064636,1766704661295
0,0.08794081211090088,1766704662247
0,0.010945256799459457,1766704663160
0,0.011940221302211285,1766704663831
0,0.06362299621105194,1766704664569
0,0.1876583844423294,1766704665666
0,0.3036157488822937,1766704666480
0,0.12185242772102356,1766704667388
0,0.24251455068588257,1766704668636
0,0.26237040758132935,1766704669470
0,0.24760180711746216,1766704670449
0,0.16011984646320343,1766704671579
0,0.11490992456674576,1766704672414
0,0.20838625729084015,1766704673496
0,0.043648362159729004,1766704674545
0,0.07327339053153992,1766704675339
0,0.17089945077896118,1766704676556
0,0.34624502062797546,1766704677468
0,0.16662822663784027,1766704678211
0,0.2566712200641632,1766704679280
0,0.13277103006839752,1766704680126
0,0.28910714387893677,1766704680922
0,0.18061362206935883,1766704682088
0,0.07225213944911957,1766704683065
0,0.1718071550130844,1766704683873
0,0.13983221352100372,1766704685046
0,0.03681960701942444,1766704685953
0,0.19719524681568146,1766704686851
0,0.07145324349403381,1766704688009
0,0.13080939650535583,1766704688798
0,0.09842391312122345,1766704689749
0,0.16583356261253357,1766704690941
0,0.12285320460796356,1766704691774
0,0.0192538071423769,1766704692879
0,0.06190631911158562,1766704693912
0,0.26775994896888733,1766704694709
0,0.07435126602649689,1766704695857
0,0.022700117900967598,1766704696817
0,0.26783275604248047,1766704697692
0,0.14943787455558777,1766704698838
0,0.10764476656913757,1766704699707
0,0.06026092544198036,1766704700582
0,0.0749717503786087,1766704701753
0,0.018609454855322838,1766704702560
0,0.13564389944076538,1766704703495
0,0.05640720576047897,1766704704673
0,0.1492057889699936,1766704705529
0,0.2882257401943207,1766704706589
0,0.18231315910816193,1766704707635
0,0.11624318361282349,1766704708456
0,0.16199150681495667,1766704709595
0,0.13300162553787231,1766704710502
0,0.19094981253147125,1766704711319
0,0.06169723719358444,1766704712469
0,0.07299818843603134,1766704713383
0,0.01885995827615261,1766704714291
0,0.032064393162727356,1766704715355
0,0.06431008130311966,1766704716178
0,0.0957062840461731,1766704717154
0,0.05571797490119934,1766704718307
0,0.07826919853687286,1766704719049
0,0.5455196499824524,1766704719933
0,0.23942196369171143,1766704721090
0,0.4043753743171692,1766704721939
0,0.22489199042320251,1766704722990
0,0.06893901526927948,1766704724090
0,0.0451483428478241,1766704724881
0,0.0567643865942955,1766704725931
0,0.07224254310131073,1766704726817
0,0.20085212588310242,1766704727662
0,0.1497473567724228,1766704728881
0,0.11681244522333145,1766704729778
0,0.084435373544693,1766704730583
0,0.15141570568084717,1766704731715
0,0.01714370772242546,1766704732544
0,0.05123664811253548,1766704733405
0,0.07893392443656921,1766704734391
0,0.10152494162321091,1766704735120
0,0.025690609589219093,1766704735879
0,0.22525475919246674,1766704737022
0,0.10620405524969101,1766704737917
0,0.15924808382987976,1766704738881
0,0.06939966231584549,1766704739979
0,0.022488493472337723,1766704740797
0,0.03780350089073181,1766704741841
0,0.14361803233623505,1766704742859
0,0.05771094560623169,1766704743706
0,0.11169165372848511,1766704744773
0,0.19751907885074615,1766704745689
0,0.05402229726314545,1766704746549
0,0.03619859740138054,1766704747727
0,0.04786901921033859,1766704748643
0,0.1962343007326126,1766704749534
0,0.056892815977334976,1766704750607
0,0.09770867228507996,1766704751362
0,0.09870097041130066,1766704752367
0,0.11867621541023254,1766704753453
0,0.11392761766910553,1766704754244
0,0.32024550437927246,1766704755211
0,0.04616209492087364,1766704756286
0,0.07373981177806854,1766704757107
0,0.05468285456299782,1766704758187
0,0.09607371687889099,1766704759218
0,0.046453509479761124,1766704760078
0,0.022977344691753387,1766704761117
0,0.12956403195858002,1766704761979
0,0.007833532989025116,1766704762882
0,0.08326993137598038,1766704764051
0,0.07903946191072464,1766704764911
0,0.341463565826416,1766704765957
0,0.12899534404277802,1766704767046
0,0.42417028546333313,1766704767813
0,0.08704274147748947,1766704768779
0,0.131461501121521,1766704769931
0,0.07391053438186646,1766704770671
0,0.11883990466594696,1766704771654
0,0.05147434026002884,1766704772655
0,0.0829901248216629,1766704773456
0,0.09032180160284042,1766704774593
0,0.22663800418376923,1766704775615
0,0.2868483066558838,1766704776470
0,0.06943145394325256,1766704777626
0,0.16265271604061127,1766704778515
0,0.15131962299346924,1766704779376
0,0.06645353138446808,1766704780385
0,0.1276828795671463,1766704781139
0,0.08364705741405487,1766704781815
0,0.05994196981191635,1766704782809
0,0.3052220344543457,1766704783565
0,0.13189610838890076,1766704784205
0,0.02708493359386921,1766704785043
0,0.08845847845077515,1766704785950
0,0.16857506334781647,1766704786595
0,0.17483475804328918,1766704787352
0,0.024267619475722313,1766704788439
0,0.052809376269578934,1766704789218
0,0.08197295665740967,1766704789976
0,0.0820346474647522,1766704790962
0,0.1714855432510376,1766704791750
0,0.08814090490341187,1766704792497
0,0.036336690187454224,1766704793519
0,0.014348858967423439,1766704794451
0,0.16752876341342926,1766704795340
0,0.24541442096233368,1766704796311
0,0.14342555403709412,1766704797170
0,0.03582935780286789,1766704798112
0,0.06644824147224426,1766704799105
0,0.10196848958730698,1766704799994
0,0.042039573192596436,1766704801049
0,0.12243957817554474,1766704802014
0,0.039986275136470795,1766704802986
0,0.09004136919975281,1766704803919
0,0.49072062969207764,1766704804813
0,0.09632628411054611,1766704805795
0,0.26596835255622864,1766704806829
0,0.18719467520713806,1766704807686
0,0.05826850235462189,1766704808566
0,0.09293220192193985,1766704809575
0,0.07901828736066818,1766704810378
0,0.15061169862747192,1766704811478
0,0.13991260528564453,1766704812425
0,0.06536374241113663,1766704813219
0,0.16493767499923706,1766704814278
0,0.20310628414154053,1766704815269
0,0.03314855322241783,1766704816046
0,0.15253448486328125,1766704817195
0,0.061210088431835175,1766704818072
0,0.11733298003673553,1766704818972
0,0.021336734294891357,1766704820151
0,0.15897957980632782,1766704820942
0,0.04319237172603607,1766704821955
0,0.123576819896698,1766704823123
0,0.07525824755430222,1766704823965
0,0.017155388370156288,1766704825000
0,0.24099229276180267,1766704825953
0,0.04909051954746246,1766704826737
0,0.08887751400470734,1766704827920
0,0.03807639330625534,1766704828933
0,0.0991525948047638,1766704829776
0,0.02844269759953022,1766704831028
0,0.02811558172106743,1766704831858
0,0.08348295837640762,1766704832781
0,0.054051049053668976,1766704833886
0,0.1517416387796402,1766704834744
0,0.17213091254234314,1766704835783
0,0.002273969352245331,1766704836759
0,0.05579661205410957,1766704837541
0,0.25637367367744446,1766704838583
0,0.13926808536052704,1766704839576
0,0.05116037651896477,1766704840464
0,0.028875071555376053,1766704841586
0,0.04827098920941353,1766704842475
0,0.07046418637037277,1766704843431
0,0.29872506856918335,1766704844474
0,0.06610504537820816,1766704845265
0,0.025263767689466476,1766704846235
0,0.2008739709854126,1766704847367
0,0.1806216835975647,1766704848253
0,0.06722191721200943,1766704849304
0,0.05827224999666214,1766704850242
0,0.10507158935070038,1766704851114
0,0.012869881466031075,1766704852184
0,0.1560591459274292,1766704853007
0,0.06568919122219086,1766704853875
0,0.09994137287139893,1766704854858
0,0.06138154864311218,1766704855793
0,0.054512497037649155,1766704856724
0,0.2641000747680664,1766704857784
0,0.02681560441851616,1766704858702
0,0.09425222873687744,1766704859744
0,0.1781323254108429,1766704860761
0,0.09477746486663818,1766704861664
0,0.004571434110403061,1766704862703
0,0.22617512941360474,1766704863652
0,0.41809341311454773,1766704864692
0,0.09501990675926208,1766704865632
0,0.06095336377620697,1766704866672
0,0.08454780280590057,1766704867677
0,0.01641671173274517,1766704868715
0,0.05196116119623184,1766704869659
0,0.06817826628684998,1766704870601
0,0.08139513432979584,1766704871649
0,0.3118320405483246,1766704872659
0,0.021417420357465744,1766704873529
0,0.17424002289772034,1766704874502
0,0.08399131894111633,1766704875443
0,0.39577311277389526,1766704876403
0,0.037833504378795624,1766704877209
0,0.09586545079946518,1766704878222
0,0.26569145917892456,1766704879227
0,0.06962524354457855,1766704880222
0,0.03068772703409195,1766704881200
0,0.15100061893463135,1766704882151
0,0.06102151423692703,1766704883063
0,0.11037541925907135,1766704884054
0,0.05934157967567444,1766704885060
0,0.10628902912139893,1766704886041
0,0.40663525462150574,1766704887063
0,0.0675642341375351,1766704888107
0,0.22244271636009216,1766704889058
0,0.027912721037864685,1766704890065
0,0.09284006059169769,1766704891062
0,0.1580563336610794,1766704892067
0,0.2297651320695877,1766704893075
0,0.004248534794896841,1766704893913
0,0.34559762477874756,1766704895071
0,0.10311228781938553,1766704896095
0,0.03179693967103958,1766704896976
0,0.07296223193407059,1766704898086
0,0.08668024837970734,1766704898965
0,0.2256535291671753,1766704899921
0,0.12325386703014374,1766704901121
0,0.23405498266220093,1766704901968
0,0.03867555782198906,1766704903029
0,0.0227056872099638,1766704904024
0,0.25319692492485046,1766704904826
0,0.15585127472877502,1766704905912
0,0.4275782108306885,1766704906902
0,0.20709556341171265,1766704907794
0,0.08452481031417847,1766704908894
0,0.1638597548007965,1766704909810
0,0.12352535128593445,1766704910782
0,0.0736270397901535,1766704911920
1,0.2281060814857483,1766704912712
1,0.26990410685539246,1766704913633
1,0.08281424641609192,1766704914681
1,0.07830671966075897,1766704915516
1,0.19073183834552765,1766704916775
1,0.058922089636325836,1766704917626
1,0.2778845727443695,1766704918538
1,0.1852409988641739,1766704919707
1,0.15508124232292175,1766704920510
1,0.06969626992940903,1766704921478
1,0.07039647549390793,1766704922515
1,0.012858467176556587,1766704923246
1,0.0433003306388855,1766704924062
1,0.15844608843326569,1766704925239
1,0.02787483111023903,1766704926008
1,0.15309661626815796,1766704927021
1,0.05897507816553116,1766704928131
1,0.0747542530298233,1766704928955
1,0.16988402605056763,1766704930148
1,0.13004672527313232,1766704931096
1,0.12490560859441757,1766704931936
1,0.018922436982393265,1766704933069
1,0.04068410024046898,1766704933975
1,0.0045335968025028706,1766704934930
1,0.2805933356285095,1766704936069
1,0.15350475907325745,1766704936823
1,0.08815577626228333,1766704937855
1,0.039622824639081955,1766704938964
1,0.059952761977910995,1766704939731
1,0.2265639305114746,1766704940905
1,0.11215086281299591,1766704941919
1,0.023123636841773987,1766704942859
1,0.06136108934879303,1766704943997
1,0.20266422629356384,1766704944834
1,0.284645140171051,1766704945647
1,0.11102111637592316,1766704946820
1,0.14961782097816467,1766704947648
1,0.027504535391926765,1766704948545
1,0.013340326026082039,1766704949672
1,0.07757607102394104,1766704950549
1,0.24986043572425842,1766704951561
1,0.08808845281600952,1766704952658
1,0.5245445966720581,1766704953460
1,0.166010320186615,1766704954450
1,0.08401644229888916,1766704955518
1,0.06720904260873795,1766704956345
1,0.004602448083460331,1766704957421
1,0.044145628809928894,1766704958376
1,0.07101410627365112,1766704959120
1,0.021165724843740463,1766704960241
1,0.055288784205913544,1766704961195
1,0.1709243655204773,1766704962042
1,0.09604556858539581,1766704963270
1,0.02974039502441883,1766704964097
1,0.09631867706775665,1766704964930
1,0.05528021976351738,1766704966131
1,0.05097382515668869,1766704966952
1,0.24711760878562927,1766704967805
1,0.028673313558101654,1766704969020
1,0.04748595505952835,1766704969762
1,0.19511887431144714,1766704970701
1,0.04277583584189415,1766704971928
1,0.03562605381011963,1766704972711
1,0.05656056106090546,1766704973673
1,0.17575645446777344,1766704974821
1,0.10119680315256119,1766704975601
1,0.08337824046611786,1766704976517
1,0.10159475356340408,1766704977557
1,0.2253299504518509,1766704978379
1,0.11962072551250458,1766704979408
1,0.1700313687324524,1766704980433
1,0.14156454801559448,1766704981166
1,0.11756590008735657,1766704982231
1,0.19224829971790314,1766704983201
1,0.023575011640787125,1766704983989
1,0.02608414739370346,1766704985051
1,0.15881918370723724,1766704986041
1,0.06909368932247162,1766704986914
1,0.27109700441360474,1766704988010
1,0.09445734322071075,1766704988844
1,0.06427595019340515,1766704989617
1,0.16204789280891418,1766704990819
1,0.2445252239704132,1766704991699
1,0.19757917523384094,1766704992525
1,0.05548722669482231,1766704993756
1,0.10393450409173965,1766704994567
1,0.18799452483654022,1766704995408
1,0.031087905168533325,1766704996621
1,0.12264420092105865,1766704997402
1,0.0066099027171730995,1766704998349
1,0.18191242218017578,1766704999397
1,0.040573589503765106,1766705000101
1,0.02688860148191452,1766705001054
1,0.15205331146717072,1766705002064
1,0.21749186515808105,1766705002861
1,0.012790193781256676,1766705003956
1,0.012509915977716446,1766705004976
1,0.13269716501235962,1766705005780
1,0.07023870944976807,1766705006943
1,0.11069837212562561,1766705007929
1,0.10970662534236908,1766705008825
1,0.12857581675052643,1766705009971
1,0.19150739908218384,1766705010833
1,0.08832099288702011,1766705011794
1,0.08616818487644196,1766705012902
1,0.0036702132783830166,1766705013747
1,0.01942453160881996,1766705014781
1,0.12608623504638672,1766705015937
1,0.056470952928066254,1766705016771
1,0.32313641905784607,1766705017883
1,0.1002161055803299,1766705018837
1,0.10624457150697708,1766705019709
1,0.19587048888206482,1766705020841
1,0.15708012878894806,1766705021653
1,0.33358168601989746,1766705022529
1,0.012640121392905712,1766705023726
1,0.03273285552859306,1766705024518
1,0.041260696947574615,1766705025409
1,0.07631655037403107,1766705026563
1,0.01831711269915104,1766705027426
1,0.38595715165138245,1766705028506
1,0.3160238564014435,1766705029569
1,0.09867672622203827,1766705030381
1,0.12296748161315918,1766705031477
1,0.14214293658733368,1766705032491
1,0.06213688105344772,1766705033229
1,0.14907865226268768,1766705034185
1,0.09658145159482956,1766705035156
1,0.06502870470285416,1766705036027
1,0.13059355318546295,1766705037257
1,0.03417745977640152,1766705038100
1,0.08297871798276901,1766705038914
1,0.0680331364274025,1766705040105
1,0.0842546820640564,1766705040869
1,0.03957897797226906,1766705041793
1,0.23006629943847656,1766705042944
1,0.079070545732975,1766705043711
1,0.021560534834861755,1766705044590
1,0.12274674326181412,1766705045719
1,0.04404772073030472,1766705046529
1,0.05016496405005455,1766705047411
1,0.014622539281845093,1766705048518
1,0.12976011633872986,1766705049251
1,0.19018876552581787,1766705050240
1,0.1487293243408203,1766705051236
1,0.1923081874847412,1766705052010
1,0.07315189391374588,1766705053116
1,0.11153320968151093,1766705054052
1,0.0041679274290800095,1766705054793
1,0.07320031523704529,1766705055787
1,0.05668561905622482,1766705056757
1,0.03195444494485855,1766705057561
1,0.051848094910383224,1766705058676
1,0.18663766980171204,1766705059590
1,0.09480201452970505,1766705060448
1,0.040013477206230164,1766705061448
1,0.030874887481331825,1766705062354
1,0.058502305299043655,1766705063138
1,0.05421075224876404,1766705064130
1,0.03001696616411209,1766705065055
1,0.029392169788479805,1766705065867
1,0.048642486333847046,1766705066987
1,0.06617902964353561,1766705067859
1,0.16859318315982819,1766705068780
1,0.04992034286260605,1766705069986
1,0.3437340557575226,1766705070778
1,0.09194611012935638,1766705071684
1,0.12689121067523956,1766705072716
1,0.1255401372909546,1766705073497
1,0.029415855184197426,1766705074413
1,0.06786694377660751,1766705075498
1,0.06278152018785477,1766705076270
1,0.14010180532932281,1766705077266
1,0.03341309726238251,1766705078422
1,0.02427247166633606,1766705079220
1,0.1524404138326645,1766705080309
1,0.07445165514945984,1766705081292
1,0.021989723667502403,1766705082149
1,0.1942172646522522,1766705083406
1,0.055679939687252045,1766705084289
1,0.017299911007285118,1766705085158
1,0.01594921573996544,1766705086282
1,0.036089956760406494,1766705087045
1,0.15970179438591003,1766705088048
1,0.07092511653900146,1766705089031
1,0.003114189486950636,1766705089852
1,0.14445626735687256,1766705090749
1,0.10226444900035858,1766705091867
1,0.018147360533475876,1766705092672
1,0.01375737227499485,1766705093738
1,0.09478329867124557,1766705094731
1,0.09726881235837936,1766705095597
1,0.025888558477163315,1766705096748
1,0.10431712865829468,1766705097660
1,0.0333743579685688,1766705098439
1,0.056248489767313004,1766705099734
1,0.06778842955827713,1766705100547
1,0.10174182802438736,1766705101374
1,0.0945843905210495,1766705102414
1,0.21916818618774414,1766705103220
1,0.23722273111343384,1766705104092
1,0.15849009156227112,1766705105193
1,0.04210543632507324,1766705105963
1,0.12445995956659317,1766705106965
1,0.041642699390649796,1766705107955
1,0.003732851706445217,1766705108713
1,0.036599356681108475,1766705109726
1,0.15468847751617432,1766705110664
1,0.1412491500377655,1766705111497
1,0.09478767216205597,1766705112469
1,0.025464199483394623,1766705113533
1,0.08675326406955719,1766705114350
1,0.06448300927877426,1766705115550
1,0.06357649713754654,1766705116399
1,0.03281039744615555,1766705117222
1,0.16870750486850739,1766705118260
1,0.09020814299583435,1766705119193
1,0.02061336487531662,1766705120052
1,0.08371906727552414,1766705121172
1,0.010813126340508461,1766705122026
1,0.0785919576883316,1766705122860
1,0.14510437846183777,1766705123931
1,0.0740455761551857,1766705124737
1,0.04531646892428398,1766705125518
1,0.16215820610523224,1766705126716
1,0.06085926294326782,1766705127447
1,0.0166516974568367,1766705128229
1,0.4615301489830017,1766705129330
1,0.1957160234451294,1766705130028
1,0.08429256081581116,1766705130725
1,0.004077954217791557,1766705131558
1,0.2527698874473572,1766705132221
1,0.02803170494735241,1766705132893
1,0.07682199031114578,1766705133584
1,0.15353067219257355,1766705134567
1,0.20013414323329926,1766705135213
1,0.019517550244927406,1766705135876
1,0.08106143027544022,1766705136773
1,0.11223508417606354,1766705137574
1,0.08787811547517776,1766705138464
1,0.44059833884239197,1766705139445
1,0.26552051305770874,1766705140192
1,0.07250974327325821,1766705140830
1,0.0848805233836174,1766705141629
1,0.19798053801059723,1766705142581
1,0.12317235767841339,1766705143247
1,0.026083070784807205,1766705143910
1,0.005982608534395695,1766705144870
1,0.10203781723976135,1766705145694
1,0.145147442817688,1766705146430
1,0.018406476825475693,1766705147493
1,0.05624324083328247,1766705148366
1,0.14266960322856903,1766705149076
1,0.338855504989624,1766705150184
1,0.11127257347106934,1766705151003
1,0.014833373948931694,1766705151661
1,0.10320233553647995,1766705152641
1,0.08103283494710922,1766705153469
1,0.06679022312164307,1766705154041
1,0.2583746910095215,1766705154885
1,0.043903082609176636,1766705156037
1,0.05669068545103073,1766705156722
1,0.1287224441766739,1766705157535
1,0.1480397880077362,1766705158605
1,0.08379340171813965,1766705159478
1,0.1422100067138672,1766705160329
1,0.08981211483478546,1766705161539
1,0.01001768559217453,1766705162206
1,0.09737566113471985,1766705163163
1,0.08805035799741745,1766705164304
1,0.13789604604244232,1766705164974
1,0.07407858967781067,1766705165898
1,0.05023111030459404,1766705166976
1,0.020294446498155594,1766705167740
1,0.27852070331573486,1766705168805
1,0.054756373167037964,1766705169754
1,0.0408591628074646,1766705170475
1,0.003447015304118395,1766705171621
1,0.026805106550455093,1766705172517
1,0.05394761636853218,1766705173314
1,0.07132311910390854,1766705174476
1,0.1528874635696411,1766705175350
1,0.008816451765596867,1766705176202
1,0.1326981484889984,1766705177327
1,0.0322747565805912,1766705178135
1,0.054963842034339905,1766705179046
1,0.2940730154514313,1766705180189
1,0.2899046242237091,1766705180917
1,0.2630271017551422,1766705181801
1,0.0005156327970325947,1766705182771
1,0.12647300958633423,1766705183549
1,0.02847374603152275,1766705184383
1,0.30673345923423767,1766705185412
1,0.04730755090713501,1766705186139
1,0.036472611129283905,1766705187161
1,0.02683110162615776,1766705188161
1,0.1232662945985794,1766705188853
1,0.11650869995355606,1766705189827
1,0.02667238749563694,1766705190778
1,0.2755068838596344,1766705191463
1,0.03474009037017822,1766705192466
1,0.225702702999115,1766705193419
1,0.018022822216153145,1766705194109
1,0.07804646342992783,1766705195199
1,0.06999262422323227,1766705196198
1,0.050153832882642746,1766705196888
1,0.053464241325855255,1766705197968
1,0.13725537061691284,1766705198948
1,0.14212357997894287,1766705199657
1,0.1103324294090271,1766705200691
1,0.16424386203289032,1766705201625
1,0.44256919622421265,1766705202332
1,0.0895097479224205,1766705203382
1,0.12616415321826935,1766705204365
1,0.35996192693710327,1766705205146
1,0.22907911241054535,1766705206118
1,0.06722025573253632,1766705207015
1,0.05004345253109932,1766705207986
1,0.036904435604810715,1766705208987
1,0.1295756697654724,1766705209702
1,0.05470495671033859,1766705210451
1,0.05507479980587959,1766705211500
1,0.05977220833301544,1766705212426
1,0.12983731925487518,1766705213228
1,0.03569187968969345,1766705214125
1,0.09736111015081406,1766705215057
1,0.06209269538521767,1766705215824
1,0.14694280922412872,1766705216810
1,0.02482658252120018,1766705217811
1,0.09441421926021576,1766705218433
1,0.1602792888879776,1766705219291
1,0.035566624253988266,1766705220368
1,0.07558475434780121,1766705221083
1,0.32510101795196533,1766705221877
1,0.10854143649339676,1766705222921
1,0.13166819512844086,1766705223569
1,0.1011243611574173,1766705224342
1,0.07105065882205963,1766705225489
1,0.021500319242477417,1766705226232
1,0.174086794257164,1766705227019
1,0.09200271219015121,1766705228241
1,0.030002862215042114,1766705228958
1,0.03214005008339882,1766705229779
1,0.009454981423914433,1766705230858
1,0.279034286737442,1766705231643
1,0.10415951162576675,1766705232441
1,0.09540657699108124,1766705233610
1,0.04038548097014427,1766705234343
1,0.028467819094657898,1766705235024
1,0.12436417490243912,1766705236109
1,0.015609314665198326,1766705236907
1,0.1049744039773941,1766705237583
1,0.09167446196079254,1766705238814
1,0.22828026115894318,1766705239627
1,0.029765643179416656,1766705240307
1,0.004080903250724077,1766705241546
1,0.020910615101456642,1766705242287
1,0.0022601098753511906,1766705243023
1,0.004613696597516537,1766705244099
1,0.052114494144916534,1766705244930
1,0.020661478862166405,1766705245626
1,0.03227576985955238,1766705246769
1,0.02124481089413166,1766705247533
1,0.02040909044444561,1766705248195
1,0.06564436107873917,1766705249387
1,0.11489278823137283,1766705250219
1,0.2597593069076538,1766705251005
1,0.038043905049562454,1766705252041
1,0.012562980875372887,1766705252873
1,0.11200790107250214,1766705253618
1,0.6021497249603271,1766705254706
1,0.0616786926984787,1766705255537
1,0.10807478427886963,1766705256429
1,0.01096245739609003,1766705257430
1,0.05710585415363312,1766705258245
1,0.0807408019900322,1766705259066
1,0.023328464478254318,1766705260159
1,0.055949240922927856,1766705260937
1,0.10071060061454773,1766705261890
1,0.3290610611438751,1766705262844
1,0.015087522566318512,1766705263569
1,0.024908794090151787,1766705264497
1,0.0786358192563057,1766705265343
1,0.11364283412694931,1766705266077
1,0.03353668004274368,1766705267062
1,0.05504670739173889,1766705268129
1,0.12381544709205627,1766705268880
1,0.14819815754890442,1766705269693
1,0.009306716732680798,1766705270714
1,0.0061638010665774345,1766705271566
1,0.0036184294149279594,1766705272450
1,0.03899717330932617,1766705273290
1,0.14288091659545898,1766705274204
1,0.009807477705180645,1766705275306
1,0.08105944842100143,1766705276226
1,0.06787744909524918,1766705277041
1,0.06832396984100342,1766705278079
1,0.01905548945069313,1766705278983
1,0.14177283644676208,1766705279784
1,0.07869726419448853,1766705280849
1,0.21566960215568542,1766705281727
1,0.08313490450382233,1766705282657
1,0.012170585803687572,1766705283780
1,0.06563367694616318,1766705284667
1,0.04810640960931778,1766705285544
1,0.06422057747840881,1766705286514
1,0.10693471878767014,1766705287400
1,0.0878596380352974,1766705288348
1,0.01682239957153797,1766705289295
1,0.030984707176685333,1766705290166
1,0.12939466536045074,1766705291208
1,0.11204370111227036,1766705292095
1,0.04673311114311218,1766705292902
1,0.10911345481872559,1766705293890
1,0.042539082467556,1766705294909
1,0.05207620933651924,1766705295746
1,0.16631962358951569,1766705296743
1,0.016174957156181335,1766705297719
1,0.014577399007976055,1766705298565
1,0.07760293781757355,1766705299513
1,0.008902020752429962,1766705300433
1,0.09695325791835785,1766705301227
1,0.11660847812891006,1766705302219
1,0.03319236636161804,1766705303077
1,0.041205260902643204,1766705303805
1,0.10266925394535065,1766705304801
1,0.5433281064033508,1766705305780
1,0.03877073526382446,1766705306676
1,0.17368854582309723,1766705307626
1,0.1977023482322693,1766705308445
1,0.14779718220233917,1766705309421
1,0.012085742317140102,1766705310469
1,0.20368623733520508,1766705311342
1,0.017397142946720123,1766705312348
1,0.05893072858452797,1766705313374
1,0.04633108898997307,1766705314108
1,0.18311363458633423,1766705315172
1,0.0040008677169680595,1766705316100
1,0.029604632407426834,1766705316882
1,0.18703706562519073,1766705317881
1,0.12521107494831085,1766705318759
1,0.06719101965427399,1766705319591
1,0.09327515959739685,1766705320643
1,0.09558983147144318,1766705321521
1,0.05837349221110344,1766705322431
1,0.04877827316522598,1766705323497
1,0.021700309589505196,1766705324296
1,0.09186924248933792,1766705325154
1,0.008791251108050346,1766705326132
1,0.05077961087226868,1766705327000
1,0.0514424592256546,1766705328026
1,0.32654571533203125,1766705328984
1,0.07171233743429184,1766705329829
1,0.15245655179023743,1766705330851
1,0.1775655597448349,1766705331889
1,0.0768454372882843,1766705332743
1,0.20521393418312073,1766705333769
1,0.09609892219305038,1766705334665
1,0.13892149925231934,1766705335541
1,0.08806674927473068,1766705336610
1,0.06245072931051254,1766705337503
1,0.17793530225753784,1766705338368
1,0.031345486640930176,1766705339227
1,0.03448648750782013,1766705340168
1,0.2387591004371643,1766705341079
1,0.11644402146339417,1766705342163
1,0.048254288733005524,1766705343111
1,0.24702516198158264,1766705344006
1,0.15211698412895203,1766705344898
1,0.05787106603384018,1766705345739
1,0.012447240762412548,1766705346705
1,0.049739159643650055,1766705347575
1,0.0376594252884388,1766705348509
1,0.015463890507817268,1766705349506
1,0.2039499133825302,1766705350396
1,0.14900213479995728,1766705351414
1,0.004966078791767359,1766705352362
1,0.10949702560901642,1766705353288
1,0.07372087240219116,1766705354266
1,0.16473929584026337,1766705355175
1,0.052543193101882935,1766705356114
1,0.032562267035245895,1766705357046
1,0.05923699587583542,1766705357825
1,0.026241980493068695,1766705358599
1,0.17985251545906067,1766705359559
1,0.20166727900505066,1766705360523
1,0.024796850979328156,1766705361425
1,0.04903784394264221,1766705362486
1,0.13773591816425323,1766705363386
1,0.01215421874076128,1766705364289
1,0.03302707523107529,1766705365361
1,0.15172141790390015,1766705366238
1,0.08145084977149963,1766705367184
1,0.030873749405145645,1766705368138
1,0.024344775825738907,1766705369011
1,0.13811665773391724,1766705369960
1,0.13562071323394775,1766705370891
1,0.09924862533807755,1766705371799
1,0.03964830935001373,1766705372789
1,0.023218045011162758,1766705373599
1,0.05131901800632477,1766705374437
1,0.12007270753383636,1766705375645
1,0.06961735337972641,1766705376439
1,0.031703319400548935,1766705377245
1,0.0035322746261954308,1766705378400
1,0.08990560472011566,1766705379192
1,0.10142708569765091,1766705380073
1,0.025022726505994797,1766705381209
1,0.11628639698028564,1766705382015
1,0.1008966788649559,1766705382922
1,0.036645133048295975,1766705383918
1,0.0006633068551309407,1766705384689
1,0.06328441202640533,1766705385750
1,0.010260703973472118,1766705386755
1,0.0766056627035141,1766705387493
1,0.027964696288108826,1766705388462
1,0.013397278264164925,1766705389275
1,0.10118217766284943,1766705389930
1,0.033286675810813904,1766705390839
1,0.08998148143291473,1766705391825
1,0.1557302623987198,1766705392586
1,0.10309029370546341,1766705393672
1,0.042365990579128265,1766705394698
1,0.11195740103721619,1766705395473
1,0.24780437350273132,1766705396499
1,0.0968891978263855,1766705397384
1,0.06535743176937103,1766705398187
1,0.17702016234397888,1766705399137
1,0.2514508068561554,1766705400174
1,0.09114298224449158,1766705400860
1,0.05904997140169144,1766705401787
1,0.041610050946474075,1766705402853
1,0.08054445683956146,1766705403567
1,0.00985848717391491,1766705404329
1,0.03238385543227196,1766705405556
1,0.003987767733633518,1766705406265
1,0.08508551120758057,1766705407105
1,0.04880461096763611,1766705408248
1,0.01602334901690483,1766705408959
1,0.03224850818514824,1766705409798
1,0.028894901275634766,1766705410990
1,0.06028291583061218,1766705411621
1,0.21529331803321838,1766705412435
1,0.19196650385856628,1766705413641
1,0.05007445812225342,1766705414351
1,0.12542569637298584,1766705415237
1,0.21842391788959503,1766705416421
1,0.045022159814834595,1766705417141
1,0.09989289939403534,1766705418082
1,0.04856785386800766,1766705419117
1,0.029104437679052353,1766705419728
1,0.15960979461669922,1766705420552
1,0.02420409955084324,1766705421649
1,0.04242436960339546,1766705422349
1,0.016581924632191658,1766705423105
1,0.04195941984653473,1766705424270
1,0.06923054903745651,1766705424929
1,0.0876559168100357,1766705425608
1,0.05654839426279068,1766705426622
1,0.1682940423488617,1766705427473
1,0.04873720556497574,1766705428262
1,0.0685863271355629,1766705429303
1,0.14221680164337158,1766705430144
1,0.4337480962276459,1766705430798
1,0.18275552988052368,1766705431788
1,0.08602554351091385,1766705432697
1,0.1409684717655182,1766705433545
1,0.2680504322052002,1766705434591
1,0.12960027158260345,1766705435405
1,0.15281268954277039,1766705436266
1,0.1059974804520607,1766705437383
1,0.07606392353773117,1766705438162
1,0.061523258686065674,1766705438982
1,0.1517888456583023,1766705440065
1,0.23945607244968414,1766705440834
1,0.1343696117401123,1766705441759
1,0.16462522745132446,1766705442839
1,0.10816241055727005,1766705443475
1,0.07754004746675491,1766705444220
1,0.08966686576604843,1766705445386
1,0.1045493334531784,1766705446156
1,0.010350754484534264,1766705446884
1,0.16975025832653046,1766705448016
1,0.09987545013427734,1766705448852
1,0.0334494486451149,1766705449623
1,0.08706338703632355,1766705450623
1,0.1652628779411316,1766705451372
1,0.09649091213941574,1766705452153
1,0.0683535486459732,1766705453413
1,0.09013528376817703,1766705454150
1,0.009077814407646656,1766705455029
1,0.07512219995260239,1766705456175
1,0.04724843055009842,1766705456841
1,0.0835801362991333,1766705457704
1,0.20004060864448547,1766705458883
1,0.06870529800653458,1766705459599
1,0.08077877014875412,1766705460446
1,0.1466616690158844,1766705461518
1,0.04024128615856171,1766705462277
1,0.11200561374425888,1766705463147
1,0.047592539340257645,1766705464245
1,0.042819857597351074,1766705464942
1,0.018295323476195335,1766705465791
1,0.13204441964626312,1766705466947
1,0.11760039627552032,1766705467641
1,0.041484296321868896,1766705468648
1,0.02426770143210888,1766705469808
1,0.009761849418282509,1766705470501
1,0.08161500096321106,1766705471397
1,0.020574327558279037,1766705472529
1,0.10813799500465393,1766705473290
1,0.12153083831071854,1766705474272
1,0.09321466088294983,1766705475316
1,0.008006973192095757,1766705475951
1,0.0032295607961714268,1766705476916
1,0.04296215996146202,1766705477881
1,0.29896384477615356,1766705478626
1,0.05450429767370224,1766705479703
1,0.05942193791270256,1766705480555
1,0.09198569506406784,1766705481240
1,0.3162899613380432,1766705482081
1,0.14569035172462463,1766705482961
1,0.1388430893421173,1766705483598
1,0.062367137521505356,1766705484443
1,0.2811165452003479,1766705485557
1,0.24291127920150757,1766705486291
1,0.004333195276558399,1766705487218
1,0.054998259991407394,1766705488284
1,0.011002302169799805,1766705488896
1,0.10861065983772278,1766705489658
1,0.00659960089251399,1766705490728
1,0.1231842041015625,1766705491533
1,0.05535179004073143,1766705492479
1,0.01364608108997345,1766705493442
1,0.10102595388889313,1766705494177
1,0.13809877634048462,1766705494969
1,0.08748183399438858,1766705495938
1,0.16478148102760315,1766705496658
1,0.0837448313832283,1766705497561
1,0.1252092868089676,1766705498589
1,0.016269881278276443,1766705499431
1,0.027909960597753525,1766705500274
1,0.22525255382061005,1766705501306
1,0.23413018882274628,1766705502109
1,0.26683545112609863,1766705503068
1,0.13329391181468964,1766705504118
1,0.0164472833275795,1766705504801
1,0.12182801216840744,1766705505747
1,0.078126460313797,1766705506803
1,0.11080557107925415,1766705507594
1,0.08770779520273209,1766705508552
1,0.012903952971100807,1766705509473
1,0.08753364533185959,1766705510251
1,0.05063386261463165,1766705511269
1,0.03187255188822746,1766705512158
1,0.07224965840578079,1766705512913
1,0.04989297688007355,1766705513832
1,0.12782570719718933,1766705514791
1,0.0013618598459288478,1766705515528
1,0.005274408962577581,1766705516500
1,0.017165422439575195,1766705517490
1,0.033961039036512375,1766705518252
1,0.01320897787809372,1766705519293
1,0.010467260144650936,1766705520221
1,0.0017128827748820186,1766705521003
1,0.08943889290094376,1766705522020
1,0.016662560403347015,1766705522870
1,0.1075235903263092,1766705523659
1,0.00433847401291132,1766705524674
1,0.013730541802942753,1766705525579
1,0.055611833930015564,1766705526365
1,0.11497226357460022,1766705527374
1,0.1404220461845398,1766705528266
1,0.02632121369242668,1766705529034
1,0.029999850317835808,1766705529949
1,0.11451985687017441,1766705530798
1,0.030973877757787704,1766705531553
1,0.09996561706066132,1766705532477
1,0.17895150184631348,1766705533307
1,0.0073792296461761,1766705534068
1,0.0708962008357048,1766705534969
1,0.14296190440654755,1766705535917
1,0.061590589582920074,1766705536656
1,0.03761957585811615,1766705537589
1,0.058890197426080704,1766705538498
1,0.0378965362906456,1766705539410
1,0.03310893103480339,1766705540460
1,0.13753868639469147,1766705541347
1,0.07213196158409119,1766705542297
1,0.05343710258603096,1766705543241
1,0.09912419319152832,1766705544011
1,0.005129446741193533,1766705544987
1,0.23680105805397034,1766705546127
1,0.36876577138900757,1766705546874
1,0.0037966903764754534,1766705547740
1,0.0715855285525322,1766705548719
1,0.04029232636094093,1766705549472
1,0.22408944368362427,1766705550445
1,0.03792598471045494,1766705551505
1,0.00803712010383606,1766705552338
1,0.0907473936676979,1766705553369
1,0.0551416277885437,1766705554337
1,0.01565045490860939,1766705555240
1,0.04118432104587555,1766705556262
1,0.0437072291970253,1766705557001
1,0.003489585593342781,1766705557921
1,0.030554629862308502,1766705558881
1,0.06337490677833557,1766705559724
1,0.07733342051506042,1766705560585
1,0.06827841699123383,1766705561672
1,0.06278866529464722,1766705562559
1,0.18829600512981415,1766705563437
1,0.12869936227798462,1766705564518
1,0.01970115303993225,1766705565355
1,0.07345350086688995,1766705566117
1,0.059190522879362106,1766705567135
1,0.007003781385719776,1766705567931
1,0.12604022026062012,1766705568920
1,0.21362723410129547,1766705570013
1,0.031170722097158432,1766705570750
1,0.04826989024877548,1766705571544
1,0.057649001479148865,1766705572574
1,0.11964406818151474,1766705573463
1,0.025355665013194084,1766705574353
1,0.15299364924430847,1766705575422
1,0.02828553505241871,1766705576305
1,0.08881593495607376,1766705577181
1,0.05752985179424286,1766705578026
1,0.03849795088171959,1766705578803
1,0.1266191005706787,1766705579698
1,0.09892343729734421,1766705580599
1,0.017326906323432922,1766705581497
1,0.06105998530983925,1766705582466
1,0.09048455208539963,1766705583385
1,0.08526484668254852,1766705584130
1,0.11328528821468353,1766705585152
1,0.036590028554201126,1766705586052
1,0.09456530213356018,1766705586901
1,0.12016298621892929,1766705587882
1,0.051612891256809235,1766705588748
1,0.06960508972406387,1766705589517
1,0.024943701922893524,1766705590564
1,0.08827713876962662,1766705591401
1,0.08648613840341568,1766705592214
1,0.1282237321138382,1766705593239
1,0.06011659651994705,1766705594079
1,0.005565720144659281,1766705594870
1,0.029570158571004868,1766705596024
1,0.010067963972687721,1766705596840
1,0.010607771575450897,1766705597773
1,0.10700839757919312,1766705598858
1,0.06035682559013367,1766705599656
1,0.06400875747203827,1766705600618
1,0.16157680749893188,1766705601677
1,0.023918403312563896,1766705602554
1,0.011921190656721592,1766705603433
1,0.40001171827316284,1766705604380
1,0.006013321690261364,1766705605284
1,0.015358718112111092,1766705606278
1,0.009900189936161041,1766705607229
1,0.10101746022701263,1766705608184
1,0.039809152483940125,1766705609097
1,0.3092796802520752,1766705609931
1,0.004527621902525425,1766705610857
1,0.032962922006845474,1766705611799
1,0.0907806009054184,1766705612663
1,0.021491024643182755,1766705613532
1,0.2042919248342514,1766705614438
1,0.12371572852134705,1766705615463
1,0.2161712497472763,1766705616383
1,0.2080197036266327,1766705617288
1,0.11013280600309372,1766705618307
1,0.047096628695726395,1766705619238
1,0.021107515320181847,1766705620095
1,0.04529407620429993,1766705621052
1,0.059649139642715454,1766705621959
1,0.058900970965623856,1766705622747
1,0.07360038161277771,1766705623745
1,0.03939816355705261,1766705624658
1,0.05682075396180153,1766705625442
1,0.03793751448392868,1766705626514
1,0.012703930959105492,1766705627497
1,0.05553872883319855,1766705628478
1,0.04398133605718613,1766705629415
1,0.06612833589315414,1766705630300
1,0.0422411784529686,1766705631145
1,0.11536885052919388,1766705632228
1,0.08103510737419128,1766705633149
1,0.0045454069040715694,1766705633989
1,0.08056368678808212,1766705635045
1,0.09603685885667801,1766705635829
1,0.04993946850299835,1766705636495
1,0.07761608064174652,1766705637304
1,0.20881342887878418,1766705638129
1,0.014514620415866375,1766705638903
1,0.014758778735995293,1766705639947
1,0.003028009319677949,1766705640887
1,0.10073615610599518,1766705641609
1,0.2062874436378479,1766705642650
1,0.1868901401758194,1766705643548
1,0.06164000928401947,1766705644218
1,0.0471925362944603,1766705645253
1,0.07390663772821426,1766705646180
1,0.014041273854672909,1766705646806
1,0.029018841683864594,1766705647727
1,0.0335058867931366,1766705648723
1,0.01751849427819252,1766705649436
1,0.03230354189872742,1766705650289
1,0.295376718044281,1766705651390
1,0.22553443908691406,1766705652057
1,0.08649692684412003,1766705652768
1,0.056491270661354065,1766705653879
1,0.010163811966776848,1766705654531
1,0.09804277122020721,1766705655157
1,0.00872836820781231,1766705656303
1,0.03419596701860428,1766705657018
1,0.12036416679620743,1766705657650
1,0.003405734896659851,1766705658520
1,0.07958374172449112,1766705659445
1,0.16074199974536896,1766705659999
1,0.0694614127278328,1766705660752
1,0.005327081773430109,1766705661931
1,0.16320718824863434,1766705662552
1,0.019696097820997238,1766705663330
1,0.0021044565364718437,1766705664427
1,0.008516501635313034,1766705665035
1,0.005897028371691704,1766705665625
1,0.01214759424328804,1766705666586
1,0.00946748536080122,1766705667332
1,0.06887753307819366,1766705667831
1,0.03266404569149017,1766705668438
1,0.22166958451271057,1766705669465
1,0.05140165612101555,1766705670074
1,0.22404396533966064,1766705670641
1,0.032272569835186005,1766705671675
1,0.017511259764432907,1766705672574
1,0.020409883931279182,1766705673093
1,0.10408651828765869,1766705673834
1,0.03298260644078255,1766705675049
1,0.010846678167581558,1766705675755
1,0.010427412576973438,1766705676569
1,0.08379194885492325,1766705677806
1,0.015676315873861313,1766705678522
1,0.0437774620950222,1766705679322
1,0.016776613891124725,1766705680513
1,0.07570172846317291,1766705681285
1,0.07436279952526093,1766705682137
1,0.05576634407043457,1766705683275
1,0.040564462542533875,1766705683950
1,0.01347888633608818,1766705684687
1,0.003106967080384493,1766705685871
1,0.05979781597852707,1766705686631
1,0.004506741184741259,1766705687426
1,0.20704078674316406,1766705688733
1,0.08488243818283081,1766705689498
1,0.024869367480278015,1766705690159
1,0.022119777277112007,1766705691346
1,0.09103293716907501,1766705692098
1,0.008606166578829288,1766705692751
1,0.03376340493559837,1766705693785
1,0.1402905136346817,1766705694697
1,0.002241546520963311,1766705695404
1,0.059810563921928406,1766705696507
1,0.0859077125787735,1766705697562
1,0.051426224410533905,1766705698270
1,0.08147265017032623,1766705699225
1,0.016143735498189926,1766705700235
1,0.026431094855070114,1766705700969
1,0.03488826006650925,1766705701957
1,0.07584771513938904,1766705703025
1,0.08032622933387756,1766705703714
1,0.07261065393686295,1766705704560
1,0.19341860711574554,1766705705668
1,0.10576444119215012,1766705706346
1,0.017459381371736526,1766705707158
1,0.14151246845722198,1766705708332
1,0.09739445149898529,1766705708978
1,0.11076699197292328,1766705709807
1,0.10387659072875977,1766705710962
1,0.1052582859992981,1766705711678
1,0.13221344351768494,1766705712478
1,0.05639171600341797,1766705713641
1,0.011742952279746532,1766705714376
1,0.008157037198543549,1766705715125
1,0.00917058251798153,1766705716310
1,0.01865651272237301,1766705717055
1,0.12507368624210358,1766705717739
1,0.1584363579750061,1766705718988
1,0.24398726224899292,1766705719793
1,0.06463412940502167,1766705720495
1,0.018070366233587265,1766705721629
1,0.024718675762414932,1766705722504
1,0.040794529020786285,1766705723196
1,0.2371721863746643,1766705724418
1,0.030474519357085228,1766705725186
1,0.001762042986229062,1766705725838
1,0.06946663558483124,1766705726864
1,0.042042315006256104,1766705727785
1,0.02313102036714554,1766705728497
1,0.01221927348524332,1766705729626
1,0.0016214316710829735,1766705730610
1,0.1608632504940033,1766705731271
1,0.027923785150051117,1766705732249
1,0.0802621990442276,1766705733375
1,0.11409716308116913,1766705734099
1,0.10113909840583801,1766705734958
1,0.06207079440355301,1766705736153
1,0.042185645550489426,1766705736822
1,0.11287260800600052,1766705737704
1,0.08181476593017578,1766705738867
1,0.0034092124551534653,1766705739559
1,0.11057311296463013,1766705740438
1,0.03552377596497536,1766705741607
1,0.08865470439195633,1766705742280
1,0.06064215302467346,1766705743126
1,0.07819955796003342,1766705744265
1,0.24219179153442383,1766705744973
1,0.025628868490457535,1766705745765
1,0.04461551457643509,1766705747087
1,0.05890526995062828,1766705747761
1,0.04312889277935028,1766705748550
1,0.013348052278161049,1766705749751
1,0.019877783954143524,1766705750486
1,0.06447649747133255,1766705751249
1,0.022371122613549232,1766705752524
1,0.0128267677500844,1766705753207
1,0.15516051650047302,1766705753916
1,0.07177209854125977,1766705755112
1,0.09922905266284943,1766705755857
1,0.10555660724639893,1766705756586
1,0.11443783342838287,1766705757717
1,0.00797990895807743,1766705758527
1,0.1408015936613083,1766705759213
1,0.12900440394878387,1766705760374
1,0.009678779169917107,1766705761307
1,0.12164269387722015,1766705762021
1,0.1601497083902359,1766705763158
1,0.006503059528768063,1766705764013
2,0.14837495982646942,1766705764729
2,0.024600405246019363,1766705765750
2,0.11101121455430984,1766705766672
2,0.028422126546502113,1766705767389
2,0.12319104373455048,1766705768412
2,0.01942772977054119,1766705769405
2,0.05082789435982704,1766705770031
2,0.023010605946183205,1766705771026
2,0.03758225962519646,1766705772057
2,0.03687964752316475,1766705772650
2,0.11074811965227127,1766705773507
2,0.060179453343153,1766705774715
2,0.1310713142156601,1766705775445
2,0.02870338410139084,1766705776358
2,0.028781697154045105,1766705777565
2,0.014216200448572636,1766705778222
2,0.035374801605939865,1766705779098
2,0.03283816576004028,1766705780253
2,0.14198145270347595,1766705780953
2,0.0035749967209994793,1766705781875
2,0.13788174092769623,1766705783082
2,0.19682767987251282,1766705783726
2,0.016107330098748207,1766705784704
2,0.06940893828868866,1766705785890
2,0.001882651704363525,1766705786597
2,0.11877822875976562,1766705787484
2,0.030647698789834976,1766705788608
2,0.2213279753923416,1766705789309
2,0.05793013423681259,1766705790332
2,0.0059384242631495,1766705791386
2,0.0032660108990967274,1766705792082
2,0.09356103837490082,1766705793152
2,0.09752590954303741,1766705794155
2,0.009701147675514221,1766705794813
2,0.08027232438325882,1766705795737
2,0.058626286685466766,1766705796810
2,0.07532091438770294,1766705797475
2,0.023038264364004135,1766705798257
2,0.22905667126178741,1766705799258
2,0.07165069878101349,1766705799940
2,0.01137405727058649,1766705800723
2,0.1214248538017273,1766705801838
2,0.0008424380794167519,1766705802631
2,0.23854802548885345,1766705803474
2,0.0019060486229136586,1766705804558
2,0.017268478870391846,1766705805325
2,0.032527387142181396,1766705806220
2,0.04066735506057739,1766705807417
2,0.13242466747760773,1766705808277
2,0.039086438715457916,1766705809182
2,0.00697297090664506,1766705810186
2,0.05963781476020813,1766705811046
2,0.036757271736860275,1766705812114
2,0.12879526615142822,1766705812999
2,0.007886433973908424,1766705813901
2,0.1735619455575943,1766705814947
2,0.19477546215057373,1766705815794
2,0.008794933557510376,1766705816613
2,0.04315531253814697,1766705817633
2,0.024669066071510315,1766705818545
2,0.06761472672224045,1766705819532
2,0.017757030203938484,1766705820646
2,0.04068084806203842,1766705821442
2,0.21236777305603027,1766705822447
2,0.00843824353069067,1766705823402
2,0.010452811606228352,1766705824291
2,0.05556411296129227,1766705825290
2,0.0008741470519453287,1766705826172
2,0.04354333132505417,1766705827024
2,0.000452954089269042,1766705828055
2,0.08417687565088272,1766705828960
2,0.16697874665260315,1766705829843
2,0.05497168377041817,1766705830845
2,0.04135546088218689,1766705831750
2,0.08155617117881775,1766705832765
2,0.09269028156995773,1766705833741
2,0.011312996968626976,1766705834573
2,0.24563966691493988,1766705835498
2,0.02071652002632618,1766705836514
2,0.2608780264854431,1766705837424
2,0.09645742923021317,1766705838535
2,0.07279477268457413,1766705839380
2,0.04466793313622475,1766705840395
2,0.05279043689370155,1766705841392
2,0.03257429599761963,1766705842344
2,0.002219995018094778,1766705843306
2,0.0037652074825018644,1766705844259
2,0.08728158473968506,1766705845234
2,0.39071786403656006,1766705846293
2,0.00499546155333519,1766705847143
2,0.1750079095363617,1766705848069
2,0.028244342654943466,1766705849089
2,0.3350467085838318,1766705849881
2,0.005650837440043688,1766705850955
2,0.020595572888851166,1766705851907
2,0.017627796158194542,1766705852809
2,0.00952037051320076,1766705853895
2,0.2232627123594284,1766705854783
2,0.16264010965824127,1766705855661
2,0.22306190431118011,1766705856751
2,0.08239425718784332,1766705857593
2,0.049012620002031326,1766705858483
2,0.1288534253835678,1766705859539
2,0.024248503148555756,1766705860394
2,0.022755999118089676,1766705861375
2,0.08576346188783646,1766705862406
2,0.033332113176584244,1766705863184
2,0.037014663219451904,1766705864241
2,0.056933317333459854,1766705865262
2,0.07302040606737137,1766705866057
2,0.04191388562321663,1766705867051
2,0.009307732805609703,1766705868076
2,0.49093103408813477,1766705868992
2,0.06773991137742996,1766705870035
2,0.2931588590145111,1766705870894
2,0.0402718186378479,1766705871893
2,0.08452607691287994,1766705872963
2,0.028284136205911636,1766705873789
2,0.05750419944524765,1766705874805
2,0.022799933329224586,1766705875776
2,0.004473088309168816,1766705876505
2,0.1710827350616455,1766705877475
2,0.06405328959226608,1766705878482
2,0.007608684711158276,1766705879176
2,0.24790771305561066,1766705880033
2,0.02712593786418438,1766705881011
2,0.06451956927776337,1766705881729
2,0.00878017209470272,1766705882727
2,0.06179803982377052,1766705883692
2,0.002478762064129114,1766705884305
2,0.045583099126815796,1766705885182
2,0.21048475801944733,1766705886182
2,0.06614604592323303,1766705886886
2,0.11538194119930267,1766705887665
2,0.030397774651646614,1766705888883
2,0.07344695925712585,1766705889589
2,0.21043017506599426,1766705890406
2,0.036416567862033844,1766705891628
2,0.020643295720219612,1766705892332
2,0.08366509526968002,1766705893139
2,0.023635709658265114,1766705894272
2,0.11917544156312943,1766705895049
2,0.1951785534620285,1766705895845
2,0.10931651294231415,1766705897056
2,0.009996955282986164,1766705897801
2,0.030277039855718613,1766705898631
2,0.001943071372807026,1766705899834
2,0.039091143757104874,1766705900484
2,0.12601323425769806,1766705901304
2,0.004266721662133932,1766705902408
2,0.11156725138425827,1766705903128
2,0.006095601245760918,1766705903972
2,0.007360755931586027,1766705905192
2,0.16419905424118042,1766705905898
2,0.1408735066652298,1766705906719
2,0.07629960775375366,1766705907819
2,0.1571211814880371,1766705908575
2,0.10022568702697754,1766705909456
2,0.13823091983795166,1766705910613
2,0.03477836400270462,1766705911354
2,0.02078399620950222,1766705912240
2,0.03566338121891022,1766705913254
2,0.08820401132106781,1766705913930
2,0.04096808657050133,1766705914716
2,0.0590253621339798,1766705915717
2,0.027805037796497345,1766705916372
2,0.10590206831693649,1766705917116
2,0.1066862940788269,1766705918288
2,0.16701780259609222,1766705919058
2,0.07341206073760986,1766705919823
2,0.005980882793664932,1766705920870
2,0.04921251907944679,1766705921544
2,0.007378663867712021,1766705922243
2,0.06623924523591995,1766705923511
2,0.06131908670067787,1766705924377
2,0.024983301758766174,1766705925132
2,0.01720881462097168,1766705926374
2,0.008030850440263748,1766705927170
2,0.03600437194108963,1766705927998
2,0.0030279906932264566,1766705929001
2,0.06559313833713531,1766705929802
2,0.07554527372121811,1766705930636
2,0.16018109023571014,1766705931884
2,0.09502061456441879,1766705932588
2,0.0032668975181877613,1766705933336
2,0.013934256508946419,1766705934591
2,0.03150012344121933,1766705935358
2,0.06381198763847351,1766705936215
2,0.012896798551082611,1766705937354
2,0.007352791726589203,1766705938027
2,0.01230649370700121,1766705938896
2,0.0577191561460495,1766705939914
2,0.09323852509260178,1766705940634
2,0.2215370386838913,1766705941425
2,0.03473561257123947,1766705942562
2,0.02420501969754696,1766705943293
2,0.0057455552741885185,1766705944074
2,0.027685170993208885,1766705945227
2,0.025442559272050858,1766705945904
2,0.028395434841513634,1766705946782
2,0.059901632368564606,1766705947850
2,0.05306897312402725,1766705948576
2,0.012507879175245762,1766705949416
2,0.042242176830768585,1766705950510
2,0.08247539401054382,1766705951273
2,0.09597812592983246,1766705952269
2,0.16517651081085205,1766705953370
2,0.0555112324655056,1766705954159
2,0.04640813171863556,1766705955143
2,0.07931163907051086,1766705956117
2,0.23892153799533844,1766705956914
2,0.1620219200849533,1766705957960
2,0.10656788945198059,1766705958958
2,0.015682732686400414,1766705959790
2,0.08481351286172867,1766705960769
2,0.006488720886409283,1766705961646
2,0.058390095829963684,1766705962385
2,0.10502263158559799,1766705963403
2,0.014710833318531513,1766705964326
2,0.04810190945863724,1766705965081
2,0.0985611081123352,1766705966170
2,0.01464761421084404,1766705967093
2,0.2630201578140259,1766705967919
2,0.022541625425219536,1766705969020
2,0.007575212977826595,1766705969943
2,0.0276699997484684,1766705970865
2,0.022182999178767204,1766705971997
2,0.004549246281385422,1766705972827
2,0.14629679918289185,1766705973790
2,0.02100900560617447,1766705974748
2,0.24334964156150818,1766705975526
2,0.009028121829032898,1766705976508
2,0.0654802992939949,1766705977481
2,0.00471748411655426,1766705978344
2,0.12705588340759277,1766705979321
2,0.11683113127946854,1766705980265
2,0.034165386110544205,1766705981250
2,0.07475446909666061,1766705982233
2,0.018982619047164917,1766705983050
2,0.05839677155017853,1766705983910
2,0.0004885584348812699,1766705984861
2,0.011937594041228294,1766705985755
2,0.004293989855796099,1766705986534
2,0.0863371193408966,1766705987473
2,0.20454779267311096,1766705988519
2,0.00792291946709156,1766705989364
2,0.011743573471903801,1766705990390
2,0.008786512538790703,1766705991320
2,0.006115833763033152,1766705992111
2,0.051540013402700424,1766705993210
2,0.09671057760715485,1766705994146
2,0.15013433992862701,1766705994882
2,0.03122161142528057,1766705995891
2,0.01213635504245758,1766705996710
2,0.029571402817964554,1766705997409
2,0.0454784594476223,1766705998387
2,0.06530555337667465,1766705999333
2,0.04227346554398537,1766706000138
2,0.13598373532295227,1766706001190
2,0.05457914620637894,1766706002122
2,0.03788745775818825,1766706003049
2,0.03281806409358978,1766706004129
2,0.343321830034256,1766706005031
2,0.06310156732797623,1766706005876
2,0.002163285156711936,1766706006965
2,0.04770089313387871,1766706007865
2,5.6027529353741556e-05,1766706008727
2,0.10060138255357742,1766706009779
2,0.0213114395737648,1766706010643
2,0.02045816369354725,1766706011596
2,0.010721419006586075,1766706012473
2,0.01815788447856903,1766706013304
2,0.04982665181159973,1766706014193
2,0.1548166573047638,1766706015108
2,0.03623570129275322,1766706015926
2,0.003249743487685919,1766706016881
2,0.002718356903642416,1766706017869
2,0.08228959143161774,1766706018705
2,0.02232905849814415,1766706019538
2,0.1750653088092804,1766706020593
2,0.22228723764419556,1766706021371
2,0.0033517670817673206,1766706022237
2,0.045673079788684845,1766706023328
2,0.01697203516960144,1766706024070
2,0.01083727553486824,1766706024973
2,0.04401677846908569,1766706026130
2,0.06817258894443512,1766706026825
2,0.06825749576091766,1766706027797
2,0.024573806673288345,1766706028821
2,0.0040849559009075165,1766706029518
2,0.047114722430706024,1766706030408
2,0.0410141721367836,1766706031585
2,0.14167752861976624,1766706032295
2,0.05082869157195091,1766706033107
2,0.1048300489783287,1766706034250
2,0.14987972378730774,1766706034932
2,0.0007607168518006802,1766706035827
2,0.06230509281158447,1766706036987
2,0.01164705865085125,1766706037666
2,0.078719861805439,1766706038545
2,0.013341059908270836,1766706039755
2,0.040616899728775024,1766706040456
2,0.15701478719711304,1766706041318
2,0.09682473540306091,1766706042488
2,0.09513094276189804,1766706043138
2,0.010962807573378086,1766706044063
2,0.10489659756422043,1766706045194
2,0.004406127147376537,1766706045908
2,0.11480862647294998,1766706046746
2,0.07614713907241821,1766706047897
2,0.005996601656079292,1766706048613
2,0.005051569081842899,1766706049498
2,0.09113450348377228,1766706050648
2,0.05171675980091095,1766706051371
2,0.03576911240816116,1766706052393
2,0.09787384420633316,1766706053534
2,0.004686974920332432,1766706054173
2,0.01329647097736597,1766706055072
2,0.026094671338796616,1766706056201
2,0.04199448600411415,1766706056959
2,0.09084708243608475,1766706057983
2,0.01083547342568636,1766706058900
2,0.006893100682646036,1766706059556
2,0.0023981286212801933,1766706060455
2,0.05651909112930298,1766706061559
2,0.14168056845664978,1766706062277
2,0.013925413601100445,1766706063100
2,0.015923328697681427,1766706064209
2,0.17990584671497345,1766706064861
2,0.029862694442272186,1766706065715
2,0.004238644614815712,1766706066848
2,0.1852722465991974,1766706067566
2,0.15262089669704437,1766706068401
2,0.048217661678791046,1766706069529
2,0.06368700414896011,1766706070245
2,0.017145752906799316,1766706071028
2,0.24765388667583466,1766706072184
2,0.007119230460375547,1766706072932
2,0.0025649284943938255,1766706073774
2,0.24853330850601196,1766706074870
2,0.021462107077240944,1766706075637
2,0.052796412259340286,1766706076412
2,0.007412474602460861,1766706077534
2,0.010967215523123741,1766706078183
2,0.04189642518758774,1766706078863
2,0.027700766921043396,1766706079786
2,0.06652458757162094,1766706080713
2,0.021894507110118866,1766706081401
2,0.00596813578158617,1766706082274
2,0.11040101945400238,1766706083177
2,0.017346873879432678,1766706083935
2,0.006421971600502729,1766706084989
2,0.12099970132112503,1766706085936
2,0.0718948096036911,1766706086630
2,0.005749202799052,1766706087595
2,0.04674352705478668,1766706088541
2,0.05224771052598953,1766706089211
2,0.14734184741973877,1766706089999
2,0.01606430858373642,1766706091049
2,0.011941319331526756,1766706091702
2,0.12384232133626938,1766706092467
2,0.02821480855345726,1766706093596
2,0.0002942527935374528,1766706094375
2,0.0326082780957222,1766706095051
2,0.03196907043457031,1766706096037
2,0.026875587180256844,1766706096902
2,0.020953502506017685,1766706097616
2,0.03700911998748779,1766706098616
2,0.18645253777503967,1766706099509
2,0.009257011115550995,1766706100282
2,0.29034578800201416,1766706101330
2,0.009998369961977005,1766706102128
2,0.14091463387012482,1766706102873
2,0.10305275768041611,1766706103827
2,0.016856534406542778,1766706104810
2,0.02555633708834648,1766706105615
2,0.13012585043907166,1766706106553
2,0.15656021237373352,1766706107481
2,0.05045914649963379,1766706108284
2,0.20639421045780182,1766706109236
2,0.20570242404937744,1766706110201
2,0.1419304609298706,1766706110911
2,0.1877952218055725,1766706111829
2,0.005124367773532867,1766706112749
2,0.1363992542028427,1766706113506
2,0.07938269525766373,1766706114556
2,0.0026481046807020903,1766706115501
2,0.06740881502628326,1766706116250
2,0.025988135486841202,1766706117333
2,0.03222271054983139,1766706118255
2,0.009457521140575409,1766706119012
2,0.16989681124687195,1766706120133
2,0.003155272454023361,1766706121042
2,0.13816715776920319,1766706121836
2,0.03631339967250824,1766706122866
2,0.02816730923950672,1766706123701
2,0.13417024910449982,1766706124462
2,0.0635528489947319,1766706125648
2,0.05728209763765335,1766706126427
2,0.13809043169021606,1766706127187
2,0.05353209376335144,1766706128298
2,0.08469449728727341,1766706129122
2,0.17566199600696564,1766706129855
2,0.07578498870134354,1766706130940
2,0.024538662284612656,1766706131788
2,0.020363183692097664,1766706132551
2,0.09960874915122986,1766706133625
2,0.06390755623579025,1766706134489
2,0.05750222131609917,1766706135279
2,0.027524251490831375,1766706136337
2,0.014516079798340797,1766706137158
2,0.06608309596776962,1766706137932
2,0.010827540419995785,1766706138942
2,0.01113863755017519,1766706139815
2,0.05313796177506447,1766706140530
2,0.039654623717069626,1766706141534
2,0.004369111731648445,1766706142471
2,0.03847198933362961,1766706143274
2,0.16233468055725098,1766706144186
2,0.015575738623738289,1766706145086
2,0.050580814480781555,1766706145796
2,0.43902841210365295,1766706146872
2,0.038442082703113556,1766706147779
2,0.0074145435355603695,1766706148516
2,0.2094142735004425,1766706149461
2,0.01841699331998825,1766706150360
2,0.014680622145533562,1766706151088
2,0.1103697419166565,1766706152000
2,0.17258456349372864,1766706152873
2,0.03658128157258034,1766706153624
2,0.019183356314897537,1766706154698
2,0.015107259154319763,1766706155607
2,0.00794671755284071,1766706156336
2,0.014472967945039272,1766706157375
2,0.030962076038122177,1766706158283
2,0.09317125380039215,1766706159031
2,0.06290776282548904,1766706160103
2,0.01209985464811325,1766706160907
2,0.15407690405845642,1766706161627
2,0.11596392095088959,1766706162698
2,0.10836309939622879,1766706163614
2,0.0005068372702226043,1766706164299
2,0.030557578429579735,1766706165300
2,0.030113395303487778,1766706166288
2,0.10038469731807709,1766706167053
2,0.02264382690191269,1766706168176
2,0.3115292191505432,1766706169062
2,0.06522147357463837,1766706169767
2,0.04344679042696953,1766706170784
2,0.022791631519794464,1766706171736
2,0.003643452888354659,1766706172502
2,0.19934125244617462,1766706173543
2,0.028438761830329895,1766706174317
2,0.004792125429958105,1766706175115
2,0.04832123592495918,1766706176227
2,0.16334766149520874,1766706177131
2,0.03527728468179703,1766706177893
2,0.05063573643565178,1766706178998
2,0.01738106459379196,1766706179804
2,0.09532228112220764,1766706180649
2,0.2636738121509552,1766706181727
2,0.19138097763061523,1766706182514
2,0.012992633506655693,1766706183284
2,0.04805001616477966,1766706184365
2,0.05999339371919632,1766706185140
2,0.0686744675040245,1766706185900
2,0.009106202982366085,1766706187034
2,0.035526491701602936,1766706187782
2,0.0495944544672966,1766706188621
2,0.010604117065668106,1766706189708
2,0.11514648795127869,1766706190430
2,0.057404886931180954,1766706191143
2,0.1364520937204361,1766706192340
2,0.12196600437164307,1766706193118
2,0.007784526329487562,1766706193872
2,0.02249433472752571,1766706194904
2,0.061575911939144135,1766706195733
2,0.06771411001682281,1766706196499
2,0.0012571002589538693,1766706197573
2,0.00803341530263424,1766706198382
2,0.005732129327952862,1766706199165
2,0.04459412395954132,1766706200288
2,0.05185150355100632,1766706201097
2,0.11374989151954651,1766706201867
2,0.16272364556789398,1766706202969
2,0.12225813418626785,1766706203795
2,0.1862957626581192,1766706204621
2,0.1270025372505188,1766706205656
2,0.0061137317679822445,1766706206452
2,0.04763359948992729,1766706207309
2,0.1373271495103836,1766706208328
2,0.014442562125623226,1766706209097
2,0.07265451550483704,1766706210061
2,0.22759318351745605,1766706210992
2,0.1629580855369568,1766706211697
2,0.04627232253551483,1766706212647
2,0.06651592254638672,1766706213700
2,0.10272257775068283,1766706214450
2,0.012507982552051544,1766706215430
2,0.04644789919257164,1766706216470
2,0.08484813570976257,1766706217210
2,0.030881289392709732,1766706218238
2,0.012550059705972672,1766706219223
2,0.03506140410900116,1766706220003
2,0.09387366473674774,1766706220961
2,0.03251437842845917,1766706221734
2,0.143949955701828,1766706222448
2,0.017949853092432022,1766706223433
2,0.004556822590529919,1766706224247
2,0.07193729281425476,1766706224978
2,0.25080564618110657,1766706225863
2,0.14389556646347046,1766706226859
2,0.003540339646860957,1766706227583
2,0.058518748730421066,1766706228576
2,0.048947773873806,1766706229526
2,0.020978009328246117,1766706230124
2,0.04494171589612961,1766706230908
2,0.06246504932641983,1766706232110
2,0.05546450614929199,1766706232909
2,0.0652313381433487,1766706233876
2,0.011302964761853218,1766706234820
2,0.02184033952653408,1766706235574
2,0.04583094269037247,1766706236534
2,0.04534808173775673,1766706237492
2,0.17310833930969238,1766706238252
2,0.0978037491440773,1766706239300
2,0.08825784176588058,1766706240179
2,0.11484499275684357,1766706240969
2,0.07323767989873886,1766706242000
2,0.10356894135475159,1766706242810
2,0.04464258998632431,1766706243527
2,0.034782711416482925,1766706244605
2,0.10907305032014847,1766706245466
2,0.07853475958108902,1766706246199
2,0.1677767038345337,1766706247391
2,0.12333972752094269,1766706248178
2,0.0009579890756867826,1766706248927
2,0.1527170091867447,1766706249952
2,0.09982268512248993,1766706250853
2,0.0512746199965477,1766706251635
2,0.024978945031762123,1766706252707
2,0.0746239498257637,1766706253645
2,0.04108068346977234,1766706254442
2,0.02548612281680107,1766706255595
2,0.14984548091888428,1766706256454
2,0.00401816051453352,1766706257236
2,0.16089506447315216,1766706258479
2,0.0030946265906095505,1766706259225
2,0.03710944205522537,1766706260029
2,0.003757218364626169,1766706261069
2,0.038355641067028046,1766706261893
2,0.000862638175021857,1766706262619
2,0.012488717213273048,1766706263818
2,0.06235440820455551,1766706264612
2,0.0033447889145463705,1766706265400
2,0.1968991905450821,1766706266476
2,0.12810644507408142,1766706267273
2,0.10302262753248215,1766706268072
2,0.11013810336589813,1766706269139
2,0.014694719575345516,1766706269906
2,0.00086069549433887,1766706270657
2,0.011284382082521915,1766706271652
2,0.0279986709356308,1766706272505
2,0.0020343023352324963,1766706273235
2,0.00422596326097846,1766706274250
2,0.01756267622113228,1766706275155
2,0.01018889807164669,1766706275900
2,0.03469410911202431,1766706277016
2,0.07492179423570633,1766706277971
2,0.06238863617181778,1766706278750
2,0.035612158477306366,1766706279661
2,0.09049581736326218,1766706280529
2,0.06190413236618042,1766706281267
2,0.002676487434655428,1766706282216
2,0.137059286236763,1766706283210
2,0.17172378301620483,1766706283953
2,0.01445973850786686,1766706285076
2,0.010743945837020874,1766706285977
2,0.015677718445658684,1766706286748
2,0.037883251905441284,1766706287840
2,0.16111885011196136,1766706288720
2,0.1426418125629425,1766706289473
2,0.08186700195074081,1766706290539
2,0.027391474694013596,1766706291384
2,0.08436400443315506,1766706292132
2,0.02909509465098381,1766706293117
2,0.019656848162412643,1766706293964
2,0.016784725710749626,1766706294682
2,0.0036130649968981743,1766706295575
2,0.060048360377550125,1766706296506
2,0.00035750417737290263,1766706297249
2,0.009356414899230003,1766706298171
2,0.011220022104680538,1766706299200
2,0.13247662782669067,1766706299905
2,0.09063248336315155,1766706300784
2,0.01540293637663126,1766706301733
2,0.004537286702543497,1766706302530
2,0.17336463928222656,1766706303489
2,0.09188073128461838,1766706304531
2,0.04909321665763855,1766706305277
2,0.08692112565040588,1766706306275
2,0.07256539911031723,1766706307279
2,0.024334967136383057,1766706308016
2,0.050301000475883484,1766706309121
2,0.03299977257847786,1766706310057
2,0.0055212038569152355,1766706310782
2,0.0070096394047141075,1766706311836
2,0.017166871577501297,1766706312741
2,0.01810046099126339,1766706313541
2,0.003867944236844778,1766706314604
2,0.04987268149852753,1766706315348
2,0.0641440898180008,1766706316016
2,0.04050571843981743,1766706317102
2,0.017595604062080383,1766706318010
2,0.033711038529872894,1766706318761
2,0.0932806134223938,1766706319714
2,0.03873039409518242,1766706320626
2,0.03884124383330345,1766706321362
2,0.012780715711414814,1766706322429
2,0.06934630870819092,1766706323266
2,0.007364426739513874,1766706323921
2,0.024314112961292267,1766706324915
2,0.010409461334347725,1766706325851
2,0.006190205924212933,1766706326488
2,0.14225411415100098,1766706327298
2,0.1293943226337433,1766706328222
2,0.08353697508573532,1766706328869
2,0.048181429505348206,1766706329568
2,0.1796608716249466,1766706330530
2,0.03061915561556816,1766706331496
2,0.17939165234565735,1766706332325
2,0.10633119940757751,1766706333167
2,0.003999186679720879,1766706333941
2,0.025634970515966415,1766706334797
2,0.13470883667469025,1766706335849
2,0.005473134573549032,1766706336740
2,0.007433402352035046,1766706337670
2,0.07881039381027222,1766706338621
2,0.05616554245352745,1766706339607
2,0.13112956285476685,1766706340545
2,0.15120291709899902,1766706341539
2,0.06959359347820282,1766706342557
2,0.1340005099773407,1766706343486
2,0.0004678790282923728,1766706344475
2,0.1539614200592041,1766706345493
2,0.05687158927321434,1766706346377
2,0.049186743795871735,1766706347434
2,0.06059949845075607,1766706348406
2,0.23714867234230042,1766706349431
2,0.013645620085299015,1766706350410
2,0.05297406017780304,1766706351349
2,0.0020654755644500256,1766706352387
2,0.015000436455011368,1766706353310
2,0.006828515324741602,1766706354273
2,0.0605802945792675,1766706355398
2,0.08380354195833206,1766706356229
2,0.06245604529976845,1766706357129
2,0.0584864616394043,1766706358086
2,0.13937266170978546,1766706358814
2,0.267952024936676,1766706359797
2,0.1829036921262741,1766706360950
2,0.051649756729602814,1766706361819
2,0.1635012924671173,1766706362873
2,0.009171067737042904,1766706363788
2,0.02707645297050476,1766706364610
2,0.09138321131467819,1766706365681
2,0.008619241416454315,1766706366602
2,0.06753704696893692,1766706367494
2,0.014627531170845032,1766706368670
2,0.0652482658624649,1766706369528
2,0.1139821708202362,1766706370534
2,0.07405451685190201,1766706371628
2,0.08220978826284409,1766706372452
2,0.025493530556559563,1766706373531
2,0.04901835694909096,1766706374582
2,0.008191856555640697,1766706375414
2,0.07697184383869171,1766706376533
2,0.03837628290057182,1766706377424
2,0.012586883269250393,1766706378295
2,0.0073588695377111435,1766706379399
2,0.010388240218162537,1766706380285
2,0.014180444180965424,1766706381310
2,0.008149401284754276,1766706382389
2,0.16666007041931152,1766706383193
2,0.06573157757520676,1766706384203
2,0.16824835538864136,1766706385282
2,0.02250511571764946,1766706386192
2,0.11662790924310684,1766706387330
2,0.09566705673933029,1766706388292
2,0.013806591741740704,1766706389174
2,0.08053228259086609,1766706390329
2,0.0063347662799060345,1766706391137
2,0.01203477755188942,1766706392171
2,0.02167702652513981,1766706393218
2,0.04212448373436928,1766706394056
2,0.010904086753726006,1766706395110
2,0.08055385947227478,1766706396070
2,0.15869556367397308,1766706396971
2,0.019941704347729683,1766706398089
2,0.05572320148348808,1766706399028
2,0.041206277906894684,1766706400029
2,0.03443978726863861,1766706401039
2,0.0008399406215175986,1766706401934
2,0.01093395333737135,1766706402985
2,0.18055352568626404,1766706403988
2,0.007181180641055107,1766706404846
2,0.014385074377059937,1766706405840
2,0.03468471020460129,1766706406752
2,0.0006199328927323222,1766706407649
2,0.037646010518074036,1766706408837
2,0.011452492326498032,1766706409702
2,0.17456769943237305,1766706410800
2,0.13780716061592102,1766706411804
2,0.1084485650062561,1766706412641
2,0.01578502357006073,1766706413872
2,0.005053800065070391,1766706414785
2,0.020640404894948006,1766706415750
2,0.015654241666197777,1766706416977
2,0.16111095249652863,1766706417736
2,0.18837226927280426,1766706418701
2,0.05315276235342026,1766706419795
2,0.09611618518829346,1766706420668
2,0.023307520896196365,1766706421728
2,0.05497444421052933,1766706422607
2,0.08485019207000732,1766706423493
2,0.1101592481136322,1766706424728
2,0.004977848380804062,1766706425592
2,0.004078144673258066,1766706426524
2,0.20445849001407623,1766706427548
2,0.02183905616402626,1766706428387
2,0.0069482941180467606,1766706429402
2,0.004154669586569071,1766706430447
2,0.012998922728002071,1766706431282
2,0.17130714654922485,1766706432383
2,0.15822789072990417,1766706433262
2,0.16771051287651062,1766706434193
2,0.05674545839428902,1766706435363
2,0.05515682324767113,1766706436215
2,0.0218057781457901,1766706437102
2,0.006975352298468351,1766706438153
2,0.277090460062027,1766706439008
2,0.026146186515688896,1766706439965
2,0.09290975332260132,1766706441056
2,0.027727298438549042,1766706441846
2,0.013371128588914871,1766706442850
2,0.033353179693222046,1766706443903
2,0.09646418690681458,1766706444610
2,0.1314740926027298,1766706445579
2,0.007117645815014839,1766706446654
2,0.0007853747811168432,1766706447437
2,0.02640562504529953,1766706448506
2,0.0026700510643422604,1766706449431
2,0.06996104121208191,1766706450299
2,0.0551472045481205,1766706451468
2,0.10971588641405106,1766706452333
2,0.02430393546819687,1766706453220
2,0.03482099622488022,1766706454313
2,0.033671896904706955,1766706455114
2,0.03446359559893608,1766706456106
2,0.13093557953834534,1766706457209
2,0.030292881652712822,1766706458033
2,0.041172806173563004,1766706459049
2,0.007776638958603144,1766706460064
2,0.1100030243396759,1766706460828
2,0.0996752679347992,1766706461836
2,0.0062034279108047485,1766706462801
2,0.004877437837421894,1766706463597
2,0.014164449647068977,1766706464670
2,0.04469199478626251,1766706465597
2,0.04045189172029495,1766706466386
2,0.33449921011924744,1766706467601
2,0.018967391923069954,1766706468631
2,0.06086370348930359,1766706469465
2,0.02224336937069893,1766706470682
2,0.05839302018284798,1766706471490
2,0.055347979068756104,1766706472487
2,0.02178691327571869,1766706473563
2,0.11629612743854523,1766706474337
2,0.03164007514715195,1766706475225
2,0.008267543278634548,1766706476327
2,0.02644549310207367,1766706477141
2,0.18088911473751068,1766706478204
2,0.045454494655132294,1766706479198
2,0.012393905781209469,1766706479975
2,0.10128255188465118,1766706481065
2,0.05208677053451538,1766706482076
2,0.024014556780457497,1766706483005
2,0.058994993567466736,1766706484185
2,0.034785617142915726,1766706485019
2,0.13198164105415344,1766706485969
2,0.021027617156505585,1766706487168
2,0.0003493136609904468,1766706487991
2,0.028077417984604836,1766706489046
2,0.20416733622550964,1766706489983
2,0.0010544135002419353,1766706490800
2,0.045548439025878906,1766706491843
2,0.04976794123649597,1766706492839
2,0.06933151185512543,1766706493662
2,0.011579263024032116,1766706494817
2,0.1295160949230194,1766706495749
2,0.06678456813097,1766706496590
2,0.013919697143137455,1766706497634
2,0.004211192950606346,1766706498437
2,0.02420963905751705,1766706499235
2,0.10513485223054886,1766706500362
2,0.011118344962596893,1766706501221
2,0.024519022554159164,1766706502027
2,0.20522506535053253,1766706503154
2,0.002709632972255349,1766706503981
2,0.012150921858847141,1766706504878
2,0.014613956212997437,1766706506018
2,0.31777238845825195,1766706506813
2,0.021550429984927177,1766706507701
2,0.03627553582191467,1766706508819
2,0.009922168217599392,1766706509594
2,0.0329960361123085,1766706510473
2,0.02597491815686226,1766706511653
2,0.07455325871706009,1766706512435
2,0.19333025813102722,1766706513412
2,0.09273257851600647,1766706514463
2,0.01859097182750702,1766706515251
2,0.095368392765522,1766706516284
2,0.027458807453513145,1766706517367
2,0.024005208164453506,1766706518200
2,0.041202764958143234,1766706519322
2,0.026190051808953285,1766706520302
2,0.01809382066130638,1766706521026
2,0.021750880405306816,1766706522153
2,0.02558824047446251,1766706523050
2,0.012353356927633286,1766706523924
2,0.003238010685890913,1766706525144
2,0.02061418443918228,1766706525940
2,0.018416494131088257,1766706526873
2,0.06906414031982422,1766706528085
2,0.04400818049907684,1766706528867
2,0.024250656366348267,1766706529837
2,0.11868904531002045,1766706531010
2,0.22768433392047882,1766706531794
2,0.06212412938475609,1766706532866
2,0.11134457588195801,1766706533867
2,0.07761534303426743,1766706534696
2,0.004613661207258701,1766706535777
2,0.0722576454281807,1766706536722
2,0.09789217263460159,1766706537543
2,0.02214944362640381,1766706538630
2,0.028298325836658478,1766706539542
2,0.016879305243492126,1766706540421
2,0.002692342735826969,1766706541577
2,0.07316900044679642,1766706542381
2,0.04619531333446503,1766706543280
2,0.13381415605545044,1766706544396
2,0.017104623839259148,1766706545255
2,0.014602277427911758,1766706546272
2,0.010055555030703545,1766706547270
2,0.04861719161272049,1766706548053
2,0.018235497176647186,1766706549157
2,0.2082228809595108,1766706550161
2,0.12505608797073364,1766706551009
2,0.0851956158876419,1766706552050
2,0.10854122042655945,1766706552955
2,0.07102643698453903,1766706553754
2,0.017048489302396774,1766706554926
2,0.06574039906263351,1766706555842
2,0.034275759011507034,1766706556703
2,0.04224833473563194,1766706557764
2,0.1511080265045166,1766706558482
2,0.09324594587087631,1766706559357
2,0.004714617505669594,1766706560461
2,0.008065770380198956,1766706561291
2,0.007069285959005356,1766706562255
2,0.027286019176244736,1766706563414
2,0.25555843114852905,1766706564183
2,0.03203016519546509,1766706565161
2,0.1389520913362503,1766706566177
2,0.003265008330345154,1766706566936
2,0.10003416240215302,1766706567887
2,0.010804364457726479,1766706568977
2,0.10222721844911575,1766706569754
2,0.08409347385168076,1766706570816
2,0.01716504618525505,1766706571845
2,0.061467256397008896,1766706572598
2,0.05392637103796005,1766706573708
2,0.07859385758638382,1766706574611
2,0.03698943555355072,1766706575442
2,0.045654162764549255,1766706576517
2,0.17937682569026947,1766706577395
2,0.0735684186220169,1766706578230
2,0.12792706489562988,1766706579464
2,0.05269385129213333,1766706580326
2,0.02349087782204151,1766706581223
2,0.0921369194984436,1766706582394
2,0.006390886381268501,1766706583185
2,0.0042646536603569984,1766706584056
2,0.014008939266204834,1766706585290
2,0.0552719309926033,1766706586140
2,0.037929750978946686,1766706587163
2,0.15647871792316437,1766706588248
2,0.016494836658239365,1766706589043
2,0.10718399286270142,1766706590139
2,0.09991824626922607,1766706591087
2,0.01124951895326376,1766706591922
2,0.04953150451183319,1766706593058
2,0.012265261262655258,1766706593866
2,0.02001049369573593,1766706594685
2,0.038337431848049164,1766706595905
2,0.2774229347705841,1766706596806
2,0.014327110722661018,1766706597699
2,0.0014675548300147057,1766706598853
2,0.005157750565558672,1766706599673
2,0.020199812948703766,1766706600611
2,0.01280754990875721,1766706601766
2,0.05605575442314148,1766706602589
2,0.33960023522377014,1766706603705
2,0.0024509471841156483,1766706604779
2,0.1415916234254837,1766706605589
2,0.012174827978014946,1766706606787
2,0.024514567106962204,1766706607710
2,0.0014864159747958183,1766706608505
2,0.05877606198191643,1766706609655
2,0.02587050385773182,1766706610577
2,0.10873749852180481,1766706611481
2,0.020083799958229065,1766706612732
2,0.011085559614002705,1766706613509
2,0.08176618814468384,1766706614445
2,0.08616308867931366,1766706615627
2,0.05888371169567108,1766706616416
2,0.10525128990411758,1766706617466
2,0.039111219346523285,1766706618553
2,0.11039614677429199,1766706619313
2,0.0033264481462538242,1766706620275
2,0.18580679595470428,1766706621265
2,0.031932488083839417,1766706622033
2,0.05205953121185303,1766706622971
2,0.010101331397891045,1766706624055
2,0.037346821278333664,1766706624810
2,0.037653565406799316,1766706625802
2,0.012677924707531929,1766706626883
2,0.07647587358951569,1766706627661
3,0.05734539031982422,1766706628735
3,0.05149451270699501,1766706629757
3,0.007550093345344067,1766706630560
3,0.00458036083728075,1766706631754
3,0.2223866730928421,1766706632666
3,0.0018074846593663096,1766706633499
3,0.2577730417251587,1766706634612
3,0.010348383337259293,1766706635498
3,0.001994077116250992,1766706636344
3,0.013462151400744915,1766706637487
3,0.11155734211206436,1766706638257
3,0.08138443529605865,1766706639023
3,0.009977683424949646,1766706640256
3,0.003245270811021328,1766706641137
3,0.055352844297885895,1766706642022
3,0.059948839247226715,1766706643162
3,0.045940056443214417,1766706643923
3,0.011844675056636333,1766706644891
3,0.061926402151584625,1766706646014
3,0.01638815738260746,1766706646825
3,0.08347689360380173,1766706647940
3,0.0029887035489082336,1766706648912
3,0.09872417896986008,1766706649759
3,0.01561192236840725,1766706650914
3,0.041052840650081635,1766706651805
3,0.2954670488834381,1766706652693
3,0.0273201335221529,1766706653857
3,0.009936557151377201,1766706654708
3,0.11041657626628876,1766706655695
3,0.026627112179994583,1766706656910
3,0.02926107868552208,1766706657672
3,0.002734030829742551,1766706658645
3,0.2012854516506195,1766706659720
3,0.004493097774684429,1766706660514
3,0.0183792132884264,1766706661479
3,0.09039206057786942,1766706662621
3,0.0032452798914164305,1766706663464
3,0.013754834420979023,1766706664619
3,0.01269798818975687,1766706665536
3,0.17684979736804962,1766706666387
3,0.010958114638924599,1766706667529
3,0.13445161283016205,1766706668354
3,0.010072968900203705,1766706669305
3,0.009067965671420097,1766706670496
3,0.11512206494808197,1766706671225
3,0.04443875700235367,1766706672163
3,0.0017748873215168715,1766706673254
3,0.07714831084012985,1766706674122
3,0.0458306260406971,1766706675212
3,0.05587673932313919,1766706676181
3,0.02846425212919712,1766706676981
3,0.03589707612991333,1766706678087
3,0.018808262422680855,1766706679023
3,0.03682209923863411,1766706679845
3,0.007329022977501154,1766706680942
3,0.1519111543893814,1766706681839
3,0.030276760458946228,1766706682823
3,0.01332233939319849,1766706683987
3,0.0027704713866114616,1766706684778
3,0.003022112650796771,1766706685766
3,0.007338543888181448,1766706686859
3,0.015219333581626415,1766706687692
3,0.14701814949512482,1766706688701
3,0.02250581979751587,1766706689705
3,0.01129863504320383,1766706690520
3,0.005138260778039694,1766706691633
3,0.001790845999494195,1766706692515
3,0.026847537606954575,1766706693430
3,0.05900479108095169,1766706694575
3,0.026584027335047722,1766706695385
3,0.03999513387680054,1766706696379
3,0.16937336325645447,1766706697510
3,0.11890541017055511,1766706698304
3,0.0717705488204956,1766706699389
3,0.02201162464916706,1766706700462
3,0.023069802671670914,1766706701285
3,0.16863252222537994,1766706702492
3,0.12733697891235352,1766706703448
3,0.03636664152145386,1766706704270
3,0.06383184343576431,1766706705265
3,0.022197462618350983,1766706706185
3,0.009446592070162296,1766706706992
3,0.11888458579778671,1766706708103
3,0.004381771199405193,1766706708989
3,0.09247500449419022,1766706709889
3,0.0019045842345803976,1766706710920
3,0.021196823567152023,1766706711839
3,0.06588643044233322,1766706712760
3,0.02489037625491619,1766706713798
3,0.007825493812561035,1766706714826
3,0.03937280923128128,1766706715775
3,0.004253306891769171,1766706716785
3,0.001093248836696148,1766706717733
3,0.02119290642440319,1766706718667
3,0.2605699598789215,1766706719695
3,0.13128799200057983,1766706720721
3,0.014982320368289948,1766706721700
3,0.024752028286457062,1766706722823
3,0.03224750608205795,1766706723790
3,0.036806657910346985,1766706724805
3,0.008354696445167065,1766706725768
3,0.1809355616569519,1766706726658
3,0.021346231922507286,1766706727639
3,0.07470416277647018,1766706728608
3,0.011684682220220566,1766706729580
3,0.017078004777431488,1766706730595
3,0.011179313063621521,1766706731469
3,0.009476575069129467,1766706732336
3,0.1929277777671814,1766706733347
3,0.05774029344320297,1766706734198
3,0.11760330200195312,1766706735200
3,0.024054232984781265,1766706736194
3,0.01927594281733036,1766706736932
3,0.07304803282022476,1766706737944
3,0.023196380585432053,1766706739026
3,0.0033099637366831303,1766706739882
3,0.04715772718191147,1766706740976
3,0.01989976316690445,1766706741958
3,0.11852087080478668,1766706742782
3,0.009800985455513,1766706743913
3,0.009922953322529793,1766706744702
3,0.014072008430957794,1766706745524
3,0.104965940117836,1766706746754
3,0.023962505161762238,1766706747602
3,0.0029255517292767763,1766706748467
3,0.0013299193233251572,1766706749562
3,0.049109213054180145,1766706750352
3,0.15359631180763245,1766706751387
3,0.009886546060442924,1766706752519
3,0.03874582052230835,1766706753284
3,0.028536010533571243,1766706754333
3,0.03210729360580444,1766706755413
3,0.02208423800766468,1766706756215
3,0.010443284176290035,1766706757256
3,0.0036651978734880686,1766706758200
3,0.0016952508594840765,1766706759041
3,0.003964086528867483,1766706760211
3,0.021121609956026077,1766706761163
3,0.059633076190948486,1766706762033
3,0.02579348161816597,1766706763112
3,0.2124669998884201,1766706763947
3,0.1273384690284729,1766706764759
3,0.046611055731773376,1766706765988
3,0.1967204213142395,1766706766830
3,0.0582609698176384,1766706767782
3,0.0004486876423470676,1766706769039
3,0.03914093226194382,1766706769834
3,0.12713444232940674,1766706770786
3,0.0009889581706374884,1766706771907
3,0.1559501588344574,1766706772676
3,0.018650727346539497,1766706773729
3,0.06030231714248657,1766706774802
3,0.013439086265861988,1766706775629
3,0.05550144240260124,1766706776725
3,0.06918661296367645,1766706777658
3,0.02987031824886799,1766706778427
3,0.03925401717424393,1766706779539
3,0.052691612392663956,1766706780449
3,0.05425237491726875,1766706781241
3,0.1852673888206482,1766706782383
3,0.052715178579092026,1766706783339
3,0.005292372778058052,1766706784098
3,0.3523876667022705,1766706785310
3,0.025824211537837982,1766706786211
3,0.002092053648084402,1766706787103
3,0.05251878499984741,1766706788289
3,0.02828514389693737,1766706789040
3,0.03601678088307381,1766706789910
3,0.05840469151735306,1766706791113
3,0.046592749655246735,1766706791923
3,0.002551914658397436,1766706792782
3,0.013336451724171638,1766706793975
3,0.09718281030654907,1766706794690
3,0.009774234145879745,1766706795671
3,0.1225118562579155,1766706796836
3,0.01666152849793434,1766706797649
3,0.018580079078674316,1766706798742
3,0.017290828749537468,1766706799849
3,0.03292657807469368,1766706800635
3,0.013976248912513256,1766706801831
3,0.016803955659270287,1766706802735
3,0.10569635033607483,1766706803636
3,0.20688234269618988,1766706804864
3,0.010307284072041512,1766706805703
3,0.009512050077319145,1766706806614
3,0.004497299902141094,1766706807755
3,0.01460396870970726,1766706808574
3,0.33257436752319336,1766706809579
3,0.010250966995954514,1766706810633
3,0.15835325419902802,1766706811424
3,0.01641128584742546,1766706812483
3,0.054030682891607285,1766706813439
3,0.07382477819919586,1766706814266
3,0.09608230739831924,1766706815488
3,0.02667156234383583,1766706816375
3,0.11552995443344116,1766706817308
3,0.009610780514776707,1766706818599
3,0.04451384395360947,1766706819373
3,0.1344485580921173,1766706820270
3,0.02383084036409855,1766706821398
3,0.1506364643573761,1766706822174
3,0.02747102826833725,1766706823162
3,0.0020713333506137133,1766706824321
3,0.03454958647489548,1766706825114
3,0.053291209042072296,1766706826162
3,0.012673288583755493,1766706827229
3,0.02543610706925392,1766706828111
3,0.04707713425159454,1766706829170
3,0.01603049412369728,1766706830165
3,0.04616983234882355,1766706830981
3,0.0985090434551239,1766706832048
3,0.0021402318961918354,1766706832945
3,0.06147344782948494,1766706833881
3,0.10042987763881683,1766706834999
3,0.012898998335003853,1766706835854
3,0.05639714002609253,1766706836855
3,0.013063201680779457,1766706837992
3,0.07054568827152252,1766706838796
3,0.0031955193262547255,1766706839902
3,0.0005053866188973188,1766706840819
3,0.009261161088943481,1766706841599
3,0.2631832957267761,1766706842701
3,0.03417178615927696,1766706843583
3,0.018262509256601334,1766706844483
3,0.012590073049068451,1766706845697
3,0.00463165994733572,1766706846552
3,0.04011379927396774,1766706847522
3,0.0014786460669711232,1766706848597
3,0.015017850324511528,1766706849423
3,0.015692688524723053,1766706850463
3,0.005587000399827957,1766706851492
3,0.1825893521308899,1766706852301
3,0.15199248492717743,1766706853410
3,0.0023555136285722256,1766706854338
3,0.004381702747195959,1766706855223
3,0.008570235222578049,1766706856350
3,0.02982802502810955,1766706857194
3,0.03032093308866024,1766706858152
3,0.009118030779063702,1766706859309
3,0.001969330944120884,1766706860122
3,0.016144709661602974,1766706861051
3,0.004090636502951384,1766706862025
3,0.03551662713289261,1766706862687
3,0.02087213657796383,1766706863682
3,0.10312771052122116,1766706864691
3,0.026781756430864334,1766706865381
3,0.00034660648088902235,1766706866319
3,0.03629618138074875,1766706867344
3,0.06126612052321434,1766706868124
3,0.16216620802879333,1766706869191
3,0.08847938477993011,1766706870291
3,0.04565158858895302,1766706871156
3,0.009973965585231781,1766706872290
3,0.036258943378925323,1766706873271
3,0.04867159202694893,1766706874142
3,0.03241300210356712,1766706875237
3,0.003255507443100214,1766706876130
3,0.028431486338377,1766706877097
3,0.02212098054587841,1766706878257
3,0.19819162786006927,1766706879163
3,0.0024277991615235806,1766706880178
3,0.013061455450952053,1766706881153
3,0.012391592375934124,1766706881930
3,0.030631503090262413,1766706882958
3,0.005477740429341793,1766706883935
3,0.13475273549556732,1766706884658
3,0.016403652727603912,1766706885669
3,0.10701066255569458,1766706886518
3,0.011414158158004284,1766706887437
3,0.23679137229919434,1766706888552
3,0.02829352580010891,1766706889383
3,0.017537271603941917,1766706890311
3,0.0020575267262756824,1766706891302
3,0.3148331642150879,1766706892227
3,0.0410890206694603,1766706893211
3,0.2418309450149536,1766706894328
3,0.003630579449236393,1766706895218
3,0.08569498360157013,1766706896297
3,0.16482234001159668,1766706897318
3,0.1065053939819336,1766706898164
3,0.00974235124886036,1766706899240
3,0.036935657262802124,1766706900252
3,0.05425811931490898,1766706901258
3,0.015363859012722969,1766706902140
3,0.010959532111883163,1766706902969
3,0.027336856350302696,1766706904012
3,0.01305733248591423,1766706905063
3,0.009133780375123024,1766706906013
3,0.026697298511862755,1766706907096
3,0.03362613916397095,1766706908074
3,0.02679024636745453,1766706909035
3,0.14026769995689392,1766706910051
3,0.11158976703882217,1766706911001
3,0.02213694527745247,1766706912061
3,0.012093093246221542,1766706913058
3,0.010373793542385101,1766706914051
3,0.07607816904783249,1766706914926
3,0.015314731746912003,1766706915991
3,0.004104298539459705,1766706916975
3,0.022824948653578758,1766706917941
3,0.020975522696971893,1766706918967
3,0.1712290197610855,1766706919945
3,0.008521795272827148,1766706920944
3,0.016106868162751198,1766706922098
3,0.0001966167619684711,1766706923015
3,0.033399611711502075,1766706923927
3,0.10841045528650284,1766706924870
3,0.024975566193461418,1766706925762
3,0.03911842778325081,1766706926707
3,0.13520103693008423,1766706927778
3,0.09701023995876312,1766706928674
3,0.03701603040099144,1766706929719
3,0.017888367176055908,1766706930707
3,0.008188345469534397,1766706931635
3,0.06635157018899918,1766706932703
3,0.06959597021341324,1766706933489
3,0.07082951813936234,1766706934463
3,0.026509854942560196,1766706935614
3,0.014345129951834679,1766706936434
3,0.035802993923425674,1766706937402
3,0.04201599583029747,1766706938558
3,0.09266939759254456,1766706939394
3,0.0101253567263484,1766706940567
3,0.05940777063369751,1766706941562
3,0.10875534266233444,1766706942366
3,0.1506923884153366,1766706943545
3,0.12657946348190308,1766706944421
3,0.10437552630901337,1766706945348
3,0.03162992373108864,1766706946572
3,0.1304769068956375,1766706947399
3,0.043293021619319916,1766706948354
3,0.03623729199171066,1766706949564
3,0.2496180236339569,1766706950400
3,0.06773237138986588,1766706951408
3,0.007538767531514168,1766706952486
3,0.16238906979560852,1766706953322
3,0.0024205115623772144,1766706954487
3,0.009247459471225739,1766706955361
3,0.06340694427490234,1766706956081
3,0.20944082736968994,1766706957167
3,0.14253056049346924,1766706958202
3,0.06730715930461884,1766706958952
3,0.02599911019206047,1766706960046
3,0.03085487149655819,1766706960993
3,0.14404645562171936,1766706961757
3,0.0930517166852951,1766706962949
3,0.01693197339773178,1766706963897
3,0.04797683656215668,1766706964638
3,0.014917545020580292,1766706965803
3,0.004062074702233076,1766706966644
3,0.1599610149860382,1766706967518
3,0.1513097584247589,1766706968778
3,0.08353866636753082,1766706969601
3,0.06068918853998184,1766706970516
3,0.03880678862333298,1766706971536
3,0.15934351086616516,1766706972344
3,0.09952720999717712,1766706973373
3,0.00789770856499672,1766706974502
3,0.019506199285387993,1766706975319
3,0.028142819181084633,1766706976525
3,0.006843578070402145,1766706977495
3,0.024406153708696365,1766706978302
3,0.006433144677430391,1766706979473
3,0.09025882929563522,1766706980209
3,0.14368216693401337,1766706981080
3,0.05283711478114128,1766706982171
3,0.09602929651737213,1766706983032
3,0.0011900882236659527,1766706983867
3,0.029369758442044258,1766706985094
3,0.052725471556186676,1766706985943
3,0.0010855505242943764,1766706986900
3,0.01849631406366825,1766706988125
3,0.007776110898703337,1766706988941
3,0.05094888061285019,1766706989919
3,0.0014775872696191072,1766706990913
3,0.06249332055449486,1766706991748
3,0.03212295100092888,1766706992929
3,0.03515351563692093,1766706993805
3,0.04636535048484802,1766706994733
3,0.05038939416408539,1766706995934
3,0.02383454144001007,1766706996749
3,0.07538382709026337,1766706997759
3,0.0013099727220833302,1766706998916
3,0.2526819109916687,1766706999694
3,0.0014330351259559393,1766707000817
3,0.00390251143835485,1766707001859
3,0.07193339616060257,1766707002777
3,0.011741632595658302,1766707004054
3,0.028097063302993774,1766707004954
3,0.019433429464697838,1766707005900
3,0.1105094850063324,1766707007007
3,0.0080470722168684,1766707007870
3,0.08299213647842407,1766707008966
3,0.04656655713915825,1766707010072
3,0.021477356553077698,1766707010901
3,0.010648371651768684,1766707012070
3,0.08541761338710785,1766707013022
3,0.013479975052177906,1766707013959
3,0.07875873893499374,1766707015136
3,0.015217884443700314,1766707016020
3,0.041941381990909576,1766707017011
3,0.013578147627413273,1766707018074
3,0.027096686884760857,1766707018844
3,0.0057317414321005344,1766707020009
3,0.0012518418952822685,1766707021046
3,0.019919784739613533,1766707021934
3,0.0019212154438719153,1766707023090
3,0.09007333964109421,1766707023988
3,0.07185428589582443,1766707024963
3,0.0745990127325058,1766707026076
3,0.22322720289230347,1766707027017
3,0.02933131530880928,1766707028131
3,0.02715255692601204,1766707029092
3,0.04308905079960823,1766707030050
3,0.003910409286618233,1766707031143
3,0.1917867660522461,1766707032080
3,0.13012464344501495,1766707033090
3,0.010247492231428623,1766707034235
3,0.06072237715125084,1766707035041
3,0.01701875776052475,1766707036114
3,0.03197025880217552,1766707037051
3,0.12522323429584503,1766707037929
3,0.19029754400253296,1766707038965
3,0.06157195568084717,1766707039975
3,0.003883733879774809,1766707041020
3,0.03964559733867645,1766707042056
3,0.004083726555109024,1766707042965
3,0.013043113052845001,1766707044002
3,0.040277041494846344,1766707045039
3,0.015499444678425789,1766707045918
3,0.02086593769490719,1766707046905
3,0.0038876114413142204,1766707047876
3,0.026719775050878525,1766707048841
3,0.040563784539699554,1766707049831
3,0.01856374926865101,1766707050723
3,0.24356436729431152,1766707051840
3,0.11183689534664154,1766707052846
3,0.03662321716547012,1766707053813
3,0.09290377050638199,1766707054892
3,0.02263864502310753,1766707055858
3,0.005197015590965748,1766707056820
3,0.016905520111322403,1766707057788
3,0.09815412759780884,1766707058787
3,0.029491061344742775,1766707059770
3,0.0007595220813527703,1766707060798
3,0.016160698607563972,1766707061804
3,0.018361305817961693,1766707062610
3,0.053323183208703995,1766707063604
3,0.039752084761857986,1766707064568
3,0.05691950395703316,1766707065401
3,0.018243614584207535,1766707066475
3,0.08432253450155258,1766707067492
3,0.07929953932762146,1766707068481
3,0.10503745824098587,1766707069560
3,0.059707578271627426,1766707070473
3,0.08094688504934311,1766707071377
3,0.07764344662427902,1766707072498
3,0.026958506554365158,1766707073388
3,0.011662375181913376,1766707074460
3,0.08841919153928757,1766707075462
3,0.044434383511543274,1766707076350
3,0.013553578406572342,1766707077531
3,0.004688722547143698,1766707078474
3,0.05802708491683006,1766707079351
3,0.000788939418271184,1766707080405
3,0.059238143265247345,1766707081268
3,0.2257765829563141,1766707082298
3,0.14230690896511078,1766707083428
3,0.08703888952732086,1766707084214
3,0.054239556193351746,1766707085341
3,0.007091970648616552,1766707086298
3,0.07835198938846588,1766707087173
3,0.007824460975825787,1766707088368
3,0.09459767490625381,1766707089243
3,0.005020230542868376,1766707090107
3,0.21706096827983856,1766707091329
3,0.020526649430394173,1766707092192
3,0.011423395946621895,1766707093125
3,0.030111992731690407,1766707094264
3,0.16433624923229218,1766707095074
3,0.04894152656197548,1766707096179
3,0.1290915161371231,1766707097152
3,0.039677366614341736,1766707097953
3,0.0662999227643013,1766707099073
3,0.02227640710771084,1766707100047
3,0.01592371053993702,1766707100928
3,0.029737835749983788,1766707102032
3,0.008425941690802574,1766707102904
3,0.007350544445216656,1766707103930
3,0.013508383184671402,1766707105118
3,0.014332408085465431,1766707105904
3,0.003924212884157896,1766707106919
3,0.024110712110996246,1766707107992
3,0.045770879834890366,1766707108809
3,0.005619731266051531,1766707109906
3,0.028125084936618805,1766707110866
3,0.001665106974542141,1766707111767
3,0.0803234800696373,1766707112998
3,0.0009109862148761749,1766707113818
3,0.0023701940663158894,1766707114786
3,0.053223103284835815,1766707116043
3,0.057849060744047165,1766707116871
3,0.044488973915576935,1766707117851
3,0.11462976783514023,1766707118956
3,0.21846729516983032,1766707119748
3,0.03529589623212814,1766707120835
3,0.10364379733800888,1766707121922
3,0.0038603045977652073,1766707122612
3,0.010168112814426422,1766707123635
3,0.12592647969722748,1766707124667
3,0.003476435085758567,1766707125454
3,0.00330738490447402,1766707126646
3,0.00462449761107564,1766707127628
3,0.0031944361981004477,1766707128574
3,0.03530718386173248,1766707129854
3,0.028462529182434082,1766707130639
3,0.0030162229668349028,1766707131703
3,0.0032297559082508087,1766707132835
3,0.05373023822903633,1766707133636
3,0.04154369235038757,1766707134770
3,0.009563310071825981,1766707135706
3,0.017971836030483246,1766707136406
3,0.01094218622893095,1766707137520
3,0.0019956668838858604,1766707138483
3,0.03703203424811363,1766707139370
3,0.03245578706264496,1766707140504
3,0.05558422952890396,1766707141403
3,0.021646296605467796,1766707142372
3,0.0666876807808876,1766707143452
3,0.002273427788168192,1766707144206
3,0.03294891119003296,1766707145237
3,0.0009066850761882961,1766707146426
3,0.0007068442646414042,1766707147250
3,0.11149115860462189,1766707148348
3,0.05527138337492943,1766707149378
3,0.033897846937179565,1766707150205
3,0.032569609582424164,1766707151359
3,0.008170821703970432,1766707152144
3,0.12810614705085754,1766707153011
3,0.033900901675224304,1766707154240
3,0.0035776516888290644,1766707155114
3,0.000309266266413033,1766707156014
3,0.008915888145565987,1766707157175
3,0.0066196066327393055,1766707158032
3,0.08997838199138641,1766707159086
3,0.0012554515851661563,1766707160219
3,0.02790459617972374,1766707161048
3,0.0034516132436692715,1766707162170
3,0.004138206597417593,1766707163153
3,0.05144259333610535,1766707164050
3,0.0062426915392279625,1766707165243
3,0.1694723665714264,1766707166154
3,0.0692884773015976,1766707167208
3,0.05798736959695816,1766707168362
3,0.19226616621017456,1766707169184
3,0.14443138241767883,1766707170346
3,0.0278056338429451,1766707171327
3,0.0008672293042764068,1766707172234
3,0.12331707030534744,1766707173346
3,0.054855652153491974,1766707174176
3,0.015153693035244942,1766707175082
3,0.06671028584241867,1766707176321
3,0.011239090003073215,1766707177171
3,0.03436491638422012,1766707178231
3,0.19689494371414185,1766707179295
3,0.010678935796022415,1766707180150
3,0.002473408356308937,1766707181310
3,0.003956968430429697,1766707182290
3,0.023670194670557976,1766707183148
3,0.13580326735973358,1766707184281
3,0.09599389880895615,1766707185158
3,0.05896522477269173,1766707186280
3,0.009381543844938278,1766707187330
3,0.013781921938061714,1766707188252
3,0.04859747737646103,1766707189422
3,0.09761466085910797,1766707190344
3,0.17241331934928894,1766707191211
3,0.10313346236944199,1766707192284
3,0.1535254567861557,1766707193197
3,0.03190755099058151,1766707194211
3,0.007313636131584644,1766707195204
3,0.15118491649627686,1766707196013
3,0.03642251342535019,1766707197162
3,0.06010689586400986,1766707198139
3,0.08020980656147003,1766707199045
3,0.04854479432106018,1766707200026
3,0.3823946416378021,1766707200974
3,0.22531117498874664,1766707201897
3,0.039209362119436264,1766707202850
3,0.013750867918133736,1766707203936
3,0.1901615709066391,1766707204933
3,0.0617939718067646,1766707205882
3,0.009918228723108768,1766707206813
3,0.07965360581874847,1766707207814
3,0.04181106388568878,1766707208869
3,0.0489693358540535,1766707209959
3,0.02229911834001541,1766707210982
3,0.023609239608049393,1766707211922
3,0.028335513547062874,1766707212982
3,0.05733752250671387,1766707214070
3,0.021077372133731842,1766707215101
3,0.019609719514846802,1766707215998
3,0.0925416424870491,1766707216993
3,0.009772920981049538,1766707218052
3,0.031332798302173615,1766707219025
3,0.02148035541176796,1766707220127
3,0.05363521724939346,1766707220983
3,0.10534359514713287,1766707221970
3,0.008961274288594723,1766707222994
3,0.05217868834733963,1766707223951
3,0.05995985493063927,1766707225058
3,0.011394781991839409,1766707225958
3,0.0018811990739777684,1766707226884
3,0.10772794485092163,1766707227987
3,0.09364870190620422,1766707228869
3,0.009024005383253098,1766707229859
3,0.014096362516283989,1766707230951
3,0.011624792590737343,1766707231856
3,0.0026246916968375444,1766707232856
3,0.009498070925474167,1766707233962
3,0.012217022478580475,1766707235012
3,0.017180999740958214,1766707236043
3,0.026895232498645782,1766707236920
3,0.0051866499707102776,1766707237975
3,0.07213373482227325,1766707238939
3,0.04991910234093666,1766707239876
3,0.1157875806093216,1766707240963
3,0.05575079470872879,1766707241994
3,0.040580667555332184,1766707242939
3,0.06833825260400772,1766707244094
3,0.12690617144107819,1766707244999
3,0.07629313319921494,1766707246060
3,0.0036481518764048815,1766707247059
3,0.04340844601392746,1766707248017
3,0.020753052085638046,1766707249067
3,0.012846858240664005,1766707250049
3,0.13285504281520844,1766707250955
3,0.010268115438520908,1766707252007
3,0.04881760850548744,1766707252854
3,0.0005813605384901166,1766707253741
3,0.0014423583634197712,1766707254933
3,0.05745071917772293,1766707255756
3,0.0007436578744091094,1766707256782
3,0.008085744455456734,1766707257830
3,0.012796408496797085,1766707258738
3,0.012577156536281109,1766707259779
3,0.02730810083448887,1766707260656
3,0.0004779260198120028,1766707261526
3,0.0796135663986206,1766707262601
3,0.09723298996686935,1766707263473
3,0.0035841118078678846,1766707264336
3,0.021296627819538116,1766707265518
3,0.02342449501156807,1766707266384
3,0.04940056800842285,1766707267450
3,0.04365771636366844,1766707268542
3,0.0024830896873027086,1766707269332
3,0.0031470716930925846,1766707270373
3,0.018307512626051903,1766707271407
3,0.05104031413793564,1766707272234
3,0.027593648061156273,1766707273386
3,0.16912579536437988,1766707274328
3,0.0004175925860181451,1766707275248
3,0.023108089342713356,1766707276468
3,0.019589023664593697,1766707277325
3,0.1698584258556366,1766707278314
3,0.07040366530418396,1766707279462
3,0.017842764034867287,1766707280252
3,0.006330952979624271,1766707281304
3,0.05420960113406181,1766707282327
3,0.13406626880168915,1766707283174
3,0.016418609768152237,1766707284384
3,0.033963218331336975,1766707285238
3,0.00031524134101346135,1766707286123
3,0.031170548871159554,1766707287210
3,0.0009646640392020345,1766707288143
3,0.08012451231479645,1766707289158
3,0.10527735203504562,1766707290274
3,0.05614079535007477,1766707291040
3,0.03742345795035362,1766707291985
3,0.016750002279877663,1766707293104
3,0.03860236331820488,1766707293961
3,0.06400357931852341,1766707295174
3,0.024675235152244568,1766707296100
3,0.024099700152873993,1766707297012
3,0.03802788630127907,1766707298159
3,0.05355242267251015,1766707299053
3,0.01213071495294571,1766707300081
3,0.0021898734848946333,1766707301134
3,0.0383819080889225,1766707301939
3,0.01380883902311325,1766707303080
3,0.08915237337350845,1766707304091
3,0.012891225516796112,1766707304841
3,0.0627003163099289,1766707305962
3,0.007038807962089777,1766707306843
3,0.019444622099399567,1766707307676
3,0.034143801778554916,1766707308887
3,0.10857675224542618,1766707309695
3,0.03606921434402466,1766707310575
3,0.12325965613126755,1766707311766
3,0.00030602829065173864,1766707312562
3,0.05291946232318878,1766707313545
3,0.03378427028656006,1766707314666
3,0.04173135757446289,1766707315457
3,0.00918082520365715,1766707316541
3,0.07621600478887558,1766707317563
3,0.01668427139520645,1766707318439
3,0.03465596213936806,1766707319683
3,0.08766348659992218,1766707320584
3,0.0005280097830109298,1766707321443
3,0.1484183669090271,1766707322584
3,0.0041062175296247005,1766707323311
3,0.2604717016220093,1766707324189
3,0.04490690305829048,1766707325401
3,0.07868944853544235,1766707326234
3,0.004075444303452969,1766707327182
3,0.048002876341342926,1766707328341
3,0.0014028912410140038,1766707329145
3,0.005214180797338486,1766707330170
3,0.0041990079917013645,1766707331194
3,0.07332342118024826,1766707332046
3,0.017163114622235298,1766707333142
3,0.027667595073580742,1766707334060
3,0.012538321316242218,1766707334892
3,0.06271276623010635,1766707336065
3,0.10205627977848053,1766707337007
3,0.008727407082915306,1766707337850
3,0.005183723755180836,1766707339103
3,0.00705512473359704,1766707339932
3,0.12069261819124222,1766707340754
3,0.014595877379179,1766707341884
3,0.21731314063072205,1766707342762
3,0.0025077518075704575,1766707343724
3,0.12965235114097595,1766707344782
3,0.1956716775894165,1766707345594
3,0.02128150314092636,1766707346546
3,0.0002965617459267378,1766707347611
3,0.0012735120253637433,1766707348410
3,0.016426997259259224,1766707349447
3,0.014264869503676891,1766707350409
3,0.02985159307718277,1766707351238
3,0.0429404079914093,1766707352417
3,0.01111943181604147,1766707353334
3,0.001114692771807313,1766707354135
3,0.11380127817392349,1766707355256
3,0.08431147038936615,1766707356092
3,0.0031767813488841057,1766707356957
3,0.022381074726581573,1766707358168
3,0.012215105816721916,1766707359056
3,0.0548885352909565,1766707360000
3,0.27030253410339355,1766707361246
3,0.08519256860017776,1766707362058
3,0.03604285791516304,1766707363119
3,0.13478010892868042,1766707364184
3,0.045126188546419144,1766707365026
3,0.22141559422016144,1766707366220
3,0.014768441207706928,1766707367167
3,0.11088345944881439,1766707368119
3,0.061803266406059265,1766707369373
3,0.017193662002682686,1766707370235
3,0.010656866244971752,1766707371234
3,0.17097841203212738,1766707372429
3,0.08604829758405685,1766707373294
3,0.09719263762235641,1766707374368
3,0.005500751081854105,1766707375250
3,0.018176693469285965,1766707376046
3,0.18558086454868317,1766707377173
3,0.00351572223007679,1766707378136
3,0.060507237911224365,1766707379057
3,0.006559218280017376,1766707380223
3,0.07613308727741241,1766707381145
3,0.04000856727361679,1766707382174
3,0.0668008103966713,1766707383311
3,0.06495984643697739,1766707384136
3,0.00441424734890461,1766707385302
3,0.006430370267480612,1766707386291
3,0.015063255093991756,1766707387152
3,0.0014297610614448786,1766707388326
3,0.01847710646688938,1766707389220
3,0.088734470307827,1766707390140
3,0.02336808107793331,1766707391240
3,0.044211696833372116,1766707392045
3,0.26813098788261414,1766707392930
3,0.0008101097191683948,1766707393860
3,0.05539659038186073,1766707394674
3,0.005798984784632921,1766707395603
3,0.0162265095859766,1766707396624
3,0.11232784390449524,1766707397400
3,0.09926898032426834,1766707398435
3,0.020835645496845245,1766707399536
3,0.03150629252195358,1766707400447
3,0.058994535356760025,1766707401460
3,0.04949598014354706,1766707402454
3,0.023265818133950233,1766707403440
3,0.002699613105505705,1766707404587
3,0.08759423345327377,1766707405543
3,0.02957223169505596,1766707406557
3,0.023926636204123497,1766707407581
3,0.0747995600104332,1766707408553
3,0.03638643026351929,1766707409615
3,0.037607625126838684,1766707410621
3,0.050381023436784744,1766707411612
3,0.0062935687601566315,1766707412657
3,0.0048220488242805,1766707413675
3,0.07733196020126343,1766707414726
3,0.019836418330669403,1766707415728
3,0.0438661053776741,1766707416622
3,0.03753536567091942,1766707417738
3,0.03966960683465004,1766707418771
3,0.11276022344827652,1766707419838
3,0.0037423125468194485,1766707420900
3,0.052632179111242294,1766707421899
3,0.17670905590057373,1766707422922
3,0.00438692094758153,1766707423925
3,0.03985297307372093,1766707424970
3,0.21381177008152008,1766707426009
3,0.10898790508508682,1766707427052
3,0.16219009459018707,1766707427934
3,0.03807852417230606,1766707428885
3,0.09221339970827103,1766707429848
3,0.40531450510025024,1766707430807
3,0.19637669622898102,1766707431862
3,0.4497632682323456,1766707432978
3,0.04154835641384125,1766707433804
3,0.04008086025714874,1766707434949
3,0.01545658241957426,1766707435878
3,0.029113512486219406,1766707436790
3,0.029625900089740753,1766707437866
3,0.03811388090252876,1766707438762
3,0.015010216273367405,1766707439747
3,0.0269539263099432,1766707440902
3,0.10662660002708435,1766707441738
3,0.012976198457181454,1766707442903
3,0.25831931829452515,1766707443942
3,0.06495125591754913,1766707444785
3,0.04571329802274704,1766707446039
3,0.1275504231452942,1766707446926
3,0.07462801039218903,1766707447920
3,0.16704896092414856,1766707449082
3,0.09620625525712967,1766707449945
3,0.035783227533102036,1766707451044
3,0.09914477169513702,1766707452075
3,0.04993053153157234,1766707452884
3,0.004346026107668877,1766707454015
3,0.018568623811006546,1766707454941
3,0.015380684286355972,1766707455796
3,0.06223629042506218,1766707456951
3,0.11655506491661072,1766707457820
3,0.04129454493522644,1766707458776
3,0.06738884001970291,1766707459827
3,0.031091220676898956,1766707460575
3,0.09478460252285004,1766707461518
3,0.004475449211895466,1766707462623
3,0.01638800837099552,1766707463449
3,0.049758706241846085,1766707464520
3,0.003001459874212742,1766707465556
3,0.1061621755361557,1766707466366
3,0.0006314347265288234,1766707467440
3,0.09409961849451065,1766707468382
3,0.19920513033866882,1766707469195
3,0.0007647426100447774,1766707470344
3,0.018391218036413193,1766707471242
3,0.055743079632520676,1766707472055
3,0.07685033977031708,1766707473266
3,0.004403409548103809,1766707474131
3,0.005885188467800617,1766707475002
3,0.016101231798529625,1766707476163
3,0.04532070830464363,1766707476947
3,0.001585490070283413,1766707477879
3,0.025506220757961273,1766707479093
3,0.029885737225413322,1766707479842
3,0.07950512319803238,1766707480774
3,0.03764127939939499,1766707481904
3,0.019635509699583054,1766707482734
3,0.10555485635995865,1766707483824
3,0.20701490342617035,1766707484916
3,0.03190501034259796,1766707485721
3,0.024625902995467186,1766707486828
3,0.020988352596759796,1766707487786
3,0.0004962984239682555,1766707488667
3,0.004527540877461433,1766707489938
3,0.04604683071374893,1766707490787
3,0.0026416301261633635,1766707491624
3,0.0787959024310112,1766707492903
3,0.04118210822343826,1766707493766
3,0.006730725523084402,1766707494645
3,0.04538268595933914,1766707495864
3,0.03173801302909851,1766707496682
3,0.00755484402179718,1766707497569
3,0.09640301018953323,1766707498654
3,0.0007615737267769873,1766707499449
3,0.022751225158572197,1766707500562
3,0.07940960675477982,1766707501457
3,0.081366628408432,1766707502247
3,0.020333442836999893,1766707503391
3,0.012119638733565807,1766707504394
3,0.02896484173834324,1766707505240
3,0.0064713675528764725,1766707506476
3,0.008474853821098804,1766707507322
3,0.0025824946351349354,1766707508163
3,0.0835239589214325,1766707509400
3,0.004695747047662735,1766707510195
3,0.014722880907356739,1766707511184
3,0.028337810188531876,1766707512305
3,0.001986189279705286,1766707513104
3,0.16286301612854004,1766707514306
3,0.012391065247356892,1766707515284
3,0.13630861043930054,1766707516061
3,0.032699212431907654,1766707517163
3,0.030662979930639267,1766707518039
3,0.05825314670801163,1766707518930
3,0.011173690669238567,1766707520147
3,0.0466931089758873,1766707520995
3,0.07749897986650467,1766707521958
3,0.003851460525766015,1766707523061
3,0.1402989625930786,1766707523850
3,0.003648658748716116,1766707524821
3,0.01362114492803812,1766707525931
3,0.039451953023672104,1766707526697
3,0.047208625823259354,1766707527790
3,0.053648386150598526,1766707528707
3,0.03744969516992569,1766707529549
3,0.019811470061540604,1766707530783
3,0.09875790774822235,1766707531568
3,0.10494495928287506,1766707532244
3,0.008945174515247345,1766707533372
3,0.000971917761489749,1766707534332
3,0.0020181615836918354,1766707535086
3,0.0026618577539920807,1766707536218
3,0.034958384931087494,1766707536947
3,0.001041898038238287,1766707537805
3,0.004212549421936274,1766707539048
3,0.0198049433529377,1766707539880
3,0.007714396342635155,1766707540765
3,0.08649085462093353,1766707541944
3,0.07817502319812775,1766707542793
3,0.008999945595860481,1766707543777
3,0.06739826500415802,1766707544911
3,0.04768826812505722,1766707545707
4,0.007604716345667839,1766707546734
4,0.04002676159143448,1766707547880
4,0.0031795462127774954,1766707548714
4,0.04271193593740463,1766707549856
4,0.02967940643429756,1766707550799
4,0.004084506072103977,1766707551640
4,0.0009694659383967519,1766707552895
4,0.09347531199455261,1766707553733
4,0.06773883104324341,1766707554676
4,0.0032404379453510046,1766707555785
4,0.0666639655828476,1766707556651
4,0.01474856398999691,1766707557717
4,0.0065414439886808395,1766707558667
4,0.06809990108013153,1766707559397
4,0.00023959061945788562,1766707560480
4,0.055691126734018326,1766707561526
4,0.10088566690683365,1766707562396
4,0.001687218202278018,1766707563587
4,0.00798605103045702,1766707564432
4,0.0006102995830588043,1766707565303
4,0.054157815873622894,1766707566498
4,0.023343104869127274,1766707567380
4,0.08273661136627197,1766707568326
4,0.09773615002632141,1766707569397
4,0.13674192130565643,1766707570224
4,0.005082271061837673,1766707571222
4,0.0085228206589818,1766707572242
4,0.05431933328509331,1766707573085
4,0.08075656741857529,1766707574130
4,0.12460199743509293,1766707575168
4,0.1476925015449524,1766707576129
4,0.052756160497665405,1766707577209
4,0.0011690790997818112,1766707578050
4,0.0477617122232914,1766707578968
4,0.07743439078330994,1766707580052
4,0.02246079593896866,1766707580873
4,0.03342379257082939,1766707581986
4,0.0014924113638699055,1766707583018
4,0.0007755605038255453,1766707583879
4,0.0019687041640281677,1766707584933
4,0.014616673812270164,1766707585911
4,0.009474292397499084,1766707586911
4,0.05406089127063751,1766707588006
4,0.004376285243779421,1766707588975
4,0.04631884768605232,1766707589975
4,0.03867698833346367,1766707590894
4,0.012809358537197113,1766707591861
4,0.009873270988464355,1766707592913
4,0.04651879519224167,1766707593819
4,0.01669972389936447,1766707594850
4,0.025149332359433174,1766707595880
4,0.007105718366801739,1766707596792
4,0.06307495385408401,1766707597889
4,0.007648174650967121,1766707598908
4,0.036349937319755554,1766707599844
4,0.0014167625922709703,1766707600879
4,0.20317009091377258,1766707601816
4,0.03507694602012634,1766707602827
4,0.009421773254871368,1766707603850
4,0.004304331261664629,1766707604702
4,0.030030259862542152,1766707605718
4,0.036306772381067276,1766707606647
4,0.19914314150810242,1766707607578
4,0.00396107928827405,1766707608807
4,0.06045705825090408,1766707609690
4,0.12428029626607895,1766707610690
4,0.002564542694017291,1766707611772
4,0.03259605914354324,1766707612679
4,0.06614097952842712,1766707613765
4,0.01661425456404686,1766707614768
4,0.0015367015730589628,1766707615701
4,0.0021354397758841515,1766707616779
4,0.03991495072841644,1766707617683
4,0.010619957000017166,1766707618821
4,0.002211183775216341,1766707619933
4,0.01577736809849739,1766707620810
4,0.06968685239553452,1766707621842
4,0.06103559210896492,1766707622740
4,0.0716143399477005,1766707623686
4,0.03859669342637062,1766707624748
4,0.002727029612287879,1766707625622
4,0.06094124913215637,1766707626691
4,0.0009380754781886935,1766707627738
4,0.04644019901752472,1766707628584
4,0.0226310882717371,1766707629780
4,0.007937527261674404,1766707630690
4,0.004009035881608725,1766707631593
4,0.3671165406703949,1766707632609
4,0.0035419773776084185,1766707633478
4,0.0008021824178285897,1766707634434
4,0.017501311376690865,1766707635553
4,0.0019133823225274682,1766707636451
4,0.005214527249336243,1766707637513
4,0.04242483153939247,1766707638467
4,0.04268016293644905,1766707639418
4,0.018375009298324585,1766707640498
4,0.020720744505524635,1766707641388
4,0.020700231194496155,1766707642407
4,0.09517117589712143,1766707643516
4,0.052883680909872055,1766707644359
4,0.06362351775169373,1766707645340
4,0.00680520199239254,1766707646370
4,0.05272708088159561,1766707647210
4,0.03473641723394394,1766707648358
4,0.1555335521697998,1766707649328
4,0.008219827897846699,1766707650280
4,0.14369523525238037,1766707651451
4,0.01574467495083809,1766707652391
4,0.001711053540930152,1766707653391
4,0.05682004243135452,1766707654436
4,0.04205956682562828,1766707655373
4,0.020897015929222107,1766707656388
4,0.03560853749513626,1766707657299
4,0.016195107251405716,1766707658247
4,0.0012298537185415626,1766707659267
4,0.003700929693877697,1766707660162
4,0.04877564683556557,1766707660987
4,0.07847242057323456,1766707661906
4,0.16824616491794586,1766707662869
4,0.03016463667154312,1766707663844
4,0.01569356769323349,1766707664859
4,0.013102374970912933,1766707665864
4,0.049732305109500885,1766707666770
4,0.07801824063062668,1766707667900
4,0.014121969230473042,1766707668848
4,0.08274424076080322,1766707669777
4,0.16094264388084412,1766707670960
4,0.25627416372299194,1766707671796
4,0.00767446868121624,1766707672858
4,0.06357201933860779,1766707673971
4,0.10594667494297028,1766707674786
4,0.05486684665083885,1766707675894
4,0.004165614955127239,1766707676843
4,0.015165035612881184,1766707677823
4,0.00400153873488307,1766707678890
4,0.056727077811956406,1766707679808
4,0.0006646762485615909,1766707680916
4,0.003783883061259985,1766707681996
4,0.014254185371100903,1766707682938
4,0.03494511917233467,1766707683942
4,0.07020407915115356,1766707684818
4,0.030715148895978928,1766707685701
4,0.057811129838228226,1766707686753
4,0.006869163364171982,1766707687747
4,0.0018626349046826363,1766707688762
4,0.016298912465572357,1766707689868
4,0.08662474155426025,1766707690654
4,0.06266918778419495,1766707691601
4,0.01606796309351921,1766707692704
4,0.02862033247947693,1766707693560
4,0.03131931647658348,1766707694719
4,0.07303328067064285,1766707695595
4,0.12751202285289764,1766707696484
4,0.054749567061662674,1766707697600
4,0.028069237247109413,1766707698462
4,0.006408629938960075,1766707699400
4,0.1391701102256775,1766707700566
4,0.0062485020607709885,1766707701374
4,0.05927776172757149,1766707702300
4,0.019200965762138367,1766707703384
4,0.0015110571403056383,1766707704248
4,0.03757708519697189,1766707705464
4,0.017353812232613564,1766707706413
4,0.004018808715045452,1766707707274
4,0.05746160075068474,1766707708432
4,0.07289177924394608,1766707709288
4,0.0005207573994994164,1766707710275
4,0.009748570621013641,1766707711294
4,0.002314845100045204,1766707712049
4,0.060908980667591095,1766707713062
4,0.007235090713948011,1766707714249
4,0.052576012909412384,1766707715059
4,0.013788207434117794,1766707716074
4,0.006800701841711998,1766707717077
4,0.20350578427314758,1766707717954
4,0.10503299534320831,1766707719058
4,0.03667008876800537,1766707719880
4,0.029050005599856377,1766707720787
4,0.035384081304073334,1766707722001
4,0.008364069275557995,1766707722808
4,0.04607750475406647,1766707723670
4,0.07442373782396317,1766707724827
4,0.0040619042702019215,1766707725639
4,0.08967778831720352,1766707726555
4,0.019149325788021088,1766707727691
4,0.01868821680545807,1766707728522
4,0.06639880686998367,1766707729643
4,0.0008286363445222378,1766707730567
4,0.007194545120000839,1766707731383
4,0.12881235778331757,1766707732388
4,0.026516567915678024,1766707733377
4,0.021574683487415314,1766707734114
4,0.004250864498317242,1766707735153
4,0.01016797311604023,1766707736158
4,0.022878021001815796,1766707736939
4,0.024769509211182594,1766707738176
4,0.00486568920314312,1766707739156
4,0.02875572070479393,1766707739996
4,0.009946885518729687,1766707741202
4,0.007049968931823969,1766707742000
4,0.03648385778069496,1766707742777
4,0.03579076752066612,1766707743932
4,0.02722978964447975,1766707744831
4,0.017517393454909325,1766707745721
4,0.03816273435950279,1766707746900
4,0.0615866594016552,1766707747716
4,0.15472710132598877,1766707748562
4,0.06478042155504227,1766707749775
4,0.0032417504116892815,1766707750545
4,0.004147288389503956,1766707751564
4,0.006287452764809132,1766707752654
4,0.058206818997859955,1766707753438
4,0.02437957376241684,1766707754516
4,0.007604486308991909,1766707755569
4,0.023834489285945892,1766707756398
4,0.03957825154066086,1766707757596
4,0.08773978799581528,1766707758494
4,0.06556972116231918,1766707759315
4,0.08611301332712173,1766707760425
4,0.05728120729327202,1766707761375
4,0.07308414578437805,1766707762158
4,0.03540654480457306,1766707763256
4,0.05334090441465378,1766707764056
4,0.0019765342585742474,1766707764994
4,0.0931272879242897,1766707766184
4,0.004797082860022783,1766707767033
4,0.004343798384070396,1766707767990
4,0.0029314460698515177,1766707768966
4,0.06192150339484215,1766707769724
4,0.04645153880119324,1766707770793
4,0.034331005066633224,1766707771915
4,0.03852875530719757,1766707772768
4,0.010808000341057777,1766707773889
4,0.005791836883872747,1766707774809
4,0.006607983727008104,1766707775651
4,0.027688829228281975,1766707776815
4,0.013751264661550522,1766707777723
4,0.009870925918221474,1766707778631
4,0.01797475479543209,1766707779773
4,0.003918852657079697,1766707780611
4,0.02687644772231579,1766707781508
4,0.001406378229148686,1766707782735
4,0.13564054667949677,1766707783562
4,0.03465256094932556,1766707784473
4,0.1397724449634552,1766707785549
4,0.0019310582429170609,1766707786386
4,0.28723180294036865,1766707787467
4,0.011530906893312931,1766707788560
4,0.03136473149061203,1766707789262
4,0.04355766251683235,1766707790294
4,0.15189018845558167,1766707791347
4,0.01667734421789646,1766707792169
4,0.09227607399225235,1766707793290
4,0.06217930093407631,1766707794214
4,0.022965282201766968,1766707795096
4,0.005185137502849102,1766707796154
4,0.002888539806008339,1766707797033
4,0.012989685870707035,1766707797940
4,0.07480596750974655,1766707799152
4,0.04011091589927673,1766707799998
4,0.01207800768315792,1766707800989
4,0.014888670295476913,1766707802006
4,0.10003948211669922,1766707802809
4,0.002982276724651456,1766707803886
4,0.018437732011079788,1766707804862
4,0.18646661937236786,1766707805740
4,0.0011484072310850024,1766707806947
4,0.022492315620183945,1766707807763
4,0.018695887178182602,1766707808664
4,0.021550949662923813,1766707809869
4,0.02044469676911831,1766707810692
4,0.002419637516140938,1766707811493
4,0.01060931384563446,1766707812623
4,0.01859750598669052,1766707813302
4,0.01584596186876297,1766707814238
4,0.05155959725379944,1766707815410
4,0.07443592697381973,1766707816243
4,0.02707335352897644,1766707817248
4,0.045099515467882156,1766707818291
4,0.004236128646880388,1766707819072
4,0.03702975809574127,1766707820149
4,0.0466974638402462,1766707821160
4,0.003615988651290536,1766707821973
4,0.05898287147283554,1766707822965
4,0.04786020144820213,1766707823949
4,0.005767817609012127,1766707824815
4,0.062046632170677185,1766707826010
4,0.054666668176651,1766707826834
4,0.022450797259807587,1766707827732
4,0.025263039395213127,1766707828918
4,0.005888235289603472,1766707829707
4,0.09761942923069,1766707830730
4,0.0016968769486993551,1766707831838
4,0.005803192965686321,1766707832707
4,0.08661835640668869,1766707833807
4,0.018925592303276062,1766707834771
4,0.0013655929360538721,1766707835630
4,0.2546085715293884,1766707836855
4,0.015823034569621086,1766707837768
4,0.023517746478319168,1766707838755
4,0.08105099946260452,1766707839941
4,0.05269431695342064,1766707840750
4,0.09067241847515106,1766707841889
4,0.0033240867778658867,1766707842816
4,0.03670045733451843,1766707843618
4,0.030350511893630028,1766707844726
4,0.013641991652548313,1766707845654
4,0.015205548144876957,1766707846509
4,0.022878063842654228,1766707847668
4,0.00033050961792469025,1766707848600
4,0.0928606167435646,1766707849569
4,0.03168793022632599,1766707850645
4,0.015048269182443619,1766707851543
4,0.0022974901366978884,1766707852639
4,0.09462174773216248,1766707853682
4,0.15557315945625305,1766707854518
4,0.002399894641712308,1766707855749
4,0.0030206467490643263,1766707856706
4,0.0013942557852715254,1766707857622
4,0.004177996423095465,1766707858734
4,0.04599535092711449,1766707859619
4,0.002411543158814311,1766707860705
4,0.007224505767226219,1766707861770
4,0.01228190679103136,1766707862674
4,0.07205662876367569,1766707863771
4,0.0019388612126931548,1766707864744
4,0.04605655372142792,1766707865746
4,0.26999786496162415,1766707866753
4,0.03680362552404404,1766707867681
4,0.009154878556728363,1766707868668
4,0.0024029812775552273,1766707869688
4,0.0033446992747485638,1766707870559
4,0.06730618327856064,1766707871686
4,0.004121589474380016,1766707872601
4,0.06095489114522934,1766707873544
4,0.009992428123950958,1766707874643
4,0.14848162233829498,1766707875371
4,0.11706295609474182,1766707876205
4,0.029610004276037216,1766707877299
4,0.010581228882074356,1766707878122
4,0.006532176863402128,1766707878993
4,0.021948134526610374,1766707880078
4,0.02022559382021427,1766707881032
4,0.013657739385962486,1766707882106
4,0.004821723327040672,1766707883082
4,0.005280646029859781,1766707883985
4,0.008505057543516159,1766707884959
4,0.005380523856729269,1766707885985
4,0.11130610853433609,1766707887004
4,0.029615841805934906,1766707887925
4,0.05103939026594162,1766707888828
4,0.033782634884119034,1766707889854
4,0.017167113721370697,1766707890867
4,0.02012873813509941,1766707891817
4,0.04211082309484482,1766707892838
4,0.02822241373360157,1766707893807
4,0.20733314752578735,1766707894778
4,0.046290043741464615,1766707895884
4,0.022171026095747948,1766707896842
4,0.04899240657687187,1766707897878
4,0.031885214149951935,1766707898851
4,0.004718774929642677,1766707899757
4,0.11181801557540894,1766707900770
4,0.0011049795430153608,1766707901646
4,0.002507632365450263,1766707902604
4,0.00909709744155407,1766707903815
4,0.05746937915682793,1766707904659
4,0.00017204291361849755,1766707905767
4,0.028825953602790833,1766707906808
4,0.0022001047618687153,1766707907775
4,0.003849522676318884,1766707908919
4,0.0026712671387940645,1766707909733
4,0.06598953902721405,1766707910706
4,0.0005693166749551892,1766707911846
4,0.0052800532430410385,1766707912713
4,0.009439414367079735,1766707913895
4,0.09519016742706299,1766707914860
4,0.07674529403448105,1766707915666
4,0.007335369475185871,1766707916834
4,0.011232933960855007,1766707917735
4,0.00846247747540474,1766707918702
4,0.008419380523264408,1766707919874
4,0.07654504477977753,1766707920767
4,0.11258204281330109,1766707921765
4,0.013402549549937248,1766707922850
4,0.017255224287509918,1766707923751
4,0.005293799564242363,1766707924779
4,0.019475653767585754,1766707925676
4,0.09755201637744904,1766707926618
4,0.021554196253418922,1766707927635
4,0.012270862236618996,1766707928568
4,0.0004967348650097847,1766707929691
4,0.023646486923098564,1766707930653
4,0.017385588958859444,1766707931417
4,0.0742347314953804,1766707932591
4,0.010892092250287533,1766707933423
4,0.006443776190280914,1766707934190
4,0.1385759711265564,1766707935375
4,0.06774792820215225,1766707936254
4,0.04130754619836807,1766707937142
4,0.023451603949069977,1766707938355
4,0.00250387960113585,1766707939156
4,0.0025841607712209225,1766707940033
4,0.0005018458468839526,1766707941126
4,0.07458839565515518,1766707941843
4,0.04189097136259079,1766707942761
4,0.11493279784917831,1766707943942
4,0.08487776666879654,1766707944729
4,0.0555751770734787,1766707945700
4,0.13485221564769745,1766707946823
4,0.011604003608226776,1766707947661
4,0.016131041571497917,1766707948715
4,0.08689267188310623,1766707949728
4,0.007341526914387941,1766707950508
4,0.024222498759627342,1766707951644
4,0.004089302383363247,1766707952551
4,0.07191254198551178,1766707953427
4,0.013145084492862225,1766707954614
4,0.015765726566314697,1766707955477
4,0.07103237509727478,1766707956465
4,0.007153163198381662,1766707957565
4,0.10534705221652985,1766707958326
4,0.0983310416340828,1766707959322
4,0.015542840585112572,1766707960328
4,0.1260470449924469,1766707961132
4,0.022490546107292175,1766707962178
4,0.06609049439430237,1766707963165
4,0.01599034108221531,1766707963936
4,0.05426078289747238,1766707965129
4,0.03357398509979248,1766707966115
4,0.0584317110478878,1766707966932
4,0.008562267757952213,1766707968140
4,0.011981263756752014,1766707969063
4,0.01728597842156887,1766707970071
4,0.02436368726193905,1766707971181
4,0.09789034724235535,1766707972046
4,0.05056876689195633,1766707973084
4,0.0683058425784111,1766707974119
4,0.23224078118801117,1766707974990
4,0.002912987256422639,1766707976127
4,0.0012804466532543302,1766707977071
4,0.00037495949072763324,1766707978068
4,0.003146437695249915,1766707979187
4,0.0016583919059485197,1766707979956
4,0.09675620496273041,1766707980975
4,0.04899181053042412,1766707982029
4,0.007163248490542173,1766707982935
4,0.002488241530954838,1766707983976
4,0.016996221616864204,1766707984981
4,0.03042970597743988,1766707985920
4,0.03823269158601761,1766707986994
4,0.004764650948345661,1766707987811
4,0.08113573491573334,1766707988766
4,0.02872760407626629,1766707989850
4,0.16142193973064423,1766707990704
4,0.13800346851348877,1766707991837
4,0.011948336847126484,1766707992839
4,0.02393987774848938,1766707993667
4,0.019384091719985008,1766707994755
4,0.1325272023677826,1766707995694
4,0.047196291387081146,1766707996552
4,0.010768375359475613,1766707997687
4,0.02196713350713253,1766707998590
4,0.0017661225283518434,1766707999632
4,0.05561015009880066,1766708000762
4,0.0221076812595129,1766708001610
4,0.0017816460458561778,1766708002735
4,0.010640492662787437,1766708003742
4,0.10415084660053253,1766708004695
4,0.03329414874315262,1766708005742
4,0.004068002570420504,1766708006626
4,0.05362747609615326,1766708007596
4,0.00193117861635983,1766708008728
4,0.0006973929121159017,1766708009645
4,0.022530512884259224,1766708010758
4,0.006631156429648399,1766708011735
4,0.006507688667625189,1766708012530
4,0.07863882929086685,1766708013595
4,0.019097767770290375,1766708014538
4,0.20049841701984406,1766708015499
4,0.01559309009462595,1766708016581
4,0.046506382524967194,1766708017448
4,0.1194048672914505,1766708018502
4,0.017443059012293816,1766708019626
4,0.003651526290923357,1766708020432
4,0.004166481550782919,1766708021419
4,0.10328700393438339,1766708022382
4,0.0021386882290244102,1766708023230
4,0.021317264065146446,1766708024390
4,0.009113902226090431,1766708025320
4,0.001845624065026641,1766708026321
4,0.06066673621535301,1766708027371
4,0.053861163556575775,1766708028338
4,0.003483363427221775,1766708029423
4,0.0282268226146698,1766708030392
4,0.003950710408389568,1766708031285
4,0.0024027004837989807,1766708032412
4,0.0004472742439247668,1766708033272
4,0.024883098900318146,1766708034177
4,0.037310656160116196,1766708035195
4,0.002070909831672907,1766708036069
4,0.033398207277059555,1766708037070
4,0.02747638337314129,1766708038102
4,0.0011237866710871458,1766708038960
4,0.07767103612422943,1766708040061
4,0.02100115641951561,1766708041009
4,0.0008751303539611399,1766708041922
4,0.026100702583789825,1766708043040
4,0.09610305726528168,1766708043982
4,0.011642378754913807,1766708044955
4,0.000730134837795049,1766708045975
4,0.003962473478168249,1766708046757
4,0.03773902356624603,1766708047905
4,0.07116593420505524,1766708048902
4,0.010209656320512295,1766708049798
4,0.0651663988828659,1766708050936
4,0.00392797589302063,1766708051914
4,0.19143681228160858,1766708052919
4,0.03237813711166382,1766708054036
4,0.035343389958143234,1766708054904
4,0.017187003046274185,1766708055923
4,0.0035392306745052338,1766708056967
4,0.005273554939776659,1766708057793
4,0.040486179292201996,1766708058899
4,0.024534808471798897,1766708059826
4,0.0015606011729687452,1766708060763
4,0.02384418621659279,1766708061968
4,0.002286143135279417,1766708062827
4,0.02595212496817112,1766708063838
4,0.04093450680375099,1766708064870
4,0.001389118144288659,1766708065751
4,0.1156790554523468,1766708066956
4,0.05331823602318764,1766708067902
4,0.02229197882115841,1766708068772
4,0.31157904863357544,1766708069894
4,0.2550221383571625,1766708070763
4,0.019763680174946785,1766708071911
4,0.07973381876945496,1766708072948
4,0.04225488007068634,1766708073821
4,0.029278703033924103,1766708074956
4,0.001414462341926992,1766708075917
4,0.0033246546518057585,1766708076887
4,0.08218315243721008,1766708077970
4,0.008197292685508728,1766708078819
4,0.0006633655866608024,1766708079830
4,0.027922965586185455,1766708080807
4,0.07702116668224335,1766708081643
4,0.0024390453472733498,1766708082708
4,0.04125343635678291,1766708083720
4,0.01856025494635105,1766708084578
4,0.0034500646870583296,1766708085705
4,0.09512180089950562,1766708086685
4,0.0009020340512506664,1766708087605
4,0.013521168380975723,1766708088770
4,0.028883835300803185,1766708089673
4,0.07731644809246063,1766708090724
4,0.003593196626752615,1766708091770
4,0.017198223620653152,1766708092726
4,0.09830008447170258,1766708093780
4,0.09242711961269379,1766708094803
4,0.029367197304964066,1766708095679
4,0.019621925428509712,1766708096703
4,0.027352573350071907,1766708097673
4,0.0007168376469053328,1766708098648
4,0.00829480029642582,1766708099570
4,0.0148871298879385,1766708100496
4,0.001611607032828033,1766708101580
4,0.0020951342303305864,1766708102590
4,0.021227164193987846,1766708103579
4,0.001124940114095807,1766708104636
4,0.3442733585834503,1766708105613
4,0.009355658665299416,1766708106626
4,0.07333621382713318,1766708107608
4,0.015711704269051552,1766708108505
4,0.011005899868905544,1766708109553
4,0.0015110683161765337,1766708110564
4,0.013709966093301773,1766708111547
4,0.003500847378745675,1766708112575
4,0.001974238781258464,1766708113551
4,0.00042365537956357,1766708114595
4,0.08494773507118225,1766708115628
4,0.008125084452331066,1766708116441
4,0.04076790809631348,1766708117613
4,0.010305258445441723,1766708118560
4,0.014136914163827896,1766708119526
4,0.050795361399650574,1766708120592
4,0.020388184115290642,1766708121575
4,0.011002736166119576,1766708122573
4,0.10495998710393906,1766708123550
4,0.13118749856948853,1766708124374
4,0.13262338936328888,1766708125476
4,0.026055850088596344,1766708126486
4,0.058473408222198486,1766708127482
4,0.011808784678578377,1766708128479
4,0.010194698348641396,1766708129378
4,0.017619751393795013,1766708130333
4,0.016534950584173203,1766708131503
4,0.07627756893634796,1766708132384
4,0.06281604617834091,1766708133472
4,0.00126436329446733,1766708134419
4,0.003650217317044735,1766708135280
4,0.03405170887708664,1766708136200
4,0.028013838455080986,1766708137096
4,0.0034057910088449717,1766708138107
4,0.07438360154628754,1766708139246
4,0.06236981600522995,1766708140094
4,0.05586063861846924,1766708141074
4,0.058724477887153625,1766708142035
4,0.10286583006381989,1766708142906
4,0.055709827691316605,1766708144068
4,0.006025171838700771,1766708144934
4,0.059016499668359756,1766708145888
4,0.002418102463707328,1766708147023
4,0.0023385658860206604,1766708147886
4,0.00090735440608114,1766708148973
4,0.009171128273010254,1766708150021
4,0.0012874752283096313,1766708150889
4,0.047895342111587524,1766708152102
4,0.10891930013895035,1766708152986
4,0.09793292731046677,1766708153860
4,0.003880114061757922,1766708154962
4,0.05004699155688286,1766708155870
4,0.02326090633869171,1766708156921
4,0.008178956806659698,1766708158000
4,0.08459609746932983,1766708158892
4,0.06703588366508484,1766708160039
4,0.0014487585285678506,1766708161024
4,0.01719694584608078,1766708161915
4,0.07702890038490295,1766708162970
4,0.13898292183876038,1766708163839
4,0.018835144117474556,1766708164639
4,0.001907080179080367,1766708165767
4,0.0036007226444780827,1766708166614
4,0.009571092203259468,1766708167623
4,0.01130340714007616,1766708168693
4,0.005096606444567442,1766708169523
4,0.10580988228321075,1766708170571
4,0.04982699081301689,1766708171615
4,0.009873291477560997,1766708172581
4,0.012985763140022755,1766708173739
4,0.002516802167519927,1766708174620
4,0.01796785369515419,1766708175537
4,0.0031387112103402615,1766708176653
4,0.039259087294340134,1766708177529
4,0.09174676239490509,1766708178552
4,0.0015115159330889583,1766708179657
4,0.007413832005113363,1766708180679
4,0.014543416909873486,1766708181710
4,0.020245935767889023,1766708182659
4,0.05621452257037163,1766708183687
4,0.015665780752897263,1766708184725
4,0.04154208302497864,1766708185722
4,0.027508500963449478,1766708186692
4,0.0374411977827549,1766708187728
4,0.01685967855155468,1766708188630
4,0.05656803399324417,1766708189591
4,0.05443889647722244,1766708190594
4,0.24388237297534943,1766708191646
4,0.004204817581921816,1766708192666
4,0.06316705048084259,1766708193659
4,0.00476831803098321,1766708194593
4,0.01694822870194912,1766708195614
4,0.30654168128967285,1766708196656
4,0.009846879169344902,1766708197619
4,0.008094767108559608,1766708198594
4,0.05384427681565285,1766708199516
4,0.00666141277179122,1766708200468
4,0.04485122859477997,1766708201530
4,0.011557595804333687,1766708202511
4,0.11921931058168411,1766708203481
4,0.11765500158071518,1766708204495
4,0.5211225748062134,1766708205440
4,0.14719556272029877,1766708206506
4,0.04110245034098625,1766708207544
4,0.002939327619969845,1766708208523
4,0.01718452014029026,1766708209562
4,0.010204597376286983,1766708210559
4,0.01342693530023098,1766708211650
4,0.035692837089300156,1766708212720
4,0.06017967686057091,1766708213523
4,0.08888589590787888,1766708214520
4,0.10899128019809723,1766708215546
4,0.019892187789082527,1766708216502
4,0.0701623484492302,1766708217559
4,0.014139687642455101,1766708218544
4,0.09570903331041336,1766708219480
4,0.012398541904985905,1766708220532
4,0.05080308020114899,1766708221449
4,0.09626071900129318,1766708222452
4,0.003381725400686264,1766708223516
4,0.027479980140924454,1766708224356
4,0.0574365071952343,1766708225473
4,0.14888402819633484,1766708226445
4,0.00331857125274837,1766708227357
4,0.03512171655893326,1766708228447
4,0.00194803555496037,1766708229337
4,0.00743530597537756,1766708230380
4,0.0015651637222617865,1766708231417
4,0.00611400231719017,1766708232275
4,0.08051367849111557,1766708233294
4,0.043751221150159836,1766708234325
4,0.05709206685423851,1766708235237
4,0.01941433735191822,1766708236306
4,0.019143415614962578,1766708237287
4,0.012643092311918736,1766708238348
4,0.00835506897419691,1766708239315
4,0.04864902049303055,1766708240159
4,0.007005729246884584,1766708241165
4,0.009874116629362106,1766708242211
4,0.017418410629034042,1766708243164
4,0.08910316228866577,1766708244315
4,0.003800386330112815,1766708245236
4,0.17230500280857086,1766708246178
4,0.1214648187160492,1766708247349
4,0.03144301846623421,1766708248180
4,0.005596359260380268,1766708249268
4,0.006361293140798807,1766708250375
4,0.00020749206305481493,1766708251267
4,0.010221538133919239,1766708252345
4,0.0029732268303632736,1766708253320
4,0.014108177274465561,1766708254222
4,0.017072811722755432,1766708255303
4,0.12487069517374039,1766708256151
4,0.08608696609735489,1766708257240
4,0.012375110760331154,1766708258329
4,0.05514876917004585,1766708259167
4,0.014122962020337582,1766708260318
4,0.007737977430224419,1766708261247
4,0.03560353070497513,1766708262174
4,0.0013339404249563813,1766708263380
4,0.03734271228313446,1766708264241
4,0.0034037649165838957,1766708265284
4,0.1932818740606308,1766708266432
4,0.005845188163220882,1766708267227
4,0.07709072530269623,1766708268456
4,0.002689511049538851,1766708269419
4,0.023449202999472618,1766708270198
4,0.09487849473953247,1766708271261
4,0.006154265254735947,1766708272222
4,0.02301006205379963,1766708273186
4,0.13779309391975403,1766708274376
4,0.012272365391254425,1766708275199
4,0.0034478935413062572,1766708276087
4,0.010895502753555775,1766708277124
4,0.017865778878331184,1766708277975
4,0.09708744287490845,1766708279159
4,0.03948603570461273,1766708280120
4,0.010208234190940857,1766708280977
4,0.04937513917684555,1766708282166
4,0.01573084108531475,1766708283082
4,0.045832306146621704,1766708283937
4,0.003231649985536933,1766708284917
4,0.1264467090368271,1766708285734
4,0.2091902792453766,1766708286692
4,0.004722086247056723,1766708287823
4,0.025443129241466522,1766708288660
4,0.18713343143463135,1766708289703
4,0.00719666900113225,1766708290764
4,0.010388113558292389,1766708291482
4,0.0007634259527549148,1766708292483
4,0.0017053878400474787,1766708293614
4,0.07559224963188171,1766708294451
4,0.006328905001282692,1766708295629
4,0.015665709972381592,1766708296598
4,0.05913132056593895,1766708297437
4,0.006335817743092775,1766708298484
4,0.028981707990169525,1766708299236
4,0.0033321217633783817,1766708300049
4,0.0069012208841741085,1766708301157
4,0.07100123167037964,1766708301994
4,0.06836654245853424,1766708302897
4,0.01406175922602415,1766708304110
4,0.0182851180434227,1766708304943
4,0.08077441900968552,1766708305878
4,0.009765798225998878,1766708306965
4,0.18881630897521973,1766708307807
4,0.0055698505602777,1766708308851
4,0.26923877000808716,1766708309955
4,0.03228519856929779,1766708310728
4,0.07350268214941025,1766708311857
4,0.05445116385817528,1766708312741
4,0.10588573664426804,1766708313442
4,0.01444906834512949,1766708314480
4,0.18862459063529968,1766708315557
4,0.05978613346815109,1766708316414
4,0.151813805103302,1766708317587
4,0.08198733627796173,1766708318510
4,0.02735619619488716,1766708319343
4,0.0017069913446903229,1766708320566
4,0.026857543736696243,1766708321434
4,0.04494301974773407,1766708322411
4,0.07481977343559265,1766708323589
4,0.010398431681096554,1766708324327
4,0.007441591005772352,1766708325287
4,0.02088513970375061,1766708326309
4,0.0291079580783844,1766708327148
4,0.11831732839345932,1766708328356
4,0.10668099671602249,1766708329371
4,0.01961890049278736,1766708330153
4,0.009166449308395386,1766708331387
4,0.009740837849676609,1766708332311
4,0.1513744592666626,1766708333184
4,0.0004512679879553616,1766708334378
4,0.09006473422050476,1766708335195
4,0.02587643451988697,1766708336136
4,0.02894473262131214,1766708337346
4,0.0013398757437244058,1766708338194
4,0.07260382175445557,1766708339211
4,0.03056667000055313,1766708340307
4,0.0026341944467276335,1766708341121
4,0.019582170993089676,1766708342306
4,0.09647428244352341,1766708343253
4,0.15152139961719513,1766708344048
4,0.002338233171030879,1766708345193
4,0.022867772728204727,1766708346073
4,0.32355833053588867,1766708346963
4,0.009338783100247383,1766708348206
4,0.0037754785735160112,1766708348930
4,0.0059399777092039585,1766708349774
4,0.010461290366947651,1766708350899
4,0.008176031522452831,1766708351662
4,0.003213494084775448,1766708352537
4,0.0049348995089530945,1766708353846
4,0.008201240561902523,1766708354607
4,0.014574844390153885,1766708355512
4,0.0031347088515758514,1766708356568
4,0.027017734944820404,1766708357300
4,0.013377595692873001,1766708358298
4,0.12522833049297333,1766708359351
4,0.04844370484352112,1766708360173
4,0.03291613608598709,1766708361276
4,0.03293943777680397,1766708362342
4,0.0027282084338366985,1766708363154
4,0.021214300766587257,1766708364207
4,0.009292099624872208,1766708365139
4,0.07913748919963837,1766708365977
4,0.018648412078619003,1766708367190
4,0.01596631482243538,1766708368124
4,0.06014649197459221,1766708369007
4,0.011638966389000416,1766708370088
4,0.00740444241091609,1766708370977
4,0.09051717072725296,1766708371924
4,0.047481853514909744,1766708373122
4,0.0012884704628959298,1766708373939
4,0.09616273641586304,1766708374945
4,0.04561709612607956,1766708376126
4,0.04217131808400154,1766708376864
4,0.003921912517398596,1766708377993
4,0.07979017496109009,1766708378976
4,0.036872804164886475,1766708379815
4,0.10386969149112701,1766708380986
4,0.020454801619052887,1766708381938
4,0.03456494212150574,1766708382760
4,0.05184478312730789,1766708383934
4,0.09128324687480927,1766708384774
4,0.0038461238145828247,1766708385502
4,0.005719657987356186,1766708386676
4,0.04528418183326721,1766708387590
4,0.015070348978042603,1766708388521
4,0.0030170208774507046,1766708389731
4,0.003626381978392601,1766708390531
4,0.09123121201992035,1766708391520
4,0.0996573194861412,1766708392674
4,0.004378536716103554,1766708393495
4,0.004750637803226709,1766708394558
4,0.10025250911712646,1766708395516
4,0.021951042115688324,1766708396351
4,0.006612903438508511,1766708397542
4,0.025791745632886887,1766708398487
4,0.035554662346839905,1766708399347
4,0.02729601226747036,1766708400454
4,0.00456992257386446,1766708401297
4,0.022300267592072487,1766708402136
4,0.005911723710596561,1766708403394
4,0.0014317703898996115,1766708404198
4,0.0014689448289573193,1766708405147
4,0.02363223023712635,1766708406273
4,0.026582440361380577,1766708407095
4,0.0005714520812034607,1766708408253
4,0.006271731108427048,1766708409262
4,0.020549193024635315,1766708410076
4,0.062111154198646545,1766708411196
4,0.09830326586961746,1766708411955
4,0.08016598969697952,1766708412782
4,0.0024179373867809772,1766708413823
4,0.00043487860239110887,1766708414682
4,0.1916496455669403,1766708415477
4,0.11122480034828186,1766708416575
4,0.005526524968445301,1766708417447
4,0.007495819590985775,1766708418302
4,0.0041051642037928104,1766708419455
4,0.011081608943641186,1766708420299
4,0.026732783764600754,1766708421179
4,0.004121069796383381,1766708422388
4,0.010786520317196846,1766708423256
4,0.07899405062198639,1766708424278
4,0.1702573299407959,1766708425444
4,0.12618659436702728,1766708426214
4,0.05754132568836212,1766708427420
4,0.07996341586112976,1766708428434
4,0.01755104959011078,1766708429265
4,0.03396162763237953,1766708430429
4,0.0011777497129514813,1766708431277
4,0.005376022774726152,1766708432180
4,0.0041165598668158054,1766708433354
4,0.008107826113700867,1766708434186
4,0.018405402079224586,1766708435145
4,0.0019716345705091953,1766708436334
4,0.08195406943559647,1766708437188
4,0.01627732254564762,1766708438284
4,0.00042531624785624444,1766708439279
4,0.00552753359079361,1766708440126
4,0.01252786722034216,1766708441339
4,0.012598536908626556,1766708442279
4,0.009720598347485065,1766708443115
4,0.008389047347009182,1766708444299
4,0.0012239384232088923,1766708445151
4,0.0008763921214267612,1766708446065
4,0.012885461561381817,1766708447266
4,0.00998095702379942,1766708448155
4,0.006914862431585789,1766708449110
4,0.05449710786342621,1766708450278
4,0.0022018165327608585,1766708451118
4,0.0031319623813033104,1766708452254
4,0.025222111493349075,1766708453231
4,0.011900695040822029,1766708454116
4,0.049943871796131134,1766708455212
4,0.0516958087682724,1766708456102
4,0.002741960110142827,1766708456928
4,0.0051900241523981094,1766708458156
4,0.032595109194517136,1766708458965
4,0.025660822167992592,1766708459906
4,0.0037984310183674097,1766708461066
4,0.04262569546699524,1766708461812
4,0.09391191601753235,1766708462819
4,0.004199650138616562,1766708463947
4,0.004786396399140358,1766708464806
4,0.004919413477182388,1766708466025
