gpu_usage,Context.TRAINING,LoggingItemKind.SYSTEM_METRIC
0,0,1766520362719
0,0,1766520363544
0,0,1766520364521
0,0,1766520365184
0,0,1766520366257
0,0.03,1766520367049
0,0.03,1766520368060
0,0,1766520368923
0,0,1766520369714
0,0,1766520370749
0,0,1766520371530
0,0,1766520372567
0,0,1766520373328
0,0,1766520374321
0,3,1766520375183
0,0,1766520376136
0,0,1766520377065
0,0,1766520377864
0,0,1766520378890
0,0.03,1766520379636
0,0,1766520380697
0,0,1766520381455
0,0,1766520382458
0,0,1766520383338
0,0,1766520384229
0,0,1766520385181
0,0,1766520385908
0,0,1766520386925
0,0.02,1766520387635
0,0.02,1766520388562
0,0,1766520389381
0,0.02,1766520390240
0,0,1766520391239
0,0,1766520391997
0,0,1766520392994
0,0,1766520393730
0,0,1766520394804
0,0.02,1766520395634
0,0.02,1766520396534
0,0.02,1766520397447
0,0,1766520398261
0,0,1766520399346
0,0,1766520400147
0,2,1766520401176
0,0,1766520401946
0,2,1766520402892
0,0.02,1766520403671
0,0,1766520404520
0,0.02,1766520405429
0,0,1766520406170
0,0,1766520407197
0,0,1766520407952
0,0,1766520408929
0,0,1766520409761
0,0,1766520410533
0,0,1766520411555
0,0,1766520412418
0,0,1766520413442
0,0.02,1766520414168
0,0,1766520415197
0,0,1766520415962
0,0,1766520416939
0,2,1766520417813
0,0.02,1766520418680
0,0,1766520419606
0,0.01,1766520420409
0,0,1766520421491
0,0,1766520422248
0,0,1766520423336
0,0,1766520424088
0,0,1766520425132
0,2,1766520425968
0,0.02,1766520426923
0,0.01,1766520427855
0,0.02,1766520428639
0,0,1766520429667
0,0,1766520430407
0,0,1766520431424
0,0,1766520432235
0,0,1766520433140
0,0,1766520434056
0,2,1766520434868
0,0.02,1766520435944
0,0.02,1766520436649
0,0,1766520437678
0,0,1766520438496
0,0,1766520439429
0,0,1766520440349
0,0.02,1766520441179
0,0.02,1766520442154
0,0,1766520442893
0,0,1766520443936
0,0,1766520444667
0,0,1766520445600
0,0,1766520446463
0,0,1766520447309
0,0.02,1766520448243
0,0,1766520449054
0,0,1766520450113
0,0.02,1766520450861
0,0,1766520451873
0,0,1766520452650
0,0,1766520453633
0,0,1766520454497
0,2,1766520455402
0,0,1766520456357
0,0.02,1766520457165
0,0.02,1766520458190
0,0,1766520458967
0,0,1766520459945
0,0,1766520460752
0,0,1766520461843
0,2,1766520462649
0,2,1766520463508
0,0,1766520464415
0,0.02,1766520465216
0,0,1766520466257
0,0,1766520466980
0,0,1766520467982
0,0,1766520468747
0,0,1766520469585
0,0,1766520470454
0,2,1766520471222
0,0.02,1766520472278
0,0,1766520473014
0,0,1766520474095
0,0,1766520474849
0,0,1766520475855
0,0,1766520476751
0,0,1766520477626
0,0,1766520478557
0,0,1766520479346
0,0,1766520480408
0,0,1766520481136
0,0,1766520482162
0,0,1766520482901
0,2,1766520483920
0,0,1766520484731
0,0.02,1766520485568
0,0.02,1766520486534
0,0.02,1766520487241
0,0,1766520488313
0,0,1766520489015
0,0,1766520489921
0,0,1766520490846
0,0,1766520491629
0,0,1766520492729
0,0.02,1766520493507
0,0,1766520494608
0,0,1766520495357
0,0,1766520496391
0,0,1766520497239
0,0,1766520498163
0,0,1766520499070
0,2,1766520499818
0,2,1766520500859
0,0.02,1766520501622
0,0,1766520502665
0,0,1766520503441
0,0,1766520504398
0,0,1766520505296
0,0,1766520506140
0,0,1766520507125
0,0,1766520507949
0,0,1766520509038
0,0,1766520509792
0,0,1766520510876
0,0,1766520511637
0,0,1766520512524
0,3,1766520513457
0,0,1766520514198
0,0,1766520515306
0,0.03,1766520516001
0,0,1766520517028
0,0,1766520517840
0,0,1766520518763
0,0,1766520519689
0,0,1766520520440
0,3,1766520521433
0,0.03,1766520522126
0,0,1766520523163
0,0,1766520523946
0,0,1766520524876
0,0,1766520525742
0,0,1766520526552
0,0,1766520527579
0,0,1766520528384
0,0,1766520529404
0,0,1766520530170
0,0,1766520531213
0,0,1766520531995
0,0,1766520532774
0,0,1766520533734
0,0,1766520534456
0,0,1766520535444
0,0,1766520536192
0,0,1766520537249
0,0.03,1766520538035
0,0,1766520538904
0,0,1766520539828
0,0,1766520540614
0,0,1766520541686
0,0,1766520542419
0,0,1766520543431
0,0,1766520544187
0,0,1766520545201
0,0.03,1766520546066
0,0,1766520546922
0,0,1766520547858
0,0,1766520548628
0,0,1766520549682
0,0,1766520550470
0,0,1766520551454
0,3,1766520552231
0,0.01,1766520553169
0,0,1766520554103
0,0.03,1766520554838
0,0,1766520555914
0,0,1766520556657
0,0,1766520557691
0,0,1766520558483
0,0,1766520559412
0,0,1766520560293
0,0,1766520561100
0,0,1766520562118
0,0,1766520562856
0,0,1766520563824
0,0,1766520564616
0,0,1766520565521
0,0,1766520566397
0,0,1766520567163
0,0.03,1766520568205
0,0,1766520568927
0,0,1766520570028
0,0,1766520570753
0,0,1766520571688
0,0,1766520572538
0,0.02,1766520573314
0,0.03,1766520574330
0,0.03,1766520575094
0,0,1766520576121
0,0,1766520576914
0,0,1766520577978
0,0,1766520578775
0,0,1766520579674
0,0,1766520580584
0,0.03,1766520581375
0,0.03,1766520582433
0,0,1766520583168
0,0,1766520584194
0,0,1766520584944
0,0,1766520585961
0,0,1766520586776
0,0,1766520587631
0,0,1766520588559
0,0.01,1766520589415
0,0,1766520590480
0,0,1766520591258
0,0,1766520592322
0,0,1766520593078
0,2,1766520594092
0,0,1766520594944
0,3,1766520595745
0,0,1766520596707
0,0,1766520597436
0,0,1766520598383
0,0,1766520599158
0,0,1766520600215
0,0,1766520601046
0,0,1766520601943
0,3,1766520602894
0,0.02,1766520603616
0,0.03,1766520604643
0,0,1766520605370
0,0,1766520606452
0,0,1766520607197
0,0,1766520608010
0,0,1766520608960
0,0,1766520609723
0,0,1766520610749
0,3,1766520611472
0,0.03,1766520612447
0,0,1766520613250
0,0,1766520614067
0,0,1766520615045
0,0,1766520615838
0,0,1766520616866
0,0,1766520617651
0,0,1766520618670
0,0,1766520619432
0,0.02,1766520620285
0,0.02,1766520621164
0,0,1766520621909
0,0,1766520622925
0,0,1766520623724
0,0,1766520624748
0,0,1766520625504
0,0,1766520626302
0,0,1766520627263
0,0,1766520628064
0,0.03,1766520629020
0,0,1766520629787
0,0,1766520630799
0,0,1766520631608
0,0,1766520632533
0,3,1766520633467
0,0,1766520634224
0,0.03,1766520635252
0,0,1766520635995
0,0,1766520637045
0,0,1766520637805
0,0,1766520638756
0,0,1766520639597
0,0,1766520640414
0,0,1766520641382
0,0,1766520642124
0,0,1766520643116
0,0.03,1766520643858
0,0,1766520644846
0,0,1766520645691
0,0,1766520646525
0,0,1766520647545
0,0,1766520648315
0,0,1766520649398
0,0.02,1766520650123
0,0,1766520651217
0,0,1766520652014
0,0,1766520652938
0,0,1766520653838
0,0,1766520654654
0,2,1766520655682
0,0,1766520656504
0,0.02,1766520657487
0,0.02,1766520658235
0,0,1766520659264
0,0,1766520660106
0,0,1766520660968
0,0,1766520661947
0,0,1766520662646
0,0,1766520663750
0,2,1766520664481
0,0.02,1766520665510
0,0,1766520666359
0,0,1766520667283
0,0,1766520668225
0,0,1766520669068
0,0,1766520669996
0,0,1766520670779
0,0,1766520671851
0,0,1766520672624
0,0,1766520673637
0,0,1766520674475
0,0.02,1766520675353
0,0.02,1766520676282
0,0,1766520677058
0,0,1766520678109
0,0,1766520678860
0,0,1766520679897
0,0,1766520680668
0,2,1766520681588
0,0,1766520682465
0,0.02,1766520683224
0,0,1766520684266
0,0,1766520685020
0,0,1766520686088
0,0,1766520686878
0,0,1766520687956
0,0,1766520688744
0,0,1766520689637
0,0.02,1766520690631
0,0,1766520691427
0,0,1766520692465
0,0,1766520693236
0,0,1766520694214
0,0,1766520694960
0,0,1766520695978
0,0,1766520696776
0,0,1766520697506
0,0,1766520698492
0,0,1766520699271
0,2,1766520700331
0,0,1766520701080
0,0,1766520702085
0,0.02,1766520702940
0,0,1766520703797
0,0,1766520704711
0,0,1766520705431
0,0,1766520706447
0,0,1766520707186
0,0,1766520708227
0,0,1766520708983
0,0,1766520709737
0,0,1766520710691
0,0.02,1766520711458
0,0,1766520712487
0,0,1766520713274
0,0,1766520714280
0,0,1766520715060
0,0,1766520715944
0,0,1766520716884
0,0,1766520717680
0,0.02,1766520718768
0,0,1766520719495
0,0.02,1766520720485
0,0.02,1766520721227
0,0,1766520722152
0,0,1766520723082
0,0,1766520723849
0,0,1766520724893
0,0,1766520725680
0,0,1766520726736
0,0,1766520727473
0,0,1766520728386
0,0.02,1766520729247
0,0,1766520730123
0,0,1766520731146
0,0,1766520731936
0,0,1766520732964
0,0,1766520733686
0,0,1766520734748
0,2,1766520735529
0,2,1766520736471
0,0,1766520737941
0,0.11,1766520738953
0,0.02,1766520739736
0,0,1766520740713
0,0,1766520741511
0,0,1766520742403
0,0,1766520743389
0,2,1766520744148
0,0,1766520745202
0,2,1766520745941
0,0,1766520747012
0,0,1766520747779
0,0,1766520748668
0,0,1766520749618
0,0,1766520750369
0,0,1766520751419
0,2,1766520752177
0,0.02,1766520753155
0,0.02,1766520753911
0,0,1766520754982
0,0,1766520755769
0,0,1766520756558
0,0,1766520757559
0,0,1766520758335
0,0,1766520759292
0,0.02,1766520760020
0,0,1766520761005
0,0,1766520761795
0,0.02,1766520762596
0,0,1766520763594
0,0,1766520764389
0,0,1766520765408
0,0,1766520766141
0,0,1766520767111
0,2,1766520767976
0,0,1766520768829
0,0,1766520769761
0,0,1766520770551
0,0,1766520771601
0,0,1766520772321
0,3,1766520773324
0,0,1766520774078
0,0,1766520774954
0,0,1766520775835
0,0,1766520776692
0,0,1766520777660
0,0,1766520778386
0,0,1766520779412
0,0,1766520780205
0,1,1766520781132
0,0.03,1766520782011
0,0,1766520782832
0,0,1766520783832
0,0,1766520784617
0,0,1766520785687
0,0,1766520786460
0,0,1766520787477
0,0,1766520788294
0,3,1766520789218
0,0,1766520790156
0,0,1766520790927
0,0,1766520792032
0,0,1766520792811
0,0,1766520793858
0,0,1766520794646
0,0,1766520795651
0,0,1766520796494
0,0,1766520797329
0,0,1766520798310
0,0,1766520799102
0,0,1766520800154
0,0,1766520800865
0,0,1766520801874
0,0,1766520802669
0,0,1766520803519
0,0,1766520804483
0,0.03,1766520805312
0,0,1766520806398
0,0.03,1766520807127
0,0,1766520808148
0,0,1766520808940
0,0,1766520809937
0,0,1766520810769
0,3,1766520811618
0,3,1766520812604
0,0.03,1766520813409
0,0,1766520814432
0,0.03,1766520815171
0,0,1766520816187
0,0,1766520816961
0,0,1766520817886
0,0,1766520818767
0,0,1766520819586
0,0,1766520820629
0,0,1766520821337
0,0,1766520822398
0,0.03,1766520823167
0,0,1766520824193
0,0,1766520825010
0,0,1766520825838
0,0,1766520826852
0,0,1766520827608
0,0,1766520828634
0,3,1766520829381
0,3,1766520830346
0,3,1766520831169
0,0.03,1766520832073
0,0,1766520833063
0,0,1766520833872
0,0,1766520834810
0,0,1766520835591
0,0,1766520836626
0,0,1766520837384
0,3,1766520838378
0,0.03,1766520839260
0,0,1766520840208
0,0,1766520841149
0,0,1766520841900
0,0,1766520842880
0,0,1766520843608
0,0,1766520844670
0,0,1766520845450
0,0,1766520846332
0,0,1766520847286
0,0.03,1766520848049
0,0.03,1766520849099
0,0,1766520849827
0,0,1766520850836
0,0,1766520851704
0,0,1766520852658
0,0,1766520853541
0,0,1766520854309
0,0,1766520855317
0,0.03,1766520856047
0,0,1766520857088
0,0,1766520857877
0,0,1766520858852
0,0,1766520859718
0,0,1766520860533
0,0,1766520861505
0,0,1766520862303
0,0,1766520863341
0,0,1766520864065
0,0.03,1766520865073
0,0.03,1766520865872
0,0,1766520866852
0,0,1766520867801
0,0,1766520868642
0,0,1766520869625
0,0,1766520870437
0,0,1766520871345
0,0,1766520872075
0,0,1766520873049
0,0,1766520873861
0,3,1766520874648
0,0,1766520875657
0,0.03,1766520876438
0,0,1766520877476
0,0,1766520878216
0,0,1766520879255
0,0,1766520880071
0,0,1766520880995
0,0.03,1766520881867
0,0,1766520882723
0,0.02,1766520883646
0,0,1766520884354
0,0,1766520885324
0,0,1766520886102
0,0,1766520886983
0,0,1766520887924
0,0.03,1766520888721
0,0.03,1766520889804
0,0,1766520890533
0,0,1766520891602
0,0,1766520892322
0,0,1766520893311
0,0,1766520894161
0,3,1766520895022
0,0,1766520895945
0,3,1766520896636
0,3,1766520897636
0,0,1766520898389
0,0,1766520899283
0,0,1766520900121
0,0,1766520900867
0,0,1766520901941
0,0,1766520902673
0,0,1766520903698
0,0,1766520904433
0,0,1766520905422
0,0.03,1766520906344
0,0,1766520907241
0,0,1766520908248
0,0,1766520909009
0,0,1766520910002
0,0,1766520910744
0,0,1766520911702
0,0,1766520912505
0,0.03,1766520913420
0,0.03,1766520914398
0,0,1766520915159
0,0,1766520916203
0,0,1766520916935
0,0,1766520917995
0,0,1766520918756
0,0.02,1766520919768
0,0,1766520920598
0,0,1766520921456
0,0,1766520922401
0,0,1766520923187
0,0,1766520924249
0,0,1766520925016
0,0,1766520926059
0,2,1766520926854
0,0.02,1766520927819
0,0,1766520928690
0,0,1766520929459
0,0,1766520930510
0,0,1766520931195
0,0,1766520932176
0,0,1766520932956
0,0.02,1766520933926
0,0,1766520934817
0,0.02,1766520935548
0,0,1766520936548
0,0.02,1766520937262
0,0,1766520938309
0,0.02,1766520939046
0,0,1766520939972
0,0,1766520940871
0,0,1766520941686
0,0,1766520942659
0,0,1766520943357
0,0,1766520944416
0,0,1766520945140
0,0,1766520946096
0,2,1766520947014
0,0.02,1766520947801
0,0.02,1766520948816
0,0,1766520949485
0,0,1766520950528
0,0,1766520951295
0,0,1766520952308
0,0,1766520953122
0,1,1766520953908
0,0,1766520954941
0,0,1766520955758
0,0,1766520956762
0,0,1766520957546
0,0,1766520958519
0,0,1766520959365
0,0,1766520960272
0,0.02,1766520961206
0,0,1766520962001
0,0,1766520963064
0,0,1766520963825
0,0,1766520964837
0,0,1766520965645
0,0,1766520966773
0,0,1766520967532
0,0,1766520968443
0,0.02,1766520969377
0,0,1766520970150
0,0,1766520971164
0,0,1766520971914
0,0,1766520972937
0,0,1766520973704
0,0.02,1766520974608
0,0.02,1766520975552
0,0,1766520976325
0,0,1766520977378
0,0,1766520978164
0,0,1766520979157
0,0,1766520979884
0,0,1766520980856
0,0,1766520981696
0,0,1766520982467
0,0,1766520983473
0,2,1766520984236
0,2,1766520985292
0,2,1766520986046
0,0,1766520987072
0,0.02,1766520987886
0,0,1766520988757
0,0,1766520989740
0,0,1766520990514
0,0,1766520991609
0,0.02,1766520992412
0,0,1766520993413
0,0,1766520994195
0,0,1766520995247
0,0,1766520996027
0,0,1766520996916
0,0,1766520997911
0,0,1766520998705
0,0.02,1766520999762
0,0,1766521000521
0,0,1766521001552
0,0,1766521002329
0,0,1766521003315
0,0,1766521004090
0,0,1766521004947
0,0,1766521005936
0,2,1766521006686
0,0.02,1766521007776
0,0,1766521008482
0,0,1766521009517
0,0,1766521010304
0,0,1766521011245
0,0,1766521012181
0,0,1766521013095
0,2,1766521014081
0,0,1766521014890
0,0.02,1766521015905
0,0.02,1766521016584
0,0,1766521017670
0,0,1766521018459
0,0,1766521019410
0,0,1766521020290
0,0,1766521021168
0,0.02,1766521022123
0,0.02,1766521022914
0,0,1766521023905
0,0,1766521024659
0,0,1766521025653
0,0,1766521026506
0,0,1766521027442
0,0,1766521028300
0,0,1766521029083
0,2,1766521030052
0,0.02,1766521030865
0,0,1766521031813
0,0,1766521032528
0,0,1766521033494
0,0,1766521034364
0,0,1766521035156
0,0,1766521036157
0,0,1766521036885
0,0,1766521037948
0,0,1766521038667
0,0,1766521039698
0,0.03,1766521040472
0,0,1766521041433
0,0,1766521042325
0,0,1766521043101
0,0,1766521044142
0,3,1766521044943
0,0.03,1766521045990
0,0,1766521046713
0,0.03,1766521047752
0,0,1766521048551
0,0,1766521049432
0,0,1766521050319
0,0,1766521051092
0,0,1766521052134
0,0,1766521052887
0,0,1766521053917
0,3,1766521054653
0,0.03,1766521055651
0,3,1766521056509
0,0,1766521057289
0,0.03,1766521058302
0,0,1766521059013
0,0,1766521060096
0,0,1766521060873
0,0,1766521061860
0,0,1766521062686
0,3,1766521063550
0,3,1766521064514
0,0.02,1766521065264
0,0,1766521066328
0,0,1766521067093
0,0,1766521068168
0,0,1766521068936
0,3,1766521069910
0,0.03,1766521070733
0,0,1766521071563
0,0,1766521072596
0,0,1766521073395
0,0,1766521074451
0,0,1766521075177
0,0,1766521076170
0,0,1766521076995
0,0.03,1766521077927
0,0.03,1766521078863
0,0,1766521079648
0,0,1766521080610
0,0,1766521081427
0,0,1766521082440
0,0,1766521083146
0,0,1766521084141
0,0,1766521084925
0,0,1766521085835
0,0,1766521086828
0,0,1766521087602
0,0,1766521088718
0,0,1766521089427
0,0,1766521090483
0,0,1766521091316
0,0,1766521092343
0,0,1766521093201
0,0,1766521094035
0,0,1766521095032
0,0,1766521095885
0,0,1766521096891
0,0,1766521097682
0,0,1766521098712
0,0,1766521099481
0,0,1766521100435
0,0,1766521101288
0,0.03,1766521102219
0,3,1766521103090
0,0.03,1766521103822
0,0,1766521104932
0,0,1766521105626
0,0,1766521106673
0,0,1766521107469
0,0,1766521108357
0,0,1766521109292
0,0,1766521110064
0,0,1766521111081
0,0,1766521111823
0,0,1766521112867
0,0,1766521113731
0,0,1766521114707
0,0,1766521115648
0,0,1766521116496
0,0,1766521117502
0,0,1766521118296
0,0,1766521119229
0,0,1766521119992
0,0.03,1766521121046
0,0.03,1766521121802
0,0,1766521122768
0,0,1766521123659
0,0,1766521124534
0,0,1766521125484
0,0,1766521126224
0,0.03,1766521127192
0,3,1766521127941
0,0,1766521128933
0,0,1766521129821
0,0,1766521130630
0,0,1766521131598
0,0,1766521132398
0,0,1766521133433
0,0.01,1766521134202
0,0,1766521135265
0,0,1766521135979
0,0,1766521136972
0,0,1766521137805
0,0,1766521138641
0,0,1766521139657
0,0,1766521140447
0,0,1766521141451
0,0.03,1766521142193
0,0.03,1766521143139
0,0,1766521143993
0,0,1766521144906
0,0,1766521145862
0,0,1766521146702
0,0,1766521147692
0,0,1766521148430
0,0,1766521149455
0,0,1766521150233
0,0.03,1766521151223
0,0,1766521152099
0,0,1766521153004
0,0.02,1766521153918
0,0,1766521154743
0,0,1766521155777
0,0,1766521156554
0,0,1766521157551
0,0,1766521158330
0,0.03,1766521159326
0,0,1766521160213
0,0,1766521161002
0,0,1766521162075
0,0,1766521162872
0,0,1766521163894
0,0,1766521164646
0,0,1766521165660
0,0,1766521166509
0,0.03,1766521167406
0,0,1766521168382
0,0.03,1766521169211
0,0,1766521170282
0,0,1766521171042
0,0,1766521172085
0,0,1766521172851
0,3,1766521173928
0,0.03,1766521174777
0,0.01,1766521175774
0,0,1766521176605
0,0.03,1766521177393
0,0,1766521178418
0,0,1766521179194
0,0,1766521180244
0,0,1766521180995
0,0,1766521182059
0,0.01,1766521182852
0,0,1766521183851
0,0.02,1766521184689
0,0,1766521185552
0,0,1766521186570
0,0,1766521187283
0,0,1766521188309
0,0,1766521189032
0,0,1766521189936
0,0,1766521190864
0,0,1766521191667
0,0,1766521192674
0,0,1766521193425
0,0,1766521194428
0,0.02,1766521195162
0,0,1766521196165
1,0,1766521196965
1,0,1766521197921
1,0,1766521198849
1,0,1766521199603
1,0,1766521200669
1,0,1766521201388
1,0.02,1766521202381
1,0.02,1766521203166
1,0,1766521204082
1,0,1766521204985
1,0,1766521205818
1,0,1766521206872
1,0,1766521207608
1,0,1766521208643
1,0.02,1766521209398
1,0,1766521210426
1,0,1766521211274
1,0,1766521212158
1,0,1766521213094
1,0,1766521213941
1,0,1766521214947
1,0,1766521215606
1,0,1766521216637
1,2,1766521217423
1,0,1766521218341
1,0,1766521219209
1,0,1766521220140
1,0,1766521221124
1,0,1766521221929
1,0,1766521222982
1,2,1766521223755
1,2,1766521224816
1,0,1766521225582
1,0,1766521226597
1,0,1766521227425
1,0,1766521228378
1,0,1766521229290
1,0,1766521230080
1,0,1766521231063
1,2,1766521231782
1,2,1766521232836
1,0.02,1766521233663
1,0,1766521234603
1,0,1766521235475
1,0,1766521236376
1,0,1766521237334
1,0,1766521238089
1,0,1766521239101
1,0,1766521239837
1,0,1766521240793
1,2,1766521241567
1,0,1766521242513
1,0.02,1766521243406
1,0,1766521244215
1,0.02,1766521245180
1,0.02,1766521245973
1,0,1766521246930
1,0,1766521247708
1,0,1766521248652
1,0,1766521249522
1,0,1766521250424
1,0.02,1766521251390
1,0,1766521252138
1,2,1766521253170
1,0.02,1766521253955
1,0,1766521254985
1,0,1766521255859
1,0,1766521256820
1,0,1766521257662
1,0,1766521258565
1,0.02,1766521259462
1,0,1766521260286
1,0,1766521261291
1,0,1766521262088
1,0,1766521263125
1,0,1766521263970
1,0,1766521264967
1,2,1766521265747
1,0.02,1766521266740
1,0.02,1766521267637
1,0,1766521268519
1,0,1766521269481
1,0,1766521270243
1,0,1766521271271
1,0,1766521272075
1,0,1766521273130
1,0,1766521273913
1,0.02,1766521274940
1,0,1766521275779
1,0,1766521276672
1,0,1766521277597
1,0,1766521278370
1,0,1766521279357
1,0,1766521280063
1,0,1766521281070
1,0,1766521281830
1,0.02,1766521282728
1,0.02,1766521283651
1,0,1766521284460
1,0.02,1766521285423
1,0,1766521286166
1,0,1766521287179
1,0,1766521287972
1,0,1766521288850
1,0,1766521289770
1,0,1766521290555
1,0,1766521291593
1,0,1766521292305
1,2,1766521293353
1,0,1766521294130
1,0,1766521295150
1,0.02,1766521295993
1,0,1766521296810
1,0,1766521297822
1,0,1766521298609
1,0,1766521299658
1,3,1766521300368
1,0.03,1766521301356
1,0,1766521302188
1,0.03,1766521303050
1,0,1766521304061
1,0,1766521304816
1,0,1766521305817
1,0,1766521306558
1,0,1766521307601
1,0,1766521308375
1,0,1766521309289
1,3,1766521310220
1,0,1766521311008
1,0.03,1766521312089
1,0.03,1766521312825
1,0,1766521313851
1,0,1766521314650
1,0,1766521315606
1,0,1766521316520
1,0,1766521317336
1,0,1766521318344
1,0,1766521319152
1,0,1766521320159
1,0.03,1766521320877
1,0.01,1766521321881
1,0,1766521322660
1,0,1766521323594
1,0,1766521324501
1,0,1766521325275
1,0,1766521326337
1,0,1766521327093
1,0,1766521328105
1,0,1766521328884
1,0.03,1766521329851
1,0,1766521330730
1,0,1766521331493
1,0,1766521332580
1,0,1766521333339
1,0,1766521334327
1,0,1766521335136
1,0,1766521336078
1,0.03,1766521336903
1,0,1766521337809
1,0,1766521338790
1,0,1766521339563
1,0,1766521340613
1,0,1766521341363
1,0.03,1766521342455
1,0,1766521343190
1,0,1766521344167
1,0,1766521345048
1,0,1766521345876
1,0,1766521346876
1,0,1766521347629
1,0,1766521348688
1,0,1766521349459
1,0,1766521350496
1,0,1766521351249
1,0,1766521352175
1,0,1766521353094
1,0,1766521353971
1,0,1766521355000
1,0,1766521355854
1,0,1766521356868
1,0,1766521357580
1,0,1766521358592
1,0,1766521359361
1,0.03,1766521360349
1,0,1766521361222
1,0.03,1766521362026
1,0,1766521363083
1,0,1766521363859
1,0,1766521364936
1,0,1766521365694
1,0,1766521366733
1,0,1766521367545
1,0,1766521368452
1,0,1766521369366
1,0,1766521370130
1,0,1766521371187
1,0,1766521371932
1,0,1766521372962
1,0,1766521373763
1,0.03,1766521374753
1,0,1766521375585
1,0,1766521376402
1,0,1766521377407
1,0,1766521378152
1,0,1766521379118
1,0,1766521379873
1,0,1766521380900
1,0,1766521381752
1,0,1766521382578
1,0,1766521383554
1,3,1766521384270
1,0,1766521385298
1,0,1766521386122
1,0,1766521387118
1,0,1766521387874
1,0,1766521388799
1,0,1766521389730
1,0,1766521390558
1,0.02,1766521391609
1,0,1766521392335
1,0,1766521393347
1,0,1766521394097
1,0,1766521395027
1,0,1766521395919
1,0,1766521396750
1,0,1766521397788
1,0,1766521398604
1,0,1766521399632
1,0,1766521400326
1,0,1766521401314
1,0,1766521402141
1,0,1766521402994
1,0,1766521403980
1,0,1766521404774
1,0,1766521405818
1,0,1766521406526
1,0.03,1766521407608
1,0,1766521408350
1,0,1766521409315
1,0,1766521410123
1,0,1766521410894
1,0,1766521411897
1,0,1766521412633
1,0,1766521413684
1,0,1766521414410
1,0,1766521415387
1,3,1766521416228
1,0.02,1766521417080
1,0,1766521418097
1,0.01,1766521418892
1,0,1766521419895
1,0,1766521420678
1,0,1766521421684
1,0,1766521422451
1,0,1766521423395
1,0,1766521424243
1,0,1766521425066
1,0.02,1766521426113
1,0,1766521426880
1,0,1766521427949
1,0,1766521428682
1,0,1766521429719
1,0,1766521430470
1,0,1766521431283
1,0,1766521432269
1,0,1766521433062
1,0.03,1766521434102
1,0,1766521434828
1,0,1766521435815
1,0.03,1766521436674
1,0,1766521437483
1,0,1766521438531
1,0,1766521439298
1,0,1766521440365
1,0,1766521441092
1,0.03,1766521442177
1,0,1766521442941
1,0,1766521443927
1,0,1766521444836
1,0,1766521445646
1,0,1766521446748
1,0,1766521447514
1,0,1766521448579
1,0.02,1766521449354
1,0,1766521450338
1,0,1766521451203
1,0,1766521452085
1,0,1766521452982
1,0,1766521453719
1,0,1766521454781
1,0,1766521455519
1,0,1766521456541
1,0.02,1766521457316
1,0,1766521458249
1,0,1766521459148
1,0,1766521459924
1,0,1766521460967
1,0,1766521461729
1,0,1766521462766
1,0,1766521463484
1,0,1766521464426
1,2,1766521465308
1,0.02,1766521466091
1,0,1766521467092
1,0,1766521467835
1,0,1766521468866
1,0,1766521469623
1,0,1766521470622
1,0,1766521471464
1,0,1766521472186
1,0,1766521473189
1,0.02,1766521473923
1,0.02,1766521474932
1,0,1766521475709
1,0,1766521476744
1,0,1766521477588
1,0,1766521478553
1,0,1766521479484
1,0,1766521480236
1,0,1766521481293
1,0.02,1766521482080
1,0,1766521483155
1,0,1766521483933
1,0,1766521484984
1,0,1766521485811
1,2,1766521486722
1,0,1766521487696
1,0,1766521488526
1,0,1766521489602
1,0,1766521490364
1,0,1766521491408
1,0,1766521492168
1,0,1766521493182
1,0.02,1766521493927
1,0,1766521494796
1,0,1766521495695
1,0,1766521496526
1,0,1766521497619
1,0,1766521498341
1,0,1766521499328
1,0,1766521500153
1,0,1766521501130
1,0.02,1766521501949
1,0,1766521502788
1,0,1766521503746
1,0,1766521504494
1,0,1766521505482
1,0,1766521506297
1,2,1766521507275
1,0.02,1766521508145
1,0.02,1766521509110
1,0.02,1766521510031
1,0,1766521510844
1,0,1766521511880
1,0,1766521512641
1,0,1766521513706
1,0,1766521514459
1,2,1766521515466
1,0.02,1766521516324
1,0,1766521517234
1,0.03,1766521518139
1,0.02,1766521518920
1,0,1766521519932
1,0,1766521520675
1,0,1766521521715
1,0,1766521522498
1,0,1766521523387
1,0,1766521524356
1,2,1766521525142
1,0.02,1766521526161
1,0.01,1766521526908
1,0,1766521527964
1,0,1766521528721
1,0,1766521529691
1,0,1766521530486
1,0,1766521531299
1,0,1766521532306
1,2,1766521533105
1,0,1766521534128
1,0,1766521534874
1,0,1766521535908
1,0,1766521536753
1,0,1766521537678
1,0,1766521538552
1,0,1766521539333
1,0,1766521540366
1,0,1766521541123
1,0.02,1766521542198
1,0.02,1766521542984
1,0,1766521544030
1,0,1766521544871
1,0,1766521545725
1,0,1766521546731
1,0,1766521547488
1,0,1766521548553
1,0,1766521549254
1,0,1766521550282
1,0,1766521551074
1,0,1766521552068
1,0,1766521552952
1,0,1766521553836
1,0,1766521554721
1,2,1766521555502
1,2,1766521556540
1,0,1766521557317
1,0,1766521558390
1,0,1766521559164
1,0,1766521560151
1,0,1766521561014
1,0,1766521561873
1,0,1766521562845
1,0,1766521563631
1,0,1766521564650
1,0,1766521565402
1,0,1766521566451
1,0,1766521567195
1,3,1766521568177
1,0.03,1766521569021
1,0,1766521569832
1,0,1766521570844
1,0,1766521571617
1,0,1766521572687
1,3,1766521573470
1,3,1766521574474
1,0,1766521575287
1,0,1766521576248
1,0.03,1766521577103
1,0,1766521577907
1,0,1766521578939
1,0,1766521579648
1,0,1766521580635
1,0,1766521581434
1,0,1766521582355
1,0,1766521583283
1,0,1766521584084
1,0,1766521585114
1,0.03,1766521585833
1,0,1766521586923
1,0,1766521587705
1,0,1766521588694
1,0,1766521589529
1,0,1766521590360
1,0,1766521591327
1,1,1766521592144
1,0.03,1766521593191
1,0,1766521593888
1,0.03,1766521594824
1,0,1766521595589
1,0,1766521596419
1,0,1766521597402
1,0,1766521598178
1,0,1766521599171
1,0,1766521599907
1,0,1766521600898
1,3,1766521601688
1,0.03,1766521602436
1,0.03,1766521603441
1,0,1766521604248
1,0,1766521605278
1,0,1766521606019
1,0,1766521607041
1,0,1766521607840
1,0,1766521608876
1,0,1766521609713
1,0,1766521610590
1,3,1766521611541
1,0.03,1766521612369
1,0,1766521613404
1,0,1766521614131
1,0,1766521615144
1,0,1766521615943
1,3,1766521616923
1,0.03,1766521617748
1,0,1766521618483
1,0.02,1766521619511
1,0,1766521620230
1,0,1766521621267
1,0,1766521622089
1,0,1766521623033
1,2,1766521623914
1,1,1766521624771
1,0,1766521625777
1,0,1766521626584
1,0,1766521627626
1,0,1766521628341
1,0,1766521629341
1,0,1766521630150
1,0,1766521631071
1,0,1766521631935
1,0,1766521632678
1,0,1766521633736
1,0,1766521634433
1,0,1766521635464
1,0,1766521636204
1,0,1766521637108
1,0,1766521637996
1,0,1766521638823
1,0,1766521639886
1,0,1766521640618
1,0,1766521641639
1,0,1766521642437
1,0,1766521643450
1,0,1766521644331
1,0,1766521645267
1,0,1766521646196
1,0,1766521646928
1,0,1766521647947
1,0,1766521648712
1,0,1766521649653
1,0,1766521650481
1,0.03,1766521651544
1,0.03,1766521652286
1,0,1766521653181
1,0,1766521654142
1,0,1766521654955
1,0,1766521656065
1,0,1766521656881
1,0,1766521657882
1,0.03,1766521658695
1,0,1766521659770
1,0,1766521660516
1,0,1766521661543
1,0,1766521662375
1,0,1766521663240
1,0,1766521664280
1,0,1766521665125
1,0,1766521666143
1,0.03,1766521666885
1,0,1766521667948
1,0,1766521668713
1,0,1766521669700
1,0,1766521670564
1,0,1766521671433
1,0,1766521672419
1,0.02,1766521673238
1,0.03,1766521674308
1,0,1766521675097
1,0,1766521676273
1,0,1766521676975
1,0,1766521677996
1,0,1766521678758
1,0,1766521679616
1,0.03,1766521680601
1,0,1766521681420
1,0,1766521682418
1,0,1766521683152
1,0,1766521684193
1,0,1766521684993
1,0,1766521686040
1,0,1766521686846
1,0,1766521687709
1,0,1766521688601
1,0.03,1766521689313
1,0,1766521690233
1,0,1766521690975
1,0,1766521692044
1,0,1766521692823
1,0,1766521693817
1,0,1766521694709
1,0,1766521695560
1,0,1766521696563
1,0,1766521697356
1,0,1766521698365
1,0,1766521699106
1,0,1766521700159
1,0,1766521700932
1,0,1766521701892
1,0,1766521702756
1,0,1766521703548
1,0,1766521704628
1,0,1766521705473
1,0,1766521706491
1,0,1766521707236
1,0,1766521708266
1,0,1766521709042
1,0.02,1766521709980
1,0.02,1766521710914
1,0,1766521711695
1,0,1766521712706
1,0,1766521713448
1,2,1766521714534
1,0,1766521715239
1,0,1766521716273
1,0,1766521717066
1,0,1766521717894
1,0,1766521718829
1,0,1766521719604
1,0,1766521720711
1,0,1766521721436
1,0,1766521722466
1,0,1766521723256
1,0.02,1766521724261
1,0.02,1766521725096
1,0.02,1766521725989
1,0,1766521726971
1,0,1766521727792
1,0,1766521728795
1,0,1766521729537
1,0,1766521730512
1,0,1766521731314
1,2,1766521732256
1,0.02,1766521733132
1,0,1766521733915
1,0,1766521734954
1,0,1766521735743
1,0,1766521736809
1,0,1766521737564
1,0.02,1766521738568
1,0.02,1766521739357
1,0,1766521740351
1,0,1766521741180
1,0,1766521741919
1,0,1766521743006
1,2,1766521743761
1,2,1766521744750
1,0,1766521745536
1,0.02,1766521746553
1,0,1766521747420
1,0,1766521748247
1,0,1766521749242
1,0,1766521750066
1,0,1766521751100
1,0,1766521751850
1,0,1766521752878
1,2,1766521753601
1,2,1766521754424
1,2,1766521755376
1,0.02,1766521756113
1,0.02,1766521757215
1,0.02,1766521757941
1,0,1766521758938
1,0,1766521759681
1,0,1766521760528
1,0,1766521761473
1,0,1766521762252
1,0,1766521763328
1,0.02,1766521764089
1,0,1766521765151
1,0,1766521765913
1,0,1766521766841
1,0,1766521767749
1,2,1766521768580
1,2,1766521769569
1,0.02,1766521770355
1,0,1766521771401
1,0,1766521772133
1,0,1766521773180
1,0,1766521773999
1,0,1766521774898
1,2,1766521775822
1,0.02,1766521776625
1,0,1766521777670
1,0.02,1766521778368
1,0,1766521779443
1,0,1766521780241
1,0,1766521781270
1,0,1766521782125
1,0,1766521782916
1,0,1766521783937
1,0.02,1766521784749
1,0.02,1766521785807
1,0.02,1766521786514
1,0,1766521787548
1,0,1766521788310
1,0,1766521789220
1,0,1766521790156
1,0,1766521790931
1,0,1766521791956
1,0,1766521792691
1,0,1766521793721
1,0,1766521794438
1,0,1766521795395
1,0,1766521796209
1,0,1766521796962
1,0,1766521797997
1,0,1766521798759
1,2,1766521799859
1,0,1766521800604
1,0,1766521801603
1,0,1766521802439
1,0,1766521803321
1,0,1766521804184
1,0,1766521804985
1,0,1766521806022
1,0,1766521806800
1,0.02,1766521807918
1,0,1766521808697
1,0,1766521809691
1,0,1766521810552
1,0,1766521811382
1,0,1766521812345
1,0,1766521813157
1,2,1766521814210
1,0,1766521814910
1,0,1766521815866
1,0,1766521816751
1,0,1766521817791
1,0,1766521818582
1,0,1766521819545
1,0,1766521820411
1,0,1766521821280
1,0,1766521822252
1,0.02,1766521823138
1,0,1766521824044
1,0,1766521824865
1,0,1766521825948
1,0,1766521826790
1,0,1766521827841
1,0,1766521828646
1,0,1766521829673
1,0,1766521830492
1,3,1766521831448
1,0.03,1766521832337
1,0,1766521833336
1,0.03,1766521834203
1,0,1766521835101
1,0,1766521836036
1,0,1766521836923
1,0,1766521837865
1,0,1766521838687
1,0,1766521839597
1,3,1766521840450
1,0,1766521841463
1,0.01,1766521842301
1,0,1766521843344
1,0,1766521844185
1,0,1766521845152
1,0,1766521845979
1,0,1766521846901
1,0,1766521847738
1,0,1766521848682
1,0,1766521849557
1,3,1766521850488
1,3,1766521851428
1,0,1766521852281
1,0,1766521853265
1,0,1766521854064
1,0,1766521855080
1,0,1766521855873
1,0,1766521856837
1,0,1766521857662
1,0,1766521858577
1,3,1766521859413
1,0,1766521860353
1,0.03,1766521861340
1,0.03,1766521862205
1,0,1766521863182
1,0,1766521864011
1,0,1766521865002
1,0,1766521865785
1,0,1766521866709
1,0,1766521867578
1,0,1766521868618
1,3,1766521869430
1,0.03,1766521870382
1,0.03,1766521871238
1,0,1766521872181
1,0,1766521873159
1,0,1766521874038
1,0,1766521874984
1,0,1766521875849
1,0,1766521876774
1,0,1766521877615
1,0.03,1766521878554
1,0,1766521879434
1,0,1766521880375
1,0,1766521881254
1,0,1766521882263
1,0,1766521883103
1,0,1766521884078
1,0,1766521884898
1,0,1766521885842
1,0,1766521886733
1,0,1766521887687
1,0,1766521888640
1,0,1766521889547
1,0,1766521890426
1,0,1766521891376
1,3,1766521892232
1,0.03,1766521893125
1,0,1766521894070
1,0,1766521894891
1,0,1766521895896
1,0,1766521896734
1,0,1766521897705
1,0,1766521898486
1,0,1766521899360
1,0,1766521900294
1,0,1766521901278
1,0,1766521902169
1,0.03,1766521903146
1,0.03,1766521904031
1,0,1766521904911
1,0,1766521905807
1,0,1766521906662
1,0,1766521907584
1,0,1766521908510
1,0,1766521909452
1,0,1766521910328
1,3,1766521911310
1,0.01,1766521912154
1,0.03,1766521913074
1,0,1766521913989
1,0,1766521914903
1,0,1766521915875
1,0,1766521916888
1,0,1766521917786
1,0,1766521918731
1,0,1766521919757
1,0.03,1766521920677
1,0,1766521921551
1,0,1766521922544
1,0,1766521923438
1,0,1766521924304
1,0,1766521925222
1,0,1766521926158
1,0,1766521927091
1,0,1766521927935
1,0,1766521928852
1,0,1766521929784
1,0,1766521930749
1,0.03,1766521931691
1,0,1766521932636
1,0,1766521933516
1,0,1766521934451
1,0,1766521935402
1,0,1766521936185
1,0,1766521937202
1,0,1766521937994
1,0,1766521939053
1,0,1766521939811
1,0,1766521940906
1,0,1766521941642
1,0,1766521942578
1,0,1766521943398
1,0,1766521944322
1,0,1766521945255
1,0,1766521946133
1,0,1766521947122
1,3,1766521947890
1,0,1766521948878
1,0,1766521949680
1,0,1766521950703
1,0,1766521951526
1,0,1766521952581
1,0,1766521953447
1,0,1766521954372
1,0,1766521955312
1,0.01,1766521956224
1,0,1766521957224
1,0,1766521957985
1,0,1766521959022
1,0,1766521959834
1,0,1766521960920
1,0,1766521961702
1,0,1766521962743
1,0,1766521963538
1,0.03,1766521964427
1,0.03,1766521965369
1,0,1766521966186
1,0,1766521967242
1,0,1766521967984
1,0,1766521969020
1,0,1766521969821
1,0.02,1766521970818
1,0.02,1766521971697
1,0,1766521972556
1,0,1766521973525
1,0,1766521974336
1,0,1766521975343
1,0,1766521976083
1,0,1766521977123
1,0,1766521977873
1,0.02,1766521978809
1,0,1766521979730
1,0,1766521980529
1,0.02,1766521981506
1,0,1766521982314
1,0,1766521983378
1,0,1766521984091
1,0,1766521985111
1,0,1766521985909
1,0,1766521986849
1,2,1766521987715
1,0,1766521988499
1,0.02,1766521989526
1,0,1766521990234
1,0,1766521991288
1,0,1766521991989
1,0,1766521992985
1,0,1766521993828
1,0,1766521994622
1,0,1766521995682
1,0,1766521996419
1,0,1766521997371
1,0.02,1766521998132
1,0,1766521999147
1,0.02,1766522000019
1,0,1766522000791
1,0,1766522001795
1,0.02,1766522002549
1,0,1766522003610
1,0,1766522004384
1,0,1766522005440
1,0,1766522006213
1,0.02,1766522007092
1,0,1766522008008
1,0,1766522008787
1,0,1766522009802
1,0,1766522010574
1,0,1766522011607
1,0.02,1766522012404
1,0,1766522013379
1,0.02,1766522014245
1,0,1766522015143
1,0,1766522016083
1,0,1766522016872
1,0,1766522017878
1,0,1766522018635
1,0,1766522019659
1,0,1766522020417
1,0,1766522021415
1,0,1766522022260
1,0,1766522023175
1,0,1766522024121
1,0,1766522024911
1,0,1766522025876
1,0,1766522026639
1,0,1766522027670
1,0,1766522028463
1,0,1766522029381
1,0.01,1766522030301
1,0,1766522031041
1,0,1766522032081
1,0,1766522032785
1,0,1766522033772
1,0,1766522034606
1,0,1766522035561
2,0,1766522036433
2,0,1766522037216
2,0,1766522038270
2,0.02,1766522039038
2,0,1766522040069
2,0,1766522040872
2,0,1766522041854
2,0,1766522042722
2,0,1766522043537
2,0,1766522044509
2,0,1766522045324
2,0,1766522046401
2,2,1766522047100
2,0.02,1766522048096
2,0.02,1766522048890
2,0,1766522049834
2,0,1766522050709
2,0,1766522051519
2,0,1766522052538
2,0,1766522053284
2,0,1766522054360
2,0,1766522055113
2,0,1766522056040
2,2,1766522056897
2,0.02,1766522057688
2,0,1766522058698
2,0,1766522059394
2,0,1766522060429
2,0,1766522061186
2,0,1766522062102
2,0,1766522062947
2,0,1766522063774
2,1,1766522064714
2,0,1766522065500
2,0,1766522066560
2,0,1766522067333
2,0,1766522068392
2,0,1766522069194
2,0,1766522070207
2,0,1766522071043
2,0,1766522071935
2,0,1766522072917
2,0,1766522073702
2,0,1766522074751
2,0.02,1766522075469
2,0,1766522076455
2,0,1766522077322
2,0,1766522078193
2,0,1766522079110
2,2,1766522079914
2,0.02,1766522080989
2,0,1766522081734
2,0,1766522082812
2,0,1766522083634
2,0,1766522084684
2,0,1766522085442
2,2,1766522086359
2,2,1766522087352
2,0.02,1766522088197
2,0,1766522089211
2,0,1766522089928
2,0,1766522090962
2,0,1766522091718
2,0,1766522092716
2,0,1766522093616
2,0,1766522094510
2,0.03,1766522095436
2,0,1766522096313
2,0,1766522097294
2,0,1766522098036
2,0,1766522099094
2,0,1766522099849
2,0,1766522100854
2,0,1766522101741
2,0,1766522102687
2,0,1766522103617
2,0,1766522104376
2,0,1766522105410
2,0.03,1766522106189
2,0,1766522107251
2,0,1766522108019
2,0,1766522108993
2,0,1766522109815
2,0,1766522110649
2,0,1766522111659
2,0,1766522112471
2,0,1766522113451
2,0,1766522114200
2,0,1766522115173
2,0,1766522115963
2,0,1766522116969
2,0,1766522117866
2,0.03,1766522118728
2,0.03,1766522119684
2,0,1766522120481
2,0,1766522121532
2,0,1766522122260
2,0,1766522123283
2,0,1766522124068
2,0,1766522124950
2,0.03,1766522125904
2,0,1766522126709
2,0,1766522127758
2,0,1766522128477
2,0,1766522129471
2,0,1766522130245
2,0,1766522131113
2,0,1766522131986
2,0,1766522132827
2,0,1766522133845
2,0.01,1766522134618
2,0.03,1766522135721
2,0,1766522136510
2,0,1766522137554
2,0,1766522138286
2,0,1766522139224
2,0,1766522140090
2,0,1766522140849
2,0,1766522141871
2,0,1766522142605
2,0,1766522143589
2,3,1766522144325
2,0,1766522145329
2,0,1766522146183
2,0,1766522146985
2,0,1766522147969
2,0,1766522148696
2,0,1766522149680
2,0,1766522150441
2,0.03,1766522151444
2,0.03,1766522152254
2,0,1766522153095
2,0,1766522154155
2,0,1766522154936
2,0,1766522156032
2,3,1766522156760
2,0.03,1766522157840
2,0,1766522158592
2,0,1766522159577
2,0.03,1766522160391
2,0,1766522161206
2,0,1766522162234
2,0,1766522163013
2,0,1766522164004
2,3,1766522164741
2,0.03,1766522165704
2,0.03,1766522166617
2,0,1766522167504
2,0,1766522168500
2,0,1766522169301
2,0,1766522170315
2,0,1766522171019
2,0,1766522172002
2,0,1766522172798
2,0,1766522173766
2,0,1766522174636
2,0.03,1766522175485
2,0.03,1766522176452
2,0,1766522177211
2,0,1766522178264
2,0,1766522179040
2,0,1766522179984
2,0,1766522180840
2,0,1766522181692
2,0.03,1766522182710
2,0,1766522183471
2,0,1766522184513
2,0,1766522185224
2,0,1766522186256
2,0,1766522187068
2,0,1766522187969
2,0,1766522188922
2,0.03,1766522189768
2,0.03,1766522190766
2,0,1766522191514
2,0,1766522192616
2,0,1766522193396
2,0,1766522194388
2,0,1766522195257
2,3,1766522196280
2,0,1766522197132
2,0.03,1766522197964
2,0.03,1766522199002
2,0,1766522199759
2,0,1766522200865
2,0,1766522201589
2,3,1766522202620
2,0,1766522203425
2,0,1766522204318
2,0,1766522205278
2,0.03,1766522206078
2,0,1766522207049
2,0,1766522207769
2,0,1766522208865
2,0,1766522209630
2,0.02,1766522210704
2,0,1766522211521
2,0,1766522212374
2,0,1766522213303
2,0,1766522213972
2,0,1766522215023
2,0,1766522215809
2,0.01,1766522216798
2,0.03,1766522217652
2,0,1766522218531
2,0,1766522219446
2,0,1766522220246
2,0,1766522221276
2,0,1766522222048
2,0,1766522223094
2,0,1766522223842
2,0,1766522224820
2,0,1766522225708
2,0,1766522226522
2,0,1766522227534
2,0,1766522228314
2,0,1766522229398
2,0,1766522230134
2,0,1766522231159
2,0.02,1766522231988
2,0,1766522232832
2,0,1766522233802
2,0,1766522234546
2,0,1766522235614
2,0,1766522236347
2,0,1766522237383
2,2,1766522238192
2,0,1766522239106
2,0.02,1766522240029
2,0,1766522240857
2,0,1766522241852
2,0,1766522242645
2,0,1766522243715
2,0,1766522244460
2,0,1766522245528
2,0.02,1766522246319
2,0,1766522247313
2,0.02,1766522248220
2,0,1766522249001
2,0,1766522250041
2,0,1766522250761
2,0,1766522251799
2,0,1766522252604
2,0,1766522253672
2,2,1766522254427
2,0,1766522255214
2,0,1766522256280
2,0,1766522257085
2,0,1766522258152
2,0,1766522258900
2,0,1766522259920
2,0,1766522260677
2,0,1766522261630
2,0,1766522262555
2,0,1766522263422
2,0,1766522264403
2,0.02,1766522265219
2,0,1766522266262
2,0,1766522266978
2,0,1766522268029
2,0,1766522268826
2,2,1766522269779
2,0,1766522270664
2,0,1766522271440
2,0,1766522272469
2,0,1766522273202
2,0,1766522274248
2,0,1766522275018
2,0,1766522275892
2,2,1766522276808
2,0.02,1766522277614
2,0,1766522278671
2,0,1766522279417
2,0,1766522280459
2,0,1766522281211
2,0,1766522282187
2,0.02,1766522283066
2,2,1766522283912
2,0,1766522284850
2,0.02,1766522285655
2,0,1766522286677
2,0,1766522287427
2,0,1766522288458
2,0,1766522289230
2,0,1766522290054
2,0,1766522290931
2,2,1766522291670
2,0.02,1766522292766
2,0,1766522293551
2,0,1766522294630
2,0,1766522295419
2,0,1766522296394
2,0,1766522297235
2,0,1766522298078
2,2,1766522298996
2,0.02,1766522299734
2,0,1766522300765
2,0,1766522301481
2,0,1766522302492
2,0,1766522303322
2,0,1766522304240
2,0,1766522305164
2,0,1766522305909
2,0,1766522306956
2,2,1766522307668
2,0.02,1766522308685
2,0,1766522309514
2,0,1766522310420
2,0,1766522311334
2,0,1766522312047
2,0,1766522313080
2,0,1766522313847
2,0,1766522314824
2,0,1766522315620
2,0,1766522316525
2,0.02,1766522317448
2,0,1766522318236
2,0,1766522319357
2,0,1766522320069
2,0,1766522321153
2,0,1766522321912
2,0,1766522322878
2,0.02,1766522323757
2,0,1766522324534
2,0,1766522325525
2,0,1766522326206
2,0,1766522327213
2,0,1766522327975
2,0,1766522328951
2,0,1766522329801
2,0.02,1766522330659
2,0.02,1766522331666
2,0,1766522332483
2,0,1766522333537
2,0,1766522334327
2,0,1766522335370
2,0,1766522336106
2,0,1766522337054
2,0.02,1766522337959
2,0,1766522338794
2,0,1766522339819
2,0,1766522340532
2,0,1766522341556
2,0,1766522342336
2,2,1766522343262
2,0,1766522344143
2,0,1766522344916
2,0,1766522345957
2,0,1766522346797
2,0,1766522347863
2,0,1766522348542
2,0.01,1766522349586
2,0.02,1766522350351
2,0,1766522351260
2,0,1766522352175
2,0,1766522352986
2,0,1766522354057
2,0,1766522354831
2,0,1766522355924
2,3,1766522356688
2,0,1766522357688
2,0.03,1766522358472
2,0,1766522359303
2,0,1766522360284
2,0,1766522361066
2,0,1766522362129
2,3,1766522362840
2,0,1766522363873
2,0,1766522364709
2,0,1766522365680
2,0,1766522366599
2,0,1766522367412
2,0,1766522368425
2,0,1766522369236
2,0,1766522370277
2,3,1766522371053
2,0,1766522372107
2,0.03,1766522372864
2,0,1766522373818
2,0,1766522374763
2,0,1766522375556
2,0,1766522376614
2,0.03,1766522377348
2,0.03,1766522378396
2,0,1766522379133
2,0,1766522380145
2,0,1766522380982
2,0,1766522381858
2,0,1766522382847
2,0.04,1766522383523
2,0,1766522384509
2,0,1766522385224
2,0,1766522386123
2,0,1766522386892
2,0,1766522387714
2,0,1766522388573
2,0,1766522389516
2,0,1766522390301
2,0,1766522390929
2,0,1766522391711
2,0,1766522392362
2,0,1766522392922
2,0,1766522393839
2,0,1766522394410
2,0,1766522395163
2,0,1766522395958
2,0,1766522396535
2,0,1766522397419
2,0.11,1766522398076
2,0.14,1766522398838
2,0,1766522399667
2,1.0,1766522400248
2,1.0,1766522401216
2,1.0,1766522401884
2,1.0,1766522402655
2,0,1766522403598
2,1.0,1766522404213
2,1.0,1766522405238
2,1.0,1766522405949
2,1.0,1766522406914
2,1.0,1766522407676
2,1.0,1766522408426
2,1.0,1766522409350
2,1.0,1766522410025
2,1.0,1766522410958
2,1.0,1766522411632
2,1.0,1766522412543
2,1.0,1766522413282
2,1.0,1766522414064
2,0.81,1766522414887
2,1.0,1766522415632
2,1.0,1766522416522
2,1.0,1766522417235
2,1.0,1766522418140
2,1.0,1766522418898
2,1.0,1766522419702
2,0.41,1766522420576
2,1.0,1766522421321
2,1.0,1766522422280
2,1.0,1766522422976
2,1.0,1766522423843
2,1.0,1766522424666
2,0.99,1766522425439
2,1.0,1766522426317
2,1.0,1766522427054
2,1.0,1766522427952
2,1.0,1766522428726
2,1.0,1766522429591
2,1.0,1766522430380
2,1.0,1766522431189
2,1.0,1766522432019
2,1.0,1766522432863
2,0.88,1766522433726
2,1.0,1766522434453
2,1.0,1766522435307
2,1.0,1766522436091
2,1.0,1766522436981
2,1.0,1766522437751
2,1.0,1766522438603
2,1.0,1766522439384
2,1.0,1766522440181
2,1.0,1766522441079
2,1.0,1766522441863
2,1.0,1766522442700
2,1.0,1766522443448
2,1.0,1766522444369
2,1.0,1766522445167
2,1.0,1766522445987
2,1.0,1766522446785
2,1.0,1766522447618
2,1.0,1766522448446
2,1.0,1766522449223
2,1.0,1766522450090
2,1.0,1766522450848
2,1.0,1766522451724
2,1.0,1766522452530
2,1.0,1766522453465
2,1.0,1766522454245
2,1.0,1766522455057
2,1.0,1766522455905
2,1.0,1766522456619
2,1.0,1766522457438
2,1.0,1766522458206
2,1.0,1766522459071
2,1.0,1766522459862
2,1.0,1766522460676
2,1.0,1766522461454
2,1.0,1766522462217
2,1.0,1766522463042
2,1.0,1766522463774
2,1.0,1766522464603
2,1.0,1766522465378
2,1.0,1766522466257
2,1.0,1766522467089
2,1.0,1766522467829
2,0.52,1766522468764
2,1.0,1766522469557
2,1.0,1766522470392
2,1.0,1766522471225
2,1.0,1766522471998
2,1.0,1766522472896
2,1.0,1766522473714
2,1.0,1766522474506
2,1.0,1766522475275
2,1.0,1766522476108
2,1.0,1766522476915
2,1.0,1766522477776
2,1.0,1766522478543
2,1.0,1766522479356
2,1.0,1766522480215
2,0.99,1766522480964
2,1.0,1766522481859
2,1.0,1766522482614
2,1.0,1766522483482
2,1.0,1766522484277
2,1.0,1766522485152
2,1.0,1766522485977
2,1.0,1766522486771
2,1.0,1766522487643
2,1.0,1766522488439
2,0.99,1766522489303
2,1.0,1766522490061
2,1.0,1766522490843
2,1.0,1766522491711
2,1.0,1766522492518
2,1.0,1766522493343
2,1.0,1766522494138
2,1.0,1766522494912
2,1.0,1766522495670
2,0.99,1766522496496
2,1.0,1766522497320
2,1.0,1766522498106
2,1.0,1766522498949
2,1.0,1766522499778
2,1.0,1766522500598
2,1.0,1766522501408
2,1.0,1766522502347
2,1.0,1766522503149
2,0.99,1766522503935
2,1.0,1766522504838
2,1.0,1766522505672
2,1.0,1766522506489
2,1.0,1766522507354
2,1.0,1766522508200
2,1.0,1766522509015
2,1.0,1766522509861
2,1.0,1766522510620
2,1.0,1766522511406
2,1.0,1766522512280
2,1.0,1766522513087
2,1.0,1766522513977
2,1.0,1766522514805
2,1.0,1766522515642
2,1.0,1766522516436
2,1.0,1766522517230
2,1.0,1766522518101
2,1.0,1766522518980
2,1.0,1766522519815
2,1.0,1766522520601
2,1.0,1766522521449
2,1.0,1766522522252
2,1.0,1766522523108
2,1.0,1766522523853
2,1.0,1766522524698
2,1.0,1766522525489
2,1.0,1766522526282
2,1.0,1766522527211
2,1.0,1766522527929
2,1.0,1766522528865
2,1.0,1766522529672
2,1.0,1766522530530
2,1.0,1766522531316
2,1.0,1766522532155
2,1.0,1766522532969
2,0.99,1766522533751
2,1.0,1766522534665
2,1.0,1766522535402
2,1.0,1766522536281
2,1.0,1766522537098
2,1.0,1766522538054
2,1.0,1766522538801
2,1.0,1766522539583
2,1.0,1766522540379
2,1.0,1766522541127
2,1.0,1766522542022
2,1.0,1766522542850
2,1.0,1766522543720
2,1.0,1766522544521
2,1.0,1766522545366
2,0.99,1766522546141
2,1.0,1766522546896
2,1.0,1766522547839
2,0.99,1766522548564
2,1.0,1766522549468
2,1.0,1766522550201
2,1.0,1766522551021
2,1.0,1766522551882
2,1.0,1766522552689
2,1.0,1766522553530
2,1.0,1766522554345
2,1.0,1766522555191
2,1.0,1766522555940
2,1.0,1766522556841
2,1.0,1766522557634
2,1.0,1766522558427
2,1.0,1766522559229
2,1.0,1766522560014
2,1.0,1766522560882
2,0.48,1766522561648
2,1.0,1766522562531
2,1.0,1766522563300
2,1.0,1766522564123
2,1.0,1766522564922
2,1.0,1766522565799
2,1.0,1766522566567
2,0.99,1766522567346
2,1.0,1766522568171
2,1.0,1766522568905
2,1.0,1766522569727
2,1.0,1766522570528
2,1.0,1766522571391
2,1.0,1766522572162
2,1.0,1766522573012
2,1.0,1766522573890
2,1.0,1766522574716
2,1.0,1766522575594
2,1.0,1766522576366
2,1.0,1766522577224
2,1.0,1766522578018
2,1.0,1766522578928
2,1.0,1766522579713
2,1.0,1766522580478
2,1.0,1766522581242
2,1.0,1766522581995
2,1.0,1766522582883
2,1.0,1766522583681
2,1.0,1766522584520
2,1.0,1766522585243
2,1.0,1766522586177
2,1.0,1766522586991
2,1.0,1766522587805
2,1.0,1766522588665
2,1.0,1766522589414
2,1.0,1766522590293
2,1.0,1766522591078
2,1.0,1766522592010
2,1.0,1766522592772
2,1.0,1766522593610
2,1.0,1766522594428
2,1.0,1766522595144
2,1.0,1766522596023
2,1.0,1766522596886
2,1.0,1766522597815
2,1.0,1766522598554
2,1.0,1766522599402
2,1.0,1766522600193
2,1.0,1766522601016
2,1.0,1766522601834
2,1.0,1766522602611
2,1.0,1766522603504
2,1.0,1766522604237
2,1.0,1766522605079
2,1.0,1766522605859
2,1.0,1766522606703
2,1.0,1766522607544
2,0.99,1766522608354
2,1.0,1766522609189
2,1.0,1766522609968
2,1.0,1766522610855
2,1.0,1766522611644
2,1.0,1766522612519
2,1.0,1766522613280
2,1.0,1766522614116
2,1.0,1766522614987
2,1.0,1766522615807
2,1.0,1766522616642
2,0.99,1766522617351
2,1.0,1766522618221
2,1.0,1766522619041
2,1.0,1766522619912
2,1.0,1766522620712
2,1.0,1766522621516
2,1.0,1766522622368
2,0.99,1766522623158
2,1.0,1766522624066
2,1.0,1766522624817
2,1.0,1766522625632
2,1.0,1766522626478
2,1.0,1766522627321
2,1.0,1766522628167
2,1.0,1766522628993
2,0.99,1766522629782
2,0.99,1766522630570
2,1.0,1766522631424
2,1.0,1766522632249
2,1.0,1766522633130
2,1.0,1766522633921
2,1.0,1766522634789
2,1.0,1766522635586
2,1.0,1766522636428
2,1.0,1766522637216
2,1.0,1766522638098
2,0.99,1766522638938
2,0.99,1766522639760
2,1.0,1766522640593
2,1.0,1766522641414
2,1.0,1766522642295
2,1.0,1766522643056
2,1.0,1766522643863
2,1.0,1766522644637
2,0.99,1766522645431
2,1.0,1766522646327
2,1.0,1766522647092
2,1.0,1766522647926
2,1.0,1766522648756
2,1.0,1766522649593
2,1.0,1766522650352
2,1.0,1766522651142
2,1.0,1766522651948
2,1.0,1766522652682
2,1.0,1766522653527
2,1.0,1766522654318
2,1.0,1766522655182
2,1.0,1766522655912
2,1.0,1766522656732
2,1.0,1766522657509
2,1.0,1766522658328
2,1.0,1766522659225
2,1.0,1766522659994
2,1.0,1766522660861
2,1.0,1766522661628
2,1.0,1766522662548
2,0.99,1766522663303
2,1.0,1766522664132
2,1.0,1766522664977
2,1.0,1766522665823
2,1.0,1766522666694
2,1.0,1766522667429
2,1.0,1766522668241
2,1.0,1766522669015
2,1.0,1766522669907
2,0.99,1766522670694
2,0.99,1766522671464
2,1.0,1766522672337
2,1.0,1766522673092
2,1.0,1766522673964
2,1.0,1766522674741
2,1.0,1766522675650
2,1.0,1766522676438
2,1.0,1766522677256
2,0.99,1766522678068
2,0.99,1766522678835
2,1.0,1766522679681
2,1.0,1766522680448
2,1.0,1766522681337
2,1.0,1766522682094
2,1.0,1766522682998
2,1.0,1766522683792
2,0.99,1766522684512
2,1.0,1766522685363
2,1.0,1766522686058
2,1.0,1766522686935
2,1.0,1766522687739
2,1.0,1766522688641
2,1.0,1766522689458
2,1.0,1766522690149
2,1.0,1766522691065
2,1.0,1766522691803
2,1.0,1766522692630
2,1.0,1766522693383
2,1.0,1766522694161
2,1.0,1766522695005
2,1.0,1766522695747
2,1.0,1766522696636
2,1.0,1766522697371
2,1.0,1766522698281
2,1.0,1766522699010
2,1.0,1766522699835
2,1.0,1766522700666
2,1.0,1766522701333
2,1.0,1766522702260
2,1.0,1766522702982
2,1.0,1766522703835
2,1.0,1766522704709
2,1.0,1766522705474
2,1.0,1766522706424
2,1.0,1766522707095
2,1.0,1766522708098
2,0.99,1766522708779
2,1.0,1766522709633
2,1.0,1766522710907
2,1.0,1766522711898
2,1.0,1766522712617
2,1.0,1766522713512
2,0.99,1766522714372
2,1.0,1766522715119
2,1.0,1766522716048
2,1.0,1766522716690
2,0.99,1766522717536
2,1.0,1766522718304
2,1.0,1766522719123
2,1.0,1766522720000
2,1.0,1766522720639
2,1.0,1766522721523
2,1.0,1766522722179
2,1.0,1766522723014
2,0.24,1766522723857
2,1.0,1766522724590
2,1.0,1766522725375
2,1.0,1766522726015
2,1.0,1766522726785
2,1.0,1766522727530
2,1.0,1766522728196
2,1.0,1766522729002
2,0.99,1766522729637
2,1.0,1766522730269
2,1.0,1766522731099
2,1.0,1766522731717
2,1.0,1766522732394
2,1.0,1766522733081
2,1.0,1766522733715
2,1.0,1766522734490
2,0.99,1766522735098
2,1.0,1766522735756
2,1.0,1766522736531
2,1.0,1766522737155
2,1.0,1766522737869
2,1.0,1766522738660
2,1.0,1766522739289
2,1.0,1766522739990
2,1.0,1766522740645
2,1.0,1766522741301
2,1.0,1766522742055
2,1.0,1766522742661
2,1.0,1766522743349
2,1.0,1766522744061
2,1.0,1766522744665
2,1.0,1766522745496
2,1.0,1766522746171
2,1.0,1766522746822
2,1.0,1766522747535
2,1.0,1766522748200
2,1.0,1766522748934
2,1.0,1766522749653
2,1.0,1766522750283
2,1.0,1766522750944
2,1.0,1766522751660
2,1.0,1766522752348
2,1.0,1766522753038
2,1.0,1766522753698
2,1.0,1766522754360
2,1.0,1766522755076
2,1.0,1766522755764
2,1.0,1766522756462
2,1.0,1766522757168
2,1.0,1766522757858
2,1.0,1766522758605
2,0.99,1766522759273
2,1.0,1766522759930
2,1.0,1766522760657
2,1.0,1766522761344
2,1.0,1766522762037
2,1.0,1766522762792
2,1.0,1766522763428
2,1.0,1766522764102
2,1.0,1766522764860
2,1.0,1766522765547
2,1.0,1766522766309
2,1.0,1766522767021
2,1.0,1766522767714
2,1.0,1766522768439
2,1.0,1766522769109
2,1.0,1766522769761
2,1.0,1766522770522
2,1.0,1766522771141
2,1.0,1766522771858
2,1.0,1766522772561
2,1.0,1766522773196
2,1.0,1766522773922
2,1.0,1766522774608
2,1.0,1766522775272
2,1.0,1766522776005
2,1.0,1766522776669
2,1.0,1766522777388
2,1.0,1766522778156
2,1.0,1766522778837
2,1.0,1766522779635
2,1.0,1766522780313
2,1.0,1766522781013
2,1.0,1766522781776
2,1.0,1766522782450
2,1.0,1766522783210
2,1.0,1766522783914
2,1.0,1766522784623
2,0.99,1766522785406
2,1.0,1766522786051
2,1.0,1766522786762
2,1.0,1766522787496
2,1.0,1766522788137
2,1.0,1766522788883
2,1.0,1766522789509
2,0.99,1766522790202
2,1.0,1766522790927
2,1.0,1766522791530
2,1.0,1766522792238
2,0.99,1766522793000
2,1.0,1766522793662
2,1.0,1766522794461
2,1.0,1766522795078
2,1.0,1766522795732
2,1.0,1766522796496
2,1.0,1766522797129
2,1.0,1766522797804
2,1.0,1766522798537
2,1.0,1766522799159
2,1.0,1766522799860
2,1.0,1766522800572
2,1.0,1766522801251
2,1.0,1766522802004
2,1.0,1766522802620
2,1.0,1766522803320
2,0.99,1766522804083
2,1.0,1766522804773
2,1.0,1766522805572
2,0.99,1766522806197
2,1.0,1766522806843
2,0.95,1766522807611
2,1.0,1766522808224
2,1.0,1766522808940
2,1.0,1766522809690
2,1.0,1766522810341
2,1.0,1766522811131
2,1.0,1766522811758
2,1.0,1766522812425
2,1.0,1766522813210
2,1.0,1766522813813
2,0.99,1766522814520
2,1.0,1766522815269
3,1.0,1766522815854
3,1.0,1766522816617
3,1.0,1766522817257
3,1.0,1766522817906
3,1.0,1766522818768
3,1.0,1766522819377
3,1.0,1766522820092
3,1.0,1766522820871
3,1.0,1766522821498
3,1.0,1766522822259
3,1.0,1766522822943
3,1.0,1766522823599
3,1.0,1766522824360
3,1.0,1766522825006
3,1.0,1766522825719
3,0.73,1766522826504
3,1.0,1766522827175
3,1.0,1766522827942
3,1.0,1766522828580
3,1.0,1766522829223
3,1.0,1766522829994
3,1.0,1766522830638
3,1.0,1766522831329
3,1.0,1766522832006
3,1.0,1766522832626
3,1.0,1766522833386
3,0.99,1766522834058
3,1.0,1766522834798
3,1.0,1766522835587
3,1.0,1766522836258
3,1.0,1766522836930
3,0.99,1766522837622
3,1.0,1766522838291
3,1.0,1766522839032
3,1.0,1766522839749
3,1.0,1766522840412
3,1.0,1766522841182
3,1.0,1766522841881
3,1.0,1766522842628
3,1.0,1766522843354
3,1.0,1766522844012
3,1.0,1766522844800
3,1.0,1766522845544
3,1.0,1766522846148
3,1.0,1766522846884
3,1.0,1766522847531
3,1.0,1766522848286
3,1.0,1766522849005
3,1.0,1766522849665
3,1.0,1766522850414
3,1.0,1766522851125
3,1.0,1766522851822
3,0.99,1766522852530
3,1.0,1766522853171
3,1.0,1766522853915
3,1.0,1766522854662
3,1.0,1766522855360
3,1.0,1766522856102
3,1.0,1766522856778
3,1.0,1766522857484
3,1.0,1766522858164
3,1.0,1766522858810
3,1.0,1766522859557
3,1.0,1766522860229
3,1.0,1766522860935
3,1.0,1766522861664
3,1.0,1766522862356
3,1.0,1766522863036
3,0.99,1766522863706
3,1.0,1766522864367
3,1.0,1766522865043
3,1.0,1766522865717
3,1.0,1766522866367
3,1.0,1766522867074
3,1.0,1766522867764
3,1.0,1766522868432
3,1.0,1766522869145
3,1.0,1766522869783
3,1.0,1766522870462
3,0.99,1766522871190
3,1.0,1766522871864
3,0.99,1766522872536
3,1.0,1766522873229
3,1.0,1766522873854
3,1.0,1766522874503
3,1.0,1766522875174
3,1.0,1766522875853
3,1.0,1766522876624
3,1.0,1766522877326
3,1.0,1766522877989
3,1.0,1766522878740
3,1.0,1766522879394
3,1.0,1766522880064
3,1.0,1766522880830
3,1.0,1766522881501
3,1.0,1766522882260
3,1.0,1766522882972
3,1.0,1766522883611
3,1.0,1766522884349
3,1.0,1766522885048
3,1.0,1766522885688
3,1.0,1766522886470
3,1.0,1766522887120
3,1.0,1766522887827
3,1.0,1766522888545
3,1.0,1766522889131
3,1.0,1766522889917
3,1.0,1766522890557
3,1.0,1766522891180
3,1.0,1766522891919
3,1.0,1766522892530
3,1.0,1766522893220
3,1.0,1766522893952
3,1.0,1766522894557
3,1.0,1766522895290
3,1.0,1766522895974
3,1.0,1766522896543
3,1.0,1766522897442
3,1.0,1766522898091
3,1.0,1766522898898
3,1.0,1766522899663
3,0.99,1766522900241
3,0.99,1766522901092
3,1.0,1766522901736
3,1.0,1766522902413
3,1.0,1766522903191
3,1.0,1766522903812
3,1.0,1766522904655
3,1.0,1766522905337
3,0.99,1766522905963
3,1.0,1766522906809
3,1.0,1766522907410
3,1.0,1766522908207
3,1.0,1766522908920
3,1.0,1766522909498
3,1.0,1766522910353
3,1.0,1766522910998
3,1.0,1766522911656
3,1.0,1766522912442
3,1.0,1766522913013
3,1.0,1766522913836
3,1.0,1766522914555
3,1.0,1766522915135
3,1.0,1766522916031
3,1.0,1766522916611
3,1.0,1766522917339
3,1.0,1766522918147
3,1.0,1766522918655
3,0.88,1766522919542
3,1.0,1766522920222
3,1.0,1766522920835
3,1.0,1766522921734
3,1.0,1766522922303
3,1.0,1766522923117
3,1.0,1766522923864
3,1.0,1766522924440
3,1.0,1766522925265
3,1.0,1766522925874
3,1.0,1766522926538
3,100,1766522927366
3,1.0,1766522927893
3,1.0,1766522928617
3,1.0,1766522929469
3,1.0,1766522929987
3,1.0,1766522930872
3,1.0,1766522931529
3,1.0,1766522932074
3,0,1766522933080
3,1.0,1766522933571
3,1.0,1766522934120
3,0.64,1766522935071
3,1.0,1766522935583
3,1.0,1766522936242
3,1.0,1766522937108
3,1.0,1766522937597
3,0.99,1766522938261
3,1.0,1766522939090
3,1.0,1766522939584
3,1.0,1766522940474
3,1.0,1766522941172
3,1.0,1766522941694
3,1.0,1766522942621
3,1.0,1766522943189
3,1.0,1766522943767
3,1.0,1766522944700
3,1.0,1766522945229
3,1.0,1766522945834
3,51,1766522946744
3,1.0,1766522947266
3,1.0,1766522947917
3,1.0,1766522948840
3,1.0,1766522949343
3,1.0,1766522950200
3,1.0,1766522950901
3,1.0,1766522951442
3,1.0,1766522952401
3,1.0,1766522952928
3,1.0,1766522953523
3,1.0,1766522954474
3,1.0,1766522954970
3,1.0,1766522955602
3,0.54,1766522956465
3,1.0,1766522956997
3,1.0,1766522957891
3,0.65,1766522958509
3,1.0,1766522959117
3,1.0,1766522960057
3,1.0,1766522960602
3,1.0,1766522961279
3,1.0,1766522962104
3,1.0,1766522962654
3,1.0,1766522963459
3,0.6,1766522964155
3,1.0,1766522964799
3,1.0,1766522965653
3,1.0,1766522966200
3,1.0,1766522966872
3,1.0,1766522967720
3,1.0,1766522968279
3,1.0,1766522969054
3,1.0,1766522969791
3,1.0,1766522970450
3,1.0,1766522971281
3,1.0,1766522971822
3,1.0,1766522972554
3,0.5,1766522973338
3,1.0,1766522973950
3,1.0,1766522974763
3,1.0,1766522975428
3,1.0,1766522976145
3,1.0,1766522977001
3,1.0,1766522977606
3,1.0,1766522978384
3,1.0,1766522979099
3,1.0,1766522979830
3,1.0,1766522980627
3,1.0,1766522981161
3,1.0,1766522981907
3,0.99,1766522982649
3,1.0,1766522983269
3,1.0,1766522984108
3,0.99,1766522984750
3,1.0,1766522985456
3,1.0,1766522986224
3,1.0,1766522986765
3,1.0,1766522987568
3,1.0,1766522988291
3,1.0,1766522988949
3,1.0,1766522989720
3,0.99,1766522990322
3,1.0,1766522991073
3,1.0,1766522991833
3,1.0,1766522992446
3,1.0,1766522993300
3,0.99,1766522993939
3,1.0,1766522994552
3,1.0,1766522995327
3,0.99,1766522995915
3,1.0,1766522996609
3,1.0,1766522997382
3,1.0,1766522997995
3,1.0,1766522998743
3,1.0,1766522999451
3,1.0,1766523000100
3,1.0,1766523000886
3,1.0,1766523001564
3,1.0,1766523002298
3,1.0,1766523003057
3,1.0,1766523003735
3,0.99,1766523004513
3,1.0,1766523005154
3,1.0,1766523005938
3,1.0,1766523006736
3,1.0,1766523007380
3,1.0,1766523008156
3,1.0,1766523008795
3,1.0,1766523009443
3,1.0,1766523010156
3,1.0,1766523010823
3,1.0,1766523011540
3,1.0,1766523012273
3,1.0,1766523012941
3,1.0,1766523013667
3,1.0,1766523014328
3,1.0,1766523015035
3,1.0,1766523015765
3,1.0,1766523016425
3,1.0,1766523017102
3,1.0,1766523017844
3,1.0,1766523018469
3,1.0,1766523019145
3,1.0,1766523019875
3,1.0,1766523020548
3,1.0,1766523021290
3,1.0,1766523021958
3,1.0,1766523022630
3,1.0,1766523023373
3,1.0,1766523024045
3,1.0,1766523024722
3,1.0,1766523025411
3,1.0,1766523026123
3,0.99,1766523026826
3,0.99,1766523027494
3,1.0,1766523028196
3,1.0,1766523028878
3,1.0,1766523029551
3,1.0,1766523030254
3,1.0,1766523030939
3,1.0,1766523031622
3,0.99,1766523032341
3,0.99,1766523033059
3,1.0,1766523033755
3,1.0,1766523034518
3,1.0,1766523035256
3,1.0,1766523035951
3,1.0,1766523036642
3,1.0,1766523037303
3,1.0,1766523037996
3,1.0,1766523038648
3,1.0,1766523039287
3,1.0,1766523039947
3,0.99,1766523040690
3,1.0,1766523041358
3,1.0,1766523042045
3,1.0,1766523042750
3,1.0,1766523043440
3,1.0,1766523044154
3,1.0,1766523044865
3,1.0,1766523045567
3,0.99,1766523046275
3,1.0,1766523046922
3,1.0,1766523047569
3,1.0,1766523048287
3,1.0,1766523048928
3,1.0,1766523049675
3,1.0,1766523050337
3,1.0,1766523051010
3,0.99,1766523051794
3,1.0,1766523052445
3,1.0,1766523053105
3,1.0,1766523053817
3,1.0,1766523054481
3,1.0,1766523055198
3,1.0,1766523055904
3,1.0,1766523056546
3,1.0,1766523057302
3,1.0,1766523058012
3,1.0,1766523058684
3,1.0,1766523059433
3,1.0,1766523060100
3,1.0,1766523060845
3,1.0,1766523061530
3,1.0,1766523062174
3,0.99,1766523062963
3,1.0,1766523063643
3,1.0,1766523064331
3,1.0,1766523065090
3,1.0,1766523065776
3,1.0,1766523066525
3,1.0,1766523067216
3,1.0,1766523067903
3,1.0,1766523068728
3,1.0,1766523069386
3,1.0,1766523070132
3,1.0,1766523070894
3,1.0,1766523071576
3,1.0,1766523072361
3,1.0,1766523073035
3,1.0,1766523073734
3,1.0,1766523074516
3,1.0,1766523075137
3,1.0,1766523075969
3,1.0,1766523076666
3,1.0,1766523077288
3,0.99,1766523078037
3,1.0,1766523078663
3,1.0,1766523079371
3,1.0,1766523080109
3,1.0,1766523080735
3,0.86,1766523081600
3,1.0,1766523082251
3,1.0,1766523082875
3,1.0,1766523083675
3,1.0,1766523084312
3,1.0,1766523085081
3,1.0,1766523085770
3,1.0,1766523086351
3,1.0,1766523087165
3,1.0,1766523087787
3,0.99,1766523088383
3,1.0,1766523089184
3,1.0,1766523089817
3,1.0,1766523090559
3,1.0,1766523091311
3,1.0,1766523091919
3,0.79,1766523092785
3,1.0,1766523093428
3,1.0,1766523094070
3,1.0,1766523094886
3,1.0,1766523095500
3,1.0,1766523096244
3,1.0,1766523096960
3,1.0,1766523097538
3,0.54,1766523098410
3,1.0,1766523099060
3,1.0,1766523099748
3,1.0,1766523100542
3,1.0,1766523101156
3,1.0,1766523101968
3,1.0,1766523102601
3,1.0,1766523103171
3,0.73,1766523104000
3,1.0,1766523104624
3,1.0,1766523105299
3,1.0,1766523106133
3,1.0,1766523106721
3,1.0,1766523107575
3,1.0,1766523108251
3,1.0,1766523108810
3,0.99,1766523109630
3,1.0,1766523110262
3,1.0,1766523111038
3,1.0,1766523111774
3,1.0,1766523112314
3,1.0,1766523113147
3,1.0,1766523113800
3,1.0,1766523114320
3,1.0,1766523115178
3,1.0,1766523115772
3,1.0,1766523116351
3,0.38,1766523117260
3,1.0,1766523117835
3,1.0,1766523118589
3,1.0,1766523119338
3,1.0,1766523119906
3,1.0,1766523120813
3,1.0,1766523121442
3,1.0,1766523122057
3,0.57,1766523122886
3,1.0,1766523123484
3,1.0,1766523124265
3,1.0,1766523125015
3,1.0,1766523125622
3,1.0,1766523126503
3,1.0,1766523127085
3,1.0,1766523127750
3,1.0,1766523128577
3,1.0,1766523129123
3,1.0,1766523129905
3,1.0,1766523130663
3,1.0,1766523131327
3,1.0,1766523132143
3,1.0,1766523132733
3,1.0,1766523133379
3,0.65,1766523134241
3,1.0,1766523134852
3,1.0,1766523135650
3,1.0,1766523136323
3,1.0,1766523136922
3,1.0,1766523137784
3,1.0,1766523138335
3,1.0,1766523139032
3,1.0,1766523139845
3,1.0,1766523140384
3,1.0,1766523141169
3,0.91,1766523141897
3,1.0,1766523142564
3,1.0,1766523143432
3,1.0,1766523143987
3,1.0,1766523144681
3,1.0,1766523145484
3,1.0,1766523146049
3,0.99,1766523146842
3,1.0,1766523147563
3,1.0,1766523148205
3,1.0,1766523149069
3,1.0,1766523149637
3,1.0,1766523150306
3,1.0,1766523151137
3,1.0,1766523151755
3,1.0,1766523152538
3,0.78,1766523153219
3,1.0,1766523153864
3,1.0,1766523154670
3,1.0,1766523155245
3,1.0,1766523155950
3,1.0,1766523156721
3,1.0,1766523157333
3,1.0,1766523158115
3,0.99,1766523158772
3,1.0,1766523159456
3,1.0,1766523160268
3,1.0,1766523160857
3,1.0,1766523161567
3,0.99,1766523162338
3,1.0,1766523162941
3,1.0,1766523163697
3,0.99,1766523164402
3,1.0,1766523165117
3,1.0,1766523165905
3,1.0,1766523166510
3,1.0,1766523167288
3,1.0,1766523168003
3,1.0,1766523168655
3,1.0,1766523169453
3,0.99,1766523170077
3,1.0,1766523170768
3,1.0,1766523171514
3,1.0,1766523172084
3,1.0,1766523172769
3,1.0,1766523173533
3,1.0,1766523174155
3,1.0,1766523174911
3,1.0,1766523175566
3,1.0,1766523176250
3,1.0,1766523177004
3,1.0,1766523177649
3,1.0,1766523178433
3,1.0,1766523179116
3,1.0,1766523179775
3,1.0,1766523180489
3,1.0,1766523181168
3,1.0,1766523181891
3,1.0,1766523182616
3,1.0,1766523183280
3,1.0,1766523183987
3,1.0,1766523184696
3,1.0,1766523185332
3,1.0,1766523186149
3,0.99,1766523186826
3,1.0,1766523187560
3,1.0,1766523188287
3,1.0,1766523188942
3,1.0,1766523189618
3,1.0,1766523190290
3,1.0,1766523190972
3,1.0,1766523191725
3,0.99,1766523192424
3,1.0,1766523193213
3,1.0,1766523193947
3,1.0,1766523194641
3,1.0,1766523195376
3,0.99,1766523196050
3,1.0,1766523196774
3,1.0,1766523197439
3,1.0,1766523198126
3,1.0,1766523198817
3,1.0,1766523199500
3,1.0,1766523200146
3,1.0,1766523200843
3,1.0,1766523201553
3,1.0,1766523202229
3,1.0,1766523202908
3,0.99,1766523203648
3,1.0,1766523204381
3,1.0,1766523205072
3,1.0,1766523205785
3,1.0,1766523206472
3,1.0,1766523207116
3,1.0,1766523207878
3,1.0,1766523208616
3,1.0,1766523209241
3,1.0,1766523210024
3,1.0,1766523210674
3,1.0,1766523211355
3,1.0,1766523212113
3,1.0,1766523212789
3,1.0,1766523213650
3,1.0,1766523214292
3,1.0,1766523214943
3,1.0,1766523215711
3,1.0,1766523216356
3,1.0,1766523217132
3,1.0,1766523217813
3,1.0,1766523218472
3,1.0,1766523219276
3,1.0,1766523219914
3,1.0,1766523220652
3,1.0,1766523221363
3,1.0,1766523222040
3,1.0,1766523222867
3,0.99,1766523223520
3,1.0,1766523224196
3,1.0,1766523224928
3,1.0,1766523225573
3,1.0,1766523226319
3,1.0,1766523226965
3,1.0,1766523227653
3,1.0,1766523228422
3,1.0,1766523229035
3,0.99,1766523229751
3,1.0,1766523230495
3,1.0,1766523231154
3,1.0,1766523231966
3,1.0,1766523232601
3,1.0,1766523233237
3,1.0,1766523233959
3,1.0,1766523234546
3,1.0,1766523235251
3,1.0,1766523235986
3,0.99,1766523236583
3,1.0,1766523237241
3,1.0,1766523237968
3,1.0,1766523238634
3,1.0,1766523239429
3,1.0,1766523240060
3,1.0,1766523240804
3,1.0,1766523241577
3,1.0,1766523242156
3,1.0,1766523242965
3,1.0,1766523243644
3,1.0,1766523244328
3,1.0,1766523245120
3,1.0,1766523245717
3,0.99,1766523246548
3,1.0,1766523247240
3,1.0,1766523247858
3,1.0,1766523248649
3,1.0,1766523249258
3,1.0,1766523249870
3,1.0,1766523250681
3,1.0,1766523251252
3,1.0,1766523251992
3,1.0,1766523252754
3,1.0,1766523253332
3,0.99,1766523254166
3,1.0,1766523254794
3,1.0,1766523255488
3,1.0,1766523256360
3,1.0,1766523256927
3,0.99,1766523257740
3,1.0,1766523258416
3,1.0,1766523258993
3,1.0,1766523259884
3,1.0,1766523260455
3,1.0,1766523261173
3,1.0,1766523261972
3,1.0,1766523262505
3,1.0,1766523263343
3,1.0,1766523264025
3,1.0,1766523264655
3,1.0,1766523265538
3,1.0,1766523266105
3,1.0,1766523266830
3,1.0,1766523267624
3,1.0,1766523268201
3,1.0,1766523269032
3,1.0,1766523269672
3,1.0,1766523270349
3,1.0,1766523271203
3,1.0,1766523271726
3,1.0,1766523272484
3,1.0,1766523273199
3,1.0,1766523273770
3,1.0,1766523274618
3,1.0,1766523275261
3,1.0,1766523275959
3,1.0,1766523276794
3,1.0,1766523277295
3,1.0,1766523278033
3,1.0,1766523278794
3,1.0,1766523279326
3,1.0,1766523280163
3,1.0,1766523280829
3,1.0,1766523281426
3,1.0,1766523282272
3,1.0,1766523282890
3,1.0,1766523283566
3,1.0,1766523284346
3,1.0,1766523284942
3,0.99,1766523285719
3,1.0,1766523286428
3,1.0,1766523287056
3,1.0,1766523287890
3,1.0,1766523288442
3,1.0,1766523289175
3,1.0,1766523289969
3,1.0,1766523290574
3,1.0,1766523291448
3,1.0,1766523292051
3,1.0,1766523292734
3,1.0,1766523293557
3,1.0,1766523294093
3,1.0,1766523294843
3,1.0,1766523295610
3,0.99,1766523296238
3,1.0,1766523297158
3,1.0,1766523297713
3,1.0,1766523298411
3,1.0,1766523299229
3,1.0,1766523299829
3,1.0,1766523300687
3,1.0,1766523301350
3,1.0,1766523301999
3,1.0,1766523302817
3,1.0,1766523303354
3,1.0,1766523304130
3,1.0,1766523304862
3,1.0,1766523305462
3,1.0,1766523306346
3,1.0,1766523306949
3,1.0,1766523307617
3,1.0,1766523308426
3,1.0,1766523308985
3,1.0,1766523309841
3,1.0,1766523310545
3,1.0,1766523311192
3,1.0,1766523312066
3,1.0,1766523312618
3,1.0,1766523313317
3,1.0,1766523314094
3,1.0,1766523314673
3,1.0,1766523315509
3,1.0,1766523316202
3,1.0,1766523316872
3,1.0,1766523317756
3,1.0,1766523318298
3,1.0,1766523319057
3,1.0,1766523319829
3,1.0,1766523320477
3,1.0,1766523321334
3,1.0,1766523321930
3,1.0,1766523322670
3,1.0,1766523323443
3,1.0,1766523324017
3,1.0,1766523324840
3,1.0,1766523325462
3,1.0,1766523326111
3,1.0,1766523326956
3,1.0,1766523327491
3,1.0,1766523328211
3,1.0,1766523328959
3,1.0,1766523329507
3,0.99,1766523330340
3,1.0,1766523331029
3,1.0,1766523331656
3,1.0,1766523332515
3,1.0,1766523333065
3,1.0,1766523333787
3,1.0,1766523334588
3,1.0,1766523335163
3,0.99,1766523335968
3,1.0,1766523336614
3,1.0,1766523337231
3,1.0,1766523338060
3,1.0,1766523338640
3,1.0,1766523339322
3,1.0,1766523340132
3,1.0,1766523340692
3,1.0,1766523341488
3,1.0,1766523342192
3,0.99,1766523342876
3,1.0,1766523343728
3,1.0,1766523344278
3,1.0,1766523345003
3,1.0,1766523345761
3,1.0,1766523346335
3,0.99,1766523347226
3,1.0,1766523347830
3,1.0,1766523348501
3,1.0,1766523349299
3,1.0,1766523349818
3,1.0,1766523350475
3,1.0,1766523351263
3,1.0,1766523351809
3,1.0,1766523352642
3,1.0,1766523353301
3,1.0,1766523353936
3,1.0,1766523354809
3,1.0,1766523355359
3,1.0,1766523356074
3,1.0,1766523356805
3,1.0,1766523357344
3,1.0,1766523358109
3,1.0,1766523358793
3,1.0,1766523359348
3,1.0,1766523360143
3,1.0,1766523360788
3,1.0,1766523361496
3,1.0,1766523362292
3,1.0,1766523362861
3,1.0,1766523363643
3,1.0,1766523364391
3,1.0,1766523365009
3,1.0,1766523365872
3,1.0,1766523366492
3,1.0,1766523367165
3,1.0,1766523367926
3,1.0,1766523368490
3,1.0,1766523369273
3,1.0,1766523370006
3,1.0,1766523370705
3,1.0,1766523371500
3,1.0,1766523372049
3,1.0,1766523372719
3,1.0,1766523373524
3,1.0,1766523374064
3,0.99,1766523374847
3,1.0,1766523375560
3,1.0,1766523376209
3,1.0,1766523377059
3,1.0,1766523377628
3,1.0,1766523378376
3,1.0,1766523379122
3,1.0,1766523379687
3,1.0,1766523380481
3,1.0,1766523381147
3,1.0,1766523381825
3,1.0,1766523382661
3,1.0,1766523383211
3,1.0,1766523383899
3,1.0,1766523384689
3,1.0,1766523385252
3,1.0,1766523386043
3,1.0,1766523386727
3,1.0,1766523387371
3,1.0,1766523388215
3,1.0,1766523388739
3,1.0,1766523389447
3,1.0,1766523390215
3,1.0,1766523390787
3,0.99,1766523391621
3,1.0,1766523392293
3,1.0,1766523392946
3,1.0,1766523393764
3,1.0,1766523394311
3,1.0,1766523395051
3,1.0,1766523395774
3,1.0,1766523396310
3,1.0,1766523397047
3,1.0,1766523397790
3,1.0,1766523398434
3,1.0,1766523399233
3,1.0,1766523399844
3,1.0,1766523400505
3,1.0,1766523401291
3,1.0,1766523401891
3,0.99,1766523402649
3,1.0,1766523403362
3,1.0,1766523404026
3,1.0,1766523404866
3,1.0,1766523405409
3,0.99,1766523406192
3,1.0,1766523406982
3,1.0,1766523407588
3,1.0,1766523408457
3,1.0,1766523409064
3,1.0,1766523409744
3,1.0,1766523410549
3,1.0,1766523411110
3,1.0,1766523411949
3,1.0,1766523412653
3,1.0,1766523413272
3,1.0,1766523414092
3,1.0,1766523414665
3,1.0,1766523415332
3,1.0,1766523416125
3,1.0,1766523416712
3,1.0,1766523417491
3,1.0,1766523418158
3,1.0,1766523418757
3,1.0,1766523419608
3,1.0,1766523420228
3,1.0,1766523420921
3,1.0,1766523421727
3,0.99,1766523422314
3,1.0,1766523423101
3,1.0,1766523423817
3,1.0,1766523424452
3,1.0,1766523425297
3,1.0,1766523425863
3,1.0,1766523426568
3,1.0,1766523427377
3,1.0,1766523427941
3,1.0,1766523428759
3,1.0,1766523429392
3,1.0,1766523430024
3,1.0,1766523430825
3,1.0,1766523431446
3,1.0,1766523432144
3,1.0,1766523432950
3,1.0,1766523433503
3,1.0,1766523434269
3,1.0,1766523434987
3,1.0,1766523435671
3,1.0,1766523436500
3,0.99,1766523437037
3,1.0,1766523437719
3,1.0,1766523438483
3,1.0,1766523439100
3,1.0,1766523439934
3,1.0,1766523440597
3,1.0,1766523441304
3,1.0,1766523442122
3,1.0,1766523442671
3,1.0,1766523443430
3,1.0,1766523444212
3,1.0,1766523444818
3,1.0,1766523445636
3,1.0,1766523446219
3,1.0,1766523446896
3,1.0,1766523447720
3,1.0,1766523448301
3,0.99,1766523449059
3,1.0,1766523449800
3,1.0,1766523450460
3,1.0,1766523451181
3,1.0,1766523451760
3,1.0,1766523452450
3,1.0,1766523453161
3,0.99,1766523453771
3,1.0,1766523454494
3,1.0,1766523455188
3,1.0,1766523455826
3,1.0,1766523456563
3,1.0,1766523457192
3,1.0,1766523457891
3,1.0,1766523458672
3,1.0,1766523459248
3,1.0,1766523459981
3,1.0,1766523460666
3,0.99,1766523461280
3,1.0,1766523462006
3,1.0,1766523462661
3,1.0,1766523463273
3,1.0,1766523464075
3,1.0,1766523464656
3,1.0,1766523465360
3,1.0,1766523466119
3,1.0,1766523466737
3,1.0,1766523467462
3,1.0,1766523468119
3,1.0,1766523468754
3,0.99,1766523469523
3,1.0,1766523470154
3,1.0,1766523470853
3,1.0,1766523471594
3,1.0,1766523472173
4,1.0,1766523472883
4,1.0,1766523473596
4,1.0,1766523474174
4,1.0,1766523474926
4,1.0,1766523475627
4,1.0,1766523476293
4,1.0,1766523477037
4,1.0,1766523477627
4,1.0,1766523478344
4,1.0,1766523479119
4,1.0,1766523479720
4,0.88,1766523480564
4,1.0,1766523481235
4,1.0,1766523481911
4,1.0,1766523482720
4,1.0,1766523483310
4,1.0,1766523484069
4,1.0,1766523484794
4,1.0,1766523485400
4,0.99,1766523486187
4,1.0,1766523486835
4,1.0,1766523487475
4,1.0,1766523488257
4,1.0,1766523488838
4,1.0,1766523489532
4,1.0,1766523490256
4,1.0,1766523490876
4,1.0,1766523491686
4,1.0,1766523492337
4,1.0,1766523492954
4,1.0,1766523493793
4,1.0,1766523494399
4,1.0,1766523495107
4,1.0,1766523495840
4,1.0,1766523496392
4,1.0,1766523497231
4,1.0,1766523497868
4,0.99,1766523498473
4,0.99,1766523499272
4,1.0,1766523499849
4,1.0,1766523500573
4,1.0,1766523501306
4,1.0,1766523501880
4,1.0,1766523502656
4,1.0,1766523503358
4,1.0,1766523503934
4,1.0,1766523504700
4,1.0,1766523505325
4,1.0,1766523505968
4,1.0,1766523506822
4,1.0,1766523507411
4,1.0,1766523508179
4,1.0,1766523508895
4,1.0,1766523509496
4,1.0,1766523510339
4,1.0,1766523510959
4,1.0,1766523511574
4,1.0,1766523512354
4,1.0,1766523512943
4,1.0,1766523513661
4,1.0,1766523514413
4,1.0,1766523514972
4,1.0,1766523515820
4,1.0,1766523516440
4,1.0,1766523517031
4,1.0,1766523517874
4,1.0,1766523518440
4,1.0,1766523519117
4,1.0,1766523519903
4,1.0,1766523520460
4,1.0,1766523521158
4,1.0,1766523521900
4,1.0,1766523522478
4,1.0,1766523523255
4,1.0,1766523523879
4,1.0,1766523524450
4,1.0,1766523525307
4,1.0,1766523526704
4,0.88,1766523527592
4,1.0,1766523528145
4,1.0,1766523528895
4,0.63,1766523529622
4,1.0,1766523530198
4,1.0,1766523531016
4,1.0,1766523531669
4,1.0,1766523532251
4,1.0,1766523533100
4,1.0,1766523533631
4,1.0,1766523534241
4,1.0,1766523535081
4,1.0,1766523535636
4,1.0,1766523536332
4,1.0,1766523537026
4,1.0,1766523537573
4,1.0,1766523538360
4,1.0,1766523539052
4,1.0,1766523539652
4,1.0,1766523540497
4,1.0,1766523541078
4,1.0,1766523541689
4,0.33,1766523542547
4,1.0,1766523543105
4,1.0,1766523543876
4,0.64,1766523544603
4,1.0,1766523545196
4,1.0,1766523546117
4,1.0,1766523546711
4,1.0,1766523547338
4,0.72,1766523548194
4,1.0,1766523548754
4,0.99,1766523549599
4,1.0,1766523550301
4,1.0,1766523550894
4,1.0,1766523551753
4,1.0,1766523552287
4,1.0,1766523552944
4,1.0,1766523553754
4,1.0,1766523554333
4,1.0,1766523555120
4,1.0,1766523555783
4,1.0,1766523556400
4,1.0,1766523557243
4,1.0,1766523557866
4,1.0,1766523558591
4,1.0,1766523559353
4,1.0,1766523559928
4,1.0,1766523560688
4,0.99,1766523561387
4,1.0,1766523561961
4,1.0,1766523562737
4,1.0,1766523563265
4,1.0,1766523563781
4,1.0,1766523564584
4,1.0,1766523565125
4,1.0,1766523565642
4,1.0,1766523566369
4,1.0,1766523566942
4,1.0,1766523567464
4,1.0,1766523568189
4,0.99,1766523568775
4,1.0,1766523569311
4,1.0,1766523570014
4,1.0,1766523570597
4,1.0,1766523571117
4,1.0,1766523571827
4,1.0,1766523572404
4,1.0,1766523572935
4,0.99,1766523573624
4,0.99,1766523574243
4,1.0,1766523574791
4,1.0,1766523575430
4,1.0,1766523576077
4,1.0,1766523576575
4,1.0,1766523577233
4,1.0,1766523577878
4,1.0,1766523578415
4,1.0,1766523579083
4,1.0,1766523579757
4,1.0,1766523580298
4,1.0,1766523580984
4,1.0,1766523581647
4,1.0,1766523582149
4,1.0,1766523582820
4,1.0,1766523583498
4,1.0,1766523584007
4,1.0,1766523584661
4,1.0,1766523585287
4,1.0,1766523585814
4,1.0,1766523586474
4,1.0,1766523587156
4,1.0,1766523587690
4,1.0,1766523588365
4,1.0,1766523589027
4,1.0,1766523589572
4,1.0,1766523590240
4,1.0,1766523590890
4,1.0,1766523591431
4,1.0,1766523592035
4,1.0,1766523592732
4,1.0,1766523593262
4,1.0,1766523593914
4,1.0,1766523594548
4,1.0,1766523595097
4,1.0,1766523595751
4,1.0,1766523596429
4,1.0,1766523596936
4,1.0,1766523597531
4,1.0,1766523598189
4,1.0,1766523598709
4,1.0,1766523599360
4,1.0,1766523600070
4,1.0,1766523600608
4,1.0,1766523601223
4,1.0,1766523601903
4,1.0,1766523602534
4,1.0,1766523603104
4,1.0,1766523603724
4,1.0,1766523604327
4,1.0,1766523604895
4,1.0,1766523605510
4,1.0,1766523606259
4,1.0,1766523606849
4,1.0,1766523607461
4,1.0,1766523608063
4,1.0,1766523608664
4,1.0,1766523609319
4,1.0,1766523609960
4,1.0,1766523610545
4,1.0,1766523611187
4,1.0,1766523611806
4,1.0,1766523612365
4,1.0,1766523612986
4,1.0,1766523613610
4,1.0,1766523614236
4,1.0,1766523614859
4,1.0,1766523615479
4,1.0,1766523616090
4,1.0,1766523616708
4,1.0,1766523617360
4,1.0,1766523617958
4,1.0,1766523618579
4,1.0,1766523619229
4,1.0,1766523619812
4,1.0,1766523620465
4,1.0,1766523621108
4,1.0,1766523621717
4,1.0,1766523622322
4,1.0,1766523622945
4,1.0,1766523623536
4,1.0,1766523624197
4,1.0,1766523624821
4,1.0,1766523625438
4,1.0,1766523626056
4,1.0,1766523626664
4,1.0,1766523627260
4,1.0,1766523627887
4,1.0,1766523628495
4,1.0,1766523629125
4,1.0,1766523629770
4,1.0,1766523630396
4,1.0,1766523630977
4,1.0,1766523631605
4,1.0,1766523632241
4,1.0,1766523632822
4,1.0,1766523633446
4,1.0,1766523634086
4,1.0,1766523634676
4,1.0,1766523635325
4,1.0,1766523635964
4,1.0,1766523636536
4,1.0,1766523637185
4,1.0,1766523637829
4,1.0,1766523638409
4,1.0,1766523639044
4,1.0,1766523639671
4,1.0,1766523640245
4,1.0,1766523640881
4,1.0,1766523641483
4,1.0,1766523642079
4,1.0,1766523642709
4,1.0,1766523643360
4,1.0,1766523643936
4,1.0,1766523644575
4,1.0,1766523645213
4,1.0,1766523645791
4,1.0,1766523646457
4,1.0,1766523647128
4,1.0,1766523647704
4,1.0,1766523648294
4,1.0,1766523648916
4,1.0,1766523649497
4,1.0,1766523650110
4,1.0,1766523650746
4,1.0,1766523651350
4,1.0,1766523651959
4,1.0,1766523652574
4,1.0,1766523653171
4,1.0,1766523653807
4,1.0,1766523654413
4,1.0,1766523654984
4,1.0,1766523655594
4,1.0,1766523656206
4,1.0,1766523656813
4,1.0,1766523657394
4,1.0,1766523658025
4,1.0,1766523658667
4,1.0,1766523659260
4,1.0,1766523659873
4,1.0,1766523660517
4,1.0,1766523661109
4,0.99,1766523661700
4,1.0,1766523662336
4,1.0,1766523662934
4,1.0,1766523663537
4,1.0,1766523664161
4,1.0,1766523664800
4,1.0,1766523665396
4,1.0,1766523666043
4,1.0,1766523666608
4,1.0,1766523667196
4,1.0,1766523667860
4,1.0,1766523668426
4,0.99,1766523669035
4,1.0,1766523669672
4,1.0,1766523670239
4,1.0,1766523670819
4,1.0,1766523671447
4,1.0,1766523671984
4,1.0,1766523672604
4,1.0,1766523673238
4,1.0,1766523673776
4,1.0,1766523674377
4,1.0,1766523674977
4,1.0,1766523675522
4,1.0,1766523676158
4,1.0,1766523676782
4,1.0,1766523677350
4,1.0,1766523677976
4,1.0,1766523678593
4,1.0,1766523679165
4,1.0,1766523679748
4,1.0,1766523680373
4,1.0,1766523680954
4,1.0,1766523681592
4,1.0,1766523682270
4,1.0,1766523682853
4,1.0,1766523683433
4,1.0,1766523684119
4,1.0,1766523684717
4,1.0,1766523685317
4,1.0,1766523685983
4,1.0,1766523686553
4,1.0,1766523687124
4,1.0,1766523687767
4,1.0,1766523688322
4,1.0,1766523688898
4,1.0,1766523689563
4,1.0,1766523690172
4,1.0,1766523690728
4,1.0,1766523691410
4,1.0,1766523692041
4,1.0,1766523692604
4,1.0,1766523693258
4,1.0,1766523693898
4,1.0,1766523694480
4,1.0,1766523695124
4,1.0,1766523695732
4,1.0,1766523696309
4,1.0,1766523697002
4,1.0,1766523697592
4,1.0,1766523698161
4,0.99,1766523698851
4,1.0,1766523699445
4,1.0,1766523699980
4,1.0,1766523700628
4,1.0,1766523701236
4,1.0,1766523701759
4,1.0,1766523702434
4,1.0,1766523703071
4,1.0,1766523703600
4,1.0,1766523704279
4,1.0,1766523704894
4,1.0,1766523705429
4,1.0,1766523706099
4,1.0,1766523706844
4,1.0,1766523707470
4,1.0,1766523708154
4,1.0,1766523708738
4,1.0,1766523709269
4,1.0,1766523709928
4,1.0,1766523710530
4,1.0,1766523711052
4,1.0,1766523711739
4,1.0,1766523712382
4,1.0,1766523712896
4,1.0,1766523713542
4,1.0,1766523714165
4,1.0,1766523714679
4,1.0,1766523715343
4,1.0,1766523716024
4,1.0,1766523716546
4,1.0,1766523717168
4,1.0,1766523717788
4,1.0,1766523718322
4,1.0,1766523718941
4,1.0,1766523719583
4,1.0,1766523720138
4,1.0,1766523720755
4,1.0,1766523721398
4,1.0,1766523721967
4,1.0,1766523722531
4,1.0,1766523723204
4,1.0,1766523723761
4,1.0,1766523724335
4,1.0,1766523724969
4,1.0,1766523725566
4,1.0,1766523726168
4,1.0,1766523726858
4,1.0,1766523727443
4,1.0,1766523728030
4,1.0,1766523728713
4,1.0,1766523729296
4,1.0,1766523729874
4,1.0,1766523730569
4,1.0,1766523731146
4,1.0,1766523731714
4,1.0,1766523732448
4,1.0,1766523733028
4,1.0,1766523733580
4,1.0,1766523734300
4,1.0,1766523734882
4,1.0,1766523735451
4,1.0,1766523736097
4,1.0,1766523736691
4,1.0,1766523737216
4,1.0,1766523737895
4,1.0,1766523738502
4,1.0,1766523739047
4,1.0,1766523739730
4,1.0,1766523740355
4,1.0,1766523740919
4,1.0,1766523741599
4,1.0,1766523742194
4,1.0,1766523742735
4,1.0,1766523743432
4,1.0,1766523744068
4,1.0,1766523744613
4,1.0,1766523745343
4,1.0,1766523745984
4,1.0,1766523746526
4,1.0,1766523747222
4,1.0,1766523747838
4,1.0,1766523748392
4,1.0,1766523749048
4,1.0,1766523749684
4,1.0,1766523750207
4,1.0,1766523750870
4,1.0,1766523751487
4,1.0,1766523752006
4,1.0,1766523752623
4,1.0,1766523753257
4,1.0,1766523753761
4,1.0,1766523754389
4,1.0,1766523755026
4,1.0,1766523755556
4,1.0,1766523756213
4,1.0,1766523756919
4,1.0,1766523757465
4,1.0,1766523758126
4,1.0,1766523758775
4,1.0,1766523759291
4,1.0,1766523759904
4,1.0,1766523760587
4,1.0,1766523761118
4,1.0,1766523761743
4,1.0,1766523762449
4,1.0,1766523762977
4,1.0,1766523763588
4,1.0,1766523764300
4,1.0,1766523764824
4,1.0,1766523765501
4,1.0,1766523766200
4,1.0,1766523766729
4,1.0,1766523767371
4,0.99,1766523768065
4,1.0,1766523768573
4,1.0,1766523769196
4,1.0,1766523769874
4,1.0,1766523770390
4,1.0,1766523771013
4,1.0,1766523771725
4,1.0,1766523772251
4,1.0,1766523772864
4,0.99,1766523773575
4,1.0,1766523774086
4,1.0,1766523774643
4,1.0,1766523775357
4,1.0,1766523775893
4,1.0,1766523776454
4,0.99,1766523777155
4,1.0,1766523777731
4,1.0,1766523778273
4,1.0,1766523778997
4,1.0,1766523779564
4,1.0,1766523780111
4,1.0,1766523780838
4,1.0,1766523781392
4,1.0,1766523781935
4,1.0,1766523782618
4,1.0,1766523783202
4,1.0,1766523783755
4,1.0,1766523784512
4,1.0,1766523785069
4,1.0,1766523785580
4,1.0,1766523786336
4,1.0,1766523786910
4,1.0,1766523787425
4,1.0,1766523788125
4,1.0,1766523788721
4,1.0,1766523789246
4,1.0,1766523790011
4,1.0,1766523790580
4,1.0,1766523791090
4,1.0,1766523791798
4,1.0,1766523792417
4,1.0,1766523792934
4,1.0,1766523793679
4,1.0,1766523794275
4,1.0,1766523794777
4,1.0,1766523795479
4,1.0,1766523796112
4,1.0,1766523796610
4,1.0,1766523797283
4,1.0,1766523797929
4,1.0,1766523798466
4,1.0,1766523799162
4,1.0,1766523799798
4,1.0,1766523800320
4,1.0,1766523800966
4,1.0,1766523801620
4,1.0,1766523802133
4,1.0,1766523802774
4,1.0,1766523803446
4,1.0,1766523803958
4,1.0,1766523804601
4,1.0,1766523805261
4,1.0,1766523805757
4,1.0,1766523806370
4,1.0,1766523807058
4,1.0,1766523807546
4,1.0,1766523808123
4,1.0,1766523808847
4,1.0,1766523809354
4,1.0,1766523809918
4,1.0,1766523810679
4,1.0,1766523811231
4,0.99,1766523811817
4,1.0,1766523812549
4,1.0,1766523813071
4,1.0,1766523813657
4,1.0,1766523814424
4,1.0,1766523814961
4,1.0,1766523815563
4,1.0,1766523816281
4,1.0,1766523816808
4,1.0,1766523817385
4,1.0,1766523818150
4,1.0,1766523818682
4,1.0,1766523819302
4,1.0,1766523820020
4,1.0,1766523820557
4,1.0,1766523821154
4,1.0,1766523821891
4,1.0,1766523822397
4,1.0,1766523822960
4,1.0,1766523823740
4,1.0,1766523824263
4,1.0,1766523824848
4,1.0,1766523825568
4,1.0,1766523826096
4,1.0,1766523827099
4,1.0,1766523827729
4,1.0,1766523828242
4,1.0,1766523828887
4,1.0,1766523829606
4,1.0,1766523830128
4,1.0,1766523830839
4,1.0,1766523831485
4,1.0,1766523831965
4,1.0,1766523832591
4,0.99,1766523833280
4,1.0,1766523833757
4,1.0,1766523834374
4,1.0,1766523835101
4,1.0,1766523835598
4,1.0,1766523836143
4,0.99,1766523836916
4,1.0,1766523837418
4,1.0,1766523838003
4,1.0,1766523838767
4,1.0,1766523839282
4,1.0,1766523839878
4,1.0,1766523840635
4,1.0,1766523841146
4,0.99,1766523841701
4,0.99,1766523842448
4,1.0,1766523842953
4,1.0,1766523843548
4,0.99,1766523844287
4,1.0,1766523844801
4,1.0,1766523845360
4,1.0,1766523846170
4,1.0,1766523846680
4,1.0,1766523847249
4,1.0,1766523847987
4,1.0,1766523848490
4,1.0,1766523849046
4,1.0,1766523849812
4,1.0,1766523850327
4,1.0,1766523850882
4,1.0,1766523851650
4,1.0,1766523852159
4,1.0,1766523852703
4,1.0,1766523853490
4,1.0,1766523853991
4,1.0,1766523854506
4,1.0,1766523855304
4,1.0,1766523855828
4,1.0,1766523856377
4,1.0,1766523857158
4,1.0,1766523857661
4,1.0,1766523858152
4,1.0,1766523858869
4,0.98,1766523859466
4,1.0,1766523859973
4,1.0,1766523860767
4,1.0,1766523861319
4,1.0,1766523861816
4,1.0,1766523862513
4,1.0,1766523863142
4,1.0,1766523863618
4,1.0,1766523864318
4,1.0,1766523864970
4,1.0,1766523865460
4,1.0,1766523866150
4,1.0,1766523866787
4,1.0,1766523867298
4,1.0,1766523867997
4,1.0,1766523868669
4,1.0,1766523869164
4,1.0,1766523869825
4,1.0,1766523870486
4,1.0,1766523870998
4,1.0,1766523871701
4,1.0,1766523872349
4,1.0,1766523872855
4,1.0,1766523873575
4,1.0,1766523874265
4,1.0,1766523874746
4,1.0,1766523875407
4,0.99,1766523876071
4,1.0,1766523876543
4,1.0,1766523877209
4,1.0,1766523877914
4,1.0,1766523878435
4,1.0,1766523879088
4,0.99,1766523879782
4,1.0,1766523880285
4,1.0,1766523880925
4,1.0,1766523881602
4,1.0,1766523882128
4,1.0,1766523882763
4,1.0,1766523883433
4,1.0,1766523883945
4,1.0,1766523884520
4,1.0,1766523885260
4,1.0,1766523885780
4,1.0,1766523886357
4,1.0,1766523887106
4,1.0,1766523887624
4,1.0,1766523888212
4,1.0,1766523888955
4,1.0,1766523889465
4,1.0,1766523890075
4,1.0,1766523890787
4,1.0,1766523891302
4,1.0,1766523891890
4,1.0,1766523892631
4,1.0,1766523893154
4,1.0,1766523893750
4,1.0,1766523894493
4,1.0,1766523894987
4,1.0,1766523895559
4,1.0,1766523896278
4,1.0,1766523896796
4,1.0,1766523897319
4,1.0,1766523898054
4,1.0,1766523898604
4,1.0,1766523899127
4,1.0,1766523899883
4,0.99,1766523900450
4,1.0,1766523901010
4,1.0,1766523901769
4,1.0,1766523902349
4,1.0,1766523902860
4,1.0,1766523903578
4,0.99,1766523904140
4,1.0,1766523904673
4,1.0,1766523905397
4,1.0,1766523906016
4,1.0,1766523906545
4,1.0,1766523907253
4,0.99,1766523907833
4,1.0,1766523908358
4,1.0,1766523909066
4,1.0,1766523909677
4,1.0,1766523910182
4,1.0,1766523910841
4,1.0,1766523911445
4,1.0,1766523911931
4,1.0,1766523912593
4,1.0,1766523913273
4,1.0,1766523913791
4,1.0,1766523914497
4,0.99,1766523915172
4,1.0,1766523915677
4,1.0,1766523916321
4,1.0,1766523916983
4,1.0,1766523917512
4,1.0,1766523918164
4,1.0,1766523918861
4,1.0,1766523919400
4,1.0,1766523920051
4,1.0,1766523920718
4,1.0,1766523921262
4,1.0,1766523921902
4,1.0,1766523922562
4,1.0,1766523923082
4,1.0,1766523923753
4,1.0,1766523924356
4,1.0,1766523924850
4,1.0,1766523925450
4,1.0,1766523926135
4,1.0,1766523926657
4,1.0,1766523927244
4,1.0,1766523927958
4,1.0,1766523928486
4,1.0,1766523929099
4,1.0,1766523929817
4,0.99,1766523930341
4,1.0,1766523930915
4,1.0,1766523931637
4,1.0,1766523932179
4,1.0,1766523932784
4,1.0,1766523933455
4,1.0,1766523934028
4,1.0,1766523934613
4,1.0,1766523935323
4,1.0,1766523935875
4,1.0,1766523936469
4,1.0,1766523937208
4,1.0,1766523937758
4,1.0,1766523938332
4,1.0,1766523939048
4,1.0,1766523939586
4,1.0,1766523940198
4,1.0,1766523940897
4,1.0,1766523941450
4,1.0,1766523942032
4,1.0,1766523942761
4,0.99,1766523943307
4,1.0,1766523943892
4,1.0,1766523944633
4,1.0,1766523945224
4,1.0,1766523945830
4,1.0,1766523946506
4,0.99,1766523947056
4,1.0,1766523947657
4,0.99,1766523948341
4,0.99,1766523948881
4,1.0,1766523949486
4,1.0,1766523950211
4,1.0,1766523950772
4,1.0,1766523951371
4,1.0,1766523952019
4,1.0,1766523952571
4,1.0,1766523953153
4,1.0,1766523953847
4,0.99,1766523954402
4,1.0,1766523954985
4,1.0,1766523955701
4,1.0,1766523956266
4,1.0,1766523956838
4,1.0,1766523957533
4,0.99,1766523958123
4,1.0,1766523958700
4,1.0,1766523959397
4,1.0,1766523959932
4,1.0,1766523960465
4,0.99,1766523961158
4,1.0,1766523961759
4,1.0,1766523962300
4,0.99,1766523963007
4,1.0,1766523963597
4,1.0,1766523964132
4,1.0,1766523964860
4,1.0,1766523965430
4,1.0,1766523966017
4,1.0,1766523966737
4,0.99,1766523967308
4,1.0,1766523967833
4,1.0,1766523968510
4,1.0,1766523969094
4,1.0,1766523969610
4,1.0,1766523970293
4,1.0,1766523970917
4,1.0,1766523971429
4,1.0,1766523972107
4,1.0,1766523972782
4,1.0,1766523973299
4,1.0,1766523973930
4,1.0,1766523974544
4,1.0,1766523975051
4,1.0,1766523975729
4,1.0,1766523976394
4,1.0,1766523976907
4,1.0,1766523977540
4,1.0,1766523978241
4,1.0,1766523978763
4,1.0,1766523979407
4,1.0,1766523980074
4,1.0,1766523980622
4,1.0,1766523981243
4,1.0,1766523981927
4,1.0,1766523982460
4,1.0,1766523983100
4,1.0,1766523983776
4,1.0,1766523984299
4,1.0,1766523984943
4,1.0,1766523985637
4,1.0,1766523986160
4,1.0,1766523986843
4,1.0,1766523987499
4,1.0,1766523988031
4,1.0,1766523988717
4,1.0,1766523989387
4,1.0,1766523989909
4,1.0,1766523990556
4,1.0,1766523991214
4,1.0,1766523991763
4,1.0,1766523992419
4,1.0,1766523993098
4,1.0,1766523993600
4,1.0,1766523994234
4,1.0,1766523994932
4,1.0,1766523995482
4,1.0,1766523996102
4,1.0,1766523996765
4,1.0,1766523997294
4,1.0,1766523997932
4,1.0,1766523998629
4,1.0,1766523999165
4,1.0,1766523999812
4,1.0,1766524000490
4,0.99,1766524001032
4,1.0,1766524001671
4,1.0,1766524002372
4,1.0,1766524002912
4,1.0,1766524003533
4,1.0,1766524004212
4,1.0,1766524004738
4,1.0,1766524005335
4,1.0,1766524006009
4,1.0,1766524006562
4,1.0,1766524007153
4,1.0,1766524007808
4,1.0,1766524008349
4,1.0,1766524008930
4,1.0,1766524009546
4,1.0,1766524010096
4,1.0,1766524010648
4,0.99,1766524011329
4,0.99,1766524011902
4,1.0,1766524012433
4,1.0,1766524013092
4,1.0,1766524013735
4,1.0,1766524014266
4,1.0,1766524014944
4,1.0,1766524015561
4,1.0,1766524016080
4,1.0,1766524016734
4,1.0,1766524017368
4,1.0,1766524017918
4,1.0,1766524018543
4,1.0,1766524019175
4,1.0,1766524019678
4,1.0,1766524020258
4,1.0,1766524020938
4,1.0,1766524021454
4,1.0,1766524022084
4,1.0,1766524022737
4,1.0,1766524023254
4,1.0,1766524023834
4,1.0,1766524024578
4,1.0,1766524025129
4,1.0,1766524025742
4,1.0,1766524026480
4,1.0,1766524027020
4,1.0,1766524027591
4,1.0,1766524028256
4,1.0,1766524028816
4,1.0,1766524029409
4,1.0,1766524030093
4,0.99,1766524030688
4,1.0,1766524031269
4,1.0,1766524031928
4,0.99,1766524032521
4,1.0,1766524033074
4,1.0,1766524033770
4,1.0,1766524034353
4,1.0,1766524034910
4,1.0,1766524035572
4,1.0,1766524036155
4,1.0,1766524036678
4,1.0,1766524037378
4,1.0,1766524037986
4,1.0,1766524038515
4,1.0,1766524039194
4,1.0,1766524039812
4,1.0,1766524040335
4,1.0,1766524041003
4,1.0,1766524041609
4,1.0,1766524042132
4,1.0,1766524042820
4,1.0,1766524043469
4,1.0,1766524043968
4,1.0,1766524044614
4,1.0,1766524045255
4,1.0,1766524045787
4,1.0,1766524046431
4,1.0,1766524047047
4,1.0,1766524047587
4,1.0,1766524048202
4,1.0,1766524048864
4,1.0,1766524049379
4,1.0,1766524049972
4,1.0,1766524050659
4,1.0,1766524051182
4,1.0,1766524051754
4,1.0,1766524052435
4,1.0,1766524053001
4,1.0,1766524053591
4,1.0,1766524054283
4,1.0,1766524054840
4,1.0,1766524055447
4,1.0,1766524056152
4,1.0,1766524056716
4,1.0,1766524057276
5,1.0,1766524057961
5,1.0,1766524058537
5,1.0,1766524059079
5,1.0,1766524059824
5,1.0,1766524060390
5,1.0,1766524060934
5,1.0,1766524061716
5,0.99,1766524062272
5,1.0,1766524062814
5,1.0,1766524063543
5,0.99,1766524064140
5,1.0,1766524064672
5,1.0,1766524065366
5,1.0,1766524065939
5,1.0,1766524066473
5,1.0,1766524067172
5,1.0,1766524067759
5,1.0,1766524068301
5,1.0,1766524069000
5,1.0,1766524069556
5,1.0,1766524070068
5,1.0,1766524070712
5,1.0,1766524071358
5,1.0,1766524071883
5,1.0,1766524072495
5,1.0,1766524073161
5,1.0,1766524073695
5,1.0,1766524074290
5,1.0,1766524074937
5,1.0,1766524075450
5,1.0,1766524076044
5,1.0,1766524076677
5,1.0,1766524077221
5,1.0,1766524077782
5,1.0,1766524078435
5,0.99,1766524079005
5,1.0,1766524079536
5,1.0,1766524080176
5,1.0,1766524080785
5,1.0,1766524081314
5,1.0,1766524081977
5,1.0,1766524082603
5,1.0,1766524083150
5,1.0,1766524083801
5,1.0,1766524084399
5,1.0,1766524084916
5,1.0,1766524085518
5,1.0,1766524086200
5,1.0,1766524086740
5,1.0,1766524087396
5,1.0,1766524088040
5,1.0,1766524088590
5,1.0,1766524089259
5,1.0,1766524089904
5,1.0,1766524090421
5,1.0,1766524091088
5,1.0,1766524091709
5,1.0,1766524092261
5,1.0,1766524092868
5,1.0,1766524093479
5,0.99,1766524094024
5,1.0,1766524094677
5,1.0,1766524095338
5,1.0,1766524095895
5,1.0,1766524096535
5,1.0,1766524097196
5,1.0,1766524097763
5,1.0,1766524098451
5,1.0,1766524099102
5,0.99,1766524099680
5,1.0,1766524100298
5,1.0,1766524100932
5,1.0,1766524101495
5,1.0,1766524102121
5,1.0,1766524102768
5,1.0,1766524103339
5,1.0,1766524103928
5,1.0,1766524104579
5,1.0,1766524105164
5,1.0,1766524105782
5,1.0,1766524106455
5,0.99,1766524107050
5,1.0,1766524107664
5,1.0,1766524108289
5,0.99,1766524108881
5,1.0,1766524109513
5,1.0,1766524110136
5,0.99,1766524110692
5,1.0,1766524111320
5,1.0,1766524111938
5,0.99,1766524112517
5,1.0,1766524113123
5,1.0,1766524113733
5,1.0,1766524114338
5,1.0,1766524114967
5,1.0,1766524115573
5,0.99,1766524116192
5,1.0,1766524116810
5,1.0,1766524117453
5,0.99,1766524118050
5,1.0,1766524118665
5,1.0,1766524119282
5,1.0,1766524119869
5,1.0,1766524120468
5,1.0,1766524121033
5,1.0,1766524121614
5,1.0,1766524122188
5,1.0,1766524122790
5,1.0,1766524123409
5,1.0,1766524123967
5,1.0,1766524124577
5,1.0,1766524125182
5,1.0,1766524125740
5,1.0,1766524126341
5,1.0,1766524126944
5,1.0,1766524127507
5,1.0,1766524128131
5,1.0,1766524128768
5,1.0,1766524129358
5,1.0,1766524129996
5,1.0,1766524130565
5,0.99,1766524131121
5,1.0,1766524131743
5,1.0,1766524132350
5,1.0,1766524132918
5,1.0,1766524133566
5,1.0,1766524134235
5,0.99,1766524134762
5,1.0,1766524135381
5,1.0,1766524136048
5,1.0,1766524136630
5,1.0,1766524137283
5,1.0,1766524137947
5,1.0,1766524138507
5,1.0,1766524139173
5,1.0,1766524139827
5,1.0,1766524140378
5,1.0,1766524140992
5,1.0,1766524141624
5,1.0,1766524142195
5,1.0,1766524142822
5,1.0,1766524143455
5,1.0,1766524144037
5,1.0,1766524144671
5,1.0,1766524145336
5,1.0,1766524145911
5,1.0,1766524146548
5,0,1766524147190
5,1.0,1766524147729
5,1.0,1766524148511
5,1.0,1766524149104
5,1.0,1766524149646
5,1.0,1766524150445
5,1.0,1766524150966
5,1.0,1766524151456
5,1.0,1766524152228
5,1.0,1766524152811
5,1.0,1766524153334
5,1.0,1766524154078
5,1.0,1766524154638
5,1.0,1766524155133
5,1.0,1766524155855
5,1.0,1766524156472
5,1.0,1766524156962
5,1.0,1766524157619
5,1.0,1766524158291
5,1.0,1766524158796
5,0.99,1766524159465
5,0.99,1766524160152
5,1.0,1766524160664
5,1.0,1766524161317
5,1.0,1766524162006
5,1.0,1766524162526
5,1.0,1766524163190
5,1.0,1766524163851
5,1.0,1766524164353
5,1.0,1766524164975
5,0.99,1766524165698
5,1.0,1766524166229
5,1.0,1766524166889
5,1.0,1766524167581
5,1.0,1766524168079
5,1.0,1766524168660
5,1.0,1766524169351
5,1.0,1766524169841
5,1.0,1766524170385
5,100,1766524171099
5,1.0,1766524171588
5,1.0,1766524172114
5,1.0,1766524172889
5,1.0,1766524173406
5,1.0,1766524173944
5,1.0,1766524174732
5,1.0,1766524175261
5,1.0,1766524175785
5,1.0,1766524176635
5,1.0,1766524177133
5,1.0,1766524177646
5,1.0,1766524178383
5,1.0,1766524178925
5,1.0,1766524179429
5,1.0,1766524180205
5,1.0,1766524180760
5,1.0,1766524181266
5,1.0,1766524181998
5,1.0,1766524182570
5,1.0,1766524183062
5,1.0,1766524183774
5,1.0,1766524184377
5,1.0,1766524184873
5,1.0,1766524185656
5,1.0,1766524186224
5,1.0,1766524186734
5,1.0,1766524187459
5,1.0,1766524188064
5,1.0,1766524188571
5,1.0,1766524189284
5,1.0,1766524189896
5,1.0,1766524190396
5,1.0,1766524191070
5,1.0,1766524191727
5,1.0,1766524192236
5,1.0,1766524192874
5,1.0,1766524193552
5,1.0,1766524194062
5,1.0,1766524194723
5,1.0,1766524195421
5,1.0,1766524195934
5,1.0,1766524196596
5,1.0,1766524197308
5,1.0,1766524197805
5,1.0,1766524198509
5,1.0,1766524199185
5,1.0,1766524199671
5,1.0,1766524200347
5,1.0,1766524201028
5,1.0,1766524201521
5,1.0,1766524202182
5,0.99,1766524202880
5,1.0,1766524203389
5,1.0,1766524204062
5,1.0,1766524204735
5,1.0,1766524205246
5,1.0,1766524205890
5,1.0,1766524206630
5,1.0,1766524207134
5,1.0,1766524207790
5,1.0,1766524208456
5,1.0,1766524208951
5,1.0,1766524209580
5,1.0,1766524210308
5,1.0,1766524210818
5,1.0,1766524211459
5,1.0,1766524212154
5,1.0,1766524212666
5,1.0,1766524213313
5,1.0,1766524214010
5,1.0,1766524214521
5,1.0,1766524215170
5,1.0,1766524215871
5,1.0,1766524216371
5,1.0,1766524216963
5,1.0,1766524217675
5,1.0,1766524218186
5,1.0,1766524218818
5,1.0,1766524219547
5,1.0,1766524220066
5,1.0,1766524220667
5,1.0,1766524221386
5,1.0,1766524221896
5,0.99,1766524222493
5,1.0,1766524223225
5,1.0,1766524223737
5,1.0,1766524224327
5,1.0,1766524225048
5,1.0,1766524225565
5,1.0,1766524226111
5,0.99,1766524226849
5,1.0,1766524227367
5,1.0,1766524227929
5,1.0,1766524228686
5,1.0,1766524229218
5,1.0,1766524229785
5,1.0,1766524230561
5,1.0,1766524231079
5,1.0,1766524231614
5,1.0,1766524232340
5,1.0,1766524232891
5,1.0,1766524233402
5,1.0,1766524234154
5,0.99,1766524234701
5,1.0,1766524235224
5,1.0,1766524235962
5,1.0,1766524236528
5,1.0,1766524237058
5,1.0,1766524237851
5,1.0,1766524238414
5,1.0,1766524238939
5,1.0,1766524239647
5,1.0,1766524240231
5,1.0,1766524240744
5,1.0,1766524241483
5,1.0,1766524242074
5,1.0,1766524242607
5,1.0,1766524243327
5,1.0,1766524243938
5,1.0,1766524244435
5,1.0,1766524245178
5,1.0,1766524245819
5,1.0,1766524246378
5,1.0,1766524247141
5,1.0,1766524247704
5,1.0,1766524248213
5,1.0,1766524248909
5,1.0,1766524249527
5,1.0,1766524250047
5,1.0,1766524250745
5,1.0,1766524251358
5,1.0,1766524251878
5,1.0,1766524252599
5,1.0,1766524253226
5,1.0,1766524253752
5,1.0,1766524254448
5,1.0,1766524255053
5,1.0,1766524255560
5,1.0,1766524256251
5,1.0,1766524256880
5,1.0,1766524257399
5,1.0,1766524258057
5,1.0,1766524258716
5,1.0,1766524259195
5,1.0,1766524259792
5,1.0,1766524260516
5,1.0,1766524261025
5,1.0,1766524261654
5,1.0,1766524262347
5,1.0,1766524262854
5,0.99,1766524263519
5,1.0,1766524264204
5,1.0,1766524264713
5,1.0,1766524265340
5,1.0,1766524266076
5,1.0,1766524266579
5,1.0,1766524267226
5,1.0,1766524267936
5,1.0,1766524268450
5,1.0,1766524269053
5,1.0,1766524269757
5,1.0,1766524270234
5,0.99,1766524270834
5,0.99,1766524271582
5,1.0,1766524272106
5,1.0,1766524272703
5,0.99,1766524273479
5,1.0,1766524273992
5,1.0,1766524274611
5,0.99,1766524275354
5,1.0,1766524275861
5,1.0,1766524276423
5,0.99,1766524277153
5,1.0,1766524277665
5,1.0,1766524278240
5,0.99,1766524278973
5,1.0,1766524279487
5,1.0,1766524280057
5,0.99,1766524280825
5,1.0,1766524281323
5,1.0,1766524281876
5,1.0,1766524282700
5,1.0,1766524283197
5,1.0,1766524283776
5,1.0,1766524284528
5,1.0,1766524285043
5,1.0,1766524285613
5,0.99,1766524286368
5,1.0,1766524286884
5,1.0,1766524287414
5,1.0,1766524288117
5,1.0,1766524288644
5,1.0,1766524289143
5,1.0,1766524289902
5,1.0,1766524290459
5,1.0,1766524290959
5,1.0,1766524291662
5,1.0,1766524292280
5,1.0,1766524292770
5,1.0,1766524293442
5,1.0,1766524294091
5,1.0,1766524294583
5,1.0,1766524295302
5,1.0,1766524295970
5,1.0,1766524296489
5,1.0,1766524297213
5,1.0,1766524297819
5,1.0,1766524298329
5,1.0,1766524298983
5,1.0,1766524299645
5,1.0,1766524300158
5,1.0,1766524300855
5,1.0,1766524301510
5,1.0,1766524302024
5,1.0,1766524302721
5,1.0,1766524303379
5,1.0,1766524303875
5,1.0,1766524304523
5,1.0,1766524305190
5,1.0,1766524305672
5,1.0,1766524306256
5,1.0,1766524306953
5,1.0,1766524307460
5,0.99,1766524308034
5,1.0,1766524308795
5,1.0,1766524309278
5,1.0,1766524309825
5,1.0,1766524310585
5,1.0,1766524311103
5,1.0,1766524311645
5,1.0,1766524312452
5,1.0,1766524312937
5,1.0,1766524313461
5,1.0,1766524314222
5,1.0,1766524314763
5,1.0,1766524315294
5,1.0,1766524316058
5,1.0,1766524316619
5,1.0,1766524317165
5,1.0,1766524317951
5,1.0,1766524318484
5,1.0,1766524318997
5,1.0,1766524319747
5,1.0,1766524320308
5,1.0,1766524320833
5,1.0,1766524321566
5,1.0,1766524322167
5,1.0,1766524322695
5,1.0,1766524323409
5,1.0,1766524323984
5,1.0,1766524324499
5,1.0,1766524325253
5,1.0,1766524325834
5,1.0,1766524326351
5,1.0,1766524327074
5,1.0,1766524327638
5,1.0,1766524328137
5,1.0,1766524328823
5,1.0,1766524329442
5,1.0,1766524329963
5,1.0,1766524330647
5,1.0,1766524331305
5,1.0,1766524331832
5,1.0,1766524332539
5,1.0,1766524333200
5,1.0,1766524333712
5,1.0,1766524334387
5,1.0,1766524335031
5,1.0,1766524335542
5,1.0,1766524336252
5,1.0,1766524336908
5,1.0,1766524337402
5,1.0,1766524338084
5,1.0,1766524338746
5,1.0,1766524339256
5,1.0,1766524339937
5,1.0,1766524340625
5,1.0,1766524341128
5,1.0,1766524341844
5,1.0,1766524342508
5,1.0,1766524343036
5,1.0,1766524343768
5,1.0,1766524344399
5,1.0,1766524344918
5,1.0,1766524345655
5,1.0,1766524346250
5,1.0,1766524346775
5,1.0,1766524347493
5,1.0,1766524348096
5,1.0,1766524348586
5,1.0,1766524349296
5,1.0,1766524349946
5,1.0,1766524350462
5,1.0,1766524351149
5,1.0,1766524351795
5,1.0,1766524352298
5,1.0,1766524353015
5,1.0,1766524353671
5,1.0,1766524354189
5,1.0,1766524354956
5,1.0,1766524355541
5,1.0,1766524356067
5,1.0,1766524356851
5,1.0,1766524357439
5,1.0,1766524357965
5,1.0,1766524358701
5,1.0,1766524359279
5,1.0,1766524359774
5,1.0,1766524360509
5,1.0,1766524361131
5,1.0,1766524361652
5,1.0,1766524362426
5,1.0,1766524363006
5,1.0,1766524363514
5,1.0,1766524364253
5,1.0,1766524364859
5,1.0,1766524365402
5,1.0,1766524366123
5,1.0,1766524366718
5,1.0,1766524367237
5,0,1766524368425
5,1.0,1766524368931
5,1.0,1766524369464
5,1.0,1766524370251
5,1.0,1766524370759
5,1.0,1766524371295
5,1.0,1766524372007
5,1.0,1766524372494
5,1.0,1766524373027
5,1.0,1766524373809
5,1.0,1766524374336
5,1.0,1766524374897
5,1.0,1766524375657
5,1.0,1766524376209
5,1.0,1766524376727
5,1.0,1766524377473
5,1.0,1766524378059
5,1.0,1766524378563
5,1.0,1766524379310
5,1.0,1766524379889
5,1.0,1766524380423
5,1.0,1766524381215
5,1.0,1766524381771
5,1.0,1766524382290
5,1.0,1766524383063
5,1.0,1766524383611
5,1.0,1766524384128
5,1.0,1766524384872
5,1.0,1766524385455
5,1.0,1766524385986
5,1.0,1766524386762
5,1.0,1766524387320
5,1.0,1766524387822
5,1.0,1766524388546
5,0.99,1766524389137
5,1.0,1766524389656
5,1.0,1766524390316
5,1.0,1766524390927
5,1.0,1766524391427
5,1.0,1766524392123
5,0.99,1766524392749
5,1.0,1766524393238
5,1.0,1766524393856
5,1.0,1766524394554
5,1.0,1766524395052
5,1.0,1766524395651
5,1.0,1766524396364
5,1.0,1766524396878
5,1.0,1766524397472
5,1.0,1766524398223
5,1.0,1766524398711
5,1.0,1766524399297
5,1.0,1766524400058
5,1.0,1766524400571
5,1.0,1766524401116
5,1.0,1766524401889
5,1.0,1766524402395
5,1.0,1766524402936
5,1.0,1766524403697
5,1.0,1766524404190
5,1.0,1766524404735
5,1.0,1766524405497
5,1.0,1766524406008
5,1.0,1766524406529
5,1.0,1766524407322
5,1.0,1766524407837
5,1.0,1766524408361
5,1.0,1766524409166
5,1.0,1766524409718
5,1.0,1766524410239
5,1.0,1766524411034
5,1.0,1766524411584
5,1.0,1766524412131
5,1.0,1766524412932
5,1.0,1766524413446
5,1.0,1766524413989
5,1.0,1766524414831
5,1.0,1766524415364
5,1.0,1766524415936
5,1.0,1766524416701
5,1.0,1766524417210
5,1.0,1766524417777
5,1.0,1766524418558
5,1.0,1766524419078
5,1.0,1766524419598
5,1.0,1766524420379
5,1.0,1766524420915
5,1.0,1766524421424
5,1.0,1766524422238
5,1.0,1766524422784
5,1.0,1766524423326
5,1.0,1766524424117
5,1.0,1766524424658
5,1.0,1766524425183
5,1.0,1766524426016
5,1.0,1766524426571
5,1.0,1766524427125
5,1.0,1766524427866
5,0.99,1766524428408
5,1.0,1766524428940
5,1.0,1766524429608
5,0.99,1766524430193
5,1.0,1766524430740
5,1.0,1766524431428
5,1.0,1766524432005
5,1.0,1766524432527
5,1.0,1766524433224
5,0.99,1766524433813
5,1.0,1766524434329
5,1.0,1766524434977
5,1.0,1766524435601
5,1.0,1766524436092
5,1.0,1766524436779
5,1.0,1766524437463
5,1.0,1766524437984
5,1.0,1766524438625
5,1.0,1766524439279
5,1.0,1766524439801
5,1.0,1766524440493
5,1.0,1766524441156
5,1.0,1766524441660
5,1.0,1766524442298
5,1.0,1766524442971
5,1.0,1766524443478
5,1.0,1766524444145
5,1.0,1766524444809
5,1.0,1766524445333
5,1.0,1766524445993
5,1.0,1766524446669
5,1.0,1766524447155
5,1.0,1766524447803
5,1.0,1766524448467
5,1.0,1766524448970
5,1.0,1766524449591
5,1.0,1766524450330
5,1.0,1766524450854
5,1.0,1766524451507
5,1.0,1766524452190
5,0.99,1766524452713
5,1.0,1766524453344
5,1.0,1766524454025
5,1.0,1766524454522
5,1.0,1766524455132
5,1.0,1766524455809
5,1.0,1766524456346
5,1.0,1766524456954
5,1.0,1766524457684
5,1.0,1766524458197
5,1.0,1766524458841
5,1.0,1766524459526
5,1.0,1766524460067
5,1.0,1766524460661
5,1.0,1766524461373
5,1.0,1766524461928
5,1.0,1766524462568
5,1.0,1766524463245
5,1.0,1766524463757
5,1.0,1766524464354
5,1.0,1766524465075
5,0.99,1766524465640
5,1.0,1766524466223
5,1.0,1766524466943
5,0.99,1766524467487
5,1.0,1766524468049
5,1.0,1766524468736
5,0.99,1766524469298
5,1.0,1766524469889
5,1.0,1766524470607
5,1.0,1766524471141
5,1.0,1766524471698
5,1.0,1766524472388
5,0.99,1766524472929
5,1.0,1766524473475
5,1.0,1766524474190
5,1.0,1766524474771
5,1.0,1766524475307
5,1.0,1766524476012
5,1.0,1766524476591
5,1.0,1766524477128
5,1.0,1766524477859
5,1.0,1766524478457
5,1.0,1766524478965
5,1.0,1766524479686
5,0.99,1766524480276
5,1.0,1766524480799
5,1.0,1766524481420
5,1.0,1766524482065
5,1.0,1766524482608
5,1.0,1766524483254
5,1.0,1766524483841
5,1.0,1766524484347
5,1.0,1766524484973
5,1.0,1766524485623
5,1.0,1766524486191
5,1.0,1766524486822
5,1.0,1766524487629
5,1.0,1766524488173
5,1.0,1766524488844
5,1.0,1766524489471
5,1.0,1766524490001
5,1.0,1766524490636
5,1.0,1766524491296
5,1.0,1766524491821
5,1.0,1766524492485
5,1.0,1766524493124
5,1.0,1766524493653
5,1.0,1766524494335
5,1.0,1766524494979
5,1.0,1766524495507
5,1.0,1766524496199
5,1.0,1766524496817
5,1.0,1766524497353
5,1.0,1766524498005
5,1.0,1766524498660
5,1.0,1766524499189
5,1.0,1766524499821
5,1.0,1766524500453
5,1.0,1766524500996
5,1.0,1766524501598
5,1.0,1766524502253
5,1.0,1766524502828
5,1.0,1766524503479
5,1.0,1766524504129
5,0.99,1766524504689
5,1.0,1766524505291
5,1.0,1766524505996
5,1.0,1766524506552
5,1.0,1766524507173
5,1.0,1766524507837
5,1.0,1766524508395
5,1.0,1766524509012
5,1.0,1766524509643
5,0.99,1766524510196
5,1.0,1766524510815
5,1.0,1766524511424
5,1.0,1766524512006
5,1.0,1766524512631
5,1.0,1766524513272
5,0.99,1766524513842
5,1.0,1766524514416
5,1.0,1766524515059
5,1.0,1766524515660
5,1.0,1766524516221
5,1.0,1766524516833
5,1.0,1766524517454
5,1.0,1766524517971
5,1.0,1766524518567
5,1.0,1766524519156
5,1.0,1766524519697
5,1.0,1766524520322
5,1.0,1766524520964
5,1.0,1766524521523
5,1.0,1766524522152
5,1.0,1766524522744
5,0.99,1766524523332
5,1.0,1766524524005
5,1.0,1766524524647
5,1.0,1766524525199
5,1.0,1766524525837
5,1.0,1766524526501
5,1.0,1766524527058
5,1.0,1766524527703
5,1.0,1766524528312
5,1.0,1766524528792
5,1.0,1766524529293
5,1.0,1766524529811
5,1.0,1766524530431
5,1.0,1766524530881
5,1.0,1766524531412
5,1.0,1766524531913
5,1.0,1766524532375
5,1.0,1766524532835
5,1.0,1766524533380
5,1.0,1766524533923
5,0.99,1766524534389
5,1.0,1766524534902
5,1.0,1766524535428
5,1.0,1766524535958
5,1.0,1766524536394
5,1.0,1766524536901
5,0.99,1766524537412
5,0.99,1766524537910
5,1.0,1766524538369
5,1.0,1766524538913
5,1.0,1766524539428
5,1.0,1766524539887
5,1.0,1766524540388
5,1.0,1766524540954
5,1.0,1766524541495
5,1.0,1766524541969
5,1.0,1766524542481
5,0.99,1766524543031
5,0.99,1766524543512
5,1.0,1766524543953
5,1.0,1766524544407
5,1.0,1766524544842
5,1.0,1766524545260
5,1.0,1766524545711
5,1.0,1766524546152
5,1.0,1766524546547
5,1.0,1766524546962
5,1.0,1766524547353
5,1.0,1766524547761
5,1.0,1766524548199
5,1.0,1766524548611
5,1.0,1766524549034
5,1.0,1766524549423
5,1.0,1766524549858
5,1.0,1766524550256
5,1.0,1766524550694
5,1.0,1766524551090
5,1.0,1766524551498
5,1.0,1766524551917
5,1.0,1766524552331
5,1.0,1766524552746
5,0.99,1766524553147
5,1.0,1766524553573
5,1.0,1766524553975
5,1.0,1766524554409
5,1.0,1766524554811
5,1.0,1766524555232
5,1.0,1766524555661
5,0.99,1766524556077
5,1.0,1766524556497
5,1.0,1766524556885
5,1.0,1766524557332
5,1.0,1766524557729
5,1.0,1766524558154
5,1.0,1766524558545
5,1.0,1766524558963
5,1.0,1766524559392
5,1.0,1766524559804
5,1.0,1766524560222
5,1.0,1766524560614
5,1.0,1766524561061
5,1.0,1766524561452
5,1.0,1766524561877
5,1.0,1766524562270
5,1.0,1766524562686
5,1.0,1766524563105
5,1.0,1766524563519
5,1.0,1766524563936
5,1.0,1766524564327
5,1.0,1766524564775
5,1.0,1766524565171
5,1.0,1766524565590
5,1.0,1766524566005
5,1.0,1766524566433
5,1.0,1766524566849
5,1.0,1766524567258
5,1.0,1766524567673
5,1.0,1766524568087
5,1.0,1766524568534
5,1.0,1766524568924
5,1.0,1766524569369
5,0.99,1766524569758
5,1.0,1766524570201
5,1.0,1766524570604
5,0.99,1766524571013
5,1.0,1766524571422
5,0.99,1766524571836
5,1.0,1766524572290
5,1.0,1766524572689
5,1.0,1766524573123
5,1.0,1766524573513
5,1.0,1766524573951
5,1.0,1766524574347
5,1.0,1766524574761
5,1.0,1766524575178
5,1.0,1766524575616
5,1.0,1766524576069
5,1.0,1766524576482
5,1.0,1766524576924
5,0.99,1766524577313
5,1.0,1766524577729
5,1.0,1766524578139
5,1.0,1766524578569
5,1.0,1766524578965
5,1.0,1766524579372
5,1.0,1766524579815
5,1.0,1766524580227
5,1.0,1766524580665
5,1.0,1766524581052
5,1.0,1766524581501
5,1.0,1766524581912
5,1.0,1766524582346
5,1.0,1766524582732
5,1.0,1766524583136
5,1.0,1766524583588
5,1.0,1766524583996
5,1.0,1766524584422
5,1.0,1766524584808
5,1.0,1766524585247
5,1.0,1766524585654
5,1.0,1766524586081
5,1.0,1766524586476
5,1.0,1766524586888
5,1.0,1766524587344
5,1.0,1766524587760
5,1.0,1766524588178
5,1.0,1766524588575
5,1.0,1766524589007
5,1.0,1766524589413
5,1.0,1766524589862
5,1.0,1766524590257
5,1.0,1766524590676
5,1.0,1766524591105
5,1.0,1766524591535
5,1.0,1766524591947
5,1.0,1766524592333
5,1.0,1766524592784
5,0.99,1766524593193
5,1.0,1766524593632
5,1.0,1766524594028
5,1.0,1766524594457
5,1.0,1766524594882
5,1.0,1766524595321
5,1.0,1766524595719
5,1.0,1766524596128
5,1.0,1766524596572
5,1.0,1766524596993
5,1.0,1766524597438
5,1.0,1766524597824
5,1.0,1766524598255
5,1.0,1766524598663
5,1.0,1766524599102
5,1.0,1766524599494
5,1.0,1766524599904
5,1.0,1766524600342
5,0.99,1766524600756
5,1.0,1766524601162
6,0.99,1766524601519
6,1.0,1766524601948
6,1.0,1766524602349
6,1.0,1766524602780
6,1.0,1766524603173
6,1.0,1766524603578
6,1.0,1766524604030
6,1.0,1766524604449
6,1.0,1766524604872
6,1.0,1766524605260
6,1.0,1766524605701
6,1.0,1766524606110
6,1.0,1766524606538
6,1.0,1766524606925
6,1.0,1766524607354
6,1.0,1766524607806
6,1.0,1766524608328
6,1.0,1766524608727
6,1.0,1766524609137
6,1.0,1766524609577
6,1.0,1766524609992
6,1.0,1766524610440
6,0.99,1766524610829
6,1.0,1766524611273
6,1.0,1766524611676
6,1.0,1766524612113
6,1.0,1766524612511
6,1.0,1766524612930
6,1.0,1766524613361
6,0.99,1766524613764
6,1.0,1766524614198
6,0.99,1766524614592
6,1.0,1766524615044
6,1.0,1766524615446
6,1.0,1766524615894
6,1.0,1766524616284
6,1.0,1766524616714
6,1.0,1766524617147
6,1.0,1766524617573
6,1.0,1766524617979
6,1.0,1766524618395
6,1.0,1766524618840
6,1.0,1766524619242
6,1.0,1766524619675
6,0.99,1766524620067
6,1.0,1766524620500
6,1.0,1766524620899
6,1.0,1766524621338
6,1.0,1766524621742
6,0.99,1766524622152
6,1.0,1766524622608
6,1.0,1766524623009
6,1.0,1766524623434
6,1.0,1766524623824
6,1.0,1766524624265
6,1.0,1766524624660
6,1.0,1766524625061
6,1.0,1766524625492
6,1.0,1766524625930
6,1.0,1766524626379
6,1.0,1766524626770
6,1.0,1766524627192
6,1.0,1766524627585
6,1.0,1766524628013
6,1.0,1766524628402
6,0.99,1766524628807
6,1.0,1766524629257
6,1.0,1766524629693
6,1.0,1766524630117
6,1.0,1766524630514
6,1.0,1766524630946
6,1.0,1766524631352
6,1.0,1766524631811
6,1.0,1766524632195
6,1.0,1766524632613
6,1.0,1766524633041
6,1.0,1766524633483
6,1.0,1766524633892
6,1.0,1766524634289
6,1.0,1766524634726
6,1.0,1766524635135
6,1.0,1766524635574
6,1.0,1766524635963
6,1.0,1766524636391
6,1.0,1766524636799
6,1.0,1766524637235
6,1.0,1766524637628
6,1.0,1766524638028
6,1.0,1766524638462
6,1.0,1766524638891
6,1.0,1766524639325
6,1.0,1766524639708
6,1.0,1766524640148
6,1.0,1766524640553
6,1.0,1766524640984
6,1.0,1766524641383
6,1.0,1766524641788
6,1.0,1766524642223
6,0.99,1766524642641
6,1.0,1766524643066
6,1.0,1766524643458
6,0.99,1766524643899
6,1.0,1766524644306
6,1.0,1766524644736
6,1.0,1766524645128
6,0.99,1766524645535
6,1.0,1766524645963
6,1.0,1766524646385
6,1.0,1766524646808
6,1.0,1766524647197
6,1.0,1766524647628
6,0.99,1766524648038
6,1.0,1766524648469
6,1.0,1766524648870
6,0.99,1766524649287
6,1.0,1766524649708
6,0.99,1766524650136
6,1.0,1766524650555
6,0.99,1766524650949
6,1.0,1766524651389
6,0.99,1766524651785
6,1.0,1766524652236
6,1.0,1766524652629
6,1.0,1766524653059
6,1.0,1766524653474
6,1.0,1766524653892
6,1.0,1766524654297
6,0.99,1766524654697
6,1.0,1766524655138
6,0.99,1766524655542
6,1.0,1766524655983
6,1.0,1766524656374
6,1.0,1766524656793
6,1.0,1766524657199
6,1.0,1766524657632
6,1.0,1766524658053
6,1.0,1766524658455
6,1.0,1766524658889
6,1.0,1766524659307
6,1.0,1766524659764
6,1.0,1766524660159
6,1.0,1766524660588
6,0.99,1766524660987
6,1.0,1766524661424
6,1.0,1766524661822
6,1.0,1766524662219
6,1.0,1766524662644
6,1.0,1766524663067
6,1.0,1766524663527
6,1.0,1766524663917
6,1.0,1766524664354
6,1.0,1766524664753
6,1.0,1766524665187
6,1.0,1766524665589
6,1.0,1766524665994
6,1.0,1766524666412
6,1.0,1766524666834
6,1.0,1766524667343
6,1.0,1766524667794
6,1.0,1766524668366
6,1.0,1766524668794
6,1.0,1766524669215
6,0.99,1766524669622
6,1.0,1766524670056
6,0.99,1766524670473
6,1.0,1766524670925
6,1.0,1766524671320
6,1.0,1766524671749
6,1.0,1766524672153
6,1.0,1766524672598
6,1.0,1766524672998
6,1.0,1766524673411
6,1.0,1766524673842
6,1.0,1766524674266
6,1.0,1766524674690
6,1.0,1766524675078
6,1.0,1766524675500
6,0.99,1766524675913
6,1.0,1766524676347
6,1.0,1766524676740
6,1.0,1766524677153
6,1.0,1766524677569
6,0.99,1766524677997
6,1.0,1766524678419
6,1.0,1766524678808
6,1.0,1766524679253
6,0.99,1766524679654
6,1.0,1766524680105
6,1.0,1766524680490
6,1.0,1766524680916
6,1.0,1766524681337
6,1.0,1766524681768
6,1.0,1766524682169
6,0.99,1766524682561
6,1.0,1766524682998
6,0.99,1766524683408
6,1.0,1766524683857
6,1.0,1766524684242
6,0.99,1766524684655
6,1.0,1766524685064
6,1.0,1766524685503
6,1.0,1766524685933
6,1.0,1766524686349
6,1.0,1766524686781
6,0.99,1766524687199
6,1.0,1766524687654
6,1.0,1766524688045
6,1.0,1766524688474
6,1.0,1766524688876
6,1.0,1766524689304
6,1.0,1766524689701
6,1.0,1766524690097
6,1.0,1766524690545
6,0.99,1766524690978
6,1.0,1766524691405
6,1.0,1766524691795
6,1.0,1766524692211
6,1.0,1766524692612
6,1.0,1766524693054
6,1.0,1766524693444
6,1.0,1766524693849
6,1.0,1766524694286
6,1.0,1766524694733
6,1.0,1766524695150
6,1.0,1766524695533
6,1.0,1766524695965
6,1.0,1766524696393
6,1.0,1766524696843
6,1.0,1766524697230
6,1.0,1766524697652
6,1.0,1766524698076
6,1.0,1766524698514
6,1.0,1766524698916
6,1.0,1766524699304
6,1.0,1766524699739
6,1.0,1766524700162
6,1.0,1766524700618
6,1.0,1766524701009
6,1.0,1766524701433
6,1.0,1766524701851
6,1.0,1766524702282
6,1.0,1766524702683
6,1.0,1766524703086
6,1.0,1766524703541
6,1.0,1766524703984
6,1.0,1766524704410
6,1.0,1766524704800
6,1.0,1766524705231
6,1.0,1766524705634
6,1.0,1766524706102
6,1.0,1766524706490
6,1.0,1766524706899
6,1.0,1766524707319
6,0.99,1766524707743
6,1.0,1766524708157
6,1.0,1766524708544
6,1.0,1766524708964
6,1.0,1766524709378
6,1.0,1766524709814
6,1.0,1766524710196
6,1.0,1766524710619
6,1.0,1766524711054
6,1.0,1766524711476
6,1.0,1766524711888
6,1.0,1766524712275
6,1.0,1766524712704
6,1.0,1766524713125
6,1.0,1766524713567
6,1.0,1766524713956
6,1.0,1766524714370
6,1.0,1766524714785
6,1.0,1766524715237
6,1.0,1766524715644
6,1.0,1766524716033
6,0.99,1766524716472
6,0.99,1766524716887
6,1.0,1766524717343
6,1.0,1766524717734
6,1.0,1766524718150
6,1.0,1766524718585
6,1.0,1766524719009
6,1.0,1766524719403
6,1.0,1766524719790
6,1.0,1766524720243
6,1.0,1766524720670
6,1.0,1766524721086
6,1.0,1766524721467
6,1.0,1766524721865
6,1.0,1766524722314
6,1.0,1766524722753
6,1.0,1766524723139
6,1.0,1766524723518
6,1.0,1766524723944
6,1.0,1766524724377
6,1.0,1766524724799
6,1.0,1766524725180
6,1.0,1766524725580
6,1.0,1766524726011
6,0.99,1766524726437
6,1.0,1766524726820
6,1.0,1766524727196
6,1.0,1766524727974
6,1.0,1766524728420
6,1.0,1766524728812
6,1.0,1766524729221
6,1.0,1766524729644
6,0.99,1766524730077
6,1.0,1766524730492
6,1.0,1766524730872
6,1.0,1766524731308
6,1.0,1766524731748
6,1.0,1766524732198
6,1.0,1766524732582
6,0.99,1766524732982
6,1.0,1766524733432
6,0.99,1766524733881
6,1.0,1766524734274
6,1.0,1766524734653
6,1.0,1766524735090
6,1.0,1766524735516
6,1.0,1766524735951
6,1.0,1766524736338
6,1.0,1766524736747
6,1.0,1766524737215
6,1.0,1766524737677
6,1.0,1766524738065
6,1.0,1766524738447
6,1.0,1766524738875
6,0.99,1766524739316
6,1.0,1766524739740
6,1.0,1766524740118
6,1.0,1766524740521
6,1.0,1766524740948
6,1.0,1766524741400
6,1.0,1766524741785
6,1.0,1766524742174
6,1.0,1766524742612
6,1.0,1766524743048
6,1.0,1766524743475
6,1.0,1766524743853
6,0.99,1766524744267
6,1.0,1766524744689
6,1.0,1766524745155
6,1.0,1766524745539
6,1.0,1766524745950
6,1.0,1766524746393
6,1.0,1766524746851
6,1.0,1766524747243
6,1.0,1766524747619
6,1.0,1766524748036
6,1.0,1766524748497
6,1.0,1766524748953
6,1.0,1766524749335
6,1.0,1766524749730
6,1.0,1766524750190
6,1.0,1766524750665
6,1.0,1766524751048
6,1.0,1766524751433
6,1.0,1766524751847
6,1.0,1766524752270
6,1.0,1766524752706
6,1.0,1766524753090
6,1.0,1766524753492
6,1.0,1766524753934
6,1.0,1766524754361
6,1.0,1766524754762
6,1.0,1766524755141
6,0.99,1766524755558
6,1.0,1766524755983
6,1.0,1766524756412
6,1.0,1766524756798
6,1.0,1766524757195
6,1.0,1766524757629
6,0.99,1766524758057
6,1.0,1766524758479
6,1.0,1766524758856
6,1.0,1766524759291
6,1.0,1766524759726
6,1.0,1766524760169
6,1.0,1766524760555
6,0.99,1766524760944
6,1.0,1766524761374
6,1.0,1766524761807
6,1.0,1766524762209
6,1.0,1766524762585
6,1.0,1766524762997
6,1.0,1766524763449
6,1.0,1766524763910
6,1.0,1766524764296
6,1.0,1766524764694
6,1.0,1766524765144
6,1.0,1766524765575
6,1.0,1766524765966
6,1.0,1766524766375
6,1.0,1766524766811
6,1.0,1766524767231
6,1.0,1766524767659
6,1.0,1766524768049
6,1.0,1766524768473
6,1.0,1766524768876
6,1.0,1766524769324
6,1.0,1766524769712
6,1.0,1766524770115
6,1.0,1766524770542
6,1.0,1766524770975
6,1.0,1766524771400
6,1.0,1766524771790
6,1.0,1766524772240
6,1.0,1766524772644
6,1.0,1766524773096
6,1.0,1766524773487
6,1.0,1766524773909
6,1.0,1766524774330
6,1.0,1766524774761
6,1.0,1766524775181
6,1.0,1766524775585
6,1.0,1766524776028
6,0.99,1766524776449
6,1.0,1766524776900
6,1.0,1766524777292
6,1.0,1766524777723
6,1.0,1766524778125
6,1.0,1766524778554
6,1.0,1766524778946
6,0.99,1766524779344
6,1.0,1766524779789
6,0.99,1766524780203
6,1.0,1766524780642
6,1.0,1766524781024
6,1.0,1766524781462
6,1.0,1766524781867
6,1.0,1766524782313
6,1.0,1766524782708
6,1.0,1766524783128
6,1.0,1766524783568
6,0.99,1766524784010
6,1.0,1766524784431
6,1.0,1766524784817
6,0.99,1766524785232
6,1.0,1766524785670
6,1.0,1766524786107
6,1.0,1766524786491
6,1.0,1766524786886
6,1.0,1766524787321
6,1.0,1766524788103
6,1.0,1766524788500
6,1.0,1766524788912
6,1.0,1766524789343
6,1.0,1766524789825
6,1.0,1766524790209
6,1.0,1766524790603
6,1.0,1766524791049
6,1.0,1766524791482
6,1.0,1766524791891
6,1.0,1766524792276
6,1.0,1766524792710
6,1.0,1766524793153
6,1.0,1766524793605
6,1.0,1766524793989
6,0.99,1766524794393
6,1.0,1766524794836
6,1.0,1766524795283
6,1.0,1766524795674
6,1.0,1766524796049
6,1.0,1766524796485
6,1.0,1766524796927
6,1.0,1766524797380
6,1.0,1766524797771
6,1.0,1766524798191
6,1.0,1766524798632
6,1.0,1766524799073
6,1.0,1766524799481
6,1.0,1766524799872
6,1.0,1766524800323
6,1.0,1766524800748
6,1.0,1766524801200
6,1.0,1766524801592
6,1.0,1766524802013
6,1.0,1766524802430
6,1.0,1766524802879
6,1.0,1766524803280
6,0.99,1766524803680
6,1.0,1766524804119
6,1.0,1766524804534
6,1.0,1766524804969
6,1.0,1766524805349
6,1.0,1766524805804
6,1.0,1766524806225
6,1.0,1766524806652
6,1.0,1766524807040
6,1.0,1766524807439
6,1.0,1766524807884
6,1.0,1766524808310
6,1.0,1766524808734
6,1.0,1766524809120
6,1.0,1766524809547
6,1.0,1766524809955
6,1.0,1766524810405
6,1.0,1766524810794
6,0.99,1766524811213
6,1.0,1766524811632
6,1.0,1766524812054
6,1.0,1766524812475
6,1.0,1766524812872
6,1.0,1766524813307
6,1.0,1766524813702
6,1.0,1766524814146
6,1.0,1766524814537
6,1.0,1766524814937
6,1.0,1766524815372
6,1.0,1766524815818
6,1.0,1766524816226
6,1.0,1766524816621
6,1.0,1766524817046
6,1.0,1766524817451
6,1.0,1766524817900
6,1.0,1766524818285
6,0.99,1766524818693
6,1.0,1766524819118
6,0.99,1766524819542
6,1.0,1766524819956
6,1.0,1766524820349
6,1.0,1766524820803
6,0.98,1766524821209
6,1.0,1766524821646
6,1.0,1766524822039
6,1.0,1766524822458
6,1.0,1766524822871
6,0.99,1766524823311
6,1.0,1766524823704
6,1.0,1766524824093
6,1.0,1766524824551
6,1.0,1766524824955
6,1.0,1766524825404
6,1.0,1766524825792
6,1.0,1766524826222
6,1.0,1766524826620
6,1.0,1766524827058
6,1.0,1766524827455
6,1.0,1766524827857
6,1.0,1766524828303
6,0.99,1766524828736
6,1.0,1766524829162
6,1.0,1766524829548
6,1.0,1766524829980
6,1.0,1766524830390
6,1.0,1766524830818
6,1.0,1766524831211
6,1.0,1766524831614
6,1.0,1766524832060
6,1.0,1766524832493
6,1.0,1766524832909
6,1.0,1766524833300
6,1.0,1766524833721
6,1.0,1766524834125
6,1.0,1766524834572
6,1.0,1766524834960
6,0.99,1766524835374
6,1.0,1766524835801
6,1.0,1766524836226
6,1.0,1766524836650
6,1.0,1766524837036
6,1.0,1766524837457
6,1.0,1766524837860
6,1.0,1766524838279
6,1.0,1766524838669
6,1.0,1766524839075
6,1.0,1766524839527
6,1.0,1766524839943
6,1.0,1766524840368
6,1.0,1766524840758
6,1.0,1766524841176
6,1.0,1766524841590
6,1.0,1766524842017
6,1.0,1766524842404
6,0.99,1766524842827
6,1.0,1766524843261
6,0.99,1766524843688
6,1.0,1766524844105
6,1.0,1766524844496
6,1.0,1766524844916
6,1.0,1766524845321
6,1.0,1766524845747
6,1.0,1766524846140
6,1.0,1766524846540
6,1.0,1766524846970
6,1.0,1766524847389
6,1.0,1766524847882
6,1.0,1766524848282
6,1.0,1766524848719
6,1.0,1766524849132
6,1.0,1766524849576
6,1.0,1766524849966
6,1.0,1766524850392
6,1.0,1766524850797
6,1.0,1766524851220
6,1.0,1766524851628
6,0.99,1766524852023
6,1.0,1766524852460
6,0.99,1766524852875
6,1.0,1766524853323
6,1.0,1766524853712
6,1.0,1766524854146
6,1.0,1766524854555
6,1.0,1766524855001
6,1.0,1766524855394
6,1.0,1766524855785
6,1.0,1766524856225
6,0.99,1766524856654
6,1.0,1766524857078
6,1.0,1766524857458
6,1.0,1766524857884
6,1.0,1766524858302
6,1.0,1766524858729
6,1.0,1766524859112
6,1.0,1766524859502
6,1.0,1766524859964
6,1.0,1766524860394
6,1.0,1766524860824
6,1.0,1766524861209
6,1.0,1766524861634
6,1.0,1766524862054
6,1.0,1766524862505
6,1.0,1766524862894
6,1.0,1766524863300
6,1.0,1766524863742
6,1.0,1766524864183
6,1.0,1766524864604
6,1.0,1766524864993
6,1.0,1766524865439
6,1.0,1766524865874
6,1.0,1766524866330
6,1.0,1766524866714
6,1.0,1766524867132
6,1.0,1766524867550
6,1.0,1766524867996
6,1.0,1766524868399
6,1.0,1766524868781
6,1.0,1766524869210
6,1.0,1766524869625
6,1.0,1766524870060
6,1.0,1766524870440
6,0.99,1766524870853
6,1.0,1766524871294
6,1.0,1766524871730
6,1.0,1766524872118
6,1.0,1766524872501
6,1.0,1766524872935
6,1.0,1766524873345
6,1.0,1766524873777
6,1.0,1766524874154
6,1.0,1766524874558
6,1.0,1766524875012
6,1.0,1766524875477
6,1.0,1766524875864
6,1.0,1766524876247
6,1.0,1766524876675
6,1.0,1766524877098
6,1.0,1766524877519
6,1.0,1766524877894
6,1.0,1766524878315
6,1.0,1766524878766
6,0.99,1766524879231
6,1.0,1766524879617
6,1.0,1766524880007
6,1.0,1766524880441
6,0.99,1766524880891
6,1.0,1766524881316
6,1.0,1766524881695
6,1.0,1766524882107
6,1.0,1766524882555
6,1.0,1766524883009
6,1.0,1766524883388
6,1.0,1766524883779
6,1.0,1766524884207
6,0.99,1766524884661
6,1.0,1766524885058
6,1.0,1766524885440
6,1.0,1766524885853
6,1.0,1766524886316
6,1.0,1766524886767
6,1.0,1766524887146
6,0.99,1766524887547
6,1.0,1766524887995
6,1.0,1766524888425
6,1.0,1766524888818
6,1.0,1766524889196
6,1.0,1766524889642
6,1.0,1766524890081
6,1.0,1766524890506
6,1.0,1766524890887
6,1.0,1766524891290
6,1.0,1766524891749
6,1.0,1766524892216
6,1.0,1766524892600
6,1.0,1766524892978
6,1.0,1766524893411
6,1.0,1766524893854
6,1.0,1766524894269
6,1.0,1766524894642
6,0.99,1766524895055
6,1.0,1766524895529
6,1.0,1766524895978
6,1.0,1766524896365
6,1.0,1766524896749
6,1.0,1766524897183
6,1.0,1766524897623
6,1.0,1766524898042
6,1.0,1766524898419
6,0.99,1766524898828
6,1.0,1766524899278
6,1.0,1766524899739
6,1.0,1766524900123
6,1.0,1766524900512
6,1.0,1766524900953
6,0.99,1766524901403
6,1.0,1766524901797
6,1.0,1766524902176
6,0.99,1766524902588
6,1.0,1766524903059
6,1.0,1766524903497
6,1.0,1766524903870
6,1.0,1766524904266
6,1.0,1766524904728
6,0.99,1766524905172
6,1.0,1766524905564
6,1.0,1766524905946
6,1.0,1766524906376
6,1.0,1766524906808
6,1.0,1766524907236
6,1.0,1766524907618
6,0.99,1766524908058
6,1.0,1766524908466
6,1.0,1766524908902
6,1.0,1766524909295
6,1.0,1766524909702
6,1.0,1766524910151
6,1.0,1766524910583
6,1.0,1766524911007
6,1.0,1766524911403
6,1.0,1766524911835
6,0.99,1766524912238
6,1.0,1766524912687
6,1.0,1766524913077
6,0.99,1766524913491
6,1.0,1766524913913
6,1.0,1766524914347
6,1.0,1766524914761
6,1.0,1766524915154
6,1.0,1766524915578
6,1.0,1766524915967
6,1.0,1766524916402
6,1.0,1766524916801
6,1.0,1766524917200
6,1.0,1766524917652
6,1.0,1766524918074
6,1.0,1766524918493
6,1.0,1766524918884
6,1.0,1766524919311
6,0.99,1766524919719
6,1.0,1766524920148
6,1.0,1766524920538
6,1.0,1766524920945
6,1.0,1766524921368
6,0.99,1766524921786
6,1.0,1766524922225
6,1.0,1766524922616
6,1.0,1766524923064
6,0.99,1766524923472
6,1.0,1766524923922
6,1.0,1766524924320
6,0.99,1766524924739
6,1.0,1766524925163
6,1.0,1766524925588
6,1.0,1766524926040
6,1.0,1766524926448
6,1.0,1766524926884
6,1.0,1766524927297
6,1.0,1766524927749
6,1.0,1766524928147
6,1.0,1766524928582
6,1.0,1766524928977
6,1.0,1766524929408
6,1.0,1766524929831
6,1.0,1766524930229
6,1.0,1766524930655
6,1.0,1766524931066
6,1.0,1766524931520
6,1.0,1766524931918
6,1.0,1766524932342
6,0.99,1766524932737
6,1.0,1766524933180
6,1.0,1766524933582
6,1.0,1766524933983
6,1.0,1766524934395
6,1.0,1766524934802
6,1.0,1766524935249
6,1.0,1766524935646
6,1.0,1766524936082
6,1.0,1766524936478
6,1.0,1766524936915
6,1.0,1766524937312
6,1.0,1766524937709
6,1.0,1766524938131
6,1.0,1766524938556
6,1.0,1766524938984
6,1.0,1766524939372
6,1.0,1766524939799
6,1.0,1766524940206
6,1.0,1766524940633
6,1.0,1766524941032
6,1.0,1766524941438
6,1.0,1766524941855
6,0.99,1766524942278
6,1.0,1766524942689
6,1.0,1766524943076
6,1.0,1766524943501
6,0.99,1766524943905
6,1.0,1766524944337
6,1.0,1766524944726
6,1.0,1766524945121
6,1.0,1766524945563
6,0.99,1766524945983
6,1.0,1766524946409
6,1.0,1766524946794
6,1.0,1766524947222
6,1.0,1766524947637
6,1.0,1766524948070
6,1.0,1766524948464
6,1.0,1766524948875
6,1.0,1766524949323
6,0.99,1766524949759
6,1.0,1766524950186
6,1.0,1766524950563
6,0.99,1766524950974
6,1.0,1766524951408
6,1.0,1766524951864
6,1.0,1766524952249
6,1.0,1766524952640
6,1.0,1766524953087
6,1.0,1766524953537
6,1.0,1766524953948
6,1.0,1766524954327
6,1.0,1766524954748
6,1.0,1766524955201
6,1.0,1766524955660
6,1.0,1766524956046
6,0.99,1766524956455
6,1.0,1766524956893
6,1.0,1766524957345
6,1.0,1766524957744
6,1.0,1766524958126
6,1.0,1766524958588
6,1.0,1766524959032
6,1.0,1766524959457
6,1.0,1766524959850
6,1.0,1766524960260
6,1.0,1766524960680
6,1.0,1766524961134
6,1.0,1766524961521
6,1.0,1766524961919
6,1.0,1766524962364
6,1.0,1766524962800
6,1.0,1766524963204
6,1.0,1766524963584
6,0.99,1766524963989
6,1.0,1766524964437
6,1.0,1766524964891
6,1.0,1766524965275
6,1.0,1766524965661
6,1.0,1766524966108
6,0.99,1766524966558
6,1.0,1766524966958
6,1.0,1766524967332
6,1.0,1766524967746
6,1.0,1766524968211
6,1.0,1766524968664
6,1.0,1766524969039
6,1.0,1766524969426
6,1.0,1766524969874
6,1.0,1766524970316
6,1.0,1766524970709
6,1.0,1766524971081
6,1.0,1766524971485
6,1.0,1766524971941
6,1.0,1766524972402
6,1.0,1766524972779
6,1.0,1766524973173
6,1.0,1766524973624
6,1.0,1766524974067
6,1.0,1766524974461
6,1.0,1766524974843
6,1.0,1766524975276
6,1.0,1766524975729
6,1.0,1766524976154
6,1.0,1766524976529
6,1.0,1766524976929
6,1.0,1766524977381
6,1.0,1766524977828
6,1.0,1766524978220
6,1.0,1766524978602
6,1.0,1766524979040
6,1.0,1766524979482
6,1.0,1766524979900
6,1.0,1766524980279
6,1.0,1766524980684
6,1.0,1766524981145
6,1.0,1766524981626
6,1.0,1766524982014
6,1.0,1766524982406
6,1.0,1766524982836
6,1.0,1766524983292
6,1.0,1766524983685
6,1.0,1766524984065
6,1.0,1766524984472
6,1.0,1766524984929
6,1.0,1766524985377
6,1.0,1766524985768
6,1.0,1766524986167
6,1.0,1766524986635
6,0.99,1766524987090
6,1.0,1766524987481
6,1.0,1766524987862
6,1.0,1766524988300
6,1.0,1766524988760
6,1.0,1766524989184
6,1.0,1766524989559
6,1.0,1766524989953
6,1.0,1766524990401
6,1.0,1766524990878
6,1.0,1766524991263
6,1.0,1766524991648
6,1.0,1766524992091
6,0.99,1766524992557
6,1.0,1766524992983
6,1.0,1766524993361
6,0.99,1766524993770
6,1.0,1766524994227
