gpu_usage,Context.TRAINING,LoggingItemKind.SYSTEM_METRIC
0,0.02,1766754988095
0,0.02,1766754988305
0,0.07,1766754988455
0,0.07,1766754988604
0,0.05,1766754988764
0,0.04,1766754988903
0,0.08,1766754989040
0,0.08,1766754989174
0,0.04,1766754989318
0,0.07,1766754989458
0,0.07,1766754989596
0,0.05,1766754989735
0,0.04,1766754989876
0,0.04,1766754990016
0,0.08,1766754990154
0,0.04,1766754990294
0,0.08,1766754990437
0,0.08,1766754990576
0,0.04,1766754990718
0,0.08,1766754990853
0,0.08,1766754990984
0,0.04,1766754991116
0,0.08,1766754991248
0,0.08,1766754991380
0,0.04,1766754991513
0,0.08,1766754991640
0,0.08,1766754991764
0,0.04,1766754991889
0,0.04,1766754992015
0,0.08,1766754992139
0,0.06,1766754992269
0,0.06,1766754992397
0,0.07,1766754992525
0,0.08,1766754992648
0,0.08,1766754992774
0,0.04,1766754992899
0,0.04,1766754993026
0,0.08,1766754993153
0,0.04,1766754993278
0,0.04,1766754993417
0,0.08,1766754993559
0,0.04,1766754993707
0,0.08,1766754993849
0,0.08,1766754993977
0,0.04,1766754994106
0,0.08,1766754994245
0,0.08,1766754994396
0,0.04,1766754994557
0,0.04,1766754994707
0,0.04,1766754994840
0,0.08,1766754994982
0,0.04,1766754995118
0,0.08,1766754995260
0,0.08,1766754995400
0,0.04,1766754995540
0,0.07,1766754995680
0,0.07,1766754995819
0,0.05,1766754995962
0,0.04,1766754996102
0,0.04,1766754996245
0,0.08,1766754996387
0,0.04,1766754996528
0,0.08,1766754996655
0,0.08,1766754996785
0,0.04,1766754996918
0,0.08,1766754997051
0,0.08,1766754997183
0,0.04,1766754997315
0,0.04,1766754997446
0,0.08,1766754997567
0,0.04,1766754997691
0,0.04,1766754997816
0,0.08,1766754997941
0,0.08,1766754998067
0,0.08,1766754998194
0,0.04,1766754998321
0,0.04,1766754998452
0,0.08,1766754998579
0,0.04,1766754998712
0,0.04,1766754998841
0,0.08,1766754998966
0,0.04,1766754999095
0,0.04,1766754999242
0,0.08,1766754999389
0,0.04,1766754999538
0,0.08,1766754999667
0,0.08,1766754999792
0,0.04,1766754999924
0,0.04,1766755000058
0,0.08,1766755000206
0,0.04,1766755000358
0,0.04,1766755000513
0,0.04,1766755000647
0,0.08,1766755000786
0,0.04,1766755000923
0,0.04,1766755001066
0,0.08,1766755001201
0,0.04,1766755001340
0,0.08,1766755001478
0,0.08,1766755001620
0,0.04,1766755001764
0,0.06,1766755001905
0,0.06,1766755002047
0,0.06,1766755002186
0,0.04,1766755002343
0,0.08,1766755002473
0,0.08,1766755002606
0,0.04,1766755002737
0,0.04,1766755002870
0,0.08,1766755003002
0,0.04,1766755003136
0,0.04,1766755003266
0,0.08,1766755003391
0,0.04,1766755003515
0,0.04,1766755003639
0,0.08,1766755003768
0,0.08,1766755003899
0,0.08,1766755004027
0,0.04,1766755004153
0,0.08,1766755004282
0,0.08,1766755004408
0,0.04,1766755004533
0,0.04,1766755004660
0,0.08,1766755004790
0,0.04,1766755004926
0,0.04,1766755005068
0,0.08,1766755005213
0,0.04,1766755005371
0,0.08,1766755005499
0,0.08,1766755005631
0,0.04,1766755005759
0,0.08,1766755005896
0,0.08,1766755006050
0,0.04,1766755006199
0,0.04,1766755006355
0,0.08,1766755006490
0,0.08,1766755006634
0,0.04,1766755006772
0,0.08,1766755006917
0,0.08,1766755007055
0,0.04,1766755007192
0,0.04,1766755007333
0,0.04,1766755007473
0,0.08,1766755007615
0,0.04,1766755007759
0,0.08,1766755007901
0,0.08,1766755008045
0,0.04,1766755008179
0,0.08,1766755008311
0,0.08,1766755008442
0,0.04,1766755008573
0,0.08,1766755008707
0,0.08,1766755008838
0,0.04,1766755008971
0,0.08,1766755009103
0,0.08,1766755009229
0,0.04,1766755009356
0,0.04,1766755009481
0,0.08,1766755009613
0,0.04,1766755009741
0,0.04,1766755009869
0,0.08,1766755010000
0,0.08,1766755010125
0,0.08,1766755010252
0,0.05,1766755010383
0,0.08,1766755010512
0,0.08,1766755010638
0,0.04,1766755010792
0,0.08,1766755010931
0,0.08,1766755011088
0,0.04,1766755011220
0,0.04,1766755011345
0,0.04,1766755011480
0,0.08,1766755011616
0,0.04,1766755011757
0,0.04,1766755011905
0,0.08,1766755012059
0,0.04,1766755012219
0,0.04,1766755012356
0,0.04,1766755012500
0,0.08,1766755012638
0,0.04,1766755012783
0,0.08,1766755012922
0,0.08,1766755013062
0,0.04,1766755013203
0,0.07,1766755013344
0,0.07,1766755013488
0,0.05,1766755013631
0,0.04,1766755013775
0,0.04,1766755013913
0,0.08,1766755014044
0,0.04,1766755014176
0,0.04,1766755014308
0,0.08,1766755014440
0,0.04,1766755014573
0,0.04,1766755014706
0,0.08,1766755014840
0,0.04,1766755014971
0,0.04,1766755015097
0,0.08,1766755015224
0,0.04,1766755015353
0,0.04,1766755015478
0,0.08,1766755015606
0,0.08,1766755015736
0,0.08,1766755015866
0,0.04,1766755015993
0,0.08,1766755016122
0,0.08,1766755016249
0,0.04,1766755016378
0,0.04,1766755016517
0,0.08,1766755016657
0,0.04,1766755016809
0,0.06,1766755016958
0,0.06,1766755017082
0,0.07,1766755017227
0,0.06,1766755017359
0,0.06,1766755017495
0,0.06,1766755017637
0,0.04,1766755017779
0,0.08,1766755017937
0,0.08,1766755018085
0,0.04,1766755018221
0,0.07,1766755018358
0,0.07,1766755018491
0,0.05,1766755018636
0,0.04,1766755018774
0,0.04,1766755018912
0,0.08,1766755019050
0,0.04,1766755019188
0,0.04,1766755019328
0,0.08,1766755019466
0,0.04,1766755019607
0,0.08,1766755019738
0,0.08,1766755019867
0,0.04,1766755019996
0,0.04,1766755020126
0,0.08,1766755020257
0,0.04,1766755020388
0,0.04,1766755020521
0,0.08,1766755020664
0,0.04,1766755020793
0,0.04,1766755020917
0,0.08,1766755021043
0,0.07,1766755021167
0,0.07,1766755021290
0,0.05,1766755021417
0,0.08,1766755021544
0,0.08,1766755021670
0,0.04,1766755021793
0,0.04,1766755021922
0,0.08,1766755022046
0,0.07,1766755022170
0,0.07,1766755022316
0,0.05,1766755022453
0,0.04,1766755022604
0,0.04,1766755022743
0,0.08,1766755022869
0,0.04,1766755023003
0,0.04,1766755023132
0,0.08,1766755023269
0,0.04,1766755023399
0,0.04,1766755023548
0,0.08,1766755023692
0,0.04,1766755023851
0,0.04,1766755023996
0,0.04,1766755024135
0,0.08,1766755024268
0,0.04,1766755024406
0,0.04,1766755024546
0,0.08,1766755024683
0,0.04,1766755024821
0,0.08,1766755024961
0,0.08,1766755025103
0,0.04,1766755025248
0,0.07,1766755025386
0,0.07,1766755025520
0,0.05,1766755025653
0,0.07,1766755025786
0,0.07,1766755025926
0,0.05,1766755026053
0,0.07,1766755026188
0,0.07,1766755026325
0,0.05,1766755026455
0,0.08,1766755026588
0,0.08,1766755026716
0,0.05,1766755026841
0,0.08,1766755026971
0,0.08,1766755027097
0,0.04,1766755027223
0,0.04,1766755027353
0,0.08,1766755027480
0,0.04,1766755027603
0,0.04,1766755027730
0,0.08,1766755027856
0,0.08,1766755027987
0,0.08,1766755028134
0,0.04,1766755028279
0,0.04,1766755028422
0,0.04,1766755028553
0,0.08,1766755028686
0,0.04,1766755028818
0,0.04,1766755028951
0,0.08,1766755029082
0,0.04,1766755029214
0,0.04,1766755029362
0,0.08,1766755029507
0,0.04,1766755029665
0,0.04,1766755029814
0,0.04,1766755029952
0,0.08,1766755030087
0,0.04,1766755030218
0,0.04,1766755030359
0,0.08,1766755030499
0,0.04,1766755030635
0,0.08,1766755030775
0,0.08,1766755030917
0,0.04,1766755031060
0,0.08,1766755031199
0,0.08,1766755031329
0,0.04,1766755031463
0,0.08,1766755031597
0,0.08,1766755031727
0,0.04,1766755031861
0,0.08,1766755031993
0,0.08,1766755032125
0,0.04,1766755032256
0,0.08,1766755032388
0,0.08,1766755032514
0,0.04,1766755032636
0,0.04,1766755032763
0,0.08,1766755032888
0,0.06,1766755033013
0,0.06,1766755033140
0,0.07,1766755033265
0,0.08,1766755033392
0,0.08,1766755033521
0,0.04,1766755033646
0,0.04,1766755033779
0,0.08,1766755033919
0,0.04,1766755034062
0,0.08,1766755034208
0,0.08,1766755034335
0,0.04,1766755034470
0,0.08,1766755034596
0,0.08,1766755034726
0,0.04,1766755034865
0,0.08,1766755034997
0,0.08,1766755035138
0,0.04,1766755035286
0,0.04,1766755035439
0,0.08,1766755035600
0,0.08,1766755035735
0,0.04,1766755035872
0,0.08,1766755036008
0,0.08,1766755036148
0,0.04,1766755036285
0,0.07,1766755036423
0,0.07,1766755036564
0,0.05,1766755036705
0,0.04,1766755036847
0,0.04,1766755036985
0,0.08,1766755037117
0,0.04,1766755037251
0,0.04,1766755037383
0,0.08,1766755037514
0,0.04,1766755037644
0,0.04,1766755037778
0,0.08,1766755037909
0,0.04,1766755038041
0,0.04,1766755038173
0,0.08,1766755038306
0,0.04,1766755038433
0,0.04,1766755038559
0,0.08,1766755038685
0,0.08,1766755038810
0,0.08,1766755038946
0,0.04,1766755039073
0,0.08,1766755039199
0,0.08,1766755039327
0,0.04,1766755039452
0,0.04,1766755039589
0,0.08,1766755039729
0,0.04,1766755039880
0,0.08,1766755040020
0,0.08,1766755040146
0,0.04,1766755040282
0,0.08,1766755040410
0,0.08,1766755040546
0,0.04,1766755040684
0,0.08,1766755040815
0,0.08,1766755040949
0,0.04,1766755041105
0,0.05,1766755041255
0,0.08,1766755041416
0,0.08,1766755041556
0,0.04,1766755041696
0,0.08,1766755041830
0,0.08,1766755041964
0,0.04,1766755042102
0,0.08,1766755042239
0,0.08,1766755042379
0,0.04,1766755042520
0,0.04,1766755042661
0,0.04,1766755042793
0,0.08,1766755042925
0,0.04,1766755043056
0,0.04,1766755043189
0,0.08,1766755043322
0,0.04,1766755043452
0,0.04,1766755043584
0,0.08,1766755043714
0,0.07,1766755043846
0,0.07,1766755043978
0,0.05,1766755044110
0,0.08,1766755044241
0,0.08,1766755044364
0,0.05,1766755044488
0,0.08,1766755044618
0,0.08,1766755044746
0,0.04,1766755044870
0,0.04,1766755044997
0,0.08,1766755045124
0,0.07,1766755045247
0,0.07,1766755045384
0,0.06,1766755045524
0,0.04,1766755045676
0,0.08,1766755045821
0,0.08,1766755045950
0,0.04,1766755046085
0,0.04,1766755046214
0,0.08,1766755046350
0,0.04,1766755046483
0,0.04,1766755046618
0,0.08,1766755046750
0,0.04,1766755046899
0,0.08,1766755047046
0,0.08,1766755047207
0,0.04,1766755047357
0,0.04,1766755047493
0,0.08,1766755047629
0,0.08,1766755047766
0,0.04,1766755047906
0,0.08,1766755048044
0,0.08,1766755048183
0,0.04,1766755048323
0,0.05,1766755048468
0,0.05,1766755048601
0,0.07,1766755048737
0,0.04,1766755048869
0,0.04,1766755048999
0,0.08,1766755049130
0,0.08,1766755049258
0,0.08,1766755049389
0,0.05,1766755049520
0,0.08,1766755049654
0,0.08,1766755049785
0,0.04,1766755049919
0,0.08,1766755050051
0,0.08,1766755050175
0,0.04,1766755050298
0,0.04,1766755050430
0,0.08,1766755050555
0,0.04,1766755050679
0,0.04,1766755050805
0,0.08,1766755050930
0,0.08,1766755051056
0,0.08,1766755051201
0,0.04,1766755051342
0,0.04,1766755051492
0,0.04,1766755051627
0,0.08,1766755051763
0,0.04,1766755051892
0,0.04,1766755052025
0,0.08,1766755052158
0,0.04,1766755052289
0,0.04,1766755052420
0,0.08,1766755052552
0,0.04,1766755052692
0,0.04,1766755052838
0,0.08,1766755052993
0,0.04,1766755053152
0,0.04,1766755053288
0,0.04,1766755053422
0,0.08,1766755053554
0,0.04,1766755053692
0,0.04,1766755053832
0,0.08,1766755053970
0,0.04,1766755054109
0,0.04,1766755054246
0,0.08,1766755054379
0,0.04,1766755054511
0,0.04,1766755054641
0,0.08,1766755054774
0,0.04,1766755054908
0,0.04,1766755055041
0,0.08,1766755055173
0,0.04,1766755055305
0,0.04,1766755055438
0,0.08,1766755055568
0,0.04,1766755055705
0,0.04,1766755055840
0,0.08,1766755055968
0,0.04,1766755056092
0,0.04,1766755056218
0,0.08,1766755056345
0,0.08,1766755056469
0,0.08,1766755056596
0,0.04,1766755056721
0,0.04,1766755056853
0,0.08,1766755056994
0,0.04,1766755057151
0,0.05,1766755057298
0,0.05,1766755057428
0,0.07,1766755057574
0,0.04,1766755057702
0,0.04,1766755057837
0,0.08,1766755057971
0,0.05,1766755058100
0,0.05,1766755058235
0,0.08,1766755058367
0,0.05,1766755058504
0,0.05,1766755058658
0,0.07,1766755058809
0,0.04,1766755058966
0,0.07,1766755059102
0,0.07,1766755059236
0,0.06,1766755059370
0,0.05,1766755059509
0,0.05,1766755059648
0,0.07,1766755059786
0,0.04,1766755059922
0,0.04,1766755060065
0,0.08,1766755060197
0,0.04,1766755060328
0,0.04,1766755060461
0,0.08,1766755060592
0,0.04,1766755060726
0,0.04,1766755060855
0,0.08,1766755060985
0,0.04,1766755061116
0,0.04,1766755061246
0,0.08,1766755061378
0,0.05,1766755061513
0,0.05,1766755061650
0,0.08,1766755061779
0,0.07,1766755061907
0,0.07,1766755062033
0,0.05,1766755062157
0,0.08,1766755062282
0,0.08,1766755062408
0,0.04,1766755062535
0,0.04,1766755062673
0,0.08,1766755062811
0,0.04,1766755062979
0,0.05,1766755063116
0,0.05,1766755063246
0,0.08,1766755063376
0,0.08,1766755063503
0,0.08,1766755063637
0,0.04,1766755063770
0,0.08,1766755063901
0,0.08,1766755064031
0,0.04,1766755064164
0,0.08,1766755064298
0,0.08,1766755064449
0,0.04,1766755064593
0,0.04,1766755064751
0,0.08,1766755064895
0,0.08,1766755065032
0,0.04,1766755065168
0,0.08,1766755065302
0,0.08,1766755065443
0,0.04,1766755065582
0,0.08,1766755065719
0,0.08,1766755065853
0,0.05,1766755065985
0,0.08,1766755066115
0,0.08,1766755066245
0,0.04,1766755066378
0,0.08,1766755066513
0,0.08,1766755066640
0,0.04,1766755066771
0,0.08,1766755066901
0,0.08,1766755067032
0,0.04,1766755067161
0,0.08,1766755067298
0,0.08,1766755067435
0,0.04,1766755067568
0,0.08,1766755067695
0,0.08,1766755067823
0,0.04,1766755067948
0,0.04,1766755068078
0,0.08,1766755068200
0,0.07,1766755068325
0,0.07,1766755068462
0,0.05,1766755068599
0,0.04,1766755068749
0,0.04,1766755068884
0,0.08,1766755069012
0,0.04,1766755069143
0,0.04,1766755069272
0,0.08,1766755069404
0,0.04,1766755069545
0,0.04,1766755069676
0,0.08,1766755069810
0,0.04,1766755069947
0,0.04,1766755070082
0,0.08,1766755070225
0,0.04,1766755070372
0,0.08,1766755070528
0,0.08,1766755070684
0,0.04,1766755070816
0,0.04,1766755070956
0,0.04,1766755071098
0,0.08,1766755071236
0,0.04,1766755071373
0,0.08,1766755071512
0,0.08,1766755071645
0,0.04,1766755071774
0,0.04,1766755071903
0,0.08,1766755072034
0,0.04,1766755072165
0,0.04,1766755072301
0,0.08,1766755072434
0,0.04,1766755072564
0,0.04,1766755072695
0,0.08,1766755072827
0,0.04,1766755072959
0,0.04,1766755073094
0,0.08,1766755073228
0,0.04,1766755073361
0,0.04,1766755073490
0,0.08,1766755073613
0,0.08,1766755073739
0,0.08,1766755073867
0,0.04,1766755073992
0,0.04,1766755074114
0,0.08,1766755074257
0,0.04,1766755074393
0,0.08,1766755074544
0,0.08,1766755074680
0,0.04,1766755074802
0,0.08,1766755074935
0,0.08,1766755075061
0,0.04,1766755075199
0,0.08,1766755075332
0,0.08,1766755075467
0,0.04,1766755075604
0,0.08,1766755075740
0,0.08,1766755075877
0,0.04,1766755076011
0,0.07,1766755076163
0,0.07,1766755076310
0,0.05,1766755076471
0,0.04,1766755076621
0,0.08,1766755076756
0,0.08,1766755076890
0,0.04,1766755077031
0,0.04,1766755077176
0,0.08,1766755077331
0,0.08,1766755077463
0,0.04,1766755077593
0,0.04,1766755077722
0,0.08,1766755077851
0,0.04,1766755077981
0,0.04,1766755078111
0,0.08,1766755078246
0,0.04,1766755078375
0,0.04,1766755078507
0,0.08,1766755078637
0,0.06,1766755078773
0,0.06,1766755078906
0,0.07,1766755079042
0,0.04,1766755079176
0,0.04,1766755079309
0,0.08,1766755079435
0,0.08,1766755079559
0,0.08,1766755079691
0,0.04,1766755079817
0,0.08,1766755079948
0,0.08,1766755080092
0,0.04,1766755080235
0,0.07,1766755080373
0,0.07,1766755080501
0,0.06,1766755080633
0,0.08,1766755080763
0,0.08,1766755080896
0,0.04,1766755081033
0,0.08,1766755081167
0,0.08,1766755081303
0,0.04,1766755081438
0,0.07,1766755081574
0,0.07,1766755081709
0,0.05,1766755081847
0,0.04,1766755082001
0,0.04,1766755082149
0,0.08,1766755082305
0,0.04,1766755082448
0,0.06,1766755082588
0,0.06,1766755082724
0,0.07,1766755082867
0,0.04,1766755083007
0,0.04,1766755083142
0,0.08,1766755083271
0,0.04,1766755083402
0,0.04,1766755083533
0,0.08,1766755083664
0,0.04,1766755083795
0,0.04,1766755083927
0,0.08,1766755084056
0,0.06,1766755084186
0,0.06,1766755084318
0,0.06,1766755084449
0,0.08,1766755084579
0,0.08,1766755084713
0,0.04,1766755084850
0,0.07,1766755084985
0,0.07,1766755085123
0,0.05,1766755085247
0,0.08,1766755085376
0,0.08,1766755085501
0,0.04,1766755085626
0,0.04,1766755085760
0,0.08,1766755085899
0,0.04,1766755086047
0,0.08,1766755086185
0,0.08,1766755086313
0,0.04,1766755086440
0,0.08,1766755086567
0,0.08,1766755086698
0,0.04,1766755086831
0,0.08,1766755086963
0,0.08,1766755087096
0,0.04,1766755087234
0,0.08,1766755087367
0,0.08,1766755087503
0,0.04,1766755087636
0,0.08,1766755087777
0,0.08,1766755087925
0,0.04,1766755088076
0,0.04,1766755088227
0,0.04,1766755088362
0,0.08,1766755088500
0,0.04,1766755088635
0,0.08,1766755088775
0,0.08,1766755088911
0,0.04,1766755089040
0,0.08,1766755089171
0,0.08,1766755089302
0,0.04,1766755089433
0,0.04,1766755089566
0,0.08,1766755089696
0,0.04,1766755089826
0,0.04,1766755089959
0,0.08,1766755090091
0,0.04,1766755090221
0,0.04,1766755090351
0,0.08,1766755090482
0,0.04,1766755090617
0,0.04,1766755090750
0,0.08,1766755090886
0,0.04,1766755091015
0,0.04,1766755091149
0,0.08,1766755091277
0,0.08,1766755091402
0,0.08,1766755091535
0,0.05,1766755091675
0,0.06,1766755091819
0,0.06,1766755091958
0,0.07,1766755092083
0,0.07,1766755092209
0,0.07,1766755092337
0,0.05,1766755092468
0,0.08,1766755092601
0,0.08,1766755092734
0,0.04,1766755092865
0,0.08,1766755093006
0,0.08,1766755093138
0,0.04,1766755093271
0,0.08,1766755093407
0,0.08,1766755093541
0,0.04,1766755093691
0,0.04,1766755093833
0,0.04,1766755093988
0,0.08,1766755094131
0,0.04,1766755094261
0,0.08,1766755094397
0,0.08,1766755094531
0,0.04,1766755094670
0,0.08,1766755094802
0,0.08,1766755094933
0,0.04,1766755095064
0,0.08,1766755095197
0,0.08,1766755095327
0,0.04,1766755095461
0,0.08,1766755095595
0,0.08,1766755095729
0,0.04,1766755095861
0,0.04,1766755095991
0,0.08,1766755096123
0,0.04,1766755096259
0,0.08,1766755096396
0,0.08,1766755096531
0,0.04,1766755096668
0,0.08,1766755096801
0,0.08,1766755096929
0,0.04,1766755097052
0,0.04,1766755097177
0,0.08,1766755097314
0,0.04,1766755097450
0,0.04,1766755097592
0,0.08,1766755097733
0,0.04,1766755097858
0,0.04,1766755097982
0,0.08,1766755098106
0,0.07,1766755098231
0,0.07,1766755098371
0,0.05,1766755098504
0,0.07,1766755098636
0,0.07,1766755098771
0,0.06,1766755098902
0,0.07,1766755099036
0,0.07,1766755099177
0,0.05,1766755099310
0,0.04,1766755099447
0,0.04,1766755099596
0,0.08,1766755099744
0,0.04,1766755099899
0,0.07,1766755100038
0,0.07,1766755100173
0,0.05,1766755100307
0,0.07,1766755100441
0,0.07,1766755100574
0,0.05,1766755100704
0,0.08,1766755100834
0,0.08,1766755100964
0,0.04,1766755101095
0,0.08,1766755101230
0,0.08,1766755101362
0,0.04,1766755101495
0,0.08,1766755101625
0,0.08,1766755101757
0,0.04,1766755101888
0,0.08,1766755102023
0,0.08,1766755102158
0,0.04,1766755102313
0,0.07,1766755102448
0,0.07,1766755102581
0,0.06,1766755102715
0,0.08,1766755102842
0,0.08,1766755102968
0,0.05,1766755103105
0,0.08,1766755103241
0,0.08,1766755103394
0,0.04,1766755103533
0,0.04,1766755103655
0,0.04,1766755103785
0,0.08,1766755103910
0,0.08,1766755104042
0,0.08,1766755104175
0,0.04,1766755104306
0,0.08,1766755104441
0,0.08,1766755104575
0,0.04,1766755104714
0,0.08,1766755104849
0,0.08,1766755104985
0,0.04,1766755105124
0,0.07,1766755105260
0,0.07,1766755105406
0,0.06,1766755105551
0,0.04,1766755105707
0,0.08,1766755105855
0,0.08,1766755105990
0,0.04,1766755106126
0,0.07,1766755106257
0,0.07,1766755106388
0,0.05,1766755106517
0,0.08,1766755106646
0,0.08,1766755106777
0,0.04,1766755106909
0,0.08,1766755107040
0,0.08,1766755107173
0,0.04,1766755107306
0,0.08,1766755107437
0,0.08,1766755107570
0,0.04,1766755107703
0,0.08,1766755107836
0,0.08,1766755107969
0,0.04,1766755108105
0,0.08,1766755108243
0,0.08,1766755108375
0,0.04,1766755108512
0,0.08,1766755108638
0,0.08,1766755108764
0,0.04,1766755108911
0,0.08,1766755109047
0,0.08,1766755109197
0,0.04,1766755109333
0,0.08,1766755109458
0,0.08,1766755109593
0,0.04,1766755109722
0,0.08,1766755109856
0,0.08,1766755109990
0,0.04,1766755110120
0,0.08,1766755110254
0,0.08,1766755110388
0,0.04,1766755110528
0,0.08,1766755110664
0,0.08,1766755110800
0,0.04,1766755110935
0,0.08,1766755111069
0,0.08,1766755111218
0,0.04,1766755111363
0,0.04,1766755111517
0,0.08,1766755111663
0,0.08,1766755111799
0,0.04,1766755111945
0,0.08,1766755112068
0,0.08,1766755112197
0,0.04,1766755112328
0,0.08,1766755112460
0,0.08,1766755112591
0,0.04,1766755112720
0,0.08,1766755112852
0,0.08,1766755112985
0,0.04,1766755113118
0,0.04,1766755113248
0,0.08,1766755113379
0,0.04,1766755113513
0,0.04,1766755113644
0,0.08,1766755113777
0,0.04,1766755113910
0,0.04,1766755114042
0,0.08,1766755114175
0,0.04,1766755114307
0,0.04,1766755114437
0,0.08,1766755114560
0,0.04,1766755114712
1,0.04,1766755114861
1,0.07,1766755115008
1,0.04,1766755115138
1,0.08,1766755115271
1,0.08,1766755115395
1,0.04,1766755115525
1,0.04,1766755115657
1,0.08,1766755115789
1,0.04,1766755115926
1,0.04,1766755116060
1,0.08,1766755116196
1,0.04,1766755116341
1,0.08,1766755116478
1,0.08,1766755116613
1,0.04,1766755116749
1,0.08,1766755116883
1,0.08,1766755117018
1,0.04,1766755117167
1,0.05,1766755117315
1,0.08,1766755117474
1,0.08,1766755117612
1,0.04,1766755117748
1,0.08,1766755117873
1,0.08,1766755118002
1,0.04,1766755118132
1,0.04,1766755118262
1,0.08,1766755118393
1,0.04,1766755118523
1,0.04,1766755118654
1,0.08,1766755118783
1,0.04,1766755118915
1,0.04,1766755119046
1,0.08,1766755119181
1,0.06,1766755119312
1,0.06,1766755119445
1,0.07,1766755119576
1,0.06,1766755119714
1,0.06,1766755119846
1,0.07,1766755119977
1,0.06,1766755120115
1,0.06,1766755120244
1,0.07,1766755120377
1,0.06,1766755120518
1,0.06,1766755120660
1,0.07,1766755120810
1,0.04,1766755120934
1,0.04,1766755121061
1,0.08,1766755121186
1,0.07,1766755121316
1,0.07,1766755121448
1,0.05,1766755121581
1,0.08,1766755121711
1,0.08,1766755121845
1,0.04,1766755121981
1,0.08,1766755122115
1,0.08,1766755122254
1,0.04,1766755122388
1,0.06,1766755122526
1,0.06,1766755122659
1,0.06,1766755122792
1,0.04,1766755122937
1,0.04,1766755123087
1,0.08,1766755123248
1,0.04,1766755123397
1,0.05,1766755123530
1,0.05,1766755123659
1,0.08,1766755123781
1,0.08,1766755123910
1,0.08,1766755124040
1,0.04,1766755124168
1,0.08,1766755124300
1,0.08,1766755124429
1,0.04,1766755124559
1,0.04,1766755124689
1,0.08,1766755124821
1,0.04,1766755124958
1,0.04,1766755125096
1,0.08,1766755125233
1,0.04,1766755125365
1,0.04,1766755125501
1,0.08,1766755125633
1,0.04,1766755125762
1,0.04,1766755125895
1,0.08,1766755126027
1,0.04,1766755126163
1,0.04,1766755126299
1,0.08,1766755126443
1,0.04,1766755126588
1,0.08,1766755126712
1,0.08,1766755126837
1,0.04,1766755126963
1,0.04,1766755127090
1,0.08,1766755127224
1,0.04,1766755127357
1,0.04,1766755127487
1,0.08,1766755127621
1,0.04,1766755127759
1,0.04,1766755127894
1,0.08,1766755128035
1,0.04,1766755128171
1,0.04,1766755128309
1,0.08,1766755128445
1,0.04,1766755128577
1,0.04,1766755128710
1,0.08,1766755128864
1,0.04,1766755129011
1,0.04,1766755129169
1,0.04,1766755129310
1,0.08,1766755129441
1,0.04,1766755129566
1,0.04,1766755129697
1,0.08,1766755129829
1,0.04,1766755129958
1,0.04,1766755130089
1,0.08,1766755130219
1,0.07,1766755130352
1,0.07,1766755130485
1,0.06,1766755130619
1,0.08,1766755130750
1,0.08,1766755130890
1,0.05,1766755131025
1,0.04,1766755131160
1,0.04,1766755131294
1,0.08,1766755131425
1,0.06,1766755131563
1,0.06,1766755131699
1,0.06,1766755131830
1,0.04,1766755131969
1,0.04,1766755132105
1,0.08,1766755132249
1,0.04,1766755132389
1,0.04,1766755132513
1,0.08,1766755132641
1,0.04,1766755132764
1,0.04,1766755132893
1,0.08,1766755133025
1,0.07,1766755133158
1,0.07,1766755133291
1,0.05,1766755133424
1,0.08,1766755133557
1,0.08,1766755133693
1,0.04,1766755133831
1,0.05,1766755133969
1,0.05,1766755134104
1,0.08,1766755134239
1,0.04,1766755134371
1,0.04,1766755134502
1,0.08,1766755134646
1,0.04,1766755134795
1,0.08,1766755134952
1,0.08,1766755135100
1,0.04,1766755135226
1,0.08,1766755135356
1,0.08,1766755135481
1,0.04,1766755135611
1,0.08,1766755135739
1,0.08,1766755135869
1,0.04,1766755135997
1,0.04,1766755136128
1,0.08,1766755136258
1,0.04,1766755136390
1,0.04,1766755136527
1,0.08,1766755136662
1,0.04,1766755136798
1,0.04,1766755136931
1,0.08,1766755137062
1,0.04,1766755137200
1,0.04,1766755137341
1,0.08,1766755137470
1,0.04,1766755137601
1,0.04,1766755137742
1,0.08,1766755137883
1,0.04,1766755138028
1,0.08,1766755138161
1,0.08,1766755138283
1,0.04,1766755138414
1,0.04,1766755138540
1,0.08,1766755138666
1,0.04,1766755138798
1,0.04,1766755138930
1,0.08,1766755139060
1,0.04,1766755139192
1,0.04,1766755139331
1,0.08,1766755139465
1,0.04,1766755139598
1,0.04,1766755139735
1,0.08,1766755139867
1,0.04,1766755140000
1,0.04,1766755140135
1,0.08,1766755140269
1,0.04,1766755140404
1,0.04,1766755140556
1,0.08,1766755140704
1,0.04,1766755140857
1,0.07,1766755140987
1,0.07,1766755141116
1,0.05,1766755141242
1,0.08,1766755141373
1,0.08,1766755141504
1,0.04,1766755141634
1,0.08,1766755141763
1,0.08,1766755141892
1,0.04,1766755142020
1,0.04,1766755142151
1,0.08,1766755142287
1,0.04,1766755142421
1,0.04,1766755142555
1,0.08,1766755142688
1,0.04,1766755142827
1,0.04,1766755142961
1,0.08,1766755143094
1,0.04,1766755143227
1,0.04,1766755143361
1,0.08,1766755143500
1,0.04,1766755143644
1,0.08,1766755143791
1,0.08,1766755143936
1,0.04,1766755144061
1,0.08,1766755144195
1,0.08,1766755144322
1,0.05,1766755144450
1,0.08,1766755144582
1,0.08,1766755144715
1,0.04,1766755144847
1,0.08,1766755144979
1,0.08,1766755145114
1,0.04,1766755145250
1,0.08,1766755145386
1,0.08,1766755145517
1,0.04,1766755145654
1,0.08,1766755145789
1,0.08,1766755145921
1,0.04,1766755146052
1,0.08,1766755146187
1,0.08,1766755146332
1,0.04,1766755146480
1,0.04,1766755146639
1,0.08,1766755146776
1,0.08,1766755146898
1,0.04,1766755147026
1,0.04,1766755147151
1,0.08,1766755147284
1,0.06,1766755147415
1,0.06,1766755147546
1,0.07,1766755147679
1,0.08,1766755147809
1,0.08,1766755147941
1,0.05,1766755148075
1,0.08,1766755148209
1,0.08,1766755148343
1,0.04,1766755148477
1,0.07,1766755148615
1,0.07,1766755148750
1,0.05,1766755148883
1,0.07,1766755149019
1,0.07,1766755149153
1,0.05,1766755149299
1,0.04,1766755149446
1,0.08,1766755149593
1,0.08,1766755149739
1,0.04,1766755149865
1,0.08,1766755149996
1,0.08,1766755150123
1,0.04,1766755150257
1,0.04,1766755150389
1,0.08,1766755150520
1,0.04,1766755150648
1,0.04,1766755150783
1,0.08,1766755150918
1,0.04,1766755151059
1,0.04,1766755151193
1,0.08,1766755151330
1,0.04,1766755151472
1,0.08,1766755151604
1,0.08,1766755151735
1,0.04,1766755151870
1,0.08,1766755152005
1,0.08,1766755152146
1,0.04,1766755152293
1,0.04,1766755152443
1,0.04,1766755152586
1,0.08,1766755152714
1,0.04,1766755152840
1,0.04,1766755152967
1,0.08,1766755153095
1,0.08,1766755153225
1,0.08,1766755153352
1,0.04,1766755153483
1,0.08,1766755153613
1,0.08,1766755153743
1,0.04,1766755153872
1,0.08,1766755154005
1,0.08,1766755154139
1,0.04,1766755154274
1,0.08,1766755154406
1,0.08,1766755154537
1,0.04,1766755154691
1,0.08,1766755154829
1,0.08,1766755154962
1,0.04,1766755155107
1,0.04,1766755155250
1,0.04,1766755155406
1,0.08,1766755155540
1,0.04,1766755155665
1,0.04,1766755155795
1,0.08,1766755155920
1,0.04,1766755156053
1,0.04,1766755156186
1,0.08,1766755156318
1,0.05,1766755156451
1,0.05,1766755156582
1,0.08,1766755156714
1,0.07,1766755156849
1,0.07,1766755156986
1,0.06,1766755157120
1,0.04,1766755157256
1,0.04,1766755157389
1,0.08,1766755157521
1,0.07,1766755157651
1,0.07,1766755157788
1,0.06,1766755157923
1,0.04,1766755158079
1,0.04,1766755158221
1,0.08,1766755158370
1,0.04,1766755158504
1,0.08,1766755158629
1,0.08,1766755158759
1,0.04,1766755158885
1,0.04,1766755159016
1,0.08,1766755159146
1,0.04,1766755159277
1,0.04,1766755159406
1,0.08,1766755159539
1,0.04,1766755159677
1,0.04,1766755159812
1,0.08,1766755159951
1,0.04,1766755160087
1,0.04,1766755160224
1,0.08,1766755160356
1,0.04,1766755160489
1,0.04,1766755160622
1,0.08,1766755160755
1,0.04,1766755160910
1,0.08,1766755161056
1,0.08,1766755161210
1,0.04,1766755161341
1,0.05,1766755161464
1,0.05,1766755161595
1,0.07,1766755161720
1,0.08,1766755161856
1,0.08,1766755161987
1,0.04,1766755162116
1,0.08,1766755162250
1,0.08,1766755162382
1,0.04,1766755162516
1,0.08,1766755162653
1,0.08,1766755162796
1,0.04,1766755162934
1,0.07,1766755163067
1,0.07,1766755163205
1,0.05,1766755163338
1,0.07,1766755163475
1,0.07,1766755163613
1,0.05,1766755163744
1,0.04,1766755163892
1,0.04,1766755164035
1,0.08,1766755164178
1,0.04,1766755164316
1,0.08,1766755164440
1,0.08,1766755164574
1,0.04,1766755164702
1,0.04,1766755164838
1,0.08,1766755164969
1,0.04,1766755165099
1,0.04,1766755165238
1,0.08,1766755165369
1,0.04,1766755165501
1,0.04,1766755165639
1,0.08,1766755165772
1,0.04,1766755165907
1,0.08,1766755166048
1,0.08,1766755166181
1,0.04,1766755166316
1,0.08,1766755166449
1,0.08,1766755166588
1,0.04,1766755166741
1,0.07,1766755166890
1,0.07,1766755167044
1,0.05,1766755167169
1,0.04,1766755167296
1,0.04,1766755167422
1,0.08,1766755167552
1,0.07,1766755167683
1,0.07,1766755167814
1,0.05,1766755167944
1,0.08,1766755168074
1,0.08,1766755168208
1,0.04,1766755168343
1,0.08,1766755168478
1,0.08,1766755168614
1,0.04,1766755168751
1,0.08,1766755168883
1,0.08,1766755169023
1,0.04,1766755169154
1,0.08,1766755169286
1,0.08,1766755169427
1,0.05,1766755169559
1,0.07,1766755169699
1,0.07,1766755169843
1,0.05,1766755169983
1,0.04,1766755170126
1,0.04,1766755170253
1,0.08,1766755170381
1,0.04,1766755170507
1,0.04,1766755170638
1,0.08,1766755170769
1,0.05,1766755170899
1,0.05,1766755171029
1,0.07,1766755171159
1,0.07,1766755171294
1,0.07,1766755171428
1,0.05,1766755171561
1,0.07,1766755171697
1,0.07,1766755171831
1,0.05,1766755171965
1,0.06,1766755172102
1,0.06,1766755172235
1,0.06,1766755172374
1,0.04,1766755172518
1,0.04,1766755172668
1,0.08,1766755172825
1,0.04,1766755172950
1,0.08,1766755173073
1,0.08,1766755173199
1,0.04,1766755173328
1,0.04,1766755173460
1,0.08,1766755173590
1,0.04,1766755173722
1,0.04,1766755173855
1,0.08,1766755173988
1,0.04,1766755174124
1,0.04,1766755174259
1,0.08,1766755174399
1,0.04,1766755174533
1,0.04,1766755174669
1,0.08,1766755174804
1,0.04,1766755174940
1,0.08,1766755175078
1,0.08,1766755175209
1,0.04,1766755175342
1,0.04,1766755175474
1,0.08,1766755175613
1,0.04,1766755175749
1,0.08,1766755175900
1,0.08,1766755176035
1,0.04,1766755176157
1,0.08,1766755176288
1,0.08,1766755176412
1,0.04,1766755176546
1,0.04,1766755176675
1,0.08,1766755176803
1,0.04,1766755176935
1,0.04,1766755177073
1,0.08,1766755177209
1,0.04,1766755177343
1,0.04,1766755177484
1,0.08,1766755177615
1,0.04,1766755177748
1,0.08,1766755177887
1,0.08,1766755178022
1,0.04,1766755178162
1,0.08,1766755178311
1,0.08,1766755178462
1,0.04,1766755178617
1,0.04,1766755178747
1,0.04,1766755178875
1,0.08,1766755178997
1,0.05,1766755179128
1,0.05,1766755179260
1,0.07,1766755179391
1,0.07,1766755179521
1,0.07,1766755179653
1,0.05,1766755179789
1,0.08,1766755179923
1,0.08,1766755180054
1,0.05,1766755180187
1,0.08,1766755180322
1,0.08,1766755180457
1,0.04,1766755180592
1,0.06,1766755180732
1,0.06,1766755180868
1,0.07,1766755181003
1,0.04,1766755181140
1,0.04,1766755181273
1,0.08,1766755181406
1,0.04,1766755181543
1,0.04,1766755181684
1,0.08,1766755181829
1,0.04,1766755181953
1,0.04,1766755182082
1,0.08,1766755182208
1,0.06,1766755182339
1,0.06,1766755182471
1,0.06,1766755182599
1,0.08,1766755182730
1,0.08,1766755182862
1,0.04,1766755182993
1,0.08,1766755183127
1,0.08,1766755183264
1,0.04,1766755183396
1,0.08,1766755183534
1,0.08,1766755183667
1,0.04,1766755183800
1,0.08,1766755183943
1,0.08,1766755184085
1,0.04,1766755184235
1,0.04,1766755184392
1,0.08,1766755184527
1,0.08,1766755184661
1,0.04,1766755184784
1,0.08,1766755184914
1,0.08,1766755185043
1,0.04,1766755185176
1,0.04,1766755185305
1,0.08,1766755185438
1,0.04,1766755185571
1,0.04,1766755185703
1,0.08,1766755185836
1,0.04,1766755185970
1,0.08,1766755186117
1,0.08,1766755186253
1,0.04,1766755186388
1,0.08,1766755186520
1,0.08,1766755186655
1,0.04,1766755186789
1,0.08,1766755186925
1,0.08,1766755187059
1,0.04,1766755187181
1,0.08,1766755187329
1,0.08,1766755187466
1,0.04,1766755187612
1,0.07,1766755187748
1,0.07,1766755187872
1,0.05,1766755188003
1,0.08,1766755188129
1,0.08,1766755188259
1,0.04,1766755188388
1,0.04,1766755188518
1,0.08,1766755188647
1,0.04,1766755188782
1,0.04,1766755188914
1,0.08,1766755189049
1,0.04,1766755189182
1,0.04,1766755189311
1,0.08,1766755189446
1,0.04,1766755189580
1,0.04,1766755189726
1,0.08,1766755189870
1,0.04,1766755190022
1,0.07,1766755190165
1,0.07,1766755190298
1,0.05,1766755190437
1,0.04,1766755190568
1,0.04,1766755190703
1,0.08,1766755190833
1,0.07,1766755190964
1,0.07,1766755191095
1,0.06,1766755191226
1,0.08,1766755191359
1,0.08,1766755191494
1,0.04,1766755191627
1,0.08,1766755191762
1,0.08,1766755191898
1,0.04,1766755192033
1,0.07,1766755192166
1,0.07,1766755192300
1,0.05,1766755192441
1,0.04,1766755192577
1,0.04,1766755192711
1,0.08,1766755192847
1,0.06,1766755192973
1,0.06,1766755193102
1,0.07,1766755193240
1,0.07,1766755193383
1,0.07,1766755193532
1,0.05,1766755193659
1,0.04,1766755193790
1,0.04,1766755193917
1,0.08,1766755194042
1,0.07,1766755194175
1,0.07,1766755194308
1,0.05,1766755194441
1,0.08,1766755194574
1,0.08,1766755194708
1,0.05,1766755194846
1,0.07,1766755194979
1,0.07,1766755195116
1,0.05,1766755195250
1,0.07,1766755195382
1,0.07,1766755195525
1,0.05,1766755195671
1,0.04,1766755195831
1,0.08,1766755195977
1,0.08,1766755196110
1,0.04,1766755196246
1,0.08,1766755196371
1,0.08,1766755196502
1,0.04,1766755196632
1,0.08,1766755196762
1,0.08,1766755196893
1,0.04,1766755197024
1,0.04,1766755197161
1,0.08,1766755197301
1,0.04,1766755197436
1,0.08,1766755197572
1,0.08,1766755197705
1,0.04,1766755197845
1,0.08,1766755197980
1,0.08,1766755198114
1,0.04,1766755198253
1,0.08,1766755198388
1,0.08,1766755198523
1,0.04,1766755198656
1,0.08,1766755198779
1,0.08,1766755198905
1,0.04,1766755199046
1,0.08,1766755199179
1,0.08,1766755199329
1,0.04,1766755199466
1,0.08,1766755199589
1,0.08,1766755199721
1,0.04,1766755199846
1,0.08,1766755199978
1,0.08,1766755200108
1,0.04,1766755200241
1,0.08,1766755200373
1,0.08,1766755200515
1,0.04,1766755200650
1,0.08,1766755200784
1,0.08,1766755200917
1,0.04,1766755201048
1,0.08,1766755201182
1,0.08,1766755201334
1,0.04,1766755201486
1,0.04,1766755201640
1,0.08,1766755201783
1,0.08,1766755201921
1,0.04,1766755202055
1,0.08,1766755202186
1,0.08,1766755202316
1,0.04,1766755202449
1,0.08,1766755202580
1,0.08,1766755202714
1,0.04,1766755202847
1,0.04,1766755202982
1,0.08,1766755203116
1,0.04,1766755203251
1,0.08,1766755203384
1,0.08,1766755203518
1,0.04,1766755203651
1,0.08,1766755203787
1,0.08,1766755203925
1,0.04,1766755204061
1,0.08,1766755204199
1,0.08,1766755204337
1,0.04,1766755204465
1,0.08,1766755204589
1,0.08,1766755204713
1,0.04,1766755204850
1,0.04,1766755204989
1,0.08,1766755205134
1,0.04,1766755205272
1,0.08,1766755205393
1,0.08,1766755205522
1,0.04,1766755205647
1,0.04,1766755205774
1,0.08,1766755205906
1,0.04,1766755206037
1,0.04,1766755206168
1,0.08,1766755206301
1,0.04,1766755206434
1,0.04,1766755206565
1,0.08,1766755206707
1,0.04,1766755206840
1,0.04,1766755206980
1,0.08,1766755207129
1,0.04,1766755207276
1,0.08,1766755207427
1,0.08,1766755207561
1,0.04,1766755207721
1,0.04,1766755207858
1,0.04,1766755207994
1,0.08,1766755208127
1,0.04,1766755208260
1,0.04,1766755208391
1,0.08,1766755208524
1,0.04,1766755208661
1,0.04,1766755208798
1,0.08,1766755208932
1,0.04,1766755209063
1,0.04,1766755209198
1,0.08,1766755209333
1,0.04,1766755209465
1,0.04,1766755209601
1,0.08,1766755209736
1,0.04,1766755209871
1,0.08,1766755210009
1,0.08,1766755210144
1,0.04,1766755210275
1,0.04,1766755210400
1,0.08,1766755210525
1,0.04,1766755210666
1,0.04,1766755210807
1,0.08,1766755210953
1,0.04,1766755211091
1,0.08,1766755211218
1,0.08,1766755211346
1,0.04,1766755211471
1,0.04,1766755211603
1,0.08,1766755211739
1,0.04,1766755211872
1,0.04,1766755212006
1,0.08,1766755212137
1,0.04,1766755212272
1,0.04,1766755212409
1,0.08,1766755212542
1,0.04,1766755212676
1,0.04,1766755212817
1,0.08,1766755212962
1,0.04,1766755213127
1,0.04,1766755213272
1,0.04,1766755213405
1,0.08,1766755213541
1,0.04,1766755213673
1,0.04,1766755213813
1,0.08,1766755213945
1,0.04,1766755214075
1,0.04,1766755214203
1,0.08,1766755214336
1,0.04,1766755214466
1,0.04,1766755214600
1,0.08,1766755214734
1,0.05,1766755214866
1,0.05,1766755214999
1,0.07,1766755215131
1,0.06,1766755215267
1,0.06,1766755215399
1,0.07,1766755215534
1,0.06,1766755215667
1,0.06,1766755215803
1,0.07,1766755215935
1,0.07,1766755216059
1,0.07,1766755216190
1,0.05,1766755216315
1,0.08,1766755216441
1,0.08,1766755216587
1,0.04,1766755216723
1,0.07,1766755216868
1,0.07,1766755217000
1,0.05,1766755217124
1,0.08,1766755217254
1,0.08,1766755217382
1,0.04,1766755217516
1,0.08,1766755217649
1,0.08,1766755217779
1,0.04,1766755217912
1,0.08,1766755218045
1,0.08,1766755218184
1,0.04,1766755218316
1,0.08,1766755218446
1,0.08,1766755218590
1,0.04,1766755218736
1,0.04,1766755218896
1,0.04,1766755219040
1,0.08,1766755219173
1,0.04,1766755219316
1,0.08,1766755219449
1,0.08,1766755219591
1,0.04,1766755219728
1,0.08,1766755219861
1,0.08,1766755220002
1,0.04,1766755220137
1,0.08,1766755220271
1,0.08,1766755220406
1,0.04,1766755220541
1,0.08,1766755220677
1,0.08,1766755220808
1,0.04,1766755220939
1,0.08,1766755221073
1,0.08,1766755221206
1,0.04,1766755221342
1,0.08,1766755221477
1,0.08,1766755221615
1,0.04,1766755221751
1,0.08,1766755221877
1,0.08,1766755222001
1,0.04,1766755222130
1,0.08,1766755222253
1,0.08,1766755222397
1,0.04,1766755222538
1,0.08,1766755222684
1,0.08,1766755222821
1,0.04,1766755222944
1,0.08,1766755223074
1,0.08,1766755223204
1,0.04,1766755223338
1,0.08,1766755223471
1,0.08,1766755223601
1,0.04,1766755223732
1,0.08,1766755223867
1,0.08,1766755223998
1,0.04,1766755224130
1,0.08,1766755224266
1,0.08,1766755224417
1,0.04,1766755224570
1,0.04,1766755224726
1,0.08,1766755224868
1,0.08,1766755225004
1,0.04,1766755225138
1,0.08,1766755225276
1,0.08,1766755225417
1,0.04,1766755225555
1,0.08,1766755225688
1,0.08,1766755225821
1,0.04,1766755225955
1,0.08,1766755226090
1,0.08,1766755226224
1,0.04,1766755226357
1,0.08,1766755226493
1,0.08,1766755226625
1,0.04,1766755226757
1,0.08,1766755226890
1,0.08,1766755227025
1,0.04,1766755227161
1,0.08,1766755227296
1,0.08,1766755227431
1,0.04,1766755227566
1,0.08,1766755227692
1,0.08,1766755227819
1,0.04,1766755227946
1,0.04,1766755228072
1,0.08,1766755228204
1,0.04,1766755228345
1,0.08,1766755228485
1,0.08,1766755228633
1,0.04,1766755228760
1,0.08,1766755228890
1,0.08,1766755229020
1,0.04,1766755229155
1,0.08,1766755229287
1,0.08,1766755229417
1,0.04,1766755229550
1,0.08,1766755229683
1,0.08,1766755229820
1,0.04,1766755229953
1,0.08,1766755230093
1,0.08,1766755230242
1,0.04,1766755230392
1,0.04,1766755230557
1,0.08,1766755230688
1,0.08,1766755230825
1,0.04,1766755230961
1,0.08,1766755231106
1,0.08,1766755231244
1,0.04,1766755231381
1,0.08,1766755231515
1,0.08,1766755231648
1,0.04,1766755231784
1,0.08,1766755231920
1,0.08,1766755232053
1,0.05,1766755232187
1,0.07,1766755232322
1,0.07,1766755232453
1,0.05,1766755232585
1,0.08,1766755232717
1,0.08,1766755232852
1,0.04,1766755232989
1,0.07,1766755233127
1,0.07,1766755233263
1,0.05,1766755233390
1,0.08,1766755233515
1,0.08,1766755233640
1,0.04,1766755233768
1,0.04,1766755233890
1,0.08,1766755234021
1,0.04,1766755234166
1,0.08,1766755234308
1,0.08,1766755234450
1,0.04,1766755234578
1,0.08,1766755234705
1,0.08,1766755234833
1,0.04,1766755234963
1,0.08,1766755235103
1,0.08,1766755235236
1,0.04,1766755235368
1,0.04,1766755235501
1,0.08,1766755235636
1,0.04,1766755235769
1,0.08,1766755235920
1,0.08,1766755236067
1,0.04,1766755236226
1,0.04,1766755236375
1,0.08,1766755236508
1,0.08,1766755236645
1,0.04,1766755236776
1,0.08,1766755236918
1,0.08,1766755237055
1,0.04,1766755237190
1,0.08,1766755237323
1,0.08,1766755237456
1,0.04,1766755237591
1,0.08,1766755237727
1,0.08,1766755237861
1,0.04,1766755237997
1,0.08,1766755238130
1,0.08,1766755238259
1,0.04,1766755238392
1,0.08,1766755238522
1,0.08,1766755238652
1,0.04,1766755238787
1,0.08,1766755238922
1,0.08,1766755239056
1,0.04,1766755239184
1,0.04,1766755239309
1,0.08,1766755239436
1,0.04,1766755239561
1,0.04,1766755239687
1,0.08,1766755239812
1,0.08,1766755239947
1,0.08,1766755240087
1,0.04,1766755240232
1,0.04,1766755240368
1,0.04,1766755240489
1,0.08,1766755240619
1,0.08,1766755240746
1,0.08,1766755240874
1,0.04,1766755241005
1,0.08,1766755241139
2,0.08,1766755241272
2,0.03,1766755241407
2,0.08,1766755241539
2,0.08,1766755241681
2,0.04,1766755241826
2,0.04,1766755241975
2,0.04,1766755242123
2,0.08,1766755242255
2,0.04,1766755242394
2,0.08,1766755242528
2,0.08,1766755242672
2,0.04,1766755242812
2,0.08,1766755242953
2,0.08,1766755243092
2,0.04,1766755243225
2,0.08,1766755243360
2,0.08,1766755243494
2,0.05,1766755243628
2,0.07,1766755243762
2,0.07,1766755243894
2,0.05,1766755244028
2,0.07,1766755244163
2,0.07,1766755244296
2,0.05,1766755244432
2,0.06,1766755244568
2,0.06,1766755244705
2,0.06,1766755244839
2,0.07,1766755244964
2,0.07,1766755245091
2,0.05,1766755245215
2,0.08,1766755245340
2,0.08,1766755245470
2,0.04,1766755245594
2,0.04,1766755245728
2,0.08,1766755245870
2,0.04,1766755246011
2,0.08,1766755246157
2,0.08,1766755246293
2,0.04,1766755246424
2,0.08,1766755246554
2,0.08,1766755246688
2,0.04,1766755246830
2,0.08,1766755246960
2,0.08,1766755247092
2,0.04,1766755247226
2,0.08,1766755247359
2,0.08,1766755247508
2,0.04,1766755247652
2,0.04,1766755247805
2,0.08,1766755247952
2,0.08,1766755248089
2,0.04,1766755248222
2,0.08,1766755248358
2,0.08,1766755248499
2,0.04,1766755248639
2,0.08,1766755248779
2,0.08,1766755248919
2,0.05,1766755249054
2,0.05,1766755249187
2,0.05,1766755249322
2,0.08,1766755249453
2,0.06,1766755249584
2,0.06,1766755249717
2,0.06,1766755249850
2,0.08,1766755249979
2,0.08,1766755250108
2,0.04,1766755250240
2,0.08,1766755250376
2,0.08,1766755250511
2,0.04,1766755250642
2,0.08,1766755250768
2,0.08,1766755250895
2,0.04,1766755251017
2,0.04,1766755251141
2,0.08,1766755251269
2,0.04,1766755251395
2,0.04,1766755251520
2,0.08,1766755251656
2,0.06,1766755251794
2,0.06,1766755251942
2,0.06,1766755252083
2,0.04,1766755252209
2,0.04,1766755252339
2,0.08,1766755252467
2,0.04,1766755252602
2,0.04,1766755252733
2,0.08,1766755252867
2,0.07,1766755252995
2,0.07,1766755253125
2,0.06,1766755253269
2,0.04,1766755253414
2,0.08,1766755253576
2,0.08,1766755253729
2,0.04,1766755253865
2,0.07,1766755253997
2,0.07,1766755254134
2,0.05,1766755254273
2,0.04,1766755254411
2,0.04,1766755254550
2,0.08,1766755254687
2,0.04,1766755254825
2,0.04,1766755254956
2,0.08,1766755255089
2,0.04,1766755255224
2,0.04,1766755255359
2,0.08,1766755255489
2,0.04,1766755255621
2,0.04,1766755255753
2,0.08,1766755255886
2,0.04,1766755256019
2,0.04,1766755256149
2,0.08,1766755256287
2,0.04,1766755256419
2,0.04,1766755256547
2,0.08,1766755256669
2,0.08,1766755256798
2,0.08,1766755256922
2,0.04,1766755257048
2,0.08,1766755257178
2,0.08,1766755257311
2,0.04,1766755257443
2,0.08,1766755257584
2,0.08,1766755257724
2,0.04,1766755257870
2,0.08,1766755258001
2,0.08,1766755258135
2,0.04,1766755258267
2,0.08,1766755258396
2,0.08,1766755258526
2,0.04,1766755258655
2,0.04,1766755258785
2,0.08,1766755258915
2,0.04,1766755259063
2,0.08,1766755259207
2,0.08,1766755259367
2,0.04,1766755259507
2,0.04,1766755259647
2,0.04,1766755259777
2,0.08,1766755259912
2,0.04,1766755260050
2,0.04,1766755260189
2,0.08,1766755260328
2,0.04,1766755260467
2,0.08,1766755260608
2,0.08,1766755260744
2,0.04,1766755260878
2,0.08,1766755261010
2,0.08,1766755261145
2,0.04,1766755261276
2,0.08,1766755261410
2,0.08,1766755261542
2,0.04,1766755261675
2,0.08,1766755261809
2,0.08,1766755261943
2,0.04,1766755262079
2,0.08,1766755262212
2,0.08,1766755262337
2,0.04,1766755262462
2,0.04,1766755262590
2,0.08,1766755262715
2,0.04,1766755262841
2,0.04,1766755262973
2,0.08,1766755263096
2,0.08,1766755263218
2,0.08,1766755263355
2,0.04,1766755263499
2,0.06,1766755263648
2,0.06,1766755263790
2,0.07,1766755263917
2,0.04,1766755264055
2,0.04,1766755264184
2,0.08,1766755264318
2,0.04,1766755264453
2,0.04,1766755264586
2,0.08,1766755264717
2,0.04,1766755264872
2,0.04,1766755265023
2,0.08,1766755265178
2,0.04,1766755265321
2,0.04,1766755265456
2,0.04,1766755265589
2,0.08,1766755265723
2,0.04,1766755265861
2,0.04,1766755265997
2,0.08,1766755266134
2,0.04,1766755266275
2,0.04,1766755266416
2,0.08,1766755266553
2,0.04,1766755266686
2,0.04,1766755266821
2,0.08,1766755266956
2,0.04,1766755267086
2,0.04,1766755267217
2,0.08,1766755267348
2,0.04,1766755267480
2,0.04,1766755267615
2,0.08,1766755267750
2,0.04,1766755267883
2,0.04,1766755268020
2,0.08,1766755268145
2,0.04,1766755268275
2,0.04,1766755268401
2,0.08,1766755268529
2,0.07,1766755268655
2,0.07,1766755268781
2,0.05,1766755268903
2,0.08,1766755269030
2,0.08,1766755269162
2,0.04,1766755269301
2,0.08,1766755269445
2,0.08,1766755269588
2,0.04,1766755269716
2,0.08,1766755269847
2,0.08,1766755269975
2,0.04,1766755270104
2,0.08,1766755270238
2,0.08,1766755270368
2,0.04,1766755270501
2,0.08,1766755270653
2,0.08,1766755270804
2,0.04,1766755270955
2,0.04,1766755271099
2,0.04,1766755271234
2,0.08,1766755271372
2,0.04,1766755271514
2,0.08,1766755271649
2,0.08,1766755271785
2,0.04,1766755271927
2,0.08,1766755272065
2,0.08,1766755272205
2,0.04,1766755272343
2,0.06,1766755272478
2,0.06,1766755272610
2,0.07,1766755272745
2,0.06,1766755272879
2,0.06,1766755273010
2,0.07,1766755273142
2,0.07,1766755273274
2,0.07,1766755273407
2,0.05,1766755273541
2,0.08,1766755273674
2,0.08,1766755273799
2,0.04,1766755273926
2,0.08,1766755274053
2,0.08,1766755274179
2,0.04,1766755274312
2,0.04,1766755274437
2,0.08,1766755274560
2,0.04,1766755274689
2,0.04,1766755274813
2,0.08,1766755274939
2,0.08,1766755275085
2,0.08,1766755275229
2,0.05,1766755275377
2,0.04,1766755275511
2,0.04,1766755275642
2,0.08,1766755275769
2,0.04,1766755275897
2,0.04,1766755276031
2,0.08,1766755276163
2,0.04,1766755276303
2,0.04,1766755276447
2,0.08,1766755276594
2,0.04,1766755276754
2,0.07,1766755276890
2,0.07,1766755277028
2,0.05,1766755277164
2,0.04,1766755277304
2,0.04,1766755277443
2,0.08,1766755277579
2,0.04,1766755277715
2,0.04,1766755277854
2,0.08,1766755277995
2,0.04,1766755278139
2,0.08,1766755278275
2,0.08,1766755278408
2,0.04,1766755278541
2,0.08,1766755278672
2,0.08,1766755278804
2,0.04,1766755278933
2,0.04,1766755279068
2,0.08,1766755279201
2,0.04,1766755279332
2,0.04,1766755279464
2,0.08,1766755279587
2,0.04,1766755279716
2,0.04,1766755279841
2,0.08,1766755279970
2,0.08,1766755280097
2,0.08,1766755280224
2,0.04,1766755280348
2,0.08,1766755280475
2,0.08,1766755280600
2,0.04,1766755280725
2,0.04,1766755280858
2,0.08,1766755280996
2,0.04,1766755281144
2,0.08,1766755281288
2,0.08,1766755281418
2,0.04,1766755281546
2,0.04,1766755281671
2,0.08,1766755281805
2,0.04,1766755281937
2,0.04,1766755282074
2,0.08,1766755282219
2,0.04,1766755282373
2,0.04,1766755282529
2,0.04,1766755282662
2,0.08,1766755282797
2,0.04,1766755282934
2,0.04,1766755283075
2,0.08,1766755283212
2,0.04,1766755283352
2,0.08,1766755283492
2,0.08,1766755283633
2,0.04,1766755283794
2,0.04,1766755283933
2,0.04,1766755284071
2,0.08,1766755284200
2,0.04,1766755284331
2,0.04,1766755284461
2,0.08,1766755284592
2,0.05,1766755284724
2,0.05,1766755284859
2,0.07,1766755284995
2,0.05,1766755285125
2,0.05,1766755285256
2,0.07,1766755285380
2,0.08,1766755285505
2,0.08,1766755285629
2,0.04,1766755285754
2,0.04,1766755285881
2,0.08,1766755286005
2,0.04,1766755286128
2,0.04,1766755286253
2,0.08,1766755286381
2,0.08,1766755286508
2,0.08,1766755286629
2,0.04,1766755286769
2,0.08,1766755286907
2,0.08,1766755287057
2,0.04,1766755287201
2,0.07,1766755287330
2,0.07,1766755287464
2,0.06,1766755287591
2,0.08,1766755287724
2,0.08,1766755287860
2,0.04,1766755288006
2,0.04,1766755288155
2,0.08,1766755288306
2,0.08,1766755288440
2,0.04,1766755288574
2,0.08,1766755288708
2,0.08,1766755288849
2,0.04,1766755288988
2,0.08,1766755289128
2,0.08,1766755289266
2,0.04,1766755289408
2,0.04,1766755289552
2,0.04,1766755289693
2,0.08,1766755289833
2,0.04,1766755289970
2,0.04,1766755290103
2,0.08,1766755290236
2,0.04,1766755290367
2,0.04,1766755290496
2,0.08,1766755290629
2,0.04,1766755290761
2,0.04,1766755290894
2,0.08,1766755291025
2,0.04,1766755291148
2,0.04,1766755291269
2,0.08,1766755291398
2,0.08,1766755291524
2,0.08,1766755291650
2,0.04,1766755291774
2,0.04,1766755291902
2,0.08,1766755292027
2,0.04,1766755292153
2,0.04,1766755292282
2,0.08,1766755292408
2,0.08,1766755292544
2,0.08,1766755292690
2,0.04,1766755292830
2,0.04,1766755292986
2,0.04,1766755293114
2,0.08,1766755293249
2,0.04,1766755293377
2,0.04,1766755293505
2,0.08,1766755293652
2,0.04,1766755293797
2,0.08,1766755293949
2,0.08,1766755294098
2,0.04,1766755294229
2,0.04,1766755294362
2,0.04,1766755294495
2,0.08,1766755294640
2,0.04,1766755294778
2,0.04,1766755294917
2,0.08,1766755295057
2,0.04,1766755295196
2,0.08,1766755295338
2,0.08,1766755295481
2,0.04,1766755295624
2,0.07,1766755295762
2,0.07,1766755295894
2,0.05,1766755296025
2,0.08,1766755296155
2,0.08,1766755296287
2,0.04,1766755296420
2,0.08,1766755296556
2,0.08,1766755296690
2,0.04,1766755296819
2,0.08,1766755296945
2,0.08,1766755297067
2,0.04,1766755297192
2,0.04,1766755297319
2,0.08,1766755297447
2,0.05,1766755297570
2,0.05,1766755297696
2,0.08,1766755297823
2,0.08,1766755297947
2,0.08,1766755298082
2,0.04,1766755298213
2,0.08,1766755298346
2,0.08,1766755298495
2,0.04,1766755298632
2,0.04,1766755298792
2,0.04,1766755298926
2,0.08,1766755299054
2,0.04,1766755299187
2,0.04,1766755299313
2,0.08,1766755299460
2,0.04,1766755299600
2,0.08,1766755299750
2,0.08,1766755299895
2,0.04,1766755300028
2,0.08,1766755300168
2,0.08,1766755300302
2,0.04,1766755300447
2,0.04,1766755300593
2,0.04,1766755300732
2,0.08,1766755300871
2,0.04,1766755301011
2,0.08,1766755301153
2,0.08,1766755301297
2,0.04,1766755301436
2,0.08,1766755301577
2,0.08,1766755301710
2,0.04,1766755301842
2,0.08,1766755301971
2,0.08,1766755302101
2,0.04,1766755302233
2,0.08,1766755302363
2,0.08,1766755302496
2,0.04,1766755302623
2,0.04,1766755302749
2,0.08,1766755302874
2,0.04,1766755302998
2,0.04,1766755303129
2,0.08,1766755303256
2,0.08,1766755303381
2,0.08,1766755303508
2,0.04,1766755303638
2,0.08,1766755303764
2,0.08,1766755303891
2,0.04,1766755304016
2,0.04,1766755304141
2,0.08,1766755304274
2,0.04,1766755304415
2,0.08,1766755304570
2,0.08,1766755304712
2,0.04,1766755304839
2,0.08,1766755304967
2,0.08,1766755305091
2,0.04,1766755305232
2,0.08,1766755305379
2,0.08,1766755305540
2,0.04,1766755305688
2,0.04,1766755305822
2,0.04,1766755305958
2,0.08,1766755306099
2,0.04,1766755306238
2,0.08,1766755306375
2,0.08,1766755306511
2,0.04,1766755306649
2,0.08,1766755306788
2,0.08,1766755306929
2,0.04,1766755307069
2,0.05,1766755307206
2,0.05,1766755307351
2,0.07,1766755307488
2,0.04,1766755307620
2,0.04,1766755307751
2,0.08,1766755307884
2,0.04,1766755308017
2,0.04,1766755308150
2,0.08,1766755308283
2,0.05,1766755308408
2,0.05,1766755308532
2,0.08,1766755308656
2,0.08,1766755308781
2,0.08,1766755308907
2,0.04,1766755309033
2,0.04,1766755309159
2,0.08,1766755309283
2,0.06,1766755309410
2,0.06,1766755309533
2,0.06,1766755309658
2,0.08,1766755309792
2,0.08,1766755309916
2,0.04,1766755310043
2,0.08,1766755310189
2,0.08,1766755310331
2,0.04,1766755310484
2,0.04,1766755310619
2,0.04,1766755310744
2,0.08,1766755310876
2,0.05,1766755311025
2,0.05,1766755311171
2,0.07,1766755311327
2,0.04,1766755311466
2,0.07,1766755311621
2,0.07,1766755311758
2,0.05,1766755311895
2,0.04,1766755312031
2,0.04,1766755312171
2,0.08,1766755312310
2,0.04,1766755312449
2,0.04,1766755312589
2,0.08,1766755312729
2,0.04,1766755312870
2,0.08,1766755313007
2,0.08,1766755313148
2,0.04,1766755313287
2,0.08,1766755313418
2,0.08,1766755313548
2,0.04,1766755313680
2,0.08,1766755313814
2,0.08,1766755313947
2,0.04,1766755314077
2,0.08,1766755314199
2,0.08,1766755314323
2,0.04,1766755314445
2,0.04,1766755314569
2,0.08,1766755314692
2,0.08,1766755314820
2,0.08,1766755314947
2,0.04,1766755315073
2,0.08,1766755315200
2,0.08,1766755315331
2,0.04,1766755315457
2,0.04,1766755315588
2,0.08,1766755315715
2,0.04,1766755315843
2,0.04,1766755315983
2,0.08,1766755316123
2,0.04,1766755316268
2,0.08,1766755316413
2,0.08,1766755316537
2,0.04,1766755316667
2,0.08,1766755316815
2,0.08,1766755316965
2,0.04,1766755317121
2,0.04,1766755317270
2,0.08,1766755317406
2,0.08,1766755317539
2,0.04,1766755317675
2,0.08,1766755317818
2,0.08,1766755317957
2,0.04,1766755318097
2,0.08,1766755318239
2,0.08,1766755318382
2,0.04,1766755318523
2,0.04,1766755318663
2,0.04,1766755318802
2,0.08,1766755318943
2,0.04,1766755319085
2,0.08,1766755319218
2,0.08,1766755319349
2,0.04,1766755319484
2,0.08,1766755319619
2,0.08,1766755319753
2,0.04,1766755319883
2,0.04,1766755320004
2,0.08,1766755320128
2,0.04,1766755320251
2,0.04,1766755320375
2,0.08,1766755320497
2,0.08,1766755320620
2,0.08,1766755320743
2,0.04,1766755320870
2,0.04,1766755320994
2,0.08,1766755321123
2,0.07,1766755321249
2,0.07,1766755321380
2,0.05,1766755321511
2,0.08,1766755321637
2,0.08,1766755321768
2,0.04,1766755321915
2,0.08,1766755322058
2,0.08,1766755322207
2,0.04,1766755322338
2,0.04,1766755322473
2,0.04,1766755322614
2,0.08,1766755322761
2,0.04,1766755322917
2,0.08,1766755323048
2,0.08,1766755323184
2,0.04,1766755323319
2,0.08,1766755323455
2,0.08,1766755323596
2,0.04,1766755323737
2,0.04,1766755323875
2,0.04,1766755324016
2,0.08,1766755324159
2,0.04,1766755324302
2,0.08,1766755324443
2,0.08,1766755324584
2,0.04,1766755324724
2,0.08,1766755324863
2,0.08,1766755324999
2,0.04,1766755325130
2,0.08,1766755325264
2,0.08,1766755325400
2,0.04,1766755325532
2,0.08,1766755325663
2,0.08,1766755325786
2,0.04,1766755325910
2,0.04,1766755326034
2,0.08,1766755326158
2,0.04,1766755326282
2,0.04,1766755326404
2,0.08,1766755326531
2,0.08,1766755326655
2,0.08,1766755326780
2,0.04,1766755326906
2,0.04,1766755327034
2,0.08,1766755327160
2,0.04,1766755327291
2,0.04,1766755327418
2,0.08,1766755327548
2,0.06,1766755327688
2,0.06,1766755327827
2,0.07,1766755327971
2,0.04,1766755328113
2,0.04,1766755328244
2,0.08,1766755328390
2,0.04,1766755328535
2,0.07,1766755328688
2,0.07,1766755328823
2,0.05,1766755328954
2,0.07,1766755329082
2,0.07,1766755329216
2,0.05,1766755329354
2,0.07,1766755329488
2,0.07,1766755329626
2,0.06,1766755329765
2,0.04,1766755329904
2,0.04,1766755330044
2,0.08,1766755330182
2,0.04,1766755330322
2,0.08,1766755330462
2,0.08,1766755330604
2,0.04,1766755330744
2,0.08,1766755330880
2,0.08,1766755331012
2,0.04,1766755331145
2,0.08,1766755331277
2,0.08,1766755331407
2,0.04,1766755331531
2,0.04,1766755331654
2,0.08,1766755331778
2,0.04,1766755331906
2,0.04,1766755332031
2,0.08,1766755332155
2,0.08,1766755332279
2,0.08,1766755332405
2,0.04,1766755332532
2,0.04,1766755332659
2,0.08,1766755332790
2,0.04,1766755332921
2,0.04,1766755333047
2,0.08,1766755333177
2,0.04,1766755333311
2,0.04,1766755333439
2,0.08,1766755333580
2,0.04,1766755333723
2,0.04,1766755333871
2,0.08,1766755334016
2,0.04,1766755334158
2,0.08,1766755334308
2,0.08,1766755334457
2,0.04,1766755334590
2,0.04,1766755334724
2,0.04,1766755334857
2,0.08,1766755334993
2,0.04,1766755335134
2,0.04,1766755335273
2,0.08,1766755335412
2,0.04,1766755335550
2,0.08,1766755335692
2,0.08,1766755335831
2,0.04,1766755335972
2,0.08,1766755336112
2,0.08,1766755336253
2,0.04,1766755336391
2,0.04,1766755336530
2,0.04,1766755336670
2,0.08,1766755336805
2,0.04,1766755336936
2,0.04,1766755337070
2,0.08,1766755337201
2,0.04,1766755337323
2,0.04,1766755337446
2,0.08,1766755337568
2,0.08,1766755337692
2,0.08,1766755337815
2,0.04,1766755337940
2,0.04,1766755338067
2,0.08,1766755338191
2,0.07,1766755338317
2,0.07,1766755338448
2,0.05,1766755338576
2,0.08,1766755338712
2,0.08,1766755338843
2,0.04,1766755338968
2,0.08,1766755339098
2,0.08,1766755339226
2,0.04,1766755339357
2,0.08,1766755339503
2,0.08,1766755339645
2,0.04,1766755339801
2,0.04,1766755339949
2,0.04,1766755340094
2,0.08,1766755340241
2,0.04,1766755340376
2,0.08,1766755340509
2,0.08,1766755340644
2,0.04,1766755340782
2,0.08,1766755340921
2,0.08,1766755341058
2,0.04,1766755341196
2,0.07,1766755341335
2,0.07,1766755341472
2,0.06,1766755341614
2,0.04,1766755341754
2,0.04,1766755341893
2,0.08,1766755342036
2,0.04,1766755342176
2,0.08,1766755342314
2,0.08,1766755342455
2,0.04,1766755342598
2,0.08,1766755342733
2,0.08,1766755342866
2,0.04,1766755342997
2,0.08,1766755343122
2,0.08,1766755343247
2,0.04,1766755343372
2,0.04,1766755343497
2,0.08,1766755343622
2,0.04,1766755343748
2,0.04,1766755343872
2,0.08,1766755343997
2,0.08,1766755344123
2,0.08,1766755344253
2,0.04,1766755344383
2,0.08,1766755344515
2,0.08,1766755344645
2,0.04,1766755344773
2,0.08,1766755344919
2,0.08,1766755345047
2,0.04,1766755345173
2,0.08,1766755345320
2,0.08,1766755345454
2,0.04,1766755345616
2,0.04,1766755345772
2,0.08,1766755345929
2,0.08,1766755346065
2,0.04,1766755346194
2,0.08,1766755346329
2,0.08,1766755346457
2,0.04,1766755346597
2,0.08,1766755346732
2,0.08,1766755346872
2,0.04,1766755347010
2,0.08,1766755347152
2,0.08,1766755347290
2,0.04,1766755347433
2,0.04,1766755347574
2,0.04,1766755347714
2,0.08,1766755347852
2,0.04,1766755347989
2,0.08,1766755348128
2,0.08,1766755348267
2,0.04,1766755348407
2,0.08,1766755348541
2,0.08,1766755348673
2,0.04,1766755348799
2,0.04,1766755348923
2,0.08,1766755349047
2,0.04,1766755349171
2,0.04,1766755349295
2,0.08,1766755349423
2,0.08,1766755349548
2,0.08,1766755349672
2,0.04,1766755349796
2,0.04,1766755349925
2,0.08,1766755350052
2,0.04,1766755350180
2,0.04,1766755350307
2,0.08,1766755350440
2,0.05,1766755350567
2,0.05,1766755350703
2,0.07,1766755350829
2,0.08,1766755350954
2,0.08,1766755351088
2,0.04,1766755351231
2,0.07,1766755351384
2,0.05,1766755351552
2,0.05,1766755351702
2,0.04,1766755351844
2,0.07,1766755351970
2,0.07,1766755352110
2,0.06,1766755352243
2,0.04,1766755352383
2,0.04,1766755352519
2,0.08,1766755352658
2,0.04,1766755352796
2,0.04,1766755352938
2,0.08,1766755353086
2,0.04,1766755353229
2,0.08,1766755353368
2,0.08,1766755353509
2,0.04,1766755353652
2,0.04,1766755353792
2,0.04,1766755353931
2,0.08,1766755354072
2,0.04,1766755354214
2,0.08,1766755354350
2,0.08,1766755354483
2,0.04,1766755354610
2,0.04,1766755354734
2,0.08,1766755354858
2,0.05,1766755354984
2,0.05,1766755355110
2,0.08,1766755355235
2,0.08,1766755355358
2,0.08,1766755355482
2,0.04,1766755355606
2,0.04,1766755355731
2,0.08,1766755355858
2,0.06,1766755355988
2,0.06,1766755356117
2,0.07,1766755356246
2,0.08,1766755356373
2,0.08,1766755356507
2,0.04,1766755356635
2,0.08,1766755356764
2,0.08,1766755356895
2,0.04,1766755357040
2,0.08,1766755357194
2,0.08,1766755357354
2,0.04,1766755357529
2,0.04,1766755357666
2,0.05,1766755357800
2,0.05,1766755357935
2,0.07,1766755358068
2,0.04,1766755358206
2,0.04,1766755358345
2,0.08,1766755358482
2,0.04,1766755358621
2,0.04,1766755358761
2,0.08,1766755358902
2,0.04,1766755359044
2,0.08,1766755359188
2,0.08,1766755359327
2,0.04,1766755359465
2,0.05,1766755359604
2,0.05,1766755359742
2,0.07,1766755359885
2,0.04,1766755360025
2,0.04,1766755360164
2,0.08,1766755360296
2,0.04,1766755360420
2,0.04,1766755360543
2,0.08,1766755360669
2,0.08,1766755360793
2,0.08,1766755360916
2,0.04,1766755361040
2,0.04,1766755361164
2,0.08,1766755361287
2,0.04,1766755361411
2,0.04,1766755361535
2,0.08,1766755361665
2,0.08,1766755361796
2,0.08,1766755361925
2,0.04,1766755362058
2,0.08,1766755362190
2,0.08,1766755362318
2,0.04,1766755362445
2,0.04,1766755362573
2,0.08,1766755362700
2,0.04,1766755362841
2,0.08,1766755362998
2,0.08,1766755363169
2,0.04,1766755363326
2,0.04,1766755363461
2,0.08,1766755363592
2,0.08,1766755363720
2,0.04,1766755363858
2,0.08,1766755363994
2,0.08,1766755364128
2,0.04,1766755364267
2,0.08,1766755364406
2,0.08,1766755364546
2,0.04,1766755364692
2,0.04,1766755364836
2,0.04,1766755364979
2,0.08,1766755365118
2,0.04,1766755365258
2,0.08,1766755365399
2,0.08,1766755365537
2,0.04,1766755365683
2,0.07,1766755365824
2,0.07,1766755365963
2,0.06,1766755366092
2,0.07,1766755366217
2,0.07,1766755366341
2,0.05,1766755366465
2,0.05,1766755366587
2,0.08,1766755366711
2,0.04,1766755366835
2,0.04,1766755366959
2,0.08,1766755367083
2,0.08,1766755367206
2,0.08,1766755367330
2,0.04,1766755367456
3,0.04,1766755367589
3,0.07,1766755367717
3,0.04,1766755367844
3,0.04,1766755367975
3,0.08,1766755368101
3,0.07,1766755368228
3,0.07,1766755368364
3,0.05,1766755368490
3,0.08,1766755368626
3,0.08,1766755368787
3,0.04,1766755368952
3,0.04,1766755369111
3,0.04,1766755369238
3,0.04,1766755369368
3,0.08,1766755369498
3,0.07,1766755369637
3,0.07,1766755369775
3,0.05,1766755369914
3,0.04,1766755370052
3,0.04,1766755370191
3,0.08,1766755370332
3,0.04,1766755370474
3,0.08,1766755370618
3,0.08,1766755370758
3,0.04,1766755370899
3,0.07,1766755371038
3,0.07,1766755371179
3,0.05,1766755371319
3,0.04,1766755371460
3,0.04,1766755371604
3,0.08,1766755371743
3,0.04,1766755371876
3,0.04,1766755372000
3,0.08,1766755372122
3,0.05,1766755372245
3,0.05,1766755372370
3,0.08,1766755372494
3,0.08,1766755372619
3,0.08,1766755372740
3,0.04,1766755372862
3,0.04,1766755372987
3,0.08,1766755373110
3,0.08,1766755373233
3,0.08,1766755373364
3,0.04,1766755373495
3,0.08,1766755373623
3,0.08,1766755373756
3,0.04,1766755373886
3,0.04,1766755374013
3,0.08,1766755374145
3,0.04,1766755374273
3,0.04,1766755374398
3,0.08,1766755374557
3,0.04,1766755374717
3,0.04,1766755374892
3,0.08,1766755375026
3,0.08,1766755375162
3,0.04,1766755375290
3,0.08,1766755375430
3,0.08,1766755375566
3,0.04,1766755375700
3,0.08,1766755375836
3,0.08,1766755375975
3,0.04,1766755376114
3,0.08,1766755376255
3,0.08,1766755376398
3,0.05,1766755376535
3,0.04,1766755376677
3,0.04,1766755376817
3,0.08,1766755376956
3,0.04,1766755377096
3,0.08,1766755377248
3,0.08,1766755377393
3,0.04,1766755377534
3,0.04,1766755377667
3,0.04,1766755377789
3,0.08,1766755377910
3,0.08,1766755378033
3,0.08,1766755378156
3,0.04,1766755378280
3,0.04,1766755378404
3,0.08,1766755378528
3,0.08,1766755378651
3,0.08,1766755378772
3,0.04,1766755378895
3,0.04,1766755379024
3,0.08,1766755379154
3,0.04,1766755379286
3,0.04,1766755379415
3,0.08,1766755379543
3,0.04,1766755379672
3,0.04,1766755379800
3,0.08,1766755379928
3,0.08,1766755380060
3,0.08,1766755380189
3,0.04,1766755380340
3,0.04,1766755380497
3,0.08,1766755380665
3,0.08,1766755380804
3,0.04,1766755380937
3,0.08,1766755381067
3,0.08,1766755381202
3,0.04,1766755381344
3,0.05,1766755381480
3,0.05,1766755381617
3,0.08,1766755381755
3,0.04,1766755381895
3,0.04,1766755382035
3,0.08,1766755382175
3,0.04,1766755382316
3,0.08,1766755382457
3,0.08,1766755382598
3,0.04,1766755382737
3,0.07,1766755382879
3,0.07,1766755383020
3,0.05,1766755383161
3,0.04,1766755383301
3,0.04,1766755383438
3,0.08,1766755383569
3,0.04,1766755383694
3,0.04,1766755383816
3,0.08,1766755383940
3,0.08,1766755384062
3,0.08,1766755384187
3,0.04,1766755384312
3,0.04,1766755384438
3,0.08,1766755384563
3,0.04,1766755384689
3,0.04,1766755384815
3,0.08,1766755384964
3,0.04,1766755385092
3,0.04,1766755385221
3,0.08,1766755385352
3,0.08,1766755385481
3,0.08,1766755385608
3,0.05,1766755385736
3,0.08,1766755385866
3,0.08,1766755386001
3,0.04,1766755386144
3,0.04,1766755386308
3,0.08,1766755386474
3,0.08,1766755386618
3,0.04,1766755386750
3,0.08,1766755386879
3,0.08,1766755387023
3,0.04,1766755387159
3,0.05,1766755387300
3,0.05,1766755387436
3,0.08,1766755387578
3,0.04,1766755387721
3,0.04,1766755387862
3,0.08,1766755388005
3,0.04,1766755388145
3,0.08,1766755388283
3,0.08,1766755388422
3,0.04,1766755388559
3,0.07,1766755388699
3,0.07,1766755388841
3,0.05,1766755388983
3,0.04,1766755389124
3,0.04,1766755389260
3,0.08,1766755389392
3,0.04,1766755389517
3,0.04,1766755389640
3,0.08,1766755389764
3,0.08,1766755389890
3,0.08,1766755390014
3,0.04,1766755390140
3,0.04,1766755390265
3,0.08,1766755390387
3,0.04,1766755390511
3,0.04,1766755390640
3,0.08,1766755390766
3,0.08,1766755390895
3,0.08,1766755391024
3,0.04,1766755391162
3,0.08,1766755391293
3,0.08,1766755391425
3,0.04,1766755391554
3,0.08,1766755391680
3,0.08,1766755391818
3,0.04,1766755391957
3,0.07,1766755392123
3,0.07,1766755392274
3,0.05,1766755392422
3,0.04,1766755392563
3,0.08,1766755392696
3,0.08,1766755392835
3,0.04,1766755392975
3,0.08,1766755393115
3,0.08,1766755393252
3,0.05,1766755393390
3,0.04,1766755393529
3,0.04,1766755393669
3,0.08,1766755393811
3,0.04,1766755393949
3,0.04,1766755394087
3,0.08,1766755394229
3,0.04,1766755394361
3,0.08,1766755394498
3,0.08,1766755394635
3,0.04,1766755394773
3,0.08,1766755394913
3,0.08,1766755395045
3,0.04,1766755395175
3,0.08,1766755395305
3,0.08,1766755395429
3,0.04,1766755395553
3,0.04,1766755395677
3,0.08,1766755395802
3,0.07,1766755395926
3,0.07,1766755396050
3,0.05,1766755396172
3,0.05,1766755396293
3,0.08,1766755396422
3,0.04,1766755396550
3,0.04,1766755396682
3,0.08,1766755396809
3,0.04,1766755396939
3,0.04,1766755397065
3,0.08,1766755397196
3,0.08,1766755397324
3,0.08,1766755397450
3,0.04,1766755397591
3,0.08,1766755397730
3,0.08,1766755397883
3,0.04,1766755398042
3,0.04,1766755398189
3,0.07,1766755398341
3,0.07,1766755398469
3,0.05,1766755398610
3,0.07,1766755398742
3,0.07,1766755398879
3,0.06,1766755399014
3,0.04,1766755399150
3,0.04,1766755399290
3,0.08,1766755399432
3,0.04,1766755399571
3,0.08,1766755399716
3,0.08,1766755399856
3,0.04,1766755399994
3,0.08,1766755400134
3,0.08,1766755400275
3,0.04,1766755400415
3,0.05,1766755400556
3,0.05,1766755400699
3,0.08,1766755400833
3,0.04,1766755400964
3,0.04,1766755401091
3,0.08,1766755401213
3,0.08,1766755401337
3,0.08,1766755401462
3,0.04,1766755401586
3,0.04,1766755401710
3,0.08,1766755401836
3,0.04,1766755401959
3,0.04,1766755402083
3,0.08,1766755402210
3,0.08,1766755402337
3,0.08,1766755402465
3,0.04,1766755402590
3,0.04,1766755402721
3,0.08,1766755402848
3,0.04,1766755402978
3,0.04,1766755403108
3,0.08,1766755403237
3,0.04,1766755403378
3,0.04,1766755403519
3,0.08,1766755403672
3,0.04,1766755403834
3,0.04,1766755403971
3,0.08,1766755404132
3,0.08,1766755404272
3,0.04,1766755404409
3,0.08,1766755404543
3,0.08,1766755404680
3,0.04,1766755404818
3,0.08,1766755404960
3,0.08,1766755405100
3,0.04,1766755405241
3,0.04,1766755405384
3,0.04,1766755405524
3,0.08,1766755405663
3,0.04,1766755405804
3,0.08,1766755405945
3,0.08,1766755406090
3,0.04,1766755406230
3,0.08,1766755406367
3,0.08,1766755406503
3,0.05,1766755406635
3,0.08,1766755406767
3,0.08,1766755406901
3,0.05,1766755407026
3,0.08,1766755407148
3,0.08,1766755407272
3,0.04,1766755407397
3,0.04,1766755407526
3,0.08,1766755407651
3,0.06,1766755407775
3,0.06,1766755407905
3,0.07,1766755408032
3,0.08,1766755408159
3,0.08,1766755408287
3,0.04,1766755408417
3,0.08,1766755408547
3,0.08,1766755408675
3,0.04,1766755408805
3,0.04,1766755408937
3,0.08,1766755409062
3,0.04,1766755409213
3,0.08,1766755409357
3,0.08,1766755409506
3,0.04,1766755409655
3,0.04,1766755409796
3,0.04,1766755409944
3,0.08,1766755410086
3,0.04,1766755410240
3,0.08,1766755410379
3,0.08,1766755410512
3,0.04,1766755410651
3,0.05,1766755410793
3,0.05,1766755410933
3,0.08,1766755411072
3,0.04,1766755411216
3,0.04,1766755411354
3,0.08,1766755411494
3,0.04,1766755411631
3,0.08,1766755411772
3,0.08,1766755411913
3,0.04,1766755412055
3,0.06,1766755412195
3,0.06,1766755412330
3,0.06,1766755412464
3,0.05,1766755412597
3,0.05,1766755412730
3,0.07,1766755412855
3,0.08,1766755412978
3,0.08,1766755413102
3,0.04,1766755413229
3,0.04,1766755413354
3,0.08,1766755413479
3,0.04,1766755413607
3,0.04,1766755413735
3,0.08,1766755413861
3,0.08,1766755413988
3,0.08,1766755414117
3,0.04,1766755414248
3,0.08,1766755414374
3,0.08,1766755414500
3,0.04,1766755414628
3,0.04,1766755414760
3,0.08,1766755414895
3,0.04,1766755415037
3,0.08,1766755415187
3,0.08,1766755415333
3,0.04,1766755415469
3,0.04,1766755415611
3,0.04,1766755415758
3,0.08,1766755415918
3,0.04,1766755416050
3,0.08,1766755416186
3,0.08,1766755416322
3,0.04,1766755416468
3,0.07,1766755416608
3,0.07,1766755416746
3,0.05,1766755416885
3,0.04,1766755417023
3,0.04,1766755417164
3,0.08,1766755417302
3,0.04,1766755417441
3,0.08,1766755417585
3,0.08,1766755417725
3,0.04,1766755417864
3,0.08,1766755418003
3,0.08,1766755418136
3,0.04,1766755418267
3,0.08,1766755418396
3,0.08,1766755418527
3,0.04,1766755418657
3,0.08,1766755418782
3,0.08,1766755418906
3,0.04,1766755419028
3,0.04,1766755419152
3,0.08,1766755419274
3,0.08,1766755419398
3,0.08,1766755419528
3,0.04,1766755419658
3,0.08,1766755419786
3,0.08,1766755419908
3,0.04,1766755420037
3,0.04,1766755420163
3,0.08,1766755420294
3,0.06,1766755420422
3,0.06,1766755420552
3,0.06,1766755420693
3,0.04,1766755420832
3,0.04,1766755420982
3,0.08,1766755421123
3,0.04,1766755421254
3,0.08,1766755421399
3,0.08,1766755421541
3,0.04,1766755421700
3,0.04,1766755421836
3,0.04,1766755421974
3,0.08,1766755422107
3,0.04,1766755422245
3,0.04,1766755422393
3,0.08,1766755422534
3,0.04,1766755422674
3,0.08,1766755422812
3,0.08,1766755422949
3,0.04,1766755423089
3,0.08,1766755423229
3,0.08,1766755423369
3,0.04,1766755423511
3,0.04,1766755423652
3,0.04,1766755423790
3,0.08,1766755423922
3,0.04,1766755424052
3,0.04,1766755424184
3,0.08,1766755424316
3,0.04,1766755424445
3,0.04,1766755424570
3,0.08,1766755424695
3,0.08,1766755424820
3,0.08,1766755424945
3,0.04,1766755425067
3,0.04,1766755425190
3,0.08,1766755425314
3,0.06,1766755425439
3,0.06,1766755425564
3,0.07,1766755425690
3,0.08,1766755425819
3,0.08,1766755425945
3,0.04,1766755426073
3,0.04,1766755426204
3,0.08,1766755426329
3,0.04,1766755426472
3,0.08,1766755426614
3,0.08,1766755426763
3,0.04,1766755426902
3,0.08,1766755427027
3,0.08,1766755427168
3,0.04,1766755427306
3,0.04,1766755427459
3,0.04,1766755427607
3,0.08,1766755427739
3,0.04,1766755427876
3,0.04,1766755428010
3,0.08,1766755428148
3,0.04,1766755428284
3,0.08,1766755428423
3,0.08,1766755428561
3,0.04,1766755428701
3,0.08,1766755428840
3,0.08,1766755428981
3,0.04,1766755429122
3,0.04,1766755429261
3,0.04,1766755429400
3,0.08,1766755429540
3,0.04,1766755429673
3,0.04,1766755429807
3,0.08,1766755429940
3,0.04,1766755430072
3,0.04,1766755430202
3,0.08,1766755430331
3,0.06,1766755430455
3,0.06,1766755430579
3,0.06,1766755430703
3,0.08,1766755430827
3,0.08,1766755430951
3,0.04,1766755431075
3,0.04,1766755431202
3,0.08,1766755431327
3,0.08,1766755431452
3,0.08,1766755431578
3,0.04,1766755431705
3,0.08,1766755431831
3,0.08,1766755431959
3,0.04,1766755432087
3,0.04,1766755432222
3,0.08,1766755432368
3,0.04,1766755432511
3,0.07,1766755432664
3,0.07,1766755432789
3,0.05,1766755432917
3,0.08,1766755433065
3,0.08,1766755433206
3,0.05,1766755433365
3,0.04,1766755433508
3,0.08,1766755433643
3,0.08,1766755433779
3,0.04,1766755433919
3,0.08,1766755434058
3,0.08,1766755434196
3,0.04,1766755434333
3,0.07,1766755434472
3,0.07,1766755434611
3,0.05,1766755434750
3,0.04,1766755434890
3,0.04,1766755435031
3,0.08,1766755435176
3,0.04,1766755435320
3,0.08,1766755435454
3,0.08,1766755435584
3,0.04,1766755435713
3,0.08,1766755435844
3,0.08,1766755435975
3,0.04,1766755436106
3,0.04,1766755436232
3,0.08,1766755436355
3,0.05,1766755436479
3,0.05,1766755436602
3,0.08,1766755436727
3,0.08,1766755436854
3,0.08,1766755436982
3,0.04,1766755437108
3,0.04,1766755437243
3,0.08,1766755437378
3,0.04,1766755437502
3,0.04,1766755437631
3,0.08,1766755437761
3,0.04,1766755437891
3,0.04,1766755438030
3,0.08,1766755438171
3,0.04,1766755438317
3,0.08,1766755438465
3,0.08,1766755438592
3,0.04,1766755438721
3,0.08,1766755438858
3,0.08,1766755439004
3,0.04,1766755439155
3,0.04,1766755439310
3,0.04,1766755439440
3,0.08,1766755439577
3,0.04,1766755439712
3,0.04,1766755439852
3,0.08,1766755439990
3,0.04,1766755440128
3,0.08,1766755440266
3,0.08,1766755440423
3,0.04,1766755440561
3,0.04,1766755440703
3,0.04,1766755440845
3,0.08,1766755440985
3,0.04,1766755441126
3,0.04,1766755441257
3,0.08,1766755441386
3,0.04,1766755441516
3,0.04,1766755441648
3,0.08,1766755441780
3,0.04,1766755441913
3,0.04,1766755442043
3,0.08,1766755442165
3,0.08,1766755442289
3,0.08,1766755442410
3,0.04,1766755442533
3,0.04,1766755442660
3,0.08,1766755442787
3,0.04,1766755442917
3,0.04,1766755443043
3,0.08,1766755443169
3,0.07,1766755443295
3,0.07,1766755443421
3,0.05,1766755443551
3,0.08,1766755443677
3,0.08,1766755443817
3,0.04,1766755443959
3,0.05,1766755444110
3,0.05,1766755444246
3,0.08,1766755444378
3,0.05,1766755444508
3,0.05,1766755444639
3,0.08,1766755444790
3,0.04,1766755444937
3,0.08,1766755445086
3,0.08,1766755445219
3,0.04,1766755445356
3,0.08,1766755445491
3,0.08,1766755445629
3,0.04,1766755445769
3,0.08,1766755445907
3,0.08,1766755446046
3,0.05,1766755446184
3,0.04,1766755446323
3,0.04,1766755446467
3,0.08,1766755446614
3,0.04,1766755446760
3,0.08,1766755446899
3,0.08,1766755447030
3,0.04,1766755447159
3,0.08,1766755447290
3,0.08,1766755447421
3,0.04,1766755447552
3,0.08,1766755447686
3,0.08,1766755447817
3,0.04,1766755447942
3,0.04,1766755448063
3,0.08,1766755448186
3,0.08,1766755448311
3,0.08,1766755448437
3,0.05,1766755448561
3,0.08,1766755448687
3,0.08,1766755448815
3,0.04,1766755448942
3,0.04,1766755449067
3,0.08,1766755449193
3,0.07,1766755449320
3,0.07,1766755449444
3,0.05,1766755449583
3,0.07,1766755449724
3,0.07,1766755449875
3,0.06,1766755450014
3,0.04,1766755450146
3,0.04,1766755450278
3,0.08,1766755450405
3,0.04,1766755450548
3,0.04,1766755450695
3,0.08,1766755450848
3,0.04,1766755450996
3,0.06,1766755451129
3,0.06,1766755451267
3,0.06,1766755451404
3,0.04,1766755451542
3,0.04,1766755451677
3,0.08,1766755451815
3,0.04,1766755451952
3,0.04,1766755452090
3,0.08,1766755452227
3,0.04,1766755452367
3,0.08,1766755452504
3,0.08,1766755452644
3,0.04,1766755452778
3,0.08,1766755452909
3,0.08,1766755453039
3,0.04,1766755453169
3,0.08,1766755453307
3,0.08,1766755453440
3,0.04,1766755453577
3,0.08,1766755453707
3,0.08,1766755453830
3,0.04,1766755453955
3,0.04,1766755454077
3,0.08,1766755454207
3,0.08,1766755454332
3,0.08,1766755454459
3,0.05,1766755454585
3,0.08,1766755454711
3,0.08,1766755454838
3,0.04,1766755454963
3,0.04,1766755455086
3,0.08,1766755455215
3,0.04,1766755455354
3,0.04,1766755455495
3,0.08,1766755455647
3,0.04,1766755455787
3,0.08,1766755455914
3,0.08,1766755456047
3,0.04,1766755456174
3,0.04,1766755456306
3,0.08,1766755456457
3,0.04,1766755456602
3,0.06,1766755456763
3,0.06,1766755456906
3,0.07,1766755457047
3,0.04,1766755457181
3,0.04,1766755457321
3,0.08,1766755457462
3,0.04,1766755457599
3,0.08,1766755457737
3,0.08,1766755457876
3,0.04,1766755458016
3,0.07,1766755458157
3,0.07,1766755458299
3,0.05,1766755458436
3,0.04,1766755458571
3,0.04,1766755458702
3,0.08,1766755458834
3,0.04,1766755458965
3,0.04,1766755459098
3,0.08,1766755459230
3,0.07,1766755459361
3,0.07,1766755459491
3,0.06,1766755459617
3,0.08,1766755459741
3,0.08,1766755459869
3,0.04,1766755460002
3,0.04,1766755460126
3,0.08,1766755460251
3,0.04,1766755460382
3,0.04,1766755460510
3,0.08,1766755460636
3,0.07,1766755460762
3,0.07,1766755460887
3,0.05,1766755461017
3,0.08,1766755461157
3,0.08,1766755461300
3,0.04,1766755461451
3,0.04,1766755461601
3,0.04,1766755461724
3,0.08,1766755461858
3,0.04,1766755461985
3,0.04,1766755462121
3,0.08,1766755462265
3,0.04,1766755462411
3,0.08,1766755462562
3,0.08,1766755462715
3,0.04,1766755462850
3,0.04,1766755462992
3,0.04,1766755463127
3,0.08,1766755463268
3,0.04,1766755463405
3,0.04,1766755463543
3,0.08,1766755463682
3,0.04,1766755463824
3,0.08,1766755463966
3,0.08,1766755464110
3,0.04,1766755464254
3,0.04,1766755464389
3,0.04,1766755464520
3,0.08,1766755464651
3,0.07,1766755464783
3,0.07,1766755464916
3,0.06,1766755465046
3,0.08,1766755465178
3,0.08,1766755465310
3,0.04,1766755465441
3,0.08,1766755465565
3,0.08,1766755465692
3,0.04,1766755465820
3,0.04,1766755465947
3,0.08,1766755466074
3,0.04,1766755466209
3,0.04,1766755466338
3,0.08,1766755466462
3,0.04,1766755466594
3,0.04,1766755466720
3,0.08,1766755466855
3,0.04,1766755467000
3,0.04,1766755467146
3,0.08,1766755467295
3,0.04,1766755467428
3,0.04,1766755467558
3,0.08,1766755467688
3,0.04,1766755467819
3,0.04,1766755467954
3,0.08,1766755468095
3,0.04,1766755468241
3,0.08,1766755468395
3,0.08,1766755468549
3,0.04,1766755468685
3,0.04,1766755468827
3,0.04,1766755468958
3,0.08,1766755469102
3,0.04,1766755469241
3,0.08,1766755469379
3,0.08,1766755469519
3,0.04,1766755469661
3,0.07,1766755469802
3,0.07,1766755469944
3,0.05,1766755470081
3,0.04,1766755470215
3,0.04,1766755470349
3,0.08,1766755470479
3,0.04,1766755470610
3,0.04,1766755470743
3,0.08,1766755470875
3,0.07,1766755471006
3,0.07,1766755471139
3,0.05,1766755471270
3,0.08,1766755471392
3,0.08,1766755471519
3,0.04,1766755471645
3,0.04,1766755471773
3,0.08,1766755471900
3,0.04,1766755472034
3,0.04,1766755472162
3,0.08,1766755472289
3,0.04,1766755472416
3,0.04,1766755472542
3,0.08,1766755472679
3,0.04,1766755472819
3,0.04,1766755472964
3,0.08,1766755473105
3,0.04,1766755473233
3,0.04,1766755473371
3,0.08,1766755473501
3,0.04,1766755473637
3,0.04,1766755473768
3,0.08,1766755473906
3,0.04,1766755474057
3,0.08,1766755474207
3,0.08,1766755474370
3,0.04,1766755474510
3,0.04,1766755474650
3,0.04,1766755474783
3,0.08,1766755474923
3,0.04,1766755475060
3,0.08,1766755475197
3,0.08,1766755475335
3,0.04,1766755475475
3,0.08,1766755475617
3,0.08,1766755475758
3,0.04,1766755475892
3,0.07,1766755476020
3,0.07,1766755476155
3,0.05,1766755476287
3,0.08,1766755476417
3,0.08,1766755476549
3,0.04,1766755476683
3,0.08,1766755476819
3,0.08,1766755476952
3,0.04,1766755477087
3,0.08,1766755477217
3,0.08,1766755477344
3,0.04,1766755477472
3,0.08,1766755477599
3,0.08,1766755477727
3,0.04,1766755477854
3,0.04,1766755477982
3,0.08,1766755478113
3,0.04,1766755478238
3,0.04,1766755478361
3,0.08,1766755478507
3,0.04,1766755478645
3,0.04,1766755478797
3,0.08,1766755478933
3,0.04,1766755479063
3,0.04,1766755479194
3,0.08,1766755479318
3,0.04,1766755479458
3,0.04,1766755479599
3,0.08,1766755479731
3,0.04,1766755479884
3,0.08,1766755480034
3,0.08,1766755480197
3,0.04,1766755480342
3,0.04,1766755480483
3,0.08,1766755480617
3,0.08,1766755480754
3,0.04,1766755480889
3,0.08,1766755481024
3,0.08,1766755481163
3,0.04,1766755481305
3,0.07,1766755481445
3,0.07,1766755481585
3,0.05,1766755481714
3,0.06,1766755481844
3,0.06,1766755481977
3,0.06,1766755482108
3,0.08,1766755482241
3,0.08,1766755482373
3,0.04,1766755482500
3,0.08,1766755482631
3,0.08,1766755482765
3,0.04,1766755482898
3,0.08,1766755483026
3,0.08,1766755483151
3,0.04,1766755483280
3,0.04,1766755483407
3,0.08,1766755483537
3,0.04,1766755483662
3,0.04,1766755483786
3,0.08,1766755483914
3,0.08,1766755484036
3,0.08,1766755484168
3,0.04,1766755484310
3,0.08,1766755484453
3,0.08,1766755484602
3,0.04,1766755484733
3,0.04,1766755484866
3,0.04,1766755484996
3,0.08,1766755485127
3,0.04,1766755485264
3,0.04,1766755485399
3,0.08,1766755485532
3,0.04,1766755485675
3,0.04,1766755485824
3,0.08,1766755485983
3,0.04,1766755486132
3,0.05,1766755486265
3,0.05,1766755486405
3,0.08,1766755486538
3,0.04,1766755486681
3,0.04,1766755486820
3,0.08,1766755486963
3,0.04,1766755487104
3,0.08,1766755487244
3,0.08,1766755487381
3,0.04,1766755487512
3,0.08,1766755487644
3,0.08,1766755487777
3,0.04,1766755487905
3,0.08,1766755488036
3,0.08,1766755488166
3,0.04,1766755488298
3,0.04,1766755488430
3,0.08,1766755488560
3,0.04,1766755488691
3,0.04,1766755488827
3,0.08,1766755488951
3,0.04,1766755489075
3,0.04,1766755489202
3,0.08,1766755489331
3,0.08,1766755489457
3,0.08,1766755489584
3,0.04,1766755489709
3,0.04,1766755489832
3,0.08,1766755489965
3,0.04,1766755490108
3,0.08,1766755490250
3,0.08,1766755490399
3,0.04,1766755490527
3,0.08,1766755490657
3,0.08,1766755490787
3,0.04,1766755490919
3,0.08,1766755491053
3,0.08,1766755491189
3,0.04,1766755491319
3,0.08,1766755491455
3,0.08,1766755491609
3,0.04,1766755491757
3,0.04,1766755491920
3,0.08,1766755492055
3,0.08,1766755492193
3,0.04,1766755492326
3,0.08,1766755492460
3,0.08,1766755492596
3,0.04,1766755492734
3,0.08,1766755492875
3,0.08,1766755493013
3,0.04,1766755493153
3,0.07,1766755493284
3,0.07,1766755493417
3,0.05,1766755493550
3,0.08,1766755493682
3,0.08,1766755493811
3,0.05,1766755493943
4,0.07,1766755494079
4,0.07,1766755494210
4,0.04,1766755494341
4,0.08,1766755494473
4,0.08,1766755494611
4,0.04,1766755494740
4,0.08,1766755494866
4,0.08,1766755494991
4,0.04,1766755495123
4,0.04,1766755495249
4,0.08,1766755495377
4,0.04,1766755495504
4,0.04,1766755495630
4,0.08,1766755495761
4,0.05,1766755495900
4,0.05,1766755496042
4,0.07,1766755496191
4,0.04,1766755496318
4,0.04,1766755496451
4,0.08,1766755496577
4,0.04,1766755496711
4,0.04,1766755496845
4,0.08,1766755496979
4,0.04,1766755497110
4,0.04,1766755497252
4,0.08,1766755497404
4,0.04,1766755497554
4,0.04,1766755497716
4,0.04,1766755497868
4,0.08,1766755498003
4,0.04,1766755498140
4,0.08,1766755498279
4,0.08,1766755498417
4,0.04,1766755498554
4,0.08,1766755498691
4,0.08,1766755498830
4,0.04,1766755498966
4,0.08,1766755499098
4,0.08,1766755499228
4,0.04,1766755499360
4,0.08,1766755499492
4,0.08,1766755499624
4,0.04,1766755499758
4,0.08,1766755499890
4,0.08,1766755500021
4,0.04,1766755500154
4,0.08,1766755500286
4,0.08,1766755500427
4,0.04,1766755500564
4,0.08,1766755500690
4,0.08,1766755500819
4,0.04,1766755500946
4,0.04,1766755501072
4,0.08,1766755501200
4,0.04,1766755501328
4,0.04,1766755501453
4,0.08,1766755501602
4,0.04,1766755501739
4,0.08,1766755501889
4,0.08,1766755502029
4,0.04,1766755502156
4,0.08,1766755502289
4,0.08,1766755502414
4,0.04,1766755502554
4,0.04,1766755502685
4,0.08,1766755502818
4,0.04,1766755502947
4,0.04,1766755503079
4,0.08,1766755503226
4,0.04,1766755503372
4,0.07,1766755503529
4,0.07,1766755503677
4,0.05,1766755503812
4,0.04,1766755503948
4,0.04,1766755504078
4,0.08,1766755504219
4,0.04,1766755504362
4,0.08,1766755504499
4,0.08,1766755504640
4,0.04,1766755504774
4,0.08,1766755504906
4,0.08,1766755505039
4,0.04,1766755505172
4,0.08,1766755505306
4,0.08,1766755505434
4,0.04,1766755505566
4,0.04,1766755505696
4,0.08,1766755505829
4,0.04,1766755505960
4,0.04,1766755506094
4,0.08,1766755506228
4,0.04,1766755506363
4,0.04,1766755506488
4,0.08,1766755506614
4,0.04,1766755506740
4,0.04,1766755506865
4,0.08,1766755506996
4,0.08,1766755507121
4,0.08,1766755507244
4,0.04,1766755507389
4,0.08,1766755507525
4,0.08,1766755507673
4,0.04,1766755507809
4,0.07,1766755507934
4,0.07,1766755508064
4,0.05,1766755508190
4,0.08,1766755508325
4,0.08,1766755508459
4,0.04,1766755508588
4,0.08,1766755508723
4,0.08,1766755508858
4,0.04,1766755508996
4,0.07,1766755509147
4,0.07,1766755509297
4,0.05,1766755509448
4,0.04,1766755509585
4,0.08,1766755509721
4,0.08,1766755509853
4,0.04,1766755509990
4,0.08,1766755510130
4,0.08,1766755510268
4,0.04,1766755510408
4,0.08,1766755510540
4,0.08,1766755510673
4,0.04,1766755510805
4,0.08,1766755510933
4,0.08,1766755511063
4,0.04,1766755511197
4,0.08,1766755511328
4,0.08,1766755511458
4,0.04,1766755511587
4,0.04,1766755511716
4,0.08,1766755511848
4,0.04,1766755511987
4,0.08,1766755512126
4,0.08,1766755512255
4,0.04,1766755512383
4,0.04,1766755512510
4,0.08,1766755512638
4,0.04,1766755512768
4,0.04,1766755512894
4,0.08,1766755513020
4,0.04,1766755513169
4,0.04,1766755513307
4,0.08,1766755513457
4,0.04,1766755513590
4,0.04,1766755513720
4,0.08,1766755513855
4,0.04,1766755513988
4,0.04,1766755514126
4,0.08,1766755514264
4,0.04,1766755514397
4,0.08,1766755514531
4,0.08,1766755514668
4,0.04,1766755514801
4,0.08,1766755514951
4,0.08,1766755515098
4,0.04,1766755515253
4,0.04,1766755515398
4,0.08,1766755515535
4,0.08,1766755515674
4,0.04,1766755515815
4,0.08,1766755515955
4,0.08,1766755516094
4,0.04,1766755516234
4,0.07,1766755516365
4,0.07,1766755516494
4,0.05,1766755516624
4,0.08,1766755516756
4,0.08,1766755516888
4,0.04,1766755517019
4,0.08,1766755517148
4,0.08,1766755517279
4,0.04,1766755517412
4,0.08,1766755517543
4,0.08,1766755517678
4,0.04,1766755517813
4,0.08,1766755517947
4,0.08,1766755518081
4,0.04,1766755518208
4,0.04,1766755518335
4,0.08,1766755518461
4,0.04,1766755518592
4,0.04,1766755518717
4,0.08,1766755518849
4,0.04,1766755518994
4,0.04,1766755519136
4,0.08,1766755519282
4,0.04,1766755519410
4,0.04,1766755519537
4,0.08,1766755519666
4,0.04,1766755519799
4,0.04,1766755519934
4,0.08,1766755520072
4,0.04,1766755520204
4,0.04,1766755520336
4,0.08,1766755520470
4,0.04,1766755520604
4,0.04,1766755520749
4,0.08,1766755520893
4,0.04,1766755521044
4,0.04,1766755521191
4,0.04,1766755521322
4,0.08,1766755521461
4,0.04,1766755521594
4,0.04,1766755521734
4,0.08,1766755521872
4,0.04,1766755522010
4,0.04,1766755522138
4,0.08,1766755522269
4,0.04,1766755522401
4,0.04,1766755522534
4,0.08,1766755522667
4,0.04,1766755522802
4,0.04,1766755522935
4,0.08,1766755523066
4,0.04,1766755523196
4,0.04,1766755523327
4,0.08,1766755523458
4,0.07,1766755523590
4,0.07,1766755523727
4,0.05,1766755523862
4,0.06,1766755523994
4,0.06,1766755524123
4,0.07,1766755524248
4,0.08,1766755524372
4,0.08,1766755524496
4,0.04,1766755524627
4,0.08,1766755524767
4,0.08,1766755524910
4,0.04,1766755525047
4,0.08,1766755525177
4,0.08,1766755525307
4,0.04,1766755525441
4,0.08,1766755525572
4,0.08,1766755525707
4,0.04,1766755525845
4,0.08,1766755525981
4,0.08,1766755526112
4,0.04,1766755526252
4,0.08,1766755526387
4,0.08,1766755526522
4,0.04,1766755526675
4,0.04,1766755526825
4,0.08,1766755526979
4,0.08,1766755527120
4,0.04,1766755527256
4,0.08,1766755527393
4,0.08,1766755527531
4,0.04,1766755527668
4,0.08,1766755527804
4,0.08,1766755527935
4,0.04,1766755528065
4,0.08,1766755528197
4,0.08,1766755528329
4,0.04,1766755528459
4,0.08,1766755528591
4,0.08,1766755528721
4,0.04,1766755528852
4,0.04,1766755528982
4,0.08,1766755529113
4,0.04,1766755529243
4,0.04,1766755529377
4,0.08,1766755529512
4,0.04,1766755529646
4,0.04,1766755529776
4,0.08,1766755529898
4,0.05,1766755530023
4,0.05,1766755530154
4,0.08,1766755530279
4,0.08,1766755530413
4,0.08,1766755530554
4,0.04,1766755530696
4,0.04,1766755530843
4,0.04,1766755530970
4,0.08,1766755531097
4,0.06,1766755531225
4,0.06,1766755531357
4,0.06,1766755531493
4,0.07,1766755531624
4,0.07,1766755531761
4,0.05,1766755531894
4,0.07,1766755532028
4,0.07,1766755532161
4,0.05,1766755532296
4,0.07,1766755532438
4,0.07,1766755532589
4,0.05,1766755532743
4,0.04,1766755532893
4,0.08,1766755533025
4,0.08,1766755533160
4,0.04,1766755533294
4,0.07,1766755533436
4,0.07,1766755533572
4,0.05,1766755533701
4,0.08,1766755533831
4,0.08,1766755533964
4,0.05,1766755534096
4,0.08,1766755534229
4,0.08,1766755534363
4,0.04,1766755534494
4,0.08,1766755534627
4,0.08,1766755534766
4,0.04,1766755534898
4,0.08,1766755535028
4,0.08,1766755535161
4,0.04,1766755535294
4,0.08,1766755535428
4,0.08,1766755535564
4,0.04,1766755535693
4,0.08,1766755535818
4,0.08,1766755535946
4,0.04,1766755536071
4,0.04,1766755536204
4,0.08,1766755536345
4,0.04,1766755536485
4,0.08,1766755536638
4,0.08,1766755536762
4,0.04,1766755536889
4,0.08,1766755537016
4,0.08,1766755537146
4,0.04,1766755537285
4,0.08,1766755537419
4,0.08,1766755537556
4,0.04,1766755537690
4,0.08,1766755537823
4,0.08,1766755537965
4,0.04,1766755538098
4,0.08,1766755538229
4,0.08,1766755538385
4,0.04,1766755538532
4,0.04,1766755538688
4,0.08,1766755538832
4,0.08,1766755538968
4,0.04,1766755539103
4,0.08,1766755539243
4,0.08,1766755539378
4,0.04,1766755539508
4,0.08,1766755539639
4,0.08,1766755539769
4,0.04,1766755539903
4,0.08,1766755540037
4,0.08,1766755540171
4,0.04,1766755540302
4,0.08,1766755540432
4,0.08,1766755540563
4,0.04,1766755540694
4,0.08,1766755540835
4,0.08,1766755540972
4,0.04,1766755541107
4,0.08,1766755541241
4,0.08,1766755541377
4,0.04,1766755541508
4,0.08,1766755541632
4,0.08,1766755541756
4,0.04,1766755541880
4,0.04,1766755542015
4,0.08,1766755542157
4,0.04,1766755542300
4,0.08,1766755542438
4,0.08,1766755542563
4,0.04,1766755542693
4,0.04,1766755542821
4,0.08,1766755542954
4,0.04,1766755543097
4,0.04,1766755543234
4,0.08,1766755543369
4,0.04,1766755543509
4,0.08,1766755543643
4,0.08,1766755543779
4,0.04,1766755543916
4,0.08,1766755544048
4,0.08,1766755544192
4,0.04,1766755544336
4,0.04,1766755544492
4,0.04,1766755544643
4,0.08,1766755544775
4,0.04,1766755544913
4,0.08,1766755545046
4,0.08,1766755545183
4,0.04,1766755545313
4,0.04,1766755545444
4,0.08,1766755545576
4,0.04,1766755545709
4,0.04,1766755545841
4,0.08,1766755545974
4,0.04,1766755546107
4,0.04,1766755546237
4,0.08,1766755546370
4,0.04,1766755546500
4,0.04,1766755546632
4,0.08,1766755546767
4,0.04,1766755546899
4,0.04,1766755547036
4,0.08,1766755547171
4,0.04,1766755547308
4,0.04,1766755547438
4,0.08,1766755547564
4,0.06,1766755547686
4,0.06,1766755547831
4,0.06,1766755547970
4,0.04,1766755548119
4,0.04,1766755548251
4,0.08,1766755548373
4,0.04,1766755548508
4,0.04,1766755548634
4,0.08,1766755548770
4,0.04,1766755548904
4,0.04,1766755549040
4,0.08,1766755549172
4,0.04,1766755549308
4,0.04,1766755549444
4,0.08,1766755549579
4,0.04,1766755549717
4,0.04,1766755549850
4,0.08,1766755549993
4,0.04,1766755550142
4,0.08,1766755550289
4,0.08,1766755550448
4,0.04,1766755550585
4,0.04,1766755550725
4,0.04,1766755550862
4,0.08,1766755550994
4,0.04,1766755551123
4,0.04,1766755551252
4,0.08,1766755551382
4,0.04,1766755551514
4,0.04,1766755551644
4,0.08,1766755551776
4,0.05,1766755551908
4,0.05,1766755552042
4,0.08,1766755552174
4,0.06,1766755552306
4,0.06,1766755552446
4,0.06,1766755552585
4,0.04,1766755552719
4,0.04,1766755552855
4,0.08,1766755552987
4,0.04,1766755553118
4,0.04,1766755553248
4,0.08,1766755553374
4,0.08,1766755553502
4,0.08,1766755553647
4,0.04,1766755553788
4,0.04,1766755553934
4,0.04,1766755554066
4,0.08,1766755554198
4,0.04,1766755554325
4,0.04,1766755554460
4,0.08,1766755554591
4,0.04,1766755554723
4,0.04,1766755554858
4,0.08,1766755554991
4,0.04,1766755555126
4,0.04,1766755555260
4,0.08,1766755555394
4,0.04,1766755555532
4,0.04,1766755555663
4,0.08,1766755555797
4,0.04,1766755555949
4,0.08,1766755556098
4,0.08,1766755556256
4,0.04,1766755556398
4,0.04,1766755556535
4,0.04,1766755556671
4,0.08,1766755556800
4,0.04,1766755556931
4,0.04,1766755557059
4,0.08,1766755557192
4,0.04,1766755557328
4,0.04,1766755557460
4,0.08,1766755557592
4,0.06,1766755557726
4,0.06,1766755557859
4,0.07,1766755557987
4,0.08,1766755558120
4,0.08,1766755558254
4,0.04,1766755558387
4,0.08,1766755558520
4,0.08,1766755558658
4,0.04,1766755558789
4,0.08,1766755558922
4,0.08,1766755559054
4,0.04,1766755559178
4,0.08,1766755559309
4,0.08,1766755559452
4,0.04,1766755559595
4,0.06,1766755559737
4,0.06,1766755559884
4,0.07,1766755560010
4,0.04,1766755560137
4,0.04,1766755560264
4,0.08,1766755560393
4,0.08,1766755560526
4,0.08,1766755560656
4,0.04,1766755560790
4,0.08,1766755560926
4,0.08,1766755561068
4,0.04,1766755561204
4,0.06,1766755561338
4,0.06,1766755561471
4,0.07,1766755561603
4,0.05,1766755561747
4,0.05,1766755561893
4,0.08,1766755562049
4,0.04,1766755562199
4,0.08,1766755562334
4,0.08,1766755562472
4,0.04,1766755562596
4,0.08,1766755562730
4,0.08,1766755562860
4,0.04,1766755562992
4,0.08,1766755563124
4,0.08,1766755563256
4,0.04,1766755563388
4,0.08,1766755563523
4,0.08,1766755563656
4,0.04,1766755563788
4,0.08,1766755563921
4,0.08,1766755564054
4,0.04,1766755564188
4,0.08,1766755564321
4,0.08,1766755564459
4,0.04,1766755564592
4,0.08,1766755564729
4,0.08,1766755564863
4,0.04,1766755564987
4,0.08,1766755565123
4,0.08,1766755565260
4,0.04,1766755565405
4,0.08,1766755565547
4,0.08,1766755565673
4,0.05,1766755565806
4,0.08,1766755565932
4,0.08,1766755566068
4,0.04,1766755566202
4,0.08,1766755566337
4,0.08,1766755566474
4,0.04,1766755566609
4,0.08,1766755566744
4,0.08,1766755566886
4,0.04,1766755567020
4,0.07,1766755567157
4,0.07,1766755567296
4,0.05,1766755567428
4,0.05,1766755567572
4,0.05,1766755567719
4,0.07,1766755567878
4,0.04,1766755568033
4,0.04,1766755568168
4,0.04,1766755568301
4,0.08,1766755568425
4,0.08,1766755568559
4,0.08,1766755568690
4,0.05,1766755568820
4,0.08,1766755568949
4,0.08,1766755569081
4,0.04,1766755569213
4,0.08,1766755569346
4,0.08,1766755569478
4,0.04,1766755569609
4,0.08,1766755569744
4,0.08,1766755569880
4,0.04,1766755570014
4,0.08,1766755570149
4,0.08,1766755570283
4,0.04,1766755570417
4,0.08,1766755570551
4,0.08,1766755570685
4,0.04,1766755570814
4,0.08,1766755570961
4,0.08,1766755571102
4,0.04,1766755571258
4,0.04,1766755571391
4,0.04,1766755571526
4,0.08,1766755571652
4,0.04,1766755571785
4,0.04,1766755571918
4,0.08,1766755572048
4,0.05,1766755572182
4,0.05,1766755572315
4,0.07,1766755572446
4,0.05,1766755572581
4,0.05,1766755572718
4,0.07,1766755572854
4,0.04,1766755572987
4,0.04,1766755573124
4,0.08,1766755573258
4,0.04,1766755573398
4,0.04,1766755573545
4,0.08,1766755573693
4,0.04,1766755573853
4,0.05,1766755573987
4,0.05,1766755574121
4,0.07,1766755574244
4,0.08,1766755574371
4,0.08,1766755574502
4,0.04,1766755574632
4,0.08,1766755574763
4,0.08,1766755574893
4,0.04,1766755575026
4,0.08,1766755575159
4,0.08,1766755575291
4,0.04,1766755575425
4,0.08,1766755575556
4,0.08,1766755575690
4,0.04,1766755575822
4,0.04,1766755575954
4,0.08,1766755576087
4,0.04,1766755576220
4,0.08,1766755576360
4,0.08,1766755576493
4,0.04,1766755576631
4,0.08,1766755576770
4,0.08,1766755576912
4,0.04,1766755577052
4,0.08,1766755577176
4,0.08,1766755577308
4,0.04,1766755577433
4,0.08,1766755577563
4,0.08,1766755577694
4,0.04,1766755577822
4,0.04,1766755577952
4,0.08,1766755578087
4,0.04,1766755578221
4,0.04,1766755578359
4,0.08,1766755578496
4,0.04,1766755578634
4,0.04,1766755578765
4,0.08,1766755578898
4,0.04,1766755579034
4,0.04,1766755579166
4,0.08,1766755579311
4,0.04,1766755579456
4,0.05,1766755579617
4,0.05,1766755579768
4,0.08,1766755579893
4,0.04,1766755580025
4,0.04,1766755580148
4,0.08,1766755580283
4,0.04,1766755580413
4,0.04,1766755580544
4,0.08,1766755580675
4,0.06,1766755580807
4,0.06,1766755580939
4,0.06,1766755581073
4,0.07,1766755581207
4,0.07,1766755581345
4,0.05,1766755581483
4,0.04,1766755581615
4,0.04,1766755581750
4,0.08,1766755581883
4,0.05,1766755582014
4,0.05,1766755582147
4,0.08,1766755582280
4,0.06,1766755582421
4,0.06,1766755582559
4,0.06,1766755582707
4,0.04,1766755582848
4,0.04,1766755582974
4,0.08,1766755583099
4,0.04,1766755583227
4,0.04,1766755583354
4,0.08,1766755583486
4,0.06,1766755583617
4,0.06,1766755583749
4,0.07,1766755583885
4,0.05,1766755584022
4,0.05,1766755584159
4,0.07,1766755584294
4,0.04,1766755584435
4,0.04,1766755584570
4,0.08,1766755584706
4,0.04,1766755584844
4,0.04,1766755584977
4,0.08,1766755585117
4,0.04,1766755585273
4,0.07,1766755585427
4,0.07,1766755585581
4,0.05,1766755585703
4,0.04,1766755585833
4,0.04,1766755585958
4,0.08,1766755586088
4,0.08,1766755586219
4,0.08,1766755586352
4,0.05,1766755586483
4,0.08,1766755586615
4,0.08,1766755586749
4,0.04,1766755586883
4,0.08,1766755587019
4,0.08,1766755587152
4,0.04,1766755587287
4,0.08,1766755587417
4,0.08,1766755587553
4,0.04,1766755587685
4,0.08,1766755587819
4,0.08,1766755587955
4,0.04,1766755588085
4,0.08,1766755588228
4,0.08,1766755588371
4,0.04,1766755588519
4,0.04,1766755588664
4,0.04,1766755588787
4,0.08,1766755588918
4,0.04,1766755589044
4,0.04,1766755589176
4,0.08,1766755589306
4,0.06,1766755589437
4,0.06,1766755589568
4,0.07,1766755589702
4,0.05,1766755589844
4,0.05,1766755589979
4,0.07,1766755590117
4,0.04,1766755590254
4,0.04,1766755590391
4,0.08,1766755590524
4,0.04,1766755590658
4,0.04,1766755590792
4,0.08,1766755590929
4,0.04,1766755591081
4,0.08,1766755591229
4,0.08,1766755591380
4,0.04,1766755591508
4,0.08,1766755591636
4,0.08,1766755591760
4,0.04,1766755591887
4,0.08,1766755592020
4,0.08,1766755592152
4,0.04,1766755592283
4,0.04,1766755592414
4,0.08,1766755592546
4,0.04,1766755592677
4,0.04,1766755592817
4,0.08,1766755592951
4,0.04,1766755593088
4,0.08,1766755593225
4,0.08,1766755593359
4,0.04,1766755593489
4,0.08,1766755593621
4,0.08,1766755593755
4,0.04,1766755593887
4,0.08,1766755594039
4,0.08,1766755594177
4,0.04,1766755594325
4,0.05,1766755594460
4,0.05,1766755594585
4,0.08,1766755594718
4,0.08,1766755594850
4,0.08,1766755594994
4,0.04,1766755595125
4,0.07,1766755595256
4,0.07,1766755595390
4,0.05,1766755595526
4,0.07,1766755595662
4,0.07,1766755595798
4,0.05,1766755595933
4,0.06,1766755596068
4,0.06,1766755596206
4,0.07,1766755596339
4,0.04,1766755596473
4,0.04,1766755596607
4,0.08,1766755596738
4,0.04,1766755596884
4,0.04,1766755597031
4,0.08,1766755597186
4,0.04,1766755597321
4,0.08,1766755597447
4,0.08,1766755597580
4,0.04,1766755597705
4,0.08,1766755597837
4,0.08,1766755597966
4,0.04,1766755598094
4,0.04,1766755598229
4,0.08,1766755598361
4,0.04,1766755598492
4,0.04,1766755598627
4,0.08,1766755598762
4,0.04,1766755598897
4,0.04,1766755599036
4,0.08,1766755599170
4,0.04,1766755599303
4,0.04,1766755599436
4,0.08,1766755599568
4,0.04,1766755599702
4,0.08,1766755599854
4,0.08,1766755600013
4,0.04,1766755600154
4,0.05,1766755600283
4,0.05,1766755600409
4,0.08,1766755600534
4,0.08,1766755600664
4,0.08,1766755600797
4,0.04,1766755600931
4,0.08,1766755601062
4,0.08,1766755601193
4,0.04,1766755601327
4,0.08,1766755601474
4,0.08,1766755601610
4,0.04,1766755601746
4,0.08,1766755601880
4,0.08,1766755602017
4,0.04,1766755602150
4,0.08,1766755602283
4,0.08,1766755602417
4,0.05,1766755602551
4,0.07,1766755602694
4,0.07,1766755602842
4,0.05,1766755602988
4,0.04,1766755603128
4,0.04,1766755603253
4,0.08,1766755603379
4,0.04,1766755603509
4,0.04,1766755603637
4,0.08,1766755603769
4,0.04,1766755603902
4,0.04,1766755604031
4,0.08,1766755604160
4,0.07,1766755604292
4,0.07,1766755604427
4,0.05,1766755604563
4,0.06,1766755604697
4,0.06,1766755604832
4,0.06,1766755604963
4,0.07,1766755605093
4,0.07,1766755605226
4,0.05,1766755605358
4,0.08,1766755605499
4,0.08,1766755605650
4,0.04,1766755605800
4,0.04,1766755605945
4,0.08,1766755606073
4,0.08,1766755606202
4,0.04,1766755606325
4,0.04,1766755606455
4,0.08,1766755606590
4,0.04,1766755606721
4,0.04,1766755606852
4,0.08,1766755606984
4,0.04,1766755607119
4,0.04,1766755607252
4,0.08,1766755607388
4,0.04,1766755607521
4,0.04,1766755607651
4,0.08,1766755607784
4,0.04,1766755607920
4,0.04,1766755608053
4,0.08,1766755608188
4,0.04,1766755608325
4,0.04,1766755608462
4,0.08,1766755608616
4,0.04,1766755608756
4,0.08,1766755608896
4,0.08,1766755609029
4,0.04,1766755609154
4,0.08,1766755609282
4,0.08,1766755609408
4,0.04,1766755609539
4,0.04,1766755609668
4,0.08,1766755609798
4,0.04,1766755609930
4,0.04,1766755610060
4,0.08,1766755610198
4,0.04,1766755610336
4,0.04,1766755610468
4,0.08,1766755610602
4,0.04,1766755610741
4,0.04,1766755610874
4,0.08,1766755611008
4,0.04,1766755611141
4,0.04,1766755611274
4,0.08,1766755611426
4,0.04,1766755611576
4,0.07,1766755611725
4,0.07,1766755611854
4,0.05,1766755611983
4,0.08,1766755612110
4,0.08,1766755612240
4,0.04,1766755612374
4,0.08,1766755612506
4,0.08,1766755612637
4,0.04,1766755612766
4,0.08,1766755612897
4,0.08,1766755613032
4,0.04,1766755613171
4,0.08,1766755613305
4,0.08,1766755613460
4,0.04,1766755613593
4,0.07,1766755613729
4,0.07,1766755613863
4,0.06,1766755613997
4,0.07,1766755614130
4,0.07,1766755614265
4,0.06,1766755614406
4,0.04,1766755614548
4,0.04,1766755614691
4,0.08,1766755614829
4,0.04,1766755614952
4,0.04,1766755615081
4,0.08,1766755615208
4,0.06,1766755615339
4,0.06,1766755615471
4,0.07,1766755615598
4,0.08,1766755615728
4,0.08,1766755615860
4,0.04,1766755615997
4,0.08,1766755616132
4,0.08,1766755616266
4,0.04,1766755616398
4,0.08,1766755616534
4,0.08,1766755616666
4,0.05,1766755616799
4,0.08,1766755616931
4,0.08,1766755617070
4,0.04,1766755617232
4,0.04,1766755617384
4,0.07,1766755617546
4,0.07,1766755617671
4,0.05,1766755617804
4,0.08,1766755617927
4,0.08,1766755618053
4,0.04,1766755618186
4,0.08,1766755618317
4,0.08,1766755618449
4,0.04,1766755618582
4,0.08,1766755618714
4,0.08,1766755618849
4,0.04,1766755618981
4,0.08,1766755619121
4,0.08,1766755619259
4,0.04,1766755619394
4,0.08,1766755619528
4,0.08,1766755619663
4,0.04,1766755619795
4,0.08,1766755619932
4,0.08,1766755620066
4,0.04,1766755620201
4,0.08,1766755620347
4,0.08,1766755620509
5,0.04,1766755620657
5,0.03,1766755620782
5,0.03,1766755620913
5,0.08,1766755621038
5,0.04,1766755621163
5,0.04,1766755621296
5,0.08,1766755621426
5,0.07,1766755621555
5,0.07,1766755621690
5,0.06,1766755621827
5,0.04,1766755621967
5,0.04,1766755622101
5,0.08,1766755622238
5,0.04,1766755622375
5,0.04,1766755622510
5,0.08,1766755622641
5,0.04,1766755622774
5,0.04,1766755622917
5,0.08,1766755623065
5,0.04,1766755623222
5,0.04,1766755623370
5,0.04,1766755623498
5,0.08,1766755623627
5,0.08,1766755623753
5,0.08,1766755623887
5,0.04,1766755624021
5,0.08,1766755624152
5,0.08,1766755624286
5,0.04,1766755624416
5,0.08,1766755624551
5,0.08,1766755624683
5,0.04,1766755624819
5,0.08,1766755624956
5,0.08,1766755625095
5,0.04,1766755625228
5,0.08,1766755625367
5,0.08,1766755625501
5,0.04,1766755625636
5,0.06,1766755625774
5,0.06,1766755625912
5,0.06,1766755626042
5,0.04,1766755626185
5,0.04,1766755626322
5,0.08,1766755626473
5,0.04,1766755626603
5,0.04,1766755626730
5,0.08,1766755626861
5,0.04,1766755626987
5,0.04,1766755627121
5,0.08,1766755627248
5,0.07,1766755627376
5,0.07,1766755627507
5,0.06,1766755627641
5,0.07,1766755627775
5,0.07,1766755627909
5,0.05,1766755628046
5,0.07,1766755628176
5,0.07,1766755628311
5,0.05,1766755628446
5,0.07,1766755628577
5,0.07,1766755628729
5,0.05,1766755628870
5,0.04,1766755629029
5,0.08,1766755629169
5,0.08,1766755629305
5,0.04,1766755629431
5,0.08,1766755629556
5,0.08,1766755629688
5,0.04,1766755629818
5,0.08,1766755629955
5,0.08,1766755630087
5,0.04,1766755630219
5,0.08,1766755630356
5,0.08,1766755630491
5,0.04,1766755630624
5,0.08,1766755630762
5,0.08,1766755630897
5,0.04,1766755631032
5,0.08,1766755631165
5,0.08,1766755631305
5,0.04,1766755631437
5,0.08,1766755631570
5,0.08,1766755631704
5,0.04,1766755631838
5,0.08,1766755631974
5,0.08,1766755632111
5,0.04,1766755632254
5,0.07,1766755632393
5,0.07,1766755632518
5,0.05,1766755632642
5,0.08,1766755632767
5,0.08,1766755632896
5,0.04,1766755633027
5,0.04,1766755633156
5,0.08,1766755633290
5,0.04,1766755633421
5,0.04,1766755633556
5,0.08,1766755633694
5,0.04,1766755633829
5,0.04,1766755633961
5,0.08,1766755634097
5,0.04,1766755634230
5,0.04,1766755634362
5,0.08,1766755634516
5,0.04,1766755634663
5,0.04,1766755634819
5,0.04,1766755634958
5,0.08,1766755635096
5,0.04,1766755635222
5,0.04,1766755635354
5,0.08,1766755635491
5,0.04,1766755635622
5,0.04,1766755635753
5,0.08,1766755635884
5,0.04,1766755636017
5,0.04,1766755636152
5,0.08,1766755636285
5,0.04,1766755636416
5,0.04,1766755636548
5,0.08,1766755636683
5,0.05,1766755636816
5,0.05,1766755636948
5,0.08,1766755637083
5,0.05,1766755637218
5,0.05,1766755637352
5,0.08,1766755637489
5,0.04,1766755637619
5,0.04,1766755637745
5,0.08,1766755637891
5,0.04,1766755638031
5,0.04,1766755638181
5,0.08,1766755638314
5,0.04,1766755638437
5,0.04,1766755638565
5,0.08,1766755638690
5,0.04,1766755638824
5,0.04,1766755638956
5,0.08,1766755639091
5,0.05,1766755639227
5,0.05,1766755639360
5,0.08,1766755639496
5,0.04,1766755639630
5,0.04,1766755639765
5,0.08,1766755639901
5,0.04,1766755640036
5,0.04,1766755640175
5,0.08,1766755640326
5,0.04,1766755640475
5,0.04,1766755640642
5,0.04,1766755640778
5,0.08,1766755640917
5,0.04,1766755641045
5,0.04,1766755641177
5,0.08,1766755641306
5,0.04,1766755641436
5,0.04,1766755641567
5,0.08,1766755641697
5,0.07,1766755641832
5,0.07,1766755641964
5,0.06,1766755642099
5,0.07,1766755642230
5,0.07,1766755642365
5,0.06,1766755642497
5,0.07,1766755642629
5,0.07,1766755642764
5,0.05,1766755642902
5,0.05,1766755643039
5,0.05,1766755643173
5,0.08,1766755643307
5,0.06,1766755643435
5,0.06,1766755643561
5,0.07,1766755643698
5,0.07,1766755643930
5,0.01,1766755644078
5,0.08,1766755644204
5,0.08,1766755644330
5,0.04,1766755644456
5,0.04,1766755644586
5,0.08,1766755644715
5,0.04,1766755644850
5,0.04,1766755644981
5,0.08,1766755645109
5,0.07,1766755645247
5,0.07,1766755645380
5,0.06,1766755645512
5,0.04,1766755645648
5,0.04,1766755645784
5,0.08,1766755645914
5,0.04,1766755646065
5,0.04,1766755646212
5,0.08,1766755646367
5,0.04,1766755646505
5,0.08,1766755646641
5,0.08,1766755646775
5,0.04,1766755646907
5,0.08,1766755647042
5,0.08,1766755647175
5,0.05,1766755647306
5,0.08,1766755647436
5,0.08,1766755647570
5,0.04,1766755647703
5,0.08,1766755647837
5,0.08,1766755647969
5,0.04,1766755648100
5,0.08,1766755648234
5,0.08,1766755648370
5,0.04,1766755648506
5,0.08,1766755648642
5,0.08,1766755648779
5,0.04,1766755648918
5,0.06,1766755649054
5,0.06,1766755649182
5,0.06,1766755649307
5,0.08,1766755649431
5,0.08,1766755649580
5,0.04,1766755649713
5,0.06,1766755649860
5,0.06,1766755649994
5,0.06,1766755650117
5,0.08,1766755650244
5,0.08,1766755650368
5,0.04,1766755650499
5,0.08,1766755650632
5,0.08,1766755650765
5,0.04,1766755650897
5,0.08,1766755651034
5,0.08,1766755651169
5,0.04,1766755651304
5,0.08,1766755651440
5,0.08,1766755651574
5,0.04,1766755651711
5,0.08,1766755651862
5,0.08,1766755652011
5,0.04,1766755652162
5,0.04,1766755652298
5,0.08,1766755652435
5,0.08,1766755652570
5,0.04,1766755652703
5,0.08,1766755652835
5,0.08,1766755652968
5,0.04,1766755653099
5,0.08,1766755653233
5,0.08,1766755653366
5,0.04,1766755653501
5,0.08,1766755653635
5,0.08,1766755653766
5,0.04,1766755653898
5,0.04,1766755654029
5,0.08,1766755654162
5,0.04,1766755654296
5,0.04,1766755654428
5,0.08,1766755654561
5,0.04,1766755654698
5,0.04,1766755654832
5,0.08,1766755654960
5,0.04,1766755655087
5,0.04,1766755655210
5,0.08,1766755655342
5,0.04,1766755655482
5,0.04,1766755655621
5,0.08,1766755655761
5,0.04,1766755655889
5,0.04,1766755656019
5,0.08,1766755656146
5,0.07,1766755656274
5,0.07,1766755656407
5,0.05,1766755656540
5,0.07,1766755656673
5,0.07,1766755656812
5,0.05,1766755656945
5,0.07,1766755657080
5,0.07,1766755657217
5,0.05,1766755657351
5,0.07,1766755657481
5,0.07,1766755657632
5,0.06,1766755657778
5,0.04,1766755657934
5,0.08,1766755658076
5,0.08,1766755658211
5,0.04,1766755658348
5,0.07,1766755658485
5,0.07,1766755658618
5,0.05,1766755658746
5,0.08,1766755658877
5,0.08,1766755659011
5,0.04,1766755659143
5,0.08,1766755659273
5,0.08,1766755659406
5,0.04,1766755659537
5,0.08,1766755659669
5,0.08,1766755659801
5,0.04,1766755659934
5,0.08,1766755660067
5,0.08,1766755660201
5,0.04,1766755660333
5,0.08,1766755660470
5,0.08,1766755660607
5,0.04,1766755660737
5,0.08,1766755660861
5,0.08,1766755660987
5,0.04,1766755661113
5,0.04,1766755661249
5,0.08,1766755661388
5,0.04,1766755661531
5,0.08,1766755661675
5,0.08,1766755661798
5,0.04,1766755661926
5,0.04,1766755662052
5,0.08,1766755662185
5,0.04,1766755662323
5,0.04,1766755662460
5,0.08,1766755662595
5,0.04,1766755662730
5,0.04,1766755662864
5,0.08,1766755663003
5,0.04,1766755663136
5,0.04,1766755663268
5,0.08,1766755663421
5,0.04,1766755663570
5,0.04,1766755663728
5,0.04,1766755663858
5,0.08,1766755663990
5,0.04,1766755664121
5,0.04,1766755664257
5,0.08,1766755664396
5,0.04,1766755664525
5,0.04,1766755664653
5,0.08,1766755664783
5,0.06,1766755664919
5,0.06,1766755665049
5,0.07,1766755665182
5,0.07,1766755665312
5,0.07,1766755665445
5,0.05,1766755665577
5,0.08,1766755665708
5,0.08,1766755665838
5,0.04,1766755665972
5,0.08,1766755666105
5,0.08,1766755666239
5,0.04,1766755666379
5,0.08,1766755666508
5,0.08,1766755666631
5,0.04,1766755666756
5,0.04,1766755666882
5,0.08,1766755667008
5,0.04,1766755667153
5,0.04,1766755667289
5,0.08,1766755667436
5,0.04,1766755667569
5,0.08,1766755667693
5,0.08,1766755667823
5,0.04,1766755667951
5,0.04,1766755668086
5,0.08,1766755668220
5,0.04,1766755668357
5,0.04,1766755668488
5,0.08,1766755668621
5,0.04,1766755668757
5,0.04,1766755668891
5,0.08,1766755669023
5,0.04,1766755669174
5,0.08,1766755669325
5,0.08,1766755669481
5,0.04,1766755669618
5,0.04,1766755669753
5,0.04,1766755669882
5,0.08,1766755670019
5,0.04,1766755670160
5,0.04,1766755670295
5,0.08,1766755670426
5,0.04,1766755670558
5,0.04,1766755670692
5,0.08,1766755670832
5,0.04,1766755670967
5,0.04,1766755671096
5,0.08,1766755671229
5,0.04,1766755671363
5,0.04,1766755671496
5,0.08,1766755671629
5,0.04,1766755671764
5,0.04,1766755671900
5,0.08,1766755672034
5,0.04,1766755672169
5,0.04,1766755672299
5,0.08,1766755672424
5,0.04,1766755672549
5,0.04,1766755672674
5,0.08,1766755672801
5,0.08,1766755672939
5,0.08,1766755673078
5,0.04,1766755673219
5,0.04,1766755673360
5,0.04,1766755673486
5,0.08,1766755673612
5,0.08,1766755673742
5,0.08,1766755673878
5,0.04,1766755674009
5,0.08,1766755674146
5,0.08,1766755674278
5,0.04,1766755674409
5,0.08,1766755674545
5,0.08,1766755674680
5,0.04,1766755674815
5,0.04,1766755674965
5,0.04,1766755675117
5,0.08,1766755675272
5,0.04,1766755675408
5,0.08,1766755675545
5,0.08,1766755675680
5,0.04,1766755675818
5,0.06,1766755675960
5,0.06,1766755676096
5,0.06,1766755676225
5,0.07,1766755676357
5,0.07,1766755676492
5,0.05,1766755676626
5,0.07,1766755676759
5,0.07,1766755676892
5,0.06,1766755677026
5,0.08,1766755677160
5,0.08,1766755677300
5,0.05,1766755677430
5,0.07,1766755677563
5,0.07,1766755677701
5,0.06,1766755677834
5,0.05,1766755677968
5,0.05,1766755678098
5,0.07,1766755678223
5,0.08,1766755678349
5,0.08,1766755678478
5,0.04,1766755678602
5,0.04,1766755678732
5,0.08,1766755678876
5,0.04,1766755679018
5,0.08,1766755679161
5,0.08,1766755679291
5,0.04,1766755679426
5,0.08,1766755679556
5,0.08,1766755679688
5,0.04,1766755679821
5,0.08,1766755679956
5,0.08,1766755680087
5,0.04,1766755680217
5,0.08,1766755680354
5,0.08,1766755680487
5,0.04,1766755680622
5,0.08,1766755680772
5,0.08,1766755680921
5,0.05,1766755681083
5,0.04,1766755681214
5,0.08,1766755681353
5,0.08,1766755681485
5,0.04,1766755681624
5,0.08,1766755681763
5,0.08,1766755681899
5,0.04,1766755682033
5,0.08,1766755682164
5,0.08,1766755682301
5,0.04,1766755682435
5,0.08,1766755682566
5,0.08,1766755682699
5,0.04,1766755682832
5,0.08,1766755682963
5,0.08,1766755683095
5,0.04,1766755683227
5,0.08,1766755683356
5,0.08,1766755683492
5,0.04,1766755683628
5,0.08,1766755683762
5,0.08,1766755683890
5,0.04,1766755684014
5,0.04,1766755684138
5,0.08,1766755684263
5,0.05,1766755684389
5,0.05,1766755684514
5,0.08,1766755684650
5,0.07,1766755684786
5,0.07,1766755684928
5,0.05,1766755685066
5,0.04,1766755685191
5,0.04,1766755685326
5,0.08,1766755685455
5,0.08,1766755685582
5,0.08,1766755685714
5,0.04,1766755685846
5,0.08,1766755685975
5,0.08,1766755686109
5,0.04,1766755686240
5,0.08,1766755686376
5,0.08,1766755686527
5,0.04,1766755686677
5,0.04,1766755686830
5,0.08,1766755686965
5,0.08,1766755687100
5,0.04,1766755687233
5,0.08,1766755687367
5,0.08,1766755687510
5,0.04,1766755687649
5,0.08,1766755687788
5,0.08,1766755687920
5,0.04,1766755688054
5,0.08,1766755688187
5,0.08,1766755688319
5,0.04,1766755688451
5,0.08,1766755688586
5,0.08,1766755688718
5,0.04,1766755688851
5,0.08,1766755688985
5,0.08,1766755689119
5,0.04,1766755689256
5,0.08,1766755689393
5,0.08,1766755689529
5,0.04,1766755689655
5,0.08,1766755689785
5,0.08,1766755689910
5,0.04,1766755690036
5,0.04,1766755690164
5,0.08,1766755690289
5,0.04,1766755690413
5,0.04,1766755690557
5,0.08,1766755690696
5,0.04,1766755690841
5,0.04,1766755690971
5,0.08,1766755691101
5,0.04,1766755691231
5,0.04,1766755691357
5,0.08,1766755691491
5,0.04,1766755691622
5,0.04,1766755691752
5,0.08,1766755691885
5,0.05,1766755692018
5,0.05,1766755692148
5,0.08,1766755692298
5,0.04,1766755692445
5,0.08,1766755692599
5,0.08,1766755692738
5,0.04,1766755692875
5,0.08,1766755693009
5,0.08,1766755693143
5,0.04,1766755693282
5,0.07,1766755693419
5,0.07,1766755693558
5,0.05,1766755693693
5,0.04,1766755693826
5,0.04,1766755693959
5,0.08,1766755694094
5,0.05,1766755694225
5,0.05,1766755694358
5,0.08,1766755694489
5,0.07,1766755694621
5,0.07,1766755694752
5,0.05,1766755694885
5,0.08,1766755695019
5,0.08,1766755695154
5,0.04,1766755695291
5,0.08,1766755695416
5,0.08,1766755695540
5,0.04,1766755695669
5,0.08,1766755695794
5,0.08,1766755695921
5,0.04,1766755696046
5,0.04,1766755696171
5,0.08,1766755696303
5,0.04,1766755696445
5,0.04,1766755696583
5,0.08,1766755696729
5,0.04,1766755696860
5,0.04,1766755696990
5,0.08,1766755697119
5,0.04,1766755697260
5,0.04,1766755697394
5,0.08,1766755697525
5,0.04,1766755697659
5,0.04,1766755697790
5,0.08,1766755697925
5,0.04,1766755698075
5,0.08,1766755698224
5,0.08,1766755698378
5,0.04,1766755698517
5,0.04,1766755698651
5,0.04,1766755698783
5,0.08,1766755698925
5,0.04,1766755699061
5,0.04,1766755699196
5,0.08,1766755699334
5,0.04,1766755699474
5,0.08,1766755699609
5,0.08,1766755699744
5,0.04,1766755699877
5,0.04,1766755700006
5,0.08,1766755700146
5,0.04,1766755700279
5,0.08,1766755700412
5,0.08,1766755700545
5,0.04,1766755700678
5,0.04,1766755700810
5,0.08,1766755700945
5,0.04,1766755701084
5,0.08,1766755701210
5,0.08,1766755701336
5,0.04,1766755701461
5,0.04,1766755701586
5,0.08,1766755701712
5,0.08,1766755701840
5,0.08,1766755701965
5,0.04,1766755702090
5,0.08,1766755702234
5,0.08,1766755702371
5,0.04,1766755702518
5,0.04,1766755702661
5,0.04,1766755702790
5,0.08,1766755702922
5,0.07,1766755703052
5,0.07,1766755703187
5,0.06,1766755703318
5,0.07,1766755703454
5,0.07,1766755703585
5,0.06,1766755703724
5,0.04,1766755703871
5,0.04,1766755704020
5,0.08,1766755704180
5,0.04,1766755704312
5,0.08,1766755704447
5,0.08,1766755704577
5,0.04,1766755704717
5,0.07,1766755704856
5,0.07,1766755704993
5,0.05,1766755705131
5,0.04,1766755705271
5,0.04,1766755705409
5,0.08,1766755705544
5,0.04,1766755705679
5,0.04,1766755705811
5,0.08,1766755705943
5,0.04,1766755706071
5,0.04,1766755706202
5,0.08,1766755706333
5,0.07,1766755706465
5,0.07,1766755706599
5,0.06,1766755706729
5,0.07,1766755706867
5,0.07,1766755706991
5,0.06,1766755707115
5,0.08,1766755707239
5,0.08,1766755707371
5,0.04,1766755707496
5,0.04,1766755707625
5,0.08,1766755707750
5,0.04,1766755707875
5,0.04,1766755708009
5,0.08,1766755708147
5,0.04,1766755708291
5,0.08,1766755708442
5,0.08,1766755708570
5,0.04,1766755708699
5,0.04,1766755708829
5,0.08,1766755708959
5,0.04,1766755709092
5,0.04,1766755709226
5,0.08,1766755709358
5,0.04,1766755709505
5,0.08,1766755709651
5,0.08,1766755709799
5,0.04,1766755709958
5,0.04,1766755710092
5,0.04,1766755710233
5,0.08,1766755710364
5,0.04,1766755710504
5,0.04,1766755710641
5,0.08,1766755710778
5,0.04,1766755710918
5,0.08,1766755711060
5,0.08,1766755711200
5,0.04,1766755711337
5,0.08,1766755711471
5,0.08,1766755711606
5,0.04,1766755711739
5,0.08,1766755711873
5,0.08,1766755712002
5,0.04,1766755712134
5,0.08,1766755712266
5,0.08,1766755712399
5,0.04,1766755712534
5,0.08,1766755712666
5,0.08,1766755712794
5,0.04,1766755712918
5,0.04,1766755713042
5,0.08,1766755713170
5,0.04,1766755713298
5,0.04,1766755713423
5,0.08,1766755713547
5,0.08,1766755713670
5,0.08,1766755713796
5,0.04,1766755713942
5,0.08,1766755714083
5,0.08,1766755714232
5,0.04,1766755714371
5,0.04,1766755714503
5,0.04,1766755714636
5,0.08,1766755714764
5,0.04,1766755714897
5,0.04,1766755715027
5,0.08,1766755715158
5,0.07,1766755715299
5,0.07,1766755715445
5,0.05,1766755715600
5,0.04,1766755715753
5,0.08,1766755715887
5,0.08,1766755716026
5,0.04,1766755716162
5,0.04,1766755716305
5,0.04,1766755716441
5,0.08,1766755716579
5,0.04,1766755716719
5,0.04,1766755716858
5,0.08,1766755716997
5,0.04,1766755717134
5,0.08,1766755717269
5,0.08,1766755717404
5,0.04,1766755717533
5,0.04,1766755717665
5,0.08,1766755717800
5,0.04,1766755717933
5,0.04,1766755718068
5,0.08,1766755718200
5,0.04,1766755718333
5,0.04,1766755718463
5,0.08,1766755718592
5,0.04,1766755718719
5,0.04,1766755718843
5,0.08,1766755718970
5,0.08,1766755719096
5,0.08,1766755719221
5,0.04,1766755719349
5,0.08,1766755719476
5,0.08,1766755719602
5,0.04,1766755719741
5,0.08,1766755719881
5,0.08,1766755720026
5,0.04,1766755720170
5,0.08,1766755720296
5,0.08,1766755720433
5,0.04,1766755720562
5,0.08,1766755720693
5,0.08,1766755720825
5,0.04,1766755720956
5,0.08,1766755721102
5,0.08,1766755721245
5,0.04,1766755721401
5,0.04,1766755721547
5,0.08,1766755721683
5,0.08,1766755721818
5,0.04,1766755721947
5,0.08,1766755722090
5,0.08,1766755722224
5,0.04,1766755722360
5,0.08,1766755722498
5,0.08,1766755722638
5,0.04,1766755722776
5,0.08,1766755722915
5,0.08,1766755723051
5,0.04,1766755723182
5,0.08,1766755723315
5,0.08,1766755723444
5,0.04,1766755723573
5,0.08,1766755723705
5,0.08,1766755723837
5,0.04,1766755723970
5,0.08,1766755724102
5,0.08,1766755724233
5,0.04,1766755724363
5,0.04,1766755724490
5,0.08,1766755724614
5,0.04,1766755724740
5,0.04,1766755724867
5,0.08,1766755724991
5,0.08,1766755725114
5,0.08,1766755725239
5,0.04,1766755725364
5,0.04,1766755725490
5,0.08,1766755725637
5,0.04,1766755725772
5,0.08,1766755725926
5,0.08,1766755726062
5,0.04,1766755726194
5,0.08,1766755726327
5,0.08,1766755726452
5,0.04,1766755726588
5,0.08,1766755726716
5,0.08,1766755726854
5,0.04,1766755726996
5,0.05,1766755727151
5,0.05,1766755727304
5,0.08,1766755727438
5,0.04,1766755727576
5,0.08,1766755727711
5,0.08,1766755727856
5,0.04,1766755727996
5,0.08,1766755728133
5,0.08,1766755728276
5,0.04,1766755728416
5,0.04,1766755728560
5,0.04,1766755728702
5,0.08,1766755728834
5,0.04,1766755728969
5,0.04,1766755729102
5,0.08,1766755729235
5,0.04,1766755729368
5,0.04,1766755729502
5,0.08,1766755729639
5,0.04,1766755729775
5,0.04,1766755729906
5,0.08,1766755730031
5,0.04,1766755730155
5,0.04,1766755730282
5,0.08,1766755730407
5,0.08,1766755730531
5,0.08,1766755730658
5,0.04,1766755730787
5,0.04,1766755730912
5,0.08,1766755731041
5,0.04,1766755731167
5,0.04,1766755731293
5,0.08,1766755731428
5,0.04,1766755731570
5,0.04,1766755731717
5,0.08,1766755731863
5,0.04,1766755731992
5,0.04,1766755732120
5,0.08,1766755732249
5,0.04,1766755732380
5,0.04,1766755732514
5,0.08,1766755732661
5,0.04,1766755732805
5,0.08,1766755732960
5,0.08,1766755733103
5,0.04,1766755733235
5,0.04,1766755733370
5,0.04,1766755733501
5,0.08,1766755733643
5,0.04,1766755733782
5,0.04,1766755733921
5,0.08,1766755734063
5,0.04,1766755734206
5,0.08,1766755734351
5,0.08,1766755734492
5,0.04,1766755734625
5,0.08,1766755734756
5,0.08,1766755734889
5,0.04,1766755735022
5,0.08,1766755735154
5,0.08,1766755735287
5,0.04,1766755735422
5,0.08,1766755735551
5,0.08,1766755735683
5,0.04,1766755735811
5,0.04,1766755735936
5,0.08,1766755736062
5,0.04,1766755736188
5,0.04,1766755736314
5,0.08,1766755736440
5,0.08,1766755736569
5,0.08,1766755736695
5,0.04,1766755736821
5,0.08,1766755736949
5,0.08,1766755737074
5,0.04,1766755737210
5,0.08,1766755737363
5,0.08,1766755737507
5,0.04,1766755737663
5,0.04,1766755737798
5,0.04,1766755737928
5,0.08,1766755738057
5,0.04,1766755738189
5,0.04,1766755738321
5,0.08,1766755738472
5,0.04,1766755738618
5,0.08,1766755738777
5,0.08,1766755738916
5,0.04,1766755739050
5,0.07,1766755739186
5,0.07,1766755739319
5,0.05,1766755739460
5,0.04,1766755739597
5,0.04,1766755739734
5,0.08,1766755739875
5,0.04,1766755740017
5,0.08,1766755740158
5,0.08,1766755740299
5,0.04,1766755740441
5,0.08,1766755740576
5,0.08,1766755740708
5,0.04,1766755740840
5,0.08,1766755740974
5,0.08,1766755741105
5,0.04,1766755741236
5,0.08,1766755741368
5,0.08,1766755741502
5,0.04,1766755741626
5,0.04,1766755741750
5,0.08,1766755741873
5,0.04,1766755742000
5,0.04,1766755742125
5,0.08,1766755742251
5,0.08,1766755742383
5,0.08,1766755742509
5,0.04,1766755742640
5,0.08,1766755742766
5,0.08,1766755742891
5,0.04,1766755743022
5,0.04,1766755743162
5,0.08,1766755743303
5,0.04,1766755743461
5,0.07,1766755743599
5,0.07,1766755743726
5,0.05,1766755743861
5,0.08,1766755743990
5,0.08,1766755744123
5,0.04,1766755744274
5,0.04,1766755744422
5,0.08,1766755744575
5,0.08,1766755744711
5,0.04,1766755744849
5,0.08,1766755744986
5,0.08,1766755745124
5,0.04,1766755745265
5,0.07,1766755745406
5,0.07,1766755745545
5,0.05,1766755745687
5,0.04,1766755745827
5,0.04,1766755745968
5,0.08,1766755746111
5,0.04,1766755746252
5,0.08,1766755746408
5,0.08,1766755746542
5,0.04,1766755746673
5,0.08,1766755746806
5,0.08,1766755746940
6,0.04,1766755747076
6,0.06,1766755747210
6,0.06,1766755747343
6,0.05,1766755747468
6,0.08,1766755747596
6,0.08,1766755747720
6,0.04,1766755747848
6,0.04,1766755747978
6,0.08,1766755748106
6,0.04,1766755748237
6,0.04,1766755748365
6,0.08,1766755748492
6,0.05,1766755748620
6,0.05,1766755748751
6,0.07,1766755748880
6,0.05,1766755749027
6,0.05,1766755749167
6,0.08,1766755749323
6,0.04,1766755749460
6,0.08,1766755749588
6,0.08,1766755749722
6,0.04,1766755749851
6,0.08,1766755750000
6,0.08,1766755750142
6,0.04,1766755750298
6,0.04,1766755750446
6,0.04,1766755750579
6,0.08,1766755750716
6,0.04,1766755750851
6,0.04,1766755750991
6,0.08,1766755751131
6,0.04,1766755751268
6,0.08,1766755751410
6,0.08,1766755751550
6,0.04,1766755751692
6,0.06,1766755751832
6,0.06,1766755751970
6,0.06,1766755752116
6,0.04,1766755752250
6,0.04,1766755752383
6,0.08,1766755752516
6,0.04,1766755752650
6,0.04,1766755752783
6,0.08,1766755752915
6,0.04,1766755753048
6,0.04,1766755753176
6,0.08,1766755753301
6,0.07,1766755753427
6,0.07,1766755753553
6,0.05,1766755753682
6,0.08,1766755753809
6,0.08,1766755753938
6,0.04,1766755754064
6,0.08,1766755754213
6,0.08,1766755754340
6,0.04,1766755754465
6,0.04,1766755754591
6,0.08,1766755754721
6,0.04,1766755754861
6,0.04,1766755755006
6,0.08,1766755755158
6,0.04,1766755755296
6,0.08,1766755755424
6,0.08,1766755755557
6,0.04,1766755755693
6,0.08,1766755755841
6,0.08,1766755755991
6,0.04,1766755756144
6,0.04,1766755756275
6,0.04,1766755756408
6,0.08,1766755756540
6,0.04,1766755756679
6,0.08,1766755756822
6,0.08,1766755756957
6,0.04,1766755757096
6,0.08,1766755757236
6,0.08,1766755757376
6,0.04,1766755757517
6,0.04,1766755757659
6,0.04,1766755757804
6,0.08,1766755757944
6,0.04,1766755758099
6,0.08,1766755758234
6,0.08,1766755758367
6,0.04,1766755758499
6,0.08,1766755758631
6,0.08,1766755758761
6,0.04,1766755758892
6,0.04,1766755759017
6,0.08,1766755759139
6,0.04,1766755759263
6,0.04,1766755759387
6,0.08,1766755759514
6,0.08,1766755759640
6,0.08,1766755759768
6,0.04,1766755759893
6,0.08,1766755760025
6,0.08,1766755760149
6,0.04,1766755760280
6,0.04,1766755760407
6,0.08,1766755760536
6,0.05,1766755760671
6,0.05,1766755760815
6,0.08,1766755760959
6,0.04,1766755761100
6,0.08,1766755761231
6,0.08,1766755761360
6,0.04,1766755761497
6,0.08,1766755761640
6,0.08,1766755761786
6,0.04,1766755761949
6,0.04,1766755762078
6,0.04,1766755762217
6,0.08,1766755762352
6,0.04,1766755762492
6,0.04,1766755762631
6,0.08,1766755762775
6,0.04,1766755762914
6,0.08,1766755763053
6,0.08,1766755763196
6,0.04,1766755763338
6,0.05,1766755763476
6,0.05,1766755763617
6,0.08,1766755763756
6,0.04,1766755763895
6,0.04,1766755764027
6,0.08,1766755764156
6,0.04,1766755764294
6,0.04,1766755764427
6,0.08,1766755764561
6,0.04,1766755764692
6,0.04,1766755764816
6,0.08,1766755764938
6,0.08,1766755765062
6,0.08,1766755765185
6,0.04,1766755765310
6,0.04,1766755765437
6,0.08,1766755765563
6,0.04,1766755765690
6,0.04,1766755765817
6,0.08,1766755765941
6,0.08,1766755766064
6,0.08,1766755766191
6,0.04,1766755766320
6,0.08,1766755766448
6,0.08,1766755766591
6,0.04,1766755766732
6,0.07,1766755766883
6,0.07,1766755767024
6,0.05,1766755767149
6,0.07,1766755767293
6,0.07,1766755767430
6,0.06,1766755767584
6,0.04,1766755767740
6,0.08,1766755767873
6,0.08,1766755768011
6,0.04,1766755768146
6,0.07,1766755768286
6,0.07,1766755768427
6,0.05,1766755768566
6,0.04,1766755768707
6,0.04,1766755768846
6,0.08,1766755768988
6,0.04,1766755769127
6,0.08,1766755769269
6,0.08,1766755769410
6,0.04,1766755769551
6,0.07,1766755769693
6,0.07,1766755769827
6,0.05,1766755769961
6,0.06,1766755770096
6,0.06,1766755770232
6,0.06,1766755770368
6,0.05,1766755770495
6,0.05,1766755770618
6,0.08,1766755770743
6,0.08,1766755770867
6,0.08,1766755770991
6,0.04,1766755771115
6,0.04,1766755771243
6,0.08,1766755771369
6,0.07,1766755771495
6,0.07,1766755771620
6,0.05,1766755771750
6,0.08,1766755771877
6,0.08,1766755772007
6,0.04,1766755772136
6,0.04,1766755772263
6,0.08,1766755772400
6,0.04,1766755772536
6,0.08,1766755772681
6,0.08,1766755772826
6,0.04,1766755772971
6,0.04,1766755773111
6,0.04,1766755773249
6,0.08,1766755773403
6,0.04,1766755773547
6,0.08,1766755773679
6,0.08,1766755773817
6,0.04,1766755773950
6,0.08,1766755774089
6,0.08,1766755774223
6,0.04,1766755774361
6,0.08,1766755774500
6,0.08,1766755774639
6,0.04,1766755774780
6,0.04,1766755774922
6,0.04,1766755775061
6,0.08,1766755775205
6,0.04,1766755775344
6,0.08,1766755775483
6,0.08,1766755775621
6,0.04,1766755775753
6,0.08,1766755775884
6,0.08,1766755776017
6,0.04,1766755776151
6,0.04,1766755776277
6,0.08,1766755776402
6,0.04,1766755776527
6,0.04,1766755776652
6,0.08,1766755776777
6,0.08,1766755776901
6,0.08,1766755777029
6,0.04,1766755777156
6,0.08,1766755777282
6,0.08,1766755777409
6,0.04,1766755777536
6,0.04,1766755777664
6,0.08,1766755777794
6,0.04,1766755777927
6,0.04,1766755778052
6,0.08,1766755778181
6,0.05,1766755778327
6,0.05,1766755778466
6,0.07,1766755778616
6,0.04,1766755778749
6,0.08,1766755778896
6,0.08,1766755779037
6,0.04,1766755779189
6,0.04,1766755779332
6,0.04,1766755779465
6,0.08,1766755779601
6,0.04,1766755779734
6,0.04,1766755779876
6,0.08,1766755780017
6,0.04,1766755780161
6,0.08,1766755780302
6,0.08,1766755780444
6,0.04,1766755780586
6,0.07,1766755780727
6,0.07,1766755780864
6,0.05,1766755781006
6,0.04,1766755781145
6,0.04,1766755781287
6,0.08,1766755781428
6,0.04,1766755781564
6,0.08,1766755781700
6,0.08,1766755781835
6,0.04,1766755781970
6,0.04,1766755782095
6,0.08,1766755782218
6,0.04,1766755782343
6,0.04,1766755782469
6,0.08,1766755782595
6,0.08,1766755782720
6,0.08,1766755782845
6,0.04,1766755782971
6,0.04,1766755783099
6,0.08,1766755783228
6,0.04,1766755783360
6,0.04,1766755783490
6,0.08,1766755783620
6,0.04,1766755783755
6,0.04,1766755783890
6,0.08,1766755784019
6,0.04,1766755784166
6,0.04,1766755784305
6,0.08,1766755784455
6,0.04,1766755784596
6,0.07,1766755784739
6,0.07,1766755784885
6,0.05,1766755785034
6,0.04,1766755785170
6,0.04,1766755785301
6,0.08,1766755785435
6,0.04,1766755785571
6,0.04,1766755785710
6,0.08,1766755785848
6,0.04,1766755785988
6,0.08,1766755786129
6,0.08,1766755786273
6,0.04,1766755786414
6,0.04,1766755786558
6,0.04,1766755786697
6,0.08,1766755786839
6,0.04,1766755786988
6,0.08,1766755787129
6,0.08,1766755787270
6,0.04,1766755787405
6,0.08,1766755787538
6,0.08,1766755787668
6,0.04,1766755787796
6,0.08,1766755787920
6,0.08,1766755788046
6,0.04,1766755788170
6,0.04,1766755788296
6,0.08,1766755788421
6,0.08,1766755788545
6,0.08,1766755788670
6,0.05,1766755788796
6,0.08,1766755788923
6,0.08,1766755789052
6,0.04,1766755789181
6,0.04,1766755789314
6,0.08,1766755789442
6,0.04,1766755789572
6,0.04,1766755789704
6,0.08,1766755789833
6,0.04,1766755789976
6,0.04,1766755790118
6,0.08,1766755790265
6,0.04,1766755790416
6,0.07,1766755790557
6,0.07,1766755790714
6,0.05,1766755790854
6,0.04,1766755790990
6,0.04,1766755791126
6,0.08,1766755791258
6,0.04,1766755791400
6,0.08,1766755791536
6,0.08,1766755791674
6,0.04,1766755791814
6,0.08,1766755791953
6,0.08,1766755792094
6,0.04,1766755792237
6,0.04,1766755792378
6,0.04,1766755792515
6,0.08,1766755792654
6,0.04,1766755792796
6,0.04,1766755792937
6,0.08,1766755793078
6,0.04,1766755793212
6,0.08,1766755793347
6,0.08,1766755793482
6,0.04,1766755793610
6,0.04,1766755793734
6,0.08,1766755793857
6,0.04,1766755793982
6,0.04,1766755794107
6,0.08,1766755794232
6,0.08,1766755794357
6,0.08,1766755794481
6,0.04,1766755794606
6,0.04,1766755794733
6,0.08,1766755794863
6,0.04,1766755794991
6,0.04,1766755795124
6,0.08,1766755795251
6,0.07,1766755795379
6,0.07,1766755795515
6,0.06,1766755795642
6,0.08,1766755795776
6,0.08,1766755795920
6,0.04,1766755796081
6,0.04,1766755796254
6,0.05,1766755796394
6,0.05,1766755796549
6,0.08,1766755796681
6,0.04,1766755796818
6,0.04,1766755796949
6,0.08,1766755797085
6,0.04,1766755797232
6,0.08,1766755797376
6,0.08,1766755797515
6,0.04,1766755797654
6,0.07,1766755797794
6,0.07,1766755797934
6,0.06,1766755798071
6,0.04,1766755798206
6,0.04,1766755798344
6,0.08,1766755798481
6,0.04,1766755798620
6,0.04,1766755798759
6,0.08,1766755798900
6,0.04,1766755799034
6,0.08,1766755799165
6,0.08,1766755799298
6,0.04,1766755799422
6,0.04,1766755799548
6,0.08,1766755799671
6,0.07,1766755799794
6,0.07,1766755799919
6,0.05,1766755800044
6,0.08,1766755800168
6,0.08,1766755800293
6,0.04,1766755800421
6,0.04,1766755800546
6,0.08,1766755800674
6,0.07,1766755800801
6,0.07,1766755800930
6,0.06,1766755801058
6,0.08,1766755801185
6,0.08,1766755801319
6,0.04,1766755801445
6,0.08,1766755801576
6,0.08,1766755801720
6,0.04,1766755801855
6,0.04,1766755802031
6,0.04,1766755802181
6,0.08,1766755802338
6,0.04,1766755802469
6,0.08,1766755802604
6,0.08,1766755802737
6,0.04,1766755802872
6,0.07,1766755803011
6,0.07,1766755803149
6,0.05,1766755803287
6,0.04,1766755803428
6,0.04,1766755803572
6,0.08,1766755803712
6,0.04,1766755803857
6,0.08,1766755803997
6,0.08,1766755804137
6,0.04,1766755804275
6,0.08,1766755804416
6,0.08,1766755804555
6,0.05,1766755804696
6,0.04,1766755804836
6,0.04,1766755804967
6,0.08,1766755805098
6,0.05,1766755805222
6,0.05,1766755805344
6,0.07,1766755805468
6,0.08,1766755805590
6,0.08,1766755805712
6,0.04,1766755805836
6,0.04,1766755805960
6,0.08,1766755806084
6,0.08,1766755806210
6,0.08,1766755806338
6,0.04,1766755806464
6,0.08,1766755806596
6,0.08,1766755806724
6,0.04,1766755806858
6,0.04,1766755806992
6,0.08,1766755807121
6,0.04,1766755807247
6,0.04,1766755807375
6,0.08,1766755807513
6,0.04,1766755807653
6,0.08,1766755807817
6,0.08,1766755807981
6,0.04,1766755808121
6,0.04,1766755808257
6,0.04,1766755808386
6,0.08,1766755808521
6,0.04,1766755808656
6,0.04,1766755808797
6,0.08,1766755808936
6,0.04,1766755809076
6,0.08,1766755809217
6,0.08,1766755809361
6,0.04,1766755809504
6,0.04,1766755809648
6,0.04,1766755809791
6,0.08,1766755809931
6,0.04,1766755810069
6,0.04,1766755810206
6,0.08,1766755810347
6,0.04,1766755810487
6,0.08,1766755810629
6,0.08,1766755810767
6,0.04,1766755810903
6,0.08,1766755811029
6,0.08,1766755811152
6,0.04,1766755811277
6,0.04,1766755811402
6,0.08,1766755811526
6,0.04,1766755811651
6,0.04,1766755811777
6,0.08,1766755811902
6,0.08,1766755812026
6,0.08,1766755812148
6,0.04,1766755812272
6,0.04,1766755812401
6,0.08,1766755812533
6,0.04,1766755812667
6,0.04,1766755812797
6,0.08,1766755812923
6,0.05,1766755813052
6,0.05,1766755813182
6,0.07,1766755813312
6,0.07,1766755813462
6,0.07,1766755813617
6,0.06,1766755813783
6,0.04,1766755813932
6,0.04,1766755814065
6,0.04,1766755814208
6,0.08,1766755814340
6,0.04,1766755814477
6,0.04,1766755814615
6,0.08,1766755814751
6,0.04,1766755814887
6,0.08,1766755815028
6,0.08,1766755815168
6,0.04,1766755815308
6,0.08,1766755815451
6,0.08,1766755815593
6,0.04,1766755815733
6,0.04,1766755815872
6,0.04,1766755816006
6,0.08,1766755816143
6,0.04,1766755816283
6,0.04,1766755816422
6,0.08,1766755816561
6,0.04,1766755816687
6,0.04,1766755816810
6,0.08,1766755816934
6,0.08,1766755817056
6,0.08,1766755817181
6,0.04,1766755817304
6,0.04,1766755817430
6,0.08,1766755817553
6,0.04,1766755817678
6,0.04,1766755817802
6,0.08,1766755817925
6,0.08,1766755818054
6,0.08,1766755818182
6,0.04,1766755818312
6,0.08,1766755818441
6,0.08,1766755818574
6,0.04,1766755818701
6,0.04,1766755818829
6,0.08,1766755818955
6,0.04,1766755819079
6,0.04,1766755819211
6,0.08,1766755819371
6,0.04,1766755819535
6,0.04,1766755819692
6,0.04,1766755819820
6,0.08,1766755819953
6,0.04,1766755820082
6,0.04,1766755820217
6,0.08,1766755820357
6,0.04,1766755820494
6,0.04,1766755820636
6,0.08,1766755820777
6,0.04,1766755820919
6,0.08,1766755821063
6,0.08,1766755821204
6,0.04,1766755821344
6,0.05,1766755821484
6,0.05,1766755821623
6,0.07,1766755821763
6,0.04,1766755821903
6,0.04,1766755822044
6,0.08,1766755822186
6,0.04,1766755822326
6,0.08,1766755822459
6,0.08,1766755822584
6,0.04,1766755822709
6,0.04,1766755822831
6,0.08,1766755822956
6,0.07,1766755823082
6,0.07,1766755823206
6,0.06,1766755823331
6,0.08,1766755823455
6,0.08,1766755823579
6,0.04,1766755823704
6,0.04,1766755823836
6,0.08,1766755823966
6,0.04,1766755824098
6,0.04,1766755824227
6,0.08,1766755824359
6,0.07,1766755824486
6,0.07,1766755824614
6,0.05,1766755824748
6,0.08,1766755824875
6,0.08,1766755825004
6,0.04,1766755825165
6,0.04,1766755825324
6,0.08,1766755825496
6,0.08,1766755825623
6,0.04,1766755825758
6,0.08,1766755825884
6,0.08,1766755826019
6,0.04,1766755826155
6,0.08,1766755826290
6,0.08,1766755826428
6,0.04,1766755826565
6,0.04,1766755826704
6,0.04,1766755826846
6,0.08,1766755826986
6,0.04,1766755827124
6,0.08,1766755827267
6,0.08,1766755827405
6,0.04,1766755827544
6,0.08,1766755827681
6,0.08,1766755827822
6,0.04,1766755827962
6,0.07,1766755828102
6,0.07,1766755828238
6,0.05,1766755828364
6,0.08,1766755828485
6,0.08,1766755828610
6,0.04,1766755828733
6,0.04,1766755828857
6,0.08,1766755828981
6,0.06,1766755829104
6,0.06,1766755829229
6,0.06,1766755829350
6,0.08,1766755829475
6,0.08,1766755829598
6,0.04,1766755829725
6,0.04,1766755829853
6,0.08,1766755829981
6,0.06,1766755830111
6,0.06,1766755830243
6,0.06,1766755830371
6,0.08,1766755830502
6,0.08,1766755830631
6,0.04,1766755830758
6,0.08,1766755830912
6,0.08,1766755831065
6,0.04,1766755831252
6,0.04,1766755831397
6,0.04,1766755831531
6,0.04,1766755831664
6,0.08,1766755831797
6,0.04,1766755831935
6,0.04,1766755832068
6,0.08,1766755832202
6,0.04,1766755832341
6,0.04,1766755832482
6,0.08,1766755832625
6,0.04,1766755832765
6,0.08,1766755832904
6,0.08,1766755833047
6,0.04,1766755833185
6,0.07,1766755833320
6,0.07,1766755833458
6,0.05,1766755833599
6,0.04,1766755833739
6,0.04,1766755833882
6,0.08,1766755834020
6,0.04,1766755834147
6,0.04,1766755834268
6,0.08,1766755834390
6,0.08,1766755834514
6,0.08,1766755834635
6,0.04,1766755834759
6,0.04,1766755834883
6,0.08,1766755835009
6,0.04,1766755835133
6,0.04,1766755835254
6,0.08,1766755835377
6,0.08,1766755835503
6,0.08,1766755835636
6,0.04,1766755835765
6,0.04,1766755835893
6,0.08,1766755836026
6,0.04,1766755836150
6,0.04,1766755836279
6,0.08,1766755836404
6,0.07,1766755836529
6,0.07,1766755836677
6,0.06,1766755836836
6,0.04,1766755837011
6,0.04,1766755837165
6,0.04,1766755837297
6,0.08,1766755837425
6,0.04,1766755837559
6,0.04,1766755837705
6,0.08,1766755837841
6,0.04,1766755837979
6,0.08,1766755838120
6,0.08,1766755838262
6,0.04,1766755838405
6,0.05,1766755838546
6,0.05,1766755838684
6,0.08,1766755838821
6,0.04,1766755838962
6,0.04,1766755839100
6,0.08,1766755839239
6,0.04,1766755839380
6,0.08,1766755839519
6,0.08,1766755839657
6,0.04,1766755839792
6,0.08,1766755839926
6,0.08,1766755840049
6,0.04,1766755840172
6,0.04,1766755840295
6,0.08,1766755840425
6,0.04,1766755840547
6,0.04,1766755840669
6,0.08,1766755840792
6,0.08,1766755840913
6,0.08,1766755841038
6,0.04,1766755841161
6,0.04,1766755841289
6,0.08,1766755841418
6,0.07,1766755841547
6,0.07,1766755841677
6,0.05,1766755841806
6,0.08,1766755841937
6,0.08,1766755842064
6,0.04,1766755842191
6,0.08,1766755842319
6,0.08,1766755842465
6,0.04,1766755842611
6,0.04,1766755842788
6,0.08,1766755842942
6,0.08,1766755843076
6,0.04,1766755843200
6,0.08,1766755843335
6,0.08,1766755843471
6,0.04,1766755843610
6,0.08,1766755843750
6,0.08,1766755843890
6,0.04,1766755844031
6,0.04,1766755844172
6,0.04,1766755844314
6,0.08,1766755844452
6,0.04,1766755844593
6,0.08,1766755844731
6,0.08,1766755844872
6,0.04,1766755845010
6,0.08,1766755845149
6,0.08,1766755845290
6,0.04,1766755845430
6,0.04,1766755845566
6,0.04,1766755845695
6,0.08,1766755845826
6,0.08,1766755845950
6,0.08,1766755846073
6,0.04,1766755846198
6,0.04,1766755846319
6,0.08,1766755846443
6,0.05,1766755846567
6,0.05,1766755846691
6,0.08,1766755846817
6,0.08,1766755846949
6,0.08,1766755847076
6,0.04,1766755847205
6,0.08,1766755847334
6,0.08,1766755847465
6,0.04,1766755847591
6,0.04,1766755847722
6,0.08,1766755847855
6,0.04,1766755847981
6,0.04,1766755848107
6,0.08,1766755848254
6,0.04,1766755848395
6,0.08,1766755848571
6,0.08,1766755848723
6,0.04,1766755848868
6,0.04,1766755848997
6,0.04,1766755849131
6,0.08,1766755849266
6,0.04,1766755849403
6,0.04,1766755849541
6,0.08,1766755849678
6,0.04,1766755849817
6,0.08,1766755849952
6,0.08,1766755850094
6,0.04,1766755850231
6,0.08,1766755850372
6,0.08,1766755850510
6,0.04,1766755850649
6,0.05,1766755850786
6,0.05,1766755850925
6,0.08,1766755851067
6,0.04,1766755851211
6,0.08,1766755851350
6,0.08,1766755851481
6,0.04,1766755851612
6,0.04,1766755851734
6,0.08,1766755851858
6,0.07,1766755851981
6,0.07,1766755852105
6,0.05,1766755852230
6,0.08,1766755852355
6,0.08,1766755852478
6,0.04,1766755852603
6,0.04,1766755852729
6,0.08,1766755852854
6,0.08,1766755852980
6,0.08,1766755853103
6,0.04,1766755853234
6,0.08,1766755853364
6,0.08,1766755853491
6,0.04,1766755853625
6,0.04,1766755853753
6,0.08,1766755853877
6,0.04,1766755854028
6,0.08,1766755854166
6,0.08,1766755854328
6,0.04,1766755854478
6,0.04,1766755854630
6,0.08,1766755854777
6,0.08,1766755854910
6,0.04,1766755855045
6,0.08,1766755855172
6,0.08,1766755855305
6,0.04,1766755855442
6,0.08,1766755855586
6,0.08,1766755855722
6,0.04,1766755855860
6,0.07,1766755855999
6,0.07,1766755856140
6,0.05,1766755856281
6,0.04,1766755856424
6,0.04,1766755856564
6,0.08,1766755856703
6,0.04,1766755856842
6,0.08,1766755856981
6,0.08,1766755857118
6,0.04,1766755857259
6,0.08,1766755857391
6,0.08,1766755857520
6,0.04,1766755857646
6,0.04,1766755857768
6,0.08,1766755857888
6,0.04,1766755858009
6,0.04,1766755858133
6,0.08,1766755858258
6,0.08,1766755858382
6,0.08,1766755858508
6,0.04,1766755858634
6,0.04,1766755858762
6,0.08,1766755858890
6,0.04,1766755859021
6,0.04,1766755859149
6,0.08,1766755859277
6,0.08,1766755859403
6,0.08,1766755859531
6,0.04,1766755859657
6,0.08,1766755859805
6,0.08,1766755859946
6,0.04,1766755860102
6,0.04,1766755860258
6,0.08,1766755860401
6,0.08,1766755860546
6,0.04,1766755860685
6,0.08,1766755860820
6,0.08,1766755860952
6,0.04,1766755861086
6,0.07,1766755861222
6,0.07,1766755861362
6,0.05,1766755861500
6,0.04,1766755861638
6,0.04,1766755861779
6,0.08,1766755861919
6,0.04,1766755862057
6,0.08,1766755862197
6,0.08,1766755862338
6,0.04,1766755862476
6,0.08,1766755862617
6,0.08,1766755862756
6,0.04,1766755862894
6,0.08,1766755863024
6,0.08,1766755863156
6,0.04,1766755863288
6,0.08,1766755863414
6,0.08,1766755863541
6,0.04,1766755863665
6,0.04,1766755863791
6,0.08,1766755863914
6,0.05,1766755864034
6,0.05,1766755864158
6,0.08,1766755864285
6,0.08,1766755864415
6,0.08,1766755864545
6,0.04,1766755864669
6,0.04,1766755864798
6,0.08,1766755864925
6,0.04,1766755865053
6,0.04,1766755865184
6,0.08,1766755865313
6,0.06,1766755865444
6,0.06,1766755865591
6,0.07,1766755865740
6,0.04,1766755865885
6,0.08,1766755866029
6,0.08,1766755866169
6,0.04,1766755866313
6,0.04,1766755866461
6,0.04,1766755866594
6,0.08,1766755866732
6,0.04,1766755866866
6,0.04,1766755867005
6,0.08,1766755867144
6,0.04,1766755867284
6,0.08,1766755867425
6,0.08,1766755867562
6,0.04,1766755867702
6,0.08,1766755867844
6,0.08,1766755867984
6,0.04,1766755868126
6,0.04,1766755868265
6,0.04,1766755868406
6,0.08,1766755868546
6,0.04,1766755868681
6,0.04,1766755868812
6,0.08,1766755868944
6,0.04,1766755869078
6,0.04,1766755869208
6,0.08,1766755869330
6,0.07,1766755869453
6,0.07,1766755869577
6,0.05,1766755869700
6,0.08,1766755869826
6,0.08,1766755869949
6,0.04,1766755870073
6,0.04,1766755870199
6,0.08,1766755870327
6,0.08,1766755870454
6,0.08,1766755870587
6,0.05,1766755870716
6,0.08,1766755870843
6,0.08,1766755870975
6,0.04,1766755871105
6,0.08,1766755871243
6,0.08,1766755871385
6,0.04,1766755871533
6,0.04,1766755871678
6,0.04,1766755871806
6,0.08,1766755871968
6,0.04,1766755872110
6,0.08,1766755872259
6,0.08,1766755872393
6,0.04,1766755872527
6,0.08,1766755872659
6,0.08,1766755872795
6,0.04,1766755872938
6,0.05,1766755873075
6,0.05,1766755873215
6,0.08,1766755873354
