gpu_usage,Context.TRAINING,LoggingItemKind.SYSTEM_METRIC
0,1.0,1766759105015
0,0.98,1766759110319
0,1.0,1766759115471
0,1.0,1766759121259
0,1.0,1766759127060
0,1.0,1766759132863
0,1.0,1766759138650
0,1.0,1766759144471
0,1.0,1766759150281
0,1.0,1766759156116
0,1.0,1766759161943
0,1.0,1766759167780
0,1.0,1766759173608
0,1.0,1766759179448
0,1.0,1766759185291
0,1.0,1766759191136
0,1.0,1766759196988
0,1.0,1766759202848
0,1.0,1766759208694
0,1.0,1766759214555
0,1.0,1766759220423
0,1.0,1766759226290
0,1.0,1766759232153
0,1.0,1766759238018
0,1.0,1766759243888
0,1.0,1766759249758
0,1.0,1766759255633
0,1.0,1766759261513
0,1.0,1766759267399
0,1.0,1766759273275
0,1.0,1766759279147
0,1.0,1766759285038
0,1.0,1766759290911
0,1.0,1766759296792
0,1.0,1766759302675
0,1.0,1766759308556
0,1.0,1766759314438
0,1.0,1766759320324
0,1.0,1766759326211
0,1.0,1766759332102
0,1.0,1766759337983
0,1.0,1766759343870
0,1.0,1766759349753
0,1.0,1766759355640
0,1.0,1766759361536
0,1.0,1766759367424
0,1.0,1766759373305
0,1.0,1766759379182
0,1.0,1766759385075
0,1.0,1766759390960
0,1.0,1766759396840
0,1.0,1766759402723
0,1.0,1766759408614
0,1.0,1766759414496
0,1.0,1766759420376
0,1.0,1766759426256
0,1.0,1766759432139
0,1.0,1766759438026
0,1.0,1766759443913
0,1.0,1766759449804
0,1.0,1766759455691
0,1.0,1766759461580
0,1.0,1766759467465
0,1.0,1766759473352
0,1.0,1766759479252
0,1.0,1766759485142
0,1.0,1766759491034
0,1.0,1766759496924
0,1.0,1766759502817
0,1.0,1766759508713
0,1.0,1766759514595
0,1.0,1766759520479
0,1.0,1766759526378
0,1.0,1766759532272
0,1.0,1766759538171
0,1.0,1766759544059
0,1.0,1766759549960
0,1.0,1766759555847
0,1.0,1766759561740
0,1.0,1766759567627
0,1.0,1766759573520
0,1.0,1766759579418
0,1.0,1766759585314
0,1.0,1766759591204
0,1.0,1766759597089
0,1.0,1766759602987
0,1.0,1766759608875
0,1.0,1766759614755
0,1.0,1766759620645
0,1.0,1766759626527
0,1.0,1766759632413
0,1.0,1766759638308
0,1.0,1766759644194
0,1.0,1766759650089
0,1.0,1766759655980
0,1.0,1766759661866
0,1.0,1766759667748
0,1.0,1766759673634
0,1.0,1766759679528
0,1.0,1766759685422
0,1.0,1766759691305
0,1.0,1766759697194
0,1.0,1766759703080
0,1.0,1766759708982
0,1.0,1766759714874
0,1.0,1766759720764
0,1.0,1766759726654
0,1.0,1766759732561
0,1.0,1766759738454
0,1.0,1766759744341
0,1.0,1766759750231
0,1.0,1766759756116
0,1.0,1766759762003
0,1.0,1766759767889
0,1.0,1766759773777
0,1.0,1766759779664
0,1.0,1766759785553
0,1.0,1766759791445
0,1.0,1766759797341
0,1.0,1766759803225
0,1.0,1766759809112
0,1.0,1766759814996
0,1.0,1766759820886
0,1.0,1766759826779
0,1.0,1766759832670
0,1.0,1766759838551
0,1.0,1766759844438
0,1.0,1766759850321
0,1.0,1766759856206
0,1.0,1766759862093
0,1.0,1766759867982
0,1.0,1766759873865
0,1.0,1766759879750
0,1.0,1766759885650
0,1.0,1766759891543
0,1.0,1766759897436
0,1.0,1766759903320
0,1.0,1766759909217
0,1.0,1766759915108
0,1.0,1766759921004
0,1.0,1766759926891
0,1.0,1766759932778
0,1.0,1766759938666
0,1.0,1766759944558
0,1.0,1766759950471
0,1.0,1766759956362
0,1.0,1766759962255
0,1.0,1766759968154
0,1.0,1766759974049
0,1.0,1766759979951
0,1.0,1766759985846
0,1.0,1766759991740
0,1.0,1766759997635
0,1.0,1766760003523
0,1.0,1766760009418
0,1.0,1766760015318
0,1.0,1766760021204
0,1.0,1766760027104
0,1.0,1766760032983
0,1.0,1766760038878
0,1.0,1766760044774
0,1.0,1766760050657
0,1.0,1766760056549
0,1.0,1766760062441
0,1.0,1766760068335
0,1.0,1766760074232
0,1.0,1766760080122
0,1.0,1766760086021
0,1.0,1766760091913
0,1.0,1766760097801
0,1.0,1766760103681
0,1.0,1766760109573
0,1.0,1766760115459
0,1.0,1766760121344
0,1.0,1766760127237
0,1.0,1766760133140
0,1.0,1766760139016
0,1.0,1766760144911
0,1.0,1766760150804
0,1.0,1766760156707
0,1.0,1766760162594
0,1.0,1766760168489
0,1.0,1766760174385
0,1.0,1766760180281
0,1.0,1766760186167
0,1.0,1766760192064
0,1.0,1766760197969
0,1.0,1766760203869
0,1.0,1766760209760
0,1.0,1766760215649
0,1.0,1766760221541
0,1.0,1766760227435
0,1.0,1766760233333
0,1.0,1766760239228
0,1.0,1766760245123
0,1.0,1766760251011
0,1.0,1766760256903
0,1.0,1766760262797
0,1.0,1766760268685
0,1.0,1766760274583
0,1.0,1766760280476
0,1.0,1766760286372
0,1.0,1766760292267
0,1.0,1766760298155
0,1.0,1766760304052
0,1.0,1766760309946
0,1.0,1766760315840
0,1.0,1766760321732
0,1.0,1766760327634
0,1.0,1766760333534
0,1.0,1766760339431
0,1.0,1766760345321
0,1.0,1766760351213
0,1.0,1766760357113
0,1.0,1766760363013
0,1.0,1766760368911
0,1.0,1766760374811
0,1.0,1766760380694
0,1.0,1766760386590
0,1.0,1766760392493
0,1.0,1766760398388
0,1.0,1766760404279
0,1.0,1766760410185
0,1.0,1766760416087
0,1.0,1766760421971
0,1.0,1766760427870
0,1.0,1766760433767
0,1.0,1766760439657
0,1.0,1766760445550
0,1.0,1766760451443
0,1.0,1766760457331
0,1.0,1766760463230
0,1.0,1766760469129
0,1.0,1766760475017
0,1.0,1766760480914
0,1.0,1766760486792
0,1.0,1766760492679
0,1.0,1766760498569
0,1.0,1766760504472
0,1.0,1766760510366
0,1.0,1766760516260
0,1.0,1766760522148
0,1.0,1766760528049
0,1.0,1766760533933
0,1.0,1766760539825
0,1.0,1766760545730
0,1.0,1766760551630
0,1.0,1766760557527
0,1.0,1766760563422
0,1.0,1766760569322
0,1.0,1766760575221
0,1.0,1766760581115
0,1.0,1766760587015
0,1.0,1766760592911
0,1.0,1766760598802
0,1.0,1766760604698
0,1.0,1766760610598
0,1.0,1766760616494
0,1.0,1766760622385
0,1.0,1766760628279
0,1.0,1766760634184
0,1.0,1766760640082
0,1.0,1766760645979
0,1.0,1766760651871
0,1.0,1766760657767
0,1.0,1766760663652
0,1.0,1766760669557
0,1.0,1766760675445
0,1.0,1766760681331
0,1.0,1766760687224
0,1.0,1766760693127
0,1.0,1766760699010
0,1.0,1766760704915
0,1.0,1766760710797
0,1.0,1766760716680
0,1.0,1766760722569
0,1.0,1766760728459
0,1.0,1766760734356
0,1.0,1766760740258
0,1.0,1766760746140
0,1.0,1766760752027
0,1.0,1766760757928
0,1.0,1766760763813
0,1.0,1766760769705
0,1.0,1766760775599
0,1.0,1766760781498
0,1.0,1766760787390
0,1.0,1766760793293
0,1.0,1766760799189
0,1.0,1766760805074
0,1.0,1766760810974
0,1.0,1766760816869
0,1.0,1766760822755
0,1.0,1766760828655
0,1.0,1766760834539
0,1.0,1766760840429
0,1.0,1766760846330
0,1.0,1766760852219
0,1.0,1766760858104
0,1.0,1766760863992
0,1.0,1766760869890
0,1.0,1766760875778
0,1.0,1766760881674
0,1.0,1766760887571
0,1.0,1766760893453
0,1.0,1766760899341
0,1.0,1766760905228
0,1.0,1766760911117
0,1.0,1766760917014
0,1.0,1766760922902
0,1.0,1766760928791
0,1.0,1766760934682
0,1.0,1766760940582
0,1.0,1766760946476
0,1.0,1766760952372
0,1.0,1766760958265
0,1.0,1766760964162
0,1.0,1766760970055
0,1.0,1766760975952
0,1.0,1766760981839
0,1.0,1766760987727
0,1.0,1766760993616
0,1.0,1766760999509
0,1.0,1766761005401
0,1.0,1766761011292
0,1.0,1766761017179
0,1.0,1766761023073
0,1.0,1766761028967
0,1.0,1766761034862
0,1.0,1766761040747
0,1.0,1766761046638
0,1.0,1766761052524
0,1.0,1766761058414
0,1.0,1766761064309
0,1.0,1766761070189
0,1.0,1766761076078
0,1.0,1766761081972
0,1.0,1766761087855
0,1.0,1766761093743
0,1.0,1766761099637
0,1.0,1766761105536
0,1.0,1766761111425
0,1.0,1766761117319
0,1.0,1766761123215
0,1.0,1766761129111
0,1.0,1766761134998
0,1.0,1766761140889
0,1.0,1766761146777
0,1.0,1766761152668
0,1.0,1766761158555
0,1.0,1766761164446
0,1.0,1766761170339
0,1.0,1766761176246
0,1.0,1766761182129
0,1.0,1766761188029
0,1.0,1766761193927
0,1.0,1766761199819
0,1.0,1766761205721
0,1.0,1766761211620
0,1.0,1766761217517
0,1.0,1766761223416
0,1.0,1766761229309
0,1.0,1766761235198
0,1.0,1766761241090
0,1.0,1766761246984
0,1.0,1766761252879
0,1.0,1766761258783
0,1.0,1766761264682
0,1.0,1766761270576
0,1.0,1766761276469
0,1.0,1766761282371
0,1.0,1766761288262
0,1.0,1766761294153
0,1.0,1766761300042
0,1.0,1766761305932
0,1.0,1766761311825
0,1.0,1766761317705
0,1.0,1766761323593
0,1.0,1766761329490
0,1.0,1766761335382
0,1.0,1766761341278
0,1.0,1766761347169
0,1.0,1766761353063
0,1.0,1766761358945
0,1.0,1766761364840
0,1.0,1766761370724
0,1.0,1766761376629
0,1.0,1766761382530
0,1.0,1766761388432
0,1.0,1766761394312
0,1.0,1766761400206
0,1.0,1766761406095
0,1.0,1766761411999
0,1.0,1766761417893
0,1.0,1766761423790
0,1.0,1766761429699
0,1.0,1766761435593
0,1.0,1766761441494
0,1.0,1766761447388
0,1.0,1766761453281
0,1.0,1766761459170
0,1.0,1766761465070
0,1.0,1766761470962
0,1.0,1766761476855
0,1.0,1766761482745
0,1.0,1766761488642
0,1.0,1766761494540
0,1.0,1766761500428
0,1.0,1766761506312
0,1.0,1766761512207
0,1.0,1766761518101
0,1.0,1766761523999
0,1.0,1766761529885
0,1.0,1766761535775
0,1.0,1766761541663
0,1.0,1766761547563
0,1.0,1766761553442
0,1.0,1766761559339
0,1.0,1766761565235
0,1.0,1766761571146
0,1.0,1766761577043
0,1.0,1766761582941
0,1.0,1766761588841
0,1.0,1766761594729
0,1.0,1766761600631
0,1.0,1766761606527
0,1.0,1766761612431
0,1.0,1766761618322
0,1.0,1766761624229
0,1.0,1766761630123
0,1.0,1766761636014
0,1.0,1766761641907
0,1.0,1766761647793
0,1.0,1766761653680
0,1.0,1766761659580
0,1.0,1766761665479
0,1.0,1766761671380
0,1.0,1766761677278
0,1.0,1766761683171
0,1.0,1766761689069
0,1.0,1766761694972
0,1.0,1766761700864
0,1.0,1766761706763
0,1.0,1766761712659
0,1.0,1766761718542
0,1.0,1766761724437
0,1.0,1766761730332
0,1.0,1766761736228
0,1.0,1766761742119
0,1.0,1766761748012
0,1.0,1766761753910
0,1.0,1766761759804
0,1.0,1766761765695
0,1.0,1766761771586
0,1.0,1766761777469
0,1.0,1766761783359
0,1.0,1766761789240
0,1.0,1766761795131
0,1.0,1766761801026
0,1.0,1766761806916
0,1.0,1766761812801
0,1.0,1766761818690
0,1.0,1766761824582
0,1.0,1766761830464
0,1.0,1766761836355
0,1.0,1766761842245
0,1.0,1766761848128
0,1.0,1766761854012
0,1.0,1766761859910
0,1.0,1766761865802
0,1.0,1766761871697
0,1.0,1766761877591
0,1.0,1766761883474
0,1.0,1766761889370
0,1.0,1766761895263
0,1.0,1766761901172
0,1.0,1766761907064
0,1.0,1766761912952
0,1.0,1766761918852
0,1.0,1766761924745
0,1.0,1766761930629
0,1.0,1766761936520
0,1.0,1766761942417
0,1.0,1766761948309
0,1.0,1766761954199
0,1.0,1766761960087
0,1.0,1766761965964
0,1.0,1766761971858
0,1.0,1766761977763
0,1.0,1766761983667
0,1.0,1766761989576
0,1.0,1766761995464
0,1.0,1766762001352
0,1.0,1766762007243
0,1.0,1766762013135
0,1.0,1766762019026
0,1.0,1766762024924
0,1.0,1766762030820
0,1.0,1766762036714
0,1.0,1766762042597
0,1.0,1766762048486
0,1.0,1766762054372
0,1.0,1766762060265
0,1.0,1766762066168
0,1.0,1766762072060
0,1.0,1766762077957
0,1.0,1766762083848
0,1.0,1766762089734
0,1.0,1766762095622
0,1.0,1766762101526
0,1.0,1766762107424
0,1.0,1766762113314
0,1.0,1766762119210
0,1.0,1766762125097
0,1.0,1766762130989
0,1.0,1766762136879
0,1.0,1766762142777
0,1.0,1766762148664
0,1.0,1766762154554
0,1.0,1766762160449
0,1.0,1766762166351
0,1.0,1766762172248
0,1.0,1766762178133
0,1.0,1766762184025
0,1.0,1766762189919
0,1.0,1766762195815
0,1.0,1766762201699
0,1.0,1766762207586
0,1.0,1766762213480
0,1.0,1766762219371
0,1.0,1766762225256
0,1.0,1766762231165
0,1.0,1766762237060
0,1.0,1766762242955
0,1.0,1766762248853
0,1.0,1766762254757
0,1.0,1766762260650
0,1.0,1766762266544
0,1.0,1766762272428
0,1.0,1766762278320
0,1.0,1766762284213
0,1.0,1766762290100
0,1.0,1766762296005
0,1.0,1766762301891
0,1.0,1766762307784
0,1.0,1766762313675
0,1.0,1766762319571
0,1.0,1766762325469
0,1.0,1766762331360
0,1.0,1766762337245
0,1.0,1766762343138
0,1.0,1766762349020
0,1.0,1766762354914
0,1.0,1766762360798
0,1.0,1766762366681
0,1.0,1766762372565
0,1.0,1766762378450
0,1.0,1766762384345
0,1.0,1766762390235
0,1.0,1766762396130
0,1.0,1766762402014
0,1.0,1766762407900
0,1.0,1766762413792
0,1.0,1766762419679
0,1.0,1766762425571
0,1.0,1766762431460
0,1.0,1766762437359
0,1.0,1766762443249
0,1.0,1766762449141
0,1.0,1766762455034
0,1.0,1766762460926
0,1.0,1766762466820
0,1.0,1766762472717
0,1.0,1766762478621
0,1.0,1766762484510
0,1.0,1766762490412
0,1.0,1766762496305
0,1.0,1766762502186
0,1.0,1766762508071
0,1.0,1766762513959
0,1.0,1766762519854
0,1.0,1766762525753
0,1.0,1766762531642
0,1.0,1766762537526
0,1.0,1766762543414
0,1.0,1766762549309
0,1.0,1766762555202
0,1.0,1766762561095
0,1.0,1766762566990
0,1.0,1766762572882
0,1.0,1766762578773
0,1.0,1766762584667
0,1.0,1766762590560
0,1.0,1766762596448
0,1.0,1766762602331
0,1.0,1766762608221
0,1.0,1766762614108
0,1.0,1766762619997
0,1.0,1766762625888
0,1.0,1766762631790
0,1.0,1766762637689
0,1.0,1766762643575
0,1.0,1766762649471
0,1.0,1766762655361
0,1.0,1766762661252
0,1.0,1766762667135
0,1.0,1766762673026
0,1.0,1766762678913
0,1.0,1766762684793
0,1.0,1766762690690
0,1.0,1766762696579
0,1.0,1766762702468
0,1.0,1766762708361
0,1.0,1766762714248
0,1.0,1766762720134
0,1.0,1766762726021
0,1.0,1766762731910
0,1.0,1766762737793
0,1.0,1766762743693
0,1.0,1766762749577
0,1.0,1766762755462
0,1.0,1766762761346
0,1.0,1766762767240
0,1.0,1766762773119
0,1.0,1766762779007
0,1.0,1766762784893
0,1.0,1766762790777
0,1.0,1766762796674
0,1.0,1766762802559
0,1.0,1766762808436
0,1.0,1766762814315
0,1.0,1766762820204
0,1.0,1766762826082
0,1.0,1766762831964
0,1.0,1766762837859
0,1.0,1766762843750
0,1.0,1766762849628
0,1.0,1766762855516
0,1.0,1766762861398
0,1.0,1766762867278
0,1.0,1766762873165
0,1.0,1766762879046
0,1.0,1766762884942
0,1.0,1766762890824
0,1.0,1766762896705
0,1.0,1766762902597
0,1.0,1766762908479
0,1.0,1766762914362
0,1.0,1766762920245
0,1.0,1766762926130
0,1.0,1766762932013
0,1.0,1766762937898
0,1.0,1766762943784
0,1.0,1766762949673
0,1.0,1766762955563
0,1.0,1766762961441
0,1.0,1766762967319
0,1.0,1766762973204
0,1.0,1766762979092
0,1.0,1766762984994
0,1.0,1766762990881
0,1.0,1766762996765
0,1.0,1766763002659
0,1.0,1766763008551
0,1.0,1766763014450
0,1.0,1766763020339
0,1.0,1766763026220
0,1.0,1766763032100
0,1.0,1766763037991
0,1.0,1766763043882
0,1.0,1766763049770
0,1.0,1766763055655
0,1.0,1766763061538
0,1.0,1766763067418
0,1.0,1766763073305
0,1.0,1766763079197
0,1.0,1766763085088
0,1.0,1766763090974
0,1.0,1766763096866
0,1.0,1766763102751
0,1.0,1766763108645
0,1.0,1766763114541
0,1.0,1766763120419
0,1.0,1766763126298
0,1.0,1766763132181
0,1.0,1766763138073
0,1.0,1766763143966
0,1.0,1766763149860
0,1.0,1766763155752
0,1.0,1766763161648
0,1.0,1766763167530
0,1.0,1766763173415
0,1.0,1766763179299
0,1.0,1766763185188
0,1.0,1766763191070
0,1.0,1766763196961
0,1.0,1766763202849
0,1.0,1766763208741
0,1.0,1766763214627
0,1.0,1766763220523
0,1.0,1766763226406
0,1.0,1766763232284
0,1.0,1766763238173
0,1.0,1766763244061
0,1.0,1766763249956
0,1.0,1766763255845
0,1.0,1766763261736
0,1.0,1766763267631
0,1.0,1766763273516
0,1.0,1766763279395
0,1.0,1766763285288
0,1.0,1766763291176
0,1.0,1766763297047
0,1.0,1766763302924
0,1.0,1766763308814
0,1.0,1766763314704
0,1.0,1766763320585
0,1.0,1766763326464
0,1.0,1766763332346
0,1.0,1766763338226
0,1.0,1766763344109
0,1.0,1766763350003
0,1.0,1766763355884
0,1.0,1766763361777
0,1.0,1766763367660
0,1.0,1766763373543
0,1.0,1766763379445
0,1.0,1766763385331
0,1.0,1766763391215
0,1.0,1766763397106
0,1.0,1766763402998
0,1.0,1766763408883
0,1.0,1766763414776
0,1.0,1766763420670
0,1.0,1766763426554
0,1.0,1766763432449
0,1.0,1766763438340
0,1.0,1766763444232
0,1.0,1766763450120
0,1.0,1766763456001
0,1.0,1766763461900
0,1.0,1766763467789
0,1.0,1766763473678
0,1.0,1766763479566
0,1.0,1766763485462
0,1.0,1766763491355
0,1.0,1766763497238
0,1.0,1766763503133
0,1.0,1766763509030
0,1.0,1766763514913
0,1.0,1766763520802
0,1.0,1766763526683
0,1.0,1766763532567
0,1.0,1766763538464
0,1.0,1766763544350
0,1.0,1766763550235
0,1.0,1766763556123
0,1.0,1766763562004
0,1.0,1766763567891
0,1.0,1766763573779
0,1.0,1766763579659
0,1.0,1766763585545
0,1.0,1766763591440
0,1.0,1766763597341
0,1.0,1766763603220
0,1.0,1766763609105
0,1.0,1766763614988
0,1.0,1766763620880
0,1.0,1766763626761
0,1.0,1766763632659
0,1.0,1766763638551
0,1.0,1766763644438
0,1.0,1766763650323
0,1.0,1766763656209
0,1.0,1766763662094
0,1.0,1766763667972
0,1.0,1766763673853
0,1.0,1766763679743
0,1.0,1766763685629
0,1.0,1766763691514
0,1.0,1766763697405
0,1.0,1766763703310
0,1.0,1766763709197
0,1.0,1766763715088
0,1.0,1766763720975
0,1.0,1766763726855
0,1.0,1766763732741
0,1.0,1766763738631
0,1.0,1766763744512
0,1.0,1766763750399
0,1.0,1766763756290
0,1.0,1766763762168
0,1.0,1766763768053
0,1.0,1766763773943
0,1.0,1766763779833
0,1.0,1766763785727
0,1.0,1766763791607
0,1.0,1766763797475
0,1.0,1766763803359
0,1.0,1766763809245
0,1.0,1766763815123
0,1.0,1766763821016
0,1.0,1766763826901
0,1.0,1766763832797
0,1.0,1766763838687
0,1.0,1766763844570
0,1.0,1766763850455
0,1.0,1766763856342
0,1.0,1766763862232
0,1.0,1766763868125
0,1.0,1766763874005
0,1.0,1766763879887
0,1.0,1766763885767
0,1.0,1766763891639
0,1.0,1766763897526
0,1.0,1766763903416
0,1.0,1766763909302
0,1.0,1766763915186
0,1.0,1766763921075
0,1.0,1766763926969
0,1.0,1766763932852
0,1.0,1766763938739
0,1.0,1766763944626
0,1.0,1766763950510
0,1.0,1766763956404
0,1.0,1766763962301
0,1.0,1766763968198
0,1.0,1766763974080
0,1.0,1766763979958
0,1.0,1766763985843
0,1.0,1766763991735
0,1.0,1766763997638
0,1.0,1766764003525
0,1.0,1766764009423
0,1.0,1766764015309
0,1.0,1766764021208
0,1.0,1766764027090
0,1.0,1766764032975
0,1.0,1766764038860
0,1.0,1766764044744
0,1.0,1766764050630
0,1.0,1766764056515
0,1.0,1766764062401
0,1.0,1766764068298
0,1.0,1766764074179
0,1.0,1766764080066
0,1.0,1766764085963
0,1.0,1766764091857
0,1.0,1766764097742
0,1.0,1766764103632
0,1.0,1766764109529
0,1.0,1766764115417
0,1.0,1766764121300
0,1.0,1766764127190
0,1.0,1766764133073
0,1.0,1766764138968
0,1.0,1766764144859
0,1.0,1766764150760
0,1.0,1766764156653
0,1.0,1766764162551
0,1.0,1766764168453
0,1.0,1766764174347
0,1.0,1766764180241
0,1.0,1766764186128
0,1.0,1766764192012
0,1.0,1766764197902
0,1.0,1766764203797
0,1.0,1766764209689
0,1.0,1766764215580
0,1.0,1766764221460
0,1.0,1766764227344
0,1.0,1766764233235
0,1.0,1766764239117
0,1.0,1766764245012
0,1.0,1766764250899
0,1.0,1766764256786
0,1.0,1766764262683
0,1.0,1766764268567
0,1.0,1766764274449
0,1.0,1766764280346
0,1.0,1766764286225
0,1.0,1766764292117
0,1.0,1766764297999
0,1.0,1766764303899
0,1.0,1766764309788
0,1.0,1766764315675
0,1.0,1766764321567
0,1.0,1766764327448
0,1.0,1766764333329
0,1.0,1766764339217
0,1.0,1766764345119
0,1.0,1766764350999
0,1.0,1766764356876
0,1.0,1766764362774
0,1.0,1766764368656
0,1.0,1766764374549
0,1.0,1766764380437
0,1.0,1766764386329
0,1.0,1766764392215
0,1.0,1766764398113
0,1.0,1766764403995
0,1.0,1766764409882
0,1.0,1766764415760
0,1.0,1766764421655
0,1.0,1766764427535
0,1.0,1766764433425
0,1.0,1766764439314
0,1.0,1766764445198
0,1.0,1766764451079
0,1.0,1766764456960
0,1.0,1766764462849
0,1.0,1766764468727
0,1.0,1766764474621
0,1.0,1766764480512
0,1.0,1766764486392
0,1.0,1766764492268
0,1.0,1766764498154
0,1.0,1766764504045
0,1.0,1766764509937
0,1.0,1766764515833
0,1.0,1766764521732
0,1.0,1766764527622
0,1.0,1766764533516
0,1.0,1766764539418
0,1.0,1766764545305
0,1.0,1766764551198
0,1.0,1766764557092
0,1.0,1766764562988
0,1.0,1766764568881
0,1.0,1766764574771
0,1.0,1766764580674
0,1.0,1766764586556
0,1.0,1766764592447
0,1.0,1766764598339
0,1.0,1766764604223
0,1.0,1766764610110
0,1.0,1766764616005
0,1.0,1766764621898
1,1.0,1766764625083
1,1.0,1766764630964
1,1.0,1766764636849
1,1.0,1766764642732
1,1.0,1766764648617
1,1.0,1766764654500
1,1.0,1766764660386
1,1.0,1766764666287
1,1.0,1766764672174
1,1.0,1766764678062
1,1.0,1766764683953
1,1.0,1766764689840
1,1.0,1766764695736
1,1.0,1766764701626
1,1.0,1766764707526
1,1.0,1766764713424
1,1.0,1766764719310
1,1.0,1766764725202
1,1.0,1766764731080
1,1.0,1766764736970
1,1.0,1766764742861
1,1.0,1766764748755
1,1.0,1766764754652
1,1.0,1766764760546
1,1.0,1766764766443
1,1.0,1766764772340
1,1.0,1766764778223
1,1.0,1766764784094
1,1.0,1766764789982
1,1.0,1766764795875
1,1.0,1766764801760
1,1.0,1766764807650
1,1.0,1766764813536
1,1.0,1766764819427
1,1.0,1766764825319
1,1.0,1766764831208
1,1.0,1766764837091
1,1.0,1766764842977
1,1.0,1766764848871
1,1.0,1766764854753
1,1.0,1766764860647
1,1.0,1766764866541
1,1.0,1766764872438
1,1.0,1766764878333
1,1.0,1766764884229
1,1.0,1766764890113
1,1.0,1766764896001
1,1.0,1766764901891
1,1.0,1766764907781
1,1.0,1766764913677
1,1.0,1766764919565
1,1.0,1766764925460
1,1.0,1766764931355
1,1.0,1766764937255
1,1.0,1766764943147
1,1.0,1766764949021
1,1.0,1766764954910
1,1.0,1766764960809
1,1.0,1766764966698
1,1.0,1766764972595
1,1.0,1766764978484
1,1.0,1766764984376
1,1.0,1766764990259
1,1.0,1766764996136
1,1.0,1766765002030
1,1.0,1766765007918
1,1.0,1766765013804
1,1.0,1766765019684
1,1.0,1766765025577
1,1.0,1766765031460
1,1.0,1766765037346
1,1.0,1766765043229
1,1.0,1766765049112
1,1.0,1766765055005
1,1.0,1766765060895
1,1.0,1766765066788
1,1.0,1766765072673
1,1.0,1766765078562
1,1.0,1766765084446
1,1.0,1766765090331
1,1.0,1766765096213
1,1.0,1766765102104
1,1.0,1766765107998
1,1.0,1766765113889
1,1.0,1766765119776
1,1.0,1766765125667
1,1.0,1766765131560
1,1.0,1766765137447
1,1.0,1766765143338
1,1.0,1766765149226
1,1.0,1766765155127
1,1.0,1766765161026
1,1.0,1766765166916
1,1.0,1766765172810
1,1.0,1766765178711
1,1.0,1766765184617
1,1.0,1766765190505
1,1.0,1766765196400
1,1.0,1766765202291
1,1.0,1766765208186
1,1.0,1766765214081
1,1.0,1766765219988
1,1.0,1766765225894
1,1.0,1766765231792
1,1.0,1766765237692
1,1.0,1766765243604
1,1.0,1766765249508
1,1.0,1766765255393
1,1.0,1766765261294
1,1.0,1766765267197
1,1.0,1766765273094
1,1.0,1766765278988
1,1.0,1766765284885
1,1.0,1766765290782
1,1.0,1766765296690
1,1.0,1766765302587
1,1.0,1766765308488
1,1.0,1766765314379
1,1.0,1766765320277
1,1.0,1766765326175
1,1.0,1766765332079
1,1.0,1766765337985
1,1.0,1766765343885
1,1.0,1766765349789
1,1.0,1766765355690
1,1.0,1766765361588
1,1.0,1766765367482
1,1.0,1766765373382
1,1.0,1766765379286
1,1.0,1766765385178
1,1.0,1766765391076
1,1.0,1766765396981
1,1.0,1766765402887
1,1.0,1766765408783
1,1.0,1766765414674
1,1.0,1766765420569
1,1.0,1766765426462
1,1.0,1766765432365
1,1.0,1766765438252
1,1.0,1766765444152
1,1.0,1766765450049
1,1.0,1766765455945
1,1.0,1766765461833
1,1.0,1766765467721
1,1.0,1766765473613
1,1.0,1766765479507
1,1.0,1766765485407
1,1.0,1766765491306
1,1.0,1766765497199
1,1.0,1766765503094
1,1.0,1766765508993
1,1.0,1766765514894
1,1.0,1766765520790
1,1.0,1766765526688
1,1.0,1766765532585
1,1.0,1766765538495
1,1.0,1766765544394
1,1.0,1766765550292
1,1.0,1766765556189
1,1.0,1766765562083
1,1.0,1766765567988
1,1.0,1766765573886
1,1.0,1766765579767
1,1.0,1766765585658
1,1.0,1766765591569
1,1.0,1766765597453
1,1.0,1766765603356
1,1.0,1766765609253
1,1.0,1766765615149
1,1.0,1766765621044
1,1.0,1766765626934
1,1.0,1766765632839
1,1.0,1766765638730
1,1.0,1766765644618
1,1.0,1766765650511
1,1.0,1766765656407
1,1.0,1766765662300
1,1.0,1766765668209
1,1.0,1766765674098
1,1.0,1766765679990
1,1.0,1766765685894
1,1.0,1766765691788
1,1.0,1766765697678
1,1.0,1766765703574
1,1.0,1766765709468
1,1.0,1766765715358
1,1.0,1766765721255
1,1.0,1766765727146
1,1.0,1766765733034
1,1.0,1766765738925
1,1.0,1766765744827
1,1.0,1766765750720
1,1.0,1766765756615
1,1.0,1766765762518
1,1.0,1766765768415
1,1.0,1766765774315
1,1.0,1766765780208
1,1.0,1766765786107
1,1.0,1766765792001
1,1.0,1766765797883
1,1.0,1766765803788
1,1.0,1766765809683
1,1.0,1766765815573
1,1.0,1766765821467
1,1.0,1766765827362
1,1.0,1766765833242
1,1.0,1766765839132
1,1.0,1766765845029
1,1.0,1766765850911
1,1.0,1766765856796
1,1.0,1766765862698
1,1.0,1766765868590
1,1.0,1766765874471
1,1.0,1766765880361
1,1.0,1766765886240
1,1.0,1766765892116
1,1.0,1766765897996
1,1.0,1766765903877
1,1.0,1766765909764
1,1.0,1766765915642
1,1.0,1766765921532
1,1.0,1766765927414
1,1.0,1766765933285
1,1.0,1766765939164
1,1.0,1766765945035
1,1.0,1766765950916
1,1.0,1766765956796
1,1.0,1766765962668
1,1.0,1766765968547
1,1.0,1766765974415
1,1.0,1766765980292
1,1.0,1766765986164
1,1.0,1766765992035
1,1.0,1766765997912
1,1.0,1766766003790
1,1.0,1766766009679
1,1.0,1766766015554
1,1.0,1766766021423
1,1.0,1766766027302
1,1.0,1766766033176
1,1.0,1766766039049
1,1.0,1766766044931
1,1.0,1766766050812
1,1.0,1766766056697
1,1.0,1766766062585
1,1.0,1766766068450
1,1.0,1766766074336
1,1.0,1766766080217
1,1.0,1766766086087
1,1.0,1766766091954
1,1.0,1766766097838
1,1.0,1766766103704
1,1.0,1766766109568
1,1.0,1766766115441
1,1.0,1766766121314
1,1.0,1766766127184
1,1.0,1766766133061
1,1.0,1766766138936
1,1.0,1766766144809
1,1.0,1766766150691
1,1.0,1766766156569
1,1.0,1766766162445
1,1.0,1766766168316
1,1.0,1766766174194
1,1.0,1766766180072
1,1.0,1766766185950
1,1.0,1766766191830
1,1.0,1766766197700
1,1.0,1766766203581
1,1.0,1766766209445
1,1.0,1766766215315
1,1.0,1766766221180
1,1.0,1766766227047
1,1.0,1766766232935
1,1.0,1766766238805
1,1.0,1766766244672
1,1.0,1766766250549
1,1.0,1766766256425
1,1.0,1766766262297
1,1.0,1766766268176
1,1.0,1766766274039
1,1.0,1766766279909
1,1.0,1766766285775
1,1.0,1766766291657
1,1.0,1766766297532
1,1.0,1766766303393
1,1.0,1766766309263
1,1.0,1766766315130
1,1.0,1766766321001
1,1.0,1766766326854
1,1.0,1766766332711
1,1.0,1766766338577
1,1.0,1766766344435
1,1.0,1766766350293
1,1.0,1766766356157
1,1.0,1766766362030
1,1.0,1766766367900
1,1.0,1766766373771
1,1.0,1766766379641
1,1.0,1766766385503
1,1.0,1766766391359
1,1.0,1766766397222
1,1.0,1766766403083
1,1.0,1766766408950
1,1.0,1766766414826
1,1.0,1766766420687
1,1.0,1766766426575
1,1.0,1766766432442
1,1.0,1766766438320
1,1.0,1766766444184
1,1.0,1766766450056
1,1.0,1766766455911
1,1.0,1766766461770
1,1.0,1766766467639
1,1.0,1766766473517
1,1.0,1766766479377
1,1.0,1766766485251
1,1.0,1766766491104
1,1.0,1766766496976
1,1.0,1766766502846
1,1.0,1766766508719
1,1.0,1766766514587
1,1.0,1766766520461
1,1.0,1766766526327
1,1.0,1766766532200
1,1.0,1766766538065
1,1.0,1766766543933
1,1.0,1766766549811
1,1.0,1766766555662
1,1.0,1766766561522
1,1.0,1766766567389
1,1.0,1766766573257
1,1.0,1766766579121
1,1.0,1766766584990
1,1.0,1766766590859
1,1.0,1766766596733
1,1.0,1766766602603
1,1.0,1766766608470
1,1.0,1766766614337
1,1.0,1766766620210
1,1.0,1766766626076
1,1.0,1766766631949
1,1.0,1766766637822
1,1.0,1766766643686
1,1.0,1766766649557
1,1.0,1766766655429
1,1.0,1766766661296
1,1.0,1766766667172
1,1.0,1766766673040
1,1.0,1766766678903
1,1.0,1766766684774
1,1.0,1766766690639
1,1.0,1766766696506
1,1.0,1766766702384
1,1.0,1766766708249
1,1.0,1766766714112
1,1.0,1766766719977
1,1.0,1766766725845
1,1.0,1766766731707
1,1.0,1766766737586
1,1.0,1766766743460
1,1.0,1766766749331
1,1.0,1766766755188
1,1.0,1766766761049
1,1.0,1766766766923
1,1.0,1766766772796
1,1.0,1766766778665
1,1.0,1766766784541
1,1.0,1766766790402
1,1.0,1766766796258
1,1.0,1766766802117
1,1.0,1766766807990
1,1.0,1766766813854
1,1.0,1766766819720
1,1.0,1766766825600
1,1.0,1766766831469
1,1.0,1766766837342
1,1.0,1766766843206
1,1.0,1766766849084
1,1.0,1766766854974
1,1.0,1766766860852
1,1.0,1766766866720
1,1.0,1766766872594
1,1.0,1766766878458
1,1.0,1766766884332
1,1.0,1766766890199
1,1.0,1766766896073
1,1.0,1766766901939
1,1.0,1766766907806
1,1.0,1766766913680
1,1.0,1766766919548
1,1.0,1766766925431
1,1.0,1766766931309
1,1.0,1766766937176
1,1.0,1766766943049
1,1.0,1766766948923
1,1.0,1766766954794
1,1.0,1766766960670
1,1.0,1766766966548
1,1.0,1766766972414
1,1.0,1766766978282
1,1.0,1766766984153
1,1.0,1766766990033
1,1.0,1766766995894
1,1.0,1766767001772
1,1.0,1766767007639
1,1.0,1766767013503
1,1.0,1766767019379
1,1.0,1766767025260
1,1.0,1766767031131
1,1.0,1766767037008
1,1.0,1766767042891
1,1.0,1766767048770
1,1.0,1766767054650
1,1.0,1766767060519
1,1.0,1766767066391
1,1.0,1766767072256
1,1.0,1766767078147
1,1.0,1766767084023
1,1.0,1766767089895
1,1.0,1766767095779
1,1.0,1766767101652
1,1.0,1766767107513
1,1.0,1766767113382
1,1.0,1766767119254
1,1.0,1766767125124
1,1.0,1766767131016
1,1.0,1766767136882
1,1.0,1766767142749
1,1.0,1766767148627
1,1.0,1766767154491
1,1.0,1766767160358
1,1.0,1766767166224
1,1.0,1766767172091
1,1.0,1766767177967
1,1.0,1766767183837
1,1.0,1766767189725
1,1.0,1766767195588
1,1.0,1766767201462
1,1.0,1766767207330
1,1.0,1766767213199
1,1.0,1766767219084
1,1.0,1766767224972
1,1.0,1766767230851
1,1.0,1766767236730
1,1.0,1766767242599
1,1.0,1766767248470
1,1.0,1766767254334
1,1.0,1766767260208
1,1.0,1766767266086
1,1.0,1766767271954
1,1.0,1766767277834
1,1.0,1766767283696
1,1.0,1766767289570
1,1.0,1766767295434
1,1.0,1766767301298
1,1.0,1766767307169
1,1.0,1766767313038
1,1.0,1766767318911
1,1.0,1766767324781
1,1.0,1766767330650
1,1.0,1766767336521
1,1.0,1766767342379
1,1.0,1766767348249
1,1.0,1766767354125
1,1.0,1766767359985
1,1.0,1766767365853
1,1.0,1766767371715
1,1.0,1766767377577
1,1.0,1766767383439
1,1.0,1766767389303
1,1.0,1766767395182
1,1.0,1766767401060
1,1.0,1766767406921
1,1.0,1766767412788
1,1.0,1766767418651
1,1.0,1766767424519
1,1.0,1766767430384
1,1.0,1766767436256
1,1.0,1766767442123
1,1.0,1766767447999
1,1.0,1766767453876
1,1.0,1766767459746
1,1.0,1766767465617
1,1.0,1766767471490
1,1.0,1766767477360
1,1.0,1766767483235
1,1.0,1766767489120
1,1.0,1766767494992
1,1.0,1766767500869
1,1.0,1766767506732
1,1.0,1766767512609
1,1.0,1766767518485
1,1.0,1766767524354
1,1.0,1766767530216
1,1.0,1766767536084
1,1.0,1766767541951
1,1.0,1766767547820
1,1.0,1766767553686
1,1.0,1766767559553
1,1.0,1766767565421
1,1.0,1766767571292
1,1.0,1766767577168
1,1.0,1766767583036
1,1.0,1766767588915
1,1.0,1766767594780
1,1.0,1766767600652
1,1.0,1766767606519
1,1.0,1766767612397
1,1.0,1766767618271
1,1.0,1766767624148
1,1.0,1766767630012
1,1.0,1766767635886
1,1.0,1766767641767
1,1.0,1766767647629
1,1.0,1766767653501
1,1.0,1766767659369
1,1.0,1766767665249
1,1.0,1766767671119
1,1.0,1766767676993
1,1.0,1766767682863
1,1.0,1766767688725
1,1.0,1766767694588
1,1.0,1766767700461
1,1.0,1766767706333
1,1.0,1766767712214
1,1.0,1766767718078
1,1.0,1766767723950
1,1.0,1766767729815
1,1.0,1766767735683
1,1.0,1766767741548
1,1.0,1766767747417
1,1.0,1766767753294
1,1.0,1766767759151
1,1.0,1766767765018
1,1.0,1766767770885
1,1.0,1766767776746
1,1.0,1766767782613
1,1.0,1766767788490
1,1.0,1766767794362
1,1.0,1766767800232
1,1.0,1766767806108
1,1.0,1766767811973
1,1.0,1766767817845
1,1.0,1766767823700
1,1.0,1766767829568
1,1.0,1766767835429
1,1.0,1766767841289
1,1.0,1766767847156
1,1.0,1766767853013
1,1.0,1766767858892
1,1.0,1766767864753
1,1.0,1766767870620
1,1.0,1766767876485
1,1.0,1766767882353
1,1.0,1766767888229
1,1.0,1766767894097
1,1.0,1766767899987
1,1.0,1766767905857
1,1.0,1766767911720
1,1.0,1766767917586
1,1.0,1766767923459
1,1.0,1766767929327
1,1.0,1766767935192
1,1.0,1766767941070
1,1.0,1766767946940
1,1.0,1766767952810
1,1.0,1766767958673
1,1.0,1766767964545
1,1.0,1766767970404
1,1.0,1766767976276
1,1.0,1766767982148
1,1.0,1766767988030
1,1.0,1766767993907
1,1.0,1766767999775
1,1.0,1766768005640
1,1.0,1766768011504
1,1.0,1766768017383
1,1.0,1766768023261
1,1.0,1766768029135
1,1.0,1766768035023
1,1.0,1766768040886
1,1.0,1766768046765
1,1.0,1766768052646
1,1.0,1766768058502
1,1.0,1766768064374
1,1.0,1766768070253
1,1.0,1766768076122
1,1.0,1766768082010
1,1.0,1766768087876
1,1.0,1766768093742
1,1.0,1766768099616
1,1.0,1766768105484
1,1.0,1766768111361
1,1.0,1766768117231
1,1.0,1766768123108
1,1.0,1766768128978
1,1.0,1766768134848
1,1.0,1766768140720
1,1.0,1766768146592
1,1.0,1766768152459
1,1.0,1766768158346
1,1.0,1766768164219
1,1.0,1766768170090
1,1.0,1766768175959
1,1.0,1766768181832
1,1.0,1766768187701
1,1.0,1766768193577
1,1.0,1766768199463
1,1.0,1766768205331
1,1.0,1766768211199
1,1.0,1766768217061
1,1.0,1766768222930
1,1.0,1766768228805
1,1.0,1766768234682
1,1.0,1766768240541
1,1.0,1766768246406
1,1.0,1766768252283
1,1.0,1766768258167
1,1.0,1766768264048
1,1.0,1766768269924
1,1.0,1766768275802
1,1.0,1766768281669
1,1.0,1766768287545
1,1.0,1766768293422
1,1.0,1766768299292
1,1.0,1766768305171
1,1.0,1766768311044
1,1.0,1766768316919
1,1.0,1766768322794
1,1.0,1766768328661
1,1.0,1766768334542
1,1.0,1766768340426
1,1.0,1766768346298
1,1.0,1766768352186
1,1.0,1766768358046
1,1.0,1766768363922
1,1.0,1766768369790
1,1.0,1766768375659
1,1.0,1766768381523
1,1.0,1766768387383
1,1.0,1766768393267
1,1.0,1766768399137
1,1.0,1766768405021
1,1.0,1766768410900
1,1.0,1766768416770
1,1.0,1766768422643
1,1.0,1766768428509
1,1.0,1766768434381
1,1.0,1766768440246
1,1.0,1766768446121
1,1.0,1766768451995
1,1.0,1766768457870
1,1.0,1766768463738
1,1.0,1766768469622
1,1.0,1766768475495
1,1.0,1766768481369
1,1.0,1766768487249
1,1.0,1766768493116
1,1.0,1766768498994
1,1.0,1766768504867
1,1.0,1766768510744
1,1.0,1766768516609
1,1.0,1766768522478
1,1.0,1766768528357
1,1.0,1766768534226
1,1.0,1766768540098
1,1.0,1766768545973
1,1.0,1766768551846
1,1.0,1766768557718
1,1.0,1766768563594
1,1.0,1766768569474
1,1.0,1766768575352
1,1.0,1766768581240
1,1.0,1766768587114
1,1.0,1766768592986
1,1.0,1766768598869
1,1.0,1766768604747
1,1.0,1766768610631
1,1.0,1766768616512
1,1.0,1766768622405
1,1.0,1766768628291
1,1.0,1766768634170
1,1.0,1766768640050
1,1.0,1766768645939
1,1.0,1766768651815
1,1.0,1766768657701
1,1.0,1766768663583
1,1.0,1766768669481
1,1.0,1766768675360
1,1.0,1766768681250
1,1.0,1766768687146
1,1.0,1766768693023
1,1.0,1766768698910
1,1.0,1766768704784
1,1.0,1766768710676
1,1.0,1766768716565
1,1.0,1766768722449
1,1.0,1766768728334
1,1.0,1766768734218
1,1.0,1766768740103
1,1.0,1766768745987
1,1.0,1766768751875
1,1.0,1766768757764
1,1.0,1766768763660
1,1.0,1766768769550
1,1.0,1766768775448
1,1.0,1766768781332
1,1.0,1766768787225
1,1.0,1766768793112
1,1.0,1766768799001
1,1.0,1766768804904
1,1.0,1766768810794
1,1.0,1766768816691
1,1.0,1766768822582
1,1.0,1766768828476
1,1.0,1766768834364
1,1.0,1766768840257
1,1.0,1766768846156
1,1.0,1766768852053
1,1.0,1766768857941
1,1.0,1766768863828
1,1.0,1766768869713
1,1.0,1766768875614
1,1.0,1766768881512
1,1.0,1766768887410
1,1.0,1766768893291
1,1.0,1766768899186
1,1.0,1766768905087
1,1.0,1766768910978
1,1.0,1766768916862
1,1.0,1766768922759
1,1.0,1766768928648
1,1.0,1766768934551
1,1.0,1766768940432
1,1.0,1766768946321
1,1.0,1766768952218
1,1.0,1766768958123
1,1.0,1766768964011
1,1.0,1766768969908
1,1.0,1766768975813
1,1.0,1766768981715
1,1.0,1766768987622
1,1.0,1766768993510
1,1.0,1766768999403
1,1.0,1766769005293
1,1.0,1766769011196
1,1.0,1766769017091
1,1.0,1766769022988
1,1.0,1766769028882
1,1.0,1766769034772
1,1.0,1766769040661
1,1.0,1766769046551
1,1.0,1766769052454
1,1.0,1766769058338
1,1.0,1766769064228
1,1.0,1766769070129
1,1.0,1766769076019
1,1.0,1766769081910
1,1.0,1766769087808
1,1.0,1766769093697
1,1.0,1766769099596
1,1.0,1766769105487
1,1.0,1766769111378
1,1.0,1766769117277
1,1.0,1766769123160
1,1.0,1766769129057
1,1.0,1766769134946
1,1.0,1766769140846
1,1.0,1766769146735
1,1.0,1766769152636
1,1.0,1766769158528
1,1.0,1766769164408
1,1.0,1766769170296
1,1.0,1766769176199
1,1.0,1766769182091
1,1.0,1766769187980
1,1.0,1766769193866
1,1.0,1766769199757
1,1.0,1766769205652
1,1.0,1766769211545
1,1.0,1766769217436
1,1.0,1766769223332
1,1.0,1766769229227
1,1.0,1766769235120
1,1.0,1766769241009
1,1.0,1766769246900
1,1.0,1766769252797
1,1.0,1766769258690
1,1.0,1766769264589
1,1.0,1766769270483
1,1.0,1766769276386
1,1.0,1766769282277
1,1.0,1766769288171
1,1.0,1766769294077
1,1.0,1766769299976
1,1.0,1766769305874
1,1.0,1766769311760
1,1.0,1766769317663
1,1.0,1766769323560
1,1.0,1766769329457
1,1.0,1766769335358
1,1.0,1766769341257
1,1.0,1766769347160
1,1.0,1766769353060
1,1.0,1766769358963
1,1.0,1766769364872
1,1.0,1766769370765
1,1.0,1766769376658
1,1.0,1766769382547
1,1.0,1766769388448
1,1.0,1766769394336
1,1.0,1766769400242
1,1.0,1766769406141
1,1.0,1766769412040
1,1.0,1766769417930
1,1.0,1766769423828
1,1.0,1766769429720
1,1.0,1766769435614
1,1.0,1766769441504
1,1.0,1766769447398
1,1.0,1766769453301
1,1.0,1766769459201
1,1.0,1766769465094
1,1.0,1766769470992
1,1.0,1766769476886
1,1.0,1766769482771
1,1.0,1766769488667
1,1.0,1766769494551
1,1.0,1766769500437
1,1.0,1766769506330
1,1.0,1766769512226
1,1.0,1766769518118
1,1.0,1766769524008
1,1.0,1766769529887
1,1.0,1766769535772
1,1.0,1766769541649
1,1.0,1766769547538
1,1.0,1766769553421
1,1.0,1766769559308
1,1.0,1766769565189
1,1.0,1766769571067
1,1.0,1766769576949
1,1.0,1766769582839
1,1.0,1766769588720
1,1.0,1766769594610
1,1.0,1766769600495
1,1.0,1766769606378
1,1.0,1766769612258
1,1.0,1766769618134
1,1.0,1766769624016
1,1.0,1766769629903
1,1.0,1766769635776
1,1.0,1766769641662
1,1.0,1766769647544
1,1.0,1766769653426
1,1.0,1766769659309
1,1.0,1766769665185
1,1.0,1766769671055
1,1.0,1766769676936
1,1.0,1766769682821
1,1.0,1766769688700
1,1.0,1766769694581
1,1.0,1766769700456
1,1.0,1766769706336
1,1.0,1766769712217
1,1.0,1766769718090
1,1.0,1766769723968
1,1.0,1766769729843
1,1.0,1766769735722
1,1.0,1766769741602
1,1.0,1766769747484
1,1.0,1766769753361
1,1.0,1766769759236
1,1.0,1766769765110
1,1.0,1766769770996
1,1.0,1766769776854
1,1.0,1766769782725
1,1.0,1766769788597
1,1.0,1766769794468
1,1.0,1766769800331
1,1.0,1766769806207
1,1.0,1766769812080
1,1.0,1766769817942
1,1.0,1766769823812
1,1.0,1766769829683
1,1.0,1766769835561
1,1.0,1766769841435
1,1.0,1766769847318
1,1.0,1766769853193
1,1.0,1766769859071
1,1.0,1766769864941
1,1.0,1766769870804
1,1.0,1766769876677
1,1.0,1766769882552
1,1.0,1766769888421
1,1.0,1766769894293
1,1.0,1766769900172
1,1.0,1766769906032
1,1.0,1766769911905
1,1.0,1766769917785
1,1.0,1766769923654
1,1.0,1766769929516
1,1.0,1766769935379
1,1.0,1766769941247
1,1.0,1766769947128
1,1.0,1766769953002
1,1.0,1766769958868
1,1.0,1766769964739
1,1.0,1766769970605
1,1.0,1766769976466
1,1.0,1766769982332
1,1.0,1766769988190
1,1.0,1766769994046
1,1.0,1766769999924
1,1.0,1766770005781
1,1.0,1766770011644
1,1.0,1766770017501
1,1.0,1766770023360
1,1.0,1766770029234
1,1.0,1766770035107
1,1.0,1766770040976
1,1.0,1766770046845
1,1.0,1766770052709
1,1.0,1766770058585
1,1.0,1766770064446
1,1.0,1766770070319
1,1.0,1766770076176
1,1.0,1766770082049
1,1.0,1766770087913
1,1.0,1766770093793
1,1.0,1766770099657
1,1.0,1766770105518
1,1.0,1766770111365
1,1.0,1766770117243
1,1.0,1766770123105
1,1.0,1766770128975
1,1.0,1766770134842
2,1.0,1766770138020
2,1.0,1766770143892
2,1.0,1766770149755
2,1.0,1766770155618
2,1.0,1766770161479
2,1.0,1766770167344
2,1.0,1766770173213
2,1.0,1766770179077
2,1.0,1766770184944
2,1.0,1766770190809
2,1.0,1766770196672
2,1.0,1766770202540
2,1.0,1766770208409
2,1.0,1766770214275
2,1.0,1766770220142
2,1.0,1766770226021
2,1.0,1766770231883
2,1.0,1766770237731
2,1.0,1766770243600
2,1.0,1766770249474
2,1.0,1766770255323
2,1.0,1766770261187
2,1.0,1766770267055
2,1.0,1766770272914
2,1.0,1766770278783
2,1.0,1766770284643
2,1.0,1766770290502
2,1.0,1766770296364
2,1.0,1766770302231
2,1.0,1766770308089
2,1.0,1766770313952
2,1.0,1766770319810
2,1.0,1766770325667
2,1.0,1766770331533
2,1.0,1766770337383
2,1.0,1766770343235
2,1.0,1766770349097
2,1.0,1766770354956
2,1.0,1766770360813
2,1.0,1766770366675
2,1.0,1766770372544
2,1.0,1766770378411
2,1.0,1766770384278
2,1.0,1766770390143
2,1.0,1766770396012
2,1.0,1766770401866
2,1.0,1766770407713
2,1.0,1766770413568
2,1.0,1766770419433
2,1.0,1766770425299
2,1.0,1766770431158
2,1.0,1766770437017
2,1.0,1766770442886
2,1.0,1766770448748
2,1.0,1766770454605
2,1.0,1766770460468
2,1.0,1766770466338
2,1.0,1766770472196
2,1.0,1766770478064
2,1.0,1766770483927
2,1.0,1766770489783
2,1.0,1766770495654
2,1.0,1766770501512
2,1.0,1766770507367
2,1.0,1766770513234
2,1.0,1766770519101
2,1.0,1766770524961
2,1.0,1766770530833
2,1.0,1766770536693
2,1.0,1766770542545
2,1.0,1766770548412
2,1.0,1766770554284
2,1.0,1766770560145
2,1.0,1766770566004
2,1.0,1766770571876
2,1.0,1766770577733
2,1.0,1766770583597
2,1.0,1766770589452
2,1.0,1766770595326
2,1.0,1766770601188
2,1.0,1766770607049
2,1.0,1766770612920
2,1.0,1766770618786
2,1.0,1766770624641
2,1.0,1766770630507
2,1.0,1766770636379
2,1.0,1766770642244
2,1.0,1766770648110
2,1.0,1766770653988
2,1.0,1766770659854
2,1.0,1766770665721
2,1.0,1766770671606
2,1.0,1766770677486
2,1.0,1766770683341
2,1.0,1766770689199
2,1.0,1766770695064
2,1.0,1766770700931
2,1.0,1766770706807
2,1.0,1766770712677
2,1.0,1766770718550
2,1.0,1766770724405
2,1.0,1766770730268
2,1.0,1766770736126
2,1.0,1766770741987
2,1.0,1766770747851
2,1.0,1766770753710
2,1.0,1766770759589
2,1.0,1766770765448
2,1.0,1766770771309
2,1.0,1766770777180
2,1.0,1766770783044
2,1.0,1766770788917
2,1.0,1766770794773
2,1.0,1766770800635
2,1.0,1766770806504
2,1.0,1766770812370
2,1.0,1766770818241
2,1.0,1766770824114
2,1.0,1766770829987
2,1.0,1766770835849
2,1.0,1766770841708
2,1.0,1766770847570
2,1.0,1766770853439
2,1.0,1766770859316
2,1.0,1766770865183
2,1.0,1766770871061
2,1.0,1766770876937
2,1.0,1766770882790
2,1.0,1766770888663
2,1.0,1766770894542
2,1.0,1766770900398
2,1.0,1766770906251
2,1.0,1766770912125
2,1.0,1766770917990
2,1.0,1766770923859
2,1.0,1766770929720
2,1.0,1766770935592
2,1.0,1766770941453
2,1.0,1766770947325
2,1.0,1766770953187
2,1.0,1766770959056
2,1.0,1766770964919
2,1.0,1766770970787
2,1.0,1766770976659
2,1.0,1766770982516
2,1.0,1766770988381
2,1.0,1766770994245
2,1.0,1766771000111
2,1.0,1766771005984
2,1.0,1766771011846
2,1.0,1766771017700
2,1.0,1766771023575
2,1.0,1766771029442
2,1.0,1766771035303
2,1.0,1766771041174
2,1.0,1766771047048
2,1.0,1766771052918
2,1.0,1766771058780
2,1.0,1766771064653
2,1.0,1766771070528
2,1.0,1766771076397
2,1.0,1766771082265
2,1.0,1766771088139
2,1.0,1766771094005
2,1.0,1766771099870
2,1.0,1766771105727
2,1.0,1766771111605
2,1.0,1766771117481
2,1.0,1766771123351
2,1.0,1766771129216
2,1.0,1766771135078
2,1.0,1766771140936
2,1.0,1766771146800
2,1.0,1766771152674
2,1.0,1766771158539
2,1.0,1766771164407
2,1.0,1766771170271
2,1.0,1766771176144
2,1.0,1766771182009
2,1.0,1766771187879
2,1.0,1766771193746
2,1.0,1766771199614
2,1.0,1766771205491
2,1.0,1766771211352
2,1.0,1766771217225
2,1.0,1766771223094
2,1.0,1766771228955
2,1.0,1766771234811
2,1.0,1766771240681
2,1.0,1766771246549
2,1.0,1766771252419
2,1.0,1766771258288
2,1.0,1766771264151
2,1.0,1766771270024
2,1.0,1766771275897
2,1.0,1766771281772
2,1.0,1766771287640
2,1.0,1766771293502
2,1.0,1766771299369
2,1.0,1766771305235
2,1.0,1766771311107
2,1.0,1766771316975
2,1.0,1766771322845
2,1.0,1766771328722
2,1.0,1766771334584
2,1.0,1766771340453
2,1.0,1766771346316
2,1.0,1766771352188
2,1.0,1766771358054
2,1.0,1766771363930
2,1.0,1766771369789
2,1.0,1766771375654
2,1.0,1766771381522
2,1.0,1766771387387
2,1.0,1766771393247
2,1.0,1766771399109
2,1.0,1766771404980
2,1.0,1766771410832
2,1.0,1766771416688
2,1.0,1766771422560
2,1.0,1766771428431
2,1.0,1766771434294
2,1.0,1766771440155
2,1.0,1766771446034
2,1.0,1766771451904
2,1.0,1766771457771
2,1.0,1766771463639
2,1.0,1766771469502
2,1.0,1766771475370
2,1.0,1766771481238
2,1.0,1766771487109
2,1.0,1766771492978
2,1.0,1766771498848
2,1.0,1766771504714
2,1.0,1766771510589
2,1.0,1766771516461
2,1.0,1766771522335
2,1.0,1766771528203
2,1.0,1766771534073
2,1.0,1766771539941
2,1.0,1766771545831
2,1.0,1766771551696
2,1.0,1766771557554
2,1.0,1766771563431
2,1.0,1766771569297
2,1.0,1766771575165
2,1.0,1766771581040
2,1.0,1766771586890
2,1.0,1766771592749
2,1.0,1766771598611
2,1.0,1766771604469
2,1.0,1766771610332
2,1.0,1766771616203
2,1.0,1766771622072
2,1.0,1766771627930
2,1.0,1766771633802
2,1.0,1766771639675
2,1.0,1766771645553
2,1.0,1766771651416
2,1.0,1766771657287
2,1.0,1766771663149
2,1.0,1766771669008
2,1.0,1766771674874
2,1.0,1766771680744
2,1.0,1766771686602
2,1.0,1766771692464
2,1.0,1766771698331
2,1.0,1766771704195
2,1.0,1766771710064
2,1.0,1766771715923
2,1.0,1766771721797
2,1.0,1766771727664
2,1.0,1766771733549
2,1.0,1766771739431
2,1.0,1766771745307
2,1.0,1766771751174
2,1.0,1766771757054
2,1.0,1766771762919
2,1.0,1766771768779
2,1.0,1766771774639
2,1.0,1766771780507
2,1.0,1766771786370
2,1.0,1766771792236
2,1.0,1766771798104
2,1.0,1766771803973
2,1.0,1766771809846
2,1.0,1766771815715
2,1.0,1766771821581
2,1.0,1766771827453
2,1.0,1766771833327
2,1.0,1766771839205
2,1.0,1766771845069
2,1.0,1766771850944
2,1.0,1766771856808
2,1.0,1766771862677
2,1.0,1766771868554
2,1.0,1766771874422
2,1.0,1766771880276
2,1.0,1766771886146
2,1.0,1766771892024
2,1.0,1766771897896
2,1.0,1766771903771
2,1.0,1766771909643
2,1.0,1766771915529
2,1.0,1766771921397
2,1.0,1766771927261
2,1.0,1766771933133
2,1.0,1766771939006
2,1.0,1766771944886
2,1.0,1766771950758
2,1.0,1766771956639
2,1.0,1766771962515
2,1.0,1766771968387
2,1.0,1766771974258
2,1.0,1766771980131
2,1.0,1766771985992
2,1.0,1766771991865
2,1.0,1766771997736
2,1.0,1766772003600
2,1.0,1766772009488
2,1.0,1766772015354
2,1.0,1766772021221
2,1.0,1766772027088
2,1.0,1766772032953
2,1.0,1766772038824
2,1.0,1766772044690
2,1.0,1766772050560
2,1.0,1766772056433
2,1.0,1766772062296
2,1.0,1766772068160
2,1.0,1766772074024
2,1.0,1766772079905
2,1.0,1766772085767
2,1.0,1766772091625
2,1.0,1766772097490
2,1.0,1766772103357
2,1.0,1766772109240
2,1.0,1766772115116
2,1.0,1766772120988
2,1.0,1766772126851
2,1.0,1766772132722
2,1.0,1766772138586
2,1.0,1766772144453
2,1.0,1766772150325
2,1.0,1766772156205
2,1.0,1766772162076
2,1.0,1766772167958
2,1.0,1766772173826
2,1.0,1766772179686
2,1.0,1766772185568
2,1.0,1766772191434
2,1.0,1766772197292
2,1.0,1766772203172
2,1.0,1766772209052
2,1.0,1766772214922
2,1.0,1766772220797
2,1.0,1766772226666
2,1.0,1766772232543
2,1.0,1766772238414
2,1.0,1766772244294
2,1.0,1766772250171
2,1.0,1766772256044
2,1.0,1766772261907
2,1.0,1766772267764
2,1.0,1766772273634
2,1.0,1766772279503
2,1.0,1766772285372
2,1.0,1766772291244
2,1.0,1766772297110
2,1.0,1766772302975
2,1.0,1766772308839
2,1.0,1766772314701
2,1.0,1766772320573
2,1.0,1766772326444
2,1.0,1766772332318
2,1.0,1766772338191
2,1.0,1766772344056
2,1.0,1766772349922
2,1.0,1766772355801
2,1.0,1766772361675
2,1.0,1766772367538
2,1.0,1766772373402
2,1.0,1766772379277
2,1.0,1766772385145
2,1.0,1766772391023
2,1.0,1766772396889
2,1.0,1766772402759
2,1.0,1766772408632
2,1.0,1766772414508
2,1.0,1766772420377
2,1.0,1766772426242
2,1.0,1766772432118
2,1.0,1766772437990
2,1.0,1766772443870
2,1.0,1766772449743
2,1.0,1766772455611
2,1.0,1766772461484
2,1.0,1766772467347
2,1.0,1766772473221
2,1.0,1766772479094
2,1.0,1766772484965
2,1.0,1766772490842
2,1.0,1766772496734
2,1.0,1766772502603
2,1.0,1766772508459
2,1.0,1766772514341
2,1.0,1766772520215
2,1.0,1766772526084
2,1.0,1766772531958
2,1.0,1766772537829
2,1.0,1766772543712
2,1.0,1766772549577
2,1.0,1766772555458
2,1.0,1766772561336
2,1.0,1766772567198
2,1.0,1766772573068
2,1.0,1766772578942
2,1.0,1766772584813
2,1.0,1766772590689
2,1.0,1766772596563
2,1.0,1766772602428
2,1.0,1766772608298
2,1.0,1766772614167
2,1.0,1766772620048
2,1.0,1766772625925
2,1.0,1766772631798
2,1.0,1766772637667
2,1.0,1766772643528
2,1.0,1766772649408
2,1.0,1766772655278
2,1.0,1766772661158
2,1.0,1766772667036
2,1.0,1766772672919
2,1.0,1766772678804
2,1.0,1766772684679
2,1.0,1766772690551
2,1.0,1766772696426
2,1.0,1766772702312
2,1.0,1766772708204
2,1.0,1766772714087
2,1.0,1766772719974
2,1.0,1766772725857
2,1.0,1766772731743
2,1.0,1766772737624
2,1.0,1766772743519
2,1.0,1766772749400
2,1.0,1766772755283
2,1.0,1766772761161
2,1.0,1766772767038
2,1.0,1766772772926
2,1.0,1766772778810
2,1.0,1766772784695
2,1.0,1766772790584
2,1.0,1766772796458
2,1.0,1766772802334
2,1.0,1766772808233
2,1.0,1766772814116
2,1.0,1766772819997
2,1.0,1766772825889
2,1.0,1766772831778
2,1.0,1766772837661
2,1.0,1766772843552
2,1.0,1766772849436
2,1.0,1766772855320
2,1.0,1766772861207
2,1.0,1766772867092
2,1.0,1766772872988
2,1.0,1766772878880
2,1.0,1766772884785
2,1.0,1766772890675
2,1.0,1766772896563
2,1.0,1766772902456
2,1.0,1766772908364
2,1.0,1766772914255
2,1.0,1766772920144
2,1.0,1766772926030
2,1.0,1766772931924
2,1.0,1766772937824
2,1.0,1766772943704
2,1.0,1766772949598
2,1.0,1766772955491
2,1.0,1766772961397
2,1.0,1766772967288
2,1.0,1766772973182
2,1.0,1766772979079
2,1.0,1766772984974
2,1.0,1766772990864
2,1.0,1766772996760
2,1.0,1766773002655
2,1.0,1766773008539
2,1.0,1766773014429
2,1.0,1766773020327
2,1.0,1766773026227
2,1.0,1766773032113
2,1.0,1766773038013
2,1.0,1766773043895
2,1.0,1766773049794
2,1.0,1766773055689
2,1.0,1766773061584
2,1.0,1766773067473
2,1.0,1766773073363
2,1.0,1766773079260
2,1.0,1766773085161
2,1.0,1766773091057
2,1.0,1766773096966
2,1.0,1766773102863
2,1.0,1766773108771
2,1.0,1766773114665
2,1.0,1766773120559
2,1.0,1766773126454
2,1.0,1766773132367
2,1.0,1766773138265
2,1.0,1766773144160
2,1.0,1766773150051
2,1.0,1766773155947
2,1.0,1766773161853
2,1.0,1766773167742
2,1.0,1766773173635
2,1.0,1766773179527
2,1.0,1766773185431
2,1.0,1766773191327
2,1.0,1766773197228
2,1.0,1766773203127
2,1.0,1766773209027
2,1.0,1766773214933
2,1.0,1766773220826
2,1.0,1766773226726
2,1.0,1766773232620
2,1.0,1766773238522
2,1.0,1766773244421
2,1.0,1766773250320
2,1.0,1766773256221
2,1.0,1766773262111
2,1.0,1766773268009
2,1.0,1766773273901
2,1.0,1766773279801
2,1.0,1766773285701
2,1.0,1766773291606
2,1.0,1766773297501
2,1.0,1766773303404
2,1.0,1766773309314
2,1.0,1766773315211
2,1.0,1766773321106
2,1.0,1766773327009
2,1.0,1766773332905
2,1.0,1766773338803
2,1.0,1766773344696
2,1.0,1766773350598
2,1.0,1766773356498
2,1.0,1766773362401
2,1.0,1766773368301
2,1.0,1766773374200
2,1.0,1766773380093
2,1.0,1766773386003
2,1.0,1766773391902
2,1.0,1766773397801
2,1.0,1766773403703
2,1.0,1766773409593
2,1.0,1766773415495
2,1.0,1766773421384
2,1.0,1766773427278
2,1.0,1766773433186
2,1.0,1766773439079
2,1.0,1766773444985
2,1.0,1766773450879
2,1.0,1766773456785
2,1.0,1766773462684
2,1.0,1766773468579
2,1.0,1766773474474
2,1.0,1766773480380
2,1.0,1766773486280
2,1.0,1766773492180
2,1.0,1766773498066
2,1.0,1766773503951
2,1.0,1766773509853
2,1.0,1766773515751
2,1.0,1766773521647
2,1.0,1766773527548
2,1.0,1766773533446
2,1.0,1766773539340
2,1.0,1766773545239
2,1.0,1766773551136
2,1.0,1766773557023
2,1.0,1766773562930
2,1.0,1766773568833
2,1.0,1766773574720
2,1.0,1766773580615
2,1.0,1766773586505
2,1.0,1766773592397
2,1.0,1766773598285
2,1.0,1766773604175
2,1.0,1766773610071
2,1.0,1766773615973
2,1.0,1766773621864
2,1.0,1766773627751
2,1.0,1766773633644
2,1.0,1766773639545
2,1.0,1766773645436
2,1.0,1766773651328
2,1.0,1766773657213
2,1.0,1766773663098
2,1.0,1766773668992
2,1.0,1766773674885
2,1.0,1766773680772
2,1.0,1766773686660
2,1.0,1766773692543
2,1.0,1766773698425
2,1.0,1766773704307
2,1.0,1766773710182
2,1.0,1766773716055
2,1.0,1766773721916
2,1.0,1766773727804
2,1.0,1766773733693
2,1.0,1766773739578
2,1.0,1766773745444
2,1.0,1766773751314
2,1.0,1766773757191
2,1.0,1766773763078
2,1.0,1766773768960
2,1.0,1766773774844
2,1.0,1766773780723
2,1.0,1766773786608
2,1.0,1766773792494
2,1.0,1766773798361
2,1.0,1766773804233
2,1.0,1766773810107
2,1.0,1766773815988
2,1.0,1766773821862
2,1.0,1766773827750
2,1.0,1766773833634
2,1.0,1766773839515
2,1.0,1766773845397
2,1.0,1766773851280
2,1.0,1766773857162
2,1.0,1766773863038
2,1.0,1766773868916
2,1.0,1766773874805
2,1.0,1766773880689
2,1.0,1766773886582
2,1.0,1766773892470
2,1.0,1766773898359
2,1.0,1766773904238
2,1.0,1766773910126
2,1.0,1766773916008
2,1.0,1766773921874
2,1.0,1766773927754
2,1.0,1766773933635
2,1.0,1766773939518
2,1.0,1766773945386
2,1.0,1766773951255
2,1.0,1766773957139
2,1.0,1766773963009
2,1.0,1766773968875
2,1.0,1766773974742
2,1.0,1766773980622
2,1.0,1766773986498
2,1.0,1766773992385
2,1.0,1766773998246
2,1.0,1766774004127
2,1.0,1766774010003
2,1.0,1766774015872
2,1.0,1766774021729
2,1.0,1766774027607
2,1.0,1766774033489
2,1.0,1766774039356
2,1.0,1766774045235
2,1.0,1766774051106
2,1.0,1766774056983
2,1.0,1766774062851
2,1.0,1766774068716
2,1.0,1766774074588
2,1.0,1766774080469
2,1.0,1766774086340
2,1.0,1766774092211
2,1.0,1766774098072
2,1.0,1766774103949
2,1.0,1766774109827
2,1.0,1766774115696
2,1.0,1766774121574
2,1.0,1766774127449
2,1.0,1766774133311
2,1.0,1766774139176
2,1.0,1766774145041
2,1.0,1766774150913
2,1.0,1766774156773
2,1.0,1766774162638
2,1.0,1766774168497
2,1.0,1766774174359
2,1.0,1766774180227
2,1.0,1766774186084
2,1.0,1766774191950
2,1.0,1766774197813
2,1.0,1766774203674
2,1.0,1766774209534
2,1.0,1766774215396
2,1.0,1766774221265
2,1.0,1766774227126
2,1.0,1766774232990
2,1.0,1766774238861
2,1.0,1766774244732
2,1.0,1766774250611
2,1.0,1766774256480
2,1.0,1766774262347
2,1.0,1766774268210
2,1.0,1766774274075
2,1.0,1766774279941
2,1.0,1766774285805
2,1.0,1766774291688
2,1.0,1766774297549
2,1.0,1766774303419
2,1.0,1766774309289
2,1.0,1766774315156
2,1.0,1766774321023
2,1.0,1766774326892
2,1.0,1766774332746
2,1.0,1766774338607
2,1.0,1766774344461
2,1.0,1766774350331
2,1.0,1766774356189
2,1.0,1766774362059
2,1.0,1766774367929
2,1.0,1766774373790
2,1.0,1766774379652
2,1.0,1766774385525
2,1.0,1766774391386
2,1.0,1766774397253
2,1.0,1766774403123
2,1.0,1766774408988
2,1.0,1766774414856
2,1.0,1766774420734
2,1.0,1766774426601
2,1.0,1766774432476
2,1.0,1766774438345
2,1.0,1766774444213
2,1.0,1766774450084
2,1.0,1766774455962
2,1.0,1766774461843
2,1.0,1766774467715
2,1.0,1766774473584
2,1.0,1766774479457
2,1.0,1766774485332
2,1.0,1766774491199
2,1.0,1766774497079
2,1.0,1766774502963
2,1.0,1766774508832
2,1.0,1766774514709
2,1.0,1766774520593
2,1.0,1766774526464
2,1.0,1766774532336
2,1.0,1766774538204
2,1.0,1766774544071
2,1.0,1766774549940
2,1.0,1766774555797
2,1.0,1766774561663
2,1.0,1766774567529
2,1.0,1766774573389
2,1.0,1766774579248
2,1.0,1766774585109
2,1.0,1766774590979
2,1.0,1766774596842
2,1.0,1766774602710
2,1.0,1766774608575
2,1.0,1766774614444
2,1.0,1766774620314
2,1.0,1766774626192
2,1.0,1766774632053
2,1.0,1766774637913
2,1.0,1766774643798
2,1.0,1766774649669
2,1.0,1766774655535
2,1.0,1766774661395
2,1.0,1766774667266
2,1.0,1766774673134
2,1.0,1766774679017
2,1.0,1766774684884
2,1.0,1766774690756
2,1.0,1766774696630
2,1.0,1766774702501
2,1.0,1766774708361
2,1.0,1766774714226
2,1.0,1766774720092
2,1.0,1766774725958
2,1.0,1766774731825
2,1.0,1766774737695
2,1.0,1766774743562
2,1.0,1766774749426
2,1.0,1766774755290
2,1.0,1766774761154
2,1.0,1766774767017
2,1.0,1766774772894
2,1.0,1766774778764
2,1.0,1766774784631
2,1.0,1766774790500
2,1.0,1766774796362
2,1.0,1766774802231
2,1.0,1766774808098
2,1.0,1766774813967
2,1.0,1766774819831
2,1.0,1766774825694
2,1.0,1766774831561
2,1.0,1766774837421
2,1.0,1766774843301
2,1.0,1766774849165
2,1.0,1766774855034
2,1.0,1766774860903
2,1.0,1766774866776
2,1.0,1766774872644
2,1.0,1766774878499
2,1.0,1766774884363
2,1.0,1766774890240
2,1.0,1766774896111
2,1.0,1766774901994
2,1.0,1766774907850
2,1.0,1766774913718
2,1.0,1766774919587
2,1.0,1766774925459
2,1.0,1766774931342
2,1.0,1766774937210
2,1.0,1766774943073
2,1.0,1766774948942
2,1.0,1766774954812
2,1.0,1766774960677
2,1.0,1766774966550
2,1.0,1766774972418
2,1.0,1766774978287
2,1.0,1766774984157
2,1.0,1766774990031
2,1.0,1766774995902
2,1.0,1766775001765
2,1.0,1766775007632
2,1.0,1766775013505
2,1.0,1766775019356
2,1.0,1766775025228
2,1.0,1766775031096
2,1.0,1766775036957
2,1.0,1766775042817
2,1.0,1766775048689
2,1.0,1766775054551
2,1.0,1766775060407
2,1.0,1766775066269
2,1.0,1766775072132
2,1.0,1766775077997
2,1.0,1766775083864
2,1.0,1766775089737
2,1.0,1766775095601
2,1.0,1766775101469
2,1.0,1766775107342
2,1.0,1766775113203
2,1.0,1766775119067
2,1.0,1766775124929
2,1.0,1766775130793
2,1.0,1766775136660
2,1.0,1766775142523
2,1.0,1766775148387
2,1.0,1766775154251
2,1.0,1766775160108
2,1.0,1766775165990
2,1.0,1766775171868
2,1.0,1766775177726
2,1.0,1766775183597
2,1.0,1766775189468
2,1.0,1766775195333
2,1.0,1766775201201
2,1.0,1766775207071
2,1.0,1766775212943
2,1.0,1766775218812
2,1.0,1766775224686
2,1.0,1766775230551
2,1.0,1766775236416
2,1.0,1766775242280
2,1.0,1766775248153
2,1.0,1766775254025
2,1.0,1766775259904
2,1.0,1766775265775
2,1.0,1766775271650
2,1.0,1766775277532
2,1.0,1766775283395
2,1.0,1766775289255
2,1.0,1766775295125
2,1.0,1766775300998
2,1.0,1766775306855
2,1.0,1766775312727
2,1.0,1766775318605
2,1.0,1766775324475
2,1.0,1766775330342
2,1.0,1766775336210
2,1.0,1766775342080
2,1.0,1766775347954
2,1.0,1766775353825
2,1.0,1766775359697
2,1.0,1766775365563
2,1.0,1766775371444
2,1.0,1766775377320
2,1.0,1766775383192
2,1.0,1766775389062
2,1.0,1766775394944
2,1.0,1766775400823
2,1.0,1766775406690
2,1.0,1766775412568
2,1.0,1766775418456
2,1.0,1766775424331
2,1.0,1766775430207
2,1.0,1766775436082
2,1.0,1766775441962
2,1.0,1766775447842
2,1.0,1766775453714
2,1.0,1766775459596
2,1.0,1766775465486
2,1.0,1766775471363
2,1.0,1766775477246
2,1.0,1766775483117
2,1.0,1766775489004
2,1.0,1766775494878
2,1.0,1766775500771
2,1.0,1766775506666
2,1.0,1766775512553
2,1.0,1766775518439
2,1.0,1766775524325
2,1.0,1766775530208
2,1.0,1766775536093
2,1.0,1766775541981
2,1.0,1766775547870
2,1.0,1766775553757
2,1.0,1766775559642
2,1.0,1766775565526
2,1.0,1766775571411
2,1.0,1766775577297
2,1.0,1766775583183
2,1.0,1766775589081
2,1.0,1766775594964
2,1.0,1766775600853
2,1.0,1766775606736
2,1.0,1766775612630
2,1.0,1766775618514
2,1.0,1766775624407
2,1.0,1766775630303
2,1.0,1766775636185
2,1.0,1766775642063
3,1.0,1766775645258
3,1.0,1766775651146
3,1.0,1766775657026
3,1.0,1766775662916
3,1.0,1766775668814
3,1.0,1766775674701
3,1.0,1766775680588
3,1.0,1766775686472
3,1.0,1766775692362
3,1.0,1766775698255
3,1.0,1766775704158
3,1.0,1766775710061
3,1.0,1766775715956
3,1.0,1766775721856
3,1.0,1766775727752
3,1.0,1766775733642
3,1.0,1766775739540
3,1.0,1766775745427
3,1.0,1766775751328
3,1.0,1766775757229
3,1.0,1766775763123
3,1.0,1766775769020
3,1.0,1766775774924
3,1.0,1766775780812
3,1.0,1766775786705
3,1.0,1766775792600
3,1.0,1766775798496
3,1.0,1766775804399
3,1.0,1766775810296
3,1.0,1766775816186
3,1.0,1766775822085
3,1.0,1766775827981
3,1.0,1766775833871
3,1.0,1766775839771
3,1.0,1766775845674
3,1.0,1766775851570
3,1.0,1766775857467
3,1.0,1766775863353
3,1.0,1766775869247
3,1.0,1766775875143
3,1.0,1766775881043
3,1.0,1766775886933
3,1.0,1766775892827
3,1.0,1766775898713
3,1.0,1766775904613
3,1.0,1766775910496
3,1.0,1766775916399
3,1.0,1766775922286
3,1.0,1766775928179
3,1.0,1766775934086
3,1.0,1766775939978
3,1.0,1766775945866
3,1.0,1766775951758
3,1.0,1766775957661
3,1.0,1766775963551
3,1.0,1766775969446
3,1.0,1766775975345
3,1.0,1766775981231
3,1.0,1766775987128
3,1.0,1766775993027
3,1.0,1766775998920
3,1.0,1766776004816
3,1.0,1766776010711
3,1.0,1766776016614
3,1.0,1766776022508
3,1.0,1766776028401
3,1.0,1766776034300
3,1.0,1766776040192
3,1.0,1766776046085
3,1.0,1766776051984
3,1.0,1766776057882
3,1.0,1766776063791
3,1.0,1766776069692
3,1.0,1766776075582
3,1.0,1766776081481
3,1.0,1766776087373
3,1.0,1766776093265
3,1.0,1766776099150
3,1.0,1766776105049
3,1.0,1766776110954
3,1.0,1766776116852
3,1.0,1766776122742
3,1.0,1766776128642
3,1.0,1766776134542
3,1.0,1766776140440
3,1.0,1766776146337
3,1.0,1766776152230
3,1.0,1766776158137
3,1.0,1766776164028
3,1.0,1766776169919
3,1.0,1766776175815
3,1.0,1766776181712
3,1.0,1766776187601
3,1.0,1766776193500
3,1.0,1766776199397
3,1.0,1766776205284
3,1.0,1766776211187
3,1.0,1766776217075
3,1.0,1766776222967
3,1.0,1766776228867
3,1.0,1766776234753
3,1.0,1766776240649
3,1.0,1766776246538
3,1.0,1766776252445
3,1.0,1766776258336
3,1.0,1766776264229
3,1.0,1766776270126
3,1.0,1766776276020
3,1.0,1766776281907
3,1.0,1766776287805
3,1.0,1766776293694
3,1.0,1766776299594
3,1.0,1766776305485
3,1.0,1766776311372
3,1.0,1766776317264
3,1.0,1766776323155
3,1.0,1766776329049
3,1.0,1766776334935
3,1.0,1766776340826
3,1.0,1766776346717
3,1.0,1766776352602
3,1.0,1766776358488
3,1.0,1766776364377
3,1.0,1766776370265
3,1.0,1766776376159
3,1.0,1766776382054
3,1.0,1766776387953
3,1.0,1766776393833
3,1.0,1766776399720
3,1.0,1766776405609
3,1.0,1766776411500
3,1.0,1766776417384
3,1.0,1766776423276
3,1.0,1766776429160
3,1.0,1766776435054
3,1.0,1766776440940
3,1.0,1766776446819
3,1.0,1766776452689
3,1.0,1766776458562
3,1.0,1766776464444
3,1.0,1766776470320
3,1.0,1766776476204
3,1.0,1766776482080
3,1.0,1766776487966
3,1.0,1766776493852
3,1.0,1766776499729
3,1.0,1766776505617
3,1.0,1766776511480
3,1.0,1766776517352
3,1.0,1766776523223
3,1.0,1766776529092
3,1.0,1766776534962
3,1.0,1766776540845
3,1.0,1766776546712
3,1.0,1766776552578
3,1.0,1766776558447
3,1.0,1766776564313
3,1.0,1766776570190
3,1.0,1766776576053
3,1.0,1766776581924
3,1.0,1766776587808
3,1.0,1766776593678
3,1.0,1766776599556
3,1.0,1766776605430
3,1.0,1766776611301
3,1.0,1766776617166
3,1.0,1766776623036
3,1.0,1766776628903
3,1.0,1766776634779
3,1.0,1766776640652
3,1.0,1766776646522
3,1.0,1766776652386
3,1.0,1766776658246
3,1.0,1766776664126
3,1.0,1766776669997
3,1.0,1766776675860
3,1.0,1766776681722
3,1.0,1766776687593
3,1.0,1766776693468
3,1.0,1766776699332
3,1.0,1766776705201
3,1.0,1766776711074
3,1.0,1766776716943
3,1.0,1766776722807
3,1.0,1766776728672
3,1.0,1766776734538
3,1.0,1766776740399
3,1.0,1766776746262
3,1.0,1766776752133
3,1.0,1766776758012
3,1.0,1766776763873
3,1.0,1766776769741
3,1.0,1766776775603
3,1.0,1766776781468
3,1.0,1766776787335
3,1.0,1766776793205
3,1.0,1766776799067
3,1.0,1766776804930
3,1.0,1766776810799
3,1.0,1766776816674
3,1.0,1766776822549
3,1.0,1766776828417
3,1.0,1766776834279
3,1.0,1766776840159
3,1.0,1766776846023
3,1.0,1766776851883
3,1.0,1766776857749
3,1.0,1766776863603
3,1.0,1766776869470
3,1.0,1766776875335
3,1.0,1766776881200
3,1.0,1766776887059
3,1.0,1766776892922
3,1.0,1766776898786
3,1.0,1766776904646
3,1.0,1766776910501
3,1.0,1766776916358
3,1.0,1766776922219
3,1.0,1766776928084
3,1.0,1766776933943
3,1.0,1766776939799
3,1.0,1766776945665
3,1.0,1766776951536
3,1.0,1766776957408
3,1.0,1766776963271
3,1.0,1766776969138
3,1.0,1766776974998
3,1.0,1766776980872
3,1.0,1766776986739
3,1.0,1766776992609
3,1.0,1766776998472
3,1.0,1766777004343
3,1.0,1766777010221
3,1.0,1766777016079
3,1.0,1766777021943
3,1.0,1766777027814
3,1.0,1766777033674
3,1.0,1766777039544
3,1.0,1766777045405
3,1.0,1766777051269
3,1.0,1766777057132
3,1.0,1766777063008
3,1.0,1766777068865
3,1.0,1766777074741
3,1.0,1766777080614
3,1.0,1766777086474
3,1.0,1766777092339
3,1.0,1766777098205
3,1.0,1766777104072
3,1.0,1766777109945
3,1.0,1766777115821
3,1.0,1766777121699
3,1.0,1766777127572
3,1.0,1766777133441
3,1.0,1766777139311
3,1.0,1766777145188
3,1.0,1766777151067
3,1.0,1766777156948
3,1.0,1766777162807
3,1.0,1766777168687
3,1.0,1766777174559
3,1.0,1766777180436
3,1.0,1766777186303
3,1.0,1766777192177
3,1.0,1766777198048
3,1.0,1766777203921
3,1.0,1766777209781
3,1.0,1766777215657
3,1.0,1766777221538
3,1.0,1766777227406
3,1.0,1766777233273
3,1.0,1766777239150
3,1.0,1766777245017
3,1.0,1766777250888
3,1.0,1766777256754
3,1.0,1766777262629
3,1.0,1766777268501
3,1.0,1766777274373
3,1.0,1766777280241
3,1.0,1766777286110
3,1.0,1766777291989
3,1.0,1766777297873
3,1.0,1766777303731
3,1.0,1766777309600
3,1.0,1766777315464
3,1.0,1766777321333
3,1.0,1766777327202
3,1.0,1766777333061
3,1.0,1766777338920
3,1.0,1766777344784
3,1.0,1766777350652
3,1.0,1766777356520
3,1.0,1766777362387
3,1.0,1766777368252
3,1.0,1766777374113
3,1.0,1766777379974
3,1.0,1766777385846
3,1.0,1766777391721
3,1.0,1766777397585
3,1.0,1766777403451
3,1.0,1766777409324
3,1.0,1766777415194
3,1.0,1766777421067
3,1.0,1766777426934
3,1.0,1766777432804
3,1.0,1766777438680
3,1.0,1766777444548
3,1.0,1766777450416
3,1.0,1766777456284
3,1.0,1766777462153
3,1.0,1766777468023
3,1.0,1766777473898
3,1.0,1766777479764
3,1.0,1766777485628
3,1.0,1766777491486
3,1.0,1766777497363
3,1.0,1766777503223
3,1.0,1766777509097
3,1.0,1766777514963
3,1.0,1766777520829
3,1.0,1766777526696
3,1.0,1766777532567
3,1.0,1766777538431
3,1.0,1766777544310
3,1.0,1766777550174
3,1.0,1766777556042
3,1.0,1766777561893
3,1.0,1766777567756
3,1.0,1766777573624
3,1.0,1766777579485
3,1.0,1766777585349
3,1.0,1766777591215
3,1.0,1766777597082
3,1.0,1766777602940
3,1.0,1766777608809
3,1.0,1766777614676
3,1.0,1766777620533
3,1.0,1766777626406
3,1.0,1766777632283
3,1.0,1766777638143
3,1.0,1766777644005
3,1.0,1766777649885
3,1.0,1766777655749
3,1.0,1766777661610
3,1.0,1766777667477
3,1.0,1766777673339
3,1.0,1766777679203
3,1.0,1766777685072
3,1.0,1766777690948
3,1.0,1766777696813
3,1.0,1766777702677
3,1.0,1766777708546
3,1.0,1766777714414
3,1.0,1766777720277
3,1.0,1766777726146
3,1.0,1766777732015
3,1.0,1766777737875
3,1.0,1766777743742
3,1.0,1766777749601
3,1.0,1766777755474
3,1.0,1766777761347
3,1.0,1766777767213
3,1.0,1766777773078
3,1.0,1766777778963
3,1.0,1766777784830
3,1.0,1766777790705
3,1.0,1766777796574
3,1.0,1766777802426
3,1.0,1766777808288
3,1.0,1766777814163
3,1.0,1766777820025
3,1.0,1766777825887
3,1.0,1766777831766
3,1.0,1766777837641
3,1.0,1766777843507
3,1.0,1766777849379
3,1.0,1766777855259
3,1.0,1766777861126
3,1.0,1766777867002
3,1.0,1766777872874
3,1.0,1766777878740
3,1.0,1766777884613
3,1.0,1766777890480
3,1.0,1766777896345
3,1.0,1766777902212
3,1.0,1766777908078
3,1.0,1766777913934
3,1.0,1766777919805
3,1.0,1766777925671
3,1.0,1766777931534
3,1.0,1766777937412
3,1.0,1766777943283
3,1.0,1766777949149
3,1.0,1766777955013
3,1.0,1766777960885
3,1.0,1766777966744
3,1.0,1766777972604
3,1.0,1766777978472
3,1.0,1766777984342
3,1.0,1766777990206
3,1.0,1766777996074
3,1.0,1766778001960
3,1.0,1766778007833
3,1.0,1766778013699
3,1.0,1766778019566
3,1.0,1766778025435
3,1.0,1766778031316
3,1.0,1766778037184
3,1.0,1766778043046
3,1.0,1766778048912
3,1.0,1766778054789
3,1.0,1766778060658
3,1.0,1766778066523
3,1.0,1766778072386
3,1.0,1766778078254
3,1.0,1766778084117
3,1.0,1766778089979
3,1.0,1766778095853
3,1.0,1766778101720
3,1.0,1766778107580
3,1.0,1766778113439
3,1.0,1766778119309
3,1.0,1766778125178
3,1.0,1766778131047
3,1.0,1766778136911
3,1.0,1766778142783
3,1.0,1766778148661
3,1.0,1766778154530
3,1.0,1766778160407
3,1.0,1766778166284
3,1.0,1766778172151
3,1.0,1766778178019
3,1.0,1766778183889
3,1.0,1766778189759
3,1.0,1766778195625
3,1.0,1766778201498
3,1.0,1766778207370
3,1.0,1766778213239
3,1.0,1766778219109
3,1.0,1766778224978
3,1.0,1766778230845
3,1.0,1766778236712
3,1.0,1766778242582
3,1.0,1766778248465
3,1.0,1766778254338
3,1.0,1766778260210
3,1.0,1766778266084
3,1.0,1766778271948
3,1.0,1766778277814
3,1.0,1766778283684
3,1.0,1766778289555
3,1.0,1766778295428
3,1.0,1766778301295
3,1.0,1766778307181
3,1.0,1766778313047
3,1.0,1766778318922
3,1.0,1766778324793
3,1.0,1766778330667
3,1.0,1766778336538
3,1.0,1766778342408
3,1.0,1766778348274
3,1.0,1766778354145
3,1.0,1766778360005
3,1.0,1766778365877
3,1.0,1766778371735
3,1.0,1766778377611
3,1.0,1766778383493
3,1.0,1766778389354
3,1.0,1766778395232
3,1.0,1766778401097
3,1.0,1766778406960
3,1.0,1766778412840
3,1.0,1766778418704
3,1.0,1766778424561
3,1.0,1766778430427
3,1.0,1766778436285
3,1.0,1766778442143
3,1.0,1766778448018
3,1.0,1766778453890
3,1.0,1766778459751
3,1.0,1766778465624
3,1.0,1766778471495
3,1.0,1766778477364
3,1.0,1766778483239
3,1.0,1766778489106
3,1.0,1766778494982
3,1.0,1766778500851
3,1.0,1766778506720
3,1.0,1766778512588
3,1.0,1766778518458
3,1.0,1766778524322
3,1.0,1766778530201
3,1.0,1766778536078
3,1.0,1766778541949
3,1.0,1766778547822
3,1.0,1766778553690
3,1.0,1766778559558
3,1.0,1766778565431
3,1.0,1766778571310
3,1.0,1766778577187
3,1.0,1766778583067
3,1.0,1766778588945
3,1.0,1766778594820
3,1.0,1766778600694
3,1.0,1766778606579
3,1.0,1766778612450
3,1.0,1766778618324
3,1.0,1766778624199
3,1.0,1766778630079
3,1.0,1766778635969
3,1.0,1766778641856
3,1.0,1766778647738
3,1.0,1766778653615
3,1.0,1766778659491
3,1.0,1766778665383
3,1.0,1766778671267
3,1.0,1766778677159
3,1.0,1766778683039
3,1.0,1766778688919
3,1.0,1766778694803
3,1.0,1766778700687
3,1.0,1766778706566
3,1.0,1766778712443
3,1.0,1766778718323
3,1.0,1766778724212
3,1.0,1766778730108
3,1.0,1766778735985
3,1.0,1766778741882
3,1.0,1766778747759
3,1.0,1766778753641
3,1.0,1766778759545
3,1.0,1766778765425
3,1.0,1766778771327
3,1.0,1766778777211
3,1.0,1766778783105
3,1.0,1766778788986
3,1.0,1766778794872
3,1.0,1766778800759
3,1.0,1766778806643
3,1.0,1766778812529
3,1.0,1766778818418
3,1.0,1766778824300
3,1.0,1766778830200
3,1.0,1766778836105
3,1.0,1766778841989
3,1.0,1766778847882
3,1.0,1766778853768
3,1.0,1766778859666
3,1.0,1766778865551
3,1.0,1766778871442
3,1.0,1766778877332
3,1.0,1766778883226
3,1.0,1766778889114
3,1.0,1766778895010
3,1.0,1766778900912
3,1.0,1766778906809
3,1.0,1766778912705
3,1.0,1766778918598
3,1.0,1766778924491
3,1.0,1766778930385
3,1.0,1766778936271
3,1.0,1766778942156
3,1.0,1766778948055
3,1.0,1766778953952
3,1.0,1766778959845
3,1.0,1766778965738
3,1.0,1766778971639
3,1.0,1766778977538
3,1.0,1766778983428
3,1.0,1766778989326
3,1.0,1766778995224
3,1.0,1766779001113
3,1.0,1766779007013
3,1.0,1766779012924
3,1.0,1766779018823
3,1.0,1766779024706
3,1.0,1766779030611
3,1.0,1766779036500
3,1.0,1766779042397
3,1.0,1766779048288
3,1.0,1766779054180
3,1.0,1766779060079
3,1.0,1766779065972
3,1.0,1766779071866
3,1.0,1766779077764
3,1.0,1766779083658
3,1.0,1766779089553
3,1.0,1766779095444
3,1.0,1766779101332
3,1.0,1766779107237
3,1.0,1766779113125
3,1.0,1766779119014
3,1.0,1766779124902
3,1.0,1766779130800
3,1.0,1766779136690
3,1.0,1766779142586
3,1.0,1766779148487
3,1.0,1766779154382
3,1.0,1766779160284
3,1.0,1766779166181
3,1.0,1766779172068
3,1.0,1766779177961
3,1.0,1766779183860
3,1.0,1766779189756
3,1.0,1766779195665
3,1.0,1766779201564
3,1.0,1766779207488
3,1.0,1766779213357
3,1.0,1766779219254
3,1.0,1766779225145
3,1.0,1766779231039
3,1.0,1766779236919
3,1.0,1766779242806
3,1.0,1766779248688
3,1.0,1766779254582
3,1.0,1766779260506
3,1.0,1766779266376
3,1.0,1766779272268
3,1.0,1766779278158
3,1.0,1766779284064
3,1.0,1766779289962
3,1.0,1766779295853
3,1.0,1766779301747
3,1.0,1766779307632
3,1.0,1766779313535
3,1.0,1766779319433
3,1.0,1766779325314
3,1.0,1766779331209
3,1.0,1766779337101
3,1.0,1766779343002
3,1.0,1766779348899
3,1.0,1766779354789
3,1.0,1766779360667
3,1.0,1766779366556
3,1.0,1766779372439
3,1.0,1766779378340
3,1.0,1766779384209
3,1.0,1766779390097
3,1.0,1766779395985
3,1.0,1766779401871
3,1.0,1766779407764
3,1.0,1766779413651
3,1.0,1766779419544
3,1.0,1766779425440
3,1.0,1766779431328
3,1.0,1766779437215
3,1.0,1766779443104
3,1.0,1766779448983
3,1.0,1766779454877
3,1.0,1766779460763
3,1.0,1766779466648
3,1.0,1766779472530
3,1.0,1766779478418
3,1.0,1766779484309
3,1.0,1766779490207
3,1.0,1766779496101
3,1.0,1766779501999
3,1.0,1766779507887
3,1.0,1766779513781
3,1.0,1766779519672
3,1.0,1766779525559
3,1.0,1766779531450
3,1.0,1766779537342
3,1.0,1766779543233
3,1.0,1766779549126
3,1.0,1766779555025
3,1.0,1766779560922
3,1.0,1766779566807
3,1.0,1766779572700
3,1.0,1766779578587
3,1.0,1766779584488
3,1.0,1766779590379
3,1.0,1766779596278
3,1.0,1766779602164
3,1.0,1766779608067
3,1.0,1766779613969
3,1.0,1766779619855
3,1.0,1766779625748
3,1.0,1766779631636
3,1.0,1766779637525
3,1.0,1766779643412
3,1.0,1766779649305
3,1.0,1766779655196
3,1.0,1766779661084
3,1.0,1766779666978
3,1.0,1766779672871
3,1.0,1766779678756
3,1.0,1766779684649
3,1.0,1766779690537
3,1.0,1766779696427
3,1.0,1766779702324
3,1.0,1766779708219
3,1.0,1766779714100
3,1.0,1766779719995
3,1.0,1766779725882
3,1.0,1766779731781
3,1.0,1766779737683
3,1.0,1766779743572
3,1.0,1766779749460
3,1.0,1766779755346
3,1.0,1766779761240
3,1.0,1766779767128
3,1.0,1766779773018
3,1.0,1766779778892
3,1.0,1766779784775
3,1.0,1766779790660
3,1.0,1766779796542
3,1.0,1766779802428
3,1.0,1766779808308
3,1.0,1766779814191
3,1.0,1766779820075
3,1.0,1766779825943
3,1.0,1766779831828
3,1.0,1766779837699
3,1.0,1766779843574
3,1.0,1766779849439
3,1.0,1766779855313
3,1.0,1766779861179
3,1.0,1766779867037
3,1.0,1766779872905
3,1.0,1766779878775
3,1.0,1766779884642
3,1.0,1766779890510
3,1.0,1766779896383
3,1.0,1766779902263
3,1.0,1766779908132
3,1.0,1766779913995
3,1.0,1766779919871
3,1.0,1766779925738
3,1.0,1766779931606
3,1.0,1766779937472
3,1.0,1766779943340
3,1.0,1766779949208
3,1.0,1766779955082
3,1.0,1766779960952
3,1.0,1766779966831
3,1.0,1766779972712
3,1.0,1766779978586
3,1.0,1766779984459
3,1.0,1766779990329
3,1.0,1766779996205
3,1.0,1766780002073
3,1.0,1766780007943
3,1.0,1766780013816
3,1.0,1766780019681
3,1.0,1766780025546
3,1.0,1766780031416
3,1.0,1766780037295
3,1.0,1766780043165
3,1.0,1766780049033
3,1.0,1766780054889
3,1.0,1766780060764
3,1.0,1766780066630
3,1.0,1766780072493
3,1.0,1766780078364
3,1.0,1766780084231
3,1.0,1766780090099
3,1.0,1766780095967
3,1.0,1766780101830
3,1.0,1766780107701
3,1.0,1766780113567
3,1.0,1766780119423
3,1.0,1766780125286
3,1.0,1766780131161
3,1.0,1766780137026
3,1.0,1766780142891
3,1.0,1766780148752
3,1.0,1766780154616
3,1.0,1766780160490
3,1.0,1766780166353
3,1.0,1766780172217
3,1.0,1766780178091
3,1.0,1766780183952
3,1.0,1766780189816
3,1.0,1766780195674
3,1.0,1766780201542
3,1.0,1766780207401
3,1.0,1766780213278
3,1.0,1766780219139
3,1.0,1766780225003
3,1.0,1766780230872
3,1.0,1766780236723
3,1.0,1766780242579
3,1.0,1766780248447
3,1.0,1766780254299
3,1.0,1766780260171
3,1.0,1766780266028
3,1.0,1766780271895
3,1.0,1766780277762
3,1.0,1766780283618
3,1.0,1766780289480
3,1.0,1766780295333
3,1.0,1766780301200
3,1.0,1766780307061
3,1.0,1766780312917
3,1.0,1766780318773
3,1.0,1766780324641
3,1.0,1766780330500
3,1.0,1766780336361
3,1.0,1766780342221
3,1.0,1766780348079
3,1.0,1766780353943
3,1.0,1766780359810
3,1.0,1766780365673
3,1.0,1766780371541
3,1.0,1766780377408
3,1.0,1766780383275
3,1.0,1766780389140
3,1.0,1766780395010
3,1.0,1766780400883
3,1.0,1766780406751
3,1.0,1766780412617
3,1.0,1766780418484
3,1.0,1766780424360
3,1.0,1766780430224
3,1.0,1766780436095
3,1.0,1766780441958
3,1.0,1766780447815
3,1.0,1766780453689
3,1.0,1766780459556
3,1.0,1766780465410
3,1.0,1766780471279
3,1.0,1766780477140
3,1.0,1766780483002
3,1.0,1766780488861
3,1.0,1766780494715
3,1.0,1766780500574
3,1.0,1766780506439
3,1.0,1766780512297
3,1.0,1766780518158
3,1.0,1766780524004
3,1.0,1766780529863
3,1.0,1766780535735
3,1.0,1766780541596
3,1.0,1766780547453
3,1.0,1766780553323
3,1.0,1766780559185
3,1.0,1766780565057
3,1.0,1766780570928
3,1.0,1766780576777
3,1.0,1766780582645
3,1.0,1766780588509
3,1.0,1766780594381
3,1.0,1766780600245
3,1.0,1766780606114
3,1.0,1766780611981
3,1.0,1766780617851
3,1.0,1766780623720
3,1.0,1766780629578
3,1.0,1766780635434
3,1.0,1766780641297
3,1.0,1766780647174
3,1.0,1766780653037
3,1.0,1766780658917
3,1.0,1766780664777
3,1.0,1766780670638
3,1.0,1766780676496
3,1.0,1766780682363
3,1.0,1766780688232
3,1.0,1766780694091
3,1.0,1766780699958
3,1.0,1766780705825
3,1.0,1766780711696
3,1.0,1766780717550
3,1.0,1766780723411
3,1.0,1766780729274
3,1.0,1766780735135
3,1.0,1766780740993
3,1.0,1766780746864
3,1.0,1766780752727
3,1.0,1766780758600
3,1.0,1766780764461
3,1.0,1766780770326
3,1.0,1766780776192
3,1.0,1766780782057
3,1.0,1766780787921
3,1.0,1766780793791
3,1.0,1766780799657
3,1.0,1766780805523
3,1.0,1766780811383
3,1.0,1766780817258
3,1.0,1766780823128
3,1.0,1766780828994
3,1.0,1766780834862
3,1.0,1766780840726
3,1.0,1766780846592
3,1.0,1766780852456
3,1.0,1766780858330
3,1.0,1766780864199
3,1.0,1766780870076
3,1.0,1766780875943
3,1.0,1766780881811
3,1.0,1766780887682
3,1.0,1766780893556
3,1.0,1766780899436
3,1.0,1766780905295
3,1.0,1766780911162
3,1.0,1766780917021
3,1.0,1766780922885
3,1.0,1766780928757
3,1.0,1766780934620
3,1.0,1766780940494
3,1.0,1766780946356
3,1.0,1766780952220
3,1.0,1766780958083
3,1.0,1766780963966
3,1.0,1766780969820
3,1.0,1766780975685
3,1.0,1766780981554
3,1.0,1766780987425
3,1.0,1766780993282
3,1.0,1766780999150
3,1.0,1766781005023
3,1.0,1766781010890
3,1.0,1766781016751
3,1.0,1766781022619
3,1.0,1766781028493
3,1.0,1766781034360
3,1.0,1766781040224
3,1.0,1766781046087
3,1.0,1766781051946
3,1.0,1766781057817
3,1.0,1766781063687
3,1.0,1766781069560
3,1.0,1766781075428
3,1.0,1766781081293
3,1.0,1766781087167
3,1.0,1766781093050
3,1.0,1766781098926
3,1.0,1766781104791
3,1.0,1766781110651
3,1.0,1766781116540
3,1.0,1766781122405
3,1.0,1766781128278
3,1.0,1766781134148
3,1.0,1766781140010
3,1.0,1766781145886
3,1.0,1766781151756
4,1.0,1766781154939
4,1.0,1766781160813
4,1.0,1766781166666
4,1.0,1766781172525
4,1.0,1766781178390
4,1.0,1766781184258
4,1.0,1766781190124
4,1.0,1766781195990
4,1.0,1766781201852
4,1.0,1766781207707
4,1.0,1766781213575
4,1.0,1766781219441
4,1.0,1766781225306
4,1.0,1766781231180
4,1.0,1766781237049
4,1.0,1766781242924
4,1.0,1766781248781
4,1.0,1766781254649
4,1.0,1766781260523
4,1.0,1766781266388
4,1.0,1766781272251
4,1.0,1766781278122
4,1.0,1766781283994
4,1.0,1766781289857
4,1.0,1766781295737
4,1.0,1766781301615
4,1.0,1766781307495
4,1.0,1766781313375
4,1.0,1766781319256
4,1.0,1766781325126
4,1.0,1766781331004
4,1.0,1766781336886
4,1.0,1766781342760
4,1.0,1766781348635
4,1.0,1766781354516
4,1.0,1766781360395
4,1.0,1766781366284
4,1.0,1766781372166
4,1.0,1766781378037
4,1.0,1766781383926
4,1.0,1766781389809
4,1.0,1766781395695
4,1.0,1766781401574
4,1.0,1766781407469
4,1.0,1766781413351
4,1.0,1766781419219
4,1.0,1766781425099
4,1.0,1766781430991
4,1.0,1766781436877
4,1.0,1766781442744
4,1.0,1766781448625
4,1.0,1766781454508
4,1.0,1766781460383
4,1.0,1766781466269
4,1.0,1766781472136
4,1.0,1766781478015
4,1.0,1766781483898
4,1.0,1766781489780
4,1.0,1766781495664
4,1.0,1766781501561
4,1.0,1766781507448
4,1.0,1766781513346
4,1.0,1766781519235
4,1.0,1766781525131
4,1.0,1766781531018
4,1.0,1766781536905
4,1.0,1766781542800
4,1.0,1766781548691
4,1.0,1766781554579
4,1.0,1766781560464
4,1.0,1766781566371
4,1.0,1766781572235
4,1.0,1766781578125
4,1.0,1766781584017
4,1.0,1766781589902
4,1.0,1766781595797
4,1.0,1766781601692
4,1.0,1766781607584
4,1.0,1766781613476
4,1.0,1766781619374
4,1.0,1766781625258
4,1.0,1766781631170
4,1.0,1766781637027
4,1.0,1766781642920
4,1.0,1766781648808
4,1.0,1766781654699
4,1.0,1766781660589
4,1.0,1766781666475
4,1.0,1766781672371
4,1.0,1766781678252
4,1.0,1766781684141
4,1.0,1766781690035
4,1.0,1766781695930
4,1.0,1766781701831
4,1.0,1766781707731
4,1.0,1766781713618
4,1.0,1766781719507
4,1.0,1766781725404
4,1.0,1766781731296
4,1.0,1766781737189
4,1.0,1766781743087
4,1.0,1766781748973
4,1.0,1766781754866
4,1.0,1766781760752
4,1.0,1766781766648
4,1.0,1766781772549
4,1.0,1766781778443
4,1.0,1766781784338
4,1.0,1766781790232
4,1.0,1766781796133
4,1.0,1766781802036
4,1.0,1766781807935
4,1.0,1766781813826
4,1.0,1766781819720
4,1.0,1766781825616
4,1.0,1766781831512
4,1.0,1766781837405
4,1.0,1766781843299
4,1.0,1766781849193
4,1.0,1766781855092
4,1.0,1766781860993
4,1.0,1766781866898
4,1.0,1766781872789
4,1.0,1766781878689
4,1.0,1766781884580
4,1.0,1766781890479
4,1.0,1766781896376
4,1.0,1766781902265
4,1.0,1766781908163
4,1.0,1766781914055
4,1.0,1766781919947
4,1.0,1766781925840
4,1.0,1766781931736
4,1.0,1766781937626
4,1.0,1766781943515
4,1.0,1766781949411
4,1.0,1766781955306
4,1.0,1766781961202
4,1.0,1766781967096
4,1.0,1766781972989
4,1.0,1766781978886
4,1.0,1766781984785
4,1.0,1766781990686
4,1.0,1766781996583
4,1.0,1766782002483
4,1.0,1766782008372
4,1.0,1766782014272
4,1.0,1766782020175
4,1.0,1766782026071
4,1.0,1766782031974
4,1.0,1766782037864
4,1.0,1766782043758
4,1.0,1766782049652
4,1.0,1766782055553
4,1.0,1766782061460
4,1.0,1766782067358
4,1.0,1766782073255
4,1.0,1766782079147
4,1.0,1766782085053
4,1.0,1766782090944
4,1.0,1766782096838
4,1.0,1766782102733
4,1.0,1766782108625
4,1.0,1766782114524
4,1.0,1766782120428
4,1.0,1766782126322
4,1.0,1766782132226
4,1.0,1766782138116
4,1.0,1766782144008
4,1.0,1766782149901
4,1.0,1766782155788
4,1.0,1766782161684
4,1.0,1766782167576
4,1.0,1766782173466
4,1.0,1766782179353
4,1.0,1766782185250
4,1.0,1766782191143
4,1.0,1766782197041
4,1.0,1766782202939
4,1.0,1766782208836
4,1.0,1766782214735
4,1.0,1766782220624
4,1.0,1766782226516
4,1.0,1766782232416
4,1.0,1766782238311
4,1.0,1766782244201
4,1.0,1766782250098
4,1.0,1766782255983
4,1.0,1766782261879
4,1.0,1766782267777
4,1.0,1766782273672
4,1.0,1766782279572
4,1.0,1766782285465
4,1.0,1766782291349
4,1.0,1766782297241
4,1.0,1766782303135
4,1.0,1766782309030
4,1.0,1766782314928
4,1.0,1766782320823
4,1.0,1766782326721
4,1.0,1766782332608
4,1.0,1766782338500
4,1.0,1766782344386
4,1.0,1766782350280
4,1.0,1766782356173
4,1.0,1766782362072
4,1.0,1766782367966
4,1.0,1766782373871
4,1.0,1766782379771
4,1.0,1766782385666
4,1.0,1766782391558
4,1.0,1766782397452
4,1.0,1766782403345
4,1.0,1766782409237
4,1.0,1766782415130
4,1.0,1766782421021
4,1.0,1766782426912
4,1.0,1766782432798
4,1.0,1766782438691
4,1.0,1766782444588
4,1.0,1766782450485
4,1.0,1766782456375
4,1.0,1766782462265
4,1.0,1766782468156
4,1.0,1766782474061
4,1.0,1766782479940
4,1.0,1766782485842
4,1.0,1766782491736
4,1.0,1766782497623
4,1.0,1766782503515
4,1.0,1766782509403
4,1.0,1766782515297
4,1.0,1766782521188
4,1.0,1766782527071
4,1.0,1766782532962
4,1.0,1766782538855
4,1.0,1766782544741
4,1.0,1766782550625
4,1.0,1766782556513
4,1.0,1766782562409
4,1.0,1766782568300
4,1.0,1766782574183
4,1.0,1766782580086
4,1.0,1766782585984
4,1.0,1766782591886
4,1.0,1766782597767
4,1.0,1766782603651
4,1.0,1766782609537
4,1.0,1766782615419
4,1.0,1766782621309
4,1.0,1766782627200
4,1.0,1766782633091
4,1.0,1766782638979
4,1.0,1766782644879
4,1.0,1766782650770
4,1.0,1766782656657
4,1.0,1766782662553
4,1.0,1766782668441
4,1.0,1766782674325
4,1.0,1766782680206
4,1.0,1766782686093
4,1.0,1766782691989
4,1.0,1766782697872
4,1.0,1766782703753
4,1.0,1766782709646
4,1.0,1766782715526
4,1.0,1766782721401
4,1.0,1766782727281
4,1.0,1766782733158
4,1.0,1766782739037
4,1.0,1766782744914
4,1.0,1766782750789
4,1.0,1766782756672
4,1.0,1766782762550
4,1.0,1766782768419
4,1.0,1766782774306
4,1.0,1766782780167
4,1.0,1766782786033
4,1.0,1766782791901
4,1.0,1766782797768
4,1.0,1766782803630
4,1.0,1766782809504
4,1.0,1766782815372
4,1.0,1766782821249
4,1.0,1766782827121
4,1.0,1766782832985
4,1.0,1766782838856
4,1.0,1766782844740
4,1.0,1766782850609
4,1.0,1766782856483
4,1.0,1766782862353
4,1.0,1766782868213
4,1.0,1766782874077
4,1.0,1766782879951
4,1.0,1766782885819
4,1.0,1766782891687
4,1.0,1766782897563
4,1.0,1766782903427
4,1.0,1766782909300
4,1.0,1766782915181
4,1.0,1766782921053
4,1.0,1766782926917
4,1.0,1766782932773
4,1.0,1766782938645
4,1.0,1766782944522
4,1.0,1766782950390
4,1.0,1766782956260
4,1.0,1766782962126
4,1.0,1766782967998
4,1.0,1766782973864
4,1.0,1766782979725
4,1.0,1766782985585
4,1.0,1766782991444
4,1.0,1766782997311
4,1.0,1766783003185
4,1.0,1766783009059
4,1.0,1766783014928
4,1.0,1766783020779
4,1.0,1766783026641
4,1.0,1766783032507
4,1.0,1766783038380
4,1.0,1766783044244
4,1.0,1766783050108
4,1.0,1766783055971
4,1.0,1766783061828
4,1.0,1766783067692
4,1.0,1766783073552
4,1.0,1766783079403
4,1.0,1766783085269
4,1.0,1766783091129
4,1.0,1766783096990
4,1.0,1766783102849
4,1.0,1766783108716
4,1.0,1766783114582
4,1.0,1766783120458
4,1.0,1766783126314
4,1.0,1766783132190
4,1.0,1766783138047
4,1.0,1766783143911
4,1.0,1766783149779
4,1.0,1766783155643
4,1.0,1766783161514
4,1.0,1766783167372
4,1.0,1766783173241
4,1.0,1766783179102
4,1.0,1766783184965
4,1.0,1766783190820
4,1.0,1766783196682
4,1.0,1766783202538
4,1.0,1766783208408
4,1.0,1766783214271
4,1.0,1766783220134
4,1.0,1766783226000
4,1.0,1766783231860
4,1.0,1766783237726
4,1.0,1766783243589
4,1.0,1766783249458
4,1.0,1766783255325
4,1.0,1766783261182
4,1.0,1766783267040
4,1.0,1766783272906
4,1.0,1766783278770
4,1.0,1766783284634
4,1.0,1766783290501
4,1.0,1766783296362
4,1.0,1766783302226
4,1.0,1766783308094
4,1.0,1766783313969
4,1.0,1766783319834
4,1.0,1766783325714
4,1.0,1766783331578
4,1.0,1766783337442
4,1.0,1766783343307
4,1.0,1766783349178
4,1.0,1766783355035
4,1.0,1766783360898
4,1.0,1766783366759
4,1.0,1766783372626
4,1.0,1766783378490
4,1.0,1766783384358
4,1.0,1766783390224
4,1.0,1766783396090
4,1.0,1766783401958
4,1.0,1766783407821
4,1.0,1766783413692
4,1.0,1766783419567
4,1.0,1766783425427
4,1.0,1766783431283
4,1.0,1766783437145
4,1.0,1766783443010
4,1.0,1766783448871
4,1.0,1766783454743
4,1.0,1766783460617
4,1.0,1766783466490
4,1.0,1766783472359
4,1.0,1766783478229
4,1.0,1766783484093
4,1.0,1766783489956
4,1.0,1766783495811
4,1.0,1766783501681
4,1.0,1766783507553
4,1.0,1766783513423
4,1.0,1766783519291
4,1.0,1766783525160
4,1.0,1766783531020
4,1.0,1766783536894
4,1.0,1766783542762
4,1.0,1766783548631
4,1.0,1766783554500
4,1.0,1766783560356
4,1.0,1766783566219
4,1.0,1766783572087
4,1.0,1766783577941
4,1.0,1766783583802
4,1.0,1766783589664
4,1.0,1766783595530
4,1.0,1766783601395
4,1.0,1766783607253
4,1.0,1766783613115
4,1.0,1766783618983
4,1.0,1766783624840
4,1.0,1766783630699
4,1.0,1766783636554
4,1.0,1766783642412
4,1.0,1766783648281
4,1.0,1766783654149
4,1.0,1766783660012
4,1.0,1766783665881
4,1.0,1766783671743
4,1.0,1766783677613
4,1.0,1766783683472
4,1.0,1766783689327
4,1.0,1766783695189
4,1.0,1766783701065
4,1.0,1766783706924
4,1.0,1766783712789
4,1.0,1766783718653
4,1.0,1766783724520
4,1.0,1766783730386
4,1.0,1766783736257
4,1.0,1766783742128
4,1.0,1766783747998
4,1.0,1766783753872
4,1.0,1766783759737
4,1.0,1766783765607
4,1.0,1766783771475
4,1.0,1766783777352
4,1.0,1766783783221
4,1.0,1766783789084
4,1.0,1766783794954
4,1.0,1766783800817
4,1.0,1766783806684
4,1.0,1766783812564
4,1.0,1766783818439
4,1.0,1766783824317
4,1.0,1766783830180
4,1.0,1766783836059
4,1.0,1766783841946
4,1.0,1766783847813
4,1.0,1766783853684
4,1.0,1766783859554
4,1.0,1766783865432
4,1.0,1766783871302
4,1.0,1766783877177
4,1.0,1766783883039
4,1.0,1766783888912
4,1.0,1766783894789
4,1.0,1766783900671
4,1.0,1766783906541
4,1.0,1766783912413
4,1.0,1766783918288
4,1.0,1766783924163
4,1.0,1766783930049
4,1.0,1766783935909
4,1.0,1766783941792
4,1.0,1766783947664
4,1.0,1766783953538
4,1.0,1766783959421
4,1.0,1766783965289
4,1.0,1766783971173
4,1.0,1766783977054
4,1.0,1766783982940
4,1.0,1766783988830
4,1.0,1766783994712
4,1.0,1766784000594
4,1.0,1766784006478
4,1.0,1766784012359
4,1.0,1766784018242
4,1.0,1766784024135
4,1.0,1766784030025
4,1.0,1766784035911
4,1.0,1766784041796
4,1.0,1766784047680
4,1.0,1766784053567
4,1.0,1766784059457
4,1.0,1766784065343
4,1.0,1766784071237
4,1.0,1766784077123
4,1.0,1766784083002
4,1.0,1766784088895
4,1.0,1766784094777
4,1.0,1766784100663
4,1.0,1766784106556
4,1.0,1766784112451
4,1.0,1766784118334
4,1.0,1766784124225
4,1.0,1766784130113
4,1.0,1766784136001
4,1.0,1766784141900
4,1.0,1766784147796
4,1.0,1766784153685
4,1.0,1766784159570
4,1.0,1766784165465
4,1.0,1766784171365
4,1.0,1766784177263
4,1.0,1766784183159
4,1.0,1766784189055
4,1.0,1766784194959
4,1.0,1766784200855
4,1.0,1766784206751
4,1.0,1766784212650
4,1.0,1766784218543
4,1.0,1766784224436
4,1.0,1766784230334
4,1.0,1766784236224
4,1.0,1766784242120
4,1.0,1766784248009
4,1.0,1766784253910
4,1.0,1766784259797
4,1.0,1766784265683
4,1.0,1766784271571
4,1.0,1766784277459
4,1.0,1766784283357
4,1.0,1766784289242
4,1.0,1766784295135
4,1.0,1766784301031
4,1.0,1766784306920
4,1.0,1766784312814
4,1.0,1766784318708
4,1.0,1766784324598
4,1.0,1766784330495
4,1.0,1766784336389
4,1.0,1766784342282
4,1.0,1766784348186
4,1.0,1766784354076
4,1.0,1766784359973
4,1.0,1766784365865
4,1.0,1766784371768
4,1.0,1766784377659
4,1.0,1766784383563
4,1.0,1766784389455
4,1.0,1766784395346
4,1.0,1766784401246
4,1.0,1766784407138
4,1.0,1766784413044
4,1.0,1766784418938
4,1.0,1766784424827
4,1.0,1766784430731
4,1.0,1766784436620
4,1.0,1766784442516
4,1.0,1766784448418
4,1.0,1766784454307
4,1.0,1766784460201
4,1.0,1766784466105
4,1.0,1766784471996
4,1.0,1766784477893
4,1.0,1766784483781
4,1.0,1766784489668
4,1.0,1766784495562
4,1.0,1766784501457
4,1.0,1766784507352
4,1.0,1766784513251
4,1.0,1766784519146
4,1.0,1766784525040
4,1.0,1766784530939
4,1.0,1766784536827
4,1.0,1766784542719
4,1.0,1766784548617
4,1.0,1766784554510
4,1.0,1766784560402
4,1.0,1766784566294
4,1.0,1766784572181
4,1.0,1766784578083
4,1.0,1766784583983
4,1.0,1766784589872
4,1.0,1766784595765
4,1.0,1766784601665
4,1.0,1766784607561
4,1.0,1766784613458
4,1.0,1766784619358
4,1.0,1766784625259
4,1.0,1766784631148
4,1.0,1766784637046
4,1.0,1766784642936
4,1.0,1766784648837
4,1.0,1766784654725
4,1.0,1766784660624
4,1.0,1766784666516
4,1.0,1766784672415
4,1.0,1766784678309
4,1.0,1766784684203
4,1.0,1766784690082
4,1.0,1766784695979
4,1.0,1766784701884
4,1.0,1766784707775
4,1.0,1766784713668
4,1.0,1766784719564
4,1.0,1766784725462
4,1.0,1766784731351
4,1.0,1766784737244
4,1.0,1766784743135
4,1.0,1766784749031
4,1.0,1766784754922
4,1.0,1766784760812
4,1.0,1766784766708
4,1.0,1766784772605
4,1.0,1766784778502
4,1.0,1766784784392
4,1.0,1766784790289
4,1.0,1766784796179
4,1.0,1766784802070
4,1.0,1766784807959
4,1.0,1766784813854
4,1.0,1766784819747
4,1.0,1766784825644
4,1.0,1766784831541
4,1.0,1766784837433
4,1.0,1766784843321
4,1.0,1766784849228
4,1.0,1766784855113
4,1.0,1766784860999
4,1.0,1766784866889
4,1.0,1766784872787
4,1.0,1766784878679
4,1.0,1766784884578
4,1.0,1766784890479
4,1.0,1766784896386
4,1.0,1766784902274
4,1.0,1766784908167
4,1.0,1766784914056
4,1.0,1766784919951
4,1.0,1766784925842
4,1.0,1766784931749
4,1.0,1766784937650
4,1.0,1766784943552
4,1.0,1766784949449
4,1.0,1766784955335
4,1.0,1766784961230
4,1.0,1766784967121
4,1.0,1766784973011
4,1.0,1766784978897
4,1.0,1766784984788
4,1.0,1766784990678
4,1.0,1766784996578
4,1.0,1766785002472
4,1.0,1766785008364
4,1.0,1766785014266
4,1.0,1766785020146
4,1.0,1766785026047
4,1.0,1766785031942
4,1.0,1766785037833
4,1.0,1766785043729
4,1.0,1766785049624
4,1.0,1766785055519
4,1.0,1766785061413
4,1.0,1766785067310
4,1.0,1766785073210
4,1.0,1766785079097
4,1.0,1766785084982
4,1.0,1766785090880
4,1.0,1766785096777
4,1.0,1766785102673
4,1.0,1766785108566
4,1.0,1766785114461
4,1.0,1766785120362
4,1.0,1766785126261
4,1.0,1766785132145
4,1.0,1766785138039
4,1.0,1766785143934
4,1.0,1766785149824
4,1.0,1766785155720
4,1.0,1766785161613
4,1.0,1766785167505
4,1.0,1766785173400
4,1.0,1766785179291
4,1.0,1766785185181
4,1.0,1766785191069
4,1.0,1766785196951
4,1.0,1766785202853
4,1.0,1766785208740
4,1.0,1766785214625
4,1.0,1766785220518
4,1.0,1766785226401
4,1.0,1766785232287
4,1.0,1766785238163
4,1.0,1766785244052
4,1.0,1766785249927
4,1.0,1766785255801
4,1.0,1766785261685
4,1.0,1766785267557
4,1.0,1766785273434
4,1.0,1766785279304
4,1.0,1766785285186
4,1.0,1766785291065
4,1.0,1766785296945
4,1.0,1766785302822
4,1.0,1766785308695
4,1.0,1766785314573
4,1.0,1766785320453
4,1.0,1766785326320
4,1.0,1766785332191
4,1.0,1766785338072
4,1.0,1766785343940
4,1.0,1766785349814
4,1.0,1766785355690
4,1.0,1766785361560
4,1.0,1766785367422
4,1.0,1766785373304
4,1.0,1766785379182
4,1.0,1766785385055
4,1.0,1766785390931
4,1.0,1766785396802
4,1.0,1766785402678
4,1.0,1766785408548
4,1.0,1766785414422
4,1.0,1766785420286
4,1.0,1766785426161
4,1.0,1766785432031
4,1.0,1766785437893
4,1.0,1766785443755
4,1.0,1766785449622
4,1.0,1766785455493
4,1.0,1766785461357
4,1.0,1766785467223
4,1.0,1766785473094
4,1.0,1766785478963
4,1.0,1766785484827
4,1.0,1766785490683
4,1.0,1766785496554
4,1.0,1766785502424
4,1.0,1766785508286
4,1.0,1766785514158
4,1.0,1766785520032
4,1.0,1766785525898
4,1.0,1766785531765
4,1.0,1766785537626
4,1.0,1766785543498
4,1.0,1766785549378
4,1.0,1766785555247
4,1.0,1766785561119
4,1.0,1766785566986
4,1.0,1766785572860
4,1.0,1766785578732
4,1.0,1766785584598
4,1.0,1766785590463
4,1.0,1766785596341
4,1.0,1766785602223
4,1.0,1766785608089
4,1.0,1766785613953
4,1.0,1766785619827
4,1.0,1766785625698
4,1.0,1766785631560
4,1.0,1766785637423
4,1.0,1766785643303
4,1.0,1766785649174
4,1.0,1766785655038
4,1.0,1766785660906
4,1.0,1766785666777
4,1.0,1766785672640
4,1.0,1766785678511
4,1.0,1766785684381
4,1.0,1766785690239
4,1.0,1766785696102
4,1.0,1766785701965
4,1.0,1766785707840
4,1.0,1766785713698
4,1.0,1766785719563
4,1.0,1766785725428
4,1.0,1766785731301
4,1.0,1766785737163
4,1.0,1766785743033
4,1.0,1766785748906
4,1.0,1766785754785
4,1.0,1766785760646
4,1.0,1766785766515
4,1.0,1766785772379
4,1.0,1766785778258
4,1.0,1766785784122
4,1.0,1766785789980
4,1.0,1766785795850
4,1.0,1766785801710
4,1.0,1766785807582
4,1.0,1766785813444
4,1.0,1766785819315
4,1.0,1766785825188
4,1.0,1766785831049
4,1.0,1766785836905
4,1.0,1766785842764
4,1.0,1766785848626
4,1.0,1766785854489
4,1.0,1766785860352
4,1.0,1766785866215
4,1.0,1766785872077
4,1.0,1766785877936
4,1.0,1766785883795
4,1.0,1766785889655
4,1.0,1766785895524
4,1.0,1766785901386
4,1.0,1766785907246
4,1.0,1766785913118
4,1.0,1766785918975
4,1.0,1766785924841
4,1.0,1766785930701
4,1.0,1766785936562
4,1.0,1766785942419
4,1.0,1766785948279
4,1.0,1766785954146
4,1.0,1766785960012
4,1.0,1766785965871
4,1.0,1766785971739
4,1.0,1766785977604
4,1.0,1766785983479
4,1.0,1766785989346
4,1.0,1766785995210
4,1.0,1766786001072
4,1.0,1766786006938
4,1.0,1766786012794
4,1.0,1766786018655
4,1.0,1766786024514
4,1.0,1766786030378
4,1.0,1766786036238
4,1.0,1766786042099
4,1.0,1766786047963
4,1.0,1766786053827
4,1.0,1766786059693
4,1.0,1766786065564
4,1.0,1766786071426
4,1.0,1766786077284
4,1.0,1766786083151
4,1.0,1766786089012
4,1.0,1766786094883
4,1.0,1766786100758
4,1.0,1766786106635
4,1.0,1766786112495
4,1.0,1766786118368
4,1.0,1766786124245
4,1.0,1766786130111
4,1.0,1766786135979
4,1.0,1766786141844
4,1.0,1766786147707
4,1.0,1766786153572
4,1.0,1766786159433
4,1.0,1766786165293
4,1.0,1766786171163
4,1.0,1766786177033
4,1.0,1766786182891
4,1.0,1766786188748
4,1.0,1766786194615
4,1.0,1766786200477
4,1.0,1766786206339
4,1.0,1766786212212
4,1.0,1766786218081
4,1.0,1766786223943
4,1.0,1766786229809
4,1.0,1766786235683
4,1.0,1766786241555
4,1.0,1766786247426
4,1.0,1766786253293
4,1.0,1766786259165
4,1.0,1766786265037
4,1.0,1766786270901
4,1.0,1766786276778
4,1.0,1766786282645
4,1.0,1766786288515
4,1.0,1766786294391
4,1.0,1766786300265
4,1.0,1766786306133
4,1.0,1766786312007
4,1.0,1766786317875
4,1.0,1766786323746
4,1.0,1766786329639
4,1.0,1766786335515
4,1.0,1766786341397
4,1.0,1766786347266
4,1.0,1766786353140
4,1.0,1766786359012
4,1.0,1766786364894
4,1.0,1766786370773
4,1.0,1766786376647
4,1.0,1766786382526
4,1.0,1766786388400
4,1.0,1766786394280
4,1.0,1766786400150
4,1.0,1766786406034
4,1.0,1766786411914
4,1.0,1766786417802
4,1.0,1766786423676
4,1.0,1766786429545
4,1.0,1766786435425
4,1.0,1766786441295
4,1.0,1766786447173
4,1.0,1766786453061
4,1.0,1766786458942
4,1.0,1766786464827
4,1.0,1766786470708
4,1.0,1766786476572
4,1.0,1766786482464
4,1.0,1766786488347
4,1.0,1766786494233
4,1.0,1766786500114
4,1.0,1766786505990
4,1.0,1766786511871
4,1.0,1766786517761
4,1.0,1766786523645
4,1.0,1766786529534
4,1.0,1766786535421
4,1.0,1766786541304
4,1.0,1766786547183
4,1.0,1766786553071
4,1.0,1766786558949
4,1.0,1766786564835
4,1.0,1766786570713
4,1.0,1766786576607
4,1.0,1766786582497
4,1.0,1766786588385
4,1.0,1766786594275
4,1.0,1766786600168
4,1.0,1766786606057
4,1.0,1766786611952
4,1.0,1766786617846
4,1.0,1766786623742
4,1.0,1766786629647
4,1.0,1766786635541
4,1.0,1766786641431
4,1.0,1766786647326
4,1.0,1766786653214
4,1.0,1766786659105
4,1.0,1766786665000
5,1.0,1766786668190
5,1.0,1766786674085
5,1.0,1766786679973
5,1.0,1766786685872
5,1.0,1766786691767
5,1.0,1766786697655
5,1.0,1766786703544
5,1.0,1766786709441
5,1.0,1766786715343
5,1.0,1766786721234
5,1.0,1766786727122
5,1.0,1766786733021
5,1.0,1766786738920
5,1.0,1766786744807
5,1.0,1766786750714
5,1.0,1766786756608
5,1.0,1766786762510
5,1.0,1766786768397
5,1.0,1766786774297
5,1.0,1766786780201
5,1.0,1766786786101
5,1.0,1766786792006
5,1.0,1766786797908
5,1.0,1766786803788
5,1.0,1766786809674
5,1.0,1766786815568
5,1.0,1766786821469
5,1.0,1766786827362
5,1.0,1766786833262
5,1.0,1766786839152
5,1.0,1766786845044
5,1.0,1766786850940
5,1.0,1766786856834
5,1.0,1766786862726
5,1.0,1766786868622
5,1.0,1766786874516
5,1.0,1766786880406
5,1.0,1766786886295
5,1.0,1766786892193
5,1.0,1766786898089
5,1.0,1766786903988
5,1.0,1766786909894
5,1.0,1766786915784
5,1.0,1766786921673
5,1.0,1766786927569
5,1.0,1766786933450
5,1.0,1766786939348
5,1.0,1766786945243
5,1.0,1766786951141
5,1.0,1766786957034
5,1.0,1766786962921
5,1.0,1766786968812
5,1.0,1766786974708
5,1.0,1766786980596
5,1.0,1766786986490
5,1.0,1766786992377
5,1.0,1766786998269
5,1.0,1766787004166
5,1.0,1766787010053
5,1.0,1766787015950
5,1.0,1766787021848
5,1.0,1766787027738
5,1.0,1766787033624
5,1.0,1766787039520
5,1.0,1766787045416
5,1.0,1766787051313
5,1.0,1766787057208
5,1.0,1766787063092
5,1.0,1766787068987
5,1.0,1766787074883
5,1.0,1766787080785
5,1.0,1766787086678
5,1.0,1766787092580
5,1.0,1766787098466
5,1.0,1766787104353
5,1.0,1766787110254
5,1.0,1766787116151
5,1.0,1766787122038
5,1.0,1766787127934
5,1.0,1766787133824
5,1.0,1766787139712
5,1.0,1766787145610
5,1.0,1766787151500
5,1.0,1766787157404
5,1.0,1766787163293
5,1.0,1766787169185
5,1.0,1766787175069
5,1.0,1766787180957
5,1.0,1766787186848
5,1.0,1766787192738
5,1.0,1766787198633
5,1.0,1766787204523
5,1.0,1766787210416
5,1.0,1766787216317
5,1.0,1766787222209
5,1.0,1766787228100
5,1.0,1766787233988
5,1.0,1766787239879
5,1.0,1766787245777
5,1.0,1766787251675
5,1.0,1766787257570
5,1.0,1766787263458
5,1.0,1766787269352
5,1.0,1766787275241
5,1.0,1766787281139
5,1.0,1766787287027
5,1.0,1766787292918
5,1.0,1766787298806
5,1.0,1766787304697
5,1.0,1766787310592
5,1.0,1766787316483
5,1.0,1766787322385
5,1.0,1766787328276
5,1.0,1766787334168
5,1.0,1766787340058
5,1.0,1766787345950
5,1.0,1766787351834
5,1.0,1766787357727
5,1.0,1766787363623
5,1.0,1766787369521
5,1.0,1766787375408
5,1.0,1766787381305
5,1.0,1766787387188
5,1.0,1766787393082
5,1.0,1766787398972
5,1.0,1766787404869
5,1.0,1766787410755
5,1.0,1766787416648
5,1.0,1766787422542
5,1.0,1766787428436
5,1.0,1766787434328
5,1.0,1766787440225
5,1.0,1766787446111
5,1.0,1766787452010
5,1.0,1766787457902
5,1.0,1766787463796
5,1.0,1766787469683
5,1.0,1766787475585
5,1.0,1766787481478
5,1.0,1766787487373
5,1.0,1766787493267
5,1.0,1766787499155
5,1.0,1766787505057
5,1.0,1766787510945
5,1.0,1766787516835
5,1.0,1766787522721
5,1.0,1766787528608
5,1.0,1766787534493
5,1.0,1766787540389
5,1.0,1766787546279
5,1.0,1766787552174
5,1.0,1766787558056
5,1.0,1766787563951
5,1.0,1766787569837
5,1.0,1766787575725
5,1.0,1766787581611
5,1.0,1766787587492
5,1.0,1766787593372
5,1.0,1766787599255
5,1.0,1766787605145
5,1.0,1766787611030
5,1.0,1766787616911
5,1.0,1766787622800
5,1.0,1766787628689
5,1.0,1766787634573
5,1.0,1766787640456
5,1.0,1766787646336
5,1.0,1766787652222
5,1.0,1766787658098
5,1.0,1766787663977
5,1.0,1766787669854
5,1.0,1766787675735
5,1.0,1766787681622
5,1.0,1766787687515
5,1.0,1766787693396
5,1.0,1766787699279
5,1.0,1766787705174
5,1.0,1766787711059
5,1.0,1766787716923
5,1.0,1766787722798
5,1.0,1766787728666
5,1.0,1766787734546
5,1.0,1766787740409
5,1.0,1766787746280
5,1.0,1766787752153
5,1.0,1766787758039
5,1.0,1766787763915
5,1.0,1766787769780
5,1.0,1766787775641
5,1.0,1766787781514
5,1.0,1766787787384
5,1.0,1766787793247
5,1.0,1766787799121
5,1.0,1766787804987
5,1.0,1766787810858
5,1.0,1766787816735
5,1.0,1766787822605
5,1.0,1766787828470
5,1.0,1766787834337
5,1.0,1766787840204
5,1.0,1766787846080
5,1.0,1766787851952
5,1.0,1766787857814
5,1.0,1766787863684
5,1.0,1766787869555
5,1.0,1766787875419
5,1.0,1766787881287
5,1.0,1766787887144
5,1.0,1766787893010
5,1.0,1766787898893
5,1.0,1766787904752
5,1.0,1766787910606
5,1.0,1766787916471
5,1.0,1766787922335
5,1.0,1766787928199
5,1.0,1766787934072
5,1.0,1766787939936
5,1.0,1766787945796
5,1.0,1766787951655
5,1.0,1766787957516
5,1.0,1766787963369
5,1.0,1766787969225
5,1.0,1766787975084
5,1.0,1766787980943
5,1.0,1766787986818
5,1.0,1766787992685
5,1.0,1766787998555
5,1.0,1766788004423
5,1.0,1766788010295
5,1.0,1766788016167
5,1.0,1766788022043
5,1.0,1766788027910
5,1.0,1766788033776
5,1.0,1766788039641
5,1.0,1766788045506
5,1.0,1766788051375
5,1.0,1766788057241
5,1.0,1766788063107
5,1.0,1766788068963
5,1.0,1766788074833
5,1.0,1766788080700
5,1.0,1766788086568
5,1.0,1766788092430
5,1.0,1766788098296
5,1.0,1766788104169
5,1.0,1766788110028
5,1.0,1766788115886
5,1.0,1766788121747
5,1.0,1766788127620
5,1.0,1766788133482
5,1.0,1766788139339
5,1.0,1766788145204
5,1.0,1766788151069
5,1.0,1766788156934
5,1.0,1766788162795
5,1.0,1766788168660
5,1.0,1766788174528
5,1.0,1766788180392
5,1.0,1766788186250
5,1.0,1766788192123
5,1.0,1766788197981
5,1.0,1766788203841
5,1.0,1766788209694
5,1.0,1766788215552
5,1.0,1766788221415
5,1.0,1766788227293
5,1.0,1766788233153
5,1.0,1766788239011
5,1.0,1766788244874
5,1.0,1766788250735
5,1.0,1766788256595
5,1.0,1766788262459
5,1.0,1766788268320
5,1.0,1766788274188
5,1.0,1766788280053
5,1.0,1766788285919
5,1.0,1766788291781
5,1.0,1766788297644
5,1.0,1766788303508
5,1.0,1766788309377
5,1.0,1766788315235
5,1.0,1766788321107
5,1.0,1766788326960
5,1.0,1766788332822
5,1.0,1766788338684
5,1.0,1766788344540
5,1.0,1766788350400
5,1.0,1766788356259
5,1.0,1766788362119
5,1.0,1766788367981
5,1.0,1766788373846
5,1.0,1766788379701
5,1.0,1766788385560
5,1.0,1766788391458
5,1.0,1766788397283
5,1.0,1766788403156
5,1.0,1766788409012
5,1.0,1766788414867
5,1.0,1766788420730
5,1.0,1766788426592
5,1.0,1766788432451
5,1.0,1766788438316
5,1.0,1766788444191
5,1.0,1766788450054
5,1.0,1766788455905
5,1.0,1766788461769
5,1.0,1766788467636
5,1.0,1766788473504
5,1.0,1766788479355
5,1.0,1766788485270
5,1.0,1766788491096
5,1.0,1766788496969
5,1.0,1766788502836
5,1.0,1766788508702
5,1.0,1766788514565
5,1.0,1766788520427
5,1.0,1766788526290
5,1.0,1766788532153
5,1.0,1766788538013
5,1.0,1766788543877
5,1.0,1766788549741
5,1.0,1766788555605
5,1.0,1766788561465
5,1.0,1766788567336
5,1.0,1766788573196
5,1.0,1766788579062
5,1.0,1766788584922
5,1.0,1766788590787
5,1.0,1766788596650
5,1.0,1766788602520
5,1.0,1766788608385
5,1.0,1766788614252
5,1.0,1766788620123
5,1.0,1766788625977
5,1.0,1766788631842
5,1.0,1766788637715
5,1.0,1766788643582
5,1.0,1766788649442
5,1.0,1766788655308
5,1.0,1766788661169
5,1.0,1766788667035
5,1.0,1766788672904
5,1.0,1766788678771
5,1.0,1766788684635
5,1.0,1766788690506
5,1.0,1766788696373
5,1.0,1766788702236
5,1.0,1766788708096
5,1.0,1766788713965
5,1.0,1766788719824
5,1.0,1766788725687
5,1.0,1766788731549
5,1.0,1766788737412
5,1.0,1766788743275
5,1.0,1766788749149
5,1.0,1766788755014
5,1.0,1766788760883
5,1.0,1766788766759
5,1.0,1766788772631
5,1.0,1766788778496
5,1.0,1766788784361
5,1.0,1766788790226
5,1.0,1766788796092
5,1.0,1766788801966
5,1.0,1766788807828
5,1.0,1766788813694
5,1.0,1766788819561
5,1.0,1766788825415
5,1.0,1766788831276
5,1.0,1766788837137
5,1.0,1766788842997
5,1.0,1766788848857
5,1.0,1766788854717
5,1.0,1766788860577
5,1.0,1766788866441
5,1.0,1766788872303
5,1.0,1766788878167
5,1.0,1766788884029
5,1.0,1766788889908
5,1.0,1766788895761
5,1.0,1766788901624
5,1.0,1766788907499
5,1.0,1766788913362
5,1.0,1766788919223
5,1.0,1766788925087
5,1.0,1766788930959
5,1.0,1766788936830
5,1.0,1766788942697
5,1.0,1766788948577
5,1.0,1766788954446
5,1.0,1766788960319
5,1.0,1766788966181
5,1.0,1766788972045
5,1.0,1766788977915
5,1.0,1766788983798
5,1.0,1766788989665
5,1.0,1766788995531
5,1.0,1766789001396
5,1.0,1766789007277
5,1.0,1766789013143
5,1.0,1766789019013
5,1.0,1766789024889
5,1.0,1766789030766
5,1.0,1766789036639
5,1.0,1766789042513
5,1.0,1766789048389
5,1.0,1766789054260
5,1.0,1766789060137
5,1.0,1766789066021
5,1.0,1766789071890
5,1.0,1766789077765
5,1.0,1766789083637
5,1.0,1766789089513
5,1.0,1766789095384
5,1.0,1766789101266
5,1.0,1766789107138
5,1.0,1766789113014
5,1.0,1766789118896
5,1.0,1766789124779
5,1.0,1766789130674
5,1.0,1766789136549
5,1.0,1766789142427
5,1.0,1766789148307
5,1.0,1766789154177
5,1.0,1766789160057
5,1.0,1766789165947
5,1.0,1766789171825
5,1.0,1766789177708
5,1.0,1766789183593
5,1.0,1766789189476
5,1.0,1766789195360
5,1.0,1766789201235
5,1.0,1766789207110
5,1.0,1766789212989
5,1.0,1766789218875
5,1.0,1766789224758
5,1.0,1766789230645
5,1.0,1766789236534
5,1.0,1766789242425
5,1.0,1766789248323
5,1.0,1766789254199
5,1.0,1766789260087
5,1.0,1766789265967
5,1.0,1766789271840
5,1.0,1766789277726
5,1.0,1766789283613
5,1.0,1766789289499
5,1.0,1766789295388
5,1.0,1766789301269
5,1.0,1766789307146
5,1.0,1766789313030
5,1.0,1766789318916
5,1.0,1766789324808
5,1.0,1766789330692
5,1.0,1766789336585
5,1.0,1766789342480
5,1.0,1766789348368
5,1.0,1766789354260
5,1.0,1766789360159
5,1.0,1766789366042
5,1.0,1766789371933
5,1.0,1766789377825
5,1.0,1766789383720
5,1.0,1766789389615
5,1.0,1766789395505
5,1.0,1766789401395
5,1.0,1766789407268
5,1.0,1766789413160
5,1.0,1766789419051
5,1.0,1766789424941
5,1.0,1766789430829
5,1.0,1766789436713
5,1.0,1766789442603
5,1.0,1766789448495
5,1.0,1766789454386
5,1.0,1766789460277
5,1.0,1766789466167
5,1.0,1766789472057
5,1.0,1766789477945
5,1.0,1766789483842
5,1.0,1766789489736
5,1.0,1766789495621
5,1.0,1766789501510
5,1.0,1766789507397
5,1.0,1766789513283
5,1.0,1766789519167
5,1.0,1766789525050
5,1.0,1766789530935
5,1.0,1766789536832
5,1.0,1766789542724
5,1.0,1766789548617
5,1.0,1766789554510
5,1.0,1766789560405
5,1.0,1766789566294
5,1.0,1766789572183
5,1.0,1766789578068
5,1.0,1766789583964
5,1.0,1766789589860
5,1.0,1766789595742
5,1.0,1766789601635
5,1.0,1766789607526
5,1.0,1766789613416
5,1.0,1766789619306
5,1.0,1766789625193
5,1.0,1766789631073
5,1.0,1766789636963
5,1.0,1766789642854
5,1.0,1766789648750
5,1.0,1766789654637
5,1.0,1766789660538
5,1.0,1766789666437
5,1.0,1766789672336
5,1.0,1766789678227
5,1.0,1766789684124
5,1.0,1766789690024
5,1.0,1766789695921
5,1.0,1766789701824
5,1.0,1766789707721
5,1.0,1766789713615
5,1.0,1766789719511
5,1.0,1766789725405
5,1.0,1766789731304
5,1.0,1766789737197
5,1.0,1766789743096
5,1.0,1766789748997
5,1.0,1766789754893
5,1.0,1766789760792
5,1.0,1766789766676
5,1.0,1766789772561
5,1.0,1766789778455
5,1.0,1766789784352
5,1.0,1766789790258
5,1.0,1766789796152
5,1.0,1766789802045
5,1.0,1766789807947
5,1.0,1766789813844
5,1.0,1766789819740
5,1.0,1766789825634
5,1.0,1766789831531
5,1.0,1766789837425
5,1.0,1766789843323
5,1.0,1766789849218
5,1.0,1766789855109
5,1.0,1766789861011
5,1.0,1766789866904
5,1.0,1766789872797
5,1.0,1766789878693
5,1.0,1766789884583
5,1.0,1766789890473
5,1.0,1766789896373
5,1.0,1766789902260
5,1.0,1766789908152
5,1.0,1766789914049
5,1.0,1766789919947
5,1.0,1766789925842
5,1.0,1766789931735
5,1.0,1766789937626
5,1.0,1766789943526
5,1.0,1766789949425
5,1.0,1766789955328
5,1.0,1766789961225
5,1.0,1766789967123
5,1.0,1766789973037
5,1.0,1766789978927
5,1.0,1766789984826
5,1.0,1766789990726
5,1.0,1766789996629
5,1.0,1766790002523
5,1.0,1766790008421
5,1.0,1766790014322
5,1.0,1766790020212
5,1.0,1766790026103
5,1.0,1766790032002
5,1.0,1766790037903
5,1.0,1766790043798
5,1.0,1766790049695
5,1.0,1766790055591
5,1.0,1766790061490
5,1.0,1766790067384
5,1.0,1766790073288
5,1.0,1766790079185
5,1.0,1766790085079
5,1.0,1766790090972
5,1.0,1766790096857
5,1.0,1766790102754
5,1.0,1766790108656
5,1.0,1766790114558
5,1.0,1766790120462
5,1.0,1766790126350
5,1.0,1766790132229
5,1.0,1766790138126
5,1.0,1766790144020
5,1.0,1766790149910
5,1.0,1766790155804
5,1.0,1766790161699
5,1.0,1766790167591
5,1.0,1766790173474
5,1.0,1766790179373
5,1.0,1766790185245
5,1.0,1766790191131
5,1.0,1766790197011
5,1.0,1766790202890
5,1.0,1766790208773
5,1.0,1766790214651
5,1.0,1766790220532
5,1.0,1766790226417
5,1.0,1766790232292
5,1.0,1766790238171
5,1.0,1766790244048
5,1.0,1766790249933
5,1.0,1766790255807
5,1.0,1766790261683
5,1.0,1766790267561
5,1.0,1766790273435
5,1.0,1766790279309
5,1.0,1766790285178
5,1.0,1766790291051
5,1.0,1766790296919
5,1.0,1766790302799
5,1.0,1766790308668
5,1.0,1766790314537
5,1.0,1766790320404
5,1.0,1766790326281
5,1.0,1766790332148
5,1.0,1766790338014
5,1.0,1766790343875
5,1.0,1766790349740
5,1.0,1766790355609
5,1.0,1766790361485
5,1.0,1766790367341
5,1.0,1766790373203
5,1.0,1766790379077
5,1.0,1766790384948
5,1.0,1766790390815
5,1.0,1766790396678
5,1.0,1766790402537
5,1.0,1766790408393
5,1.0,1766790414251
5,1.0,1766790420124
5,1.0,1766790425982
5,1.0,1766790431851
5,1.0,1766790437716
5,1.0,1766790443586
5,1.0,1766790449443
5,1.0,1766790455304
5,1.0,1766790461174
5,1.0,1766790467034
5,1.0,1766790472899
5,1.0,1766790478759
5,1.0,1766790484618
5,1.0,1766790490485
5,1.0,1766790496350
5,1.0,1766790502216
5,1.0,1766790508085
5,1.0,1766790513944
5,1.0,1766790519810
5,1.0,1766790525674
5,1.0,1766790531539
5,1.0,1766790537405
5,1.0,1766790543267
5,1.0,1766790549138
5,1.0,1766790555003
5,1.0,1766790560872
5,1.0,1766790566718
5,1.0,1766790572581
5,1.0,1766790578442
5,1.0,1766790584324
5,1.0,1766790590194
5,1.0,1766790596065
5,1.0,1766790601921
5,1.0,1766790607786
5,1.0,1766790613651
5,1.0,1766790619515
5,1.0,1766790625383
5,1.0,1766790631252
5,1.0,1766790637116
5,1.0,1766790642981
5,1.0,1766790648843
5,1.0,1766790654716
5,1.0,1766790660599
5,1.0,1766790666462
5,1.0,1766790672322
5,1.0,1766790678198
5,1.0,1766790684064
5,1.0,1766790689926
5,1.0,1766790695788
5,1.0,1766790701652
5,1.0,1766790707517
5,1.0,1766790713381
5,1.0,1766790719247
5,1.0,1766790725113
5,1.0,1766790730983
5,1.0,1766790736856
5,1.0,1766790742715
5,1.0,1766790748577
5,1.0,1766790754433
5,1.0,1766790760303
5,1.0,1766790766167
5,1.0,1766790772030
5,1.0,1766790777900
5,1.0,1766790783755
5,1.0,1766790789622
5,1.0,1766790795482
5,1.0,1766790801347
5,1.0,1766790807211
5,1.0,1766790813080
5,1.0,1766790818961
5,1.0,1766790824827
5,1.0,1766790830703
5,1.0,1766790836578
5,1.0,1766790842446
5,1.0,1766790848306
5,1.0,1766790854174
5,1.0,1766790860031
5,1.0,1766790865898
5,1.0,1766790871760
5,1.0,1766790877623
5,1.0,1766790883481
5,1.0,1766790889347
5,1.0,1766790895212
5,1.0,1766790901087
5,1.0,1766790906958
5,1.0,1766790912820
5,1.0,1766790918686
5,1.0,1766790924551
5,1.0,1766790930420
5,1.0,1766790936282
5,1.0,1766790942155
5,1.0,1766790948020
5,1.0,1766790953880
5,1.0,1766790959742
5,1.0,1766790965610
5,1.0,1766790971475
5,1.0,1766790977340
5,1.0,1766790983206
5,1.0,1766790989066
5,1.0,1766790994943
5,1.0,1766791000807
5,1.0,1766791006674
5,1.0,1766791012543
5,1.0,1766791018420
5,1.0,1766791024289
5,1.0,1766791030160
5,1.0,1766791036028
5,1.0,1766791041887
5,1.0,1766791047750
5,1.0,1766791053620
5,1.0,1766791059482
5,1.0,1766791065343
5,1.0,1766791071198
5,1.0,1766791077064
5,1.0,1766791082927
5,1.0,1766791088787
5,1.0,1766791094650
5,1.0,1766791100519
5,1.0,1766791106377
5,1.0,1766791112229
5,1.0,1766791118087
5,1.0,1766791123948
5,1.0,1766791129814
5,1.0,1766791135670
5,1.0,1766791141523
5,1.0,1766791147396
5,1.0,1766791153257
5,1.0,1766791159127
5,1.0,1766791164989
5,1.0,1766791170846
5,1.0,1766791176712
5,1.0,1766791182578
5,1.0,1766791188438
5,1.0,1766791194294
5,1.0,1766791200159
5,1.0,1766791206023
5,1.0,1766791211884
5,1.0,1766791217748
5,1.0,1766791223606
5,1.0,1766791229471
5,1.0,1766791235325
5,1.0,1766791241191
5,1.0,1766791247052
5,1.0,1766791252909
5,1.0,1766791258767
5,1.0,1766791264623
5,1.0,1766791270492
5,1.0,1766791276356
5,1.0,1766791282210
5,1.0,1766791288082
5,1.0,1766791293936
5,1.0,1766791299778
5,1.0,1766791305637
5,1.0,1766791311501
5,1.0,1766791317361
5,1.0,1766791323225
5,1.0,1766791329087
5,1.0,1766791334948
5,1.0,1766791340814
5,1.0,1766791346665
5,1.0,1766791352521
5,1.0,1766791358381
5,1.0,1766791364245
5,1.0,1766791370111
5,1.0,1766791375973
5,1.0,1766791381832
5,1.0,1766791387700
5,1.0,1766791393551
5,1.0,1766791399412
5,1.0,1766791405282
5,1.0,1766791411141
5,1.0,1766791417006
5,1.0,1766791422887
5,1.0,1766791428759
5,1.0,1766791434626
5,1.0,1766791440482
5,1.0,1766791446342
5,1.0,1766791452202
5,1.0,1766791458061
5,1.0,1766791463910
5,1.0,1766791469767
5,1.0,1766791475624
5,1.0,1766791481491
5,1.0,1766791487348
5,1.0,1766791493213
5,1.0,1766791499081
5,1.0,1766791504941
5,1.0,1766791510794
5,1.0,1766791516648
5,1.0,1766791522504
5,1.0,1766791528359
5,1.0,1766791534223
5,1.0,1766791540085
5,1.0,1766791545943
5,1.0,1766791551803
5,1.0,1766791557668
5,1.0,1766791563531
5,1.0,1766791569394
5,1.0,1766791575260
5,1.0,1766791581126
5,1.0,1766791586998
5,1.0,1766791592860
5,1.0,1766791598720
5,1.0,1766791604575
5,1.0,1766791610444
5,1.0,1766791616305
5,1.0,1766791622168
5,1.0,1766791628029
5,1.0,1766791633901
5,1.0,1766791639757
5,1.0,1766791645623
5,1.0,1766791651483
5,1.0,1766791657336
5,1.0,1766791663206
5,1.0,1766791669071
5,1.0,1766791674932
5,1.0,1766791680792
5,1.0,1766791686661
5,1.0,1766791692532
5,1.0,1766791698397
5,1.0,1766791704261
5,1.0,1766791710118
5,1.0,1766791715977
5,1.0,1766791721839
5,1.0,1766791727699
5,1.0,1766791733566
5,1.0,1766791739421
5,1.0,1766791745279
5,1.0,1766791751139
5,1.0,1766791756997
5,1.0,1766791762850
5,1.0,1766791768720
5,1.0,1766791774578
5,1.0,1766791780433
5,1.0,1766791786298
5,1.0,1766791792160
5,1.0,1766791798017
5,1.0,1766791803880
5,1.0,1766791809753
5,1.0,1766791815606
5,1.0,1766791821466
5,1.0,1766791827330
5,1.0,1766791833194
5,1.0,1766791839055
5,1.0,1766791844933
5,1.0,1766791850789
5,1.0,1766791856652
5,1.0,1766791862507
5,1.0,1766791868363
5,1.0,1766791874226
5,1.0,1766791880085
5,1.0,1766791885947
5,1.0,1766791891789
5,1.0,1766791897653
5,1.0,1766791903509
5,1.0,1766791909366
5,1.0,1766791915225
5,1.0,1766791921076
5,1.0,1766791926933
5,1.0,1766791932787
5,1.0,1766791938646
5,1.0,1766791944513
5,1.0,1766791950367
5,1.0,1766791956228
5,1.0,1766791962083
5,1.0,1766791967946
5,1.0,1766791973804
5,1.0,1766791979660
5,1.0,1766791985522
5,1.0,1766791991389
5,1.0,1766791997252
5,1.0,1766792003106
5,1.0,1766792008964
5,1.0,1766792014818
5,1.0,1766792020678
5,1.0,1766792026530
5,1.0,1766792032385
5,1.0,1766792038245
5,1.0,1766792044111
5,1.0,1766792049976
5,1.0,1766792055829
5,1.0,1766792061689
5,1.0,1766792067547
5,1.0,1766792073408
5,1.0,1766792079265
5,1.0,1766792085124
5,1.0,1766792090972
5,1.0,1766792096833
5,1.0,1766792102699
5,1.0,1766792108555
5,1.0,1766792114422
5,1.0,1766792120292
5,1.0,1766792126151
5,1.0,1766792132018
5,1.0,1766792137880
5,1.0,1766792143737
5,1.0,1766792149600
5,1.0,1766792155457
5,1.0,1766792161320
5,1.0,1766792167179
5,1.0,1766792173032
6,1.0,1766792176210
6,1.0,1766792182071
6,1.0,1766792187926
6,1.0,1766792193788
6,1.0,1766792199656
6,1.0,1766792205515
6,1.0,1766792211379
6,1.0,1766792217240
6,1.0,1766792223097
6,1.0,1766792228957
6,1.0,1766792234816
6,1.0,1766792240684
6,1.0,1766792246550
6,1.0,1766792252409
6,1.0,1766792258271
6,1.0,1766792264135
6,1.0,1766792270001
6,1.0,1766792275860
6,1.0,1766792281717
6,1.0,1766792287583
6,1.0,1766792293452
6,1.0,1766792299312
6,1.0,1766792305179
6,1.0,1766792311044
6,1.0,1766792316905
6,1.0,1766792322766
6,1.0,1766792328631
6,1.0,1766792334488
6,1.0,1766792340355
6,1.0,1766792346234
6,1.0,1766792352096
6,1.0,1766792357965
6,1.0,1766792363833
6,1.0,1766792369691
6,1.0,1766792375561
6,1.0,1766792381428
6,1.0,1766792387290
6,1.0,1766792393168
6,1.0,1766792399025
6,1.0,1766792404883
6,1.0,1766792410743
6,1.0,1766792416613
6,1.0,1766792422471
6,1.0,1766792428337
6,1.0,1766792434206
6,1.0,1766792440070
6,1.0,1766792445928
6,1.0,1766792451790
6,1.0,1766792457658
6,1.0,1766792463517
6,1.0,1766792469380
6,1.0,1766792475236
6,1.0,1766792481107
6,1.0,1766792486976
6,1.0,1766792492847
6,1.0,1766792498706
6,1.0,1766792504570
6,1.0,1766792510433
6,1.0,1766792516291
6,1.0,1766792522154
6,1.0,1766792528022
6,1.0,1766792533886
6,1.0,1766792539752
6,1.0,1766792545607
6,1.0,1766792551469
6,1.0,1766792557327
6,1.0,1766792563198
6,1.0,1766792569068
6,1.0,1766792574931
6,1.0,1766792580795
6,1.0,1766792586654
6,1.0,1766792592519
6,1.0,1766792598385
6,1.0,1766792604245
6,1.0,1766792610112
6,1.0,1766792615976
6,1.0,1766792621835
6,1.0,1766792627694
6,1.0,1766792633559
6,1.0,1766792639424
6,1.0,1766792645294
6,1.0,1766792651161
6,1.0,1766792657029
6,1.0,1766792662895
6,1.0,1766792668761
6,1.0,1766792674633
6,1.0,1766792680495
6,1.0,1766792686360
6,1.0,1766792692231
6,1.0,1766792698089
6,1.0,1766792703952
6,1.0,1766792709820
6,1.0,1766792715675
6,1.0,1766792721550
6,1.0,1766792727404
6,1.0,1766792733269
6,1.0,1766792739135
6,1.0,1766792744997
6,1.0,1766792750865
6,1.0,1766792756732
6,1.0,1766792762604
6,1.0,1766792768471
6,1.0,1766792774332
6,1.0,1766792780187
6,1.0,1766792786056
6,1.0,1766792791907
6,1.0,1766792797771
6,1.0,1766792803630
6,1.0,1766792809500
6,1.0,1766792815362
6,1.0,1766792821223
6,1.0,1766792827085
6,1.0,1766792832938
6,1.0,1766792838796
6,1.0,1766792844664
6,1.0,1766792850526
6,1.0,1766792856382
6,1.0,1766792862243
6,1.0,1766792868115
6,1.0,1766792873971
6,1.0,1766792879834
6,1.0,1766792885703
6,1.0,1766792891569
6,1.0,1766792897438
6,1.0,1766792903304
6,1.0,1766792909162
6,1.0,1766792915021
6,1.0,1766792920882
6,1.0,1766792926748
6,1.0,1766792932600
6,1.0,1766792938464
6,1.0,1766792944329
6,1.0,1766792950186
6,1.0,1766792956046
6,1.0,1766792961907
6,1.0,1766792967767
6,1.0,1766792973631
6,1.0,1766792979498
6,1.0,1766792985364
6,1.0,1766792991220
6,1.0,1766792997076
6,1.0,1766793002945
6,1.0,1766793008818
6,1.0,1766793014691
6,1.0,1766793020553
6,1.0,1766793026410
6,1.0,1766793032280
6,1.0,1766793038139
6,1.0,1766793044004
6,1.0,1766793049877
6,1.0,1766793055737
6,1.0,1766793061596
6,1.0,1766793067459
6,1.0,1766793073325
6,1.0,1766793079186
6,1.0,1766793085044
6,1.0,1766793090912
6,1.0,1766793096771
6,1.0,1766793102626
6,1.0,1766793108495
6,1.0,1766793114352
6,1.0,1766793120217
6,1.0,1766793126078
6,1.0,1766793131947
6,1.0,1766793137808
6,1.0,1766793143666
6,1.0,1766793149531
6,1.0,1766793155407
6,1.0,1766793161280
6,1.0,1766793167141
6,1.0,1766793173016
6,1.0,1766793178886
6,1.0,1766793184754
6,1.0,1766793190612
6,1.0,1766793196471
6,1.0,1766793202326
6,1.0,1766793208185
6,1.0,1766793214048
6,1.0,1766793219905
6,1.0,1766793225762
6,1.0,1766793231612
6,1.0,1766793237466
6,1.0,1766793243329
6,1.0,1766793249197
6,1.0,1766793255069
6,1.0,1766793260928
6,1.0,1766793266796
6,1.0,1766793272659
6,1.0,1766793278521
6,1.0,1766793284381
6,1.0,1766793290232
6,1.0,1766793296102
6,1.0,1766793301963
6,1.0,1766793307827
6,1.0,1766793313694
6,1.0,1766793319561
6,1.0,1766793325424
6,1.0,1766793331280
6,1.0,1766793337146
6,1.0,1766793343012
6,1.0,1766793348876
6,1.0,1766793354742
6,1.0,1766793360605
6,1.0,1766793366459
6,1.0,1766793372327
6,1.0,1766793378187
6,1.0,1766793384042
6,1.0,1766793389913
6,1.0,1766793395773
6,1.0,1766793401634
6,1.0,1766793407500
6,1.0,1766793413363
6,1.0,1766793419221
6,1.0,1766793425090
6,1.0,1766793430949
6,1.0,1766793436808
6,1.0,1766793442673
6,1.0,1766793448533
6,1.0,1766793454394
6,1.0,1766793460254
6,1.0,1766793466114
6,1.0,1766793471977
6,1.0,1766793477836
6,1.0,1766793483705
6,1.0,1766793489568
6,1.0,1766793495435
6,1.0,1766793501290
6,1.0,1766793507150
6,1.0,1766793513020
6,1.0,1766793518891
6,1.0,1766793524756
6,1.0,1766793530620
6,1.0,1766793536487
6,1.0,1766793542354
6,1.0,1766793548218
6,1.0,1766793554074
6,1.0,1766793559940
6,1.0,1766793565806
6,1.0,1766793571667
6,1.0,1766793577526
6,1.0,1766793583392
6,1.0,1766793589262
6,1.0,1766793595128
6,1.0,1766793600989
6,1.0,1766793606845
6,1.0,1766793612706
6,1.0,1766793618566
6,1.0,1766793624424
6,1.0,1766793630289
6,1.0,1766793636161
6,1.0,1766793642029
6,1.0,1766793647889
6,1.0,1766793653752
6,1.0,1766793659611
6,1.0,1766793665482
6,1.0,1766793671356
6,1.0,1766793677223
6,1.0,1766793683082
6,1.0,1766793688946
6,1.0,1766793694813
6,1.0,1766793700671
6,1.0,1766793706536
6,1.0,1766793712397
6,1.0,1766793718268
6,1.0,1766793724130
6,1.0,1766793729990
6,1.0,1766793735852
6,1.0,1766793741711
6,1.0,1766793747582
6,1.0,1766793753446
6,1.0,1766793759302
6,1.0,1766793765157
6,1.0,1766793771016
6,1.0,1766793776883
6,1.0,1766793782741
6,1.0,1766793788607
6,1.0,1766793794466
6,1.0,1766793800329
6,1.0,1766793806190
6,1.0,1766793812046
6,1.0,1766793817910
6,1.0,1766793823764
6,1.0,1766793829612
6,1.0,1766793835471
6,1.0,1766793841343
6,1.0,1766793847200
6,1.0,1766793853058
6,1.0,1766793858919
6,1.0,1766793864783
6,1.0,1766793870639
6,1.0,1766793876510
6,1.0,1766793882368
6,1.0,1766793888228
6,1.0,1766793894084
6,1.0,1766793899948
6,1.0,1766793905812
6,1.0,1766793911668
6,1.0,1766793917526
6,1.0,1766793923383
6,1.0,1766793929235
6,1.0,1766793935089
6,1.0,1766793940944
6,1.0,1766793946807
6,1.0,1766793952659
6,1.0,1766793958521
6,1.0,1766793964370
6,1.0,1766793970228
6,1.0,1766793976087
6,1.0,1766793981949
6,1.0,1766793987803
6,1.0,1766793993656
6,1.0,1766793999516
6,1.0,1766794005381
6,1.0,1766794011253
6,1.0,1766794017109
6,1.0,1766794022962
6,1.0,1766794028817
6,1.0,1766794034678
6,1.0,1766794040533
6,1.0,1766794046394
6,1.0,1766794052266
6,1.0,1766794058125
6,1.0,1766794063981
6,1.0,1766794069843
6,1.0,1766794075702
6,1.0,1766794081561
6,1.0,1766794087421
6,1.0,1766794093291
6,1.0,1766794099159
6,1.0,1766794105015
6,1.0,1766794110882
6,1.0,1766794116753
6,1.0,1766794122619
6,1.0,1766794128480
6,1.0,1766794134343
6,1.0,1766794140214
6,1.0,1766794146070
6,1.0,1766794151931
6,1.0,1766794157788
6,1.0,1766794163642
6,1.0,1766794169507
6,1.0,1766794175370
6,1.0,1766794181224
6,1.0,1766794187079
6,1.0,1766794192938
6,1.0,1766794198791
6,1.0,1766794204651
6,1.0,1766794210515
6,1.0,1766794216373
6,1.0,1766794222236
6,1.0,1766794228090
6,1.0,1766794233954
6,1.0,1766794239814
6,1.0,1766794245675
6,1.0,1766794251534
6,1.0,1766794257396
6,1.0,1766794263258
6,1.0,1766794269123
6,1.0,1766794274973
6,1.0,1766794280825
6,1.0,1766794286693
6,1.0,1766794292547
6,1.0,1766794298409
6,1.0,1766794304267
6,1.0,1766794310124
6,1.0,1766794315985
6,1.0,1766794321851
6,1.0,1766794327704
6,1.0,1766794333569
6,1.0,1766794339424
6,1.0,1766794345292
6,1.0,1766794351158
6,1.0,1766794357019
6,1.0,1766794362875
6,1.0,1766794368742
6,1.0,1766794374605
6,1.0,1766794380467
6,1.0,1766794386331
6,1.0,1766794392192
6,1.0,1766794398066
6,1.0,1766794403928
6,1.0,1766794409795
6,1.0,1766794415655
6,1.0,1766794421515
6,1.0,1766794427380
6,1.0,1766794433245
6,1.0,1766794439104
6,1.0,1766794444973
6,1.0,1766794450836
6,1.0,1766794456702
6,1.0,1766794462563
6,1.0,1766794468426
6,1.0,1766794474297
6,1.0,1766794480167
6,1.0,1766794486034
6,1.0,1766794491891
6,1.0,1766794497760
6,1.0,1766794503627
6,1.0,1766794509498
6,1.0,1766794515368
6,1.0,1766794521239
6,1.0,1766794527101
6,1.0,1766794532968
6,1.0,1766794538848
6,1.0,1766794544717
6,1.0,1766794550584
6,1.0,1766794556458
6,1.0,1766794562325
6,1.0,1766794568189
6,1.0,1766794574052
6,1.0,1766794579925
6,1.0,1766794585789
6,1.0,1766794591654
6,1.0,1766794597517
6,1.0,1766794603381
6,1.0,1766794609246
6,1.0,1766794615111
6,1.0,1766794620970
6,1.0,1766794626823
6,1.0,1766794632692
6,1.0,1766794638559
6,1.0,1766794644427
6,1.0,1766794650298
6,1.0,1766794656171
6,1.0,1766794662034
6,1.0,1766794667896
6,1.0,1766794673755
6,1.0,1766794679615
6,1.0,1766794685473
6,1.0,1766794691330
6,1.0,1766794697181
6,1.0,1766794703038
6,1.0,1766794708895
6,1.0,1766794714763
6,1.0,1766794720623
6,1.0,1766794726487
6,1.0,1766794732335
6,1.0,1766794738195
6,1.0,1766794744055
6,1.0,1766794749914
6,1.0,1766794755774
6,1.0,1766794761639
6,1.0,1766794767511
6,1.0,1766794773371
6,1.0,1766794779232
6,1.0,1766794785091
6,1.0,1766794790955
6,1.0,1766794796815
6,1.0,1766794802685
6,1.0,1766794808541
6,1.0,1766794814410
6,1.0,1766794820269
6,1.0,1766794826131
6,1.0,1766794831996
6,1.0,1766794837865
6,1.0,1766794843729
6,1.0,1766794849595
6,1.0,1766794855456
6,1.0,1766794861319
6,1.0,1766794867169
6,1.0,1766794873025
6,1.0,1766794878887
6,1.0,1766794884758
6,1.0,1766794890616
6,1.0,1766794896478
6,1.0,1766794902341
6,1.0,1766794908201
6,1.0,1766794914066
6,1.0,1766794919934
6,1.0,1766794925809
6,1.0,1766794931673
6,1.0,1766794937539
6,1.0,1766794943398
6,1.0,1766794949251
6,1.0,1766794955117
6,1.0,1766794960978
6,1.0,1766794966845
6,1.0,1766794972712
6,1.0,1766794978585
6,1.0,1766794984441
6,1.0,1766794990292
6,1.0,1766794996155
6,1.0,1766795002010
6,1.0,1766795007869
6,1.0,1766795013732
6,1.0,1766795019591
6,1.0,1766795025464
6,1.0,1766795031332
6,1.0,1766795037192
6,1.0,1766795043056
6,1.0,1766795048927
6,1.0,1766795054792
6,1.0,1766795060652
6,1.0,1766795066509
6,1.0,1766795072364
6,1.0,1766795078237
6,1.0,1766795084092
6,1.0,1766795089951
6,1.0,1766795095822
6,1.0,1766795101675
6,1.0,1766795107526
6,1.0,1766795113398
6,1.0,1766795119252
6,1.0,1766795125122
6,1.0,1766795130993
6,1.0,1766795136850
6,1.0,1766795142707
6,1.0,1766795148573
6,1.0,1766795154441
6,1.0,1766795160308
6,1.0,1766795166175
6,1.0,1766795172044
6,1.0,1766795177901
6,1.0,1766795183769
6,1.0,1766795189629
6,1.0,1766795195496
6,1.0,1766795201350
6,1.0,1766795207208
6,1.0,1766795213072
6,1.0,1766795218932
6,1.0,1766795224791
6,1.0,1766795230649
6,1.0,1766795236515
6,1.0,1766795242386
6,1.0,1766795248245
6,1.0,1766795254102
6,1.0,1766795259963
6,1.0,1766795265825
6,1.0,1766795271689
6,1.0,1766795277567
6,1.0,1766795283431
6,1.0,1766795289289
6,1.0,1766795295158
6,1.0,1766795301021
6,1.0,1766795306889
6,1.0,1766795312760
6,1.0,1766795318620
6,1.0,1766795324491
6,1.0,1766795330356
6,1.0,1766795336233
6,1.0,1766795342098
6,1.0,1766795347968
6,1.0,1766795353837
6,1.0,1766795359700
6,1.0,1766795365566
6,1.0,1766795371436
6,1.0,1766795377297
6,1.0,1766795383163
6,1.0,1766795389020
6,1.0,1766795394888
6,1.0,1766795400752
6,1.0,1766795406609
6,1.0,1766795412482
6,1.0,1766795418342
6,1.0,1766795424195
6,1.0,1766795430059
6,1.0,1766795435925
6,1.0,1766795441791
6,1.0,1766795447650
6,1.0,1766795453513
6,1.0,1766795459366
6,1.0,1766795465227
6,1.0,1766795471093
6,1.0,1766795476956
6,1.0,1766795482813
6,1.0,1766795488680
6,1.0,1766795494538
6,1.0,1766795500397
6,1.0,1766795506259
6,1.0,1766795512135
6,1.0,1766795517999
6,1.0,1766795523857
6,1.0,1766795529728
6,1.0,1766795535592
6,1.0,1766795541468
6,1.0,1766795547327
6,1.0,1766795553183
6,1.0,1766795559038
6,1.0,1766795564893
6,1.0,1766795570769
6,1.0,1766795576633
6,1.0,1766795582496
6,1.0,1766795588345
6,1.0,1766795594210
6,1.0,1766795600067
6,1.0,1766795605931
6,1.0,1766795611787
6,1.0,1766795617662
6,1.0,1766795623531
6,1.0,1766795629395
6,1.0,1766795635258
6,1.0,1766795641121
6,1.0,1766795646982
6,1.0,1766795652851
6,1.0,1766795658717
6,1.0,1766795664588
6,1.0,1766795670461
6,1.0,1766795676324
6,1.0,1766795682186
6,1.0,1766795688046
6,1.0,1766795693904
6,1.0,1766795699765
6,1.0,1766795705623
6,1.0,1766795711481
6,1.0,1766795717342
6,1.0,1766795723201
6,1.0,1766795729060
6,1.0,1766795734923
6,1.0,1766795740780
6,1.0,1766795746647
6,1.0,1766795752504
6,1.0,1766795758360
6,1.0,1766795764225
6,1.0,1766795770086
6,1.0,1766795775948
6,1.0,1766795781808
6,1.0,1766795787670
6,1.0,1766795793543
6,1.0,1766795799407
6,1.0,1766795805277
6,1.0,1766795811146
6,1.0,1766795817015
6,1.0,1766795822877
6,1.0,1766795828742
6,1.0,1766795834604
6,1.0,1766795840470
6,1.0,1766795846331
6,1.0,1766795852192
6,1.0,1766795858049
6,1.0,1766795863914
6,1.0,1766795869781
6,1.0,1766795875647
6,1.0,1766795881514
6,1.0,1766795887376
6,1.0,1766795893246
6,1.0,1766795899107
6,1.0,1766795904966
6,1.0,1766795910834
6,1.0,1766795916695
6,1.0,1766795922556
6,1.0,1766795928422
6,1.0,1766795934287
6,1.0,1766795940157
6,1.0,1766795946018
6,1.0,1766795951881
6,1.0,1766795957741
6,1.0,1766795963608
6,1.0,1766795969481
6,1.0,1766795975346
6,1.0,1766795981212
6,1.0,1766795987072
6,1.0,1766795992934
6,1.0,1766795998799
6,1.0,1766796004659
6,1.0,1766796010528
6,1.0,1766796016398
6,1.0,1766796022267
6,1.0,1766796028127
6,1.0,1766796033996
6,1.0,1766796039858
6,1.0,1766796045721
6,1.0,1766796051582
6,1.0,1766796057450
6,1.0,1766796063323
6,1.0,1766796069183
6,1.0,1766796075041
6,1.0,1766796080903
6,1.0,1766796086775
6,1.0,1766796092639
6,1.0,1766796098504
6,1.0,1766796104371
6,1.0,1766796110236
6,1.0,1766796116093
6,1.0,1766796121957
6,1.0,1766796127827
6,1.0,1766796133696
6,1.0,1766796139566
6,1.0,1766796145418
6,1.0,1766796151276
6,1.0,1766796157139
6,1.0,1766796163003
6,1.0,1766796168863
6,1.0,1766796174726
6,1.0,1766796180599
6,1.0,1766796186461
6,1.0,1766796192327
6,1.0,1766796198194
6,1.0,1766796204060
6,1.0,1766796209919
6,1.0,1766796215785
6,1.0,1766796221651
6,1.0,1766796227520
6,1.0,1766796233394
6,1.0,1766796239247
6,1.0,1766796245107
6,1.0,1766796250971
6,1.0,1766796256831
6,1.0,1766796262691
6,1.0,1766796268555
6,1.0,1766796274412
6,1.0,1766796280275
6,1.0,1766796286135
6,1.0,1766796291997
6,1.0,1766796297857
6,1.0,1766796303713
6,1.0,1766796309576
6,1.0,1766796315436
6,1.0,1766796321298
6,1.0,1766796327165
6,1.0,1766796333031
6,1.0,1766796338896
6,1.0,1766796344752
6,1.0,1766796350615
6,1.0,1766796356478
6,1.0,1766796362344
6,1.0,1766796368207
6,1.0,1766796374066
6,1.0,1766796379927
6,1.0,1766796385791
6,1.0,1766796391657
6,1.0,1766796397530
6,1.0,1766796403398
6,1.0,1766796409269
6,1.0,1766796415128
6,1.0,1766796420987
6,1.0,1766796426856
6,1.0,1766796432714
6,1.0,1766796438575
6,1.0,1766796444432
6,1.0,1766796450295
6,1.0,1766796456168
6,1.0,1766796462030
6,1.0,1766796467894
6,1.0,1766796473756
6,1.0,1766796479604
6,1.0,1766796485465
6,1.0,1766796491326
6,1.0,1766796497192
6,1.0,1766796503058
6,1.0,1766796508914
6,1.0,1766796514778
6,1.0,1766796520639
6,1.0,1766796526513
6,1.0,1766796532387
6,1.0,1766796538254
6,1.0,1766796544132
6,1.0,1766796550007
6,1.0,1766796555876
6,1.0,1766796561748
6,1.0,1766796567616
6,1.0,1766796573490
6,1.0,1766796579359
6,1.0,1766796585228
6,1.0,1766796591100
6,1.0,1766796596968
6,1.0,1766796602840
6,1.0,1766796608710
6,1.0,1766796614579
6,1.0,1766796620447
6,1.0,1766796626311
6,1.0,1766796632176
6,1.0,1766796638043
6,1.0,1766796643910
6,1.0,1766796649775
6,1.0,1766796655651
6,1.0,1766796661528
6,1.0,1766796667400
6,1.0,1766796673277
6,1.0,1766796679136
6,1.0,1766796685000
6,1.0,1766796690867
6,1.0,1766796696728
6,1.0,1766796702586
6,1.0,1766796708453
6,1.0,1766796714310
6,1.0,1766796720189
6,1.0,1766796726045
6,1.0,1766796731908
6,1.0,1766796737777
6,1.0,1766796743641
6,1.0,1766796749499
6,1.0,1766796755364
6,1.0,1766796761229
6,1.0,1766796767098
6,1.0,1766796772958
6,1.0,1766796778831
6,1.0,1766796784696
6,1.0,1766796790572
6,1.0,1766796796439
6,1.0,1766796802322
6,1.0,1766796808197
6,1.0,1766796814067
6,1.0,1766796819937
6,1.0,1766796825813
6,1.0,1766796831680
6,1.0,1766796837560
6,1.0,1766796843434
6,1.0,1766796849294
6,1.0,1766796855171
6,1.0,1766796861043
6,1.0,1766796866916
6,1.0,1766796872799
6,1.0,1766796878672
6,1.0,1766796884539
6,1.0,1766796890409
6,1.0,1766796896296
6,1.0,1766796902162
6,1.0,1766796908030
6,1.0,1766796913905
6,1.0,1766796919782
6,1.0,1766796925663
6,1.0,1766796931525
6,1.0,1766796937399
6,1.0,1766796943274
6,1.0,1766796949151
6,1.0,1766796955010
6,1.0,1766796960872
6,1.0,1766796966731
6,1.0,1766796972595
6,1.0,1766796978462
6,1.0,1766796984341
6,1.0,1766796990207
6,1.0,1766796996076
6,1.0,1766797001938
6,1.0,1766797007814
6,1.0,1766797013680
6,1.0,1766797019554
6,1.0,1766797025423
6,1.0,1766797031298
6,1.0,1766797037166
6,1.0,1766797043039
6,1.0,1766797048904
6,1.0,1766797054781
6,1.0,1766797060658
6,1.0,1766797066525
6,1.0,1766797072396
6,1.0,1766797078258
6,1.0,1766797084139
6,1.0,1766797090005
6,1.0,1766797095876
6,1.0,1766797101742
6,1.0,1766797107601
6,1.0,1766797113474
6,1.0,1766797119335
6,1.0,1766797125206
6,1.0,1766797131072
6,1.0,1766797136936
6,1.0,1766797142811
6,1.0,1766797148675
6,1.0,1766797154545
6,1.0,1766797160410
6,1.0,1766797166279
6,1.0,1766797172147
6,1.0,1766797178020
6,1.0,1766797183900
6,1.0,1766797189761
6,1.0,1766797195637
6,1.0,1766797201507
6,1.0,1766797207373
6,1.0,1766797213247
6,1.0,1766797219118
6,1.0,1766797224994
6,1.0,1766797230859
6,1.0,1766797236730
6,1.0,1766797242594
6,1.0,1766797248460
6,1.0,1766797254320
6,1.0,1766797260186
6,1.0,1766797266047
6,1.0,1766797271909
6,1.0,1766797277769
6,1.0,1766797283638
6,1.0,1766797289508
6,1.0,1766797295378
6,1.0,1766797301242
6,1.0,1766797307122
6,1.0,1766797312982
6,1.0,1766797318844
6,1.0,1766797324706
6,1.0,1766797330572
6,1.0,1766797336432
6,1.0,1766797342296
6,1.0,1766797348159
6,1.0,1766797354019
6,1.0,1766797359883
6,1.0,1766797365742
6,1.0,1766797371609
6,1.0,1766797377480
6,1.0,1766797383341
6,1.0,1766797389212
6,1.0,1766797395079
6,1.0,1766797400950
6,1.0,1766797406815
6,1.0,1766797412685
6,1.0,1766797418547
6,1.0,1766797424417
6,1.0,1766797430278
6,1.0,1766797436145
6,1.0,1766797442009
6,1.0,1766797447872
6,1.0,1766797453734
6,1.0,1766797459608
6,1.0,1766797465477
6,1.0,1766797471346
6,1.0,1766797477216
6,1.0,1766797483082
6,1.0,1766797488950
6,1.0,1766797494816
6,1.0,1766797500682
6,1.0,1766797506548
6,1.0,1766797512417
6,1.0,1766797518285
6,1.0,1766797524140
6,1.0,1766797530007
6,1.0,1766797535862
6,1.0,1766797541720
6,1.0,1766797547583
6,1.0,1766797553447
6,1.0,1766797559312
6,1.0,1766797565174
6,1.0,1766797571037
6,1.0,1766797576901
6,1.0,1766797582757
6,1.0,1766797588616
6,1.0,1766797594476
6,1.0,1766797600341
6,1.0,1766797606205
6,1.0,1766797612068
6,1.0,1766797617933
6,1.0,1766797623793
6,1.0,1766797629656
6,1.0,1766797635513
6,1.0,1766797641377
6,1.0,1766797647235
6,1.0,1766797653092
6,1.0,1766797658955
6,1.0,1766797664820
6,1.0,1766797670682
