gpu_memory_usage,Context.TRAINING,LoggingItemKind.SYSTEM_METRIC
0,0.6295769775917927,1766818555062
0,0.5221725201051165,1766818555783
0,0.5221725201051165,1766818555920
0,0.5221725201051165,1766818556073
0,0.5221725201051165,1766818556220
0,0.5221725201051165,1766818556368
0,0.5221725201051165,1766818556535
0,0.5221725201051165,1766818556692
0,0.5221725201051165,1766818556849
0,0.5221725201051165,1766818557002
0,0.5221725201051165,1766818557175
0,0.5221725201051165,1766818557338
0,0.5221725201051165,1766818557491
0,0.5221725201051165,1766818557671
0,0.5221725201051165,1766818557836
0,0.5221725201051165,1766818557992
0,0.5221725201051165,1766818558139
0,0.5221725201051165,1766818558293
0,0.5221725201051165,1766818558440
0,0.5221725201051165,1766818558600
0,0.5221725201051165,1766818558756
0,0.5221725201051165,1766818558900
0,0.5221725201051165,1766818559061
0,0.5221725201051165,1766818559217
0,0.5221725201051165,1766818559377
0,0.5221725201051165,1766818559528
0,0.5221725201051165,1766818559686
0,0.5221725201051165,1766818559836
0,0.5221725201051165,1766818559996
0,0.5221725201051165,1766818560148
0,0.5221725201051165,1766818560300
0,0.5221725201051165,1766818560447
0,0.5221725201051165,1766818560595
0,0.5221725201051165,1766818560767
0,0.5221725201051165,1766818560918
0,0.5221725201051165,1766818561078
0,0.5221725201051165,1766818561245
0,0.5221725201051165,1766818561386
0,0.5221725201051165,1766818561547
0,0.5221725201051165,1766818561711
0,0.5221725201051165,1766818561870
0,0.5221725201051165,1766818562019
0,0.5221725201051165,1766818562221
0,0.5221725201051165,1766818562368
0,0.5221725201051165,1766818562518
0,0.5221725201051165,1766818562664
0,0.5221725201051165,1766818562823
0,0.5221725201051165,1766818562980
0,0.5221725201051165,1766818563138
0,0.5221725201051165,1766818563288
0,0.5221725201051165,1766818563445
0,0.5221725201051165,1766818563604
0,0.5221725201051165,1766818563752
0,0.5221725201051165,1766818563913
0,0.5221725201051165,1766818564070
0,0.5221725201051165,1766818564232
0,0.5221725201051165,1766818564395
0,0.5221725201051165,1766818564547
0,0.5221725201051165,1766818564710
0,0.5221725201051165,1766818564863
0,0.5221725201051165,1766818565019
0,0.5221725201051165,1766818565190
0,0.5221725201051165,1766818565353
0,0.5221725201051165,1766818565514
0,0.5221725201051165,1766818565676
0,0.5221725201051165,1766818565854
0,0.5221725201051165,1766818566010
0,0.5221725201051165,1766818566169
0,0.5221725201051165,1766818566333
0,0.5221725201051165,1766818566500
0,0.5221725201051165,1766818566652
0,0.5221725201051165,1766818566992
0,0.5221725201051165,1766818567160
0,0.5221725201051165,1766818567316
0,0.5221725201051165,1766818567486
0,0.5221725201051165,1766818567649
0,0.5221725201051165,1766818567809
0,0.5221725201051165,1766818567958
0,0.5221725201051165,1766818568116
0,0.5221725201051165,1766818568268
0,0.5221725201051165,1766818568501
0,0.5221725201051165,1766818568681
0,0.5221725201051165,1766818568843
0,0.5221725201051165,1766818569001
0,0.5221725201051165,1766818569154
0,0.5221725201051165,1766818569344
0,0.5221725201051165,1766818569496
0,0.5221725201051165,1766818569649
0,0.5221725201051165,1766818569804
0,0.5221725201051165,1766818569966
0,0.5221725201051165,1766818570106
0,0.5221725201051165,1766818570257
0,0.5221725201051165,1766818570408
0,0.5221725201051165,1766818570564
0,0.5221725201051165,1766818570722
0,0.5221725201051165,1766818570886
0,0.5221725201051165,1766818571035
0,0.5221725201051165,1766818571218
0,0.5221725201051165,1766818571368
0,0.5221725201051165,1766818571535
0,0.5221725201051165,1766818571699
0,0.5221725201051165,1766818571843
0,0.5221725201051165,1766818572000
0,0.5221725201051165,1766818572180
0,0.5221725201051165,1766818572336
0,0.5221725201051165,1766818572489
0,0.5221725201051165,1766818572643
0,0.5221725201051165,1766818572789
0,0.5221725201051165,1766818572941
0,0.5221725201051165,1766818573105
0,0.5221725201051165,1766818573266
0,0.5221725201051165,1766818573439
0,0.5221725201051165,1766818573605
0,0.5221725201051165,1766818573761
0,0.5221725201051165,1766818573917
0,0.5221725201051165,1766818574076
0,0.5221725201051165,1766818574286
0,0.5221725201051165,1766818574449
0,0.5221725201051165,1766818574613
0,0.5221725201051165,1766818574772
0,0.5221725201051165,1766818574933
0,0.5221725201051165,1766818575080
0,0.5221725201051165,1766818575233
0,0.5221725201051165,1766818575393
0,0.5221725201051165,1766818575542
0,0.5221725201051165,1766818575694
0,0.5221725201051165,1766818575852
0,0.5221725201051165,1766818576015
0,0.5221725201051165,1766818576163
0,0.5221725201051165,1766818576318
0,0.5221725201051165,1766818576463
0,0.5221725201051165,1766818576626
0,0.5221725201051165,1766818576780
0,0.5221725201051165,1766818576994
0,0.5221725201051165,1766818577152
0,0.5221725201051165,1766818577314
0,0.5221725201051165,1766818577472
0,0.5221725201051165,1766818577622
0,0.5221725201051165,1766818577789
0,0.5221725201051165,1766818577941
0,0.5221725201051165,1766818578104
0,0.5221725201051165,1766818578268
0,0.5221725201051165,1766818578423
0,0.5221725201051165,1766818578580
0,0.5221725201051165,1766818578724
0,0.5221725201051165,1766818578867
0,0.5221725201051165,1766818579014
0,0.5221725201051165,1766818579163
0,0.5221725201051165,1766818579306
0,0.5221725201051165,1766818579468
0,0.5221725201051165,1766818579619
0,0.5221725201051165,1766818579775
0,0.5221725201051165,1766818579918
0,0.5221725201051165,1766818580085
0,0.5221725201051165,1766818580240
0,0.5221725201051165,1766818580390
0,0.5221725201051165,1766818580539
0,0.5221725201051165,1766818580688
0,0.5221725201051165,1766818580838
0,0.5221725201051165,1766818580993
0,0.5221725201051165,1766818581180
0,0.5221725201051165,1766818581331
0,0.5221725201051165,1766818581479
0,0.5221725201051165,1766818581643
0,0.5221725201051165,1766818581799
0,0.5221725201051165,1766818581961
0,0.5221725201051165,1766818582114
0,0.5221725201051165,1766818582262
0,0.5221725201051165,1766818582425
0,0.5221725201051165,1766818582578
0,0.5221725201051165,1766818582736
0,0.5221725201051165,1766818582898
0,0.5221725201051165,1766818583054
0,0.5221725201051165,1766818583234
0,0.5221725201051165,1766818583396
0,0.5221725201051165,1766818583557
0,0.5221725201051165,1766818583728
0,0.5221725201051165,1766818583873
0,0.5221725201051165,1766818584081
0,0.5221725201051165,1766818584235
0,0.5221725201051165,1766818584386
0,0.5221725201051165,1766818584541
0,0.5221725201051165,1766818584698
0,0.5221725201051165,1766818584853
0,0.5221725201051165,1766818585004
0,0.5221725201051165,1766818585158
0,0.5221725201051165,1766818585311
0,0.5221725201051165,1766818585469
0,0.5221725201051165,1766818585643
0,0.5221725201051165,1766818585799
0,0.5221725201051165,1766818585947
0,0.5221725201051165,1766818586097
0,0.5221725201051165,1766818586261
0,0.5221725201051165,1766818586417
0,0.5221725201051165,1766818586587
0,0.5221725201051165,1766818586753
0,0.5221725201051165,1766818586901
0,0.5221725201051165,1766818587047
0,0.5221725201051165,1766818587207
0,0.5221725201051165,1766818587375
0,0.5221725201051165,1766818587530
0,0.5221725201051165,1766818587692
0,0.5221725201051165,1766818587848
0,0.5221725201051165,1766818588026
0,0.5221725201051165,1766818588190
0,0.5221725201051165,1766818588348
0,0.5221725201051165,1766818588496
0,0.5221725201051165,1766818588666
0,0.5221725201051165,1766818588823
0,0.5221725201051165,1766818589008
0,0.5221725201051165,1766818589156
0,0.5221725201051165,1766818589302
0,0.5221725201051165,1766818589452
0,0.5221725201051165,1766818589600
0,0.5221725201051165,1766818589743
0,0.5221725201051165,1766818589889
0,0.5221725201051165,1766818590052
0,0.5221725201051165,1766818590206
0,0.5221725201051165,1766818590354
0,0.5221725201051165,1766818590529
0,0.5221725201051165,1766818590683
0,0.5221725201051165,1766818590844
0,0.5221725201051165,1766818590991
0,0.5221725201051165,1766818591133
0,0.5221725201051165,1766818591289
0,0.5221725201051165,1766818591437
0,0.5221725201051165,1766818591613
0,0.5221725201051165,1766818591754
0,0.5221725201051165,1766818591903
0,0.5221725201051165,1766818592065
0,0.5221725201051165,1766818592221
0,0.5221725201051165,1766818592371
0,0.5221725201051165,1766818592538
0,0.5221725201051165,1766818592694
0,0.5221725201051165,1766818592852
0,0.5221725201051165,1766818593009
0,0.5221725201051165,1766818593163
0,0.5221725201051165,1766818593314
0,0.5221725201051165,1766818593473
0,0.5221725201051165,1766818593628
0,0.5221725201051165,1766818593785
0,0.5221725201051165,1766818593943
0,0.5221725201051165,1766818594098
0,0.5221725201051165,1766818594252
0,0.5221725201051165,1766818594407
0,0.5221725201051165,1766818594556
0,0.5221725201051165,1766818594714
0,0.5221725201051165,1766818594876
0,0.5221725201051165,1766818595029
0,0.5221725201051165,1766818595187
0,0.5221725201051165,1766818595337
0,0.5221725201051165,1766818595490
0,0.5221725201051165,1766818595636
0,0.5221725201051165,1766818595790
0,0.5221725201051165,1766818595952
0,0.5221725201051165,1766818596123
0,0.5221725201051165,1766818596283
0,0.5221725201051165,1766818596441
0,0.5221725201051165,1766818596606
0,0.5221725201051165,1766818596752
0,0.5221725201051165,1766818596910
0,0.5221725201051165,1766818597061
0,0.5221725201051165,1766818597218
0,0.5221725201051165,1766818597374
0,0.5221725201051165,1766818597706
0,0.5221725201051165,1766818597855
0,0.5221725201051165,1766818598007
0,0.5221725201051165,1766818598173
0,0.5221725201051165,1766818598323
0,0.5221725201051165,1766818598496
0,0.5221725201051165,1766818598650
0,0.5221725201051165,1766818598815
0,0.5221725201051165,1766818598967
0,0.5221725201051165,1766818599160
0,0.5221725201051165,1766818599356
0,0.5221725201051165,1766818599551
0,0.5221725201051165,1766818599692
0,0.5221725201051165,1766818599874
0,0.5221725201051165,1766818600024
0,0.5221725201051165,1766818600181
0,0.5221725201051165,1766818600339
0,0.5221725201051165,1766818600488
0,0.5221725201051165,1766818600664
0,0.5221725201051165,1766818600829
0,0.5221725201051165,1766818600975
0,0.5221725201051165,1766818601135
0,0.5221725201051165,1766818601292
0,0.5221725201051165,1766818601444
0,0.5221725201051165,1766818601593
0,0.5221725201051165,1766818601751
0,0.5221725201051165,1766818601895
0,0.5221725201051165,1766818602051
0,0.5221725201051165,1766818602216
0,0.5221725201051165,1766818602381
0,0.5221725201051165,1766818602572
0,0.5221725201051165,1766818602716
0,0.5221725201051165,1766818602873
0,0.5221725201051165,1766818603018
0,0.5221725201051165,1766818603178
0,0.5221725201051165,1766818603352
0,0.5221725201051165,1766818603509
0,0.5221725201051165,1766818603692
0,0.5221725201051165,1766818603901
0,0.5221725201051165,1766818604057
0,0.5221725201051165,1766818604201
0,0.5221725201051165,1766818604357
0,0.5221725201051165,1766818604514
0,0.5221725201051165,1766818604668
0,0.5221725201051165,1766818604834
0,0.5221725201051165,1766818604987
0,0.5221725201051165,1766818605148
0,0.5221725201051165,1766818605297
0,0.5221725201051165,1766818605451
0,0.5221725201051165,1766818605601
0,0.5221725201051165,1766818605759
0,0.5221725201051165,1766818605914
0,0.5221725201051165,1766818606070
0,0.5221725201051165,1766818606220
0,0.5221725201051165,1766818606374
0,0.5221725201051165,1766818606533
0,0.5221725201051165,1766818606702
0,0.5221725201051165,1766818606858
0,0.5221725201051165,1766818607010
0,0.5221725201051165,1766818607159
0,0.5221725201051165,1766818607305
0,0.5221725201051165,1766818607454
0,0.5221725201051165,1766818607609
0,0.5221725201051165,1766818607765
0,0.5221725201051165,1766818607924
0,0.5221725201051165,1766818608092
0,0.5221725201051165,1766818608249
0,0.5221725201051165,1766818608393
0,0.5221725201051165,1766818608557
0,0.5221725201051165,1766818608701
0,0.5221725201051165,1766818608863
0,0.5221725201051165,1766818609018
0,0.5221725201051165,1766818609180
0,0.5221725201051165,1766818609331
0,0.5221725201051165,1766818609488
0,0.5221725201051165,1766818609637
0,0.5221725201051165,1766818609791
0,0.5221725201051165,1766818609943
0,0.5221725201051165,1766818610113
0,0.5221725201051165,1766818610260
0,0.5221725201051165,1766818610418
0,0.5221725201051165,1766818610571
0,0.5221725201051165,1766818610720
0,0.5221725201051165,1766818610874
0,0.5221725201051165,1766818611031
0,0.5221725201051165,1766818611174
0,0.5221725201051165,1766818611322
0,0.5221725201051165,1766818611478
0,0.5221725201051165,1766818611630
0,0.5221725201051165,1766818611778
0,0.5221725201051165,1766818611966
0,0.5221725201051165,1766818612120
0,0.5221725201051165,1766818612281
0,0.5221725201051165,1766818612446
0,0.5221725201051165,1766818612615
0,0.5221725201051165,1766818612949
0,0.5221725201051165,1766818613099
0,0.5221725201051165,1766818613252
0,0.5221725201051165,1766818613412
0,0.5221725201051165,1766818613558
0,0.5221725201051165,1766818613724
0,0.5221725201051165,1766818613917
0,0.5221725201051165,1766818614085
0,0.5221725201051165,1766818614283
0,0.5221725201051165,1766818614461
0,0.5221725201051165,1766818614681
0,0.5221725201051165,1766818614837
0,0.5221725201051165,1766818615015
0,0.5221725201051165,1766818615181
0,0.5221725201051165,1766818615365
0,0.5221725201051165,1766818615528
0,0.5221725201051165,1766818615704
0,0.5221725201051165,1766818615875
0,0.5221725201051165,1766818616041
0,0.5221725201051165,1766818616250
0,0.5221725201051165,1766818616425
0,0.5221725201051165,1766818616606
0,0.5221725201051165,1766818616892
0,0.5221725201051165,1766818617047
0,0.5221725201051165,1766818617236
0,0.5221725201051165,1766818617395
0,0.5221725201051165,1766818617560
0,0.5221725201051165,1766818617770
0,0.5221725201051165,1766818617954
0,0.5221725201051165,1766818618147
0,0.5221725201051165,1766818618319
0,0.5221725201051165,1766818618514
0,0.5221725201051165,1766818618705
0,0.5221725201051165,1766818618879
0,0.5221725201051165,1766818619064
0,0.5221725201051165,1766818619244
0,0.5221725201051165,1766818619441
0,0.5221725201051165,1766818619612
0,0.5221725201051165,1766818619801
0,0.5221725201051165,1766818619969
0,0.5221725201051165,1766818620150
0,0.5221725201051165,1766818620331
0,0.5221725201051165,1766818620493
0,0.5221725201051165,1766818620661
0,0.5221725201051165,1766818620835
0,0.5221725201051165,1766818621045
0,0.5221725201051165,1766818621233
0,0.5221725201051165,1766818621418
0,0.5221725201051165,1766818621605
0,0.5221725201051165,1766818621798
0,0.5221725201051165,1766818621962
0,0.5221725201051165,1766818622148
0,0.5221725201051165,1766818622331
0,0.5221725201051165,1766818622554
0,0.5221725201051165,1766818622740
0,0.5221725201051165,1766818622910
0,0.5221725201051165,1766818623123
0,0.5221725201051165,1766818623297
0,0.5221725201051165,1766818623491
0,0.5221725201051165,1766818623684
0,0.5221725201051165,1766818623853
0,0.5221725201051165,1766818624039
0,0.5221725201051165,1766818624202
0,0.5221725201051165,1766818624389
0,0.5221725201051165,1766818624549
0,0.5221725201051165,1766818624721
0,0.5221725201051165,1766818624879
0,0.5221725201051165,1766818625092
0,0.5221725201051165,1766818625260
0,0.5221725201051165,1766818625457
0,0.5221725201051165,1766818625656
0,0.5221725201051165,1766818625817
0,0.5221725201051165,1766818625992
0,0.5221725201051165,1766818626164
0,0.5221725201051165,1766818626343
0,0.5221725201051165,1766818626515
0,0.5221725201051165,1766818626728
0,0.5221725201051165,1766818626909
0,0.5221725201051165,1766818627086
0,0.5221725201051165,1766818627278
0,0.5221725201051165,1766818627464
0,0.5221725201051165,1766818627658
0,0.5221725201051165,1766818627821
0,0.5221725201051165,1766818628030
0,0.5221725201051165,1766818628191
0,0.5221725201051165,1766818628371
0,0.5221725201051165,1766818628553
0,0.5221725201051165,1766818628731
0,0.5221725201051165,1766818628930
0,0.5221725201051165,1766818629103
0,0.5221725201051165,1766818629311
0,0.5221725201051165,1766818629490
0,0.5221725201051165,1766818629683
0,0.5221725201051165,1766818629869
0,0.5221725201051165,1766818630033
0,0.5221725201051165,1766818630202
0,0.5221725201051165,1766818630419
0,0.5221725201051165,1766818630603
0,0.5221725201051165,1766818630783
0,0.5221725201051165,1766818630988
0,0.5221725201051165,1766818631153
0,0.5221725201051165,1766818631338
0,0.5221725201051165,1766818631516
0,0.5221725201051165,1766818631694
0,0.5221725201051165,1766818631861
0,0.5221725201051165,1766818632088
0,0.5221725201051165,1766818632312
0,0.5221725201051165,1766818632482
0,0.5221725201051165,1766818632646
0,0.5221725201051165,1766818632815
0,0.5221725201051165,1766818633011
0,0.5221725201051165,1766818633186
0,0.5221725201051165,1766818633362
0,0.5221725201051165,1766818633544
0,0.5221725201051165,1766818633761
0,0.5221725201051165,1766818633948
0,0.5221725201051165,1766818634127
0,0.5221725201051165,1766818634325
0,0.5221725201051165,1766818634513
0,0.5221725201051165,1766818634696
0,0.5221725201051165,1766818634884
0,0.5221725201051165,1766818635057
0,0.5221725201051165,1766818635240
0,0.5221725201051165,1766818635436
0,0.5221725201051165,1766818635616
0,0.5221725201051165,1766818635803
0,0.5221725201051165,1766818635992
0,0.5221725201051165,1766818636165
0,0.5221725201051165,1766818636346
0,0.5221725201051165,1766818636528
0,0.5221725201051165,1766818636708
0,0.5221725201051165,1766818636887
0,0.5221725201051165,1766818637065
0,0.5221725201051165,1766818637250
0,0.5221725201051165,1766818637420
0,0.5221725201051165,1766818637593
0,0.5221725201051165,1766818637751
0,0.5221725201051165,1766818637963
0,0.5221725201051165,1766818638161
0,0.5221725201051165,1766818638337
0,0.5221725201051165,1766818638507
0,0.5221725201051165,1766818638773
0,0.5221725201051165,1766818638951
0,0.5221725201051165,1766818639123
0,0.5221725201051165,1766818639312
0,0.5221725201051165,1766818639475
0,0.5221725201051165,1766818639661
0,0.5221725201051165,1766818639824
0,0.5221725201051165,1766818640011
0,0.5221725201051165,1766818640219
0,0.5221725201051165,1766818640414
0,0.5221725201051165,1766818640617
0,0.5221725201051165,1766818640791
0,0.5221725201051165,1766818640967
0,0.5221725201051165,1766818641151
0,0.5221725201051165,1766818641328
0,0.5221725201051165,1766818641511
0,0.5221725201051165,1766818641690
0,0.5221725201051165,1766818641870
0,0.5221725201051165,1766818642066
0,0.5221725201051165,1766818642253
0,0.5221725201051165,1766818642446
0,0.5221725201051165,1766818642634
0,0.5221725201051165,1766818642827
0,0.5221725201051165,1766818643047
0,0.5221725201051165,1766818643231
0,0.5221725201051165,1766818643420
0,0.5221725201051165,1766818643617
0,0.5221725201051165,1766818643799
0,0.5221725201051165,1766818643979
0,0.5221725201051165,1766818644173
0,0.5221725201051165,1766818644342
0,0.5221725201051165,1766818644524
0,0.5221725201051165,1766818644724
0,0.5221725201051165,1766818644906
0,0.5221725201051165,1766818645096
0,0.5221725201051165,1766818645332
0,0.5221725201051165,1766818645505
0,0.5221725201051165,1766818645682
0,0.5221725201051165,1766818645881
0,0.5221725201051165,1766818646070
0,0.5221725201051165,1766818646258
0,0.5221725201051165,1766818646450
0,0.5221725201051165,1766818646619
0,0.5221725201051165,1766818646781
0,0.5221725201051165,1766818647024
0,0.5221725201051165,1766818647219
0,0.5221725201051165,1766818647400
0,0.5221725201051165,1766818647598
0,0.5221725201051165,1766818647768
0,0.5221725201051165,1766818647964
0,0.5221725201051165,1766818648139
0,0.5221725201051165,1766818648329
0,0.5221725201051165,1766818648511
0,0.5221725201051165,1766818648709
0,0.5221725201051165,1766818648897
0,0.5221725201051165,1766818649073
0,0.5221725201051165,1766818649254
0,0.5221725201051165,1766818649418
0,0.5221725201051165,1766818649592
0,0.5221725201051165,1766818649776
0,0.5221725201051165,1766818649955
0,0.5221725201051165,1766818650136
0,0.5221725201051165,1766818650322
0,0.5221725201051165,1766818650514
0,0.5221725201051165,1766818650686
0,0.5221725201051165,1766818650877
0,0.5221725201051165,1766818651056
0,0.5221725201051165,1766818651248
0,0.5221725201051165,1766818651440
0,0.5221725201051165,1766818651628
0,0.5221725201051165,1766818651831
0,0.5221725201051165,1766818652012
0,0.5221725201051165,1766818652199
0,0.5221725201051165,1766818652389
0,0.5221725201051165,1766818652561
0,0.5221725201051165,1766818652739
0,0.5221725201051165,1766818652941
0,0.5221725201051165,1766818653125
0,0.5221725201051165,1766818653300
0,0.5221725201051165,1766818653489
0,0.5221725201051165,1766818653682
0,0.5221725201051165,1766818653877
0,0.5221725201051165,1766818654040
0,0.5221725201051165,1766818654212
0,0.5221725201051165,1766818654401
0,0.5221725201051165,1766818654567
0,0.5221725201051165,1766818654740
0,0.5221725201051165,1766818654971
0,0.5221725201051165,1766818655166
0,0.5221725201051165,1766818655370
0,0.5221725201051165,1766818655538
0,0.5221725201051165,1766818655755
0,0.5221725201051165,1766818655921
0,0.5221725201051165,1766818656085
0,0.5221725201051165,1766818656302
0,0.5221725201051165,1766818656492
0,0.5221725201051165,1766818656673
0,0.5221725201051165,1766818656851
0,0.5221725201051165,1766818657050
0,0.5221725201051165,1766818657224
0,0.5221725201051165,1766818657428
0,0.5221725201051165,1766818657597
0,0.5221725201051165,1766818657816
0,0.5221725201051165,1766818657998
0,0.5221725201051165,1766818658184
0,0.5221725201051165,1766818658353
0,0.5221725201051165,1766818658529
0,0.5221725201051165,1766818658697
0,0.5221725201051165,1766818658871
0,0.5221725201051165,1766818659045
0,0.5221725201051165,1766818659246
0,0.5221725201051165,1766818659419
0,0.5221725201051165,1766818659607
0,0.5221725201051165,1766818659794
0,0.5221725201051165,1766818659981
0,0.5221725201051165,1766818660242
0,0.5221725201051165,1766818660440
0,0.5221725201051165,1766818660613
0,0.5221725201051165,1766818660811
0,0.5221725201051165,1766818660985
0,0.5221725201051165,1766818661177
0,0.5221725201051165,1766818661361
0,0.5221725201051165,1766818661551
0,0.5221725201051165,1766818661754
0,0.5221725201051165,1766818661954
0,0.5221725201051165,1766818662140
0,0.5221725201051165,1766818662330
0,0.5221725201051165,1766818662520
0,0.5221725201051165,1766818662706
0,0.5221725201051165,1766818662878
0,0.5221725201051165,1766818663054
0,0.5221725201051165,1766818663235
0,0.5221725201051165,1766818663404
0,0.5221725201051165,1766818663592
0,0.5221725201051165,1766818663790
0,0.5221725201051165,1766818663959
0,0.5221725201051165,1766818664162
0,0.5221725201051165,1766818664367
0,0.5221725201051165,1766818664522
0,0.5221725201051165,1766818664710
0,0.5221725201051165,1766818664879
0,0.5221725201051165,1766818665075
0,0.5221725201051165,1766818665235
0,0.5221725201051165,1766818665402
0,0.5221725201051165,1766818665586
0,0.5221725201051165,1766818665754
0,0.5221725201051165,1766818665928
0,0.5221725201051165,1766818666120
0,0.5221725201051165,1766818666301
0,0.5221725201051165,1766818666478
0,0.5221725201051165,1766818666681
0,0.5221725201051165,1766818666864
0,0.5221725201051165,1766818667049
0,0.5221725201051165,1766818667242
0,0.5221725201051165,1766818667416
0,0.5221725201051165,1766818667612
0,0.5221725201051165,1766818667787
0,0.5221725201051165,1766818667988
0,0.5221725201051165,1766818668189
0,0.5221725201051165,1766818668396
0,0.5221725201051165,1766818668570
0,0.5221725201051165,1766818668762
0,0.5221725201051165,1766818668954
0,0.5221725201051165,1766818669139
0,0.5221725201051165,1766818669312
0,0.5221725201051165,1766818669519
0,0.5221725201051165,1766818669714
0,0.5221725201051165,1766818669892
0,0.5221725201051165,1766818670119
0,0.5221725201051165,1766818670299
0,0.5221725201051165,1766818670469
0,0.5221725201051165,1766818670661
0,0.5221725201051165,1766818670834
0,0.5221725201051165,1766818671081
0,0.5221725201051165,1766818671240
0,0.5221725201051165,1766818671427
0,0.5221725201051165,1766818671604
0,0.5221725201051165,1766818671801
0,0.5221725201051165,1766818671984
0,0.5221725201051165,1766818672175
0,0.5221725201051165,1766818672375
0,0.5221725201051165,1766818672550
0,0.5221725201051165,1766818672757
0,0.5221725201051165,1766818672932
0,0.5221725201051165,1766818673132
0,0.5221725201051165,1766818673350
0,0.5221725201051165,1766818673538
0,0.5221725201051165,1766818673712
0,0.5221725201051165,1766818673898
0,0.5221725201051165,1766818674079
0,0.5221725201051165,1766818674243
0,0.5221725201051165,1766818674414
0,0.5221725201051165,1766818674573
0,0.5221725201051165,1766818674752
0,0.5221725201051165,1766818674922
0,0.5221725201051165,1766818675112
0,0.5221725201051165,1766818675261
0,0.5221725201051165,1766818675421
0,0.5221725201051165,1766818675585
0,0.5221725201051165,1766818675758
0,0.5221725201051165,1766818675946
0,0.5221725201051165,1766818676120
0,0.5221725201051165,1766818676305
0,0.5221725201051165,1766818676487
0,0.5221725201051165,1766818676649
0,0.5221725201051165,1766818676821
0,0.5221725201051165,1766818677010
0,0.5221725201051165,1766818677218
0,0.5221725201051165,1766818677416
0,0.5221725201051165,1766818677600
0,0.5221725201051165,1766818677799
0,0.5221725201051165,1766818677974
0,0.5221725201051165,1766818678175
0,0.5221725201051165,1766818678338
0,0.5221725201051165,1766818678501
0,0.5221725201051165,1766818678741
0,0.5221725201051165,1766818678923
0,0.5221725201051165,1766818679137
0,0.5221725201051165,1766818679332
0,0.5221725201051165,1766818679517
0,0.5221725201051165,1766818679684
0,0.5221725201051165,1766818679861
0,0.5221725201051165,1766818680043
0,0.5221725201051165,1766818680225
0,0.5221725201051165,1766818680402
0,0.5221725201051165,1766818680589
0,0.5221725201051165,1766818680784
0,0.5221725201051165,1766818680947
0,0.5221725201051165,1766818681151
0,0.5221725201051165,1766818681314
0,0.5221725201051165,1766818681532
0,0.5221725201051165,1766818681729
0,0.5221725201051165,1766818681918
0,0.5221725201051165,1766818682131
0,0.5221725201051165,1766818682305
0,0.5221725201051165,1766818682583
0,0.5221725201051165,1766818682772
0,0.5221725201051165,1766818682935
0,0.5221725201051165,1766818683105
0,0.5221725201051165,1766818683279
0,0.5221725201051165,1766818683460
0,0.5221725201051165,1766818683657
0,0.5221725201051165,1766818683850
0,0.5221725201051165,1766818684065
0,0.5221725201051165,1766818684255
0,0.5221725201051165,1766818684455
0,0.5221725201051165,1766818684644
0,0.5221725201051165,1766818684827
0,0.5221725201051165,1766818684989
0,0.5221725201051165,1766818685161
0,0.5221725201051165,1766818685335
0,0.5221725201051165,1766818685506
0,0.5221725201051165,1766818685701
0,0.5221725201051165,1766818685911
0,0.5221725201051165,1766818686097
0,0.5221725201051165,1766818686277
0,0.5221725201051165,1766818686500
0,0.5221725201051165,1766818686686
0,0.5221725201051165,1766818686894
0,0.5221725201051165,1766818687069
0,0.5221725201051165,1766818687255
0,0.5221725201051165,1766818687425
0,0.5221725201051165,1766818687602
0,0.5221725201051165,1766818687795
0,0.5221725201051165,1766818687982
0,0.5221725201051165,1766818688169
0,0.5221725201051165,1766818688340
0,0.5221725201051165,1766818688563
0,0.5221725201051165,1766818688745
0,0.5221725201051165,1766818688942
0,0.5221725201051165,1766818689122
0,0.5221725201051165,1766818689304
0,0.5221725201051165,1766818689495
0,0.5221725201051165,1766818689685
0,0.5221725201051165,1766818689862
0,0.5221725201051165,1766818690039
0,0.5221725201051165,1766818690217
0,0.5221725201051165,1766818690401
0,0.5221725201051165,1766818690575
0,0.5221725201051165,1766818690750
0,0.5221725201051165,1766818690953
0,0.5221725201051165,1766818691133
0,0.5221725201051165,1766818691385
0,0.5221725201051165,1766818691572
0,0.5221725201051165,1766818691741
0,0.5221725201051165,1766818691923
0,0.5221725201051165,1766818692085
0,0.5221725201051165,1766818692266
0,0.5221725201051165,1766818692429
0,0.5221725201051165,1766818692615
0,0.5221725201051165,1766818692833
0,0.5221725201051165,1766818693018
0,0.5221725201051165,1766818693209
0,0.5221725201051165,1766818693387
0,0.5221725201051165,1766818693573
0,0.5221725201051165,1766818693763
0,0.5221725201051165,1766818693945
0,0.5221725201051165,1766818694118
0,0.5221725201051165,1766818694311
0,0.5221725201051165,1766818694498
0,0.5221725201051165,1766818694711
0,0.5221725201051165,1766818694893
0,0.5221725201051165,1766818695082
0,0.5221725201051165,1766818695266
0,0.5221725201051165,1766818695447
0,0.5221725201051165,1766818695623
0,0.5221725201051165,1766818695812
0,0.5221725201051165,1766818695997
0,0.5221725201051165,1766818696193
0,0.5221725201051165,1766818696360
0,0.5221725201051165,1766818696552
0,0.5221725201051165,1766818696736
0,0.5221725201051165,1766818696912
0,0.5221725201051165,1766818697078
0,0.5221725201051165,1766818697278
0,0.5221725201051165,1766818697485
0,0.5221725201051165,1766818697657
0,0.5221725201051165,1766818697831
0,0.5221725201051165,1766818698022
0,0.5221725201051165,1766818698203
0,0.5221725201051165,1766818698391
0,0.5221725201051165,1766818698586
0,0.5221725201051165,1766818698779
0,0.5221725201051165,1766818698967
0,0.5221725201051165,1766818699173
0,0.5221725201051165,1766818699341
0,0.5221725201051165,1766818699530
0,0.5221725201051165,1766818699714
0,0.5221725201051165,1766818699966
0,0.5221725201051165,1766818700172
0,0.5221725201051165,1766818700350
0,0.5221725201051165,1766818700540
0,0.5221725201051165,1766818700710
0,0.5221725201051165,1766818700897
0,0.5221725201051165,1766818701092
0,0.5221725201051165,1766818701263
0,0.5221725201051165,1766818701450
0,0.5221725201051165,1766818701627
0,0.5221725201051165,1766818701803
0,0.5221725201051165,1766818701992
0,0.5221725201051165,1766818702187
0,0.5221725201051165,1766818702357
0,0.5221725201051165,1766818702524
0,0.5221725201051165,1766818702711
0,0.5221725201051165,1766818702892
0,0.5221725201051165,1766818703106
0,0.5221725201051165,1766818703296
0,0.5221725201051165,1766818703509
0,0.5221725201051165,1766818703733
0,0.5221725201051165,1766818703932
0,0.5221725201051165,1766818704109
0,0.5221725201051165,1766818704292
0,0.5221725201051165,1766818704483
0,0.5221725201051165,1766818704676
0,0.5221725201051165,1766818704866
0,0.5221725201051165,1766818705050
0,0.5221725201051165,1766818705201
0,0.5221725201051165,1766818705389
0,0.5221725201051165,1766818705552
0,0.5221725201051165,1766818705735
0,0.5221725201051165,1766818705893
0,0.5221725201051165,1766818706081
0,0.5221725201051165,1766818706267
0,0.5221725201051165,1766818706483
0,0.5221725201051165,1766818706666
0,0.5221725201051165,1766818706852
0,0.5221725201051165,1766818707065
0,0.5221725201051165,1766818707235
0,0.5221725201051165,1766818707412
0,0.5221725201051165,1766818707566
0,0.5221725201051165,1766818707744
0,0.5221725201051165,1766818707927
0,0.5221725201051165,1766818708124
0,0.5221725201051165,1766818708313
0,0.5221725201051165,1766818708492
0,0.5221725201051165,1766818708694
0,0.5221725201051165,1766818708883
0,0.5221725201051165,1766818709085
0,0.5221725201051165,1766818709263
0,0.5221725201051165,1766818709477
0,0.5221725201051165,1766818709664
0,0.5221725201051165,1766818709877
0,0.5221725201051165,1766818710082
0,0.5221725201051165,1766818710270
0,0.5221725201051165,1766818710474
0,0.5221725201051165,1766818710657
0,0.5221725201051165,1766818710826
0,0.5221725201051165,1766818710995
0,0.5221725201051165,1766818711199
0,0.5221725201051165,1766818711389
0,0.5221725201051165,1766818711579
0,0.5221725201051165,1766818711777
0,0.5221725201051165,1766818711957
0,0.5221725201051165,1766818712149
0,0.5221725201051165,1766818712317
0,0.5221725201051165,1766818712525
0,0.5221725201051165,1766818712718
0,0.5221725201051165,1766818712943
0,0.5221725201051165,1766818713141
0,0.5221725201051165,1766818713331
0,0.5221725201051165,1766818713560
0,0.5221725201051165,1766818713747
0,0.5221725201051165,1766818713957
0,0.5221725201051165,1766818714150
0,0.5221725201051165,1766818714331
0,0.5221725201051165,1766818714520
0,0.5221725201051165,1766818714728
0,0.5221725201051165,1766818714920
0,0.5221725201051165,1766818715123
0,0.5221725201051165,1766818715298
0,0.5221725201051165,1766818715494
0,0.5221725201051165,1766818715680
0,0.5221725201051165,1766818715856
0,0.5221725201051165,1766818716069
0,0.5221725201051165,1766818716285
0,0.5221725201051165,1766818716469
0,0.5221725201051165,1766818716680
0,0.5221725201051165,1766818716885
0,0.5221725201051165,1766818717078
0,0.5221725201051165,1766818717278
0,0.5221725201051165,1766818717468
0,0.5221725201051165,1766818717676
0,0.5221725201051165,1766818717886
0,0.5221725201051165,1766818718071
0,0.5221725201051165,1766818718280
0,0.5221725201051165,1766818718480
0,0.5221725201051165,1766818718678
0,0.5221725201051165,1766818718882
0,0.5221725201051165,1766818719072
0,0.5221725201051165,1766818719259
0,0.5221725201051165,1766818719435
0,0.5221725201051165,1766818719639
0,0.5221725201051165,1766818719812
0,0.5221725201051165,1766818720020
0,0.5221725201051165,1766818720221
0,0.5221725201051165,1766818720400
0,0.5221725201051165,1766818720612
0,0.433676366989615,1766818720806
1,0.5221725201051165,1766818721017
1,0.5221725201051165,1766818721180
1,0.5221725201051165,1766818721382
1,0.5221725201051165,1766818721588
1,0.5221725201051165,1766818721763
1,0.5221725201051165,1766818721953
1,0.5221725201051165,1766818722148
1,0.5221725201051165,1766818722345
1,0.5221725201051165,1766818722528
1,0.5221725201051165,1766818722714
1,0.5221725201051165,1766818722897
1,0.5221725201051165,1766818723099
1,0.5221725201051165,1766818723305
1,0.5221725201051165,1766818723488
1,0.5221725201051165,1766818723678
1,0.5221725201051165,1766818723882
1,0.5221725201051165,1766818724092
1,0.5221725201051165,1766818724283
1,0.5221725201051165,1766818724503
1,0.5221725201051165,1766818724712
1,0.5221725201051165,1766818724911
1,0.5221725201051165,1766818725097
1,0.5221725201051165,1766818725296
1,0.5221725201051165,1766818725506
1,0.5221725201051165,1766818725714
1,0.5221725201051165,1766818725930
1,0.5221725201051165,1766818726143
1,0.5221725201051165,1766818726316
1,0.5221725201051165,1766818726512
1,0.5221725201051165,1766818726702
1,0.5221725201051165,1766818726924
1,0.5221725201051165,1766818727090
1,0.5221725201051165,1766818727270
1,0.5221725201051165,1766818727474
1,0.5221725201051165,1766818727646
1,0.5221725201051165,1766818727833
1,0.5221725201051165,1766818728033
1,0.5221725201051165,1766818728296
1,0.5221725201051165,1766818728501
1,0.5221725201051165,1766818728685
1,0.5221725201051165,1766818728911
1,0.5221725201051165,1766818729106
1,0.5221725201051165,1766818729402
1,0.5221725201051165,1766818729615
1,0.5221725201051165,1766818729804
1,0.5221725201051165,1766818729984
1,0.5221725201051165,1766818730179
1,0.5221725201051165,1766818730395
1,0.5221725201051165,1766818730613
1,0.5221725201051165,1766818730795
1,0.5221725201051165,1766818731046
1,0.5221725201051165,1766818731270
1,0.5221725201051165,1766818731505
1,0.5221725201051165,1766818731729
1,0.5221725201051165,1766818731965
1,0.5221725201051165,1766818732181
1,0.5221725201051165,1766818732436
1,0.5221725201051165,1766818732625
1,0.5221725201051165,1766818732856
1,0.5221725201051165,1766818733044
1,0.5221725201051165,1766818733289
1,0.5221725201051165,1766818733484
1,0.5221725201051165,1766818733698
1,0.5221725201051165,1766818733948
1,0.5221725201051165,1766818734138
1,0.5221725201051165,1766818734324
1,0.5221725201051165,1766818734504
1,0.5221725201051165,1766818734700
1,0.5221725201051165,1766818734910
1,0.5221725201051165,1766818735137
1,0.5221725201051165,1766818735334
1,0.5221725201051165,1766818735544
1,0.5221725201051165,1766818735750
1,0.5221725201051165,1766818736004
1,0.5221725201051165,1766818736223
1,0.5221725201051165,1766818736427
1,0.5221725201051165,1766818736632
1,0.5221725201051165,1766818736830
1,0.5221725201051165,1766818737038
1,0.5221725201051165,1766818737232
1,0.5221725201051165,1766818737429
1,0.5221725201051165,1766818737652
1,0.5221725201051165,1766818737861
1,0.5221725201051165,1766818738096
1,0.5221725201051165,1766818738282
1,0.5221725201051165,1766818738481
1,0.5221725201051165,1766818738683
1,0.5221725201051165,1766818738895
1,0.5221725201051165,1766818739086
1,0.5221725201051165,1766818739285
1,0.5221725201051165,1766818739494
1,0.5221725201051165,1766818739723
1,0.5221725201051165,1766818739921
1,0.5221725201051165,1766818740141
1,0.5221725201051165,1766818740349
1,0.5221725201051165,1766818740548
1,0.5221725201051165,1766818740751
1,0.5221725201051165,1766818741110
1,0.5221725201051165,1766818741293
1,0.5221725201051165,1766818741448
1,0.5221725201051165,1766818741682
1,0.5221725201051165,1766818741891
1,0.5221725201051165,1766818742095
1,0.5221725201051165,1766818742357
1,0.5221725201051165,1766818742550
1,0.5221725201051165,1766818742753
1,0.5221725201051165,1766818742945
1,0.5221725201051165,1766818743144
1,0.5221725201051165,1766818743320
1,0.5221725201051165,1766818743485
1,0.5221725201051165,1766818743682
1,0.5221725201051165,1766818743942
1,0.5221725201051165,1766818744247
1,0.5221725201051165,1766818744455
1,0.5221725201051165,1766818744638
1,0.5221725201051165,1766818744822
1,0.5221725201051165,1766818745011
1,0.5221725201051165,1766818745219
1,0.5221725201051165,1766818745525
1,0.5221725201051165,1766818745725
1,0.5221725201051165,1766818745914
1,0.5221725201051165,1766818746129
1,0.5221725201051165,1766818746399
1,0.5221725201051165,1766818746578
1,0.5221725201051165,1766818746773
1,0.5221725201051165,1766818746955
1,0.5221725201051165,1766818747153
1,0.5221725201051165,1766818747329
1,0.5221725201051165,1766818747531
1,0.5221725201051165,1766818747739
1,0.5221725201051165,1766818748005
1,0.5221725201051165,1766818748258
1,0.5221725201051165,1766818748495
1,0.5221725201051165,1766818748748
1,0.5221725201051165,1766818748958
1,0.5221725201051165,1766818749164
1,0.5221725201051165,1766818749350
1,0.5221725201051165,1766818749586
1,0.5221725201051165,1766818749795
1,0.5221725201051165,1766818750053
1,0.5221725201051165,1766818750240
1,0.5221725201051165,1766818750435
1,0.5221725201051165,1766818750632
1,0.5221725201051165,1766818750835
1,0.5221725201051165,1766818751143
1,0.5221725201051165,1766818751328
1,0.5221725201051165,1766818751509
1,0.5221725201051165,1766818751728
1,0.5221725201051165,1766818751955
1,0.5221725201051165,1766818752180
1,0.5221725201051165,1766818752479
1,0.5221725201051165,1766818752708
1,0.5221725201051165,1766818752951
1,0.5221725201051165,1766818753157
1,0.5221725201051165,1766818753392
1,0.5221725201051165,1766818753613
1,0.5221725201051165,1766818753884
1,0.5221725201051165,1766818754134
1,0.5221725201051165,1766818754377
1,0.5221725201051165,1766818754573
1,0.5221725201051165,1766818754747
1,0.5221725201051165,1766818754941
1,0.5221725201051165,1766818755182
1,0.5221725201051165,1766818755389
1,0.5221725201051165,1766818755559
1,0.5221725201051165,1766818755791
1,0.5221725201051165,1766818756067
1,0.5221725201051165,1766818756295
1,0.5221725201051165,1766818756539
1,0.5221725201051165,1766818756812
1,0.5221725201051165,1766818757058
1,0.5221725201051165,1766818757264
1,0.5221725201051165,1766818757489
1,0.5221725201051165,1766818757749
1,0.5221725201051165,1766818757954
1,0.5221725201051165,1766818758171
1,0.5221725201051165,1766818758379
1,0.5221725201051165,1766818758567
1,0.5221725201051165,1766818758826
1,0.5221725201051165,1766818759041
1,0.5221725201051165,1766818759220
1,0.5221725201051165,1766818759559
1,0.5221725201051165,1766818759923
1,0.5221725201051165,1766818760174
1,0.5221725201051165,1766818760392
1,0.5221725201051165,1766818760618
1,0.5221725201051165,1766818760825
1,0.5221725201051165,1766818761039
1,0.5221725201051165,1766818761238
1,0.5221725201051165,1766818761473
1,0.5221725201051165,1766818761723
1,0.5221725201051165,1766818761920
1,0.5221725201051165,1766818762159
1,0.5221725201051165,1766818762360
1,0.5221725201051165,1766818762550
1,0.5221725201051165,1766818762781
1,0.5221725201051165,1766818763037
1,0.5221725201051165,1766818763229
1,0.5221725201051165,1766818763429
1,0.5221725201051165,1766818763688
1,0.5221725201051165,1766818763922
1,0.5221725201051165,1766818764156
1,0.5221725201051165,1766818764466
1,0.5221725201051165,1766818764685
1,0.5221725201051165,1766818764926
1,0.5221725201051165,1766818765315
1,0.5221725201051165,1766818765525
1,0.5221725201051165,1766818765706
1,0.5221725201051165,1766818765913
1,0.5221725201051165,1766818766161
1,0.5221725201051165,1766818766413
1,0.5221725201051165,1766818766612
1,0.5221725201051165,1766818766833
1,0.5221725201051165,1766818767015
1,0.5221725201051165,1766818767233
1,0.5221725201051165,1766818767484
1,0.5221725201051165,1766818767742
1,0.5221725201051165,1766818767966
1,0.5221725201051165,1766818768165
1,0.5221725201051165,1766818768394
1,0.5221725201051165,1766818768611
1,0.5221725201051165,1766818768875
1,0.5221725201051165,1766818769169
1,0.5221725201051165,1766818769367
1,0.5221725201051165,1766818769555
1,0.5221725201051165,1766818769729
1,0.5221725201051165,1766818769954
1,0.5221725201051165,1766818770174
1,0.5221725201051165,1766818770380
1,0.5221725201051165,1766818770671
1,0.5221725201051165,1766818770890
1,0.5221725201051165,1766818771196
1,0.5221725201051165,1766818771397
1,0.5221725201051165,1766818771591
1,0.5221725201051165,1766818771811
1,0.5221725201051165,1766818772008
1,0.5221725201051165,1766818772334
1,0.5221725201051165,1766818772533
1,0.5221725201051165,1766818772713
1,0.5221725201051165,1766818772911
1,0.5221725201051165,1766818773186
1,0.5221725201051165,1766818773408
1,0.5221725201051165,1766818773603
1,0.5221725201051165,1766818773876
1,0.5221725201051165,1766818774145
1,0.5221725201051165,1766818774330
1,0.5221725201051165,1766818774584
1,0.5221725201051165,1766818774815
1,0.5221725201051165,1766818775020
1,0.5221725201051165,1766818775237
1,0.5221725201051165,1766818775440
1,0.5221725201051165,1766818775742
1,0.5221725201051165,1766818775938
1,0.5221725201051165,1766818776284
1,0.5221725201051165,1766818776499
1,0.5221725201051165,1766818776687
1,0.5221725201051165,1766818776904
1,0.5221725201051165,1766818777207
1,0.5221725201051165,1766818777434
1,0.5221725201051165,1766818777752
1,0.5221725201051165,1766818777977
1,0.5221725201051165,1766818778171
1,0.5221725201051165,1766818778370
1,0.5221725201051165,1766818778595
1,0.5221725201051165,1766818778816
1,0.5221725201051165,1766818779008
1,0.5221725201051165,1766818779327
1,0.5221725201051165,1766818779590
1,0.5221725201051165,1766818779797
1,0.5221725201051165,1766818780146
1,0.5221725201051165,1766818780390
1,0.5221725201051165,1766818780584
1,0.5221725201051165,1766818780828
1,0.5221725201051165,1766818781066
1,0.5221725201051165,1766818781347
1,0.5221725201051165,1766818781530
1,0.5221725201051165,1766818781748
1,0.5221725201051165,1766818782020
1,0.5221725201051165,1766818782278
1,0.5221725201051165,1766818782477
1,0.5221725201051165,1766818782705
1,0.5221725201051165,1766818782927
1,0.5221725201051165,1766818783134
1,0.5221725201051165,1766818783398
1,0.5221725201051165,1766818783696
1,0.5221725201051165,1766818783921
1,0.5221725201051165,1766818784111
1,0.5221725201051165,1766818784385
1,0.5221725201051165,1766818784590
1,0.5221725201051165,1766818784836
1,0.5221725201051165,1766818785040
1,0.5221725201051165,1766818785301
1,0.5221725201051165,1766818785510
1,0.5221725201051165,1766818785676
1,0.5221725201051165,1766818785895
1,0.5221725201051165,1766818786137
1,0.5221725201051165,1766818786437
1,0.5221725201051165,1766818786734
1,0.5221725201051165,1766818786976
1,0.5221725201051165,1766818787249
1,0.5221725201051165,1766818787441
1,0.5221725201051165,1766818787609
1,0.5221725201051165,1766818787800
1,0.5221725201051165,1766818788106
1,0.5221725201051165,1766818788369
1,0.5221725201051165,1766818788586
1,0.5221725201051165,1766818788930
1,0.5221725201051165,1766818789137
1,0.5221725201051165,1766818789337
1,0.5221725201051165,1766818789520
1,0.5221725201051165,1766818789774
1,0.5221725201051165,1766818790019
1,0.5221725201051165,1766818790268
1,0.5221725201051165,1766818790469
1,0.5221725201051165,1766818790774
1,0.5221725201051165,1766818791094
1,0.5221725201051165,1766818791325
1,0.5221725201051165,1766818791526
1,0.5221725201051165,1766818791832
1,0.5221725201051165,1766818792026
1,0.5221725201051165,1766818792337
1,0.5221725201051165,1766818792541
1,0.5221725201051165,1766818792747
1,0.5221725201051165,1766818792939
1,0.5221725201051165,1766818793124
1,0.5221725201051165,1766818793336
1,0.5221725201051165,1766818793580
1,0.5221725201051165,1766818793885
1,0.5221725201051165,1766818794158
1,0.5221725201051165,1766818794377
1,0.5221725201051165,1766818794632
1,0.5221725201051165,1766818794887
1,0.5221725201051165,1766818795128
1,0.5221725201051165,1766818795349
1,0.5221725201051165,1766818795526
1,0.5221725201051165,1766818795747
1,0.5221725201051165,1766818795940
1,0.5221725201051165,1766818796216
1,0.5221725201051165,1766818796406
1,0.5221725201051165,1766818796663
1,0.5221725201051165,1766818796875
1,0.5221725201051165,1766818797112
1,0.5221725201051165,1766818797302
1,0.5221725201051165,1766818797510
1,0.5221725201051165,1766818797755
1,0.5221725201051165,1766818797990
1,0.5221725201051165,1766818798211
1,0.5221725201051165,1766818798461
1,0.5221725201051165,1766818798741
1,0.5221725201051165,1766818798993
1,0.5221725201051165,1766818799221
1,0.5221725201051165,1766818799504
1,0.5221725201051165,1766818799757
1,0.5221725201051165,1766818799984
1,0.5221725201051165,1766818800353
1,0.5221725201051165,1766818800558
1,0.5221725201051165,1766818800774
1,0.5221725201051165,1766818800987
1,0.5221725201051165,1766818801231
1,0.5221725201051165,1766818801456
1,0.5221725201051165,1766818801744
1,0.5221725201051165,1766818801944
1,0.5221725201051165,1766818802189
1,0.5221725201051165,1766818802379
1,0.5221725201051165,1766818802666
1,0.5221725201051165,1766818802950
1,0.5221725201051165,1766818803210
1,0.5221725201051165,1766818803449
1,0.5221725201051165,1766818803703
1,0.5221725201051165,1766818803981
1,0.5221725201051165,1766818804223
1,0.5221725201051165,1766818804474
1,0.5221725201051165,1766818804668
1,0.5221725201051165,1766818804887
1,0.5221725201051165,1766818805195
1,0.5221725201051165,1766818805385
1,0.5221725201051165,1766818805570
1,0.5221725201051165,1766818805792
1,0.5221725201051165,1766818806014
1,0.5221725201051165,1766818806243
1,0.5221725201051165,1766818806436
1,0.5221725201051165,1766818806646
1,0.5221725201051165,1766818806889
1,0.5221725201051165,1766818807132
1,0.5221725201051165,1766818807314
1,0.5221725201051165,1766818807588
1,0.5221725201051165,1766818807823
1,0.5221725201051165,1766818808005
1,0.5221725201051165,1766818808228
1,0.5221725201051165,1766818808431
1,0.5221725201051165,1766818808617
1,0.5221725201051165,1766818808866
1,0.5221725201051165,1766818809154
1,0.5221725201051165,1766818809378
1,0.5221725201051165,1766818809593
1,0.5221725201051165,1766818809813
1,0.5221725201051165,1766818810004
1,0.5221725201051165,1766818810245
1,0.5221725201051165,1766818810473
1,0.5221725201051165,1766818810681
1,0.5221725201051165,1766818810901
1,0.5221725201051165,1766818811099
1,0.5221725201051165,1766818811399
1,0.5221725201051165,1766818811637
1,0.5221725201051165,1766818811850
1,0.5221725201051165,1766818812092
1,0.5221725201051165,1766818812348
1,0.5221725201051165,1766818812558
1,0.5221725201051165,1766818812834
1,0.5221725201051165,1766818813031
1,0.5221725201051165,1766818813263
1,0.5221725201051165,1766818813538
1,0.5221725201051165,1766818813799
1,0.5221725201051165,1766818814090
1,0.5221725201051165,1766818814311
1,0.5221725201051165,1766818814575
1,0.5221725201051165,1766818814785
1,0.5221725201051165,1766818815008
1,0.5221725201051165,1766818815337
1,0.5221725201051165,1766818815529
1,0.5221725201051165,1766818815716
1,0.5221725201051165,1766818815886
1,0.5221725201051165,1766818816156
1,0.5221725201051165,1766818816399
1,0.5221725201051165,1766818816568
1,0.5221725201051165,1766818816786
1,0.5221725201051165,1766818816992
1,0.5221725201051165,1766818817199
1,0.5221725201051165,1766818817427
1,0.5221725201051165,1766818817692
1,0.5221725201051165,1766818817982
1,0.5221725201051165,1766818818188
1,0.5221725201051165,1766818818547
1,0.5221725201051165,1766818818736
1,0.5221725201051165,1766818818948
1,0.5221725201051165,1766818819215
1,0.5221725201051165,1766818819493
1,0.5221725201051165,1766818819693
1,0.5221725201051165,1766818819900
1,0.5221725201051165,1766818820210
1,0.5221725201051165,1766818820432
1,0.5221725201051165,1766818820632
1,0.5221725201051165,1766818820814
1,0.5221725201051165,1766818821043
1,0.5221725201051165,1766818821290
1,0.5221725201051165,1766818821498
1,0.5221725201051165,1766818821706
1,0.5221725201051165,1766818821950
1,0.5221725201051165,1766818822257
1,0.5221725201051165,1766818822458
1,0.5221725201051165,1766818822663
1,0.5221725201051165,1766818822866
1,0.5221725201051165,1766818823033
1,0.5221725201051165,1766818823223
1,0.5221725201051165,1766818823480
1,0.5221725201051165,1766818823677
1,0.5221725201051165,1766818823891
1,0.5221725201051165,1766818824100
1,0.5221725201051165,1766818824306
1,0.5221725201051165,1766818824518
1,0.5221725201051165,1766818824727
1,0.5221725201051165,1766818824947
1,0.5221725201051165,1766818825236
1,0.5221725201051165,1766818825432
1,0.5221725201051165,1766818825780
1,0.5221725201051165,1766818826069
1,0.5221725201051165,1766818826353
1,0.5221725201051165,1766818826549
1,0.5221725201051165,1766818826764
1,0.5221725201051165,1766818827003
1,0.5221725201051165,1766818827329
1,0.5221725201051165,1766818827589
1,0.5221725201051165,1766818827792
1,0.5221725201051165,1766818827985
1,0.5221725201051165,1766818828210
1,0.5221725201051165,1766818828494
1,0.5221725201051165,1766818828707
1,0.5221725201051165,1766818828949
1,0.5221725201051165,1766818829184
1,0.5221725201051165,1766818829408
1,0.5221725201051165,1766818829680
1,0.5221725201051165,1766818829912
1,0.5221725201051165,1766818830198
1,0.5221725201051165,1766818830412
1,0.5221725201051165,1766818830631
1,0.5221725201051165,1766818830870
1,0.5221725201051165,1766818831092
1,0.5221725201051165,1766818831384
1,0.5221725201051165,1766818831606
1,0.5221725201051165,1766818831796
1,0.5221725201051165,1766818831994
1,0.5221725201051165,1766818832231
1,0.5221725201051165,1766818832464
1,0.5221725201051165,1766818832728
1,0.5221725201051165,1766818833130
1,0.5221725201051165,1766818833312
1,0.5221725201051165,1766818833508
1,0.5221725201051165,1766818833807
1,0.5221725201051165,1766818834005
1,0.5221725201051165,1766818834198
1,0.5221725201051165,1766818834584
1,0.5221725201051165,1766818834777
1,0.5221725201051165,1766818835019
1,0.5221725201051165,1766818835242
1,0.5221725201051165,1766818835471
1,0.5221725201051165,1766818835703
1,0.5221725201051165,1766818835936
1,0.5221725201051165,1766818836212
1,0.5221725201051165,1766818836563
1,0.5221725201051165,1766818836783
1,0.5221725201051165,1766818836977
1,0.5221725201051165,1766818837171
1,0.5221725201051165,1766818837453
1,0.5221725201051165,1766818837725
1,0.5221725201051165,1766818837919
1,0.5221725201051165,1766818838208
1,0.5221725201051165,1766818838419
1,0.5221725201051165,1766818838680
1,0.5221725201051165,1766818838903
1,0.5221725201051165,1766818839109
1,0.5221725201051165,1766818839316
1,0.5221725201051165,1766818839571
1,0.5221725201051165,1766818839796
1,0.5221725201051165,1766818840028
1,0.5221725201051165,1766818840294
1,0.5221725201051165,1766818840620
1,0.5221725201051165,1766818840815
1,0.5221725201051165,1766818841033
1,0.5221725201051165,1766818841224
1,0.5221725201051165,1766818841405
1,0.5221725201051165,1766818841642
1,0.5221725201051165,1766818841888
1,0.5221725201051165,1766818842161
1,0.5221725201051165,1766818842420
1,0.5221725201051165,1766818842597
1,0.5221725201051165,1766818842784
1,0.5221725201051165,1766818843058
1,0.5221725201051165,1766818843265
1,0.5221725201051165,1766818843592
1,0.5221725201051165,1766818843782
1,0.5221725201051165,1766818843987
1,0.5221725201051165,1766818844257
1,0.5221725201051165,1766818844479
1,0.5221725201051165,1766818844726
1,0.5221725201051165,1766818844936
1,0.5221725201051165,1766818845131
1,0.5221725201051165,1766818845403
1,0.5221725201051165,1766818845615
1,0.5221725201051165,1766818845811
1,0.5221725201051165,1766818846021
1,0.5221725201051165,1766818846250
1,0.5221725201051165,1766818846478
1,0.5221725201051165,1766818846697
1,0.5221725201051165,1766818846901
1,0.5221725201051165,1766818847129
1,0.5221725201051165,1766818847372
1,0.5221725201051165,1766818847591
1,0.5221725201051165,1766818847828
1,0.5221725201051165,1766818848069
1,0.5221725201051165,1766818848333
1,0.5221725201051165,1766818848634
1,0.5221725201051165,1766818848845
1,0.5221725201051165,1766818849083
1,0.5221725201051165,1766818849308
1,0.5221725201051165,1766818849531
1,0.5221725201051165,1766818849723
1,0.5221725201051165,1766818849969
1,0.5221725201051165,1766818850242
1,0.5221725201051165,1766818850492
1,0.5221725201051165,1766818850743
1,0.5221725201051165,1766818851011
1,0.5221725201051165,1766818851212
1,0.5221725201051165,1766818851415
1,0.5221725201051165,1766818851640
1,0.5221725201051165,1766818851855
1,0.5221725201051165,1766818852176
1,0.5221725201051165,1766818852387
1,0.5221725201051165,1766818852582
1,0.5221725201051165,1766818852836
1,0.5221725201051165,1766818853132
1,0.5221725201051165,1766818853330
1,0.5221725201051165,1766818853513
1,0.5221725201051165,1766818853779
1,0.5221725201051165,1766818854043
1,0.5221725201051165,1766818854232
1,0.5221725201051165,1766818854405
1,0.5221725201051165,1766818854573
1,0.5221725201051165,1766818854795
1,0.5221725201051165,1766818855008
1,0.5221725201051165,1766818855259
1,0.5221725201051165,1766818855491
1,0.5221725201051165,1766818855700
1,0.5221725201051165,1766818855932
1,0.5221725201051165,1766818856176
1,0.5221725201051165,1766818856410
1,0.5221725201051165,1766818856683
1,0.5221725201051165,1766818856891
1,0.5221725201051165,1766818857196
1,0.5221725201051165,1766818857394
1,0.5221725201051165,1766818857584
1,0.5221725201051165,1766818857783
1,0.5221725201051165,1766818858024
1,0.5221725201051165,1766818858244
1,0.5221725201051165,1766818858498
1,0.5221725201051165,1766818858788
1,0.5221725201051165,1766818859037
1,0.5221725201051165,1766818859221
1,0.5221725201051165,1766818859465
1,0.5221725201051165,1766818859691
1,0.5221725201051165,1766818859931
1,0.5221725201051165,1766818860201
1,0.5221725201051165,1766818860441
1,0.5221725201051165,1766818860686
1,0.5221725201051165,1766818860894
1,0.5221725201051165,1766818861205
1,0.5221725201051165,1766818861404
1,0.5221725201051165,1766818861591
1,0.5221725201051165,1766818861797
1,0.5221725201051165,1766818862096
1,0.5221725201051165,1766818862291
1,0.5221725201051165,1766818862542
1,0.5221725201051165,1766818862752
1,0.5221725201051165,1766818862978
1,0.5221725201051165,1766818863200
1,0.5221725201051165,1766818863409
1,0.5221725201051165,1766818863686
1,0.5221725201051165,1766818863921
1,0.5221725201051165,1766818864154
1,0.5221725201051165,1766818864404
1,0.5221725201051165,1766818864610
1,0.5221725201051165,1766818864825
1,0.5221725201051165,1766818865053
1,0.5221725201051165,1766818865308
1,0.5221725201051165,1766818865558
1,0.5221725201051165,1766818865801
1,0.5221725201051165,1766818866081
1,0.5221725201051165,1766818866272
1,0.5221725201051165,1766818866458
1,0.5221725201051165,1766818866661
1,0.5221725201051165,1766818866850
1,0.5221725201051165,1766818867049
1,0.5221725201051165,1766818867262
1,0.5221725201051165,1766818867539
1,0.5221725201051165,1766818867750
1,0.5221725201051165,1766818867972
1,0.5221725201051165,1766818868227
1,0.5221725201051165,1766818868453
1,0.5221725201051165,1766818868753
1,0.5221725201051165,1766818868952
1,0.5221725201051165,1766818869239
1,0.5221725201051165,1766818869462
1,0.5221725201051165,1766818869726
1,0.5221725201051165,1766818869936
1,0.5221725201051165,1766818870124
1,0.5221725201051165,1766818870345
1,0.5221725201051165,1766818870564
1,0.5221725201051165,1766818870845
1,0.5221725201051165,1766818871055
1,0.5221725201051165,1766818871279
1,0.5221725201051165,1766818871513
1,0.5221725201051165,1766818871833
1,0.5221725201051165,1766818872079
1,0.5221725201051165,1766818872370
1,0.5221725201051165,1766818872643
1,0.5221725201051165,1766818872854
1,0.5221725201051165,1766818873110
1,0.5221725201051165,1766818873316
1,0.5221725201051165,1766818873530
1,0.5221725201051165,1766818873897
1,0.5221725201051165,1766818874099
1,0.5221725201051165,1766818874325
1,0.5221725201051165,1766818874571
1,0.5221725201051165,1766818874769
1,0.5221725201051165,1766818874994
1,0.5221725201051165,1766818875181
1,0.5221725201051165,1766818875418
1,0.5221725201051165,1766818875616
1,0.5221725201051165,1766818875795
1,0.5221725201051165,1766818876002
1,0.5221725201051165,1766818876213
1,0.5221725201051165,1766818876441
1,0.5221725201051165,1766818876722
1,0.5221725201051165,1766818877000
1,0.5221725201051165,1766818877198
1,0.5221725201051165,1766818877408
1,0.5221725201051165,1766818877597
1,0.5221725201051165,1766818877860
1,0.5221725201051165,1766818878077
1,0.5221725201051165,1766818878349
1,0.5221725201051165,1766818878572
1,0.5221725201051165,1766818878818
1,0.5221725201051165,1766818879002
1,0.5221725201051165,1766818879161
1,0.5221725201051165,1766818879409
1,0.5221725201051165,1766818879596
1,0.5221725201051165,1766818879863
1,0.5221725201051165,1766818880101
1,0.5221725201051165,1766818880330
1,0.5221725201051165,1766818880628
1,0.5221725201051165,1766818880861
1,0.5221725201051165,1766818881040
1,0.5221725201051165,1766818881241
1,0.5221725201051165,1766818881422
1,0.5221725201051165,1766818881681
1,0.5221725201051165,1766818881902
1,0.5221725201051165,1766818882154
1,0.5221725201051165,1766818882468
1,0.5221725201051165,1766818882691
1,0.5221725201051165,1766818882877
1,0.5221725201051165,1766818883070
1,0.5221725201051165,1766818883433
1,0.5221725201051165,1766818883613
1,0.5221725201051165,1766818883809
1,0.5221725201051165,1766818884028
1,0.5221725201051165,1766818884211
1,0.5221725201051165,1766818884506
1,0.5221725201051165,1766818884724
1,0.5221725201051165,1766818884905
1,0.5221725201051165,1766818885099
1,0.5221725201051165,1766818885302
1,0.5221725201051165,1766818885500
1,0.5221725201051165,1766818885709
1,0.5221725201051165,1766818885973
1,0.5221725201051165,1766818886221
1,0.5221725201051165,1766818886489
1,0.5221725201051165,1766818886680
1,0.5221725201051165,1766818886888
1,0.5221725201051165,1766818887200
1,0.5221725201051165,1766818887419
1,0.5221725201051165,1766818887708
1,0.5221725201051165,1766818887910
1,0.5221725201051165,1766818888118
1,0.5221725201051165,1766818888306
1,0.5221725201051165,1766818888526
1,0.5221725201051165,1766818888749
1,0.5221725201051165,1766818888955
1,0.5221725201051165,1766818889144
1,0.5221725201051165,1766818889399
1,0.5221725201051165,1766818889616
1,0.5221725201051165,1766818889898
1,0.5221725201051165,1766818890095
1,0.5221725201051165,1766818890290
1,0.5221725201051165,1766818890553
1,0.5221725201051165,1766818890802
1,0.5221725201051165,1766818891003
1,0.5221725201051165,1766818891277
1,0.5221725201051165,1766818891552
1,0.5221725201051165,1766818891779
1,0.5221725201051165,1766818892014
1,0.5221725201051165,1766818892263
1,0.5221725201051165,1766818892592
1,0.5221725201051165,1766818892776
1,0.5221725201051165,1766818892964
1,0.5221725201051165,1766818893160
1,0.5221725201051165,1766818893379
1,0.5221725201051165,1766818893649
1,0.5221725201051165,1766818893925
1,0.5221725201051165,1766818894167
1,0.5221725201051165,1766818894361
1,0.5221725201051165,1766818894567
1,0.5221725201051165,1766818894782
1,0.5221725201051165,1766818894972
1,0.5221725201051165,1766818895260
1,0.5221725201051165,1766818895463
1,0.5221725201051165,1766818895680
1,0.5221725201051165,1766818895891
1,0.5221725201051165,1766818896062
1,0.5221725201051165,1766818896282
1,0.5221725201051165,1766818896485
1,0.5221725201051165,1766818896738
1,0.5221725201051165,1766818896962
1,0.5221725201051165,1766818897231
1,0.5221725201051165,1766818897455
1,0.5221725201051165,1766818897650
1,0.5221725201051165,1766818897865
1,0.5221725201051165,1766818898091
1,0.5221725201051165,1766818898360
1,0.5221725201051165,1766818898578
1,0.5221725201051165,1766818898813
1,0.5221725201051165,1766818899103
1,0.5221725201051165,1766818899309
1,0.5221725201051165,1766818899504
1,0.5221725201051165,1766818899743
1,0.5221725201051165,1766818899927
1,0.5221725201051165,1766818900275
1,0.5221725201051165,1766818900444
1,0.5221725201051165,1766818900611
1,0.5221725201051165,1766818900828
1,0.5221725201051165,1766818901025
1,0.5221725201051165,1766818901241
1,0.5221725201051165,1766818901531
1,0.5221725201051165,1766818901753
1,0.5221725201051165,1766818901930
1,0.5221725201051165,1766818902183
1,0.5221725201051165,1766818902440
1,0.5221725201051165,1766818902718
1,0.5221725201051165,1766818902955
1,0.5221725201051165,1766818903165
1,0.5221725201051165,1766818903385
1,0.5221725201051165,1766818903687
1,0.5221725201051165,1766818903906
1,0.5221725201051165,1766818904202
1,0.5221725201051165,1766818904420
1,0.5221725201051165,1766818904676
1,0.5221725201051165,1766818904916
1,0.5221725201051165,1766818905112
1,0.5221725201051165,1766818905309
1,0.5221725201051165,1766818905512
1,0.5221725201051165,1766818905713
1,0.5221725201051165,1766818905986
1,0.5221725201051165,1766818906205
1,0.5221725201051165,1766818906543
1,0.5221725201051165,1766818906780
1,0.5221725201051165,1766818906947
1,0.5221725201051165,1766818907172
1,0.5221725201051165,1766818907364
1,0.5221725201051165,1766818907565
1,0.5221725201051165,1766818907775
1,0.5221725201051165,1766818908003
1,0.5221725201051165,1766818908232
1,0.5221725201051165,1766818908438
1,0.5221725201051165,1766818908683
1,0.5221725201051165,1766818908927
1,0.5221725201051165,1766818909145
1,0.5221725201051165,1766818909359
1,0.5221725201051165,1766818909595
1,0.5221725201051165,1766818909767
1,0.5221725201051165,1766818909973
1,0.5221725201051165,1766818910239
1,0.5221725201051165,1766818910550
1,0.5221725201051165,1766818910732
1,0.5221725201051165,1766818911051
1,0.5221725201051165,1766818911255
1,0.5221725201051165,1766818911450
1,0.5221725201051165,1766818911655
1,0.5221725201051165,1766818911852
1,0.5221725201051165,1766818912082
1,0.5221725201051165,1766818912280
1,0.5221725201051165,1766818912500
1,0.5221725201051165,1766818912783
1,0.5221725201051165,1766818912995
1,0.5221725201051165,1766818913180
1,0.5221725201051165,1766818913353
1,0.5221725201051165,1766818913617
1,0.5221725201051165,1766818913896
1,0.5221725201051165,1766818914132
1,0.5221725201051165,1766818914353
1,0.5221725201051165,1766818914561
1,0.5221725201051165,1766818914802
1,0.5221725201051165,1766818915045
1,0.5221725201051165,1766818915281
1,0.5221725201051165,1766818915565
1,0.5221725201051165,1766818915753
1,0.5221725201051165,1766818915988
1,0.5221725201051165,1766818916174
1,0.5221725201051165,1766818916422
1,0.5221725201051165,1766818916655
1,0.5221725201051165,1766818916923
1,0.5221725201051165,1766818917146
1,0.5221725201051165,1766818917370
1,0.5221725201051165,1766818917554
1,0.5221725201051165,1766818917743
1,0.5221725201051165,1766818918123
1,0.5221725201051165,1766818918334
1,0.5221725201051165,1766818918522
1,0.5221725201051165,1766818918763
1,0.5221725201051165,1766818919001
1,0.5221725201051165,1766818919191
1,0.5221725201051165,1766818919501
1,0.5221725201051165,1766818919744
1,0.5221725201051165,1766818919933
1,0.5221725201051165,1766818920134
1,0.5221725201051165,1766818920306
1,0.5221725201051165,1766818920521
1,0.5221725201051165,1766818920782
1,0.5221725201051165,1766818920972
1,0.5221725201051165,1766818921260
1,0.5221725201051165,1766818921483
1,0.5221725201051165,1766818921704
1,0.5221725201051165,1766818921919
1,0.5221725201051165,1766818922148
1,0.5221725201051165,1766818922372
1,0.5221725201051165,1766818922715
1,0.5221725201051165,1766818922923
1,0.5221725201051165,1766818923095
1,0.5221725201051165,1766818923278
1,0.5221725201051165,1766818923477
1,0.5221725201051165,1766818923654
1,0.5221725201051165,1766818923948
1,0.5221725201051165,1766818924144
1,0.5221725201051165,1766818924310
1,0.5221725201051165,1766818924512
1,0.5221725201051165,1766818924764
1,0.5221725201051165,1766818925008
1,0.5221725201051165,1766818925205
1,0.5221725201051165,1766818925376
1,0.5221725201051165,1766818925649
1,0.5221725201051165,1766818925871
1,0.5221725201051165,1766818926249
1,0.5221725201051165,1766818926466
1,0.5221725201051165,1766818926648
1,0.5221725201051165,1766818926847
1,0.5221725201051165,1766818927056
1,0.5221725201051165,1766818927260
1,0.5221725201051165,1766818927542
1,0.5221725201051165,1766818927722
1,0.5221725201051165,1766818927917
1,0.5221725201051165,1766818928095
1,0.5221725201051165,1766818928334
1,0.5221725201051165,1766818928527
1,0.5221725201051165,1766818928748
1,0.5221725201051165,1766818928982
1,0.5221725201051165,1766818929355
1,0.5221725201051165,1766818929548
1,0.5221725201051165,1766818929729
1,0.5221725201051165,1766818929911
1,0.5221725201051165,1766818930128
1,0.5221725201051165,1766818930352
1,0.5221725201051165,1766818930586
1,0.5221725201051165,1766818930828
1,0.5221725201051165,1766818931073
1,0.5221725201051165,1766818931314
1,0.5221725201051165,1766818931547
1,0.5221725201051165,1766818931729
1,0.5221725201051165,1766818931969
1,0.5221725201051165,1766818932177
1,0.5221725201051165,1766818932431
1,0.5221725201051165,1766818932676
1,0.5221725201051165,1766818932956
1,0.5221725201051165,1766818933197
1,0.5221725201051165,1766818933411
1,0.5221725201051165,1766818933637
1,0.5221725201051165,1766818933848
1,0.5221725201051165,1766818934057
1,0.5221725201051165,1766818934230
1,0.5221725201051165,1766818934445
1,0.5221725201051165,1766818934650
1,0.433676366989615,1766818934920
2,0.5221725201051165,1766818935151
2,0.5221725201051165,1766818935356
2,0.5221725201051165,1766818935554
2,0.5221725201051165,1766818935825
2,0.5221725201051165,1766818936060
2,0.5221725201051165,1766818936277
2,0.5221725201051165,1766818936520
2,0.5221725201051165,1766818936734
2,0.5221725201051165,1766818936944
2,0.5221725201051165,1766818937154
2,0.5221725201051165,1766818937362
2,0.5221725201051165,1766818937695
2,0.5221725201051165,1766818937891
2,0.5221725201051165,1766818938118
2,0.5221725201051165,1766818938352
2,0.5221725201051165,1766818938619
2,0.5221725201051165,1766818938886
2,0.5221725201051165,1766818939073
2,0.5221725201051165,1766818939278
2,0.5221725201051165,1766818939449
2,0.5221725201051165,1766818939633
2,0.5221725201051165,1766818939897
2,0.5221725201051165,1766818940137
2,0.5221725201051165,1766818940341
2,0.5221725201051165,1766818940609
2,0.5221725201051165,1766818940870
2,0.5221725201051165,1766818941048
2,0.5221725201051165,1766818941252
2,0.5221725201051165,1766818941486
2,0.5221725201051165,1766818941689
2,0.5221725201051165,1766818941888
2,0.5221725201051165,1766818942155
2,0.5221725201051165,1766818942419
2,0.5221725201051165,1766818942604
2,0.5221725201051165,1766818942859
2,0.5221725201051165,1766818943077
2,0.5221725201051165,1766818943292
2,0.5221725201051165,1766818943482
2,0.5221725201051165,1766818943768
2,0.5221725201051165,1766818944029
2,0.5221725201051165,1766818944221
2,0.5221725201051165,1766818944474
2,0.5221725201051165,1766818944683
2,0.5221725201051165,1766818944883
2,0.5221725201051165,1766818945142
2,0.5221725201051165,1766818945339
2,0.5221725201051165,1766818945608
2,0.5221725201051165,1766818945851
2,0.5221725201051165,1766818946099
2,0.5221725201051165,1766818946350
2,0.5221725201051165,1766818946548
2,0.5221725201051165,1766818946846
2,0.5221725201051165,1766818947089
2,0.5221725201051165,1766818947304
2,0.5221725201051165,1766818947513
2,0.5221725201051165,1766818947752
2,0.5221725201051165,1766818947948
2,0.5221725201051165,1766818948167
2,0.5221725201051165,1766818948405
2,0.5221725201051165,1766818948672
2,0.5221725201051165,1766818948861
2,0.5221725201051165,1766818949085
2,0.5221725201051165,1766818949338
2,0.5221725201051165,1766818949556
2,0.5221725201051165,1766818949791
2,0.5221725201051165,1766818950010
2,0.5221725201051165,1766818950231
2,0.5221725201051165,1766818950419
2,0.5221725201051165,1766818950699
2,0.5221725201051165,1766818951035
2,0.5221725201051165,1766818951252
2,0.5221725201051165,1766818951434
2,0.5221725201051165,1766818951617
2,0.5221725201051165,1766818951900
2,0.5221725201051165,1766818952114
2,0.5221725201051165,1766818952318
2,0.5221725201051165,1766818952515
2,0.5221725201051165,1766818952749
2,0.5221725201051165,1766818953002
2,0.5221725201051165,1766818953224
2,0.5221725201051165,1766818953484
2,0.5221725201051165,1766818953785
2,0.5221725201051165,1766818953984
2,0.5221725201051165,1766818954163
2,0.5221725201051165,1766818954345
2,0.5221725201051165,1766818954540
2,0.5221725201051165,1766818954765
2,0.5221725201051165,1766818955133
2,0.5221725201051165,1766818955380
2,0.5221725201051165,1766818955572
2,0.5221725201051165,1766818955758
2,0.5221725201051165,1766818955985
2,0.5221725201051165,1766818956239
2,0.5221725201051165,1766818956436
2,0.5221725201051165,1766818956597
2,0.5221725201051165,1766818956798
2,0.5221725201051165,1766818957008
2,0.5221725201051165,1766818957277
2,0.5221725201051165,1766818957525
2,0.5221725201051165,1766818957729
2,0.5221725201051165,1766818957937
2,0.5221725201051165,1766818958132
2,0.5221725201051165,1766818958430
2,0.5221725201051165,1766818958785
2,0.5221725201051165,1766818959013
2,0.5221725201051165,1766818959208
2,0.5221725201051165,1766818959395
2,0.5221725201051165,1766818959580
2,0.5221725201051165,1766818959783
2,0.5221725201051165,1766818960085
2,0.5221725201051165,1766818960299
2,0.5221725201051165,1766818960463
2,0.5221725201051165,1766818960656
2,0.5221725201051165,1766818960901
2,0.5221725201051165,1766818961196
2,0.5221725201051165,1766818961397
2,0.5221725201051165,1766818961596
2,0.5221725201051165,1766818961832
2,0.5221725201051165,1766818962023
2,0.5221725201051165,1766818962258
2,0.5221725201051165,1766818962504
2,0.5221725201051165,1766818962701
2,0.5221725201051165,1766818962913
2,0.5221725201051165,1766818963100
2,0.5221725201051165,1766818963336
2,0.5221725201051165,1766818963615
2,0.5221725201051165,1766818963820
2,0.5221725201051165,1766818964075
2,0.5221725201051165,1766818964272
2,0.5221725201051165,1766818964574
2,0.5221725201051165,1766818964779
2,0.5221725201051165,1766818964969
2,0.5221725201051165,1766818965238
2,0.5221725201051165,1766818965447
2,0.5221725201051165,1766818965702
2,0.5221725201051165,1766818965947
2,0.5221725201051165,1766818966162
2,0.5221725201051165,1766818966440
2,0.5221725201051165,1766818966683
2,0.5221725201051165,1766818966913
2,0.5221725201051165,1766818967144
2,0.5221725201051165,1766818967326
2,0.5221725201051165,1766818967592
2,0.5221725201051165,1766818967825
2,0.5221725201051165,1766818968099
2,0.5221725201051165,1766818968306
2,0.5221725201051165,1766818968516
2,0.5221725201051165,1766818968837
2,0.5221725201051165,1766818969034
2,0.5221725201051165,1766818969211
2,0.5221725201051165,1766818969434
2,0.5221725201051165,1766818969633
2,0.5221725201051165,1766818969902
2,0.5221725201051165,1766818970143
2,0.5221725201051165,1766818970356
2,0.5221725201051165,1766818970642
2,0.5221725201051165,1766818970863
2,0.5221725201051165,1766818971078
2,0.5221725201051165,1766818971319
2,0.5221725201051165,1766818971543
2,0.5221725201051165,1766818971817
2,0.5221725201051165,1766818972091
2,0.5221725201051165,1766818972327
2,0.5221725201051165,1766818972598
2,0.5221725201051165,1766818972827
2,0.5221725201051165,1766818973081
2,0.5221725201051165,1766818973282
2,0.5221725201051165,1766818973454
2,0.5221725201051165,1766818973653
2,0.5221725201051165,1766818973918
2,0.5221725201051165,1766818974129
2,0.5221725201051165,1766818974438
2,0.5221725201051165,1766818974736
2,0.5221725201051165,1766818974975
2,0.5221725201051165,1766818975198
2,0.5221725201051165,1766818975424
2,0.5221725201051165,1766818975647
2,0.5221725201051165,1766818975882
2,0.5221725201051165,1766818976143
2,0.5221725201051165,1766818976383
2,0.5221725201051165,1766818976663
2,0.5221725201051165,1766818976867
2,0.5221725201051165,1766818977054
2,0.5221725201051165,1766818977243
2,0.5221725201051165,1766818977434
2,0.5221725201051165,1766818977651
2,0.5221725201051165,1766818977848
2,0.5221725201051165,1766818978033
2,0.5221725201051165,1766818978251
2,0.5221725201051165,1766818978461
2,0.5221725201051165,1766818978689
2,0.5221725201051165,1766818978978
2,0.5221725201051165,1766818979213
2,0.5221725201051165,1766818979413
2,0.5221725201051165,1766818979665
2,0.5221725201051165,1766818979989
2,0.5221725201051165,1766818980190
2,0.5221725201051165,1766818980375
2,0.5221725201051165,1766818980556
2,0.5221725201051165,1766818980764
2,0.5221725201051165,1766818981016
2,0.5221725201051165,1766818981304
2,0.5221725201051165,1766818981512
2,0.5221725201051165,1766818981771
2,0.5221725201051165,1766818981972
2,0.5221725201051165,1766818982158
2,0.5221725201051165,1766818982337
2,0.5221725201051165,1766818982525
2,0.5221725201051165,1766818982754
2,0.5221725201051165,1766818983017
2,0.5221725201051165,1766818983269
2,0.5221725201051165,1766818983438
2,0.5221725201051165,1766818983683
2,0.5221725201051165,1766818984033
2,0.5221725201051165,1766818984272
2,0.5221725201051165,1766818984452
2,0.5221725201051165,1766818984701
2,0.5221725201051165,1766818984886
2,0.5221725201051165,1766818985209
2,0.5221725201051165,1766818985498
2,0.5221725201051165,1766818985713
2,0.5221725201051165,1766818985995
2,0.5221725201051165,1766818986225
2,0.5221725201051165,1766818986433
2,0.5221725201051165,1766818986643
2,0.5221725201051165,1766818986833
2,0.5221725201051165,1766818987059
2,0.5221725201051165,1766818987291
2,0.5221725201051165,1766818987520
2,0.5221725201051165,1766818987717
2,0.5221725201051165,1766818987948
2,0.5221725201051165,1766818988178
2,0.5221725201051165,1766818988458
2,0.5221725201051165,1766818988677
2,0.5221725201051165,1766818988845
2,0.5221725201051165,1766818989068
2,0.5221725201051165,1766818989284
2,0.5221725201051165,1766818989477
2,0.5221725201051165,1766818989662
2,0.5221725201051165,1766818989849
2,0.5221725201051165,1766818990041
2,0.5221725201051165,1766818990290
2,0.5221725201051165,1766818990519
2,0.5221725201051165,1766818990773
2,0.5221725201051165,1766818990969
2,0.5221725201051165,1766818991196
2,0.5221725201051165,1766818991470
2,0.5221725201051165,1766818991681
2,0.5221725201051165,1766818991890
2,0.5221725201051165,1766818992142
2,0.5221725201051165,1766818992340
2,0.5221725201051165,1766818992581
2,0.5221725201051165,1766818992797
2,0.5221725201051165,1766818993016
2,0.5221725201051165,1766818993223
2,0.5221725201051165,1766818993401
2,0.5221725201051165,1766818993658
2,0.5221725201051165,1766818993880
2,0.5221725201051165,1766818994143
2,0.5221725201051165,1766818994361
2,0.5221725201051165,1766818994542
2,0.5221725201051165,1766818994767
2,0.5221725201051165,1766818994974
2,0.5221725201051165,1766818995204
2,0.5221725201051165,1766818995433
2,0.5221725201051165,1766818995667
2,0.5221725201051165,1766818995914
2,0.5221725201051165,1766818996172
2,0.5221725201051165,1766818996416
2,0.5221725201051165,1766818996660
2,0.5221725201051165,1766818996873
2,0.5221725201051165,1766818997146
2,0.5221725201051165,1766818997336
2,0.5221725201051165,1766818997531
2,0.5221725201051165,1766818997735
2,0.5221725201051165,1766818997914
2,0.5221725201051165,1766818998116
2,0.5221725201051165,1766818998363
2,0.5221725201051165,1766818998581
2,0.5221725201051165,1766818998815
2,0.5221725201051165,1766818999002
2,0.5221725201051165,1766818999239
2,0.5221725201051165,1766818999507
2,0.5221725201051165,1766818999722
2,0.5221725201051165,1766818999925
2,0.5221725201051165,1766819000139
2,0.5221725201051165,1766819000385
2,0.5221725201051165,1766819000589
2,0.5221725201051165,1766819000911
2,0.5221725201051165,1766819001133
2,0.5221725201051165,1766819001385
2,0.5221725201051165,1766819001621
2,0.5221725201051165,1766819001822
2,0.5221725201051165,1766819002060
2,0.5221725201051165,1766819002296
2,0.5221725201051165,1766819002526
2,0.5221725201051165,1766819002804
2,0.5221725201051165,1766819003033
2,0.5221725201051165,1766819003276
2,0.5221725201051165,1766819003544
2,0.5221725201051165,1766819003733
2,0.5221725201051165,1766819004068
2,0.5221725201051165,1766819004263
2,0.5221725201051165,1766819004448
2,0.5221725201051165,1766819004669
2,0.5221725201051165,1766819004864
2,0.5221725201051165,1766819005103
2,0.5221725201051165,1766819005339
2,0.5221725201051165,1766819005531
2,0.5221725201051165,1766819005831
2,0.5221725201051165,1766819006027
2,0.5221725201051165,1766819006307
2,0.5221725201051165,1766819006517
2,0.5221725201051165,1766819006747
2,0.5221725201051165,1766819006973
2,0.5221725201051165,1766819007272
2,0.5221725201051165,1766819007485
2,0.5221725201051165,1766819007792
2,0.5221725201051165,1766819008071
2,0.5221725201051165,1766819008271
2,0.5221725201051165,1766819008510
2,0.5221725201051165,1766819008744
2,0.5221725201051165,1766819009001
2,0.5221725201051165,1766819009264
2,0.5221725201051165,1766819009539
2,0.5221725201051165,1766819009825
2,0.5221725201051165,1766819010031
2,0.5221725201051165,1766819010233
2,0.5221725201051165,1766819010452
2,0.5221725201051165,1766819010655
2,0.5221725201051165,1766819010913
2,0.5221725201051165,1766819011099
2,0.5221725201051165,1766819011308
2,0.5221725201051165,1766819011514
2,0.5221725201051165,1766819011760
2,0.5221725201051165,1766819012009
2,0.5221725201051165,1766819012225
2,0.5221725201051165,1766819012416
2,0.5221725201051165,1766819012710
2,0.5221725201051165,1766819012994
2,0.5221725201051165,1766819013281
2,0.5221725201051165,1766819013495
2,0.5221725201051165,1766819013674
2,0.5221725201051165,1766819013896
2,0.5221725201051165,1766819014140
2,0.5221725201051165,1766819014431
2,0.5221725201051165,1766819014638
2,0.5221725201051165,1766819014826
2,0.5221725201051165,1766819015004
2,0.5221725201051165,1766819015224
2,0.5221725201051165,1766819015571
2,0.5221725201051165,1766819015762
2,0.5221725201051165,1766819015940
2,0.5221725201051165,1766819016155
2,0.5221725201051165,1766819016334
2,0.5221725201051165,1766819016528
2,0.5221725201051165,1766819016751
2,0.5221725201051165,1766819017042
2,0.5221725201051165,1766819017278
2,0.5221725201051165,1766819017491
2,0.5221725201051165,1766819017692
2,0.5221725201051165,1766819017931
2,0.5221725201051165,1766819018249
2,0.5221725201051165,1766819018472
2,0.5221725201051165,1766819018651
2,0.5221725201051165,1766819018917
2,0.5221725201051165,1766819019165
2,0.5221725201051165,1766819019338
2,0.5221725201051165,1766819019551
2,0.5221725201051165,1766819019764
2,0.5221725201051165,1766819019986
2,0.5221725201051165,1766819020212
2,0.5221725201051165,1766819020429
2,0.5221725201051165,1766819020628
2,0.5221725201051165,1766819020895
2,0.5221725201051165,1766819021113
2,0.5221725201051165,1766819021319
2,0.5221725201051165,1766819021532
2,0.5221725201051165,1766819021727
2,0.5221725201051165,1766819021943
2,0.5221725201051165,1766819022199
2,0.5221725201051165,1766819022481
2,0.5221725201051165,1766819022669
2,0.5221725201051165,1766819022912
2,0.5221725201051165,1766819023102
2,0.5221725201051165,1766819023291
2,0.5221725201051165,1766819023609
2,0.5221725201051165,1766819023815
2,0.5221725201051165,1766819024029
2,0.5221725201051165,1766819024293
2,0.5221725201051165,1766819024667
2,0.5221725201051165,1766819024881
2,0.5221725201051165,1766819025149
2,0.5221725201051165,1766819025355
2,0.5221725201051165,1766819025540
2,0.5221725201051165,1766819025734
2,0.5221725201051165,1766819025934
2,0.5221725201051165,1766819026132
2,0.5221725201051165,1766819026388
2,0.5221725201051165,1766819026673
2,0.5221725201051165,1766819026921
2,0.5221725201051165,1766819027193
2,0.5221725201051165,1766819027443
2,0.5221725201051165,1766819027769
2,0.5221725201051165,1766819028016
2,0.5221725201051165,1766819028190
2,0.5221725201051165,1766819028381
2,0.5221725201051165,1766819028554
2,0.5221725201051165,1766819028752
2,0.5221725201051165,1766819028937
2,0.5221725201051165,1766819029139
2,0.5221725201051165,1766819029339
2,0.5221725201051165,1766819029672
2,0.5221725201051165,1766819029868
2,0.5221725201051165,1766819030068
2,0.5221725201051165,1766819030276
2,0.5221725201051165,1766819030617
2,0.5221725201051165,1766819030815
2,0.5221725201051165,1766819031047
2,0.5221725201051165,1766819031304
2,0.5221725201051165,1766819031474
2,0.5221725201051165,1766819031667
2,0.5221725201051165,1766819031926
2,0.5221725201051165,1766819032146
2,0.5221725201051165,1766819032450
2,0.5221725201051165,1766819032660
2,0.5221725201051165,1766819032846
2,0.5221725201051165,1766819033074
2,0.5221725201051165,1766819033284
2,0.5221725201051165,1766819033505
2,0.5221725201051165,1766819033722
2,0.5221725201051165,1766819033926
2,0.5221725201051165,1766819034130
2,0.5221725201051165,1766819034331
2,0.5221725201051165,1766819034548
2,0.5221725201051165,1766819034821
2,0.5221725201051165,1766819035136
2,0.5221725201051165,1766819035343
2,0.5221725201051165,1766819035599
2,0.5221725201051165,1766819035800
2,0.5221725201051165,1766819035990
2,0.5221725201051165,1766819036273
2,0.5221725201051165,1766819036520
2,0.5221725201051165,1766819036722
2,0.5221725201051165,1766819036990
2,0.5221725201051165,1766819037196
2,0.5221725201051165,1766819037395
2,0.5221725201051165,1766819037641
2,0.5221725201051165,1766819037829
2,0.5221725201051165,1766819038050
2,0.5221725201051165,1766819038238
2,0.5221725201051165,1766819038461
2,0.5221725201051165,1766819038704
2,0.5221725201051165,1766819038909
2,0.5221725201051165,1766819039165
2,0.5221725201051165,1766819039384
2,0.5221725201051165,1766819039598
2,0.5221725201051165,1766819039824
2,0.5221725201051165,1766819040077
2,0.5221725201051165,1766819040299
2,0.5221725201051165,1766819040545
2,0.5221725201051165,1766819040812
2,0.5221725201051165,1766819041077
2,0.5221725201051165,1766819041315
2,0.5221725201051165,1766819041717
2,0.5221725201051165,1766819041880
2,0.5221725201051165,1766819042076
2,0.5221725201051165,1766819042267
2,0.5221725201051165,1766819042474
2,0.5221725201051165,1766819042675
2,0.5221725201051165,1766819042850
2,0.5221725201051165,1766819043078
2,0.5221725201051165,1766819043372
2,0.5221725201051165,1766819043586
2,0.5221725201051165,1766819043842
2,0.5221725201051165,1766819044107
2,0.5221725201051165,1766819044307
2,0.5221725201051165,1766819044507
2,0.5221725201051165,1766819044709
2,0.5221725201051165,1766819044948
2,0.5221725201051165,1766819045160
2,0.5221725201051165,1766819045395
2,0.5221725201051165,1766819045623
2,0.5221725201051165,1766819045905
2,0.5221725201051165,1766819046088
2,0.5221725201051165,1766819046267
2,0.5221725201051165,1766819046457
2,0.5221725201051165,1766819046704
2,0.5221725201051165,1766819046992
2,0.5221725201051165,1766819047248
2,0.5221725201051165,1766819047457
2,0.5221725201051165,1766819047686
2,0.5221725201051165,1766819047977
2,0.5221725201051165,1766819048187
2,0.5221725201051165,1766819048500
2,0.5221725201051165,1766819048688
2,0.5221725201051165,1766819048881
2,0.5221725201051165,1766819049077
2,0.5221725201051165,1766819049365
2,0.5221725201051165,1766819049718
2,0.5221725201051165,1766819049919
2,0.5221725201051165,1766819050114
2,0.5221725201051165,1766819050343
2,0.5221725201051165,1766819050538
2,0.5221725201051165,1766819050748
2,0.5221725201051165,1766819050960
2,0.5221725201051165,1766819051166
2,0.5221725201051165,1766819051421
2,0.5221725201051165,1766819051642
2,0.5221725201051165,1766819051904
2,0.5221725201051165,1766819052105
2,0.5221725201051165,1766819052328
2,0.5221725201051165,1766819052551
2,0.5221725201051165,1766819052754
2,0.5221725201051165,1766819053023
2,0.5221725201051165,1766819053280
2,0.5221725201051165,1766819053478
2,0.5221725201051165,1766819053728
2,0.5221725201051165,1766819053956
2,0.5221725201051165,1766819054139
2,0.5221725201051165,1766819054361
2,0.5221725201051165,1766819054595
2,0.5221725201051165,1766819054843
2,0.5221725201051165,1766819055109
2,0.5221725201051165,1766819055363
2,0.5221725201051165,1766819055650
2,0.5221725201051165,1766819055923
2,0.5221725201051165,1766819056105
2,0.5221725201051165,1766819056281
2,0.5221725201051165,1766819056490
2,0.5221725201051165,1766819056706
2,0.5221725201051165,1766819056925
2,0.5221725201051165,1766819057250
2,0.5221725201051165,1766819057448
2,0.5221725201051165,1766819057681
2,0.5221725201051165,1766819057966
2,0.5221725201051165,1766819058189
2,0.5221725201051165,1766819058418
2,0.5221725201051165,1766819058656
2,0.5221725201051165,1766819058862
2,0.5221725201051165,1766819059073
2,0.5221725201051165,1766819059344
2,0.5221725201051165,1766819059541
2,0.5221725201051165,1766819059759
2,0.5221725201051165,1766819059958
2,0.5221725201051165,1766819060231
2,0.5221725201051165,1766819060466
2,0.5221725201051165,1766819060668
2,0.5221725201051165,1766819060935
2,0.5221725201051165,1766819061182
2,0.5221725201051165,1766819061391
2,0.5221725201051165,1766819061631
2,0.5221725201051165,1766819061905
2,0.5221725201051165,1766819062129
2,0.5221725201051165,1766819062351
2,0.5221725201051165,1766819062711
2,0.5221725201051165,1766819062966
2,0.5221725201051165,1766819063156
2,0.5221725201051165,1766819063381
2,0.5221725201051165,1766819063607
2,0.5221725201051165,1766819063857
2,0.5221725201051165,1766819064057
2,0.5221725201051165,1766819064227
2,0.5221725201051165,1766819064458
2,0.5221725201051165,1766819064697
2,0.5221725201051165,1766819064909
2,0.5221725201051165,1766819065158
2,0.5221725201051165,1766819065421
2,0.5221725201051165,1766819065653
2,0.5221725201051165,1766819065834
2,0.5221725201051165,1766819066058
2,0.5221725201051165,1766819066298
2,0.5221725201051165,1766819066569
2,0.5221725201051165,1766819066838
2,0.5221725201051165,1766819067084
2,0.5221725201051165,1766819067420
2,0.5221725201051165,1766819067634
2,0.5221725201051165,1766819067833
2,0.5221725201051165,1766819068039
2,0.5221725201051165,1766819068253
2,0.5221725201051165,1766819068461
2,0.5221725201051165,1766819068702
2,0.5221725201051165,1766819068942
2,0.5221725201051165,1766819069164
2,0.5221725201051165,1766819069473
2,0.5221725201051165,1766819069711
2,0.5221725201051165,1766819070001
2,0.5221725201051165,1766819070198
2,0.5221725201051165,1766819070423
2,0.5221725201051165,1766819070644
2,0.5221725201051165,1766819070993
2,0.5221725201051165,1766819071181
2,0.5221725201051165,1766819071522
2,0.5221725201051165,1766819071750
2,0.5221725201051165,1766819071928
2,0.5221725201051165,1766819072154
2,0.5221725201051165,1766819072372
2,0.5221725201051165,1766819072627
2,0.5221725201051165,1766819072908
2,0.5221725201051165,1766819073105
2,0.5221725201051165,1766819073328
2,0.5221725201051165,1766819073536
2,0.5221725201051165,1766819073777
2,0.5221725201051165,1766819074000
2,0.5221725201051165,1766819074206
2,0.5221725201051165,1766819074502
2,0.5221725201051165,1766819074696
2,0.5221725201051165,1766819074906
2,0.5221725201051165,1766819075236
2,0.5221725201051165,1766819075442
2,0.5221725201051165,1766819075611
2,0.5221725201051165,1766819075795
2,0.5221725201051165,1766819075982
2,0.5221725201051165,1766819076209
2,0.5221725201051165,1766819076492
2,0.5221725201051165,1766819076701
2,0.5221725201051165,1766819076886
2,0.5221725201051165,1766819077096
2,0.5221725201051165,1766819077393
2,0.5221725201051165,1766819077639
2,0.5221725201051165,1766819077853
2,0.5221725201051165,1766819078097
2,0.5221725201051165,1766819078341
2,0.5221725201051165,1766819078535
2,0.5221725201051165,1766819078723
2,0.5221725201051165,1766819079034
2,0.5221725201051165,1766819079260
2,0.5221725201051165,1766819079523
2,0.5221725201051165,1766819079776
2,0.5221725201051165,1766819080026
2,0.5221725201051165,1766819080253
2,0.5221725201051165,1766819080502
2,0.5221725201051165,1766819080687
2,0.5221725201051165,1766819080974
2,0.5221725201051165,1766819081195
2,0.5221725201051165,1766819081378
2,0.5221725201051165,1766819081611
2,0.5221725201051165,1766819081848
2,0.5221725201051165,1766819082069
2,0.5221725201051165,1766819082307
2,0.5221725201051165,1766819082497
2,0.5221725201051165,1766819082701
2,0.5221725201051165,1766819083101
2,0.5221725201051165,1766819083328
2,0.5221725201051165,1766819083569
2,0.5221725201051165,1766819083795
2,0.5221725201051165,1766819083985
2,0.5221725201051165,1766819084183
2,0.5221725201051165,1766819084371
2,0.5221725201051165,1766819084573
2,0.5221725201051165,1766819084773
2,0.5221725201051165,1766819084982
2,0.5221725201051165,1766819085211
2,0.5221725201051165,1766819085482
2,0.5221725201051165,1766819085704
2,0.5221725201051165,1766819085917
2,0.5221725201051165,1766819086193
2,0.5221725201051165,1766819086401
2,0.5221725201051165,1766819086633
2,0.5221725201051165,1766819086826
2,0.5221725201051165,1766819087108
2,0.5221725201051165,1766819087326
2,0.5221725201051165,1766819087528
2,0.5221725201051165,1766819087714
2,0.5221725201051165,1766819087910
2,0.5221725201051165,1766819088097
2,0.5221725201051165,1766819088321
2,0.5221725201051165,1766819088610
2,0.5221725201051165,1766819088801
2,0.5221725201051165,1766819089047
2,0.5221725201051165,1766819089243
2,0.5221725201051165,1766819089519
2,0.5221725201051165,1766819089740
2,0.5221725201051165,1766819089922
2,0.5221725201051165,1766819090161
2,0.5221725201051165,1766819090467
2,0.5221725201051165,1766819090693
2,0.5221725201051165,1766819090902
2,0.5221725201051165,1766819091100
2,0.5221725201051165,1766819091307
2,0.5221725201051165,1766819091512
2,0.5221725201051165,1766819091769
2,0.5221725201051165,1766819091996
2,0.5221725201051165,1766819092222
2,0.5221725201051165,1766819092485
2,0.5221725201051165,1766819092703
2,0.5221725201051165,1766819092938
2,0.5221725201051165,1766819093180
2,0.5221725201051165,1766819093382
2,0.5221725201051165,1766819093678
2,0.5221725201051165,1766819093922
2,0.5221725201051165,1766819094162
2,0.5221725201051165,1766819094364
2,0.5221725201051165,1766819094555
2,0.5221725201051165,1766819094814
2,0.5221725201051165,1766819095024
2,0.5221725201051165,1766819095273
2,0.5221725201051165,1766819095474
2,0.5221725201051165,1766819095651
2,0.5221725201051165,1766819095902
2,0.5221725201051165,1766819096154
2,0.5221725201051165,1766819096372
2,0.5221725201051165,1766819096637
2,0.5221725201051165,1766819096832
2,0.5221725201051165,1766819097050
2,0.5221725201051165,1766819097243
2,0.5221725201051165,1766819097427
2,0.5221725201051165,1766819097638
2,0.5221725201051165,1766819097852
2,0.5221725201051165,1766819098094
2,0.5221725201051165,1766819098337
2,0.5221725201051165,1766819098634
2,0.5221725201051165,1766819098862
2,0.5221725201051165,1766819099050
2,0.5221725201051165,1766819099258
2,0.5221725201051165,1766819099427
2,0.5221725201051165,1766819099639
2,0.5221725201051165,1766819099827
2,0.5221725201051165,1766819100167
2,0.5221725201051165,1766819100366
2,0.5221725201051165,1766819100565
2,0.5221725201051165,1766819100874
2,0.5221725201051165,1766819101106
2,0.5221725201051165,1766819101286
2,0.5221725201051165,1766819101526
2,0.5221725201051165,1766819101809
2,0.5221725201051165,1766819102083
2,0.5221725201051165,1766819102346
2,0.5221725201051165,1766819102540
2,0.5221725201051165,1766819102797
2,0.5221725201051165,1766819103011
2,0.5221725201051165,1766819103244
2,0.5221725201051165,1766819103449
2,0.5221725201051165,1766819103638
2,0.5221725201051165,1766819103891
2,0.5221725201051165,1766819104094
2,0.5221725201051165,1766819104311
2,0.5221725201051165,1766819104656
2,0.5221725201051165,1766819104882
2,0.5221725201051165,1766819105098
2,0.5221725201051165,1766819105305
2,0.5221725201051165,1766819105495
2,0.5221725201051165,1766819105702
2,0.5221725201051165,1766819105983
2,0.5221725201051165,1766819106175
2,0.5221725201051165,1766819106390
2,0.5221725201051165,1766819106616
2,0.5221725201051165,1766819106820
2,0.5221725201051165,1766819107037
2,0.5221725201051165,1766819107324
2,0.5221725201051165,1766819107542
2,0.5221725201051165,1766819107735
2,0.5221725201051165,1766819107943
2,0.5221725201051165,1766819108177
2,0.5221725201051165,1766819108418
2,0.5221725201051165,1766819108683
2,0.5221725201051165,1766819108909
2,0.5221725201051165,1766819109104
2,0.5221725201051165,1766819109377
2,0.5221725201051165,1766819109670
2,0.5221725201051165,1766819109875
2,0.5221725201051165,1766819110091
2,0.5221725201051165,1766819110364
2,0.5221725201051165,1766819110577
2,0.5221725201051165,1766819110772
2,0.5221725201051165,1766819110948
2,0.5221725201051165,1766819111143
2,0.5221725201051165,1766819111400
2,0.5221725201051165,1766819111669
2,0.5221725201051165,1766819111903
2,0.5221725201051165,1766819112115
2,0.5221725201051165,1766819112378
2,0.5221725201051165,1766819112648
2,0.5221725201051165,1766819112946
2,0.5221725201051165,1766819113124
2,0.5221725201051165,1766819113375
2,0.5221725201051165,1766819113588
2,0.5221725201051165,1766819113771
2,0.5221725201051165,1766819114069
2,0.5221725201051165,1766819114247
2,0.5221725201051165,1766819114444
2,0.5221725201051165,1766819114664
2,0.5221725201051165,1766819114846
2,0.5221725201051165,1766819115080
2,0.5221725201051165,1766819115298
2,0.5221725201051165,1766819115634
2,0.5221725201051165,1766819115832
2,0.5221725201051165,1766819116035
2,0.5221725201051165,1766819116277
2,0.5221725201051165,1766819116480
2,0.5221725201051165,1766819116724
2,0.5221725201051165,1766819116954
2,0.5221725201051165,1766819117137
2,0.5221725201051165,1766819117367
2,0.5221725201051165,1766819117561
2,0.5221725201051165,1766819117797
2,0.5221725201051165,1766819118084
2,0.5221725201051165,1766819118266
2,0.5221725201051165,1766819118538
2,0.5221725201051165,1766819118809
2,0.5221725201051165,1766819119038
2,0.5221725201051165,1766819119226
2,0.5221725201051165,1766819119440
2,0.5221725201051165,1766819119733
2,0.5221725201051165,1766819119949
2,0.5221725201051165,1766819120114
2,0.5221725201051165,1766819120310
2,0.5221725201051165,1766819120524
2,0.5221725201051165,1766819120790
2,0.5221725201051165,1766819121023
2,0.5221725201051165,1766819121267
2,0.5221725201051165,1766819121565
2,0.5221725201051165,1766819121763
2,0.5221725201051165,1766819122059
2,0.5221725201051165,1766819122242
2,0.5221725201051165,1766819122442
2,0.5221725201051165,1766819122644
2,0.5221725201051165,1766819122814
2,0.5221725201051165,1766819122985
2,0.5221725201051165,1766819123158
2,0.5221725201051165,1766819123355
2,0.5221725201051165,1766819123569
2,0.5221725201051165,1766819123790
2,0.5221725201051165,1766819124018
2,0.5221725201051165,1766819124259
2,0.5221725201051165,1766819124634
2,0.5221725201051165,1766819124847
2,0.5221725201051165,1766819125024
2,0.5221725201051165,1766819125272
2,0.5221725201051165,1766819125553
2,0.5221725201051165,1766819125821
2,0.5221725201051165,1766819126086
2,0.5221725201051165,1766819126288
2,0.5221725201051165,1766819126488
2,0.5221725201051165,1766819126706
2,0.5221725201051165,1766819126911
2,0.5221725201051165,1766819127144
2,0.5221725201051165,1766819127372
2,0.5221725201051165,1766819127600
2,0.5221725201051165,1766819127888
2,0.5221725201051165,1766819128075
2,0.5221725201051165,1766819128276
2,0.5221725201051165,1766819128485
2,0.5221725201051165,1766819128670
2,0.5221725201051165,1766819128958
2,0.5221725201051165,1766819129135
2,0.5221725201051165,1766819129313
2,0.5221725201051165,1766819129505
2,0.5221725201051165,1766819129699
2,0.5221725201051165,1766819129905
2,0.5221725201051165,1766819130133
2,0.5221725201051165,1766819130483
2,0.5221725201051165,1766819130693
2,0.5221725201051165,1766819130872
2,0.5221725201051165,1766819131099
2,0.5221725201051165,1766819131276
2,0.5221725201051165,1766819131472
2,0.5221725201051165,1766819131676
2,0.5221725201051165,1766819131922
2,0.5221725201051165,1766819132180
2,0.5221725201051165,1766819132379
2,0.5221725201051165,1766819132669
2,0.5221725201051165,1766819132904
2,0.5221725201051165,1766819133108
2,0.5221725201051165,1766819133523
2,0.5221725201051165,1766819133684
2,0.5221725201051165,1766819133870
2,0.5221725201051165,1766819134155
2,0.5221725201051165,1766819134389
2,0.5221725201051165,1766819134625
2,0.5221725201051165,1766819134837
2,0.5221725201051165,1766819135032
2,0.5221725201051165,1766819135230
2,0.5221725201051165,1766819135475
2,0.5221725201051165,1766819135718
2,0.5221725201051165,1766819135943
2,0.5221725201051165,1766819136169
2,0.5221725201051165,1766819136459
2,0.5221725201051165,1766819136686
2,0.5221725201051165,1766819136907
2,0.5221725201051165,1766819137111
2,0.5221725201051165,1766819137321
2,0.5221725201051165,1766819137516
2,0.5221725201051165,1766819137691
2,0.5221725201051165,1766819137931
2,0.5221725201051165,1766819138209
2,0.5221725201051165,1766819138415
2,0.5221725201051165,1766819138619
2,0.5221725201051165,1766819138832
2,0.5221725201051165,1766819139028
2,0.5221725201051165,1766819139220
2,0.5221725201051165,1766819139494
2,0.5221725201051165,1766819139780
2,0.5221725201051165,1766819140025
2,0.5221725201051165,1766819140247
2,0.5221725201051165,1766819140435
2,0.5221725201051165,1766819140687
2,0.5221725201051165,1766819140927
2,0.5221725201051165,1766819141221
2,0.5221725201051165,1766819141465
2,0.5221725201051165,1766819141670
2,0.5221725201051165,1766819141854
2,0.5221725201051165,1766819142096
2,0.5221725201051165,1766819142350
2,0.5221725201051165,1766819142590
2,0.5221725201051165,1766819142799
2,0.5221725201051165,1766819143027
2,0.5221725201051165,1766819143235
2,0.5221725201051165,1766819143413
2,0.5221725201051165,1766819143602
2,0.5221725201051165,1766819143778
2,0.5221725201051165,1766819144001
2,0.5221725201051165,1766819144219
2,0.5221725201051165,1766819144447
2,0.5221725201051165,1766819144661
2,0.5221725201051165,1766819144907
2,0.5221725201051165,1766819145174
2,0.5221725201051165,1766819145407
2,0.5221725201051165,1766819145686
2,0.5221725201051165,1766819145889
2,0.5221725201051165,1766819146100
2,0.5221725201051165,1766819146338
2,0.5221725201051165,1766819146558
2,0.5221725201051165,1766819146782
2,0.5221725201051165,1766819147036
2,0.5221725201051165,1766819147268
2,0.5221725201051165,1766819147503
2,0.5221725201051165,1766819147695
2,0.5221725201051165,1766819147884
2,0.5221725201051165,1766819148079
2,0.5221725201051165,1766819148346
2,0.5221725201051165,1766819148542
2,0.5221725201051165,1766819148714
2,0.5221725201051165,1766819148934
2,0.5221725201051165,1766819149122
2,0.5221725201051165,1766819149360
2,0.5221725201051165,1766819149583
2,0.433676366989615,1766819149789
3,0.5221725201051165,1766819150005
3,0.5221725201051165,1766819150224
3,0.5221725201051165,1766819150444
3,0.5221725201051165,1766819150664
3,0.5221725201051165,1766819150842
3,0.5221725201051165,1766819151048
3,0.5221725201051165,1766819151249
3,0.5221725201051165,1766819151462
3,0.5221725201051165,1766819151630
3,0.5221725201051165,1766819151931
3,0.5221725201051165,1766819152139
3,0.5221725201051165,1766819152368
3,0.5221725201051165,1766819152602
3,0.5221725201051165,1766819152911
3,0.5221725201051165,1766819153078
3,0.5221725201051165,1766819153270
3,0.5221725201051165,1766819153470
3,0.5221725201051165,1766819153719
3,0.5221725201051165,1766819153915
3,0.5221725201051165,1766819154111
3,0.5221725201051165,1766819154301
3,0.5221725201051165,1766819154515
3,0.5221725201051165,1766819154781
3,0.5221725201051165,1766819154987
3,0.5221725201051165,1766819155179
3,0.5221725201051165,1766819155385
3,0.5221725201051165,1766819155635
3,0.5221725201051165,1766819155849
3,0.5221725201051165,1766819156052
3,0.5221725201051165,1766819156266
3,0.5221725201051165,1766819156521
3,0.5221725201051165,1766819156753
3,0.5221725201051165,1766819157036
3,0.5221725201051165,1766819157261
3,0.5221725201051165,1766819157439
3,0.5221725201051165,1766819157657
3,0.5221725201051165,1766819157861
3,0.5221725201051165,1766819158172
3,0.5221725201051165,1766819158358
3,0.5221725201051165,1766819158577
3,0.5221725201051165,1766819158771
3,0.5221725201051165,1766819159025
3,0.5221725201051165,1766819159211
3,0.5221725201051165,1766819159420
3,0.5221725201051165,1766819159653
3,0.5221725201051165,1766819159857
3,0.5221725201051165,1766819160113
3,0.5221725201051165,1766819160310
3,0.5221725201051165,1766819160502
3,0.5221725201051165,1766819160709
3,0.5221725201051165,1766819160907
3,0.5221725201051165,1766819161111
3,0.5221725201051165,1766819161295
3,0.5221725201051165,1766819161497
3,0.5221725201051165,1766819161745
3,0.5221725201051165,1766819162010
3,0.5221725201051165,1766819162206
3,0.5221725201051165,1766819162425
3,0.5221725201051165,1766819162677
3,0.5221725201051165,1766819162912
3,0.5221725201051165,1766819163094
3,0.5221725201051165,1766819163292
3,0.5221725201051165,1766819163473
3,0.5221725201051165,1766819163774
3,0.5221725201051165,1766819164009
3,0.5221725201051165,1766819164201
3,0.5221725201051165,1766819164453
3,0.5221725201051165,1766819164699
3,0.5221725201051165,1766819164978
3,0.5221725201051165,1766819165275
3,0.5221725201051165,1766819165491
3,0.5221725201051165,1766819165700
3,0.5221725201051165,1766819165894
3,0.5221725201051165,1766819166142
3,0.5221725201051165,1766819166351
3,0.5221725201051165,1766819166529
3,0.5221725201051165,1766819166731
3,0.5221725201051165,1766819166954
3,0.5221725201051165,1766819167191
3,0.5221725201051165,1766819167390
3,0.5221725201051165,1766819167601
3,0.5221725201051165,1766819167816
3,0.5221725201051165,1766819168084
3,0.5221725201051165,1766819168276
3,0.5221725201051165,1766819168474
3,0.5221725201051165,1766819168661
3,0.5221725201051165,1766819168858
3,0.5221725201051165,1766819169087
3,0.5221725201051165,1766819169288
3,0.5221725201051165,1766819169487
3,0.5221725201051165,1766819169761
3,0.5221725201051165,1766819169943
3,0.5221725201051165,1766819170135
3,0.5221725201051165,1766819170345
3,0.5221725201051165,1766819170546
3,0.5221725201051165,1766819170783
3,0.5221725201051165,1766819171039
3,0.5221725201051165,1766819171232
3,0.5221725201051165,1766819171423
3,0.5221725201051165,1766819171599
3,0.5221725201051165,1766819171829
3,0.5221725201051165,1766819172071
3,0.5221725201051165,1766819172339
3,0.5221725201051165,1766819172554
3,0.5221725201051165,1766819172818
3,0.5221725201051165,1766819173034
3,0.5221725201051165,1766819173228
3,0.5221725201051165,1766819173403
3,0.5221725201051165,1766819173577
3,0.5221725201051165,1766819173817
3,0.5221725201051165,1766819174097
3,0.5221725201051165,1766819174341
3,0.5221725201051165,1766819174549
3,0.5221725201051165,1766819174770
3,0.5221725201051165,1766819175002
3,0.5221725201051165,1766819175213
3,0.5221725201051165,1766819175441
3,0.5221725201051165,1766819175638
3,0.5221725201051165,1766819175811
3,0.5221725201051165,1766819176014
3,0.5221725201051165,1766819176228
3,0.5221725201051165,1766819176435
3,0.5221725201051165,1766819176657
3,0.5221725201051165,1766819176854
3,0.5221725201051165,1766819177030
3,0.5221725201051165,1766819177362
3,0.5221725201051165,1766819177528
3,0.5221725201051165,1766819177709
3,0.5221725201051165,1766819177929
3,0.5221725201051165,1766819178150
3,0.5221725201051165,1766819178333
3,0.5221725201051165,1766819178516
3,0.5221725201051165,1766819178780
3,0.5221725201051165,1766819178985
3,0.5221725201051165,1766819179261
3,0.5221725201051165,1766819179494
3,0.5221725201051165,1766819179677
3,0.5221725201051165,1766819179846
3,0.5221725201051165,1766819180047
3,0.5221725201051165,1766819180250
3,0.5221725201051165,1766819180472
3,0.5221725201051165,1766819180678
3,0.5221725201051165,1766819180879
3,0.5221725201051165,1766819181133
3,0.5221725201051165,1766819181345
3,0.5221725201051165,1766819181603
3,0.5221725201051165,1766819181818
3,0.5221725201051165,1766819182042
3,0.5221725201051165,1766819182226
3,0.5221725201051165,1766819182407
3,0.5221725201051165,1766819182638
3,0.5221725201051165,1766819182850
3,0.5221725201051165,1766819183117
3,0.5221725201051165,1766819183351
3,0.5221725201051165,1766819183655
3,0.5221725201051165,1766819183850
3,0.5221725201051165,1766819184036
3,0.5221725201051165,1766819184232
3,0.5221725201051165,1766819184408
3,0.5221725201051165,1766819184586
3,0.5221725201051165,1766819184784
3,0.5221725201051165,1766819185096
3,0.5221725201051165,1766819185327
3,0.5221725201051165,1766819185535
3,0.5221725201051165,1766819185854
3,0.5221725201051165,1766819186040
3,0.5221725201051165,1766819186223
3,0.5221725201051165,1766819186398
3,0.5221725201051165,1766819186552
3,0.5221725201051165,1766819186718
3,0.5221725201051165,1766819186925
3,0.5221725201051165,1766819187208
3,0.5221725201051165,1766819187434
3,0.5221725201051165,1766819187725
3,0.5221725201051165,1766819187995
3,0.5221725201051165,1766819188211
3,0.5221725201051165,1766819188430
3,0.5221725201051165,1766819188678
3,0.5221725201051165,1766819188897
3,0.5221725201051165,1766819189092
3,0.5221725201051165,1766819189304
3,0.5221725201051165,1766819189542
3,0.5221725201051165,1766819189738
3,0.5221725201051165,1766819189970
3,0.5221725201051165,1766819190162
3,0.5221725201051165,1766819190374
3,0.5221725201051165,1766819190678
3,0.5221725201051165,1766819190859
3,0.5221725201051165,1766819191047
3,0.5221725201051165,1766819191231
3,0.5221725201051165,1766819191464
3,0.5221725201051165,1766819191645
3,0.5221725201051165,1766819191849
3,0.5221725201051165,1766819192072
3,0.5221725201051165,1766819192280
3,0.5221725201051165,1766819192478
3,0.5221725201051165,1766819192679
3,0.5221725201051165,1766819192861
3,0.5221725201051165,1766819193050
3,0.5221725201051165,1766819193347
3,0.5221725201051165,1766819193530
3,0.5221725201051165,1766819193708
3,0.5221725201051165,1766819193894
3,0.5221725201051165,1766819194137
3,0.5221725201051165,1766819194459
3,0.5221725201051165,1766819194641
3,0.5221725201051165,1766819194850
3,0.5221725201051165,1766819195048
3,0.5221725201051165,1766819195260
3,0.5221725201051165,1766819195512
3,0.5221725201051165,1766819195823
3,0.5221725201051165,1766819196019
3,0.5221725201051165,1766819196205
3,0.5221725201051165,1766819196476
3,0.5221725201051165,1766819196652
3,0.5221725201051165,1766819196877
3,0.5221725201051165,1766819197133
3,0.5221725201051165,1766819197366
3,0.5221725201051165,1766819197606
3,0.5221725201051165,1766819197804
3,0.5221725201051165,1766819198003
3,0.5221725201051165,1766819198351
3,0.5221725201051165,1766819198549
3,0.5221725201051165,1766819198749
3,0.5221725201051165,1766819198969
3,0.5221725201051165,1766819199212
3,0.5221725201051165,1766819199408
3,0.5221725201051165,1766819199599
3,0.5221725201051165,1766819199787
3,0.5221725201051165,1766819199957
3,0.5221725201051165,1766819200209
3,0.5221725201051165,1766819200435
3,0.5221725201051165,1766819200620
3,0.5221725201051165,1766819200919
3,0.5221725201051165,1766819201211
3,0.5221725201051165,1766819201417
3,0.5221725201051165,1766819201637
3,0.5221725201051165,1766819201888
3,0.5221725201051165,1766819202068
3,0.5221725201051165,1766819202313
3,0.5221725201051165,1766819202499
3,0.5221725201051165,1766819202668
3,0.5221725201051165,1766819202883
3,0.5221725201051165,1766819203085
3,0.5221725201051165,1766819203273
3,0.5221725201051165,1766819203467
3,0.5221725201051165,1766819203659
3,0.5221725201051165,1766819203826
3,0.5221725201051165,1766819204004
3,0.5221725201051165,1766819204216
3,0.5221725201051165,1766819204418
3,0.5221725201051165,1766819204623
3,0.5221725201051165,1766819204796
3,0.5221725201051165,1766819205124
3,0.5221725201051165,1766819205348
3,0.5221725201051165,1766819205530
3,0.5221725201051165,1766819205799
3,0.5221725201051165,1766819206000
3,0.5221725201051165,1766819206195
3,0.5221725201051165,1766819206422
3,0.5221725201051165,1766819206640
3,0.5221725201051165,1766819206866
3,0.5221725201051165,1766819207104
3,0.5221725201051165,1766819207315
3,0.5221725201051165,1766819207486
3,0.5221725201051165,1766819207685
3,0.5221725201051165,1766819207880
3,0.5221725201051165,1766819208069
3,0.5221725201051165,1766819208293
3,0.5221725201051165,1766819208509
3,0.5221725201051165,1766819208723
3,0.5221725201051165,1766819208926
3,0.5221725201051165,1766819209109
3,0.5221725201051165,1766819209406
3,0.5221725201051165,1766819209617
3,0.5221725201051165,1766819209876
3,0.5221725201051165,1766819210115
3,0.5221725201051165,1766819210299
3,0.5221725201051165,1766819210505
3,0.5221725201051165,1766819210710
3,0.5221725201051165,1766819210912
3,0.5221725201051165,1766819211091
3,0.5221725201051165,1766819211377
3,0.5221725201051165,1766819211583
3,0.5221725201051165,1766819211764
3,0.5221725201051165,1766819211947
3,0.5221725201051165,1766819212133
3,0.5221725201051165,1766819212420
3,0.5221725201051165,1766819212612
3,0.5221725201051165,1766819212825
3,0.5221725201051165,1766819213005
3,0.5221725201051165,1766819213211
3,0.5221725201051165,1766819213503
3,0.5221725201051165,1766819213693
3,0.5221725201051165,1766819213972
3,0.5221725201051165,1766819214238
3,0.5221725201051165,1766819214447
3,0.5221725201051165,1766819214723
3,0.5221725201051165,1766819214926
3,0.5221725201051165,1766819215118
3,0.5221725201051165,1766819215313
3,0.5221725201051165,1766819215503
3,0.5221725201051165,1766819215674
3,0.5221725201051165,1766819215918
3,0.5221725201051165,1766819216145
3,0.5221725201051165,1766819216322
3,0.5221725201051165,1766819216669
3,0.5221725201051165,1766819216892
3,0.5221725201051165,1766819217089
3,0.5221725201051165,1766819217309
3,0.5221725201051165,1766819217513
3,0.5221725201051165,1766819217810
3,0.5221725201051165,1766819218024
3,0.5221725201051165,1766819218188
3,0.5221725201051165,1766819218406
3,0.5221725201051165,1766819218612
3,0.5221725201051165,1766819218814
3,0.5221725201051165,1766819219011
3,0.5221725201051165,1766819219179
3,0.5221725201051165,1766819219364
3,0.5221725201051165,1766819219561
3,0.5221725201051165,1766819219748
3,0.5221725201051165,1766819219947
3,0.5221725201051165,1766819220186
3,0.5221725201051165,1766819220397
3,0.5221725201051165,1766819220614
3,0.5221725201051165,1766819220810
3,0.5221725201051165,1766819220999
3,0.5221725201051165,1766819221195
3,0.5221725201051165,1766819221473
3,0.5221725201051165,1766819221670
3,0.5221725201051165,1766819221866
3,0.5221725201051165,1766819222046
3,0.5221725201051165,1766819222294
3,0.5221725201051165,1766819222568
3,0.5221725201051165,1766819222755
3,0.5221725201051165,1766819222981
3,0.5221725201051165,1766819223206
3,0.5221725201051165,1766819223390
3,0.5221725201051165,1766819223579
3,0.5221725201051165,1766819223815
3,0.5221725201051165,1766819224065
3,0.5221725201051165,1766819224256
3,0.5221725201051165,1766819224454
3,0.5221725201051165,1766819224704
3,0.5221725201051165,1766819224944
3,0.5221725201051165,1766819225128
3,0.5221725201051165,1766819225313
3,0.5221725201051165,1766819225504
3,0.5221725201051165,1766819225712
3,0.5221725201051165,1766819225909
3,0.5221725201051165,1766819226118
3,0.5221725201051165,1766819226323
3,0.5221725201051165,1766819226580
3,0.5221725201051165,1766819226787
3,0.5221725201051165,1766819226985
3,0.5221725201051165,1766819227206
3,0.5221725201051165,1766819227412
3,0.5221725201051165,1766819227658
3,0.5221725201051165,1766819227910
3,0.5221725201051165,1766819228115
3,0.5221725201051165,1766819228379
3,0.5221725201051165,1766819228574
3,0.5221725201051165,1766819228772
3,0.5221725201051165,1766819228977
3,0.5221725201051165,1766819229175
3,0.5221725201051165,1766819229398
3,0.5221725201051165,1766819229613
3,0.5221725201051165,1766819229812
3,0.5221725201051165,1766819230103
3,0.5221725201051165,1766819230328
3,0.5221725201051165,1766819230506
3,0.5221725201051165,1766819230709
3,0.5221725201051165,1766819230947
3,0.5221725201051165,1766819231150
3,0.5221725201051165,1766819231323
3,0.5221725201051165,1766819231563
3,0.5221725201051165,1766819231745
3,0.5221725201051165,1766819231972
3,0.5221725201051165,1766819232221
3,0.5221725201051165,1766819232495
3,0.5221725201051165,1766819232693
3,0.5221725201051165,1766819232881
3,0.5221725201051165,1766819233070
3,0.5221725201051165,1766819233274
3,0.5221725201051165,1766819233531
3,0.5221725201051165,1766819233750
3,0.5221725201051165,1766819233937
3,0.5221725201051165,1766819234118
3,0.5221725201051165,1766819234301
3,0.5221725201051165,1766819234489
3,0.5221725201051165,1766819234753
3,0.5221725201051165,1766819235030
3,0.5221725201051165,1766819235266
3,0.5221725201051165,1766819235453
3,0.5221725201051165,1766819235637
3,0.5221725201051165,1766819235860
3,0.5221725201051165,1766819236049
3,0.5221725201051165,1766819236219
3,0.5221725201051165,1766819236479
3,0.5221725201051165,1766819236650
3,0.5221725201051165,1766819236840
3,0.5221725201051165,1766819237046
3,0.5221725201051165,1766819237243
3,0.5221725201051165,1766819237505
3,0.5221725201051165,1766819237718
3,0.5221725201051165,1766819237897
3,0.5221725201051165,1766819238097
3,0.5221725201051165,1766819238283
3,0.5221725201051165,1766819238639
3,0.5221725201051165,1766819238812
3,0.5221725201051165,1766819238987
3,0.5221725201051165,1766819239230
3,0.5221725201051165,1766819239406
3,0.5221725201051165,1766819239666
3,0.5221725201051165,1766819239850
3,0.5221725201051165,1766819240057
3,0.5221725201051165,1766819240263
3,0.5221725201051165,1766819240527
3,0.5221725201051165,1766819240739
3,0.5221725201051165,1766819240939
3,0.5221725201051165,1766819241189
3,0.5221725201051165,1766819241374
3,0.5221725201051165,1766819241564
3,0.5221725201051165,1766819241816
3,0.5221725201051165,1766819242075
3,0.5221725201051165,1766819242269
3,0.5221725201051165,1766819242451
3,0.5221725201051165,1766819242646
3,0.5221725201051165,1766819242835
3,0.5221725201051165,1766819243057
3,0.5221725201051165,1766819243235
3,0.5221725201051165,1766819243415
3,0.5221725201051165,1766819243633
3,0.5221725201051165,1766819243823
3,0.5221725201051165,1766819244161
3,0.5221725201051165,1766819244374
3,0.5221725201051165,1766819244582
3,0.5221725201051165,1766819244804
3,0.5221725201051165,1766819244982
3,0.5221725201051165,1766819245202
3,0.5221725201051165,1766819245397
3,0.5221725201051165,1766819245620
3,0.5221725201051165,1766819245847
3,0.5221725201051165,1766819246046
3,0.5221725201051165,1766819246238
3,0.5221725201051165,1766819246472
3,0.5221725201051165,1766819246725
3,0.5221725201051165,1766819246966
3,0.5221725201051165,1766819247156
3,0.5221725201051165,1766819247363
3,0.5221725201051165,1766819247543
3,0.5221725201051165,1766819247742
3,0.5221725201051165,1766819247943
3,0.5221725201051165,1766819248195
3,0.5221725201051165,1766819248382
3,0.5221725201051165,1766819248574
3,0.5221725201051165,1766819248802
3,0.5221725201051165,1766819249052
3,0.5221725201051165,1766819249273
3,0.5221725201051165,1766819249505
3,0.5221725201051165,1766819249754
3,0.5221725201051165,1766819250000
3,0.5221725201051165,1766819250184
3,0.5221725201051165,1766819250405
3,0.5221725201051165,1766819250609
3,0.5221725201051165,1766819250827
3,0.5221725201051165,1766819251106
3,0.5221725201051165,1766819251348
3,0.5221725201051165,1766819251578
3,0.5221725201051165,1766819251786
3,0.5221725201051165,1766819251963
3,0.5221725201051165,1766819252164
3,0.5221725201051165,1766819252374
3,0.5221725201051165,1766819252562
3,0.5221725201051165,1766819252797
3,0.5221725201051165,1766819252998
3,0.5221725201051165,1766819253176
3,0.5221725201051165,1766819253365
3,0.5221725201051165,1766819253566
3,0.5221725201051165,1766819253841
3,0.5221725201051165,1766819254074
3,0.5221725201051165,1766819254330
3,0.5221725201051165,1766819254550
3,0.5221725201051165,1766819254789
3,0.5221725201051165,1766819255039
3,0.5221725201051165,1766819255237
3,0.5221725201051165,1766819255454
3,0.5221725201051165,1766819255690
3,0.5221725201051165,1766819255931
3,0.5221725201051165,1766819256135
3,0.5221725201051165,1766819256342
3,0.5221725201051165,1766819256539
3,0.5221725201051165,1766819256778
3,0.5221725201051165,1766819256988
3,0.5221725201051165,1766819257283
3,0.5221725201051165,1766819257513
3,0.5221725201051165,1766819257732
3,0.5221725201051165,1766819258000
3,0.5221725201051165,1766819258187
3,0.5221725201051165,1766819258465
3,0.5221725201051165,1766819258675
3,0.5221725201051165,1766819258874
3,0.5221725201051165,1766819259104
3,0.5221725201051165,1766819259303
3,0.5221725201051165,1766819259494
3,0.5221725201051165,1766819259684
3,0.5221725201051165,1766819259975
3,0.5221725201051165,1766819260166
3,0.5221725201051165,1766819260363
3,0.5221725201051165,1766819260558
3,0.5221725201051165,1766819260787
3,0.5221725201051165,1766819260993
3,0.5221725201051165,1766819261228
3,0.5221725201051165,1766819261462
3,0.5221725201051165,1766819261692
3,0.5221725201051165,1766819261870
3,0.5221725201051165,1766819262115
3,0.5221725201051165,1766819262343
3,0.5221725201051165,1766819262543
3,0.5221725201051165,1766819262775
3,0.5221725201051165,1766819263018
3,0.5221725201051165,1766819263258
3,0.5221725201051165,1766819263458
3,0.5221725201051165,1766819263652
3,0.5221725201051165,1766819263825
3,0.5221725201051165,1766819264047
3,0.5221725201051165,1766819264272
3,0.5221725201051165,1766819264468
3,0.5221725201051165,1766819264680
3,0.5221725201051165,1766819264938
3,0.5221725201051165,1766819265182
3,0.5221725201051165,1766819265408
3,0.5221725201051165,1766819265634
3,0.5221725201051165,1766819265872
3,0.5221725201051165,1766819266114
3,0.5221725201051165,1766819266303
3,0.5221725201051165,1766819266554
3,0.5221725201051165,1766819266765
3,0.5221725201051165,1766819266966
3,0.5221725201051165,1766819267208
3,0.5221725201051165,1766819267407
3,0.5221725201051165,1766819267638
3,0.5221725201051165,1766819267813
3,0.5221725201051165,1766819268023
3,0.5221725201051165,1766819268239
3,0.5221725201051165,1766819268411
3,0.5221725201051165,1766819268611
3,0.5221725201051165,1766819268823
3,0.5221725201051165,1766819269078
3,0.5221725201051165,1766819269261
3,0.5221725201051165,1766819269529
3,0.5221725201051165,1766819269746
3,0.5221725201051165,1766819269928
3,0.5221725201051165,1766819270180
3,0.5221725201051165,1766819270499
3,0.5221725201051165,1766819270721
3,0.5221725201051165,1766819270910
3,0.5221725201051165,1766819271101
3,0.5221725201051165,1766819271347
3,0.5221725201051165,1766819271546
3,0.5221725201051165,1766819271765
3,0.5221725201051165,1766819271979
3,0.5221725201051165,1766819272156
3,0.5221725201051165,1766819272341
3,0.5221725201051165,1766819272577
3,0.5221725201051165,1766819272831
3,0.5221725201051165,1766819273082
3,0.5221725201051165,1766819273283
3,0.5221725201051165,1766819273539
3,0.5221725201051165,1766819273741
3,0.5221725201051165,1766819273975
3,0.5221725201051165,1766819274202
3,0.5221725201051165,1766819274419
3,0.5221725201051165,1766819274686
3,0.5221725201051165,1766819274955
3,0.5221725201051165,1766819275164
3,0.5221725201051165,1766819275401
3,0.5221725201051165,1766819275646
3,0.5221725201051165,1766819275832
3,0.5221725201051165,1766819276043
3,0.5221725201051165,1766819276227
3,0.5221725201051165,1766819276422
3,0.5221725201051165,1766819276620
3,0.5221725201051165,1766819276844
3,0.5221725201051165,1766819277073
3,0.5221725201051165,1766819277307
3,0.5221725201051165,1766819277536
3,0.5221725201051165,1766819277732
3,0.5221725201051165,1766819277926
3,0.5221725201051165,1766819278132
3,0.5221725201051165,1766819278333
3,0.5221725201051165,1766819278539
3,0.5221725201051165,1766819278752
3,0.5221725201051165,1766819278973
3,0.5221725201051165,1766819279176
3,0.5221725201051165,1766819279402
3,0.5221725201051165,1766819279632
3,0.5221725201051165,1766819279878
3,0.5221725201051165,1766819280140
3,0.5221725201051165,1766819280333
3,0.5221725201051165,1766819280563
3,0.5221725201051165,1766819280797
3,0.5221725201051165,1766819280995
3,0.5221725201051165,1766819281280
3,0.5221725201051165,1766819281480
3,0.5221725201051165,1766819281709
3,0.5221725201051165,1766819281975
3,0.5221725201051165,1766819282165
3,0.5221725201051165,1766819282379
3,0.5221725201051165,1766819282570
3,0.5221725201051165,1766819282759
3,0.5221725201051165,1766819282987
3,0.5221725201051165,1766819283243
3,0.5221725201051165,1766819283449
3,0.5221725201051165,1766819283631
3,0.5221725201051165,1766819283842
3,0.5221725201051165,1766819284023
3,0.5221725201051165,1766819284230
3,0.5221725201051165,1766819284455
3,0.5221725201051165,1766819284696
3,0.5221725201051165,1766819284896
3,0.5221725201051165,1766819285094
3,0.5221725201051165,1766819285287
3,0.5221725201051165,1766819285521
3,0.5221725201051165,1766819285741
3,0.5221725201051165,1766819285965
3,0.5221725201051165,1766819286155
3,0.5221725201051165,1766819286390
3,0.5221725201051165,1766819286613
3,0.5221725201051165,1766819286833
3,0.5221725201051165,1766819287113
3,0.5221725201051165,1766819287330
3,0.5221725201051165,1766819287542
3,0.5221725201051165,1766819287743
3,0.5221725201051165,1766819287925
3,0.5221725201051165,1766819288123
3,0.5221725201051165,1766819288313
3,0.5221725201051165,1766819288526
3,0.5221725201051165,1766819288737
3,0.5221725201051165,1766819288936
3,0.5221725201051165,1766819289210
3,0.5221725201051165,1766819289407
3,0.5221725201051165,1766819289600
3,0.5221725201051165,1766819289786
3,0.5221725201051165,1766819289972
3,0.5221725201051165,1766819290250
3,0.5221725201051165,1766819290436
3,0.5221725201051165,1766819290661
3,0.5221725201051165,1766819290851
3,0.5221725201051165,1766819291115
3,0.5221725201051165,1766819291328
3,0.5221725201051165,1766819291593
3,0.5221725201051165,1766819291803
3,0.5221725201051165,1766819291988
3,0.5221725201051165,1766819292177
3,0.5221725201051165,1766819292328
3,0.5221725201051165,1766819292576
3,0.5221725201051165,1766819292766
3,0.5221725201051165,1766819292967
3,0.5221725201051165,1766819293239
3,0.5221725201051165,1766819293482
3,0.5221725201051165,1766819293678
3,0.5221725201051165,1766819293879
3,0.5221725201051165,1766819294083
3,0.5221725201051165,1766819294262
3,0.5221725201051165,1766819294488
3,0.5221725201051165,1766819294705
3,0.5221725201051165,1766819294937
3,0.5221725201051165,1766819295144
3,0.5221725201051165,1766819295350
3,0.5221725201051165,1766819295526
3,0.5221725201051165,1766819295709
3,0.5221725201051165,1766819295915
3,0.5221725201051165,1766819296110
3,0.5221725201051165,1766819296333
3,0.5221725201051165,1766819296547
3,0.5221725201051165,1766819296733
3,0.5221725201051165,1766819296943
3,0.5221725201051165,1766819297145
3,0.5221725201051165,1766819297388
3,0.5221725201051165,1766819297651
3,0.5221725201051165,1766819297867
3,0.5221725201051165,1766819298075
3,0.5221725201051165,1766819298276
3,0.5221725201051165,1766819298515
3,0.5221725201051165,1766819298742
3,0.5221725201051165,1766819299003
3,0.5221725201051165,1766819299247
3,0.5221725201051165,1766819299619
3,0.5221725201051165,1766819299822
3,0.5221725201051165,1766819300080
3,0.5221725201051165,1766819300285
3,0.5221725201051165,1766819300486
3,0.5221725201051165,1766819300719
3,0.5221725201051165,1766819300913
3,0.5221725201051165,1766819301120
3,0.5221725201051165,1766819301341
3,0.5221725201051165,1766819301539
3,0.5221725201051165,1766819301787
3,0.5221725201051165,1766819301988
3,0.5221725201051165,1766819302280
3,0.5221725201051165,1766819302462
3,0.5221725201051165,1766819302638
3,0.5221725201051165,1766819302831
3,0.5221725201051165,1766819303008
3,0.5221725201051165,1766819303289
3,0.5221725201051165,1766819303489
3,0.5221725201051165,1766819303697
3,0.5221725201051165,1766819303913
3,0.5221725201051165,1766819304129
3,0.5221725201051165,1766819304329
3,0.5221725201051165,1766819304568
3,0.5221725201051165,1766819304754
3,0.5221725201051165,1766819304960
3,0.5221725201051165,1766819305256
3,0.5221725201051165,1766819305463
3,0.5221725201051165,1766819305695
3,0.5221725201051165,1766819305920
3,0.5221725201051165,1766819306174
3,0.5221725201051165,1766819306457
3,0.5221725201051165,1766819306658
3,0.5221725201051165,1766819306862
3,0.5221725201051165,1766819307138
3,0.5221725201051165,1766819307320
3,0.5221725201051165,1766819307503
3,0.5221725201051165,1766819307687
3,0.5221725201051165,1766819307947
3,0.5221725201051165,1766819308158
3,0.5221725201051165,1766819308461
3,0.5221725201051165,1766819308640
3,0.5221725201051165,1766819308820
3,0.5221725201051165,1766819309093
3,0.5221725201051165,1766819309297
3,0.5221725201051165,1766819309499
3,0.5221725201051165,1766819309696
3,0.5221725201051165,1766819309889
3,0.5221725201051165,1766819310115
3,0.5221725201051165,1766819310310
3,0.5221725201051165,1766819310539
3,0.5221725201051165,1766819310793
3,0.5221725201051165,1766819311000
3,0.5221725201051165,1766819311240
3,0.5221725201051165,1766819311482
3,0.5221725201051165,1766819311719
3,0.5221725201051165,1766819311904
3,0.5221725201051165,1766819312120
3,0.5221725201051165,1766819312298
3,0.5221725201051165,1766819312538
3,0.5221725201051165,1766819312734
3,0.5221725201051165,1766819312948
3,0.5221725201051165,1766819313172
3,0.5221725201051165,1766819313371
3,0.5221725201051165,1766819313587
3,0.5221725201051165,1766819313762
3,0.5221725201051165,1766819313970
3,0.5221725201051165,1766819314213
3,0.5221725201051165,1766819314468
3,0.5221725201051165,1766819314677
3,0.5221725201051165,1766819314856
3,0.5221725201051165,1766819315058
3,0.5221725201051165,1766819315262
3,0.5221725201051165,1766819315500
3,0.5221725201051165,1766819315765
3,0.5221725201051165,1766819316028
3,0.5221725201051165,1766819316332
3,0.5221725201051165,1766819316557
3,0.5221725201051165,1766819316753
3,0.5221725201051165,1766819316973
3,0.5221725201051165,1766819317205
3,0.5221725201051165,1766819317375
3,0.5221725201051165,1766819317602
3,0.5221725201051165,1766819317808
3,0.5221725201051165,1766819318046
3,0.5221725201051165,1766819318282
3,0.5221725201051165,1766819318510
3,0.5221725201051165,1766819318784
3,0.5221725201051165,1766819319000
3,0.5221725201051165,1766819319301
3,0.5221725201051165,1766819319568
3,0.5221725201051165,1766819319752
3,0.5221725201051165,1766819319974
3,0.5221725201051165,1766819320170
3,0.5221725201051165,1766819320356
3,0.5221725201051165,1766819320541
3,0.5221725201051165,1766819320845
3,0.5221725201051165,1766819321050
3,0.5221725201051165,1766819321245
3,0.5221725201051165,1766819321443
3,0.5221725201051165,1766819321646
3,0.5221725201051165,1766819321847
3,0.5221725201051165,1766819322163
3,0.5221725201051165,1766819322383
3,0.5221725201051165,1766819322602
3,0.5221725201051165,1766819322941
3,0.5221725201051165,1766819323140
3,0.5221725201051165,1766819323316
3,0.5221725201051165,1766819323527
3,0.5221725201051165,1766819323720
3,0.5221725201051165,1766819323924
3,0.5221725201051165,1766819324125
3,0.5221725201051165,1766819324330
3,0.5221725201051165,1766819324503
3,0.5221725201051165,1766819324709
3,0.5221725201051165,1766819324875
3,0.5221725201051165,1766819325124
3,0.5221725201051165,1766819325356
3,0.5221725201051165,1766819325570
3,0.5221725201051165,1766819325766
3,0.5221725201051165,1766819325961
3,0.5221725201051165,1766819326152
3,0.5221725201051165,1766819326341
3,0.5221725201051165,1766819326598
3,0.5221725201051165,1766819326794
3,0.5221725201051165,1766819327015
3,0.5221725201051165,1766819327232
3,0.5221725201051165,1766819327414
3,0.5221725201051165,1766819327650
3,0.5221725201051165,1766819327879
3,0.5221725201051165,1766819328238
3,0.5221725201051165,1766819328401
3,0.5221725201051165,1766819328567
3,0.5221725201051165,1766819328805
3,0.5221725201051165,1766819328996
3,0.5221725201051165,1766819329206
3,0.5221725201051165,1766819329430
3,0.5221725201051165,1766819329719
3,0.5221725201051165,1766819329910
3,0.5221725201051165,1766819330097
3,0.5221725201051165,1766819330293
3,0.5221725201051165,1766819330636
3,0.5221725201051165,1766819330810
3,0.5221725201051165,1766819330996
3,0.5221725201051165,1766819331192
3,0.5221725201051165,1766819331398
3,0.5221725201051165,1766819331662
3,0.5221725201051165,1766819331858
3,0.5221725201051165,1766819332054
3,0.5221725201051165,1766819332225
3,0.5221725201051165,1766819332435
3,0.5221725201051165,1766819332638
3,0.5221725201051165,1766819332866
3,0.5221725201051165,1766819333064
3,0.5221725201051165,1766819333283
3,0.5221725201051165,1766819333482
3,0.5221725201051165,1766819333715
3,0.5221725201051165,1766819333961
3,0.5221725201051165,1766819334172
3,0.5221725201051165,1766819334417
3,0.5221725201051165,1766819334646
3,0.5221725201051165,1766819334916
3,0.5221725201051165,1766819335151
3,0.5221725201051165,1766819335348
3,0.5221725201051165,1766819335705
3,0.5221725201051165,1766819335918
3,0.5221725201051165,1766819336122
3,0.5221725201051165,1766819336344
3,0.5221725201051165,1766819336541
3,0.5221725201051165,1766819336732
3,0.5221725201051165,1766819336942
3,0.5221725201051165,1766819337185
3,0.5221725201051165,1766819337387
3,0.5221725201051165,1766819337633
3,0.5221725201051165,1766819337820
3,0.5221725201051165,1766819337973
3,0.5221725201051165,1766819338150
3,0.5221725201051165,1766819338335
3,0.5221725201051165,1766819338531
3,0.5221725201051165,1766819338709
3,0.5221725201051165,1766819338934
3,0.5221725201051165,1766819339194
3,0.5221725201051165,1766819339422
3,0.5221725201051165,1766819339683
3,0.5221725201051165,1766819339892
3,0.5221725201051165,1766819340076
3,0.5221725201051165,1766819340269
3,0.5221725201051165,1766819340459
3,0.5221725201051165,1766819340649
3,0.5221725201051165,1766819340931
3,0.5221725201051165,1766819341141
3,0.5221725201051165,1766819341341
3,0.5221725201051165,1766819341547
3,0.5221725201051165,1766819341948
3,0.5221725201051165,1766819342141
3,0.5221725201051165,1766819342316
3,0.5221725201051165,1766819342513
3,0.5221725201051165,1766819342734
3,0.5221725201051165,1766819342962
3,0.5221725201051165,1766819343178
3,0.5221725201051165,1766819343391
3,0.5221725201051165,1766819343602
3,0.5221725201051165,1766819343811
3,0.5221725201051165,1766819344093
3,0.5221725201051165,1766819344282
3,0.5221725201051165,1766819344481
3,0.5221725201051165,1766819344701
3,0.5221725201051165,1766819344903
3,0.5221725201051165,1766819345155
3,0.5221725201051165,1766819345386
3,0.5221725201051165,1766819345569
3,0.5221725201051165,1766819345832
3,0.5221725201051165,1766819346061
3,0.5221725201051165,1766819346239
3,0.5221725201051165,1766819346461
3,0.5221725201051165,1766819346657
3,0.5221725201051165,1766819346978
3,0.5221725201051165,1766819347163
3,0.5221725201051165,1766819347342
3,0.5221725201051165,1766819347527
3,0.5221725201051165,1766819347745
3,0.5221725201051165,1766819347996
3,0.5221725201051165,1766819348199
3,0.5221725201051165,1766819348402
3,0.5221725201051165,1766819348582
3,0.5221725201051165,1766819348830
3,0.5221725201051165,1766819349040
3,0.5221725201051165,1766819349242
3,0.5221725201051165,1766819349451
3,0.5221725201051165,1766819349633
3,0.5221725201051165,1766819349812
3,0.5221725201051165,1766819350018
3,0.5221725201051165,1766819350217
3,0.5221725201051165,1766819350463
3,0.5221725201051165,1766819350685
3,0.5221725201051165,1766819350938
3,0.5221725201051165,1766819351162
3,0.5221725201051165,1766819351370
3,0.5221725201051165,1766819351566
3,0.5221725201051165,1766819351736
3,0.5221725201051165,1766819351932
3,0.5221725201051165,1766819352136
3,0.5221725201051165,1766819352366
3,0.5221725201051165,1766819352659
3,0.5221725201051165,1766819352840
3,0.5221725201051165,1766819353090
3,0.5221725201051165,1766819353312
3,0.5221725201051165,1766819353554
3,0.433676366989615,1766819353835
4,0.5221725201051165,1766819354076
4,0.5221725201051165,1766819354329
4,0.5221725201051165,1766819354525
4,0.5221725201051165,1766819354702
4,0.5221725201051165,1766819354900
4,0.5221725201051165,1766819355094
4,0.5221725201051165,1766819355287
4,0.5221725201051165,1766819355481
4,0.5221725201051165,1766819355739
4,0.5221725201051165,1766819355947
4,0.5221725201051165,1766819356130
4,0.5221725201051165,1766819356307
4,0.5221725201051165,1766819356512
4,0.5221725201051165,1766819356722
4,0.5221725201051165,1766819356953
4,0.5221725201051165,1766819357146
4,0.5221725201051165,1766819357327
4,0.5221725201051165,1766819357565
4,0.5221725201051165,1766819357816
4,0.5221725201051165,1766819357990
4,0.5221725201051165,1766819358180
4,0.5221725201051165,1766819358371
4,0.5221725201051165,1766819358562
4,0.5221725201051165,1766819358785
4,0.5221725201051165,1766819358986
4,0.5221725201051165,1766819359264
4,0.5221725201051165,1766819359440
4,0.5221725201051165,1766819359622
4,0.5221725201051165,1766819359831
4,0.5221725201051165,1766819360064
4,0.5221725201051165,1766819360278
4,0.5221725201051165,1766819360482
4,0.5221725201051165,1766819360681
4,0.5221725201051165,1766819360856
4,0.5221725201051165,1766819361051
4,0.5221725201051165,1766819361295
4,0.5221725201051165,1766819361478
4,0.5221725201051165,1766819361642
4,0.5221725201051165,1766819361918
4,0.5221725201051165,1766819362123
4,0.5221725201051165,1766819362328
4,0.5221725201051165,1766819362530
4,0.5221725201051165,1766819362760
4,0.5221725201051165,1766819363006
4,0.5221725201051165,1766819363203
4,0.5221725201051165,1766819363410
4,0.5221725201051165,1766819363591
4,0.5221725201051165,1766819363780
4,0.5221725201051165,1766819364020
4,0.5221725201051165,1766819364247
4,0.5221725201051165,1766819364483
4,0.5221725201051165,1766819364720
4,0.5221725201051165,1766819364957
4,0.5221725201051165,1766819365168
4,0.5221725201051165,1766819365385
4,0.5221725201051165,1766819365563
4,0.5221725201051165,1766819365744
4,0.5221725201051165,1766819365943
4,0.5221725201051165,1766819366125
4,0.5221725201051165,1766819366322
4,0.5221725201051165,1766819366568
4,0.5221725201051165,1766819366781
4,0.5221725201051165,1766819367031
4,0.5221725201051165,1766819367228
4,0.5221725201051165,1766819367445
4,0.5221725201051165,1766819367644
4,0.5221725201051165,1766819367848
4,0.5221725201051165,1766819368039
4,0.5221725201051165,1766819368223
4,0.5221725201051165,1766819368439
4,0.5221725201051165,1766819368656
4,0.5221725201051165,1766819368864
4,0.5221725201051165,1766819369116
4,0.5221725201051165,1766819369331
4,0.5221725201051165,1766819369578
4,0.5221725201051165,1766819369826
4,0.5221725201051165,1766819370073
4,0.5221725201051165,1766819370297
4,0.5221725201051165,1766819370506
4,0.5221725201051165,1766819370779
4,0.5221725201051165,1766819370981
4,0.5221725201051165,1766819371202
4,0.5221725201051165,1766819371411
4,0.5221725201051165,1766819371696
4,0.5221725201051165,1766819371922
4,0.5221725201051165,1766819372144
4,0.5221725201051165,1766819372348
4,0.5221725201051165,1766819372526
4,0.5221725201051165,1766819372733
4,0.5221725201051165,1766819372909
4,0.5221725201051165,1766819373139
4,0.5221725201051165,1766819373346
4,0.5221725201051165,1766819373563
4,0.5221725201051165,1766819373776
4,0.5221725201051165,1766819373935
4,0.5221725201051165,1766819374114
4,0.5221725201051165,1766819374316
4,0.5221725201051165,1766819374569
4,0.5221725201051165,1766819374777
4,0.5221725201051165,1766819375052
4,0.5221725201051165,1766819375317
4,0.5221725201051165,1766819375525
4,0.5221725201051165,1766819375813
4,0.5221725201051165,1766819375993
4,0.5221725201051165,1766819376246
4,0.5221725201051165,1766819376456
4,0.5221725201051165,1766819376672
4,0.5221725201051165,1766819376864
4,0.5221725201051165,1766819377055
4,0.5221725201051165,1766819377243
4,0.5221725201051165,1766819377431
4,0.5221725201051165,1766819377662
4,0.5221725201051165,1766819377848
4,0.5221725201051165,1766819378035
4,0.5221725201051165,1766819378232
4,0.5221725201051165,1766819378495
4,0.5221725201051165,1766819378715
4,0.5221725201051165,1766819378932
4,0.5221725201051165,1766819379111
4,0.5221725201051165,1766819379311
4,0.5221725201051165,1766819379552
4,0.5221725201051165,1766819379834
4,0.5221725201051165,1766819380026
4,0.5221725201051165,1766819380218
4,0.5221725201051165,1766819380405
4,0.5221725201051165,1766819380624
4,0.5221725201051165,1766819380829
4,0.5221725201051165,1766819381021
4,0.5221725201051165,1766819381258
4,0.5221725201051165,1766819381471
4,0.5221725201051165,1766819381724
4,0.5221725201051165,1766819381971
4,0.5221725201051165,1766819382166
4,0.5221725201051165,1766819382371
4,0.5221725201051165,1766819382592
4,0.5221725201051165,1766819382846
4,0.5221725201051165,1766819383122
4,0.5221725201051165,1766819383345
4,0.5221725201051165,1766819383548
4,0.5221725201051165,1766819383734
4,0.5221725201051165,1766819383924
4,0.5221725201051165,1766819384111
4,0.5221725201051165,1766819384293
4,0.5221725201051165,1766819384490
4,0.5221725201051165,1766819384770
4,0.5221725201051165,1766819385035
4,0.5221725201051165,1766819385284
4,0.5221725201051165,1766819385510
4,0.5221725201051165,1766819385829
4,0.5221725201051165,1766819386099
4,0.5221725201051165,1766819386302
4,0.5221725201051165,1766819386496
4,0.5221725201051165,1766819386727
4,0.5221725201051165,1766819386909
4,0.5221725201051165,1766819387091
4,0.5221725201051165,1766819387278
4,0.5221725201051165,1766819387487
4,0.5221725201051165,1766819387718
4,0.5221725201051165,1766819387940
4,0.5221725201051165,1766819388121
4,0.5221725201051165,1766819388307
4,0.5221725201051165,1766819388579
4,0.5221725201051165,1766819388804
4,0.5221725201051165,1766819388972
4,0.5221725201051165,1766819389181
4,0.5221725201051165,1766819389370
4,0.5221725201051165,1766819389547
4,0.5221725201051165,1766819389723
4,0.5221725201051165,1766819389903
4,0.5221725201051165,1766819390078
4,0.5221725201051165,1766819390263
4,0.5221725201051165,1766819390463
4,0.5221725201051165,1766819390687
4,0.5221725201051165,1766819390886
4,0.5221725201051165,1766819391055
4,0.5221725201051165,1766819391289
4,0.5221725201051165,1766819391515
4,0.5221725201051165,1766819391731
4,0.5221725201051165,1766819391912
4,0.5221725201051165,1766819392112
4,0.5221725201051165,1766819392321
4,0.5221725201051165,1766819392528
4,0.5221725201051165,1766819392703
4,0.5221725201051165,1766819392910
4,0.5221725201051165,1766819393204
4,0.5221725201051165,1766819393425
4,0.5221725201051165,1766819393618
4,0.5221725201051165,1766819393811
4,0.5221725201051165,1766819394057
4,0.5221725201051165,1766819394275
4,0.5221725201051165,1766819394546
4,0.5221725201051165,1766819394766
4,0.5221725201051165,1766819394960
4,0.5221725201051165,1766819395187
4,0.5221725201051165,1766819395390
4,0.5221725201051165,1766819395590
4,0.5221725201051165,1766819395781
4,0.5221725201051165,1766819396046
4,0.5221725201051165,1766819396297
4,0.5221725201051165,1766819396467
4,0.5221725201051165,1766819396658
4,0.5221725201051165,1766819396836
4,0.5221725201051165,1766819397052
4,0.5221725201051165,1766819397239
4,0.5221725201051165,1766819397448
4,0.5221725201051165,1766819397646
4,0.5221725201051165,1766819397835
4,0.5221725201051165,1766819398104
4,0.5221725201051165,1766819398359
4,0.5221725201051165,1766819398668
4,0.5221725201051165,1766819398901
4,0.5221725201051165,1766819399112
4,0.5221725201051165,1766819399305
4,0.5221725201051165,1766819399535
4,0.5221725201051165,1766819399736
4,0.5221725201051165,1766819399927
4,0.5221725201051165,1766819400166
4,0.5221725201051165,1766819400411
4,0.5221725201051165,1766819400599
4,0.5221725201051165,1766819400808
4,0.5221725201051165,1766819401067
4,0.5221725201051165,1766819401275
4,0.5221725201051165,1766819401472
4,0.5221725201051165,1766819401751
4,0.5221725201051165,1766819402007
4,0.5221725201051165,1766819402235
4,0.5221725201051165,1766819402457
4,0.5221725201051165,1766819402692
4,0.5221725201051165,1766819402887
4,0.5221725201051165,1766819403095
4,0.5221725201051165,1766819403297
4,0.5221725201051165,1766819403479
4,0.5221725201051165,1766819403733
4,0.5221725201051165,1766819403933
4,0.5221725201051165,1766819404171
4,0.5221725201051165,1766819404362
4,0.5221725201051165,1766819404564
4,0.5221725201051165,1766819404762
4,0.5221725201051165,1766819404961
4,0.5221725201051165,1766819405196
4,0.5221725201051165,1766819405410
4,0.5221725201051165,1766819405624
4,0.5221725201051165,1766819405822
4,0.5221725201051165,1766819406094
4,0.5221725201051165,1766819406311
4,0.5221725201051165,1766819406517
4,0.5221725201051165,1766819406709
4,0.5221725201051165,1766819406984
4,0.5221725201051165,1766819407182
4,0.5221725201051165,1766819407434
4,0.5221725201051165,1766819407611
4,0.5221725201051165,1766819407849
4,0.5221725201051165,1766819408076
4,0.5221725201051165,1766819408272
4,0.5221725201051165,1766819408494
4,0.5221725201051165,1766819408667
4,0.5221725201051165,1766819408851
4,0.5221725201051165,1766819409085
4,0.5221725201051165,1766819409308
4,0.5221725201051165,1766819409530
4,0.5221725201051165,1766819409736
4,0.5221725201051165,1766819409966
4,0.5221725201051165,1766819410149
4,0.5221725201051165,1766819410354
4,0.5221725201051165,1766819410551
4,0.5221725201051165,1766819410716
4,0.5221725201051165,1766819410951
4,0.5221725201051165,1766819411154
4,0.5221725201051165,1766819411365
4,0.5221725201051165,1766819411565
4,0.5221725201051165,1766819411753
4,0.5221725201051165,1766819411946
4,0.5221725201051165,1766819412141
4,0.5221725201051165,1766819412333
4,0.5221725201051165,1766819412524
4,0.5221725201051165,1766819412796
4,0.5221725201051165,1766819412991
4,0.5221725201051165,1766819413245
4,0.5221725201051165,1766819413455
4,0.5221725201051165,1766819413648
4,0.5221725201051165,1766819413869
4,0.5221725201051165,1766819414089
4,0.5221725201051165,1766819414275
4,0.5221725201051165,1766819414503
4,0.5221725201051165,1766819414709
4,0.5221725201051165,1766819414919
4,0.5221725201051165,1766819415119
4,0.5221725201051165,1766819415332
4,0.5221725201051165,1766819415518
4,0.5221725201051165,1766819415801
4,0.5221725201051165,1766819415985
4,0.5221725201051165,1766819416163
4,0.5221725201051165,1766819416353
4,0.5221725201051165,1766819416574
4,0.5221725201051165,1766819416821
4,0.5221725201051165,1766819417070
4,0.5221725201051165,1766819417257
4,0.5221725201051165,1766819417506
4,0.5221725201051165,1766819417705
4,0.5221725201051165,1766819417941
4,0.5221725201051165,1766819418151
4,0.5221725201051165,1766819418373
4,0.5221725201051165,1766819418621
4,0.5221725201051165,1766819418805
4,0.5221725201051165,1766819419013
4,0.5221725201051165,1766819419237
4,0.5221725201051165,1766819419447
4,0.5221725201051165,1766819419637
4,0.5221725201051165,1766819419807
4,0.5221725201051165,1766819420019
4,0.5221725201051165,1766819420213
4,0.5221725201051165,1766819420405
4,0.5221725201051165,1766819420651
4,0.5221725201051165,1766819420842
4,0.5221725201051165,1766819421062
4,0.5221725201051165,1766819421245
4,0.5221725201051165,1766819421507
4,0.5221725201051165,1766819421794
4,0.5221725201051165,1766819422010
4,0.5221725201051165,1766819422223
4,0.5221725201051165,1766819422508
4,0.5221725201051165,1766819422750
4,0.5221725201051165,1766819422928
4,0.5221725201051165,1766819423130
4,0.5221725201051165,1766819423333
4,0.5221725201051165,1766819423508
4,0.5221725201051165,1766819423691
4,0.5221725201051165,1766819423938
4,0.5221725201051165,1766819424150
4,0.5221725201051165,1766819424329
4,0.5221725201051165,1766819424521
4,0.5221725201051165,1766819424696
4,0.5221725201051165,1766819424883
4,0.5221725201051165,1766819425121
4,0.5221725201051165,1766819425323
4,0.5221725201051165,1766819425614
4,0.5221725201051165,1766819425827
4,0.5221725201051165,1766819426076
4,0.5221725201051165,1766819426344
4,0.5221725201051165,1766819426548
4,0.5221725201051165,1766819426789
4,0.5221725201051165,1766819426998
4,0.5221725201051165,1766819427265
4,0.5221725201051165,1766819427483
4,0.5221725201051165,1766819427661
4,0.5221725201051165,1766819427867
4,0.5221725201051165,1766819428070
4,0.5221725201051165,1766819428308
4,0.5221725201051165,1766819428524
4,0.5221725201051165,1766819428697
4,0.5221725201051165,1766819428916
4,0.5221725201051165,1766819429188
4,0.5221725201051165,1766819429430
4,0.5221725201051165,1766819429614
4,0.5221725201051165,1766819429791
4,0.5221725201051165,1766819429974
4,0.5221725201051165,1766819430173
4,0.5221725201051165,1766819430353
4,0.5221725201051165,1766819430590
4,0.5221725201051165,1766819430845
4,0.5221725201051165,1766819431051
4,0.5221725201051165,1766819431258
4,0.5221725201051165,1766819431477
4,0.5221725201051165,1766819431739
4,0.5221725201051165,1766819432001
4,0.5221725201051165,1766819432202
4,0.5221725201051165,1766819432391
4,0.5221725201051165,1766819432572
4,0.5221725201051165,1766819432794
4,0.5221725201051165,1766819432986
4,0.5221725201051165,1766819433173
4,0.5221725201051165,1766819433392
4,0.5221725201051165,1766819433663
4,0.5221725201051165,1766819433869
4,0.5221725201051165,1766819434104
4,0.5221725201051165,1766819434307
4,0.5221725201051165,1766819434501
4,0.5221725201051165,1766819434745
4,0.5221725201051165,1766819434946
4,0.5221725201051165,1766819435142
4,0.5221725201051165,1766819435337
4,0.5221725201051165,1766819435578
4,0.5221725201051165,1766819435773
4,0.5221725201051165,1766819435968
4,0.5221725201051165,1766819436144
4,0.5221725201051165,1766819436322
4,0.5221725201051165,1766819436538
4,0.5221725201051165,1766819436727
4,0.5221725201051165,1766819436956
4,0.5221725201051165,1766819437166
4,0.5221725201051165,1766819437388
4,0.5221725201051165,1766819437575
4,0.5221725201051165,1766819437789
4,0.5221725201051165,1766819437999
4,0.5221725201051165,1766819438268
4,0.5221725201051165,1766819438492
4,0.5221725201051165,1766819438688
4,0.5221725201051165,1766819438887
4,0.5221725201051165,1766819439104
4,0.5221725201051165,1766819439307
4,0.5221725201051165,1766819439661
4,0.5221725201051165,1766819439851
4,0.5221725201051165,1766819440057
4,0.5221725201051165,1766819440244
4,0.5221725201051165,1766819440426
4,0.5221725201051165,1766819440681
4,0.5221725201051165,1766819440927
4,0.5221725201051165,1766819441110
4,0.5221725201051165,1766819441324
4,0.5221725201051165,1766819441516
4,0.5221725201051165,1766819441737
4,0.5221725201051165,1766819442009
4,0.5221725201051165,1766819442220
4,0.5221725201051165,1766819442461
4,0.5221725201051165,1766819442706
4,0.5221725201051165,1766819442948
4,0.5221725201051165,1766819443128
4,0.5221725201051165,1766819443322
4,0.5221725201051165,1766819443527
4,0.5221725201051165,1766819443707
4,0.5221725201051165,1766819443935
4,0.5221725201051165,1766819444131
4,0.5221725201051165,1766819444311
4,0.5221725201051165,1766819444511
4,0.5221725201051165,1766819444744
4,0.5221725201051165,1766819444959
4,0.5221725201051165,1766819445193
4,0.5221725201051165,1766819445447
4,0.5221725201051165,1766819445735
4,0.5221725201051165,1766819445929
4,0.5221725201051165,1766819446108
4,0.5221725201051165,1766819446292
4,0.5221725201051165,1766819446486
4,0.5221725201051165,1766819446710
4,0.5221725201051165,1766819446930
4,0.5221725201051165,1766819447172
4,0.5221725201051165,1766819447383
4,0.5221725201051165,1766819447581
4,0.5221725201051165,1766819447791
4,0.5221725201051165,1766819447999
4,0.5221725201051165,1766819448197
4,0.5221725201051165,1766819448367
4,0.5221725201051165,1766819448594
4,0.5221725201051165,1766819448798
4,0.5221725201051165,1766819449096
4,0.5221725201051165,1766819449293
4,0.5221725201051165,1766819449534
4,0.5221725201051165,1766819449800
4,0.5221725201051165,1766819450044
4,0.5221725201051165,1766819450283
4,0.5221725201051165,1766819450476
4,0.5221725201051165,1766819450677
4,0.5221725201051165,1766819450940
4,0.5221725201051165,1766819451121
4,0.5221725201051165,1766819451304
4,0.5221725201051165,1766819451490
4,0.5221725201051165,1766819451789
4,0.5221725201051165,1766819452001
4,0.5221725201051165,1766819452227
4,0.5221725201051165,1766819452504
4,0.5221725201051165,1766819452716
4,0.5221725201051165,1766819452915
4,0.5221725201051165,1766819453144
4,0.5221725201051165,1766819453317
4,0.5221725201051165,1766819453511
4,0.5221725201051165,1766819453724
4,0.5221725201051165,1766819453928
4,0.5221725201051165,1766819454132
4,0.5221725201051165,1766819454333
4,0.5221725201051165,1766819454567
4,0.5221725201051165,1766819454794
4,0.5221725201051165,1766819455010
4,0.5221725201051165,1766819455256
4,0.5221725201051165,1766819455493
4,0.5221725201051165,1766819455706
4,0.5221725201051165,1766819455919
4,0.5221725201051165,1766819456149
4,0.5221725201051165,1766819456352
4,0.5221725201051165,1766819456562
4,0.5221725201051165,1766819456797
4,0.5221725201051165,1766819457021
4,0.5221725201051165,1766819457203
4,0.5221725201051165,1766819457450
4,0.5221725201051165,1766819457690
4,0.5221725201051165,1766819457894
4,0.5221725201051165,1766819458163
4,0.5221725201051165,1766819458419
4,0.5221725201051165,1766819458612
4,0.5221725201051165,1766819458784
4,0.5221725201051165,1766819458993
4,0.5221725201051165,1766819459179
4,0.5221725201051165,1766819459456
4,0.5221725201051165,1766819459643
4,0.5221725201051165,1766819459825
4,0.5221725201051165,1766819460008
4,0.5221725201051165,1766819460205
4,0.5221725201051165,1766819460477
4,0.5221725201051165,1766819460661
4,0.5221725201051165,1766819460873
4,0.5221725201051165,1766819461139
4,0.5221725201051165,1766819461318
4,0.5221725201051165,1766819461533
4,0.5221725201051165,1766819461793
4,0.5221725201051165,1766819462055
4,0.5221725201051165,1766819462297
4,0.5221725201051165,1766819462459
4,0.5221725201051165,1766819462642
4,0.5221725201051165,1766819462868
4,0.5221725201051165,1766819463075
4,0.5221725201051165,1766819463279
4,0.5221725201051165,1766819463490
4,0.5221725201051165,1766819463788
4,0.5221725201051165,1766819464038
4,0.5221725201051165,1766819464277
4,0.5221725201051165,1766819464579
4,0.5221725201051165,1766819464786
4,0.5221725201051165,1766819465021
4,0.5221725201051165,1766819465203
4,0.5221725201051165,1766819465414
4,0.5221725201051165,1766819465627
4,0.5221725201051165,1766819465824
4,0.5221725201051165,1766819466063
4,0.5221725201051165,1766819466283
4,0.5221725201051165,1766819466493
4,0.5221725201051165,1766819466762
4,0.5221725201051165,1766819466980
4,0.5221725201051165,1766819467169
4,0.5221725201051165,1766819467362
4,0.5221725201051165,1766819467673
4,0.5221725201051165,1766819467863
4,0.5221725201051165,1766819468056
4,0.5221725201051165,1766819468262
4,0.5221725201051165,1766819468467
4,0.5221725201051165,1766819468722
4,0.5221725201051165,1766819469012
4,0.5221725201051165,1766819469196
4,0.5221725201051165,1766819469479
4,0.5221725201051165,1766819469673
4,0.5221725201051165,1766819469878
4,0.5221725201051165,1766819470118
4,0.5221725201051165,1766819470339
4,0.5221725201051165,1766819470538
4,0.5221725201051165,1766819470726
4,0.5221725201051165,1766819470929
4,0.5221725201051165,1766819471126
4,0.5221725201051165,1766819471328
4,0.5221725201051165,1766819471536
4,0.5221725201051165,1766819471747
4,0.5221725201051165,1766819471964
4,0.5221725201051165,1766819472155
4,0.5221725201051165,1766819472399
4,0.5221725201051165,1766819472663
4,0.5221725201051165,1766819472863
4,0.5221725201051165,1766819473085
4,0.5221725201051165,1766819473264
4,0.5221725201051165,1766819473454
4,0.5221725201051165,1766819473729
4,0.5221725201051165,1766819473928
4,0.5221725201051165,1766819474137
4,0.5221725201051165,1766819474346
4,0.5221725201051165,1766819474572
4,0.5221725201051165,1766819474794
4,0.5221725201051165,1766819475006
4,0.5221725201051165,1766819475254
4,0.5221725201051165,1766819475417
4,0.5221725201051165,1766819475656
4,0.5221725201051165,1766819475881
4,0.5221725201051165,1766819476125
4,0.5221725201051165,1766819476328
4,0.5221725201051165,1766819476498
4,0.5221725201051165,1766819476693
4,0.5221725201051165,1766819476871
4,0.5221725201051165,1766819477043
4,0.5221725201051165,1766819477250
4,0.5221725201051165,1766819477474
4,0.5221725201051165,1766819477700
4,0.5221725201051165,1766819477884
4,0.5221725201051165,1766819478130
4,0.5221725201051165,1766819478304
4,0.5221725201051165,1766819478496
4,0.5221725201051165,1766819478771
4,0.5221725201051165,1766819479027
4,0.5221725201051165,1766819479252
4,0.5221725201051165,1766819479464
4,0.5221725201051165,1766819479640
4,0.5221725201051165,1766819479832
4,0.5221725201051165,1766819480020
4,0.5221725201051165,1766819480203
4,0.5221725201051165,1766819480443
4,0.5221725201051165,1766819480615
4,0.5221725201051165,1766819480882
4,0.5221725201051165,1766819481088
4,0.5221725201051165,1766819481294
4,0.5221725201051165,1766819481613
4,0.5221725201051165,1766819481816
4,0.5221725201051165,1766819482021
4,0.5221725201051165,1766819482225
4,0.5221725201051165,1766819482413
4,0.5221725201051165,1766819482687
4,0.5221725201051165,1766819482893
4,0.5221725201051165,1766819483094
4,0.5221725201051165,1766819483283
4,0.5221725201051165,1766819483466
4,0.5221725201051165,1766819483660
4,0.5221725201051165,1766819483859
4,0.5221725201051165,1766819484059
4,0.5221725201051165,1766819484253
4,0.5221725201051165,1766819484538
4,0.5221725201051165,1766819484794
4,0.5221725201051165,1766819485033
4,0.5221725201051165,1766819485234
4,0.5221725201051165,1766819485453
4,0.5221725201051165,1766819485678
4,0.5221725201051165,1766819485870
4,0.5221725201051165,1766819486068
4,0.5221725201051165,1766819486307
4,0.5221725201051165,1766819486539
4,0.5221725201051165,1766819486730
4,0.5221725201051165,1766819486983
4,0.5221725201051165,1766819487176
4,0.5221725201051165,1766819487390
4,0.5221725201051165,1766819487611
4,0.5221725201051165,1766819487838
4,0.5221725201051165,1766819488042
4,0.5221725201051165,1766819488218
4,0.5221725201051165,1766819488527
4,0.5221725201051165,1766819488752
4,0.5221725201051165,1766819488937
4,0.5221725201051165,1766819489143
4,0.5221725201051165,1766819489373
4,0.5221725201051165,1766819489568
4,0.5221725201051165,1766819489740
4,0.5221725201051165,1766819489953
4,0.5221725201051165,1766819490171
4,0.5221725201051165,1766819490475
4,0.5221725201051165,1766819490686
4,0.5221725201051165,1766819490870
4,0.5221725201051165,1766819491084
4,0.5221725201051165,1766819491293
4,0.5221725201051165,1766819491475
4,0.5221725201051165,1766819491714
4,0.5221725201051165,1766819491971
4,0.5221725201051165,1766819492199
4,0.5221725201051165,1766819492420
4,0.5221725201051165,1766819492647
4,0.5221725201051165,1766819492921
4,0.5221725201051165,1766819493156
4,0.5221725201051165,1766819493379
4,0.5221725201051165,1766819493604
4,0.5221725201051165,1766819493777
4,0.5221725201051165,1766819494017
4,0.5221725201051165,1766819494231
4,0.5221725201051165,1766819494436
4,0.5221725201051165,1766819494652
4,0.5221725201051165,1766819494841
4,0.5221725201051165,1766819495057
4,0.5221725201051165,1766819495249
4,0.5221725201051165,1766819495448
4,0.5221725201051165,1766819495690
4,0.5221725201051165,1766819495888
4,0.5221725201051165,1766819496117
4,0.5221725201051165,1766819496399
4,0.5221725201051165,1766819496596
4,0.5221725201051165,1766819496768
4,0.5221725201051165,1766819496940
4,0.5221725201051165,1766819497149
4,0.5221725201051165,1766819497355
4,0.5221725201051165,1766819497592
4,0.5221725201051165,1766819497784
4,0.5221725201051165,1766819498008
4,0.5221725201051165,1766819498207
4,0.5221725201051165,1766819498485
4,0.5221725201051165,1766819498709
4,0.5221725201051165,1766819498890
4,0.5221725201051165,1766819499071
4,0.5221725201051165,1766819499272
4,0.5221725201051165,1766819499579
4,0.5221725201051165,1766819499772
4,0.5221725201051165,1766819499985
4,0.5221725201051165,1766819500199
4,0.5221725201051165,1766819500374
4,0.5221725201051165,1766819500604
4,0.5221725201051165,1766819500788
4,0.5221725201051165,1766819500979
4,0.5221725201051165,1766819501246
4,0.5221725201051165,1766819501441
4,0.5221725201051165,1766819501707
4,0.5221725201051165,1766819501924
4,0.5221725201051165,1766819502121
4,0.5221725201051165,1766819502310
4,0.5221725201051165,1766819502518
4,0.5221725201051165,1766819502748
4,0.5221725201051165,1766819502927
4,0.5221725201051165,1766819503124
4,0.5221725201051165,1766819503366
4,0.5221725201051165,1766819503603
4,0.5221725201051165,1766819503833
4,0.5221725201051165,1766819504067
4,0.5221725201051165,1766819504267
4,0.5221725201051165,1766819504499
4,0.5221725201051165,1766819504722
4,0.5221725201051165,1766819504976
4,0.5221725201051165,1766819505156
4,0.5221725201051165,1766819505346
4,0.5221725201051165,1766819505521
4,0.5221725201051165,1766819505725
4,0.5221725201051165,1766819505913
4,0.5221725201051165,1766819506170
4,0.5221725201051165,1766819506374
4,0.5221725201051165,1766819506560
4,0.5221725201051165,1766819506750
4,0.5221725201051165,1766819506944
4,0.5221725201051165,1766819507113
4,0.5221725201051165,1766819507314
4,0.5221725201051165,1766819507576
4,0.5221725201051165,1766819507853
4,0.5221725201051165,1766819508047
4,0.5221725201051165,1766819508345
4,0.5221725201051165,1766819508560
4,0.5221725201051165,1766819508787
4,0.5221725201051165,1766819509007
4,0.5221725201051165,1766819509204
4,0.5221725201051165,1766819509442
4,0.5221725201051165,1766819509676
4,0.5221725201051165,1766819509927
4,0.5221725201051165,1766819510213
4,0.5221725201051165,1766819510429
4,0.5221725201051165,1766819510628
4,0.5221725201051165,1766819510881
4,0.5221725201051165,1766819511070
4,0.5221725201051165,1766819511288
4,0.5221725201051165,1766819511454
4,0.5221725201051165,1766819511684
4,0.5221725201051165,1766819511908
4,0.5221725201051165,1766819512146
4,0.5221725201051165,1766819512367
4,0.5221725201051165,1766819512568
4,0.5221725201051165,1766819512874
4,0.5221725201051165,1766819513102
4,0.5221725201051165,1766819513317
4,0.5221725201051165,1766819513572
4,0.5221725201051165,1766819513801
4,0.5221725201051165,1766819514019
4,0.5221725201051165,1766819514224
4,0.5221725201051165,1766819514382
4,0.5221725201051165,1766819514612
4,0.5221725201051165,1766819514786
4,0.5221725201051165,1766819515011
4,0.5221725201051165,1766819515222
4,0.5221725201051165,1766819515440
4,0.5221725201051165,1766819515670
4,0.5221725201051165,1766819515879
4,0.5221725201051165,1766819516129
4,0.5221725201051165,1766819516315
4,0.5221725201051165,1766819516543
4,0.5221725201051165,1766819516774
4,0.5221725201051165,1766819516968
4,0.5221725201051165,1766819517226
4,0.5221725201051165,1766819517423
4,0.5221725201051165,1766819517619
4,0.5221725201051165,1766819517832
4,0.5221725201051165,1766819518007
4,0.5221725201051165,1766819518180
4,0.5221725201051165,1766819518449
4,0.5221725201051165,1766819518650
4,0.5221725201051165,1766819518838
4,0.5221725201051165,1766819519032
4,0.5221725201051165,1766819519205
4,0.5221725201051165,1766819519379
4,0.5221725201051165,1766819519558
4,0.5221725201051165,1766819519752
4,0.5221725201051165,1766819520063
4,0.5221725201051165,1766819520270
4,0.5221725201051165,1766819520501
4,0.5221725201051165,1766819520714
4,0.5221725201051165,1766819520899
4,0.5221725201051165,1766819521107
4,0.5221725201051165,1766819521284
4,0.5221725201051165,1766819521612
4,0.5221725201051165,1766819521794
4,0.5221725201051165,1766819521981
4,0.5221725201051165,1766819522162
4,0.5221725201051165,1766819522356
4,0.5221725201051165,1766819522561
4,0.5221725201051165,1766819522749
4,0.5221725201051165,1766819522945
4,0.5221725201051165,1766819523121
4,0.5221725201051165,1766819523331
4,0.5221725201051165,1766819523539
4,0.5221725201051165,1766819523733
4,0.5221725201051165,1766819523954
4,0.5221725201051165,1766819524143
4,0.5221725201051165,1766819524359
4,0.5221725201051165,1766819524576
4,0.5221725201051165,1766819524823
4,0.5221725201051165,1766819525061
4,0.5221725201051165,1766819525263
4,0.5221725201051165,1766819525490
4,0.5221725201051165,1766819525657
4,0.5221725201051165,1766819525856
4,0.5221725201051165,1766819526039
4,0.5221725201051165,1766819526234
4,0.5221725201051165,1766819526417
4,0.5221725201051165,1766819526611
4,0.5221725201051165,1766819526810
4,0.5221725201051165,1766819527093
4,0.5221725201051165,1766819527293
4,0.5221725201051165,1766819527502
4,0.5221725201051165,1766819527682
4,0.5221725201051165,1766819527917
4,0.5221725201051165,1766819528098
4,0.5221725201051165,1766819528340
4,0.5221725201051165,1766819528596
4,0.5221725201051165,1766819528803
4,0.5221725201051165,1766819529164
4,0.5221725201051165,1766819529344
4,0.5221725201051165,1766819529543
4,0.5221725201051165,1766819529831
4,0.5221725201051165,1766819530088
4,0.5221725201051165,1766819530303
4,0.5221725201051165,1766819530578
4,0.5221725201051165,1766819530758
4,0.5221725201051165,1766819531026
4,0.5221725201051165,1766819531275
4,0.5221725201051165,1766819531475
4,0.5221725201051165,1766819531700
4,0.5221725201051165,1766819531917
4,0.5221725201051165,1766819532106
4,0.5221725201051165,1766819532291
4,0.5221725201051165,1766819532468
4,0.5221725201051165,1766819532650
4,0.5221725201051165,1766819532866
4,0.5221725201051165,1766819533101
4,0.5221725201051165,1766819533326
4,0.5221725201051165,1766819533534
4,0.5221725201051165,1766819533732
4,0.5221725201051165,1766819533933
4,0.5221725201051165,1766819534106
4,0.5221725201051165,1766819534413
4,0.5221725201051165,1766819534608
4,0.5221725201051165,1766819534832
4,0.5221725201051165,1766819535031
4,0.5221725201051165,1766819535250
4,0.5221725201051165,1766819535457
4,0.5221725201051165,1766819535654
4,0.5221725201051165,1766819535886
4,0.5221725201051165,1766819536110
4,0.5221725201051165,1766819536303
4,0.5221725201051165,1766819536579
4,0.5221725201051165,1766819536780
4,0.5221725201051165,1766819536986
4,0.5221725201051165,1766819537181
4,0.5221725201051165,1766819537352
4,0.5221725201051165,1766819537530
4,0.5221725201051165,1766819537727
4,0.5221725201051165,1766819537953
4,0.5221725201051165,1766819538135
4,0.5221725201051165,1766819538355
4,0.5221725201051165,1766819538620
4,0.5221725201051165,1766819538889
4,0.5221725201051165,1766819539079
4,0.5221725201051165,1766819539271
4,0.5221725201051165,1766819539554
4,0.5221725201051165,1766819539745
4,0.5221725201051165,1766819539923
4,0.5221725201051165,1766819540121
4,0.5221725201051165,1766819540315
4,0.5221725201051165,1766819540535
4,0.5221725201051165,1766819540733
4,0.5221725201051165,1766819540959
4,0.5221725201051165,1766819541177
4,0.5221725201051165,1766819541366
4,0.5221725201051165,1766819541607
4,0.5221725201051165,1766819541839
4,0.5221725201051165,1766819542036
4,0.5221725201051165,1766819542252
4,0.5221725201051165,1766819542440
4,0.5221725201051165,1766819542647
4,0.5221725201051165,1766819542850
4,0.5221725201051165,1766819543089
4,0.5221725201051165,1766819543255
4,0.5221725201051165,1766819543570
4,0.5221725201051165,1766819543767
4,0.5221725201051165,1766819543951
4,0.5221725201051165,1766819544222
4,0.5221725201051165,1766819544422
4,0.5221725201051165,1766819544643
4,0.5221725201051165,1766819544912
4,0.5221725201051165,1766819545120
4,0.5221725201051165,1766819545331
4,0.5221725201051165,1766819545515
4,0.5221725201051165,1766819545777
4,0.5221725201051165,1766819546023
4,0.5221725201051165,1766819546217
4,0.5221725201051165,1766819546412
4,0.5221725201051165,1766819546583
4,0.5221725201051165,1766819546811
4,0.5221725201051165,1766819547091
4,0.5221725201051165,1766819547285
4,0.5221725201051165,1766819547553
4,0.5221725201051165,1766819547767
4,0.5221725201051165,1766819547971
4,0.5221725201051165,1766819548154
4,0.5221725201051165,1766819548347
4,0.5221725201051165,1766819548698
4,0.5221725201051165,1766819548899
4,0.5221725201051165,1766819549096
4,0.5221725201051165,1766819549296
4,0.5221725201051165,1766819549485
4,0.5221725201051165,1766819549716
4,0.5221725201051165,1766819549908
4,0.5221725201051165,1766819550132
4,0.5221725201051165,1766819550322
4,0.5221725201051165,1766819550506
4,0.5221725201051165,1766819550736
4,0.5221725201051165,1766819550993
4,0.5221725201051165,1766819551199
4,0.5221725201051165,1766819551449
4,0.5221725201051165,1766819551651
4,0.5221725201051165,1766819551851
4,0.5221725201051165,1766819552058
4,0.5221725201051165,1766819552237
4,0.5221725201051165,1766819552443
4,0.5221725201051165,1766819552645
4,0.5221725201051165,1766819552861
4,0.5221725201051165,1766819553056
4,0.5221725201051165,1766819553237
4,0.5221725201051165,1766819553441
4,0.5221725201051165,1766819553610
4,0.5221725201051165,1766819553860
4,0.5221725201051165,1766819554076
4,0.5221725201051165,1766819554340
4,0.5221725201051165,1766819554549
4,0.5221725201051165,1766819554769
4,0.5221725201051165,1766819555017
4,0.5221725201051165,1766819555199
4,0.5221725201051165,1766819555410
4,0.433676366989615,1766819555594
5,0.5221725201051165,1766819555773
5,0.5221725201051165,1766819555967
5,0.5221725201051165,1766819556157
5,0.5221725201051165,1766819556359
5,0.5221725201051165,1766819556543
5,0.5221725201051165,1766819556746
5,0.5221725201051165,1766819556911
5,0.5221725201051165,1766819557106
5,0.5221725201051165,1766819557314
5,0.5221725201051165,1766819557570
5,0.5221725201051165,1766819557842
5,0.5221725201051165,1766819558030
5,0.5221725201051165,1766819558259
5,0.5221725201051165,1766819558461
5,0.5221725201051165,1766819558695
5,0.5221725201051165,1766819558887
5,0.5221725201051165,1766819559088
5,0.5221725201051165,1766819559287
5,0.5221725201051165,1766819559484
5,0.5221725201051165,1766819559670
5,0.5221725201051165,1766819559843
5,0.5221725201051165,1766819560088
5,0.5221725201051165,1766819560314
5,0.5221725201051165,1766819560486
5,0.5221725201051165,1766819560685
5,0.5221725201051165,1766819560879
5,0.5221725201051165,1766819561075
5,0.5221725201051165,1766819561263
5,0.5221725201051165,1766819561509
5,0.5221725201051165,1766819561746
5,0.5221725201051165,1766819561969
5,0.5221725201051165,1766819562200
5,0.5221725201051165,1766819562405
5,0.5221725201051165,1766819562643
5,0.5221725201051165,1766819562834
5,0.5221725201051165,1766819563091
5,0.5221725201051165,1766819563289
5,0.5221725201051165,1766819563474
5,0.5221725201051165,1766819563683
5,0.5221725201051165,1766819563889
5,0.5221725201051165,1766819564166
5,0.5221725201051165,1766819564366
5,0.5221725201051165,1766819564621
5,0.5221725201051165,1766819564847
5,0.5221725201051165,1766819565066
5,0.5221725201051165,1766819565368
5,0.5221725201051165,1766819565579
5,0.5221725201051165,1766819565789
5,0.5221725201051165,1766819566030
5,0.5221725201051165,1766819566257
5,0.5221725201051165,1766819566478
5,0.5221725201051165,1766819566695
5,0.5221725201051165,1766819566878
5,0.5221725201051165,1766819567098
5,0.5221725201051165,1766819567312
5,0.5221725201051165,1766819567499
5,0.5221725201051165,1766819567721
5,0.5221725201051165,1766819567908
5,0.5221725201051165,1766819568104
5,0.5221725201051165,1766819568301
5,0.5221725201051165,1766819568512
5,0.5221725201051165,1766819568770
5,0.5221725201051165,1766819568992
5,0.5221725201051165,1766819569212
5,0.5221725201051165,1766819569437
5,0.5221725201051165,1766819569715
5,0.5221725201051165,1766819569900
5,0.5221725201051165,1766819570103
5,0.5221725201051165,1766819570291
5,0.5221725201051165,1766819570490
5,0.5221725201051165,1766819570650
5,0.5221725201051165,1766819570924
5,0.5221725201051165,1766819571139
5,0.5221725201051165,1766819571370
5,0.5221725201051165,1766819571656
5,0.5221725201051165,1766819571881
5,0.5221725201051165,1766819572058
5,0.5221725201051165,1766819572228
5,0.5221725201051165,1766819572413
5,0.5221725201051165,1766819572666
5,0.5221725201051165,1766819572869
5,0.5221725201051165,1766819573054
5,0.5221725201051165,1766819573276
5,0.5221725201051165,1766819573460
5,0.5221725201051165,1766819573654
5,0.5221725201051165,1766819573884
5,0.5221725201051165,1766819574101
5,0.5221725201051165,1766819574305
5,0.5221725201051165,1766819574523
5,0.5221725201051165,1766819574726
5,0.5221725201051165,1766819574894
5,0.5221725201051165,1766819575152
5,0.5221725201051165,1766819575391
5,0.5221725201051165,1766819575575
5,0.5221725201051165,1766819575755
5,0.5221725201051165,1766819575919
5,0.5221725201051165,1766819576136
5,0.5221725201051165,1766819576313
5,0.5221725201051165,1766819576530
5,0.5221725201051165,1766819576724
5,0.5221725201051165,1766819576914
5,0.5221725201051165,1766819577115
5,0.5221725201051165,1766819577350
5,0.5221725201051165,1766819577543
5,0.5221725201051165,1766819577768
5,0.5221725201051165,1766819578003
5,0.5221725201051165,1766819578204
5,0.5221725201051165,1766819578419
5,0.5221725201051165,1766819578696
5,0.5221725201051165,1766819578911
5,0.5221725201051165,1766819579201
5,0.5221725201051165,1766819579397
5,0.5221725201051165,1766819579598
5,0.5221725201051165,1766819579861
5,0.5221725201051165,1766819580079
5,0.5221725201051165,1766819580370
5,0.5221725201051165,1766819580618
5,0.5221725201051165,1766819580779
5,0.5221725201051165,1766819581018
5,0.5221725201051165,1766819581281
5,0.5221725201051165,1766819581460
5,0.5221725201051165,1766819581673
5,0.5221725201051165,1766819581871
5,0.5221725201051165,1766819582112
5,0.5221725201051165,1766819582298
5,0.5221725201051165,1766819582498
5,0.5221725201051165,1766819582676
5,0.5221725201051165,1766819582866
5,0.5221725201051165,1766819583050
5,0.5221725201051165,1766819583285
5,0.5221725201051165,1766819583482
5,0.5221725201051165,1766819583669
5,0.5221725201051165,1766819583878
5,0.5221725201051165,1766819584077
5,0.5221725201051165,1766819584272
5,0.5221725201051165,1766819584480
5,0.5221725201051165,1766819584750
5,0.5221725201051165,1766819584944
5,0.5221725201051165,1766819585107
5,0.5221725201051165,1766819585280
5,0.5221725201051165,1766819585512
5,0.5221725201051165,1766819585711
5,0.5221725201051165,1766819585901
5,0.5221725201051165,1766819586150
5,0.5221725201051165,1766819586398
5,0.5221725201051165,1766819586656
5,0.5221725201051165,1766819586863
5,0.5221725201051165,1766819587040
5,0.5221725201051165,1766819587305
5,0.5221725201051165,1766819587524
5,0.5221725201051165,1766819587704
5,0.5221725201051165,1766819587921
5,0.5221725201051165,1766819588113
5,0.5221725201051165,1766819588401
5,0.5221725201051165,1766819588598
5,0.5221725201051165,1766819588794
5,0.5221725201051165,1766819588990
5,0.5221725201051165,1766819589166
5,0.5221725201051165,1766819589383
5,0.5221725201051165,1766819589622
5,0.5221725201051165,1766819589793
5,0.5221725201051165,1766819590010
5,0.5221725201051165,1766819590245
5,0.5221725201051165,1766819590445
5,0.5221725201051165,1766819590636
5,0.5221725201051165,1766819590861
5,0.5221725201051165,1766819591057
5,0.5221725201051165,1766819591243
5,0.5221725201051165,1766819591449
5,0.5221725201051165,1766819591661
5,0.5221725201051165,1766819591917
5,0.5221725201051165,1766819592113
5,0.5221725201051165,1766819592400
5,0.5221725201051165,1766819592588
5,0.5221725201051165,1766819592801
5,0.5221725201051165,1766819592983
5,0.5221725201051165,1766819593184
5,0.5221725201051165,1766819593411
5,0.5221725201051165,1766819593703
5,0.5221725201051165,1766819593911
5,0.5221725201051165,1766819594127
5,0.5221725201051165,1766819594359
5,0.5221725201051165,1766819594579
5,0.5221725201051165,1766819594794
5,0.5221725201051165,1766819595007
5,0.5221725201051165,1766819595292
5,0.5221725201051165,1766819595498
5,0.5221725201051165,1766819595691
5,0.5221725201051165,1766819595964
5,0.5221725201051165,1766819596188
5,0.5221725201051165,1766819596397
5,0.5221725201051165,1766819596610
5,0.5221725201051165,1766819596808
5,0.5221725201051165,1766819597011
5,0.5221725201051165,1766819597183
5,0.5221725201051165,1766819597400
5,0.5221725201051165,1766819597591
5,0.5221725201051165,1766819597923
5,0.5221725201051165,1766819598122
5,0.5221725201051165,1766819598306
5,0.5221725201051165,1766819598582
5,0.5221725201051165,1766819598812
5,0.5221725201051165,1766819599000
5,0.5221725201051165,1766819599248
5,0.5221725201051165,1766819599421
5,0.5221725201051165,1766819599619
5,0.5221725201051165,1766819599864
5,0.5221725201051165,1766819600053
5,0.5221725201051165,1766819600310
5,0.5221725201051165,1766819600528
5,0.5221725201051165,1766819600723
5,0.5221725201051165,1766819600891
5,0.5221725201051165,1766819601095
5,0.5221725201051165,1766819601346
5,0.5221725201051165,1766819601538
5,0.5221725201051165,1766819601790
5,0.5221725201051165,1766819602055
5,0.5221725201051165,1766819602328
5,0.5221725201051165,1766819602531
5,0.5221725201051165,1766819602708
5,0.5221725201051165,1766819602891
5,0.5221725201051165,1766819603130
5,0.5221725201051165,1766819603354
5,0.5221725201051165,1766819603654
5,0.5221725201051165,1766819603888
5,0.5221725201051165,1766819604147
5,0.5221725201051165,1766819604345
5,0.5221725201051165,1766819604539
5,0.5221725201051165,1766819604727
5,0.5221725201051165,1766819604938
5,0.5221725201051165,1766819605173
5,0.5221725201051165,1766819605385
5,0.5221725201051165,1766819605575
5,0.5221725201051165,1766819605754
5,0.5221725201051165,1766819605937
5,0.5221725201051165,1766819606124
5,0.5221725201051165,1766819606340
5,0.5221725201051165,1766819606532
5,0.5221725201051165,1766819606738
5,0.5221725201051165,1766819606927
5,0.5221725201051165,1766819607138
5,0.5221725201051165,1766819607428
5,0.5221725201051165,1766819607695
5,0.5221725201051165,1766819607934
5,0.5221725201051165,1766819608168
5,0.5221725201051165,1766819608420
5,0.5221725201051165,1766819608660
5,0.5221725201051165,1766819608844
5,0.5221725201051165,1766819609071
5,0.5221725201051165,1766819609266
5,0.5221725201051165,1766819609453
5,0.5221725201051165,1766819609628
5,0.5221725201051165,1766819609831
5,0.5221725201051165,1766819609990
5,0.5221725201051165,1766819610168
5,0.5221725201051165,1766819610379
5,0.5221725201051165,1766819610603
5,0.5221725201051165,1766819610867
5,0.5221725201051165,1766819611087
5,0.5221725201051165,1766819611324
5,0.5221725201051165,1766819611542
5,0.5221725201051165,1766819611747
5,0.5221725201051165,1766819612009
5,0.5221725201051165,1766819612185
5,0.5221725201051165,1766819612548
5,0.5221725201051165,1766819612721
5,0.5221725201051165,1766819612930
5,0.5221725201051165,1766819613179
5,0.5221725201051165,1766819613391
5,0.5221725201051165,1766819613647
5,0.5221725201051165,1766819613840
5,0.5221725201051165,1766819614064
5,0.5221725201051165,1766819614267
5,0.5221725201051165,1766819614496
5,0.5221725201051165,1766819614670
5,0.5221725201051165,1766819614856
5,0.5221725201051165,1766819615079
5,0.5221725201051165,1766819615334
5,0.5221725201051165,1766819615543
5,0.5221725201051165,1766819615758
5,0.5221725201051165,1766819615967
5,0.5221725201051165,1766819616159
5,0.5221725201051165,1766819616370
5,0.5221725201051165,1766819616560
5,0.5221725201051165,1766819616757
5,0.5221725201051165,1766819616956
5,0.5221725201051165,1766819617291
5,0.5221725201051165,1766819617496
5,0.5221725201051165,1766819617684
5,0.5221725201051165,1766819617876
5,0.5221725201051165,1766819618057
5,0.5221725201051165,1766819618285
5,0.5221725201051165,1766819618491
5,0.5221725201051165,1766819618684
5,0.5221725201051165,1766819618867
5,0.5221725201051165,1766819619049
5,0.5221725201051165,1766819619282
5,0.5221725201051165,1766819619506
5,0.5221725201051165,1766819619775
5,0.5221725201051165,1766819619998
5,0.5221725201051165,1766819620194
5,0.5221725201051165,1766819620558
5,0.5221725201051165,1766819620794
5,0.5221725201051165,1766819620978
5,0.5221725201051165,1766819621174
5,0.5221725201051165,1766819621350
5,0.5221725201051165,1766819621543
5,0.5221725201051165,1766819621759
5,0.5221725201051165,1766819621945
5,0.5221725201051165,1766819622104
5,0.5221725201051165,1766819622300
5,0.5221725201051165,1766819622500
5,0.5221725201051165,1766819622763
5,0.5221725201051165,1766819622974
5,0.5221725201051165,1766819623139
5,0.5221725201051165,1766819623324
5,0.5221725201051165,1766819623508
5,0.5221725201051165,1766819623719
5,0.5221725201051165,1766819623908
5,0.5221725201051165,1766819624089
5,0.5221725201051165,1766819624324
5,0.5221725201051165,1766819624536
5,0.5221725201051165,1766819624773
5,0.5221725201051165,1766819624954
5,0.5221725201051165,1766819625195
5,0.5221725201051165,1766819625437
5,0.5221725201051165,1766819625648
5,0.5221725201051165,1766819625856
5,0.5221725201051165,1766819626064
5,0.5221725201051165,1766819626254
5,0.5221725201051165,1766819626458
5,0.5221725201051165,1766819626732
5,0.5221725201051165,1766819626938
5,0.5221725201051165,1766819627176
5,0.5221725201051165,1766819627358
5,0.5221725201051165,1766819627531
5,0.5221725201051165,1766819627717
5,0.5221725201051165,1766819627964
5,0.5221725201051165,1766819628161
5,0.5221725201051165,1766819628356
5,0.5221725201051165,1766819628541
5,0.5221725201051165,1766819628753
5,0.5221725201051165,1766819628960
5,0.5221725201051165,1766819629141
5,0.5221725201051165,1766819629396
5,0.5221725201051165,1766819629604
5,0.5221725201051165,1766819629800
5,0.5221725201051165,1766819629988
5,0.5221725201051165,1766819630193
5,0.5221725201051165,1766819630446
5,0.5221725201051165,1766819630658
5,0.5221725201051165,1766819630861
5,0.5221725201051165,1766819631080
5,0.5221725201051165,1766819631282
5,0.5221725201051165,1766819631492
5,0.5221725201051165,1766819631693
5,0.5221725201051165,1766819631880
5,0.5221725201051165,1766819632086
5,0.5221725201051165,1766819632291
5,0.5221725201051165,1766819632504
5,0.5221725201051165,1766819632719
5,0.5221725201051165,1766819632901
5,0.5221725201051165,1766819633105
5,0.5221725201051165,1766819633282
5,0.5221725201051165,1766819633506
5,0.5221725201051165,1766819633704
5,0.5221725201051165,1766819633916
5,0.5221725201051165,1766819634133
5,0.5221725201051165,1766819634381
5,0.5221725201051165,1766819634583
5,0.5221725201051165,1766819634754
5,0.5221725201051165,1766819634947
5,0.5221725201051165,1766819635193
5,0.5221725201051165,1766819635477
5,0.5221725201051165,1766819635694
5,0.5221725201051165,1766819635910
5,0.5221725201051165,1766819636139
5,0.5221725201051165,1766819636377
5,0.5221725201051165,1766819636618
5,0.5221725201051165,1766819636836
5,0.5221725201051165,1766819637090
5,0.5221725201051165,1766819637280
5,0.5221725201051165,1766819637482
5,0.5221725201051165,1766819637673
5,0.5221725201051165,1766819637937
5,0.5221725201051165,1766819638179
5,0.5221725201051165,1766819638381
5,0.5221725201051165,1766819638578
5,0.5221725201051165,1766819638802
5,0.5221725201051165,1766819638994
5,0.5221725201051165,1766819639167
5,0.5221725201051165,1766819639343
5,0.5221725201051165,1766819639544
5,0.5221725201051165,1766819639729
5,0.5221725201051165,1766819639919
5,0.5221725201051165,1766819640133
5,0.5221725201051165,1766819640354
5,0.5221725201051165,1766819640581
5,0.5221725201051165,1766819640789
5,0.5221725201051165,1766819640992
5,0.5221725201051165,1766819641181
5,0.5221725201051165,1766819641356
5,0.5221725201051165,1766819641566
5,0.5221725201051165,1766819641770
5,0.5221725201051165,1766819642009
5,0.5221725201051165,1766819642215
5,0.5221725201051165,1766819642402
5,0.5221725201051165,1766819642658
5,0.5221725201051165,1766819642855
5,0.5221725201051165,1766819643102
5,0.5221725201051165,1766819643343
5,0.5221725201051165,1766819643550
5,0.5221725201051165,1766819643752
5,0.5221725201051165,1766819643992
5,0.5221725201051165,1766819644190
5,0.5221725201051165,1766819644387
5,0.5221725201051165,1766819644642
5,0.5221725201051165,1766819644839
5,0.5221725201051165,1766819645040
5,0.5221725201051165,1766819645267
5,0.5221725201051165,1766819645501
5,0.5221725201051165,1766819645698
5,0.5221725201051165,1766819645894
5,0.5221725201051165,1766819646080
5,0.5221725201051165,1766819646306
5,0.5221725201051165,1766819646532
5,0.5221725201051165,1766819646775
5,0.5221725201051165,1766819647002
5,0.5221725201051165,1766819647246
5,0.5221725201051165,1766819647489
5,0.5221725201051165,1766819647706
5,0.5221725201051165,1766819647897
5,0.5221725201051165,1766819648144
5,0.5221725201051165,1766819648383
5,0.5221725201051165,1766819648597
5,0.5221725201051165,1766819648831
5,0.5221725201051165,1766819649056
5,0.5221725201051165,1766819649276
5,0.5221725201051165,1766819649480
5,0.5221725201051165,1766819649669
5,0.5221725201051165,1766819649873
5,0.5221725201051165,1766819650076
5,0.5221725201051165,1766819650306
5,0.5221725201051165,1766819650519
5,0.5221725201051165,1766819650726
5,0.5221725201051165,1766819650914
5,0.5221725201051165,1766819651119
5,0.5221725201051165,1766819651331
5,0.5221725201051165,1766819651545
5,0.5221725201051165,1766819651741
5,0.5221725201051165,1766819652004
5,0.5221725201051165,1766819652209
5,0.5221725201051165,1766819652431
5,0.5221725201051165,1766819652666
5,0.5221725201051165,1766819652871
5,0.5221725201051165,1766819653080
5,0.5221725201051165,1766819653362
5,0.5221725201051165,1766819653547
5,0.5221725201051165,1766819653744
5,0.5221725201051165,1766819653954
5,0.5221725201051165,1766819654295
5,0.5221725201051165,1766819654480
5,0.5221725201051165,1766819654672
5,0.5221725201051165,1766819654884
5,0.5221725201051165,1766819655124
5,0.5221725201051165,1766819655343
5,0.5221725201051165,1766819655564
5,0.5221725201051165,1766819655761
5,0.5221725201051165,1766819655966
5,0.5221725201051165,1766819656157
5,0.5221725201051165,1766819656339
5,0.5221725201051165,1766819656528
5,0.5221725201051165,1766819656705
5,0.5221725201051165,1766819656937
5,0.5221725201051165,1766819657186
5,0.5221725201051165,1766819657478
5,0.5221725201051165,1766819657704
5,0.5221725201051165,1766819657975
5,0.5221725201051165,1766819658181
5,0.5221725201051165,1766819658366
5,0.5221725201051165,1766819658575
5,0.5221725201051165,1766819658789
5,0.5221725201051165,1766819659007
5,0.5221725201051165,1766819659256
5,0.5221725201051165,1766819659449
5,0.5221725201051165,1766819659700
5,0.5221725201051165,1766819659905
5,0.5221725201051165,1766819660142
5,0.5221725201051165,1766819660354
5,0.5221725201051165,1766819660557
5,0.5221725201051165,1766819660863
5,0.5221725201051165,1766819661084
5,0.5221725201051165,1766819661280
5,0.5221725201051165,1766819661475
5,0.5221725201051165,1766819661684
5,0.5221725201051165,1766819661899
5,0.5221725201051165,1766819662087
5,0.5221725201051165,1766819662290
5,0.5221725201051165,1766819662489
5,0.5221725201051165,1766819662663
5,0.5221725201051165,1766819662901
5,0.5221725201051165,1766819663125
5,0.5221725201051165,1766819663314
5,0.5221725201051165,1766819663535
5,0.5221725201051165,1766819663707
5,0.5221725201051165,1766819663964
5,0.5221725201051165,1766819664189
5,0.5221725201051165,1766819664425
5,0.5221725201051165,1766819664612
5,0.5221725201051165,1766819664814
5,0.5221725201051165,1766819664996
5,0.5221725201051165,1766819665194
5,0.5221725201051165,1766819665432
5,0.5221725201051165,1766819665709
5,0.5221725201051165,1766819665952
5,0.5221725201051165,1766819666171
5,0.5221725201051165,1766819666381
5,0.5221725201051165,1766819666628
5,0.5221725201051165,1766819666827
5,0.5221725201051165,1766819667005
5,0.5221725201051165,1766819667186
5,0.5221725201051165,1766819667363
5,0.5221725201051165,1766819667553
5,0.5221725201051165,1766819667761
5,0.5221725201051165,1766819667966
5,0.5221725201051165,1766819668178
5,0.5221725201051165,1766819668370
5,0.5221725201051165,1766819668633
5,0.5221725201051165,1766819668882
5,0.5221725201051165,1766819669116
5,0.5221725201051165,1766819669328
5,0.5221725201051165,1766819669530
5,0.5221725201051165,1766819669753
5,0.5221725201051165,1766819669971
5,0.5221725201051165,1766819670220
5,0.5221725201051165,1766819670456
5,0.5221725201051165,1766819670672
5,0.5221725201051165,1766819670906
5,0.5221725201051165,1766819671117
5,0.5221725201051165,1766819671325
5,0.5221725201051165,1766819671598
5,0.5221725201051165,1766819671778
5,0.5221725201051165,1766819672005
5,0.5221725201051165,1766819672197
5,0.5221725201051165,1766819672424
5,0.5221725201051165,1766819672635
5,0.5221725201051165,1766819672799
5,0.5221725201051165,1766819673072
5,0.5221725201051165,1766819673307
5,0.5221725201051165,1766819673513
5,0.5221725201051165,1766819673724
5,0.5221725201051165,1766819673947
5,0.5221725201051165,1766819674146
5,0.5221725201051165,1766819674343
5,0.5221725201051165,1766819674581
5,0.5221725201051165,1766819674765
5,0.5221725201051165,1766819674965
5,0.5221725201051165,1766819675176
5,0.5221725201051165,1766819675420
5,0.5221725201051165,1766819675638
5,0.5221725201051165,1766819675820
5,0.5221725201051165,1766819676022
5,0.5221725201051165,1766819676227
5,0.5221725201051165,1766819676442
5,0.5221725201051165,1766819676648
5,0.5221725201051165,1766819676845
5,0.5221725201051165,1766819677051
5,0.5221725201051165,1766819677243
5,0.5221725201051165,1766819677492
5,0.5221725201051165,1766819677690
5,0.5221725201051165,1766819677907
5,0.5221725201051165,1766819678112
5,0.5221725201051165,1766819678334
5,0.5221725201051165,1766819678639
5,0.5221725201051165,1766819678826
5,0.5221725201051165,1766819679013
5,0.5221725201051165,1766819679215
5,0.5221725201051165,1766819679411
5,0.5221725201051165,1766819679607
5,0.5221725201051165,1766819679802
5,0.5221725201051165,1766819680018
5,0.5221725201051165,1766819680263
5,0.5221725201051165,1766819680495
5,0.5221725201051165,1766819680703
5,0.5221725201051165,1766819680890
5,0.5221725201051165,1766819681075
5,0.5221725201051165,1766819681278
5,0.5221725201051165,1766819681476
5,0.5221725201051165,1766819681687
5,0.5221725201051165,1766819681874
5,0.5221725201051165,1766819682086
5,0.5221725201051165,1766819682280
5,0.5221725201051165,1766819682505
5,0.5221725201051165,1766819682682
5,0.5221725201051165,1766819682878
5,0.5221725201051165,1766819683090
5,0.5221725201051165,1766819683303
5,0.5221725201051165,1766819683502
5,0.5221725201051165,1766819683779
5,0.5221725201051165,1766819683974
5,0.5221725201051165,1766819684147
5,0.5221725201051165,1766819684359
5,0.5221725201051165,1766819684547
5,0.5221725201051165,1766819684724
5,0.5221725201051165,1766819684930
5,0.5221725201051165,1766819685176
5,0.5221725201051165,1766819685366
5,0.5221725201051165,1766819685538
5,0.5221725201051165,1766819685711
5,0.5221725201051165,1766819685893
5,0.5221725201051165,1766819686083
5,0.5221725201051165,1766819686279
5,0.5221725201051165,1766819686460
5,0.5221725201051165,1766819686633
5,0.5221725201051165,1766819686907
5,0.5221725201051165,1766819687159
5,0.5221725201051165,1766819687340
5,0.5221725201051165,1766819687595
5,0.5221725201051165,1766819687843
5,0.5221725201051165,1766819688065
5,0.5221725201051165,1766819688279
5,0.5221725201051165,1766819688474
5,0.5221725201051165,1766819688738
5,0.5221725201051165,1766819688939
5,0.5221725201051165,1766819689130
5,0.5221725201051165,1766819689371
5,0.5221725201051165,1766819689566
5,0.5221725201051165,1766819689817
5,0.5221725201051165,1766819690034
5,0.5221725201051165,1766819690229
5,0.5221725201051165,1766819690424
5,0.5221725201051165,1766819690735
5,0.5221725201051165,1766819690929
5,0.5221725201051165,1766819691100
5,0.5221725201051165,1766819691299
5,0.5221725201051165,1766819691510
5,0.5221725201051165,1766819691716
5,0.5221725201051165,1766819691886
5,0.5221725201051165,1766819692153
5,0.5221725201051165,1766819692369
5,0.5221725201051165,1766819692564
5,0.5221725201051165,1766819692757
5,0.5221725201051165,1766819692948
5,0.5221725201051165,1766819693165
5,0.5221725201051165,1766819693375
5,0.5221725201051165,1766819693636
5,0.5221725201051165,1766819693838
5,0.5221725201051165,1766819694032
5,0.5221725201051165,1766819694295
5,0.5221725201051165,1766819694482
5,0.5221725201051165,1766819694722
5,0.5221725201051165,1766819694973
5,0.5221725201051165,1766819695218
5,0.5221725201051165,1766819695464
5,0.5221725201051165,1766819695668
5,0.5221725201051165,1766819695870
5,0.5221725201051165,1766819696051
5,0.5221725201051165,1766819696252
5,0.5221725201051165,1766819696443
5,0.5221725201051165,1766819696634
5,0.5221725201051165,1766819696914
5,0.5221725201051165,1766819697135
5,0.5221725201051165,1766819697344
5,0.5221725201051165,1766819697567
5,0.5221725201051165,1766819697758
5,0.5221725201051165,1766819697946
5,0.5221725201051165,1766819698140
5,0.5221725201051165,1766819698328
5,0.5221725201051165,1766819698623
5,0.5221725201051165,1766819698823
5,0.5221725201051165,1766819699130
5,0.5221725201051165,1766819699341
5,0.5221725201051165,1766819699524
5,0.5221725201051165,1766819699718
5,0.5221725201051165,1766819699974
5,0.5221725201051165,1766819700198
5,0.5221725201051165,1766819700442
5,0.5221725201051165,1766819700676
5,0.5221725201051165,1766819700930
5,0.5221725201051165,1766819701115
5,0.5221725201051165,1766819701336
5,0.5221725201051165,1766819701538
5,0.5221725201051165,1766819701728
5,0.5221725201051165,1766819701943
5,0.5221725201051165,1766819702126
5,0.5221725201051165,1766819702363
5,0.5221725201051165,1766819702562
5,0.5221725201051165,1766819702739
5,0.5221725201051165,1766819702928
5,0.5221725201051165,1766819703124
5,0.5221725201051165,1766819703326
5,0.5221725201051165,1766819703586
5,0.5221725201051165,1766819703836
5,0.5221725201051165,1766819704042
5,0.5221725201051165,1766819704255
5,0.5221725201051165,1766819704444
5,0.5221725201051165,1766819704676
5,0.5221725201051165,1766819704907
5,0.5221725201051165,1766819705193
5,0.5221725201051165,1766819705428
5,0.5221725201051165,1766819705660
5,0.5221725201051165,1766819705872
5,0.5221725201051165,1766819706048
5,0.5221725201051165,1766819706219
5,0.5221725201051165,1766819706389
5,0.5221725201051165,1766819706573
5,0.5221725201051165,1766819706809
5,0.5221725201051165,1766819707030
5,0.5221725201051165,1766819707282
5,0.5221725201051165,1766819707523
5,0.5221725201051165,1766819707736
5,0.5221725201051165,1766819707923
5,0.5221725201051165,1766819708126
5,0.5221725201051165,1766819708351
5,0.5221725201051165,1766819708594
5,0.5221725201051165,1766819708855
5,0.5221725201051165,1766819709099
5,0.5221725201051165,1766819709301
5,0.5221725201051165,1766819709492
5,0.5221725201051165,1766819709717
5,0.5221725201051165,1766819709957
5,0.5221725201051165,1766819710136
5,0.5221725201051165,1766819710360
5,0.5221725201051165,1766819710597
5,0.5221725201051165,1766819710788
5,0.5221725201051165,1766819710973
5,0.5221725201051165,1766819711192
5,0.5221725201051165,1766819711395
5,0.5221725201051165,1766819711595
5,0.5221725201051165,1766819711793
5,0.5221725201051165,1766819711989
5,0.5221725201051165,1766819712173
5,0.5221725201051165,1766819712387
5,0.5221725201051165,1766819712633
5,0.5221725201051165,1766819712845
5,0.5221725201051165,1766819713020
5,0.5221725201051165,1766819713248
5,0.5221725201051165,1766819713517
5,0.5221725201051165,1766819713717
5,0.5221725201051165,1766819713918
5,0.5221725201051165,1766819714089
5,0.5221725201051165,1766819714297
5,0.5221725201051165,1766819714489
5,0.5221725201051165,1766819714674
5,0.5221725201051165,1766819714890
5,0.5221725201051165,1766819715079
5,0.5221725201051165,1766819715308
5,0.5221725201051165,1766819715515
5,0.5221725201051165,1766819715722
5,0.5221725201051165,1766819715985
5,0.5221725201051165,1766819716271
5,0.5221725201051165,1766819716466
5,0.5221725201051165,1766819716684
5,0.5221725201051165,1766819716877
5,0.5221725201051165,1766819717090
5,0.5221725201051165,1766819717310
5,0.5221725201051165,1766819717509
5,0.5221725201051165,1766819717713
5,0.5221725201051165,1766819717883
5,0.5221725201051165,1766819718101
5,0.5221725201051165,1766819718340
5,0.5221725201051165,1766819718542
5,0.5221725201051165,1766819718722
5,0.5221725201051165,1766819718902
5,0.5221725201051165,1766819719106
5,0.5221725201051165,1766819719325
5,0.5221725201051165,1766819719574
5,0.5221725201051165,1766819719792
5,0.5221725201051165,1766819720018
5,0.5221725201051165,1766819720256
5,0.5221725201051165,1766819720459
5,0.5221725201051165,1766819720759
5,0.5221725201051165,1766819720967
5,0.5221725201051165,1766819721158
5,0.5221725201051165,1766819721384
5,0.5221725201051165,1766819721592
5,0.5221725201051165,1766819721886
5,0.5221725201051165,1766819722093
5,0.5221725201051165,1766819722288
5,0.5221725201051165,1766819722478
5,0.5221725201051165,1766819722703
5,0.5221725201051165,1766819722969
5,0.5221725201051165,1766819723203
5,0.5221725201051165,1766819723461
5,0.5221725201051165,1766819723671
5,0.5221725201051165,1766819723975
5,0.5221725201051165,1766819724173
5,0.5221725201051165,1766819724368
5,0.5221725201051165,1766819724558
5,0.5221725201051165,1766819724758
5,0.5221725201051165,1766819724948
5,0.5221725201051165,1766819725144
5,0.5221725201051165,1766819725345
5,0.5221725201051165,1766819725546
5,0.5221725201051165,1766819725833
5,0.5221725201051165,1766819726057
5,0.5221725201051165,1766819726248
5,0.5221725201051165,1766819726459
5,0.5221725201051165,1766819726636
5,0.5221725201051165,1766819726831
5,0.5221725201051165,1766819727014
5,0.5221725201051165,1766819727202
5,0.5221725201051165,1766819727394
5,0.5221725201051165,1766819727574
5,0.5221725201051165,1766819727755
5,0.5221725201051165,1766819727934
5,0.5221725201051165,1766819728142
5,0.5221725201051165,1766819728347
5,0.5221725201051165,1766819728541
5,0.5221725201051165,1766819728790
5,0.5221725201051165,1766819729013
5,0.5221725201051165,1766819729211
5,0.5221725201051165,1766819729514
5,0.5221725201051165,1766819729696
5,0.5221725201051165,1766819729866
5,0.5221725201051165,1766819730104
5,0.5221725201051165,1766819730281
5,0.5221725201051165,1766819730523
5,0.5221725201051165,1766819730721
5,0.5221725201051165,1766819730925
5,0.5221725201051165,1766819731152
5,0.5221725201051165,1766819731316
5,0.5221725201051165,1766819731493
5,0.5221725201051165,1766819731660
5,0.5221725201051165,1766819731857
5,0.5221725201051165,1766819732060
5,0.5221725201051165,1766819732300
5,0.5221725201051165,1766819732547
5,0.5221725201051165,1766819732727
5,0.5221725201051165,1766819732931
5,0.5221725201051165,1766819733124
5,0.5221725201051165,1766819733323
5,0.5221725201051165,1766819733500
5,0.5221725201051165,1766819733771
5,0.5221725201051165,1766819734017
5,0.5221725201051165,1766819734195
5,0.5221725201051165,1766819734502
5,0.5221725201051165,1766819734724
5,0.5221725201051165,1766819734914
5,0.5221725201051165,1766819735116
5,0.5221725201051165,1766819735316
5,0.5221725201051165,1766819735506
5,0.5221725201051165,1766819735705
5,0.5221725201051165,1766819735904
5,0.5221725201051165,1766819736095
5,0.5221725201051165,1766819736286
5,0.5221725201051165,1766819736492
5,0.5221725201051165,1766819736707
5,0.5221725201051165,1766819736900
5,0.5221725201051165,1766819737075
5,0.5221725201051165,1766819737277
5,0.5221725201051165,1766819737497
5,0.5221725201051165,1766819737720
5,0.5221725201051165,1766819737925
5,0.5221725201051165,1766819738196
5,0.5221725201051165,1766819738408
5,0.5221725201051165,1766819738616
5,0.5221725201051165,1766819738896
5,0.5221725201051165,1766819739100
5,0.5221725201051165,1766819739319
5,0.5221725201051165,1766819739508
5,0.5221725201051165,1766819739699
5,0.5221725201051165,1766819739926
5,0.5221725201051165,1766819740156
5,0.5221725201051165,1766819740412
5,0.5221725201051165,1766819740635
5,0.5221725201051165,1766819740847
5,0.5221725201051165,1766819741080
5,0.5221725201051165,1766819741298
5,0.5221725201051165,1766819741601
5,0.5221725201051165,1766819741801
5,0.5221725201051165,1766819741972
5,0.5221725201051165,1766819742197
5,0.5221725201051165,1766819742369
5,0.5221725201051165,1766819742563
5,0.5221725201051165,1766819742784
5,0.5221725201051165,1766819743031
5,0.5221725201051165,1766819743253
5,0.5221725201051165,1766819743442
5,0.5221725201051165,1766819743614
5,0.5221725201051165,1766819743800
5,0.5221725201051165,1766819743981
5,0.5221725201051165,1766819744177
5,0.5221725201051165,1766819744416
5,0.5221725201051165,1766819744650
5,0.5221725201051165,1766819744843
5,0.5221725201051165,1766819745059
5,0.5221725201051165,1766819745256
5,0.5221725201051165,1766819745448
5,0.5221725201051165,1766819745648
5,0.5221725201051165,1766819745852
5,0.5221725201051165,1766819746042
5,0.5221725201051165,1766819746263
5,0.5221725201051165,1766819746460
5,0.5221725201051165,1766819746699
5,0.5221725201051165,1766819746904
5,0.5221725201051165,1766819747082
5,0.5221725201051165,1766819747325
5,0.5221725201051165,1766819747515
5,0.5221725201051165,1766819747736
5,0.5221725201051165,1766819747979
5,0.5221725201051165,1766819748264
5,0.5221725201051165,1766819748457
5,0.5221725201051165,1766819748650
5,0.5221725201051165,1766819748845
5,0.5221725201051165,1766819749028
5,0.5221725201051165,1766819749253
5,0.5221725201051165,1766819749492
5,0.5221725201051165,1766819749660
5,0.5221725201051165,1766819749895
5,0.5221725201051165,1766819750094
5,0.5221725201051165,1766819750329
5,0.5221725201051165,1766819750549
5,0.5221725201051165,1766819750722
5,0.5221725201051165,1766819750922
5,0.5221725201051165,1766819751114
5,0.5221725201051165,1766819751298
5,0.5221725201051165,1766819751564
5,0.5221725201051165,1766819751777
5,0.5221725201051165,1766819752018
5,0.5221725201051165,1766819752228
5,0.5221725201051165,1766819752418
5,0.5221725201051165,1766819752647
5,0.5221725201051165,1766819752831
5,0.5221725201051165,1766819753025
5,0.5221725201051165,1766819753211
5,0.5221725201051165,1766819753392
5,0.5221725201051165,1766819753683
5,0.5221725201051165,1766819753875
5,0.5221725201051165,1766819754113
5,0.5221725201051165,1766819754287
5,0.5221725201051165,1766819754531
5,0.5221725201051165,1766819754741
5,0.5221725201051165,1766819754944
5,0.5221725201051165,1766819755188
5,0.5221725201051165,1766819755365
5,0.5221725201051165,1766819755662
5,0.433676366989615,1766819755883
6,0.5221725201051165,1766819756076
6,0.5221725201051165,1766819756283
6,0.5221725201051165,1766819756471
6,0.5221725201051165,1766819756658
6,0.5221725201051165,1766819756856
6,0.5221725201051165,1766819757061
6,0.5221725201051165,1766819757321
6,0.5221725201051165,1766819757533
6,0.5221725201051165,1766819757747
6,0.5221725201051165,1766819757945
6,0.5221725201051165,1766819758182
6,0.5221725201051165,1766819758426
6,0.5221725201051165,1766819758664
6,0.5221725201051165,1766819758886
6,0.5221725201051165,1766819759102
6,0.5221725201051165,1766819759337
6,0.5221725201051165,1766819759608
6,0.5221725201051165,1766819759845
6,0.5221725201051165,1766819760061
6,0.5221725201051165,1766819760444
6,0.5221725201051165,1766819760631
6,0.5221725201051165,1766819760844
6,0.5221725201051165,1766819761050
6,0.5221725201051165,1766819761216
6,0.5221725201051165,1766819761399
6,0.5221725201051165,1766819761586
6,0.5221725201051165,1766819761883
6,0.5221725201051165,1766819762141
6,0.5221725201051165,1766819762384
6,0.5221725201051165,1766819762564
6,0.5221725201051165,1766819762732
6,0.5221725201051165,1766819762907
6,0.5221725201051165,1766819763099
6,0.5221725201051165,1766819763379
6,0.5221725201051165,1766819763605
6,0.5221725201051165,1766819763797
6,0.5221725201051165,1766819763994
6,0.5221725201051165,1766819764208
6,0.5221725201051165,1766819764447
6,0.5221725201051165,1766819764713
6,0.5221725201051165,1766819764924
6,0.5221725201051165,1766819765178
6,0.5221725201051165,1766819765388
6,0.5221725201051165,1766819765566
6,0.5221725201051165,1766819765769
6,0.5221725201051165,1766819765971
6,0.5221725201051165,1766819766185
6,0.5221725201051165,1766819766363
6,0.5221725201051165,1766819766570
6,0.5221725201051165,1766819766759
6,0.5221725201051165,1766819766943
6,0.5221725201051165,1766819767127
6,0.5221725201051165,1766819767312
6,0.5221725201051165,1766819767506
6,0.5221725201051165,1766819767794
6,0.5221725201051165,1766819768013
6,0.5221725201051165,1766819768185
6,0.5221725201051165,1766819768371
6,0.5221725201051165,1766819768615
6,0.5221725201051165,1766819768834
6,0.5221725201051165,1766819769038
6,0.5221725201051165,1766819769268
6,0.5221725201051165,1766819769536
6,0.5221725201051165,1766819769761
6,0.5221725201051165,1766819770040
6,0.5221725201051165,1766819770260
6,0.5221725201051165,1766819770466
6,0.5221725201051165,1766819770656
6,0.5221725201051165,1766819770851
6,0.5221725201051165,1766819771057
6,0.5221725201051165,1766819771260
6,0.5221725201051165,1766819771465
6,0.5221725201051165,1766819771711
6,0.5221725201051165,1766819771945
6,0.5221725201051165,1766819772167
6,0.5221725201051165,1766819772392
6,0.5221725201051165,1766819772622
6,0.5221725201051165,1766819772823
6,0.5221725201051165,1766819773042
6,0.5221725201051165,1766819773221
6,0.5221725201051165,1766819773418
6,0.5221725201051165,1766819773614
6,0.5221725201051165,1766819773843
6,0.5221725201051165,1766819774111
6,0.5221725201051165,1766819774321
6,0.5221725201051165,1766819774525
6,0.5221725201051165,1766819774728
6,0.5221725201051165,1766819774970
6,0.5221725201051165,1766819775175
6,0.5221725201051165,1766819775376
6,0.5221725201051165,1766819775583
6,0.5221725201051165,1766819775875
6,0.5221725201051165,1766819776132
6,0.5221725201051165,1766819776357
6,0.5221725201051165,1766819776580
6,0.5221725201051165,1766819776762
6,0.5221725201051165,1766819776942
6,0.5221725201051165,1766819777141
6,0.5221725201051165,1766819777344
6,0.5221725201051165,1766819777523
6,0.5221725201051165,1766819777726
6,0.5221725201051165,1766819778074
6,0.5221725201051165,1766819778262
6,0.5221725201051165,1766819778442
6,0.5221725201051165,1766819778639
6,0.5221725201051165,1766819778849
6,0.5221725201051165,1766819779032
6,0.5221725201051165,1766819779217
6,0.5221725201051165,1766819779414
6,0.5221725201051165,1766819779661
6,0.5221725201051165,1766819779955
6,0.5221725201051165,1766819780154
6,0.5221725201051165,1766819780395
6,0.5221725201051165,1766819780612
6,0.5221725201051165,1766819780882
6,0.5221725201051165,1766819781094
6,0.5221725201051165,1766819781283
6,0.5221725201051165,1766819781490
6,0.5221725201051165,1766819781685
6,0.5221725201051165,1766819781886
6,0.5221725201051165,1766819782090
6,0.5221725201051165,1766819782287
6,0.5221725201051165,1766819782489
6,0.5221725201051165,1766819782693
6,0.5221725201051165,1766819782899
6,0.5221725201051165,1766819783136
6,0.5221725201051165,1766819783321
6,0.5221725201051165,1766819783499
6,0.5221725201051165,1766819783684
6,0.5221725201051165,1766819783874
6,0.5221725201051165,1766819784106
6,0.5221725201051165,1766819784309
6,0.5221725201051165,1766819784513
6,0.5221725201051165,1766819784719
6,0.5221725201051165,1766819784950
6,0.5221725201051165,1766819785115
6,0.5221725201051165,1766819785342
6,0.5221725201051165,1766819785559
6,0.5221725201051165,1766819785753
6,0.5221725201051165,1766819785931
6,0.5221725201051165,1766819786137
6,0.5221725201051165,1766819786341
6,0.5221725201051165,1766819786571
6,0.5221725201051165,1766819786790
6,0.5221725201051165,1766819786979
6,0.5221725201051165,1766819787191
6,0.5221725201051165,1766819787366
6,0.5221725201051165,1766819787572
6,0.5221725201051165,1766819787781
6,0.5221725201051165,1766819787964
6,0.5221725201051165,1766819788160
6,0.5221725201051165,1766819788391
6,0.5221725201051165,1766819788583
6,0.5221725201051165,1766819788884
6,0.5221725201051165,1766819789075
6,0.5221725201051165,1766819789252
6,0.5221725201051165,1766819789413
6,0.5221725201051165,1766819789587
6,0.5221725201051165,1766819789830
6,0.5221725201051165,1766819790057
6,0.5221725201051165,1766819790238
6,0.5221725201051165,1766819790483
6,0.5221725201051165,1766819790675
6,0.5221725201051165,1766819790976
6,0.5221725201051165,1766819791204
6,0.5221725201051165,1766819791382
6,0.5221725201051165,1766819791577
6,0.5221725201051165,1766819791787
6,0.5221725201051165,1766819791992
6,0.5221725201051165,1766819792196
6,0.5221725201051165,1766819792387
6,0.5221725201051165,1766819792612
6,0.5221725201051165,1766819792802
6,0.5221725201051165,1766819793018
6,0.5221725201051165,1766819793304
6,0.5221725201051165,1766819793540
6,0.5221725201051165,1766819793756
6,0.5221725201051165,1766819793992
6,0.5221725201051165,1766819794200
6,0.5221725201051165,1766819794409
6,0.5221725201051165,1766819794596
6,0.5221725201051165,1766819794775
6,0.5221725201051165,1766819794973
6,0.5221725201051165,1766819795182
6,0.5221725201051165,1766819795397
6,0.5221725201051165,1766819795636
6,0.5221725201051165,1766819795811
6,0.5221725201051165,1766819796030
6,0.5221725201051165,1766819796245
6,0.5221725201051165,1766819796463
6,0.5221725201051165,1766819796665
6,0.5221725201051165,1766819796908
6,0.5221725201051165,1766819797095
6,0.5221725201051165,1766819797300
6,0.5221725201051165,1766819797557
6,0.5221725201051165,1766819797753
6,0.5221725201051165,1766819797980
6,0.5221725201051165,1766819798328
6,0.5221725201051165,1766819798583
6,0.5221725201051165,1766819798787
6,0.5221725201051165,1766819798991
6,0.5221725201051165,1766819799170
6,0.5221725201051165,1766819799368
6,0.5221725201051165,1766819799568
6,0.5221725201051165,1766819799776
6,0.5221725201051165,1766819799971
6,0.5221725201051165,1766819800168
6,0.5221725201051165,1766819800355
6,0.5221725201051165,1766819800522
6,0.5221725201051165,1766819800746
6,0.5221725201051165,1766819800951
6,0.5221725201051165,1766819801196
6,0.5221725201051165,1766819801449
6,0.5221725201051165,1766819801698
6,0.5221725201051165,1766819801915
6,0.5221725201051165,1766819802110
6,0.5221725201051165,1766819802267
6,0.5221725201051165,1766819802452
6,0.5221725201051165,1766819802693
6,0.5221725201051165,1766819802923
6,0.5221725201051165,1766819803113
6,0.5221725201051165,1766819803373
6,0.5221725201051165,1766819803591
6,0.5221725201051165,1766819803775
6,0.5221725201051165,1766819803981
6,0.5221725201051165,1766819804151
6,0.5221725201051165,1766819804368
6,0.5221725201051165,1766819804582
6,0.5221725201051165,1766819804808
6,0.5221725201051165,1766819805050
6,0.5221725201051165,1766819805281
6,0.5221725201051165,1766819805553
6,0.5221725201051165,1766819805741
6,0.5221725201051165,1766819805980
6,0.5221725201051165,1766819806199
6,0.5221725201051165,1766819806418
6,0.5221725201051165,1766819806632
6,0.5221725201051165,1766819806826
6,0.5221725201051165,1766819807075
6,0.5221725201051165,1766819807287
6,0.5221725201051165,1766819807471
6,0.5221725201051165,1766819807766
6,0.5221725201051165,1766819807986
6,0.5221725201051165,1766819808298
6,0.5221725201051165,1766819808483
6,0.5221725201051165,1766819808701
6,0.5221725201051165,1766819808926
6,0.5221725201051165,1766819809132
6,0.5221725201051165,1766819809349
6,0.5221725201051165,1766819809536
6,0.5221725201051165,1766819809781
6,0.5221725201051165,1766819810042
6,0.5221725201051165,1766819810255
6,0.5221725201051165,1766819810488
6,0.5221725201051165,1766819810721
6,0.5221725201051165,1766819810899
6,0.5221725201051165,1766819811105
6,0.5221725201051165,1766819811308
6,0.5221725201051165,1766819811519
6,0.5221725201051165,1766819811704
6,0.5221725201051165,1766819811943
6,0.5221725201051165,1766819812157
6,0.5221725201051165,1766819812344
6,0.5221725201051165,1766819812543
6,0.5221725201051165,1766819812748
6,0.5221725201051165,1766819812965
6,0.5221725201051165,1766819813173
6,0.5221725201051165,1766819813382
6,0.5221725201051165,1766819813615
6,0.5221725201051165,1766819813815
6,0.5221725201051165,1766819814022
6,0.5221725201051165,1766819814252
6,0.5221725201051165,1766819814485
6,0.5221725201051165,1766819814690
6,0.5221725201051165,1766819814866
6,0.5221725201051165,1766819815065
6,0.5221725201051165,1766819815275
6,0.5221725201051165,1766819815548
6,0.5221725201051165,1766819815737
6,0.5221725201051165,1766819815932
6,0.5221725201051165,1766819816145
6,0.5221725201051165,1766819816365
6,0.5221725201051165,1766819816637
6,0.5221725201051165,1766819816838
6,0.5221725201051165,1766819817079
6,0.5221725201051165,1766819817304
6,0.5221725201051165,1766819817510
6,0.5221725201051165,1766819817705
6,0.5221725201051165,1766819817905
6,0.5221725201051165,1766819818168
6,0.5221725201051165,1766819818389
6,0.5221725201051165,1766819818619
6,0.5221725201051165,1766819818809
6,0.5221725201051165,1766819818984
6,0.5221725201051165,1766819819206
6,0.5221725201051165,1766819819418
6,0.5221725201051165,1766819819658
6,0.5221725201051165,1766819819883
6,0.5221725201051165,1766819820089
6,0.5221725201051165,1766819820311
6,0.5221725201051165,1766819820506
6,0.5221725201051165,1766819820679
6,0.5221725201051165,1766819820877
6,0.5221725201051165,1766819821058
6,0.5221725201051165,1766819821254
6,0.5221725201051165,1766819821408
6,0.5221725201051165,1766819821606
6,0.5221725201051165,1766819821782
6,0.5221725201051165,1766819821996
6,0.5221725201051165,1766819822240
6,0.5221725201051165,1766819822511
6,0.5221725201051165,1766819822705
6,0.5221725201051165,1766819822910
6,0.5221725201051165,1766819823121
6,0.5221725201051165,1766819823376
6,0.5221725201051165,1766819823607
6,0.5221725201051165,1766819823838
6,0.5221725201051165,1766819824048
6,0.5221725201051165,1766819824238
6,0.5221725201051165,1766819824442
6,0.5221725201051165,1766819824672
6,0.5221725201051165,1766819824886
6,0.5221725201051165,1766819825087
6,0.5221725201051165,1766819825316
6,0.5221725201051165,1766819825538
6,0.5221725201051165,1766819825738
6,0.5221725201051165,1766819825983
6,0.5221725201051165,1766819826200
6,0.5221725201051165,1766819826450
6,0.5221725201051165,1766819826743
6,0.5221725201051165,1766819826977
6,0.5221725201051165,1766819827252
6,0.5221725201051165,1766819827444
6,0.5221725201051165,1766819827615
6,0.5221725201051165,1766819827814
6,0.5221725201051165,1766819827997
6,0.5221725201051165,1766819828179
6,0.5221725201051165,1766819828439
6,0.5221725201051165,1766819828695
6,0.5221725201051165,1766819828978
6,0.5221725201051165,1766819829197
6,0.5221725201051165,1766819829392
6,0.5221725201051165,1766819829587
6,0.5221725201051165,1766819829809
6,0.5221725201051165,1766819830016
6,0.5221725201051165,1766819830228
6,0.5221725201051165,1766819830487
6,0.5221725201051165,1766819830716
6,0.5221725201051165,1766819830901
6,0.5221725201051165,1766819831144
6,0.5221725201051165,1766819831350
6,0.5221725201051165,1766819831626
6,0.5221725201051165,1766819831806
6,0.5221725201051165,1766819831998
6,0.5221725201051165,1766819832189
6,0.5221725201051165,1766819832367
6,0.5221725201051165,1766819832583
6,0.5221725201051165,1766819832776
6,0.5221725201051165,1766819833036
6,0.5221725201051165,1766819833256
6,0.5221725201051165,1766819833448
6,0.5221725201051165,1766819833649
6,0.5221725201051165,1766819833836
6,0.5221725201051165,1766819834037
6,0.5221725201051165,1766819834205
6,0.5221725201051165,1766819834489
6,0.5221725201051165,1766819834677
6,0.5221725201051165,1766819834869
6,0.5221725201051165,1766819835063
6,0.5221725201051165,1766819835231
6,0.5221725201051165,1766819835477
6,0.5221725201051165,1766819835671
6,0.5221725201051165,1766819835961
6,0.5221725201051165,1766819836173
6,0.5221725201051165,1766819836355
6,0.5221725201051165,1766819836574
6,0.5221725201051165,1766819836777
6,0.5221725201051165,1766819836971
6,0.5221725201051165,1766819837183
6,0.5221725201051165,1766819837376
6,0.5221725201051165,1766819837642
6,0.5221725201051165,1766819837880
6,0.5221725201051165,1766819838061
6,0.5221725201051165,1766819838347
6,0.5221725201051165,1766819838540
6,0.5221725201051165,1766819838820
6,0.5221725201051165,1766819839049
6,0.5221725201051165,1766819839314
6,0.5221725201051165,1766819839494
6,0.5221725201051165,1766819839660
6,0.5221725201051165,1766819839854
6,0.5221725201051165,1766819840027
6,0.5221725201051165,1766819840212
6,0.5221725201051165,1766819840411
6,0.5221725201051165,1766819840591
6,0.5221725201051165,1766819840792
6,0.5221725201051165,1766819840992
6,0.5221725201051165,1766819841196
6,0.5221725201051165,1766819841404
6,0.5221725201051165,1766819841659
6,0.5221725201051165,1766819841949
6,0.5221725201051165,1766819842134
6,0.5221725201051165,1766819842330
6,0.5221725201051165,1766819842519
6,0.5221725201051165,1766819842751
6,0.5221725201051165,1766819842951
6,0.5221725201051165,1766819843143
6,0.5221725201051165,1766819843336
6,0.5221725201051165,1766819843622
6,0.5221725201051165,1766819843879
6,0.5221725201051165,1766819844065
6,0.5221725201051165,1766819844254
6,0.5221725201051165,1766819844450
6,0.5221725201051165,1766819844654
6,0.5221725201051165,1766819844877
6,0.5221725201051165,1766819845076
6,0.5221725201051165,1766819845304
6,0.5221725201051165,1766819845496
6,0.5221725201051165,1766819845694
6,0.5221725201051165,1766819845919
6,0.5221725201051165,1766819846157
6,0.5221725201051165,1766819846376
6,0.5221725201051165,1766819846596
6,0.5221725201051165,1766819846791
6,0.5221725201051165,1766819846990
6,0.5221725201051165,1766819847192
6,0.5221725201051165,1766819847406
6,0.5221725201051165,1766819847662
6,0.5221725201051165,1766819847889
6,0.5221725201051165,1766819848065
6,0.5221725201051165,1766819848295
6,0.5221725201051165,1766819848470
6,0.5221725201051165,1766819848668
6,0.5221725201051165,1766819848875
6,0.5221725201051165,1766819849068
6,0.5221725201051165,1766819849345
6,0.5221725201051165,1766819849575
6,0.5221725201051165,1766819849778
6,0.5221725201051165,1766819849979
6,0.5221725201051165,1766819850160
6,0.5221725201051165,1766819850384
6,0.5221725201051165,1766819850610
6,0.5221725201051165,1766819850828
6,0.5221725201051165,1766819851048
6,0.5221725201051165,1766819851248
6,0.5221725201051165,1766819851521
6,0.5221725201051165,1766819851736
6,0.5221725201051165,1766819851932
6,0.5221725201051165,1766819852138
6,0.5221725201051165,1766819852331
6,0.5221725201051165,1766819852547
6,0.5221725201051165,1766819852772
6,0.5221725201051165,1766819852978
6,0.5221725201051165,1766819853179
6,0.5221725201051165,1766819853370
6,0.5221725201051165,1766819853568
6,0.5221725201051165,1766819853768
6,0.5221725201051165,1766819854018
6,0.5221725201051165,1766819854216
6,0.5221725201051165,1766819854426
6,0.5221725201051165,1766819854672
6,0.5221725201051165,1766819854892
6,0.5221725201051165,1766819855085
6,0.5221725201051165,1766819855298
6,0.5221725201051165,1766819855544
6,0.5221725201051165,1766819855910
6,0.5221725201051165,1766819856122
6,0.5221725201051165,1766819856310
6,0.5221725201051165,1766819856516
6,0.5221725201051165,1766819856799
6,0.5221725201051165,1766819857008
6,0.5221725201051165,1766819857204
6,0.5221725201051165,1766819857420
6,0.5221725201051165,1766819857649
6,0.5221725201051165,1766819857845
6,0.5221725201051165,1766819858137
6,0.5221725201051165,1766819858472
6,0.5221725201051165,1766819858659
6,0.5221725201051165,1766819858900
6,0.5221725201051165,1766819859125
6,0.5221725201051165,1766819859397
6,0.5221725201051165,1766819859599
6,0.5221725201051165,1766819859828
6,0.5221725201051165,1766819860036
6,0.5221725201051165,1766819860279
6,0.5221725201051165,1766819860471
6,0.5221725201051165,1766819860671
6,0.5221725201051165,1766819860880
6,0.5221725201051165,1766819861058
6,0.5221725201051165,1766819861262
6,0.5221725201051165,1766819861481
6,0.5221725201051165,1766819861666
6,0.5221725201051165,1766819861857
6,0.5221725201051165,1766819862112
6,0.5221725201051165,1766819862335
6,0.5221725201051165,1766819862501
6,0.5221725201051165,1766819862700
6,0.5221725201051165,1766819862957
6,0.5221725201051165,1766819863160
6,0.5221725201051165,1766819863347
6,0.5221725201051165,1766819863523
6,0.5221725201051165,1766819863755
6,0.5221725201051165,1766819863948
6,0.5221725201051165,1766819864173
6,0.5221725201051165,1766819864397
6,0.5221725201051165,1766819864576
6,0.5221725201051165,1766819864785
6,0.5221725201051165,1766819864968
6,0.5221725201051165,1766819865137
6,0.5221725201051165,1766819865325
6,0.5221725201051165,1766819865519
6,0.5221725201051165,1766819865726
6,0.5221725201051165,1766819865933
6,0.5221725201051165,1766819866117
6,0.5221725201051165,1766819866321
6,0.5221725201051165,1766819866507
6,0.5221725201051165,1766819866738
6,0.5221725201051165,1766819866909
6,0.5221725201051165,1766819867234
6,0.5221725201051165,1766819867429
6,0.5221725201051165,1766819867634
6,0.5221725201051165,1766819867840
6,0.5221725201051165,1766819868005
6,0.5221725201051165,1766819868191
6,0.5221725201051165,1766819868388
6,0.5221725201051165,1766819868616
6,0.5221725201051165,1766819868837
6,0.5221725201051165,1766819869073
6,0.5221725201051165,1766819869311
6,0.5221725201051165,1766819869482
6,0.5221725201051165,1766819869694
6,0.5221725201051165,1766819869961
6,0.5221725201051165,1766819870155
6,0.5221725201051165,1766819870373
6,0.5221725201051165,1766819870628
6,0.5221725201051165,1766819870854
6,0.5221725201051165,1766819871130
6,0.5221725201051165,1766819871337
6,0.5221725201051165,1766819871590
6,0.5221725201051165,1766819871819
6,0.5221725201051165,1766819872015
6,0.5221725201051165,1766819872286
6,0.5221725201051165,1766819872565
6,0.5221725201051165,1766819872768
6,0.5221725201051165,1766819873013
6,0.5221725201051165,1766819873193
6,0.5221725201051165,1766819873421
6,0.5221725201051165,1766819873615
6,0.5221725201051165,1766819873854
6,0.5221725201051165,1766819874099
6,0.5221725201051165,1766819874341
6,0.5221725201051165,1766819874632
6,0.5221725201051165,1766819874816
6,0.5221725201051165,1766819874983
6,0.5221725201051165,1766819875194
6,0.5221725201051165,1766819875368
6,0.5221725201051165,1766819875562
6,0.5221725201051165,1766819875789
6,0.5221725201051165,1766819875974
6,0.5221725201051165,1766819876171
6,0.5221725201051165,1766819876369
6,0.5221725201051165,1766819876613
6,0.5221725201051165,1766819876808
6,0.5221725201051165,1766819877043
6,0.5221725201051165,1766819877226
6,0.5221725201051165,1766819877432
6,0.5221725201051165,1766819877616
6,0.5221725201051165,1766819877852
6,0.5221725201051165,1766819878098
6,0.5221725201051165,1766819878313
6,0.5221725201051165,1766819878516
6,0.5221725201051165,1766819878724
6,0.5221725201051165,1766819878898
6,0.5221725201051165,1766819879119
6,0.5221725201051165,1766819879317
6,0.5221725201051165,1766819879551
6,0.5221725201051165,1766819879740
6,0.5221725201051165,1766819879937
6,0.5221725201051165,1766819880148
6,0.5221725201051165,1766819880408
6,0.5221725201051165,1766819880624
6,0.5221725201051165,1766819880851
6,0.5221725201051165,1766819881055
6,0.5221725201051165,1766819881327
6,0.5221725201051165,1766819881536
6,0.5221725201051165,1766819881741
6,0.5221725201051165,1766819881962
6,0.5221725201051165,1766819882138
6,0.5221725201051165,1766819882345
6,0.5221725201051165,1766819882546
6,0.5221725201051165,1766819882797
6,0.5221725201051165,1766819883042
6,0.5221725201051165,1766819883246
6,0.5221725201051165,1766819883516
6,0.5221725201051165,1766819883721
6,0.5221725201051165,1766819883962
6,0.5221725201051165,1766819884200
6,0.5221725201051165,1766819884410
6,0.5221725201051165,1766819884624
6,0.5221725201051165,1766819884797
6,0.5221725201051165,1766819884994
6,0.5221725201051165,1766819885203
6,0.5221725201051165,1766819885399
6,0.5221725201051165,1766819885605
6,0.5221725201051165,1766819885841
6,0.5221725201051165,1766819886093
6,0.5221725201051165,1766819886347
6,0.5221725201051165,1766819886529
6,0.5221725201051165,1766819886737
6,0.5221725201051165,1766819886925
6,0.5221725201051165,1766819887137
6,0.5221725201051165,1766819887366
6,0.5221725201051165,1766819887637
6,0.5221725201051165,1766819887845
6,0.5221725201051165,1766819888026
6,0.5221725201051165,1766819888235
6,0.5221725201051165,1766819888398
6,0.5221725201051165,1766819888628
6,0.5221725201051165,1766819888854
6,0.5221725201051165,1766819889147
6,0.5221725201051165,1766819889400
6,0.5221725201051165,1766819889613
6,0.5221725201051165,1766819889814
6,0.5221725201051165,1766819890046
6,0.5221725201051165,1766819890258
6,0.5221725201051165,1766819890589
6,0.5221725201051165,1766819890790
6,0.5221725201051165,1766819890971
6,0.5221725201051165,1766819891153
6,0.5221725201051165,1766819891327
6,0.5221725201051165,1766819891585
6,0.5221725201051165,1766819891786
6,0.5221725201051165,1766819892021
6,0.5221725201051165,1766819892235
6,0.5221725201051165,1766819892464
6,0.5221725201051165,1766819892674
6,0.5221725201051165,1766819892861
6,0.5221725201051165,1766819893033
6,0.5221725201051165,1766819893233
6,0.5221725201051165,1766819893484
6,0.5221725201051165,1766819893744
6,0.5221725201051165,1766819893951
6,0.5221725201051165,1766819894169
6,0.5221725201051165,1766819894359
6,0.5221725201051165,1766819894583
6,0.5221725201051165,1766819894865
6,0.5221725201051165,1766819895086
6,0.5221725201051165,1766819895344
6,0.5221725201051165,1766819895609
6,0.5221725201051165,1766819895813
6,0.5221725201051165,1766819896007
6,0.5221725201051165,1766819896218
6,0.5221725201051165,1766819896411
6,0.5221725201051165,1766819896612
6,0.5221725201051165,1766819896819
6,0.5221725201051165,1766819897144
6,0.5221725201051165,1766819897336
6,0.5221725201051165,1766819897540
6,0.5221725201051165,1766819897721
6,0.5221725201051165,1766819897909
6,0.5221725201051165,1766819898075
6,0.5221725201051165,1766819898295
6,0.5221725201051165,1766819898490
6,0.5221725201051165,1766819898691
6,0.5221725201051165,1766819898911
6,0.5221725201051165,1766819899141
6,0.5221725201051165,1766819899346
6,0.5221725201051165,1766819899536
6,0.5221725201051165,1766819899742
6,0.5221725201051165,1766819899951
6,0.5221725201051165,1766819900167
6,0.5221725201051165,1766819900352
6,0.5221725201051165,1766819900598
6,0.5221725201051165,1766819900821
6,0.5221725201051165,1766819901065
6,0.5221725201051165,1766819901332
6,0.5221725201051165,1766819901540
6,0.5221725201051165,1766819901761
6,0.5221725201051165,1766819901952
6,0.5221725201051165,1766819902155
6,0.5221725201051165,1766819902351
6,0.5221725201051165,1766819902536
6,0.5221725201051165,1766819902771
6,0.5221725201051165,1766819903060
6,0.5221725201051165,1766819903317
6,0.5221725201051165,1766819903563
6,0.5221725201051165,1766819903840
6,0.5221725201051165,1766819904092
6,0.5221725201051165,1766819904269
6,0.5221725201051165,1766819904445
6,0.5221725201051165,1766819904644
6,0.5221725201051165,1766819904856
6,0.5221725201051165,1766819905056
6,0.5221725201051165,1766819905265
6,0.5221725201051165,1766819905457
6,0.5221725201051165,1766819905661
6,0.5221725201051165,1766819905966
6,0.5221725201051165,1766819906157
6,0.5221725201051165,1766819906356
6,0.5221725201051165,1766819906538
6,0.5221725201051165,1766819906777
6,0.5221725201051165,1766819906961
6,0.5221725201051165,1766819907169
6,0.5221725201051165,1766819907342
6,0.5221725201051165,1766819907530
6,0.5221725201051165,1766819907731
6,0.5221725201051165,1766819907991
6,0.5221725201051165,1766819908213
6,0.5221725201051165,1766819908390
6,0.5221725201051165,1766819908593
6,0.5221725201051165,1766819908762
6,0.5221725201051165,1766819908984
6,0.5221725201051165,1766819909306
6,0.5221725201051165,1766819909486
6,0.5221725201051165,1766819909692
6,0.5221725201051165,1766819909909
6,0.5221725201051165,1766819910196
6,0.5221725201051165,1766819910398
6,0.5221725201051165,1766819910557
6,0.5221725201051165,1766819910753
6,0.5221725201051165,1766819910971
6,0.5221725201051165,1766819911191
6,0.5221725201051165,1766819911444
6,0.5221725201051165,1766819911673
6,0.5221725201051165,1766819911856
6,0.5221725201051165,1766819912067
6,0.5221725201051165,1766819912254
6,0.5221725201051165,1766819912453
6,0.5221725201051165,1766819912718
6,0.5221725201051165,1766819912896
6,0.5221725201051165,1766819913120
6,0.5221725201051165,1766819913300
6,0.5221725201051165,1766819913486
6,0.5221725201051165,1766819913700
6,0.5221725201051165,1766819913901
6,0.5221725201051165,1766819914163
6,0.5221725201051165,1766819914417
6,0.5221725201051165,1766819914605
6,0.5221725201051165,1766819914819
6,0.5221725201051165,1766819914997
6,0.5221725201051165,1766819915219
6,0.5221725201051165,1766819915431
6,0.5221725201051165,1766819915623
6,0.5221725201051165,1766819915842
6,0.5221725201051165,1766819916062
6,0.5221725201051165,1766819916316
6,0.5221725201051165,1766819916516
6,0.5221725201051165,1766819916736
6,0.5221725201051165,1766819916947
6,0.5221725201051165,1766819917154
6,0.5221725201051165,1766819917351
6,0.5221725201051165,1766819917538
6,0.5221725201051165,1766819917757
6,0.5221725201051165,1766819917995
6,0.5221725201051165,1766819918263
6,0.5221725201051165,1766819918489
6,0.5221725201051165,1766819918685
6,0.5221725201051165,1766819918930
6,0.5221725201051165,1766819919132
6,0.5221725201051165,1766819919318
6,0.5221725201051165,1766819919510
6,0.5221725201051165,1766819919695
6,0.5221725201051165,1766819919936
6,0.5221725201051165,1766819920133
6,0.5221725201051165,1766819920391
6,0.5221725201051165,1766819920644
6,0.5221725201051165,1766819920874
6,0.5221725201051165,1766819921080
6,0.5221725201051165,1766819921264
6,0.5221725201051165,1766819921531
6,0.5221725201051165,1766819921723
6,0.5221725201051165,1766819921923
6,0.5221725201051165,1766819922113
6,0.5221725201051165,1766819922285
6,0.5221725201051165,1766819922523
6,0.5221725201051165,1766819922712
6,0.5221725201051165,1766819922907
6,0.5221725201051165,1766819923156
6,0.5221725201051165,1766819923401
6,0.5221725201051165,1766819923605
6,0.5221725201051165,1766819923825
6,0.5221725201051165,1766819924031
6,0.5221725201051165,1766819924247
6,0.5221725201051165,1766819924563
6,0.5221725201051165,1766819924734
6,0.5221725201051165,1766819924928
6,0.5221725201051165,1766819925104
6,0.5221725201051165,1766819925302
6,0.5221725201051165,1766819925521
6,0.5221725201051165,1766819925686
6,0.5221725201051165,1766819925864
6,0.5221725201051165,1766819926090
6,0.5221725201051165,1766819926302
6,0.5221725201051165,1766819926515
6,0.5221725201051165,1766819926701
6,0.5221725201051165,1766819926965
6,0.5221725201051165,1766819927237
6,0.5221725201051165,1766819927463
6,0.5221725201051165,1766819927676
6,0.5221725201051165,1766819927922
6,0.5221725201051165,1766819928177
6,0.5221725201051165,1766819928377
6,0.5221725201051165,1766819928587
6,0.5221725201051165,1766819928764
6,0.5221725201051165,1766819928929
6,0.5221725201051165,1766819929150
6,0.5221725201051165,1766819929338
6,0.5221725201051165,1766819929556
6,0.5221725201051165,1766819929751
6,0.5221725201051165,1766819929932
6,0.5221725201051165,1766819930130
6,0.5221725201051165,1766819930326
6,0.5221725201051165,1766819930508
6,0.5221725201051165,1766819930717
6,0.5221725201051165,1766819931020
6,0.5221725201051165,1766819931211
6,0.5221725201051165,1766819931402
6,0.5221725201051165,1766819931569
6,0.5221725201051165,1766819931792
6,0.5221725201051165,1766819932003
6,0.5221725201051165,1766819932184
6,0.5221725201051165,1766819932361
6,0.5221725201051165,1766819932550
6,0.5221725201051165,1766819932786
6,0.5221725201051165,1766819933001
6,0.5221725201051165,1766819933207
6,0.5221725201051165,1766819933386
6,0.5221725201051165,1766819933591
6,0.5221725201051165,1766819933778
6,0.5221725201051165,1766819934000
6,0.5221725201051165,1766819934239
6,0.5221725201051165,1766819934572
6,0.5221725201051165,1766819934825
6,0.5221725201051165,1766819935023
6,0.5221725201051165,1766819935253
6,0.5221725201051165,1766819935433
6,0.5221725201051165,1766819935651
6,0.5221725201051165,1766819935846
6,0.5221725201051165,1766819936023
6,0.5221725201051165,1766819936232
6,0.5221725201051165,1766819936452
6,0.5221725201051165,1766819936703
6,0.5221725201051165,1766819936953
6,0.5221725201051165,1766819937205
6,0.5221725201051165,1766819937437
6,0.5221725201051165,1766819937593
6,0.5221725201051165,1766819937799
6,0.5221725201051165,1766819938000
6,0.5221725201051165,1766819938178
6,0.5221725201051165,1766819938358
6,0.5221725201051165,1766819938601
6,0.5221725201051165,1766819938875
6,0.5221725201051165,1766819939112
6,0.5221725201051165,1766819939304
6,0.5221725201051165,1766819939543
6,0.5221725201051165,1766819939730
6,0.5221725201051165,1766819939941
6,0.5221725201051165,1766819940151
6,0.5221725201051165,1766819940382
6,0.5221725201051165,1766819940593
6,0.5221725201051165,1766819940757
6,0.5221725201051165,1766819940936
6,0.5221725201051165,1766819941107
6,0.5221725201051165,1766819941297
6,0.5221725201051165,1766819941488
6,0.5221725201051165,1766819941726
6,0.5221725201051165,1766819941977
6,0.5221725201051165,1766819942205
6,0.5221725201051165,1766819942514
6,0.5221725201051165,1766819942759
6,0.5221725201051165,1766819942990
6,0.5221725201051165,1766819943193
6,0.5221725201051165,1766819943419
6,0.5221725201051165,1766819943597
6,0.5221725201051165,1766819943792
6,0.5221725201051165,1766819943959
6,0.5221725201051165,1766819944150
6,0.5221725201051165,1766819944382
6,0.5221725201051165,1766819944663
6,0.5221725201051165,1766819944900
6,0.5221725201051165,1766819945102
6,0.5221725201051165,1766819945295
6,0.5221725201051165,1766819945727
6,0.5221725201051165,1766819945929
6,0.5221725201051165,1766819946127
6,0.5221725201051165,1766819946317
6,0.5221725201051165,1766819946514
6,0.5221725201051165,1766819946821
6,0.5221725201051165,1766819947032
6,0.5221725201051165,1766819947194
6,0.5221725201051165,1766819947377
6,0.5221725201051165,1766819947557
6,0.5221725201051165,1766819947767
6,0.5221725201051165,1766819947964
6,0.5221725201051165,1766819948155
6,0.5221725201051165,1766819948337
6,0.5221725201051165,1766819948555
6,0.5221725201051165,1766819948784
6,0.5221725201051165,1766819948987
6,0.5221725201051165,1766819949165
6,0.5221725201051165,1766819949370
6,0.5221725201051165,1766819949581
6,0.5221725201051165,1766819949798
6,0.5221725201051165,1766819950037
6,0.5221725201051165,1766819950261
6,0.5221725201051165,1766819950455
6,0.5221725201051165,1766819950662
6,0.5221725201051165,1766819950878
6,0.5221725201051165,1766819951065
6,0.5221725201051165,1766819951258
6,0.5221725201051165,1766819951472
6,0.5221725201051165,1766819951696
6,0.5221725201051165,1766819951880
6,0.5221725201051165,1766819952086
6,0.5221725201051165,1766819952377
6,0.5221725201051165,1766819952565
6,0.5221725201051165,1766819952760
6,0.5221725201051165,1766819952969
6,0.5221725201051165,1766819953178
6,0.5221725201051165,1766819953467
6,0.5221725201051165,1766819953657
6,0.5221725201051165,1766819953854
6,0.5221725201051165,1766819954025
6,0.5221725201051165,1766819954255
6,0.5221725201051165,1766819954437
6,0.5221725201051165,1766819954632
6,0.5221725201051165,1766819954812
6,0.5221725201051165,1766819955053
6,0.5221725201051165,1766819955246
6,0.5221725201051165,1766819955434
6,0.5221725201051165,1766819955693
6,0.5221725201051165,1766819955902
6,0.5221725201051165,1766819956122
6,0.5221725201051165,1766819956334
6,0.5221725201051165,1766819956537
6,0.5221725201051165,1766819956895
6,0.5221725201051165,1766819957083
6,0.433676366989615,1766819957264
