Loss,Context.TRAINING,None
0,2.386586904525757,1766818555180
0,12.13288688659668,1766818555896
0,12.184873580932617,1766818556048
0,16.993127822875977,1766818556196
0,10.881567001342773,1766818556345
0,8.32014274597168,1766818556512
0,4.933610916137695,1766818556668
0,3.4921388626098633,1766818556825
0,3.90472412109375,1766818556978
0,2.6016602516174316,1766818557147
0,2.998413324356079,1766818557313
0,2.844244956970215,1766818557467
0,2.5288350582122803,1766818557647
0,2.4551661014556885,1766818557811
0,2.2974462509155273,1766818557968
0,2.2525060176849365,1766818558116
0,2.0946083068847656,1766818558269
0,2.2279672622680664,1766818558416
0,2.3986587524414062,1766818558572
0,2.1900296211242676,1766818558730
0,2.1832518577575684,1766818558876
0,2.095674991607666,1766818559038
0,2.197805881500244,1766818559193
0,2.1112847328186035,1766818559353
0,2.2222933769226074,1766818559505
0,1.8846068382263184,1766818559662
0,1.9850564002990723,1766818559812
0,1.85331392288208,1766818559971
0,1.8909651041030884,1766818560123
0,2.0188026428222656,1766818560277
0,1.8648686408996582,1766818560424
0,1.8384705781936646,1766818560571
0,1.673750400543213,1766818560744
0,1.8294702768325806,1766818560894
0,1.789595127105713,1766818561054
0,1.6380023956298828,1766818561221
0,1.7695707082748413,1766818561363
0,1.7531919479370117,1766818561523
0,1.7256354093551636,1766818561687
0,1.538635015487671,1766818561846
0,1.5862443447113037,1766818561995
0,1.3722608089447021,1766818562193
0,1.4807052612304688,1766818562345
0,1.3644993305206299,1766818562494
0,1.3633815050125122,1766818562640
0,1.571111798286438,1766818562799
0,1.2666122913360596,1766818562954
0,1.2513028383255005,1766818563114
0,1.5450191497802734,1766818563263
0,1.15473210811615,1766818563421
0,1.099005103111267,1766818563581
0,1.0219500064849854,1766818563728
0,1.201341986656189,1766818563889
0,1.167978048324585,1766818564042
0,0.8955466747283936,1766818564205
0,1.1925818920135498,1766818564370
0,0.9039323329925537,1766818564523
0,0.8374080657958984,1766818564686
0,1.282942771911621,1766818564839
0,1.0620958805084229,1766818564995
0,0.8907932043075562,1766818565164
0,1.28764808177948,1766818565329
0,0.9589968919754028,1766818565490
0,1.1666606664657593,1766818565652
0,1.1961443424224854,1766818565831
0,0.7637326717376709,1766818565986
0,0.9047039747238159,1766818566146
0,0.7430933117866516,1766818566310
0,0.9668349027633667,1766818566475
0,1.0296430587768555,1766818566628
0,0.9717037081718445,1766818566966
0,1.016244888305664,1766818567136
0,0.5736223459243774,1766818567293
0,0.7445425987243652,1766818567460
0,1.1438897848129272,1766818567625
0,0.6862411499023438,1766818567785
0,0.9475645422935486,1766818567934
0,0.8141826391220093,1766818568092
0,0.7065865993499756,1766818568245
0,0.825029730796814,1766818568478
0,0.6608593463897705,1766818568658
0,0.7075484991073608,1766818568820
0,0.9196666479110718,1766818568978
0,0.7088257074356079,1766818569130
0,0.6007153987884521,1766818569317
0,0.7819153070449829,1766818569473
0,0.7145229578018188,1766818569626
0,0.7452973127365112,1766818569781
0,0.5577573180198669,1766818569943
0,0.7891978025436401,1766818570084
0,0.6460962891578674,1766818570233
0,0.6115342378616333,1766818570385
0,0.2644149363040924,1766818570541
0,0.728177547454834,1766818570698
0,0.5510384440422058,1766818570863
0,0.42095163464546204,1766818571012
0,0.524495005607605,1766818571194
0,0.5854181051254272,1766818571344
0,0.7374545335769653,1766818571505
0,0.5319675803184509,1766818571672
0,0.5532411336898804,1766818571819
0,0.5966006517410278,1766818571976
0,0.5657938718795776,1766818572153
0,0.4328082203865051,1766818572312
0,0.760879635810852,1766818572462
0,0.5252345204353333,1766818572619
0,0.6598871946334839,1766818572764
0,0.4192907512187958,1766818572917
0,0.8743522763252258,1766818573081
0,0.6502959728240967,1766818573243
0,0.5010101199150085,1766818573412
0,0.5284802913665771,1766818573579
0,0.3737800717353821,1766818573738
0,0.6861552000045776,1766818573893
0,0.499423086643219,1766818574048
0,0.5049524903297424,1766818574263
0,0.3696441054344177,1766818574426
0,0.5739792585372925,1766818574585
0,0.4128987193107605,1766818574747
0,0.6375192999839783,1766818574910
0,0.5070401430130005,1766818575056
0,0.4303812086582184,1766818575210
0,0.39547473192214966,1766818575369
0,0.4225374460220337,1766818575518
0,0.6514078974723816,1766818575670
0,0.3186843693256378,1766818575829
0,0.41233187913894653,1766818575989
0,0.4222528636455536,1766818576138
0,0.6031811833381653,1766818576294
0,0.301498681306839,1766818576439
0,0.4978851079940796,1766818576602
0,0.638839840888977,1766818576756
0,0.38944923877716064,1766818576970
0,0.540423572063446,1766818577129
0,0.35114309191703796,1766818577291
0,0.3386074900627136,1766818577449
0,0.3363061547279358,1766818577598
0,0.3387101888656616,1766818577765
0,0.2670555114746094,1766818577918
0,0.20606745779514313,1766818578074
0,0.41834014654159546,1766818578240
0,0.29167357087135315,1766818578397
0,0.4456424117088318,1766818578556
0,0.36610543727874756,1766818578700
0,0.4330899715423584,1766818578844
0,0.3902451992034912,1766818578991
0,0.44474413990974426,1766818579139
0,0.3776860535144806,1766818579282
0,0.3715108335018158,1766818579444
0,0.4407327175140381,1766818579594
0,0.27636027336120605,1766818579750
0,0.29750367999076843,1766818579894
0,0.407624214887619,1766818580060
0,0.5320305824279785,1766818580216
0,0.533004105091095,1766818580366
0,0.507921040058136,1766818580516
0,0.3926284909248352,1766818580664
0,0.297916978597641,1766818580815
0,0.49561017751693726,1766818580969
0,0.16932007670402527,1766818581156
0,0.227195605635643,1766818581308
0,0.24820750951766968,1766818581455
0,0.2559930086135864,1766818581620
0,0.5944340825080872,1766818581774
0,0.16875696182250977,1766818581935
0,0.3772614598274231,1766818582090
0,0.5622050762176514,1766818582238
0,0.6195337772369385,1766818582402
0,0.5438995361328125,1766818582555
0,0.19057880342006683,1766818582713
0,0.4444434642791748,1766818582874
0,0.281715452671051,1766818583030
0,0.38823050260543823,1766818583211
0,0.2936666011810303,1766818583373
0,0.3659310042858124,1766818583534
0,0.4472726881504059,1766818583705
0,0.17668935656547546,1766818583850
0,0.3525182604789734,1766818584052
0,0.18443194031715393,1766818584211
0,0.47402817010879517,1766818584362
0,0.34037426114082336,1766818584516
0,0.12407012283802032,1766818584675
0,0.3671548366546631,1766818584829
0,0.5937299728393555,1766818584980
0,0.48129749298095703,1766818585134
0,0.35903504490852356,1766818585287
0,0.32424986362457275,1766818585441
0,0.31248554587364197,1766818585618
0,0.3428092300891876,1766818585773
0,0.3197476267814636,1766818585923
0,0.5144015550613403,1766818586072
0,0.18332715332508087,1766818586237
0,0.38988953828811646,1766818586391
0,0.5512610673904419,1766818586563
0,0.31257885694503784,1766818586729
0,0.2876265048980713,1766818586878
0,0.3611147403717041,1766818587023
0,0.2967984080314636,1766818587182
0,0.3271790146827698,1766818587346
0,0.5107120275497437,1766818587505
0,0.20526324212551117,1766818587669
0,0.3203522562980652,1766818587825
0,0.35040169954299927,1766818588003
0,0.2753255367279053,1766818588166
0,0.3313533067703247,1766818588324
0,0.4774499833583832,1766818588472
0,0.28892627358436584,1766818588641
0,0.2698709964752197,1766818588799
0,0.4785229563713074,1766818588984
0,0.1629278063774109,1766818589133
0,0.21730759739875793,1766818589278
0,0.34851303696632385,1766818589428
0,0.22570689022541046,1766818589577
0,0.4032723307609558,1766818589720
0,0.7639574408531189,1766818589866
0,0.14884543418884277,1766818590028
0,0.32961001992225647,1766818590180
0,0.29049283266067505,1766818590331
0,0.37058794498443604,1766818590504
0,0.5926764011383057,1766818590658
0,0.4082174301147461,1766818590820
0,0.5183670520782471,1766818590965
0,0.33352214097976685,1766818591110
0,0.4646538496017456,1766818591265
0,0.25988006591796875,1766818591412
0,0.42521512508392334,1766818591588
0,0.5394089818000793,1766818591731
0,0.539810299873352,1766818591880
0,0.4787013530731201,1766818592037
0,0.2669680118560791,1766818592195
0,0.30919596552848816,1766818592344
0,0.37771740555763245,1766818592512
0,0.24105538427829742,1766818592670
0,0.11223739385604858,1766818592829
0,0.2681187093257904,1766818592985
0,0.1882273256778717,1766818593139
0,0.15798017382621765,1766818593290
0,0.28693723678588867,1766818593449
0,0.16704922914505005,1766818593605
0,0.19793172180652618,1766818593761
0,0.09860259294509888,1766818593920
0,0.20697352290153503,1766818594075
0,0.5663512945175171,1766818594228
0,0.32073330879211426,1766818594383
0,0.31873130798339844,1766818594533
0,0.4042087197303772,1766818594691
0,0.311689168214798,1766818594852
0,0.32278314232826233,1766818595005
0,0.29084229469299316,1766818595161
0,0.36994966864585876,1766818595313
0,0.3196999430656433,1766818595466
0,0.2736269533634186,1766818595611
0,0.33790916204452515,1766818595767
0,0.3100210726261139,1766818595928
0,0.2548677325248718,1766818596097
0,0.32573074102401733,1766818596258
0,0.49156081676483154,1766818596417
0,0.6510461568832397,1766818596583
0,0.2850671410560608,1766818596728
0,0.235426127910614,1766818596887
0,0.2666664719581604,1766818597037
0,0.3144998550415039,1766818597194
0,0.3619697093963623,1766818597351
0,0.3936064839363098,1766818597683
0,0.3297398090362549,1766818597831
0,0.5142966508865356,1766818597983
0,0.15340730547904968,1766818598148
0,0.24394536018371582,1766818598298
0,0.3696547746658325,1766818598469
0,0.284751832485199,1766818598624
0,0.35654646158218384,1766818598791
0,0.5160456299781799,1766818598943
0,0.28220850229263306,1766818599135
0,0.2799275517463684,1766818599332
0,0.21437115967273712,1766818599526
0,0.29848340153694153,1766818599669
0,0.2637089788913727,1766818599851
0,0.5178723335266113,1766818600001
0,0.1041298434138298,1766818600158
0,0.30558130145072937,1766818600316
0,0.20369617640972137,1766818600465
0,0.7243056297302246,1766818600641
0,0.3078690469264984,1766818600805
0,0.15341809391975403,1766818600952
0,0.15550696849822998,1766818601111
0,0.2727320194244385,1766818601269
0,0.2638203799724579,1766818601420
0,0.4582287669181824,1766818601569
0,0.2653115391731262,1766818601727
0,0.22110803425312042,1766818601872
0,0.15862193703651428,1766818602027
0,0.22986957430839539,1766818602192
0,0.18395587801933289,1766818602358
0,0.42010533809661865,1766818602549
0,0.5008194446563721,1766818602693
0,0.3451714515686035,1766818602849
0,0.16866624355316162,1766818602994
0,0.10848022997379303,1766818603155
0,0.1629316359758377,1766818603324
0,0.1937127709388733,1766818603483
0,0.570446252822876,1766818603669
0,0.4374440610408783,1766818603875
0,0.3633674383163452,1766818604033
0,0.12655353546142578,1766818604178
0,0.171484112739563,1766818604333
0,0.3764277994632721,1766818604490
0,0.06020153686404228,1766818604645
0,0.256843626499176,1766818604810
0,0.09082990884780884,1766818604963
0,0.08636742830276489,1766818605124
0,0.19026082754135132,1766818605271
0,0.3039911985397339,1766818605427
0,0.3095121383666992,1766818605578
0,0.6589308381080627,1766818605736
0,0.11668001860380173,1766818605890
0,0.30361083149909973,1766818606047
0,0.29334211349487305,1766818606196
0,0.3408593535423279,1766818606351
0,0.09918688237667084,1766818606508
0,0.2684410810470581,1766818606678
0,0.1062152162194252,1766818606834
0,0.3487929701805115,1766818606987
0,0.4381541609764099,1766818607135
0,0.4769636392593384,1766818607281
0,0.36929741501808167,1766818607431
0,0.13176825642585754,1766818607586
0,0.30230769515037537,1766818607742
0,0.23379792273044586,1766818607901
0,0.5350697040557861,1766818608068
0,0.45137688517570496,1766818608224
0,0.1335899531841278,1766818608370
0,0.2308027446269989,1766818608533
0,0.19196872413158417,1766818608677
0,0.3378869295120239,1766818608839
0,0.3753294050693512,1766818608995
0,0.2274865061044693,1766818609157
0,0.3330534100532532,1766818609308
0,0.3215087950229645,1766818609464
0,0.5306054949760437,1766818609613
0,0.18785637617111206,1766818609767
0,0.25507423281669617,1766818609920
0,0.21771490573883057,1766818610088
0,0.47177308797836304,1766818610237
0,0.23918119072914124,1766818610394
0,0.17751237750053406,1766818610548
0,0.07203420996665955,1766818610696
0,0.2547604739665985,1766818610850
0,0.07768535614013672,1766818611007
0,0.12413221597671509,1766818611151
0,0.1270291805267334,1766818611298
0,0.21842464804649353,1766818611453
0,0.036580488085746765,1766818611607
0,0.21395741403102875,1766818611754
0,0.30098575353622437,1766818611939
0,0.6038973927497864,1766818612096
0,0.13062304258346558,1766818612257
0,0.4343799948692322,1766818612423
0,0.14225345849990845,1766818612592
0,0.24270686507225037,1766818612925
0,0.32670024037361145,1766818613075
0,0.1675974577665329,1766818613228
0,0.21512985229492188,1766818613389
0,0.35736027359962463,1766818613534
0,0.09553516656160355,1766818613700
0,0.17276208102703094,1766818613889
0,0.3467157483100891,1766818614061
0,0.3868545591831207,1766818614256
0,0.043783847242593765,1766818614437
0,0.11542575806379318,1766818614658
0,0.2565465569496155,1766818614814
0,0.15442639589309692,1766818614991
0,0.3367554545402527,1766818615158
0,0.07849355787038803,1766818615341
0,0.35373109579086304,1766818615505
0,0.2365644872188568,1766818615677
0,0.17633727192878723,1766818615852
0,0.4358530342578888,1766818616018
0,0.18058890104293823,1766818616226
0,0.07210120558738708,1766818616402
0,0.3721497058868408,1766818616582
0,0.18048211932182312,1766818616868
0,0.2804122567176819,1766818617024
0,0.2218494415283203,1766818617213
0,0.2010643482208252,1766818617371
0,0.10313326120376587,1766818617537
0,0.28066515922546387,1766818617747
0,0.13589170575141907,1766818617931
0,0.19802194833755493,1766818618124
0,0.4201485812664032,1766818618294
0,0.09006337821483612,1766818618490
0,0.1325526237487793,1766818618681
0,0.24684461951255798,1766818618855
0,0.1450043022632599,1766818619040
0,0.20000094175338745,1766818619221
0,0.2489509880542755,1766818619417
0,0.17230287194252014,1766818619589
0,0.6891977787017822,1766818619776
0,0.19398930668830872,1766818619945
0,0.253048300743103,1766818620119
0,0.2091747373342514,1766818620306
0,0.30565154552459717,1766818620470
0,0.10298290848731995,1766818620637
0,0.051486529409885406,1766818620812
0,0.12255050987005234,1766818621018
0,0.17967438697814941,1766818621208
0,0.09783434122800827,1766818621395
0,0.17401349544525146,1766818621581
0,0.18153876066207886,1766818621774
0,0.2891884446144104,1766818621938
0,0.30314818024635315,1766818622124
0,0.2358858287334442,1766818622303
0,0.27288520336151123,1766818622531
0,0.1911914348602295,1766818622716
0,0.027209747582674026,1766818622887
0,0.2897346615791321,1766818623100
0,0.1754482239484787,1766818623273
0,0.14545604586601257,1766818623467
0,0.39189383387565613,1766818623661
0,0.23408153653144836,1766818623830
0,0.6045292615890503,1766818624015
0,0.1404944211244583,1766818624179
0,0.7802490592002869,1766818624364
0,0.22504694759845734,1766818624525
0,0.047152452170848846,1766818624698
0,0.1998029202222824,1766818624855
0,0.09477207064628601,1766818625068
0,0.4581988453865051,1766818625233
0,0.39497455954551697,1766818625433
0,0.36135050654411316,1766818625632
0,0.289174884557724,1766818625794
0,0.30944395065307617,1766818625969
0,0.10947095602750778,1766818626140
0,0.2133375108242035,1766818626319
0,0.15008269250392914,1766818626491
0,0.17311111092567444,1766818626700
0,0.2305726855993271,1766818626884
0,0.2549212872982025,1766818627062
0,0.19114631414413452,1766818627251
0,0.17915070056915283,1766818627439
0,0.18174734711647034,1766818627634
0,0.08322002738714218,1766818627797
0,0.1730899065732956,1766818628006
0,0.1566525399684906,1766818628166
0,0.3170260190963745,1766818628347
0,0.235838383436203,1766818628530
0,0.1732330024242401,1766818628707
0,0.14205124974250793,1766818628907
0,0.2633974552154541,1766818629079
0,0.14009398221969604,1766818629288
0,0.32113832235336304,1766818629466
0,0.3193678855895996,1766818629655
0,0.3058789074420929,1766818629844
0,0.14194926619529724,1766818630010
0,0.33921748399734497,1766818630178
0,0.3585957884788513,1766818630390
0,0.16343757510185242,1766818630580
0,0.22890755534172058,1766818630759
0,0.18073861300945282,1766818630965
0,0.17594264447689056,1766818631130
0,0.16742460429668427,1766818631314
0,0.1776709258556366,1766818631492
0,0.2291809618473053,1766818631670
0,0.4878664016723633,1766818631836
0,0.15928611159324646,1766818632065
0,0.38546913862228394,1766818632286
0,0.11556696146726608,1766818632459
0,0.18623462319374084,1766818632622
0,0.31133413314819336,1766818632791
0,0.19391371309757233,1766818632987
0,0.19965863227844238,1766818633163
0,0.25450006127357483,1766818633338
0,0.15005749464035034,1766818633520
0,0.3396126627922058,1766818633737
0,0.2915973961353302,1766818633921
0,0.356374591588974,1766818634104
0,0.18155549466609955,1766818634301
0,0.40451812744140625,1766818634490
0,0.14350220561027527,1766818634671
0,0.1894162893295288,1766818634861
0,0.2139848917722702,1766818635033
0,0.39053279161453247,1766818635216
0,0.2363092303276062,1766818635412
0,0.09229178726673126,1766818635592
0,0.32411259412765503,1766818635780
0,0.1389516294002533,1766818635968
0,0.43772587180137634,1766818636142
0,0.14223507046699524,1766818636321
0,0.2469732165336609,1766818636504
0,0.11286257207393646,1766818636680
0,0.20642170310020447,1766818636863
0,0.12351620197296143,1766818637042
0,0.1506473422050476,1766818637222
0,0.18755486607551575,1766818637396
0,0.3620999753475189,1766818637570
0,0.18961599469184875,1766818637728
0,0.1786544770002365,1766818637940
0,0.20352426171302795,1766818638138
0,0.1792849749326706,1766818638313
0,0.2671782374382019,1766818638480
0,0.2438085973262787,1766818638749
0,0.2674639821052551,1766818638928
0,0.309137225151062,1766818639100
0,0.14600439369678497,1766818639289
0,0.16718658804893494,1766818639452
0,0.20703813433647156,1766818639637
0,0.21171322464942932,1766818639800
0,0.34659022092819214,1766818639987
0,0.229454904794693,1766818640195
0,0.4326181411743164,1766818640387
0,0.05426613241434097,1766818640594
0,0.4178197383880615,1766818640767
0,0.16076967120170593,1766818640943
0,0.5329757332801819,1766818641123
0,0.28820914030075073,1766818641305
0,0.3956180810928345,1766818641487
0,0.32696422934532166,1766818641662
0,0.0830974206328392,1766818641846
0,0.2770143151283264,1766818642042
0,0.15831653773784637,1766818642229
0,0.2928749918937683,1766818642417
0,0.15773311257362366,1766818642610
0,0.49995139241218567,1766818642803
0,0.2700597643852234,1766818643024
0,0.07228091359138489,1766818643208
0,0.0897560566663742,1766818643396
0,0.18390387296676636,1766818643594
0,0.05806799232959747,1766818643773
0,0.0390952043235302,1766818643955
0,0.1117405891418457,1766818644150
0,0.486459344625473,1766818644319
0,0.24476628005504608,1766818644501
0,0.13888922333717346,1766818644701
0,0.25414133071899414,1766818644883
0,0.33848893642425537,1766818645071
0,0.28144124150276184,1766818645304
0,0.27198338508605957,1766818645481
0,0.03585194796323776,1766818645659
0,0.1626061201095581,1766818645853
0,0.13664510846138,1766818646046
0,0.12112248688936234,1766818646231
0,0.3637005090713501,1766818646426
0,0.11843569576740265,1766818646596
0,0.43032288551330566,1766818646758
0,0.23866957426071167,1766818647000
0,0.2016625702381134,1766818647191
0,0.09168756753206253,1766818647376
0,0.18232816457748413,1766818647572
0,0.11140794306993484,1766818647744
0,0.2622213363647461,1766818647941
0,0.060618482530117035,1766818648115
0,0.3338829576969147,1766818648306
0,0.5997818112373352,1766818648488
0,0.08777926117181778,1766818648685
0,0.28204816579818726,1766818648873
0,0.11668821424245834,1766818649045
0,0.10123731195926666,1766818649231
0,0.33131837844848633,1766818649395
0,0.3926907479763031,1766818649569
0,0.08290699124336243,1766818649748
0,0.11014062911272049,1766818649932
0,0.13922956585884094,1766818650113
0,0.12035829573869705,1766818650298
0,0.16393804550170898,1766818650487
0,0.1257290244102478,1766818650663
0,0.1710214912891388,1766818650854
0,0.23433558642864227,1766818651033
0,0.14191332459449768,1766818651225
0,0.04972228407859802,1766818651416
0,0.17357875406742096,1766818651603
0,0.39891985058784485,1766818651808
0,0.1781778335571289,1766818651988
0,0.2174738049507141,1766818652176
0,0.140315979719162,1766818652365
0,0.0834735855460167,1766818652537
0,0.3924283981323242,1766818652715
0,0.13880042731761932,1766818652913
0,0.1146499365568161,1766818653101
0,0.37225621938705444,1766818653272
0,0.2417660653591156,1766818653465
0,0.04937458783388138,1766818653657
0,0.17649245262145996,1766818653854
0,0.11916963756084442,1766818654017
0,0.21618498861789703,1766818654188
0,0.19034871459007263,1766818654378
0,0.12168927490711212,1766818654544
0,0.0735996812582016,1766818654717
0,0.09560032188892365,1766818654948
0,0.08935859054327011,1766818655143
0,0.14919103682041168,1766818655346
0,0.41424399614334106,1766818655514
0,0.2272837609052658,1766818655732
0,0.4004223346710205,1766818655897
0,0.2602934241294861,1766818656061
0,0.32006943225860596,1766818656278
0,0.08554331958293915,1766818656469
0,0.12610071897506714,1766818656647
0,0.15412333607673645,1766818656827
0,0.36066263914108276,1766818657023
0,0.2931736707687378,1766818657198
0,0.11171594262123108,1766818657401
0,0.1805296689271927,1766818657573
0,0.3175466060638428,1766818657793
0,0.05170904099941254,1766818657974
0,0.10019265115261078,1766818658160
0,0.18897762894630432,1766818658330
0,0.12615354359149933,1766818658506
0,0.29299962520599365,1766818658673
0,0.13243494927883148,1766818658843
0,0.16021107137203217,1766818659021
0,0.2802199721336365,1766818659218
0,0.24591639637947083,1766818659396
0,0.1893230676651001,1766818659584
0,0.35710540413856506,1766818659771
0,0.12214717268943787,1766818659952
0,0.030275870114564896,1766818660219
0,0.17884866893291473,1766818660416
0,0.1607740819454193,1766818660588
0,0.24464178085327148,1766818660788
0,0.14492061734199524,1766818660961
0,0.11802025884389877,1766818661152
0,0.10022774338722229,1766818661338
0,0.13784238696098328,1766818661528
0,0.06520146131515503,1766818661730
0,0.22577138245105743,1766818661931
0,0.1514011025428772,1766818662117
0,0.2287859320640564,1766818662302
0,0.11620373278856277,1766818662497
0,0.09651090949773788,1766818662683
0,0.18885299563407898,1766818662854
0,0.1939830183982849,1766818663026
0,0.18962636590003967,1766818663211
0,0.2701478600502014,1766818663381
0,0.26791539788246155,1766818663568
0,0.47764867544174194,1766818663767
0,0.26248958706855774,1766818663936
0,0.0432639941573143,1766818664137
0,0.08069365471601486,1766818664341
0,0.2408279925584793,1766818664499
0,0.20648528635501862,1766818664687
0,0.3621126115322113,1766818664855
0,0.3241574466228485,1766818665047
0,0.2774289846420288,1766818665212
0,0.13823813199996948,1766818665379
0,0.03822074085474014,1766818665562
0,0.234602153301239,1766818665730
0,0.326061487197876,1766818665905
0,0.2546064257621765,1766818666096
0,0.41500312089920044,1766818666277
0,0.07971309125423431,1766818666455
0,0.3081358075141907,1766818666655
0,0.281241774559021,1766818666840
0,0.26082944869995117,1766818667026
0,0.025832468643784523,1766818667214
0,0.1943575143814087,1766818667392
0,0.06459084898233414,1766818667589
0,0.2874060571193695,1766818667764
0,0.22646693885326385,1766818667960
0,0.10900448262691498,1766818668165
0,0.038789767771959305,1766818668372
0,0.1183304488658905,1766818668547
0,0.46528270840644836,1766818668738
0,0.08731074631214142,1766818668931
0,0.20024336874485016,1766818669116
0,0.3255281448364258,1766818669289
0,0.20235726237297058,1766818669495
0,0.11617337167263031,1766818669690
0,0.1780310869216919,1766818669869
0,0.0687592551112175,1766818670095
0,0.2151070237159729,1766818670276
0,0.11694784462451935,1766818670446
0,0.1001986414194107,1766818670633
0,0.3004920482635498,1766818670810
0,0.11241713166236877,1766818671057
0,0.20285695791244507,1766818671216
0,0.21308133006095886,1766818671400
0,0.1665576994419098,1766818671580
0,0.16643130779266357,1766818671773
0,0.17641592025756836,1766818671960
0,0.08249218016862869,1766818672152
0,0.3213669955730438,1766818672352
0,0.13773545622825623,1766818672527
0,0.27744466066360474,1766818672733
0,0.06398608535528183,1766818672908
0,0.07602185010910034,1766818673108
0,0.2731998562812805,1766818673326
0,0.2774180769920349,1766818673514
0,0.6043177247047424,1766818673689
0,0.04537970945239067,1766818673873
0,0.03807368874549866,1766818674055
0,0.23351728916168213,1766818674220
0,0.10544431954622269,1766818674391
0,0.19732987880706787,1766818674549
0,0.13093753159046173,1766818674729
0,0.08607971668243408,1766818674899
0,0.212219700217247,1766818675088
0,0.19933569431304932,1766818675238
0,0.12180186808109283,1766818675397
0,0.3784521222114563,1766818675562
0,0.11907969415187836,1766818675731
0,0.22473570704460144,1766818675920
0,0.053180016577243805,1766818676096
0,0.12441456317901611,1766818676281
0,0.27658551931381226,1766818676459
0,0.1067955270409584,1766818676626
0,0.24917690455913544,1766818676798
0,0.12670132517814636,1766818676982
0,0.30183690786361694,1766818677195
0,0.14502830803394318,1766818677392
0,0.19193135201931,1766818677576
0,0.1821965128183365,1766818677771
0,0.3298594653606415,1766818677951
0,0.12651480734348297,1766818678152
0,0.10202226042747498,1766818678314
0,0.1845538318157196,1766818678478
0,0.2670125663280487,1766818678714
0,0.10737696290016174,1766818678899
0,0.30797916650772095,1766818679113
0,0.16022735834121704,1766818679302
0,0.196029394865036,1766818679493
0,0.18397225439548492,1766818679660
0,0.13058318197727203,1766818679837
0,0.11527364701032639,1766818680020
0,0.27044808864593506,1766818680197
0,0.07877658307552338,1766818680378
0,0.13653917610645294,1766818680566
0,0.3012789487838745,1766818680761
0,0.03662266954779625,1766818680924
0,0.1957518756389618,1766818681127
0,0.022718030959367752,1766818681290
0,0.19332343339920044,1766818681509
0,0.030060123652219772,1766818681701
0,0.252490758895874,1766818681895
0,0.04915495961904526,1766818682105
0,0.0877930223941803,1766818682281
0,0.41636714339256287,1766818682560
0,0.02585666812956333,1766818682748
0,0.17577093839645386,1766818682912
0,0.1893620789051056,1766818683081
0,0.15807926654815674,1766818683256
0,0.1878248006105423,1766818683436
0,0.1010722890496254,1766818683631
0,0.06230643019080162,1766818683827
0,0.25396907329559326,1766818684037
0,0.1649840623140335,1766818684229
0,0.05463804304599762,1766818684432
0,0.41283541917800903,1766818684620
0,0.16401617228984833,1766818684801
0,0.17196549475193024,1766818684966
0,0.10096707195043564,1766818685138
0,0.05719366669654846,1766818685311
0,0.19593004882335663,1766818685482
0,0.41633379459381104,1766818685673
0,0.1417117863893509,1766818685888
0,0.3708316683769226,1766818686074
0,0.32078874111175537,1766818686251
0,0.2569706439971924,1766818686477
0,0.13064175844192505,1766818686663
0,0.08790744841098785,1766818686871
0,0.07290814071893692,1766818687046
0,0.3620987832546234,1766818687232
0,0.4029967188835144,1766818687402
0,0.09619097411632538,1766818687579
0,0.13911625742912292,1766818687771
0,0.181156188249588,1766818687958
0,0.3080442249774933,1766818688145
0,0.2713463604450226,1766818688316
0,0.13731402158737183,1766818688538
0,0.22128628194332123,1766818688721
0,0.08784790337085724,1766818688919
0,0.2979876399040222,1766818689098
0,0.2615012526512146,1766818689280
0,0.2044593095779419,1766818689472
0,0.22232726216316223,1766818689661
0,0.048389434814453125,1766818689838
0,0.14705227315425873,1766818690016
0,0.3263150453567505,1766818690194
0,0.1487644910812378,1766818690377
0,0.3442043662071228,1766818690551
0,0.1766277700662613,1766818690726
0,0.3734523057937622,1766818690930
0,0.31055423617362976,1766818691110
0,0.14238405227661133,1766818691361
0,0.15380823612213135,1766818691549
0,0.1353435069322586,1766818691717
0,0.09664250910282135,1766818691899
0,0.21574221551418304,1766818692061
0,0.15124909579753876,1766818692243
0,0.08677418529987335,1766818692405
0,0.14030039310455322,1766818692592
0,0.11759988963603973,1766818692805
0,0.09307309240102768,1766818692994
0,0.020465517416596413,1766818693186
0,0.04621324688196182,1766818693364
0,0.34860432147979736,1766818693550
0,0.3199331760406494,1766818693739
0,0.4583474397659302,1766818693921
0,0.1039922907948494,1766818694095
0,0.05718493461608887,1766818694287
0,0.16233868896961212,1766818694471
0,0.048733118921518326,1766818694687
0,0.2456275075674057,1766818694870
0,0.18752989172935486,1766818695056
0,0.22535189986228943,1766818695243
0,0.15332761406898499,1766818695421
0,0.13080132007598877,1766818695599
0,0.3803980350494385,1766818695788
0,0.17215469479560852,1766818695974
0,0.06964649260044098,1766818696169
0,0.17231574654579163,1766818696337
0,0.4648817181587219,1766818696529
0,0.1818908154964447,1766818696713
0,0.23988091945648193,1766818696889
0,0.04483529180288315,1766818697055
0,0.13290852308273315,1766818697255
0,0.048603661358356476,1766818697457
0,0.06727581471204758,1766818697633
0,0.31391191482543945,1766818697808
0,0.3701685965061188,1766818697999
0,0.15195801854133606,1766818698180
0,0.06048252806067467,1766818698367
0,0.3089908957481384,1766818698562
0,0.11415813863277435,1766818698753
0,0.47627198696136475,1766818698943
0,0.23974746465682983,1766818699146
0,0.1643463373184204,1766818699318
0,0.276548832654953,1766818699502
0,0.16283924877643585,1766818699691
0,0.15199512243270874,1766818699942
0,0.16072222590446472,1766818700149
0,0.19134235382080078,1766818700326
0,0.20598892867565155,1766818700514
0,0.3096262216567993,1766818700687
0,0.4317397475242615,1766818700874
0,0.20314747095108032,1766818701068
0,0.15133899450302124,1766818701239
0,0.28001439571380615,1766818701427
0,0.0812394991517067,1766818701604
0,0.13557623326778412,1766818701779
0,0.07445266842842102,1766818701968
0,0.028249435126781464,1766818702163
0,0.07135607302188873,1766818702333
0,0.23011264204978943,1766818702500
0,0.09100638329982758,1766818702688
0,0.21860641241073608,1766818702869
0,0.3002965450286865,1766818703083
0,0.2408708781003952,1766818703269
0,0.19219091534614563,1766818703486
0,0.09240791201591492,1766818703709
0,0.21294623613357544,1766818703905
0,0.15134462714195251,1766818704086
0,0.12846903502941132,1766818704268
0,0.3744557499885559,1766818704460
0,0.06283590942621231,1766818704648
0,0.0274357832968235,1766818704841
0,0.15877841413021088,1766818705026
0,0.24743856489658356,1766818705178
0,0.10463756322860718,1766818705364
0,0.05426102876663208,1766818705528
0,0.10421067476272583,1766818705711
0,0.025163136422634125,1766818705869
0,0.07372142374515533,1766818706058
0,0.20124812424182892,1766818706244
0,0.09654071927070618,1766818706459
0,0.30913078784942627,1766818706643
0,0.3975737690925598,1766818706829
0,0.10929123312234879,1766818707041
0,0.0506482794880867,1766818707211
0,0.08750122040510178,1766818707388
0,0.30811426043510437,1766818707542
0,0.21776774525642395,1766818707721
0,0.08540751785039902,1766818707904
0,0.09111974388360977,1766818708099
0,0.36179429292678833,1766818708289
0,0.12616145610809326,1766818708467
0,0.10554006695747375,1766818708670
0,0.11785227060317993,1766818708859
0,0.09703890234231949,1766818709060
0,0.18732760846614838,1766818709240
0,0.25435084104537964,1766818709454
0,0.17292873561382294,1766818709640
0,0.2875099778175354,1766818709854
0,0.029939528554677963,1766818710059
0,0.07108515501022339,1766818710246
0,0.10945631563663483,1766818710446
0,0.23288831114768982,1766818710633
0,0.09728990495204926,1766818710803
0,0.15488456189632416,1766818710971
0,0.2096315324306488,1766818711174
0,0.009680754505097866,1766818711363
0,0.14608976244926453,1766818711555
0,0.031782932579517365,1766818711751
0,0.03015289083123207,1766818711934
0,0.10641778260469437,1766818712123
0,0.19466127455234528,1766818712293
0,0.12665915489196777,1766818712501
0,0.137861430644989,1766818712694
0,0.07929354906082153,1766818712919
0,0.06374312192201614,1766818713118
0,0.018972836434841156,1766818713303
0,0.017659615725278854,1766818713534
0,0.22476936876773834,1766818713721
0,0.21230433881282806,1766818713934
0,0.08674778044223785,1766818714122
0,0.251321941614151,1766818714307
0,0.23687037825584412,1766818714494
0,0.09174114465713501,1766818714704
0,0.04955437034368515,1766818714892
0,0.3807694613933563,1766818715100
0,0.18348604440689087,1766818715274
0,0.07456978410482407,1766818715466
0,0.08789961040019989,1766818715656
0,0.3053070604801178,1766818715833
0,0.09661020338535309,1766818716043
0,0.08383370190858841,1766818716260
0,0.11490696668624878,1766818716446
0,0.11347758024930954,1766818716652
0,0.1864180862903595,1766818716862
0,0.3282845914363861,1766818717054
0,0.3299204111099243,1766818717254
0,0.5072412490844727,1766818717440
0,0.09090937674045563,1766818717653
0,0.14875635504722595,1766818717863
0,0.2672542631626129,1766818718047
0,0.13807523250579834,1766818718256
0,0.14252950251102448,1766818718457
0,0.24335011839866638,1766818718655
0,0.09650115668773651,1766818718858
0,0.18484899401664734,1766818719048
0,0.19992227852344513,1766818719235
0,0.19409514963626862,1766818719411
0,0.11127878725528717,1766818719611
0,0.0898083746433258,1766818719786
0,0.14231246709823608,1766818719995
0,0.11896546185016632,1766818720198
0,0.087615966796875,1766818720376
0,0.07675376534461975,1766818720589
0,0.04026123136281967,1766818720776
0,0.2912319600582123,1766818720989
1,0.18023404479026794,1766818721156
1,0.12741555273532867,1766818721359
1,0.09110216796398163,1766818721561
1,0.24133267998695374,1766818721739
1,0.18658336997032166,1766818721929
1,0.09751442074775696,1766818722124
1,0.2013930380344391,1766818722321
1,0.15264150500297546,1766818722504
1,0.21432936191558838,1766818722690
1,0.04061686247587204,1766818722874
1,0.029795749112963676,1766818723075
1,0.08714433759450912,1766818723282
1,0.24535846710205078,1766818723462
1,0.20483244955539703,1766818723655
1,0.023615118116140366,1766818723855
1,0.0769030973315239,1766818724069
1,0.19436725974082947,1766818724259
1,0.17041972279548645,1766818724480
1,0.40939176082611084,1766818724688
1,0.10739482194185257,1766818724888
1,0.12344831228256226,1766818725073
1,0.17633852362632751,1766818725273
1,0.026683462783694267,1766818725483
1,0.06162162497639656,1766818725686
1,0.06376554816961288,1766818725907
1,0.15459267795085907,1766818726119
1,0.11151985079050064,1766818726292
1,0.12057770788669586,1766818726488
1,0.45508772134780884,1766818726679
1,0.10028944909572601,1766818726901
1,0.07223396003246307,1766818727066
1,0.1061263233423233,1766818727246
1,0.17962902784347534,1766818727447
1,0.20526239275932312,1766818727623
1,0.018135271966457367,1766818727805
1,0.21591047942638397,1766818728010
1,0.00416148267686367,1766818728268
1,0.26106417179107666,1766818728478
1,0.45764321088790894,1766818728662
1,0.11206068098545074,1766818728888
1,0.2751752436161041,1766818729082
1,0.24088291823863983,1766818729378
1,0.036884844303131104,1766818729592
1,0.33369821310043335,1766818729781
1,0.12234771251678467,1766818729960
1,0.018627937883138657,1766818730156
1,0.2910977005958557,1766818730372
1,0.16320760548114777,1766818730590
1,0.17084822058677673,1766818730768
1,0.14021025598049164,1766818731017
1,0.05036335438489914,1766818731242
1,0.27693143486976624,1766818731481
1,0.26896560192108154,1766818731706
1,0.16695046424865723,1766818731941
1,0.18304306268692017,1766818732156
1,0.0931585282087326,1766818732411
1,0.1763809323310852,1766818732602
1,0.12688876688480377,1766818732830
1,0.19734758138656616,1766818733020
1,0.2111414074897766,1766818733262
1,0.31624868512153625,1766818733457
1,0.10176612436771393,1766818733673
1,0.08867253363132477,1766818733924
1,0.07993439584970474,1766818734114
1,0.05326392129063606,1766818734301
1,0.2600904703140259,1766818734481
1,0.2153637856245041,1766818734675
1,0.10317934304475784,1766818734887
1,0.15634843707084656,1766818735113
1,0.15426863729953766,1766818735310
1,0.054832953959703445,1766818735521
1,0.14572200179100037,1766818735727
1,0.30282801389694214,1766818735980
1,0.15659445524215698,1766818736199
1,0.17333172261714935,1766818736403
1,0.11522568762302399,1766818736608
1,0.028103193268179893,1766818736807
1,0.5600638389587402,1766818737010
1,0.48846709728240967,1766818737209
1,0.11105422675609589,1766818737405
1,0.06806086003780365,1766818737628
1,0.187703937292099,1766818737833
1,0.15803958475589752,1766818738072
1,0.06916873902082443,1766818738258
1,0.12466289848089218,1766818738458
1,0.1998686045408249,1766818738660
1,0.08932510018348694,1766818738872
1,0.12231621146202087,1766818739063
1,0.2910017669200897,1766818739261
1,0.15507346391677856,1766818739471
1,0.16648545861244202,1766818739698
1,0.12227623164653778,1766818739895
1,0.1369701474905014,1766818740118
1,0.25258421897888184,1766818740325
1,0.1554921418428421,1766818740524
1,0.11361883580684662,1766818740725
1,0.03294132277369499,1766818741080
1,0.1052471399307251,1766818741270
1,0.036272574216127396,1766818741425
1,0.08688231557607651,1766818741655
1,0.03800659254193306,1766818741868
1,0.022201938554644585,1766818742072
1,0.21942821145057678,1766818742329
1,0.2144833207130432,1766818742527
1,0.1572355031967163,1766818742729
1,0.04060222953557968,1766818742921
1,0.12969298660755157,1766818743121
1,0.04116981104016304,1766818743296
1,0.024527467787265778,1766818743461
1,0.0980704128742218,1766818743659
1,0.057513751089572906,1766818743914
1,0.05065848305821419,1766818744219
1,0.06484153866767883,1766818744432
1,0.2558760344982147,1766818744615
1,0.2911742329597473,1766818744797
1,0.1632775217294693,1766818744988
1,0.3125510811805725,1766818745194
1,0.5937020182609558,1766818745495
1,0.163787841796875,1766818745700
1,0.08670754730701447,1766818745891
1,0.12323184311389923,1766818746106
1,0.020196745172142982,1766818746375
1,0.13798807561397552,1766818746555
1,0.07672568410634995,1766818746750
1,0.015119921416044235,1766818746929
1,0.09901789575815201,1766818747130
1,0.5349911451339722,1766818747306
1,0.11829458922147751,1766818747508
1,0.16522210836410522,1766818747715
1,0.05828462541103363,1766818747981
1,0.07343240082263947,1766818748230
1,0.21439950168132782,1766818748472
1,0.04943229258060455,1766818748724
1,0.20272120833396912,1766818748933
1,0.15565724670886993,1766818749136
1,0.08541816473007202,1766818749327
1,0.08137695491313934,1766818749562
1,0.06422821432352066,1766818749771
1,0.09810265898704529,1766818750029
1,0.20464694499969482,1766818750216
1,0.043427467346191406,1766818750408
1,0.15869051218032837,1766818750609
1,0.18266130983829498,1766818750811
1,0.06914539635181427,1766818751114
1,0.11189638823270798,1766818751305
1,0.1553455889225006,1766818751483
1,0.010479902848601341,1766818751704
1,0.06783950328826904,1766818751932
1,0.03588348254561424,1766818752156
1,0.26444244384765625,1766818752451
1,0.07313854992389679,1766818752685
1,0.0419858954846859,1766818752928
1,0.3879886865615845,1766818753133
1,0.044980406761169434,1766818753369
1,0.09417396783828735,1766818753589
1,0.07287359237670898,1766818753856
1,0.25480788946151733,1766818754108
1,0.06814777106046677,1766818754354
1,0.17023275792598724,1766818754547
1,0.015310424380004406,1766818754723
1,0.1379847377538681,1766818754913
1,0.3469303846359253,1766818755154
1,0.17962828278541565,1766818755365
1,0.08185636252164841,1766818755535
1,0.05422692373394966,1766818755767
1,0.07409635186195374,1766818756039
1,0.06025208160281181,1766818756266
1,0.1954669952392578,1766818756515
1,0.16526271402835846,1766818756784
1,0.11785180121660233,1766818757031
1,0.07452085614204407,1766818757241
1,0.10606542229652405,1766818757465
1,0.18694636225700378,1766818757726
1,0.036270737648010254,1766818757930
1,0.07999702543020248,1766818758148
1,0.26150792837142944,1766818758353
1,0.09771764278411865,1766818758543
1,0.10674269497394562,1766818758802
1,0.3032144606113434,1766818759014
1,0.10013430565595627,1766818759197
1,0.10949445515871048,1766818759536
1,0.03431984782218933,1766818759893
1,0.19649893045425415,1766818760150
1,0.09339147806167603,1766818760368
1,0.06635408103466034,1766818760594
1,0.12564021348953247,1766818760797
1,0.07827787101268768,1766818761015
1,0.3650815486907959,1766818761214
1,0.1344127207994461,1766818761450
1,0.16609744727611542,1766818761700
1,0.08035282045602798,1766818761897
1,0.2294565886259079,1766818762134
1,0.025875987485051155,1766818762336
1,0.3514734208583832,1766818762525
1,0.18090833723545074,1766818762757
1,0.07333335280418396,1766818763014
1,0.017305893823504448,1766818763205
1,0.2214750051498413,1766818763405
1,0.08215494453907013,1766818763664
1,0.29327112436294556,1766818763896
1,0.27166736125946045,1766818764132
1,0.27206045389175415,1766818764437
1,0.06828326731920242,1766818764658
1,0.15485811233520508,1766818764897
1,0.172499418258667,1766818765285
1,0.21507324278354645,1766818765502
1,0.23356735706329346,1766818765683
1,0.2751772403717041,1766818765886
1,0.07829466462135315,1766818766137
1,0.02794431895017624,1766818766384
1,0.1736452877521515,1766818766588
1,0.4131150245666504,1766818766807
1,0.12150456756353378,1766818766988
1,0.08695013076066971,1766818767210
1,0.24124453961849213,1766818767456
1,0.33488407731056213,1766818767714
1,0.11173595488071442,1766818767938
1,0.4695647358894348,1766818768142
1,0.07345202565193176,1766818768371
1,0.0681949183344841,1766818768588
1,0.1257055103778839,1766818768847
1,0.25964635610580444,1766818769140
1,0.34660518169403076,1766818769344
1,0.22434353828430176,1766818769532
1,0.04577852040529251,1766818769705
1,0.3178549110889435,1766818769931
1,0.2781980335712433,1766818770150
1,0.10324294120073318,1766818770356
1,0.2837008535861969,1766818770643
1,0.10812440514564514,1766818770866
1,0.34421250224113464,1766818771165
1,0.2190995067358017,1766818771373
1,0.12854412198066711,1766818771568
1,0.12751783430576324,1766818771786
1,0.1914447695016861,1766818771985
1,0.1992911994457245,1766818772304
1,0.13971403241157532,1766818772508
1,0.005787481088191271,1766818772689
1,0.11245761811733246,1766818772888
1,0.22980964183807373,1766818773162
1,0.13753332197666168,1766818773385
1,0.0999760776758194,1766818773579
1,0.061172328889369965,1766818773848
1,0.26007261872291565,1766818774117
1,0.2599160969257355,1766818774306
1,0.08404087275266647,1766818774561
1,0.18468326330184937,1766818774791
1,0.1661403328180313,1766818774996
1,0.06108538806438446,1766818775213
1,0.11317209899425507,1766818775416
1,0.12118877470493317,1766818775713
1,0.11408194899559021,1766818775914
1,0.34080591797828674,1766818776261
1,0.18703220784664154,1766818776473
1,0.20357581973075867,1766818776664
1,0.08876850455999374,1766818776881
1,0.06973698735237122,1766818777179
1,0.10385610908269882,1766818777411
1,0.08070981502532959,1766818777723
1,0.22035476565361023,1766818777949
1,0.20655101537704468,1766818778141
1,0.05619515851140022,1766818778346
1,0.09720249474048615,1766818778566
1,0.03832932561635971,1766818778792
1,0.05087263137102127,1766818778982
1,0.12107333540916443,1766818779299
1,0.031516917049884796,1766818779563
1,0.15061625838279724,1766818779771
1,0.14090368151664734,1766818780120
1,0.2658085823059082,1766818780363
1,0.07293286174535751,1766818780560
1,0.0159834623336792,1766818780805
1,0.27816975116729736,1766818781038
1,0.27569836378097534,1766818781323
1,0.17495866119861603,1766818781507
1,0.06206190586090088,1766818781720
1,0.06968548893928528,1766818781992
1,0.1601293981075287,1766818782253
1,0.31315863132476807,1766818782451
1,0.11887592077255249,1766818782682
1,0.08616890013217926,1766818782900
1,0.3086448013782501,1766818783110
1,0.13952390849590302,1766818783371
1,0.23524309694766998,1766818783672
1,0.023231685161590576,1766818783898
1,0.020442025735974312,1766818784087
1,0.13286210596561432,1766818784361
1,0.11431734263896942,1766818784566
1,0.11441303789615631,1766818784808
1,0.14192646741867065,1766818785017
1,0.3800757825374603,1766818785278
1,0.16189096868038177,1766818785486
1,0.28058725595474243,1766818785653
1,0.1714172214269638,1766818785872
1,0.11100871115922928,1766818786114
1,0.21700751781463623,1766818786409
1,0.06751542538404465,1766818786705
1,0.01825275644659996,1766818786949
1,0.22951817512512207,1766818787225
1,0.07359142601490021,1766818787415
1,0.03363102674484253,1766818787585
1,0.28578808903694153,1766818787774
1,0.11746862530708313,1766818788082
1,0.04401843622326851,1766818788345
1,0.022120751440525055,1766818788562
1,0.026187961921095848,1766818788904
1,0.10377244651317596,1766818789114
1,0.10265050828456879,1766818789313
1,0.018228119239211082,1766818789497
1,0.1589813083410263,1766818789746
1,0.41340652108192444,1766818789995
1,0.017586875706911087,1766818790240
1,0.05299489200115204,1766818790445
1,0.16169100999832153,1766818790744
1,0.13639883697032928,1766818791070
1,0.09091710299253464,1766818791301
1,0.10669244080781937,1766818791503
1,0.4272504448890686,1766818791804
1,0.08259940147399902,1766818792003
1,0.11120377480983734,1766818792311
1,0.27019497752189636,1766818792514
1,0.05646420642733574,1766818792723
1,0.13526596128940582,1766818792914
1,0.17149639129638672,1766818793100
1,0.03468884900212288,1766818793312
1,0.03723898157477379,1766818793556
1,0.13534113764762878,1766818793856
1,0.06242116168141365,1766818794131
1,0.10188005864620209,1766818794353
1,0.25388211011886597,1766818794609
1,0.10507169365882874,1766818794860
1,0.3034682869911194,1766818795102
1,0.21392206847667694,1766818795326
1,0.03195633739233017,1766818795503
1,0.1913028359413147,1766818795724
1,0.16970880329608917,1766818795916
1,0.06224355101585388,1766818796188
1,0.024178482592105865,1766818796382
1,0.11513029783964157,1766818796635
1,0.20140373706817627,1766818796852
1,0.018296193331480026,1766818797089
1,0.18271759152412415,1766818797278
1,0.0741625726222992,1766818797486
1,0.08875247091054916,1766818797732
1,0.09552114456892014,1766818797967
1,0.04088675230741501,1766818798183
1,0.2886970043182373,1766818798433
1,0.14183242619037628,1766818798714
1,0.061935074627399445,1766818798965
1,0.04373845458030701,1766818799193
1,0.16507397592067719,1766818799476
1,0.26465752720832825,1766818799728
1,0.05898299813270569,1766818799960
1,0.11277803778648376,1766818800324
1,0.1174069419503212,1766818800530
1,0.18269047141075134,1766818800751
1,0.5565786957740784,1766818800964
1,0.04852105304598808,1766818801208
1,0.15490591526031494,1766818801433
1,0.03397263586521149,1766818801716
1,0.1652730405330658,1766818801912
1,0.1694570928812027,1766818802160
1,0.288388192653656,1766818802356
1,0.12025056779384613,1766818802637
1,0.2625545561313629,1766818802926
1,0.06258247792720795,1766818803186
1,0.15428467094898224,1766818803421
1,0.10501255095005035,1766818803675
1,0.06244269013404846,1766818803957
1,0.27650368213653564,1766818804199
1,0.1620945930480957,1766818804446
1,0.1870366781949997,1766818804643
1,0.17098437249660492,1766818804864
1,0.1112038642168045,1766818805172
1,0.12359534204006195,1766818805361
1,0.01878908835351467,1766818805547
1,0.20619136095046997,1766818805764
1,0.2632976174354553,1766818805991
1,0.17720288038253784,1766818806215
1,0.12328599393367767,1766818806413
1,0.4650675654411316,1766818806618
1,0.12357788532972336,1766818806861
1,0.09639522433280945,1766818807109
1,0.20638975501060486,1766818807291
1,0.12396448105573654,1766818807559
1,0.1894427239894867,1766818807796
1,0.09266307950019836,1766818807982
1,0.005929525475949049,1766818808203
1,0.06125570088624954,1766818808403
1,0.026898033916950226,1766818808593
1,0.12622886896133423,1766818808839
1,0.07601611316204071,1766818809123
1,0.0070503149181604385,1766818809355
1,0.03051697462797165,1766818809570
1,0.1819877028465271,1766818809789
1,0.09769298881292343,1766818809980
1,0.08627644181251526,1766818810221
1,0.21525177359580994,1766818810445
1,0.018473345786333084,1766818810657
1,0.014504066668450832,1766818810873
1,0.08329727500677109,1766818811075
1,0.0783916488289833,1766818811376
1,0.007037001196295023,1766818811609
1,0.12814077734947205,1766818811822
1,0.10978969931602478,1766818812068
1,0.024895282462239265,1766818812320
1,0.4203627407550812,1766818812534
1,0.1611146479845047,1766818812805
1,0.1434836983680725,1766818813007
1,0.07106058299541473,1766818813239
1,0.2642204165458679,1766818813510
1,0.03542371466755867,1766818813775
1,0.043009936809539795,1766818814066
1,0.03928840905427933,1766818814287
1,0.050788138061761856,1766818814547
1,0.08894601464271545,1766818814762
1,0.09269122779369354,1766818814985
1,0.041591569781303406,1766818815307
1,0.16730864346027374,1766818815506
1,0.03586999326944351,1766818815692
1,0.027798594906926155,1766818815862
1,0.14057904481887817,1766818816127
1,0.3874650001525879,1766818816375
1,0.0923653095960617,1766818816541
1,0.42786332964897156,1766818816760
1,0.04135030508041382,1766818816969
1,0.13490577042102814,1766818817175
1,0.03195878490805626,1766818817402
1,0.18107108771800995,1766818817668
1,0.07651610672473907,1766818817954
1,0.06475898623466492,1766818818161
1,0.06084819883108139,1766818818517
1,0.14792075753211975,1766818818713
1,0.05565053969621658,1766818818922
1,0.2590498626232147,1766818819189
1,0.23940825462341309,1766818819469
1,0.06522616744041443,1766818819670
1,0.013045514933764935,1766818819875
1,0.2113913893699646,1766818820180
1,0.10533598065376282,1766818820408
1,0.1855522096157074,1766818820606
1,0.0848158523440361,1766818820791
1,0.09189441055059433,1766818821020
1,0.05045409873127937,1766818821262
1,0.0594145804643631,1766818821474
1,0.14725366234779358,1766818821683
1,0.0541113018989563,1766818821922
1,0.09288816154003143,1766818822233
1,0.037800367921590805,1766818822435
1,0.28611400723457336,1766818822639
1,0.4582359194755554,1766818822842
1,0.11269250512123108,1766818823009
1,0.2624104917049408,1766818823200
1,0.03976888209581375,1766818823456
1,0.5116260647773743,1766818823653
1,0.08313436061143875,1766818823868
1,0.02758866548538208,1766818824077
1,0.11473802477121353,1766818824282
1,0.023835022002458572,1766818824489
1,0.04979240894317627,1766818824700
1,0.12008413672447205,1766818824920
1,0.13242390751838684,1766818825208
1,0.08485572040081024,1766818825409
1,0.0627879872918129,1766818825750
1,0.4195358157157898,1766818826041
1,0.06668278574943542,1766818826330
1,0.13909947872161865,1766818826526
1,0.13849304616451263,1766818826740
1,0.2298385053873062,1766818826979
1,0.11220432817935944,1766818827301
1,0.21935364603996277,1766818827565
1,0.09189976006746292,1766818827768
1,0.08892117440700531,1766818827960
1,0.0879877358675003,1766818828187
1,0.09809647500514984,1766818828466
1,0.04241146147251129,1766818828684
1,0.010049459524452686,1766818828925
1,0.17938332259655,1766818829156
1,0.033570416271686554,1766818829385
1,0.05617401748895645,1766818829651
1,0.05059526488184929,1766818829886
1,0.310788094997406,1766818830169
1,0.05108971893787384,1766818830385
1,0.07984437048435211,1766818830608
1,0.24903604388237,1766818830845
1,0.0881444588303566,1766818831060
1,0.15330952405929565,1766818831355
1,0.23859058320522308,1766818831578
1,0.07238627970218658,1766818831773
1,0.11177581548690796,1766818831970
1,0.3234065771102905,1766818832204
1,0.056172654032707214,1766818832441
1,0.09784446656703949,1766818832704
1,0.04054467752575874,1766818833107
1,0.14738020300865173,1766818833286
1,0.1780998557806015,1766818833485
1,0.22949384152889252,1766818833778
1,0.0396643728017807,1766818833980
1,0.011101244017481804,1766818834174
1,0.0402209609746933,1766818834554
1,0.14644941687583923,1766818834753
1,0.2516269385814667,1766818834995
1,0.08785807341337204,1766818835218
1,0.14798760414123535,1766818835447
1,0.023842670023441315,1766818835679
1,0.10179288685321808,1766818835913
1,0.058039505034685135,1766818836184
1,0.016360275447368622,1766818836534
1,0.042381495237350464,1766818836759
1,0.0853227898478508,1766818836953
1,0.06165361404418945,1766818837148
1,0.08439556509256363,1766818837426
1,0.15674197673797607,1766818837697
1,0.1594524383544922,1766818837895
1,0.10735950618982315,1766818838179
1,0.0027873157523572445,1766818838395
1,0.06505095213651657,1766818838651
1,0.1937677562236786,1766818838875
1,0.0165182426571846,1766818839086
1,0.3507039546966553,1766818839291
1,0.017917392775416374,1766818839543
1,0.0748729258775711,1766818839773
1,0.13385416567325592,1766818840002
1,0.07859152555465698,1766818840270
1,0.05390418320894241,1766818840592
1,0.08436070382595062,1766818840791
1,0.24216234683990479,1766818841006
1,0.2933034598827362,1766818841197
1,0.11103919893503189,1766818841381
1,0.04129250347614288,1766818841615
1,0.11077111214399338,1766818841865
1,0.36100053787231445,1766818842132
1,0.3450213670730591,1766818842396
1,0.13776396214962006,1766818842569
1,0.36240363121032715,1766818842760
1,0.16117849946022034,1766818843035
1,0.1789751648902893,1766818843242
1,0.0767102986574173,1766818843568
1,0.026368560269474983,1766818843759
1,0.10146279633045197,1766818843962
1,0.3202070891857147,1766818844234
1,0.10217870026826859,1766818844453
1,0.06220126524567604,1766818844703
1,0.04354510083794594,1766818844913
1,0.08876127749681473,1766818845108
1,0.10430099070072174,1766818845379
1,0.05798082798719406,1766818845592
1,0.12025177478790283,1766818845788
1,0.00876065157353878,1766818845997
1,0.12596432864665985,1766818846227
1,0.06954018771648407,1766818846455
1,0.08764304220676422,1766818846669
1,0.04966764897108078,1766818846877
1,0.18689635396003723,1766818847101
1,0.17318221926689148,1766818847348
1,0.2666991055011749,1766818847568
1,0.20036417245864868,1766818847805
1,0.10445435345172882,1766818848046
1,0.1842702478170395,1766818848310
1,0.06310592591762543,1766818848610
1,0.05998070910573006,1766818848818
1,0.33538103103637695,1766818849053
1,0.286918580532074,1766818849285
1,0.11213451623916626,1766818849508
1,0.1992270052433014,1766818849696
1,0.09924806654453278,1766818849946
1,0.24762248992919922,1766818850218
1,0.0739172101020813,1766818850469
1,0.09591047465801239,1766818850716
1,0.06767076253890991,1766818850983
1,0.19339390099048615,1766818851184
1,0.07125198841094971,1766818851391
1,0.05902564898133278,1766818851617
1,0.16721808910369873,1766818851830
1,0.038304250687360764,1766818852149
1,0.1264047622680664,1766818852363
1,0.04477086290717125,1766818852559
1,0.04842659831047058,1766818852812
1,0.027289608493447304,1766818853105
1,0.155320942401886,1766818853306
1,0.058921486139297485,1766818853485
1,0.26065632700920105,1766818853754
1,0.2721465229988098,1766818854016
1,0.10626010596752167,1766818854208
1,0.2645932137966156,1766818854381
1,0.24217408895492554,1766818854549
1,0.1100355014204979,1766818854769
1,0.11385868489742279,1766818854984
1,0.07512307167053223,1766818855231
1,0.13547533750534058,1766818855463
1,0.18172447383403778,1766818855677
1,0.04347289353609085,1766818855908
1,0.20620891451835632,1766818856152
1,0.17680121958255768,1766818856387
1,0.3226383626461029,1766818856654
1,0.0049790614284574986,1766818856868
1,0.11422554403543472,1766818857168
1,0.08933140337467194,1766818857367
1,0.1337449550628662,1766818857561
1,0.11282281577587128,1766818857760
1,0.0938347578048706,1766818858001
1,0.0862087607383728,1766818858220
1,0.26678627729415894,1766818858472
1,0.04190791770815849,1766818858760
1,0.03743106126785278,1766818859014
1,0.2051759660243988,1766818859197
1,0.045250117778778076,1766818859438
1,0.13578560948371887,1766818859667
1,0.044158048927783966,1766818859908
1,0.08728718012571335,1766818860172
1,0.21832793951034546,1766818860413
1,0.06794679909944534,1766818860663
1,0.034685369580984116,1766818860869
1,0.09155036509037018,1766818861181
1,0.1577061414718628,1766818861381
1,0.04217282682657242,1766818861568
1,0.08861883729696274,1766818861774
1,0.0072106109000742435,1766818862072
1,0.3976421356201172,1766818862267
1,0.1291773021221161,1766818862519
1,0.021592725068330765,1766818862728
1,0.0960475504398346,1766818862954
1,0.03789503872394562,1766818863176
1,0.17739927768707275,1766818863385
1,0.05317431688308716,1766818863663
1,0.02647794969379902,1766818863898
1,0.015003243461251259,1766818864130
1,0.2081100344657898,1766818864377
1,0.10439473390579224,1766818864586
1,0.02006751112639904,1766818864802
1,0.09851011633872986,1766818865029
1,0.09607844799757004,1766818865285
1,0.10450808703899384,1766818865531
1,0.29235875606536865,1766818865773
1,0.21590961515903473,1766818866051
1,0.019430551677942276,1766818866249
1,0.06823521852493286,1766818866434
1,0.1952182650566101,1766818866636
1,0.1726190447807312,1766818866826
1,0.20015068352222443,1766818867026
1,0.3391922414302826,1766818867234
1,0.26600152254104614,1766818867515
1,0.04230739176273346,1766818867727
1,0.3168866038322449,1766818867948
1,0.07032079994678497,1766818868199
1,0.20084334909915924,1766818868429
1,0.053547974675893784,1766818868729
1,0.20733928680419922,1766818868928
1,0.06031263619661331,1766818869215
1,0.23649676144123077,1766818869437
1,0.11805256456136703,1766818869702
1,0.07654484361410141,1766818869912
1,0.0633411556482315,1766818870101
1,0.02363608404994011,1766818870321
1,0.06301691383123398,1766818870541
1,0.054460398852825165,1766818870820
1,0.06423121690750122,1766818871031
1,0.04037323221564293,1766818871251
1,0.07886433601379395,1766818871490
1,0.18516620993614197,1766818871805
1,0.16985881328582764,1766818872051
1,0.17702442407608032,1766818872341
1,0.1041017547249794,1766818872617
1,0.047326672822237015,1766818872831
1,0.06559768319129944,1766818873087
1,0.03610355034470558,1766818873291
1,0.1865701675415039,1766818873507
1,0.02242138981819153,1766818873874
1,0.27644458413124084,1766818874071
1,0.11515723168849945,1766818874301
1,0.061366841197013855,1766818874548
1,0.05909823626279831,1766818874746
1,0.13467220962047577,1766818874971
1,0.10406694561243057,1766818875156
1,0.02332618646323681,1766818875395
1,0.023166842758655548,1766818875593
1,0.02916906774044037,1766818875772
1,0.007303015328943729,1766818875979
1,0.03955713286995888,1766818876186
1,0.04068280756473541,1766818876414
1,0.03552776947617531,1766818876694
1,0.19133472442626953,1766818876976
1,0.013215233571827412,1766818877175
1,0.1450858861207962,1766818877384
1,0.0029196524992585182,1766818877573
1,0.02641177363693714,1766818877833
1,0.056837908923625946,1766818878053
1,0.10903133451938629,1766818878325
1,0.10823332518339157,1766818878548
1,0.03978777676820755,1766818878794
1,0.1262214183807373,1766818878979
1,0.3906986713409424,1766818879138
1,0.03831561654806137,1766818879382
1,0.021682918071746826,1766818879571
1,0.06911654025316238,1766818879840
1,0.05702405422925949,1766818880075
1,0.18248143792152405,1766818880307
1,0.22741961479187012,1766818880600
1,0.2164004147052765,1766818880833
1,0.005875005386769772,1766818881016
1,0.11742331087589264,1766818881218
1,0.41383790969848633,1766818881399
1,0.20458143949508667,1766818881657
1,0.0468861348927021,1766818881878
1,0.046620193868875504,1766818882131
1,0.2539793848991394,1766818882440
1,0.03724269941449165,1766818882664
1,0.1233186274766922,1766818882853
1,0.0759618729352951,1766818883045
1,0.04473913460969925,1766818883409
1,0.12308655679225922,1766818883590
1,0.03555309772491455,1766818883786
1,0.6108318567276001,1766818884004
1,0.2591620087623596,1766818884187
1,0.21405154466629028,1766818884476
1,0.35248520970344543,1766818884696
1,0.17943908274173737,1766818884881
1,0.2387407422065735,1766818885076
1,0.1296977698802948,1766818885278
1,0.3662871718406677,1766818885477
1,0.04543117433786392,1766818885684
1,0.1697634905576706,1766818885949
1,0.16346101462841034,1766818886193
1,0.21502742171287537,1766818886465
1,0.08605233579874039,1766818886655
1,0.13173985481262207,1766818886865
1,0.13771843910217285,1766818887176
1,0.15193180739879608,1766818887393
1,0.14847031235694885,1766818887683
1,0.08513443171977997,1766818887887
1,0.14339256286621094,1766818888095
1,0.10931511223316193,1766818888282
1,0.10965850949287415,1766818888499
1,0.06013452634215355,1766818888725
1,0.12419839948415756,1766818888932
1,0.08381380140781403,1766818889121
1,0.0717630386352539,1766818889376
1,0.09670165926218033,1766818889591
1,0.10007213056087494,1766818889874
1,0.10034447908401489,1766818890072
1,0.18523117899894714,1766818890266
1,0.1061084046959877,1766818890529
1,0.14049634337425232,1766818890774
1,0.17320884764194489,1766818890979
1,0.026469310745596886,1766818891254
1,0.18756359815597534,1766818891525
1,0.08288680016994476,1766818891753
1,0.12057310342788696,1766818891990
1,0.1485910415649414,1766818892238
1,0.1000865176320076,1766818892563
1,0.19684061408042908,1766818892753
1,0.2298358827829361,1766818892941
1,0.20886415243148804,1766818893136
1,0.059119634330272675,1766818893355
1,0.017130784690380096,1766818893626
1,0.1370326727628708,1766818893897
1,0.25508370995521545,1766818894144
1,0.12382987141609192,1766818894338
1,0.015747448429465294,1766818894543
1,0.0917188823223114,1766818894758
1,0.19684675335884094,1766818894946
1,0.18803276121616364,1766818895231
1,0.2997974753379822,1766818895436
1,0.0033123670145869255,1766818895657
1,0.08327972888946533,1766818895868
1,0.04249143600463867,1766818896038
1,0.07467974722385406,1766818896259
1,0.1183042973279953,1766818896462
1,0.13116666674613953,1766818896715
1,0.07338076829910278,1766818896935
1,0.0926656424999237,1766818897208
1,0.11494987457990646,1766818897430
1,0.07412726432085037,1766818897627
1,0.07879716157913208,1766818897841
1,0.13507626950740814,1766818898067
1,0.0939912348985672,1766818898335
1,0.07831181585788727,1766818898555
1,0.03089180588722229,1766818898789
1,0.1314297616481781,1766818899079
1,0.04236093908548355,1766818899283
1,0.08579906076192856,1766818899481
1,0.05899021774530411,1766818899715
1,0.02352891117334366,1766818899903
1,0.08262623846530914,1766818900246
1,0.1314893513917923,1766818900421
1,0.20761659741401672,1766818900588
1,0.043696001172065735,1766818900804
1,0.004415283445268869,1766818901001
1,0.1697263866662979,1766818901215
1,0.0340411514043808,1766818901507
1,0.14902716875076294,1766818901730
1,0.3262280225753784,1766818901902
1,0.21722091734409332,1766818902156
1,0.036832164973020554,1766818902413
1,0.1844741404056549,1766818902693
1,0.01653405837714672,1766818902931
1,0.18301832675933838,1766818903137
1,0.30470675230026245,1766818903362
1,0.011196832172572613,1766818903658
1,0.17686855792999268,1766818903881
1,0.03681536763906479,1766818904178
1,0.06202951446175575,1766818904395
1,0.27864912152290344,1766818904652
1,0.12453623116016388,1766818904886
1,0.14303961396217346,1766818905089
1,0.0241239033639431,1766818905281
1,0.4240707457065582,1766818905487
1,0.11789193749427795,1766818905689
1,0.1257714033126831,1766818905958
1,0.025165051221847534,1766818906182
1,0.01781819947063923,1766818906514
1,0.04647495225071907,1766818906752
1,0.0330992266535759,1766818906924
1,0.10143066942691803,1766818907147
1,0.04455747827887535,1766818907336
1,0.052163854241371155,1766818907542
1,0.23571789264678955,1766818907752
1,0.24956786632537842,1766818907978
1,0.1034717932343483,1766818908209
1,0.1829296201467514,1766818908413
1,0.08261144161224365,1766818908660
1,0.15144294500350952,1766818908904
1,0.07078754901885986,1766818909122
1,0.17591920495033264,1766818909335
1,0.29018887877464294,1766818909568
1,0.16627459228038788,1766818909743
1,0.05435243621468544,1766818909950
1,0.24107900261878967,1766818910215
1,0.24202260375022888,1766818910521
1,0.01939329132437706,1766818910708
1,0.010404561646282673,1766818911027
1,0.12921679019927979,1766818911228
1,0.07970917224884033,1766818911427
1,0.24314935505390167,1766818911630
1,0.0013948535779491067,1766818911828
1,0.17125630378723145,1766818912058
1,0.03927989304065704,1766818912256
1,0.09256039559841156,1766818912476
1,0.27680841088294983,1766818912759
1,0.020032141357660294,1766818912971
1,0.05658440664410591,1766818913156
1,0.07452582567930222,1766818913329
1,0.06920021772384644,1766818913589
1,0.1638117879629135,1766818913870
1,0.22374200820922852,1766818914109
1,0.17109568417072296,1766818914328
1,0.015719754621386528,1766818914537
1,0.011895091272890568,1766818914779
1,0.09079329669475555,1766818915017
1,0.19489040970802307,1766818915252
1,0.10718031972646713,1766818915538
1,0.10610799491405487,1766818915729
1,0.1261395663022995,1766818915965
1,0.11158202588558197,1766818916150
1,0.1428423821926117,1766818916393
1,0.14101457595825195,1766818916632
1,0.18159544467926025,1766818916899
1,0.12804411351680756,1766818917118
1,0.04421648755669594,1766818917345
1,0.07493363320827484,1766818917531
1,0.2164226472377777,1766818917711
1,0.016467319801449776,1766818918093
1,0.028915196657180786,1766818918310
1,0.06493023037910461,1766818918498
1,0.1987508237361908,1766818918735
1,0.05349026247859001,1766818918973
1,0.0657564029097557,1766818919167
1,0.030228391289711,1766818919477
1,0.16059090197086334,1766818919720
1,0.1047954186797142,1766818919910
1,0.10238291323184967,1766818920107
1,0.09438847750425339,1766818920282
1,0.0686156377196312,1766818920497
1,0.16581663489341736,1766818920759
1,0.08919291943311691,1766818920949
1,0.03617020323872566,1766818921237
1,0.12758882343769073,1766818921459
1,0.02656342275440693,1766818921679
1,0.04027828574180603,1766818921895
1,0.16113053262233734,1766818922124
1,0.04429727792739868,1766818922345
1,0.11254484951496124,1766818922685
1,0.045937493443489075,1766818922899
1,0.01376392412930727,1766818923072
1,0.03358933702111244,1766818923255
1,0.10782888531684875,1766818923452
1,0.037886328995227814,1766818923630
1,0.015032699331641197,1766818923925
1,0.05964038148522377,1766818924120
1,0.10233116894960403,1766818924287
1,0.15083526074886322,1766818924489
1,0.10909289866685867,1766818924741
1,0.07022879272699356,1766818924984
1,0.032740939408540726,1766818925181
1,0.06517688184976578,1766818925348
1,0.0523393414914608,1766818925625
1,0.5601320266723633,1766818925848
1,0.12165319919586182,1766818926220
1,0.07845194637775421,1766818926442
1,0.03547795116901398,1766818926620
1,0.020307159051299095,1766818926823
1,0.07968714833259583,1766818927033
1,0.02716236561536789,1766818927234
1,0.07954595237970352,1766818927518
1,0.04082634299993515,1766818927697
1,0.15419703722000122,1766818927894
1,0.09024908393621445,1766818928067
1,0.21970024704933167,1766818928306
1,0.004876610357314348,1766818928504
1,0.2221400886774063,1766818928722
1,0.06617767363786697,1766818928959
1,0.2056063562631607,1766818929331
1,0.11160267889499664,1766818929524
1,0.04361666738986969,1766818929705
1,0.3176707327365875,1766818929887
1,0.10673479735851288,1766818930105
1,0.028172265738248825,1766818930328
1,0.1385546326637268,1766818930562
1,0.2894629240036011,1766818930805
1,0.04652705788612366,1766818931046
1,0.004500259179621935,1766818931285
1,0.030480962246656418,1766818931521
1,0.09176052361726761,1766818931705
1,0.008051365613937378,1766818931945
1,0.09672591090202332,1766818932150
1,0.09745366871356964,1766818932406
1,0.20142334699630737,1766818932649
1,0.09268912672996521,1766818932928
1,0.005734992679208517,1766818933174
1,0.06013042479753494,1766818933387
1,0.12110365182161331,1766818933614
1,0.0643957108259201,1766818933824
1,0.10757310688495636,1766818934029
1,0.45870813727378845,1766818934206
1,0.06415264308452606,1766818934418
1,0.41550660133361816,1766818934627
1,0.01497709471732378,1766818934889
1,0.2707163095474243,1766818935125
2,0.07103116065263748,1766818935332
2,0.17277440428733826,1766818935530
2,0.036400679498910904,1766818935796
2,0.07076192647218704,1766818936037
2,0.22269278764724731,1766818936253
2,0.09851828217506409,1766818936496
2,0.26272934675216675,1766818936707
2,0.07166396826505661,1766818936920
2,0.12303432822227478,1766818937130
2,0.038698386400938034,1766818937338
2,0.09007307142019272,1766818937672
2,0.10181620717048645,1766818937864
2,0.15262264013290405,1766818938094
2,0.07376749813556671,1766818938329
2,0.023706238716840744,1766818938591
2,0.1097891703248024,1766818938862
2,0.03612475097179413,1766818939050
2,0.014818563126027584,1766818939254
2,0.0438186414539814,1766818939425
2,0.11738879233598709,1766818939604
2,0.004555779974907637,1766818939868
2,0.17759479582309723,1766818940110
2,0.07014760375022888,1766818940313
2,0.05560207739472389,1766818940580
2,0.01895846799015999,1766818940846
2,0.04701603949069977,1766818941025
2,0.45241549611091614,1766818941228
2,0.009482599794864655,1766818941462
2,0.0495469756424427,1766818941665
2,0.4288785755634308,1766818941864
2,0.22337064146995544,1766818942130
2,0.05164327472448349,1766818942395
2,0.05149541050195694,1766818942580
2,0.028767909854650497,1766818942836
2,0.06222906708717346,1766818943054
2,0.012627542950212955,1766818943268
2,0.00590283889323473,1766818943459
2,0.08039234578609467,1766818943739
2,0.02382534369826317,1766818944005
2,0.20036301016807556,1766818944197
2,0.06537958979606628,1766818944451
2,0.1444200575351715,1766818944659
2,0.07151614129543304,1766818944860
2,0.07566498219966888,1766818945117
2,0.10253855586051941,1766818945315
2,0.07779397070407867,1766818945580
2,0.0436105877161026,1766818945824
2,0.005210739094763994,1766818946071
2,0.08069927990436554,1766818946323
2,0.0800900012254715,1766818946524
2,0.017930444329977036,1766818946817
2,0.1486150324344635,1766818947065
2,0.08836311846971512,1766818947276
2,0.04509450122714043,1766818947490
2,0.01601806841790676,1766818947724
2,0.10561283677816391,1766818947925
2,0.06789084523916245,1766818948143
2,0.03326993063092232,1766818948381
2,0.012986794114112854,1766818948644
2,0.2855091094970703,1766818948838
2,0.08035911619663239,1766818949061
2,0.07284665107727051,1766818949313
2,0.03215830773115158,1766818949532
2,0.10664540529251099,1766818949768
2,0.005072140600532293,1766818949987
2,0.09871498495340347,1766818950208
2,0.21306703984737396,1766818950396
2,0.02766219899058342,1766818950670
2,0.06431953608989716,1766818951006
2,0.022229930385947227,1766818951228
2,0.08142911642789841,1766818951410
2,0.05931594595313072,1766818951594
2,0.015817340463399887,1766818951871
2,0.050340283662080765,1766818952090
2,0.05826355144381523,1766818952294
2,0.14591941237449646,1766818952488
2,0.02348296158015728,1766818952726
2,0.07366402447223663,1766818952979
2,0.06850726157426834,1766818953197
2,0.07829944044351578,1766818953456
2,0.148038849234581,1766818953756
2,0.12441166490316391,1766818953959
2,0.06401515752077103,1766818954140
2,0.17962577939033508,1766818954321
2,0.03304228559136391,1766818954517
2,0.01507010217756033,1766818954741
2,0.009881705045700073,1766818955110
2,0.1535637378692627,1766818955357
2,0.1279161423444748,1766818955548
2,0.10585254430770874,1766818955735
2,0.028730835765600204,1766818955961
2,0.06861923635005951,1766818956216
2,0.08810396492481232,1766818956412
2,0.06988853961229324,1766818956573
2,0.004095845855772495,1766818956775
2,0.11554598808288574,1766818956984
2,0.07320071756839752,1766818957252
2,0.030673189088702202,1766818957502
2,0.2028796374797821,1766818957702
2,0.01685991883277893,1766818957914
2,0.06234704330563545,1766818958109
2,0.09082013368606567,1766818958407
2,0.1833600252866745,1766818958755
2,0.024172237142920494,1766818958987
2,0.022581221535801888,1766818959185
2,0.29957515001296997,1766818959369
2,0.15083225071430206,1766818959556
2,0.05215118080377579,1766818959760
2,0.414352685213089,1766818960062
2,0.05025547742843628,1766818960275
2,0.03151460736989975,1766818960440
2,0.08650694787502289,1766818960632
2,0.04383261129260063,1766818960876
2,0.05767887085676193,1766818961173
2,0.03961169347167015,1766818961374
2,0.05479734390974045,1766818961573
2,0.09930958598852158,1766818961808
2,0.008656991645693779,1766818962000
2,0.017531977966427803,1766818962235
2,0.043748050928115845,1766818962476
2,0.24916274845600128,1766818962678
2,0.015344792976975441,1766818962889
2,0.13149681687355042,1766818963071
2,0.08962485194206238,1766818963306
2,0.05084151774644852,1766818963587
2,0.09852325171232224,1766818963797
2,0.09498417377471924,1766818964048
2,0.008655735291540623,1766818964249
2,0.15851934254169464,1766818964551
2,0.08599041402339935,1766818964756
2,0.12734468281269073,1766818964941
2,0.07979513704776764,1766818965210
2,0.02094736322760582,1766818965420
2,0.2141149491071701,1766818965676
2,0.11031365394592285,1766818965923
2,0.06318540871143341,1766818966138
2,0.11286383122205734,1766818966412
2,0.0973227471113205,1766818966656
2,0.05029959976673126,1766818966890
2,0.11427488923072815,1766818967120
2,0.08778904378414154,1766818967302
2,0.15026089549064636,1766818967564
2,0.0447162501513958,1766818967798
2,0.014230124652385712,1766818968076
2,0.23725324869155884,1766818968283
2,0.010946891270577908,1766818968492
2,0.04244610667228699,1766818968807
2,0.049797698855400085,1766818969007
2,0.21351760625839233,1766818969187
2,0.053718551993370056,1766818969410
2,0.09709732234477997,1766818969609
2,0.25314897298812866,1766818969874
2,0.10498315095901489,1766818970120
2,0.06425272673368454,1766818970328
2,0.1675783097743988,1766818970618
2,0.06591122597455978,1766818970840
2,0.07254815101623535,1766818971054
2,0.12578299641609192,1766818971295
2,0.008817065507173538,1766818971519
2,0.046102315187454224,1766818971794
2,0.10991626977920532,1766818972067
2,0.0818503350019455,1766818972303
2,0.034520260989665985,1766818972574
2,0.0337899886071682,1766818972803
2,0.04163854941725731,1766818973058
2,0.05140035226941109,1766818973258
2,0.011478371918201447,1766818973431
2,0.07987147569656372,1766818973630
2,0.034775927662849426,1766818973890
2,0.012658116407692432,1766818974104
2,0.039286937564611435,1766818974414
2,0.0028376756235957146,1766818974710
2,0.048293884843587875,1766818974951
2,0.06235787272453308,1766818975175
2,0.2643550932407379,1766818975401
2,0.16324833035469055,1766818975624
2,0.0014359132619574666,1766818975854
2,0.039751697331666946,1766818976120
2,0.08750483393669128,1766818976359
2,0.005296576768159866,1766818976636
2,0.13797327876091003,1766818976844
2,0.018754787743091583,1766818977031
2,0.027801472693681717,1766818977220
2,0.032067976891994476,1766818977411
2,0.03406209498643875,1766818977627
2,0.06497817486524582,1766818977825
2,0.2587019205093384,1766818978010
2,0.002391372574493289,1766818978228
2,0.025223849341273308,1766818978435
2,0.06838732957839966,1766818978666
2,0.1102135106921196,1766818978950
2,0.04717375338077545,1766818979190
2,0.20725929737091064,1766818979390
2,0.08367739617824554,1766818979638
2,0.04333319887518883,1766818979960
2,0.2854003310203552,1766818980166
2,0.049350984394550323,1766818980352
2,0.07480262219905853,1766818980533
2,0.11301977932453156,1766818980737
2,0.10812000930309296,1766818980992
2,0.061521198600530624,1766818981276
2,0.08228344470262527,1766818981489
2,0.11599767208099365,1766818981744
2,0.2351500391960144,1766818981949
2,0.04297355189919472,1766818982134
2,0.035147618502378464,1766818982313
2,0.07385065406560898,1766818982501
2,0.15767264366149902,1766818982728
2,0.06796670705080032,1766818982993
2,0.12625883519649506,1766818983242
2,0.16257673501968384,1766818983414
2,0.10925140231847763,1766818983655
2,0.1550334095954895,1766818984004
2,0.057530585676431656,1766818984245
2,0.2316979318857193,1766818984428
2,0.06366878002882004,1766818984673
2,0.2628107964992523,1766818984863
2,0.03715518116950989,1766818985186
2,0.1985333412885666,1766818985470
2,0.06833724677562714,1766818985690
2,0.002858687425032258,1766818985972
2,0.05573616549372673,1766818986198
2,0.024117475375533104,1766818986406
2,0.169709712266922,1766818986618
2,0.3302265703678131,1766818986810
2,0.15308772027492523,1766818987036
2,0.27337920665740967,1766818987268
2,0.1790715903043747,1766818987491
2,0.05633297562599182,1766818987693
2,0.07636860013008118,1766818987924
2,0.00406058831140399,1766818988151
2,0.023407751694321632,1766818988434
2,0.08442699909210205,1766818988654
2,0.03910316526889801,1766818988822
2,0.09964276105165482,1766818989039
2,0.19323550164699554,1766818989260
2,0.08572196960449219,1766818989453
2,0.17567455768585205,1766818989638
2,0.12277564406394958,1766818989821
2,0.05424771085381508,1766818990018
2,0.14358475804328918,1766818990267
2,0.30666500329971313,1766818990491
2,0.07331003993749619,1766818990750
2,0.13960407674312592,1766818990946
2,0.08086764067411423,1766818991170
2,0.1377333104610443,1766818991441
2,0.35375940799713135,1766818991658
2,0.197099506855011,1766818991867
2,0.016637377440929413,1766818992118
2,0.03451142832636833,1766818992317
2,0.07306379079818726,1766818992557
2,0.0974845439195633,1766818992769
2,0.10536883771419525,1766818992992
2,0.10715211182832718,1766818993199
2,0.060474298894405365,1766818993377
2,0.04584904760122299,1766818993634
2,0.07261484116315842,1766818993857
2,0.23002958297729492,1766818994120
2,0.09603101015090942,1766818994337
2,0.08687092363834381,1766818994514
2,0.029650725424289703,1766818994743
2,0.10553473979234695,1766818994950
2,0.07344881445169449,1766818995181
2,0.08931652456521988,1766818995410
2,0.058615487068891525,1766818995644
2,0.0045239562168717384,1766818995890
2,0.10674121230840683,1766818996148
2,0.22676627337932587,1766818996391
2,0.03973247483372688,1766818996636
2,0.012236612848937511,1766818996846
2,0.018828904256224632,1766818997121
2,0.1612480729818344,1766818997313
2,0.059786222875118256,1766818997507
2,0.14364446699619293,1766818997707
2,0.02502461150288582,1766818997891
2,0.19631163775920868,1766818998092
2,0.06259752810001373,1766818998339
2,0.041985027492046356,1766818998558
2,0.3191283643245697,1766818998792
2,0.18997950851917267,1766818998977
2,0.016576318070292473,1766818999212
2,0.02658158540725708,1766818999483
2,0.08092391490936279,1766818999698
2,0.059425074607133865,1766818999902
2,0.09687349200248718,1766819000116
2,0.1640842854976654,1766819000358
2,0.4768925905227661,1766819000566
2,0.03741399571299553,1766819000883
2,0.24297107756137848,1766819001109
2,0.22064369916915894,1766819001361
2,0.06821323931217194,1766819001594
2,0.1579216867685318,1766819001798
2,0.08736544102430344,1766819002037
2,0.40390703082084656,1766819002272
2,0.21628981828689575,1766819002502
2,0.05418067425489426,1766819002781
2,0.10666339099407196,1766819003006
2,0.38402894139289856,1766819003253
2,0.1652953028678894,1766819003520
2,0.16185909509658813,1766819003705
2,0.037467166781425476,1766819004039
2,0.03497832268476486,1766819004239
2,0.10070967674255371,1766819004425
2,0.05622332915663719,1766819004646
2,0.18944422900676727,1766819004841
2,0.06569599360227585,1766819005075
2,0.1217937096953392,1766819005312
2,0.07074732333421707,1766819005508
2,0.03950820118188858,1766819005805
2,0.048922210931777954,1766819006004
2,0.11936056613922119,1766819006278
2,0.07573147118091583,1766819006493
2,0.08161327242851257,1766819006719
2,0.16764433681964874,1766819006948
2,0.07686780393123627,1766819007243
2,0.031949274241924286,1766819007461
2,0.010348118841648102,1766819007768
2,0.1061052680015564,1766819008043
2,0.10364490002393723,1766819008248
2,0.21801692247390747,1766819008486
2,0.3355962932109833,1766819008721
2,0.16623249650001526,1766819008977
2,0.10263510048389435,1766819009232
2,0.18773657083511353,1766819009513
2,0.05562354624271393,1766819009799
2,0.10007195174694061,1766819010007
2,0.0032945876009762287,1766819010210
2,0.059452369809150696,1766819010428
2,0.03340185061097145,1766819010632
2,0.010303247720003128,1766819010889
2,0.155114084482193,1766819011075
2,0.09112268686294556,1766819011285
2,0.0372895672917366,1766819011491
2,0.16394829750061035,1766819011732
2,0.05714533478021622,1766819011984
2,0.05641567334532738,1766819012200
2,0.18275049328804016,1766819012392
2,0.09391162544488907,1766819012681
2,0.13795599341392517,1766819012966
2,0.02978508360683918,1766819013257
2,0.04617708921432495,1766819013471
2,0.06146853417158127,1766819013651
2,0.020033568143844604,1766819013872
2,0.014414098113775253,1766819014116
2,0.1208297461271286,1766819014406
2,0.05753462016582489,1766819014615
2,0.19372433423995972,1766819014802
2,0.085173599421978,1766819014981
2,0.0344691127538681,1766819015200
2,0.17360612750053406,1766819015541
2,0.12610585987567902,1766819015734
2,0.1317262053489685,1766819015916
2,0.17598363757133484,1766819016127
2,0.0693943053483963,1766819016310
2,0.06312808394432068,1766819016505
2,0.05877211317420006,1766819016727
2,0.039105601608753204,1766819017018
2,0.06744827330112457,1766819017254
2,0.05619573965668678,1766819017467
2,0.08125340193510056,1766819017664
2,0.13179248571395874,1766819017907
2,0.0797872245311737,1766819018225
2,0.21987700462341309,1766819018448
2,0.19917289912700653,1766819018627
2,0.030522702261805534,1766819018888
2,0.0724620595574379,1766819019139
2,0.0962938666343689,1766819019315
2,0.24006783962249756,1766819019523
2,0.21374580264091492,1766819019740
2,0.040299784392118454,1766819019962
2,0.12394540011882782,1766819020184
2,0.042763516306877136,1766819020405
2,0.08081874251365662,1766819020604
2,0.04555059224367142,1766819020867
2,0.014664326794445515,1766819021090
2,0.05501868575811386,1766819021296
2,0.03750578686594963,1766819021508
2,0.1573057472705841,1766819021703
2,0.0032215784303843975,1766819021915
2,0.12866167724132538,1766819022172
2,0.061677806079387665,1766819022453
2,0.19168594479560852,1766819022646
2,0.08161217719316483,1766819022888
2,0.22369541227817535,1766819023078
2,0.09465815126895905,1766819023267
2,0.08154445141553879,1766819023585
2,0.11366356909275055,1766819023791
2,0.09362904727458954,1766819024002
2,0.030042340978980064,1766819024265
2,0.15669041872024536,1766819024638
2,0.09680677950382233,1766819024853
2,0.10115931928157806,1766819025125
2,0.06276961416006088,1766819025332
2,0.023903382942080498,1766819025513
2,0.1300998479127884,1766819025710
2,0.005273991730064154,1766819025906
2,0.03358941525220871,1766819026108
2,0.0008823550888337195,1766819026365
2,0.02422068826854229,1766819026644
2,0.06668953597545624,1766819026898
2,0.031655970960855484,1766819027166
2,0.08066866546869278,1766819027420
2,0.0618421696126461,1766819027746
2,0.009391196072101593,1766819027992
2,0.08882972598075867,1766819028166
2,0.03261836618185043,1766819028356
2,0.02519293501973152,1766819028530
2,0.014826253987848759,1766819028728
2,0.13633036613464355,1766819028914
2,0.08333197981119156,1766819029116
2,0.05438646674156189,1766819029315
2,0.04076477140188217,1766819029642
2,0.29938164353370667,1766819029845
2,0.10593698173761368,1766819030045
2,0.06021661311388016,1766819030252
2,0.2472868710756302,1766819030594
2,0.08322004228830338,1766819030791
2,0.30326029658317566,1766819031020
2,0.3851182162761688,1766819031281
2,0.07286925613880157,1766819031450
2,0.008781838230788708,1766819031644
2,0.29655182361602783,1766819031903
2,0.05825025215744972,1766819032118
2,0.12633460760116577,1766819032419
2,0.07420921325683594,1766819032637
2,0.11245615780353546,1766819032822
2,0.06464213877916336,1766819033051
2,0.05104835703969002,1766819033259
2,0.051335010677576065,1766819033480
2,0.0777558982372284,1766819033698
2,0.03821346163749695,1766819033902
2,0.029396316036581993,1766819034105
2,0.01000240445137024,1766819034307
2,0.0628189966082573,1766819034523
2,0.18457873165607452,1766819034793
2,0.009927214123308659,1766819035112
2,0.06535777449607849,1766819035315
2,0.0554765984416008,1766819035576
2,0.0008358871564269066,1766819035776
2,0.23828789591789246,1766819035966
2,0.013730297796428204,1766819036250
2,0.23325666785240173,1766819036494
2,0.17454519867897034,1766819036698
2,0.07156955450773239,1766819036967
2,0.01662668213248253,1766819037170
2,0.1288674771785736,1766819037372
2,0.04296937212347984,1766819037618
2,0.07274023443460464,1766819037805
2,0.5285110473632812,1766819038027
2,0.06517653912305832,1766819038214
2,0.04449621960520744,1766819038437
2,0.006094695068895817,1766819038679
2,0.12796324491500854,1766819038881
2,0.047940175980329514,1766819039137
2,0.0362466499209404,1766819039360
2,0.08567224442958832,1766819039575
2,0.21265336871147156,1766819039798
2,0.017574075609445572,1766819040053
2,0.0341172032058239,1766819040271
2,0.11891362071037292,1766819040518
2,0.21357674896717072,1766819040785
2,0.1175738200545311,1766819041051
2,0.007829636335372925,1766819041291
2,0.021008014678955078,1766819041694
2,0.18646982312202454,1766819041857
2,0.03957410529255867,1766819042048
2,0.09126551449298859,1766819042244
2,0.03579282760620117,1766819042450
2,0.026818644255399704,1766819042652
2,0.13233205676078796,1766819042827
2,0.09907552599906921,1766819043055
2,0.03539508581161499,1766819043345
2,0.06195995956659317,1766819043562
2,0.1405186951160431,1766819043818
2,0.02913140319287777,1766819044079
2,0.016113048419356346,1766819044279
2,0.3365587294101715,1766819044483
2,0.06860798597335815,1766819044686
2,0.08281119912862778,1766819044924
2,0.131195068359375,1766819045133
2,0.08651772141456604,1766819045372
2,0.003243230516090989,1766819045596
2,0.23221825063228607,1766819045881
2,0.018733395263552666,1766819046064
2,0.03077734261751175,1766819046240
2,0.09613285958766937,1766819046434
2,0.031748030334711075,1766819046678
2,0.0832701325416565,1766819046968
2,0.2306233048439026,1766819047224
2,0.024998925626277924,1766819047430
2,0.13484683632850647,1766819047663
2,0.03917594626545906,1766819047950
2,0.24143864214420319,1766819048164
2,0.020467326045036316,1766819048472
2,0.07199177145957947,1766819048661
2,0.12225820124149323,1766819048858
2,0.01676979474723339,1766819049053
2,0.07692418992519379,1766819049338
2,0.21666380763053894,1766819049695
2,0.026215244084596634,1766819049896
2,0.0866212323307991,1766819050090
2,0.17625722289085388,1766819050319
2,0.03141828998923302,1766819050514
2,0.20259608328342438,1766819050724
2,0.18522170186042786,1766819050937
2,0.016211284324526787,1766819051143
2,0.08610564470291138,1766819051397
2,0.2635858654975891,1766819051615
2,0.016692955046892166,1766819051880
2,0.017255881801247597,1766819052081
2,0.2489679604768753,1766819052304
2,0.2909611761569977,1766819052528
2,0.09700147062540054,1766819052729
2,0.015126664191484451,1766819053000
2,0.03604493662714958,1766819053255
2,0.12660780549049377,1766819053455
2,0.04412472993135452,1766819053699
2,0.11508730798959732,1766819053933
2,0.24539901316165924,1766819054115
2,0.10950220376253128,1766819054335
2,0.01645561493933201,1766819054566
2,0.1593816578388214,1766819054816
2,0.3915494382381439,1766819055083
2,0.13304755091667175,1766819055337
2,0.046137284487485886,1766819055622
2,0.06421246379613876,1766819055900
2,0.06321188807487488,1766819056082
2,0.08242280781269073,1766819056258
2,0.10721014440059662,1766819056467
2,0.10419696569442749,1766819056681
2,0.29407644271850586,1766819056902
2,0.1265975385904312,1766819057221
2,0.08179762214422226,1766819057424
2,0.07062239944934845,1766819057657
2,0.06099172309041023,1766819057938
2,0.12011763453483582,1766819058166
2,0.12986662983894348,1766819058395
2,0.00393647002056241,1766819058628
2,0.03637460619211197,1766819058835
2,0.10477925837039948,1766819059050
2,0.11384841799736023,1766819059320
2,0.17466792464256287,1766819059513
2,0.0798877403140068,1766819059731
2,0.18608376383781433,1766819059935
2,0.16899435222148895,1766819060203
2,0.0758402869105339,1766819060442
2,0.06860332936048508,1766819060645
2,0.014740238897502422,1766819060908
2,0.0209049042314291,1766819061159
2,0.006440168246626854,1766819061367
2,0.005952592473477125,1766819061607
2,0.14447520673274994,1766819061877
2,0.14622166752815247,1766819062106
2,0.12122830748558044,1766819062328
2,0.07692879438400269,1766819062683
2,0.11856011301279068,1766819062942
2,0.055611640214920044,1766819063132
2,0.0762200653553009,1766819063353
2,0.04637499153614044,1766819063584
2,0.15217754244804382,1766819063834
2,0.03117864951491356,1766819064033
2,0.07598353922367096,1766819064203
2,0.08464623242616653,1766819064431
2,0.12674842774868011,1766819064674
2,0.10407663881778717,1766819064885
2,0.1750817447900772,1766819065135
2,0.101475290954113,1766819065397
2,0.022779688239097595,1766819065628
2,0.08552011102437973,1766819065809
2,0.02648366242647171,1766819066029
2,0.08977052569389343,1766819066271
2,0.08190704882144928,1766819066545
2,0.04127846285700798,1766819066814
2,0.023328054696321487,1766819067057
2,0.5067350268363953,1766819067396
2,0.26533934473991394,1766819067611
2,0.1513843834400177,1766819067809
2,0.03683808445930481,1766819068016
2,0.07565365731716156,1766819068229
2,0.09569068253040314,1766819068436
2,0.044117264449596405,1766819068676
2,0.059779658913612366,1766819068914
2,0.2028610110282898,1766819069137
2,0.013939986936748028,1766819069445
2,0.06757650524377823,1766819069683
2,0.021085062995553017,1766819069978
2,0.03467540815472603,1766819070174
2,0.2046366035938263,1766819070399
2,0.009298315271735191,1766819070620
2,0.037718143314123154,1766819070965
2,0.08023802936077118,1766819071157
2,0.13984516263008118,1766819071498
2,0.42437952756881714,1766819071727
2,0.0021890481002628803,1766819071900
2,0.058849822729825974,1766819072131
2,0.012736928649246693,1766819072349
2,0.07947298884391785,1766819072600
2,0.23095372319221497,1766819072880
2,0.1807543933391571,1766819073082
2,0.2544288635253906,1766819073304
2,0.24859875440597534,1766819073513
2,0.09597526490688324,1766819073749
2,0.20473405718803406,1766819073976
2,0.020163891837000847,1766819074183
2,0.004441041965037584,1766819074479
2,0.18026027083396912,1766819074672
2,0.05281742289662361,1766819074882
2,0.0658600926399231,1766819075209
2,0.041100312024354935,1766819075417
2,0.12410733848810196,1766819075587
2,0.17523367702960968,1766819075768
2,0.056654199957847595,1766819075958
2,0.0826295018196106,1766819076181
2,0.07813539355993271,1766819076468
2,0.29704558849334717,1766819076678
2,0.19353285431861877,1766819076862
2,0.32141196727752686,1766819077072
2,0.2881147265434265,1766819077365
2,0.18860484659671783,1766819077612
2,0.038345057517290115,1766819077830
2,0.17983432114124298,1766819078072
2,0.1358160674571991,1766819078318
2,0.14016413688659668,1766819078508
2,0.16117531061172485,1766819078699
2,0.17684489488601685,1766819079010
2,0.07015062868595123,1766819079233
2,0.05355442315340042,1766819079499
2,0.06382803618907928,1766819079748
2,0.17972949147224426,1766819079999
2,0.3058675527572632,1766819080229
2,0.06753887981176376,1766819080474
2,0.013315830379724503,1766819080664
2,0.04984305053949356,1766819080945
2,0.18538665771484375,1766819081172
2,0.03610650822520256,1766819081354
2,0.07224234938621521,1766819081588
2,0.052809447050094604,1766819081820
2,0.07084666937589645,1766819082046
2,0.10299701243638992,1766819082283
2,0.024500327184796333,1766819082473
2,0.08148461580276489,1766819082677
2,0.10775461792945862,1766819083075
2,0.10878956317901611,1766819083305
2,0.04899869114160538,1766819083540
2,0.02775554172694683,1766819083771
2,0.036810386925935745,1766819083957
2,0.025958146899938583,1766819084160
2,0.09277188777923584,1766819084348
2,0.005341504234820604,1766819084545
2,0.05897517129778862,1766819084750
2,0.03037162870168686,1766819084959
2,0.00744315842166543,1766819085187
2,0.229127436876297,1766819085455
2,0.003100376110523939,1766819085681
2,0.21015198528766632,1766819085893
2,0.05937354639172554,1766819086165
2,0.032060325145721436,1766819086374
2,0.11969885230064392,1766819086609
2,0.004344375804066658,1766819086802
2,0.011306271888315678,1766819087083
2,0.06089875474572182,1766819087302
2,0.13800910115242004,1766819087501
2,0.2903198301792145,1766819087690
2,0.01896044798195362,1766819087886
2,0.0761224627494812,1766819088074
2,0.05245238170027733,1766819088294
2,0.00561881996691227,1766819088584
2,0.066176638007164,1766819088777
2,0.011400689370930195,1766819089019
2,0.006693643983453512,1766819089219
2,0.03181082010269165,1766819089495
2,0.23405499756336212,1766819089715
2,0.04495532438158989,1766819089899
2,0.062465835362672806,1766819090133
2,0.15058179199695587,1766819090440
2,0.018529273569583893,1766819090669
2,0.18451908230781555,1766819090879
2,0.1131395697593689,1766819091076
2,0.06998403370380402,1766819091283
2,0.08102035522460938,1766819091489
2,0.14356954395771027,1766819091745
2,0.03140261024236679,1766819091971
2,0.08619208633899689,1766819092198
2,0.12512999773025513,1766819092457
2,0.0911223292350769,1766819092680
2,0.03308887779712677,1766819092915
2,0.017753664404153824,1766819093152
2,0.1824798732995987,1766819093358
2,0.19483976066112518,1766819093649
2,0.0005719805485568941,1766819093895
2,0.020995421335101128,1766819094138
2,0.09671828150749207,1766819094341
2,0.013496934436261654,1766819094530
2,0.21001282334327698,1766819094790
2,0.09825368970632553,1766819095000
2,0.1156282126903534,1766819095249
2,0.1685258150100708,1766819095451
2,0.08256511390209198,1766819095627
2,0.0039973184466362,1766819095874
2,0.3104320168495178,1766819096126
2,0.17961612343788147,1766819096348
2,0.26090994477272034,1766819096611
2,0.018118856474757195,1766819096808
2,0.1539621502161026,1766819097026
2,0.019389409571886063,1766819097219
2,0.026835523545742035,1766819097403
2,0.09195458889007568,1766819097615
2,0.04640328139066696,1766819097829
2,0.01976795494556427,1766819098066
2,0.004214576445519924,1766819098309
2,0.03142843022942543,1766819098610
2,0.0749264806509018,1766819098839
2,0.1138024628162384,1766819099023
2,0.08004368841648102,1766819099234
2,0.011397795751690865,1766819099404
2,0.023538434877991676,1766819099616
2,0.021887727081775665,1766819099804
2,0.05954262614250183,1766819100139
2,0.031048428267240524,1766819100343
2,0.08684869110584259,1766819100541
2,0.13486292958259583,1766819100844
2,0.007999839261174202,1766819101078
2,0.03742852807044983,1766819101260
2,0.14695966243743896,1766819101499
2,0.0963032990694046,1766819101786
2,0.0839613825082779,1766819102059
2,0.006832714192569256,1766819102323
2,0.0940280482172966,1766819102517
2,0.01189371943473816,1766819102769
2,0.07431439310312271,1766819102987
2,0.25403279066085815,1766819103221
2,0.006748410873115063,1766819103426
2,0.19987384974956512,1766819103609
2,0.030054429545998573,1766819103867
2,0.001325471792370081,1766819104070
2,0.028092408552765846,1766819104288
2,0.043004922568798065,1766819104625
2,0.027744639664888382,1766819104859
2,0.07013805955648422,1766819105075
2,0.013511375524103642,1766819105281
2,0.07525722682476044,1766819105471
2,0.0594276525080204,1766819105678
2,0.08564072102308273,1766819105960
2,0.08636545389890671,1766819106151
2,0.021475890651345253,1766819106366
2,0.24883902072906494,1766819106588
2,0.03152158111333847,1766819106797
2,0.02345074713230133,1766819107014
2,0.24707560241222382,1766819107297
2,0.15160247683525085,1766819107518
2,0.028160177171230316,1766819107711
2,0.038782209157943726,1766819107917
2,0.08267714083194733,1766819108153
2,0.09682092070579529,1766819108394
2,0.15264570713043213,1766819108659
2,0.04866630584001541,1766819108883
2,0.002393411472439766,1766819109080
2,0.05658911168575287,1766819109354
2,0.09659405052661896,1766819109645
2,0.16620390117168427,1766819109849
2,0.10713541507720947,1766819110068
2,0.009155459702014923,1766819110336
2,0.05674673616886139,1766819110553
2,0.00825213547796011,1766819110748
2,0.002934122923761606,1766819110920
2,0.161147803068161,1766819111119
2,0.14461390674114227,1766819111376
2,0.28831395506858826,1766819111641
2,0.26580387353897095,1766819111876
2,0.029158324003219604,1766819112091
2,0.01751292124390602,1766819112353
2,0.09906703233718872,1766819112620
2,0.17738789319992065,1766819112923
2,0.056180357933044434,1766819113097
2,0.08854913711547852,1766819113348
2,0.050421860069036484,1766819113564
2,0.08871538192033768,1766819113748
2,0.04307544231414795,1766819114046
2,0.015399938449263573,1766819114224
2,0.1864483654499054,1766819114421
2,0.16100913286209106,1766819114638
2,0.10015591233968735,1766819114823
2,0.03571811318397522,1766819115056
2,0.005343735218048096,1766819115270
2,0.09934651106595993,1766819115606
2,0.1307772547006607,1766819115808
2,0.07004673033952713,1766819116012
2,0.08472467958927155,1766819116253
2,0.024295194074511528,1766819116455
2,0.028259361162781715,1766819116700
2,0.04349468648433685,1766819116926
2,0.07932393252849579,1766819117113
2,0.029008958488702774,1766819117343
2,0.02181233838200569,1766819117533
2,0.18883705139160156,1766819117769
2,0.12261514365673065,1766819118061
2,0.049151476472616196,1766819118242
2,0.07990159839391708,1766819118514
2,0.032541774213314056,1766819118780
2,0.10136064141988754,1766819119015
2,0.2529054582118988,1766819119203
2,0.042573511600494385,1766819119416
2,0.044780489057302475,1766819119710
2,0.015223691239953041,1766819119925
2,0.045009974390268326,1766819120091
2,0.19617831707000732,1766819120285
2,0.12809276580810547,1766819120500
2,0.11283029615879059,1766819120765
2,0.11740259826183319,1766819120999
2,0.05522400885820389,1766819121243
2,0.1519949734210968,1766819121539
2,0.03795536607503891,1766819121739
2,0.02150682918727398,1766819122036
2,0.0068006073124706745,1766819122219
2,0.0058722104877233505,1766819122416
2,0.05546598136425018,1766819122620
2,0.12593086063861847,1766819122790
2,0.008406507782638073,1766819122961
2,0.03764564171433449,1766819123131
2,0.13854412734508514,1766819123332
2,0.08011041581630707,1766819123542
2,0.04032847285270691,1766819123767
2,0.10396064817905426,1766819123992
2,0.13371145725250244,1766819124235
2,0.012780779972672462,1766819124610
2,0.05388320982456207,1766819124824
2,0.06710675358772278,1766819124996
2,0.01099500060081482,1766819125249
2,0.03378777205944061,1766819125530
2,0.04420635476708412,1766819125793
2,0.034174561500549316,1766819126058
2,0.009511350654065609,1766819126264
2,0.056196995079517365,1766819126465
2,0.05466131120920181,1766819126682
2,0.09112312644720078,1766819126886
2,0.013477437198162079,1766819127117
2,0.12987788021564484,1766819127348
2,0.09852035343647003,1766819127574
2,0.004750697873532772,1766819127861
2,0.004215278197079897,1766819128052
2,0.22472286224365234,1766819128249
2,0.45739567279815674,1766819128461
2,0.047469500452280045,1766819128646
2,0.1695050299167633,1766819128934
2,0.04930146038532257,1766819129112
2,0.16905654966831207,1766819129289
2,0.034818388521671295,1766819129482
2,0.025717003270983696,1766819129675
2,0.06538981199264526,1766819129877
2,0.014956161379814148,1766819130106
2,0.012351544573903084,1766819130460
2,0.024430088698863983,1766819130669
2,0.033636923879384995,1766819130849
2,0.0014805938117206097,1766819131076
2,0.07442358881235123,1766819131253
2,0.00944464560598135,1766819131449
2,0.07074874639511108,1766819131653
2,0.014123400673270226,1766819131898
2,0.09648766368627548,1766819132155
2,0.1015833169221878,1766819132356
2,0.02501172572374344,1766819132641
2,0.057329729199409485,1766819132877
2,0.17352072894573212,1766819133085
2,0.0020729973912239075,1766819133497
2,0.051797788590192795,1766819133661
2,0.024793803691864014,1766819133842
2,0.00473648589104414,1766819134127
2,0.043598759919404984,1766819134366
2,0.0847645252943039,1766819134602
2,0.16009746491909027,1766819134814
2,0.019064759835600853,1766819135005
2,0.04512638971209526,1766819135207
2,0.06644680351018906,1766819135452
2,0.18688493967056274,1766819135692
2,0.005769677925854921,1766819135919
2,0.01798401027917862,1766819136146
2,0.09421635419130325,1766819136431
2,0.09584051370620728,1766819136663
2,0.0013333199312910438,1766819136884
2,0.0546596460044384,1766819137085
2,0.00781445112079382,1766819137297
2,0.020230429247021675,1766819137493
2,0.055932190269231796,1766819137667
2,0.2388646900653839,1766819137905
2,0.007653175387531519,1766819138186
2,0.000918117759283632,1766819138388
2,0.1055309996008873,1766819138595
2,0.049988169223070145,1766819138808
2,0.07368959486484528,1766819139005
2,0.05951177701354027,1766819139196
2,0.004584742244333029,1766819139466
2,0.09611587971448898,1766819139757
2,0.07276949286460876,1766819140001
2,0.0016572019085288048,1766819140223
2,0.21478278934955597,1766819140411
2,0.03150005638599396,1766819140661
2,0.09404456615447998,1766819140903
2,0.02367353066802025,1766819141197
2,0.046670395880937576,1766819141437
2,0.10721735656261444,1766819141646
2,0.03594321757555008,1766819141831
2,0.01286974549293518,1766819142069
2,0.055584948509931564,1766819142326
2,0.006517589557915926,1766819142562
2,0.17864710092544556,1766819142775
2,0.29234424233436584,1766819143004
2,0.017712783068418503,1766819143211
2,0.02225576527416706,1766819143390
2,0.2849268615245819,1766819143577
2,0.08834373950958252,1766819143754
2,0.11956677585840225,1766819143978
2,0.15830177068710327,1766819144195
2,0.01408078707754612,1766819144419
2,0.14999011158943176,1766819144634
2,0.057119280099868774,1766819144879
2,0.06767749786376953,1766819145146
2,0.06087343022227287,1766819145384
2,0.05980515480041504,1766819145663
2,0.008777167648077011,1766819145865
2,0.04483415186405182,1766819146076
2,0.026567110791802406,1766819146310
2,0.011950623244047165,1766819146530
2,0.0582825243473053,1766819146750
2,0.08167959004640579,1766819147008
2,0.11234136670827866,1766819147245
2,0.3384011387825012,1766819147479
2,0.041548747569322586,1766819147672
2,0.050034575164318085,1766819147859
2,0.08754901587963104,1766819148056
2,0.03921473026275635,1766819148323
2,0.015611655078828335,1766819148518
2,0.049409739673137665,1766819148691
2,0.016788072884082794,1766819148910
2,0.11516677588224411,1766819149099
2,0.15942984819412231,1766819149337
2,0.01165251899510622,1766819149556
2,0.04020022600889206,1766819149766
2,0.4707711338996887,1766819149970
3,0.04778190702199936,1766819150196
3,0.02214633673429489,1766819150420
3,0.0007562170503661036,1766819150641
3,0.035798080265522,1766819150818
3,0.03054644539952278,1766819151021
3,0.1297983080148697,1766819151225
3,0.09080520272254944,1766819151437
3,0.23954403400421143,1766819151607
3,0.06535638868808746,1766819151902
3,0.03109767474234104,1766819152112
3,0.12537673115730286,1766819152345
3,0.07042823731899261,1766819152574
3,0.0076972260139882565,1766819152886
3,0.05295353755354881,1766819153055
3,0.00562161672860384,1766819153246
3,0.20601344108581543,1766819153447
3,0.036110762506723404,1766819153695
3,0.036169566214084625,1766819153891
3,0.02498313970863819,1766819154087
3,0.00762211624532938,1766819154278
3,0.05098150670528412,1766819154488
3,0.06543239951133728,1766819154758
3,0.0271124430000782,1766819154963
3,0.001120267203077674,1766819155155
3,0.0193808414041996,1766819155362
3,0.029289931058883667,1766819155608
3,8.50270880619064e-05,1766819155826
3,0.18210667371749878,1766819156028
3,0.11743699759244919,1766819156243
3,0.0552244633436203,1766819156493
3,0.09021011739969254,1766819156729
3,0.06616156548261642,1766819157012
3,0.011978747323155403,1766819157234
3,0.09473562985658646,1766819157416
3,0.21060360968112946,1766819157633
3,0.07791095972061157,1766819157837
3,0.0273231640458107,1766819158148
3,0.03759373724460602,1766819158332
3,0.06828758865594864,1766819158548
3,0.06587778031826019,1766819158747
3,0.04753265529870987,1766819159001
3,0.04211457073688507,1766819159188
3,0.12214422225952148,1766819159396
3,0.04788925126194954,1766819159630
3,0.05080271512269974,1766819159833
3,0.013025996275246143,1766819160089
3,0.07814328372478485,1766819160287
3,0.007761272136121988,1766819160479
3,0.0524357333779335,1766819160681
3,0.2337561547756195,1766819160883
3,0.09253338724374771,1766819161087
3,0.04607894644141197,1766819161271
3,0.04871863126754761,1766819161473
3,0.10585174709558487,1766819161717
3,0.03964401036500931,1766819161982
3,0.10629024356603622,1766819162182
3,0.009971827268600464,1766819162401
3,0.13131441175937653,1766819162648
3,0.031724296510219574,1766819162888
3,0.1133817732334137,1766819163071
3,0.030523156747221947,1766819163266
3,0.039458125829696655,1766819163449
3,0.006333084311336279,1766819163745
3,0.07833515107631683,1766819163981
3,0.04419490694999695,1766819164173
3,0.08962012082338333,1766819164425
3,0.0360989011824131,1766819164675
3,0.016566142439842224,1766819164955
3,0.024616848677396774,1766819165247
3,0.18115569651126862,1766819165468
3,0.3454490303993225,1766819165676
3,0.21400150656700134,1766819165871
3,0.09499141573905945,1766819166112
3,0.0841662660241127,1766819166328
3,0.04858000576496124,1766819166506
3,0.020380405709147453,1766819166707
3,0.0014999801060184836,1766819166931
3,0.058007486164569855,1766819167168
3,0.047574326395988464,1766819167366
3,0.05174674093723297,1766819167577
3,0.014775888063013554,1766819167788
3,0.011410624720156193,1766819168061
3,0.006816226989030838,1766819168253
3,0.11115004122257233,1766819168448
3,0.04172436147928238,1766819168634
3,0.015654077753424644,1766819168829
3,0.05865556374192238,1766819169063
3,0.206189826130867,1766819169264
3,0.20560069382190704,1766819169461
3,0.11398755759000778,1766819169736
3,0.002868418116122484,1766819169915
3,0.030174612998962402,1766819170112
3,0.18683341145515442,1766819170321
3,0.0581626370549202,1766819170519
3,0.08788057416677475,1766819170759
3,0.03989337012171745,1766819171014
3,0.05237968638539314,1766819171209
3,0.09490272402763367,1766819171400
3,0.025895409286022186,1766819171576
3,0.21148496866226196,1766819171801
3,0.03855881839990616,1766819172047
3,0.02278742380440235,1766819172316
3,0.035731859505176544,1766819172526
3,0.016562413424253464,1766819172795
3,0.05017852038145065,1766819173008
3,0.0029433465097099543,1766819173204
3,0.1072157546877861,1766819173379
3,0.0020257795695215464,1766819173553
3,0.05113785341382027,1766819173788
3,0.004013650119304657,1766819174069
3,0.1350262463092804,1766819174317
3,0.039065536111593246,1766819174525
3,0.010616551153361797,1766819174746
3,0.16207760572433472,1766819174975
3,0.11171454191207886,1766819175187
3,0.1604064702987671,1766819175415
3,0.011351028457283974,1766819175614
3,0.04313720762729645,1766819175787
3,0.04590919613838196,1766819175990
3,0.018102305009961128,1766819176205
3,0.15647301077842712,1766819176412
3,0.005526637192815542,1766819176634
3,0.18222114443778992,1766819176831
3,0.0008961716084741056,1766819177006
3,0.1047677993774414,1766819177338
3,0.03528844192624092,1766819177505
3,0.1448003500699997,1766819177686
3,0.03278267756104469,1766819177901
3,0.04784107953310013,1766819178127
3,0.09795474261045456,1766819178309
3,0.0828866958618164,1766819178492
3,0.010313795879483223,1766819178757
3,0.15512993931770325,1766819178961
3,0.08060850203037262,1766819179237
3,0.059764258563518524,1766819179469
3,0.10379519313573837,1766819179653
3,0.03726344183087349,1766819179823
3,0.11396622657775879,1766819180024
3,0.2172868251800537,1766819180227
3,0.07429346442222595,1766819180449
3,0.07493437826633453,1766819180655
3,0.02131473459303379,1766819180855
3,0.00549823883920908,1766819181105
3,0.04176171123981476,1766819181321
3,0.15151028335094452,1766819181576
3,0.14421801269054413,1766819181794
3,0.22854498028755188,1766819182014
3,0.0015609059482812881,1766819182202
3,0.10769704729318619,1766819182383
3,0.019616253674030304,1766819182613
3,0.03173999488353729,1766819182826
3,0.03886514529585838,1766819183089
3,0.01129819918423891,1766819183328
3,0.0643787756562233,1766819183628
3,0.12781523168087006,1766819183823
3,0.017000744119286537,1766819184012
3,0.11677618324756622,1766819184209
3,0.05414387583732605,1766819184385
3,0.044635385274887085,1766819184563
3,0.10789753496646881,1766819184760
3,0.10724125057458878,1766819185073
3,0.07070782780647278,1766819185303
3,0.09076960384845734,1766819185511
3,0.00490203034132719,1766819185826
3,0.018014969304203987,1766819186016
3,0.04211222380399704,1766819186199
3,0.15879963338375092,1766819186374
3,0.06782907992601395,1766819186529
3,0.010196988470852375,1766819186695
3,0.01953519880771637,1766819186899
3,0.15523923933506012,1766819187180
3,0.01510494202375412,1766819187410
3,0.27120479941368103,1766819187697
3,0.006388980895280838,1766819187968
3,0.013332935981452465,1766819188188
3,0.02667597308754921,1766819188407
3,0.07281342148780823,1766819188653
3,0.19968563318252563,1766819188869
3,0.0543021559715271,1766819189069
3,0.007291522808372974,1766819189280
3,0.1072215884923935,1766819189518
3,0.1935194432735443,1766819189714
3,0.016713032498955727,1766819189946
3,0.16691052913665771,1766819190139
3,0.01467723399400711,1766819190346
3,0.049829866737127304,1766819190648
3,0.024405498057603836,1766819190836
3,0.039716724306344986,1766819191022
3,0.020845573395490646,1766819191208
3,0.06270116567611694,1766819191441
3,0.06504078954458237,1766819191619
3,0.019159020856022835,1766819191824
3,0.027584290131926537,1766819192049
3,0.050861284136772156,1766819192256
3,0.37595945596694946,1766819192455
3,0.060924410820007324,1766819192655
3,0.062161777168512344,1766819192833
3,0.040604159235954285,1766819193026
3,0.02636345475912094,1766819193324
3,0.02812112495303154,1766819193507
3,0.005293586291372776,1766819193685
3,0.15090107917785645,1766819193871
3,0.04598699137568474,1766819194110
3,0.02572084218263626,1766819194434
3,0.023556334897875786,1766819194614
3,0.050731536000967026,1766819194826
3,0.0075808679684996605,1766819195024
3,0.047681182622909546,1766819195236
3,0.10505010187625885,1766819195488
3,0.04476470127701759,1766819195794
3,0.18428203463554382,1766819195995
3,0.08544953167438507,1766819196181
3,0.04049292579293251,1766819196448
3,0.014316853135824203,1766819196628
3,0.025401413440704346,1766819196854
3,0.042534779757261276,1766819197106
3,0.10751091688871384,1766819197343
3,0.006758499890565872,1766819197583
3,0.2517337501049042,1766819197776
3,0.012089921161532402,1766819197980
3,0.06498302519321442,1766819198322
3,0.020442981272935867,1766819198525
3,0.023744674399495125,1766819198726
3,0.031042492017149925,1766819198943
3,0.019258368760347366,1766819199187
3,0.059733882546424866,1766819199385
3,0.17967398464679718,1766819199575
3,0.01789255067706108,1766819199763
3,0.07196395844221115,1766819199934
3,0.27677762508392334,1766819200181
3,0.18998289108276367,1766819200411
3,0.09379500895738602,1766819200596
3,0.17819686233997345,1766819200891
3,0.05306875333189964,1766819201188
3,0.00038625451270490885,1766819201393
3,0.10670369863510132,1766819201611
3,0.0005561787402257323,1766819201860
3,0.026727396994829178,1766819202043
3,0.03875686973333359,1766819202290
3,0.21872399747371674,1766819202475
3,0.06851587444543839,1766819202644
3,0.1611000895500183,1766819202859
3,0.07925404608249664,1766819203060
3,0.07832704484462738,1766819203249
3,0.18298685550689697,1766819203439
3,0.14001037180423737,1766819203635
3,0.10045323520898819,1766819203802
3,0.13040108978748322,1766819203979
3,0.012867553159594536,1766819204188
3,0.08947126567363739,1766819204394
3,0.115519680082798,1766819204600
3,0.041082680225372314,1766819204772
3,0.04074987769126892,1766819205094
3,0.0253156665712595,1766819205320
3,0.10344631969928741,1766819205507
3,0.06499534100294113,1766819205771
3,0.24963495135307312,1766819205977
3,0.07093982398509979,1766819206171
3,0.015291206538677216,1766819206398
3,0.03370166942477226,1766819206617
3,0.05966905876994133,1766819206842
3,0.11865553259849548,1766819207080
3,0.08365833759307861,1766819207292
3,0.1178252175450325,1766819207463
3,0.05218435823917389,1766819207662
3,0.10544517636299133,1766819207857
3,0.008010642603039742,1766819208045
3,0.20379723608493805,1766819208266
3,0.2731797993183136,1766819208485
3,0.20750002562999725,1766819208698
3,0.06912201642990112,1766819208902
3,0.3112577497959137,1766819209086
3,0.013708565384149551,1766819209378
3,0.13930775225162506,1766819209593
3,0.09273212403059006,1766819209853
3,0.15035971999168396,1766819210087
3,0.23366275429725647,1766819210275
3,0.15336966514587402,1766819210481
3,0.1677359640598297,1766819210686
3,0.18776172399520874,1766819210888
3,0.10372797399759293,1766819211068
3,0.013199180364608765,1766819211348
3,0.16853269934654236,1766819211559
3,0.2285095602273941,1766819211740
3,0.008299397304654121,1766819211921
3,0.14241854846477509,1766819212109
3,0.01212884858250618,1766819212396
3,0.003506010863929987,1766819212588
3,0.04620032757520676,1766819212797
3,0.0064117140136659145,1766819212979
3,0.025672487914562225,1766819213187
3,0.042560141533613205,1766819213479
3,0.13684210181236267,1766819213669
3,0.03596390038728714,1766819213948
3,0.16024261713027954,1766819214210
3,0.19786794483661652,1766819214423
3,0.12141930311918259,1766819214699
3,0.01644129864871502,1766819214902
3,0.19116824865341187,1766819215092
3,0.05484072118997574,1766819215289
3,0.1519077569246292,1766819215480
3,0.09074327349662781,1766819215650
3,0.06807301193475723,1766819215889
3,0.04399121552705765,1766819216122
3,0.08966255933046341,1766819216294
3,0.0850292518734932,1766819216639
3,0.009179746732115746,1766819216865
3,0.15875308215618134,1766819217065
3,0.10258768498897552,1766819217286
3,0.04234679043292999,1766819217489
3,0.03429066389799118,1766819217783
3,0.18364007771015167,1766819218001
3,0.08944182097911835,1766819218163
3,0.04582615941762924,1766819218382
3,0.0622817687690258,1766819218589
3,0.04386367276310921,1766819218791
3,0.10861238837242126,1766819218987
3,0.062429189682006836,1766819219152
3,0.3131902515888214,1766819219341
3,0.11901170015335083,1766819219538
3,0.11504706740379333,1766819219724
3,0.1089770495891571,1766819219924
3,0.1842736303806305,1766819220161
3,0.47347334027290344,1766819220373
3,0.07936251163482666,1766819220590
3,0.04852265119552612,1766819220787
3,0.011760168708860874,1766819220975
3,0.020402342081069946,1766819221170
3,0.09376108646392822,1766819221449
3,0.006095868069678545,1766819221646
3,0.2019127905368805,1766819221842
3,0.059517886489629745,1766819222022
3,0.0265821386128664,1766819222266
3,0.06418131291866302,1766819222544
3,0.0029084226116538048,1766819222731
3,0.09063327312469482,1766819222953
3,0.1294216513633728,1766819223178
3,0.035279542207717896,1766819223367
3,0.006964258383959532,1766819223555
3,0.10852696001529694,1766819223790
3,0.16303899884223938,1766819224042
3,0.15635675191879272,1766819224231
3,0.036195073276758194,1766819224430
3,0.008815131150186062,1766819224675
3,0.14970813691616058,1766819224920
3,0.010517934337258339,1766819225104
3,0.08334405720233917,1766819225290
3,0.025232503190636635,1766819225479
3,0.10179370641708374,1766819225688
3,0.030703047290444374,1766819225882
3,0.03958834707736969,1766819226095
3,0.3043173551559448,1766819226299
3,0.05321507900953293,1766819226557
3,0.04150153324007988,1766819226763
3,0.027898183092474937,1766819226962
3,0.20761075615882874,1766819227182
3,0.09309178590774536,1766819227385
3,0.0026602218858897686,1766819227634
3,0.04152708500623703,1766819227883
3,0.0009455896215513349,1766819228092
3,0.015267315320670605,1766819228354
3,0.0037983644288033247,1766819228551
3,0.06899125874042511,1766819228747
3,0.13777486979961395,1766819228953
3,0.005772286560386419,1766819229151
3,0.09859458357095718,1766819229374
3,0.015985529869794846,1766819229586
3,0.03408528491854668,1766819229788
3,0.14774353802204132,1766819230075
3,0.015977703034877777,1766819230303
3,0.022736385464668274,1766819230482
3,0.16232231259346008,1766819230686
3,0.039338868111371994,1766819230923
3,0.09780582785606384,1766819231127
3,0.040040288120508194,1766819231298
3,0.052668195217847824,1766819231539
3,0.04892424866557121,1766819231722
3,0.08545882999897003,1766819231946
3,0.08080282062292099,1766819232197
3,0.0473308227956295,1766819232472
3,0.02834164723753929,1766819232669
3,0.017030300572514534,1766819232858
3,0.025291841477155685,1766819233046
3,0.1195668876171112,1766819233246
3,0.008958933874964714,1766819233497
3,0.03223850578069687,1766819233726
3,0.07674839347600937,1766819233913
3,0.010436988435685635,1766819234093
3,0.09782195836305618,1766819234277
3,0.0917392298579216,1766819234464
3,0.060858823359012604,1766819234725
3,0.16378498077392578,1766819235006
3,0.031420398503541946,1766819235242
3,0.002147431718185544,1766819235430
3,0.09108209609985352,1766819235614
3,0.29163074493408203,1766819235837
3,0.12622374296188354,1766819236021
3,0.07270356267690659,1766819236196
3,0.005773613229393959,1766819236455
3,0.03726039454340935,1766819236625
3,0.04904564470052719,1766819236816
3,0.10761833190917969,1766819237021
3,0.041230686008930206,1766819237220
3,0.05019695311784744,1766819237477
3,0.020607080310583115,1766819237694
3,0.016552157700061798,1766819237873
3,0.03206707909703255,1766819238073
3,0.07998093962669373,1766819238255
3,0.0578179806470871,1766819238610
3,0.045051686465740204,1766819238788
3,0.019224178045988083,1766819238963
3,0.013477280735969543,1766819239206
3,0.06838170439004898,1766819239382
3,0.024260418489575386,1766819239637
3,0.0175784919410944,1766819239827
3,0.013213892467319965,1766819240033
3,0.03287995234131813,1766819240239
3,0.11591300368309021,1766819240503
3,0.11245283484458923,1766819240715
3,0.03825390338897705,1766819240915
3,0.09600280225276947,1766819241165
3,0.2588310241699219,1766819241347
3,0.11196275055408478,1766819241540
3,0.02723224088549614,1766819241789
3,0.0615091547369957,1766819242048
3,0.21318598091602325,1766819242243
3,0.11220544576644897,1766819242427
3,0.16181255877017975,1766819242623
3,0.02863657847046852,1766819242809
3,0.08815065771341324,1766819243029
3,0.04792396351695061,1766819243211
3,0.04741361364722252,1766819243391
3,0.0656966120004654,1766819243609
3,0.02005043253302574,1766819243795
3,0.013673396781086922,1766819244133
3,0.022714370861649513,1766819244351
3,0.006382491439580917,1766819244559
3,0.12097306549549103,1766819244776
3,0.06004241481423378,1766819244958
3,0.20730507373809814,1766819245176
3,0.07425497472286224,1766819245374
3,0.03404063358902931,1766819245592
3,0.030321216210722923,1766819245824
3,0.1714276820421219,1766819246018
3,0.023704158142209053,1766819246215
3,0.04414980113506317,1766819246449
3,0.3114436864852905,1766819246701
3,0.015172109007835388,1766819246939
3,0.05603167042136192,1766819247132
3,0.1183953508734703,1766819247340
3,0.03079172596335411,1766819247515
3,0.1717657446861267,1766819247718
3,0.05495458096265793,1766819247919
3,0.02433256059885025,1766819248171
3,0.03895895928144455,1766819248357
3,0.0800575464963913,1766819248550
3,0.06871297955513,1766819248778
3,0.1090431660413742,1766819249029
3,0.11639706790447235,1766819249250
3,0.1124468594789505,1766819249481
3,0.08851505070924759,1766819249731
3,0.0059210872277617455,1766819249977
3,0.083348348736763,1766819250160
3,0.006834423169493675,1766819250381
3,0.029833020642399788,1766819250585
3,0.1069083884358406,1766819250803
3,0.07797108590602875,1766819251078
3,0.005868132226169109,1766819251321
3,0.19906222820281982,1766819251554
3,0.08432943373918533,1766819251762
3,0.029678046703338623,1766819251939
3,0.07046939432621002,1766819252140
3,0.0019896423909813166,1766819252351
3,0.0352412611246109,1766819252538
3,0.04350275918841362,1766819252774
3,0.09682097285985947,1766819252970
3,0.11420029401779175,1766819253152
3,0.014661410823464394,1766819253341
3,0.06898843497037888,1766819253542
3,0.03219850733876228,1766819253813
3,0.0008978591067716479,1766819254046
3,0.00026419194182381034,1766819254302
3,0.03149919956922531,1766819254526
3,0.0016955591272562742,1766819254761
3,0.04788563773036003,1766819255006
3,0.10305672883987427,1766819255212
3,0.012732860632240772,1766819255430
3,0.045912571251392365,1766819255667
3,0.4060515761375427,1766819255908
3,0.12149344384670258,1766819256112
3,0.06266235560178757,1766819256314
3,0.19724392890930176,1766819256515
3,0.028144581243395805,1766819256751
3,0.43283337354660034,1766819256964
3,0.006529533304274082,1766819257260
3,0.13609516620635986,1766819257487
3,0.12971781194210052,1766819257709
3,0.023932961747050285,1766819257977
3,0.1765226423740387,1766819258164
3,0.04433942586183548,1766819258437
3,0.03145274147391319,1766819258651
3,0.06438364833593369,1766819258850
3,0.012243160977959633,1766819259079
3,0.03958255052566528,1766819259280
3,0.11332321166992188,1766819259471
3,0.12200938165187836,1766819259661
3,0.038801614195108414,1766819259946
3,0.17594346404075623,1766819260143
3,0.020354237407445908,1766819260340
3,0.07499644160270691,1766819260533
3,0.02605227567255497,1766819260759
3,0.009180056862533092,1766819260970
3,0.003353952430188656,1766819261204
3,0.018177112564444542,1766819261438
3,0.011111842468380928,1766819261669
3,0.07200135290622711,1766819261847
3,0.10416197776794434,1766819262091
3,0.006732145790010691,1766819262319
3,0.05833715200424194,1766819262517
3,0.058143407106399536,1766819262750
3,0.04244428128004074,1766819262992
3,0.07941174507141113,1766819263234
3,0.07793429493904114,1766819263434
3,0.034871019423007965,1766819263626
3,0.0936555489897728,1766819263801
3,0.25839224457740784,1766819264022
3,0.03342064470052719,1766819264249
3,0.027615709230303764,1766819264444
3,0.10820627957582474,1766819264655
3,0.011931739747524261,1766819264911
3,0.03389682248234749,1766819265158
3,0.14469991624355316,1766819265384
3,0.005485182628035545,1766819265610
3,0.05846810340881348,1766819265848
3,0.1524730920791626,1766819266086
3,0.030636277049779892,1766819266279
3,0.1396849900484085,1766819266526
3,0.05289502441883087,1766819266742
3,0.014054705388844013,1766819266941
3,0.04122108593583107,1766819267184
3,0.033948637545108795,1766819267383
3,0.015954095870256424,1766819267614
3,0.07966851443052292,1766819267785
3,0.017644893378019333,1766819267998
3,0.01797674410045147,1766819268216
3,0.011657074093818665,1766819268388
3,0.06967544555664062,1766819268588
3,0.013780098408460617,1766819268795
3,0.04536261409521103,1766819269049
3,0.1039581373333931,1766819269237
3,0.2002592533826828,1766819269502
3,0.050171859562397,1766819269719
3,0.0257582925260067,1766819269904
3,0.0063677337020635605,1766819270156
3,0.0751948356628418,1766819270474
3,0.023416787385940552,1766819270692
3,0.10401526093482971,1766819270886
3,0.13995902240276337,1766819271077
3,0.011304507963359356,1766819271323
3,0.16549880802631378,1766819271522
3,0.2875951826572418,1766819271740
3,0.07149801403284073,1766819271955
3,0.13046738505363464,1766819272131
3,0.09265981614589691,1766819272318
3,0.03059079498052597,1766819272549
3,0.16194356977939606,1766819272807
3,0.21331056952476501,1766819273058
3,0.1242390125989914,1766819273259
3,0.1610558182001114,1766819273511
3,0.009650064632296562,1766819273717
3,0.17678797245025635,1766819273952
3,0.037400808185338974,1766819274178
3,0.11722509562969208,1766819274394
3,0.020835310220718384,1766819274661
3,0.044359102845191956,1766819274928
3,0.06665978580713272,1766819275140
3,0.19976291060447693,1766819275377
3,0.09404537081718445,1766819275623
3,0.06693859398365021,1766819275807
3,0.07252644747495651,1766819276020
3,0.041940122842788696,1766819276204
3,0.028820021077990532,1766819276394
3,0.09794704616069794,1766819276596
3,0.03288344293832779,1766819276820
3,0.01055898517370224,1766819277045
3,0.10784026235342026,1766819277282
3,0.08760912716388702,1766819277511
3,0.043284330517053604,1766819277709
3,0.14770376682281494,1766819277902
3,0.011888845823705196,1766819278106
3,0.012971054762601852,1766819278309
3,0.03579482436180115,1766819278516
3,0.20884762704372406,1766819278727
3,0.030780281871557236,1766819278950
3,0.05389547720551491,1766819279148
3,0.02019326761364937,1766819279378
3,0.07162418961524963,1766819279604
3,0.040282804518938065,1766819279854
3,0.024489089846611023,1766819280112
3,0.046838272362947464,1766819280310
3,0.015814388170838356,1766819280536
3,0.05159691348671913,1766819280774
3,0.09106706827878952,1766819280971
3,0.015803322196006775,1766819281252
3,0.002196039305999875,1766819281456
3,0.035047028213739395,1766819281686
3,0.030728410929441452,1766819281948
3,0.08263088762760162,1766819282142
3,0.22209788858890533,1766819282355
3,0.036565378308296204,1766819282546
3,0.014759599231183529,1766819282735
3,0.12526339292526245,1766819282962
3,0.08997653424739838,1766819283220
3,0.04169667884707451,1766819283425
3,0.007389039266854525,1766819283607
3,0.0007102358504198492,1766819283814
3,0.06519953906536102,1766819283999
3,0.016236787661910057,1766819284206
3,0.0014603073941543698,1766819284429
3,0.05362201854586601,1766819284673
3,0.01632535085082054,1766819284872
3,0.09158440679311752,1766819285070
3,0.00334620987996459,1766819285263
3,0.012056617066264153,1766819285497
3,0.1248667910695076,1766819285716
3,0.047355733811855316,1766819285942
3,0.01987798884510994,1766819286131
3,0.030770666897296906,1766819286366
3,0.0021088169887661934,1766819286589
3,0.026271406561136246,1766819286809
3,0.17369402945041656,1766819287090
3,0.00377841223962605,1766819287304
3,0.22664909064769745,1766819287518
3,0.0042303334921598434,1766819287720
3,0.0671558529138565,1766819287901
3,0.11185052245855331,1766819288099
3,0.0603165403008461,1766819288290
3,0.20247220993041992,1766819288498
3,0.13349466025829315,1766819288714
3,0.03856568783521652,1766819288913
3,0.07402585446834564,1766819289182
3,0.22405442595481873,1766819289383
3,0.07794414460659027,1766819289576
3,0.13512729108333588,1766819289762
3,0.0013331681257113814,1766819289947
3,0.0015779422828927636,1766819290226
3,0.10749359428882599,1766819290409
3,0.0881642997264862,1766819290637
3,0.006861032918095589,1766819290827
3,0.012198168784379959,1766819291086
3,0.04446091875433922,1766819291304
3,0.05250227078795433,1766819291569
3,0.11854090541601181,1766819291778
3,0.025074932724237442,1766819291964
3,0.05318915843963623,1766819292154
3,0.0049117812886834145,1766819292303
3,0.04984550178050995,1766819292548
3,0.030085131525993347,1766819292743
3,0.020337354391813278,1766819292942
3,0.03345668315887451,1766819293215
3,0.033942028880119324,1766819293459
3,0.1252661794424057,1766819293652
3,0.06374823302030563,1766819293855
3,0.020341824740171432,1766819294060
3,0.06265914440155029,1766819294239
3,0.08880622684955597,1766819294464
3,0.03340611234307289,1766819294682
3,0.018255870789289474,1766819294914
3,0.2884729206562042,1766819295121
3,0.28262418508529663,1766819295326
3,0.09651774168014526,1766819295503
3,0.13255290687084198,1766819295686
3,0.10643657296895981,1766819295891
3,0.05800744146108627,1766819296086
3,0.01090400293469429,1766819296304
3,0.14337189495563507,1766819296523
3,0.16239532828330994,1766819296710
3,0.3344733715057373,1766819296919
3,0.09860271215438843,1766819297122
3,0.1546364724636078,1766819297364
3,0.021221792325377464,1766819297624
3,0.16597101092338562,1766819297840
3,0.04064987972378731,1766819298051
3,0.14260214567184448,1766819298252
3,0.16833031177520752,1766819298482
3,0.010216565802693367,1766819298718
3,0.007634359411895275,1766819298976
3,0.11850284039974213,1766819299222
3,0.10267450660467148,1766819299595
3,0.03569577634334564,1766819299795
3,0.25239136815071106,1766819300056
3,0.10985571146011353,1766819300262
3,0.29410386085510254,1766819300458
3,0.006848863326013088,1766819300691
3,0.019578780978918076,1766819300890
3,0.09037677198648453,1766819301096
3,0.07251360267400742,1766819301313
3,0.08540470898151398,1766819301515
3,0.11332396417856216,1766819301764
3,0.15125694870948792,1766819301965
3,0.0132801104336977,1766819302253
3,0.00845763273537159,1766819302435
3,0.045810066163539886,1766819302613
3,0.10294841229915619,1766819302808
3,0.02293166145682335,1766819302984
3,0.006501876283437014,1766819303261
3,0.022368695586919785,1766819303463
3,0.0035581709817051888,1766819303673
3,0.011631747707724571,1766819303890
3,0.1203366369009018,1766819304105
3,0.0923984944820404,1766819304305
3,0.15416592359542847,1766819304540
3,0.021840259432792664,1766819304731
3,0.11540012806653976,1766819304932
3,0.030855700373649597,1766819305228
3,0.038098789751529694,1766819305440
3,0.03696604445576668,1766819305668
3,0.0024449049960821867,1766819305897
3,0.011207979172468185,1766819306146
3,0.010754678398370743,1766819306433
3,0.016861338168382645,1766819306634
3,0.21834135055541992,1766819306835
3,0.034473322331905365,1766819307112
3,0.022645387798547745,1766819307296
3,0.03079294040799141,1766819307479
3,0.0033751502633094788,1766819307664
3,0.006146610714495182,1766819307920
3,0.03252643719315529,1766819308134
3,0.0606241300702095,1766819308436
3,0.2771163880825043,1766819308616
3,0.02934081293642521,1766819308792
3,0.016738498583436012,1766819309066
3,0.10073540359735489,1766819309274
3,0.00920075923204422,1766819309475
3,0.03656262159347534,1766819309671
3,0.03653531149029732,1766819309866
3,0.14494989812374115,1766819310092
3,0.1300729513168335,1766819310283
3,0.2364923506975174,1766819310516
3,0.18606111407279968,1766819310765
3,0.000393542752135545,1766819310976
3,0.05712128058075905,1766819311217
3,0.13337017595767975,1766819311458
3,0.08510811626911163,1766819311693
3,0.07472507655620575,1766819311881
3,0.2351827621459961,1766819312096
3,0.004997210577130318,1766819312275
3,0.0020175883546471596,1766819312514
3,0.029513932764530182,1766819312710
3,0.20229756832122803,1766819312925
3,0.04289057478308678,1766819313149
3,0.07022713124752045,1766819313347
3,0.07275138050317764,1766819313564
3,0.009433777071535587,1766819313739
3,0.021077312529087067,1766819313946
3,0.009412245824933052,1766819314185
3,0.1032189205288887,1766819314444
3,0.012406683526933193,1766819314654
3,0.04956306144595146,1766819314833
3,0.035246625542640686,1766819315035
3,0.005922743119299412,1766819315235
3,0.08868163824081421,1766819315476
3,0.172739177942276,1766819315741
3,0.04404854029417038,1766819316000
3,0.14058449864387512,1766819316309
3,0.03558294102549553,1766819316534
3,0.02996222674846649,1766819316726
3,0.07332587242126465,1766819316949
3,0.07639921456575394,1766819317177
3,0.03405372425913811,1766819317351
3,0.18162274360656738,1766819317579
3,0.06967152655124664,1766819317784
3,0.15620768070220947,1766819318022
3,0.00515007134526968,1766819318259
3,0.059120818972587585,1766819318486
3,0.2791297435760498,1766819318755
3,0.05743221938610077,1766819318977
3,0.06923114508390427,1766819319277
3,0.030960557982325554,1766819319540
3,0.10569344460964203,1766819319728
3,0.15796096622943878,1766819319950
3,0.08397622406482697,1766819320147
3,0.004308472387492657,1766819320332
3,0.030666252598166466,1766819320517
3,0.00437516625970602,1766819320816
3,0.07602357119321823,1766819321021
3,0.04152149707078934,1766819321221
3,0.03719864785671234,1766819321420
3,0.10406811535358429,1766819321622
3,0.15214669704437256,1766819321823
3,0.06687960773706436,1766819322134
3,0.012214790098369122,1766819322359
3,0.07057616859674454,1766819322579
3,0.024980904534459114,1766819322912
3,0.005299965851008892,1766819323116
3,0.001940644928254187,1766819323293
3,0.050935711711645126,1766819323499
3,0.09665963053703308,1766819323697
3,0.17129763960838318,1766819323899
3,0.052574850618839264,1766819324102
3,0.010472812689840794,1766819324306
3,0.026037555187940598,1766819324479
3,0.004492845386266708,1766819324685
3,0.07899698615074158,1766819324852
3,0.11129745841026306,1766819325096
3,0.0030341865494847298,1766819325331
3,0.02614949271082878,1766819325546
3,0.028013158589601517,1766819325742
3,0.07070939242839813,1766819325933
3,0.08406811207532883,1766819326129
3,0.05251311510801315,1766819326318
3,0.0882769376039505,1766819326574
3,0.003520296886563301,1766819326771
3,0.04888690635561943,1766819326991
3,0.2588618993759155,1766819327204
3,0.0441628023982048,1766819327391
3,0.08349169045686722,1766819327626
3,0.06468279659748077,1766819327851
3,0.021918078884482384,1766819328215
3,0.08684199303388596,1766819328377
3,0.0010591759346425533,1766819328544
3,0.16422420740127563,1766819328782
3,0.0038134087808430195,1766819328973
3,0.0703635960817337,1766819329183
3,0.05395832285284996,1766819329406
3,0.024250732734799385,1766819329695
3,0.0010900681372731924,1766819329887
3,0.04874424636363983,1766819330073
3,0.12600229680538177,1766819330270
3,0.02458897791802883,1766819330608
3,0.07447879761457443,1766819330787
3,0.23497383296489716,1766819330973
3,0.007243950851261616,1766819331169
3,0.28034356236457825,1766819331374
3,0.07363920658826828,1766819331637
3,0.042893558740615845,1766819331834
3,0.06057102233171463,1766819332031
3,0.1253965198993683,1766819332202
3,0.11962093412876129,1766819332412
3,0.04129285737872124,1766819332614
3,0.13975314795970917,1766819332842
3,0.01873147487640381,1766819333041
3,0.04837460070848465,1766819333260
3,0.04794509336352348,1766819333458
3,0.010596109554171562,1766819333691
3,0.004824507050216198,1766819333937
3,0.03249617666006088,1766819334149
3,0.06879022717475891,1766819334394
3,0.02104496955871582,1766819334618
3,0.006289222743362188,1766819334891
3,0.11155732721090317,1766819335127
3,0.02312558703124523,1766819335322
3,0.034529320895671844,1766819335676
3,0.009545857086777687,1766819335895
3,0.10458008944988251,1766819336099
3,0.014674680307507515,1766819336316
3,0.009678230620920658,1766819336517
3,0.02430746518075466,1766819336703
3,0.058817584067583084,1766819336918
3,0.09752675145864487,1766819337162
3,0.05071985349059105,1766819337363
3,0.1491311639547348,1766819337609
3,0.07894054800271988,1766819337794
3,0.0749073401093483,1766819337948
3,0.047013409435749054,1766819338126
3,0.045789748430252075,1766819338307
3,0.0008646877249702811,1766819338507
3,0.006204221397638321,1766819338685
3,0.009705327451229095,1766819338911
3,0.007732597179710865,1766819339170
3,0.0017552545759826899,1766819339396
3,0.08476711064577103,1766819339654
3,0.05280935391783714,1766819339868
3,0.0017728672828525305,1766819340050
3,0.24104797840118408,1766819340245
3,0.006054238881915808,1766819340436
3,0.017355382442474365,1766819340626
3,0.018871543928980827,1766819340903
3,0.022190269082784653,1766819341117
3,0.04027051478624344,1766819341318
3,0.11833712458610535,1766819341523
3,0.44311994314193726,1766819341924
3,0.1177208349108696,1766819342118
3,0.13405658304691315,1766819342293
3,0.0974574014544487,1766819342485
3,0.03893660381436348,1766819342706
3,0.17279306054115295,1766819342939
3,0.10869517922401428,1766819343154
3,0.2011946439743042,1766819343368
3,0.015280637890100479,1766819343579
3,0.020713575184345245,1766819343783
3,0.039961326867341995,1766819344069
3,0.1320011019706726,1766819344255
3,0.05619175359606743,1766819344457
3,0.2179720550775528,1766819344678
3,0.0008520482806488872,1766819344880
3,0.06405198574066162,1766819345131
3,0.09450937807559967,1766819345362
3,0.0687241405248642,1766819345546
3,0.09716129302978516,1766819345808
3,0.021117761731147766,1766819346037
3,0.0569230392575264,1766819346215
3,0.27927637100219727,1766819346438
3,0.04053255543112755,1766819346633
3,0.15154805779457092,1766819346954
3,0.03644011169672012,1766819347139
3,0.2695976495742798,1766819347319
3,0.013496462255716324,1766819347499
3,0.033900052309036255,1766819347722
3,0.027511868625879288,1766819347972
3,0.2313099056482315,1766819348175
3,0.12749473750591278,1766819348375
3,0.023653898388147354,1766819348558
3,0.048289958387613297,1766819348807
3,0.026623768731951714,1766819349017
3,0.09876319766044617,1766819349218
3,0.1218760535120964,1766819349423
3,0.0025782252196222544,1766819349610
3,0.01356305368244648,1766819349789
3,0.023717449977993965,1766819349990
3,0.006855446845293045,1766819350193
3,0.1510305106639862,1766819350439
3,0.10766839981079102,1766819350662
3,0.05217304080724716,1766819350911
3,0.10712449997663498,1766819351138
3,0.11879529058933258,1766819351346
3,0.003319243900477886,1766819351543
3,0.008024131879210472,1766819351713
3,0.10298587381839752,1766819351909
3,0.05825115740299225,1766819352113
3,0.1039164811372757,1766819352337
3,0.055615898221731186,1766819352635
3,0.024507742375135422,1766819352817
3,0.049301955848932266,1766819353062
3,0.05574101209640503,1766819353284
3,0.017317458987236023,1766819353526
3,0.2834661304950714,1766819353806
3,0.09606529772281647,1766819354041
4,0.007601270452141762,1766819354299
4,0.023241812363266945,1766819354497
4,0.02082923613488674,1766819354679
4,0.011935101822018623,1766819354877
4,0.0636797547340393,1766819355069
4,0.04041071608662605,1766819355264
4,0.02495003119111061,1766819355453
4,0.02665645256638527,1766819355714
4,0.008247703313827515,1766819355924
4,0.03648432716727257,1766819356107
4,0.0009006639011204243,1766819356283
4,0.0006637816550210118,1766819356487
4,0.00886712595820427,1766819356698
4,0.046984173357486725,1766819356926
4,0.1982773244380951,1766819357120
4,0.0016329360660165548,1766819357303
4,0.007048498839139938,1766819357536
4,0.07419323176145554,1766819357788
4,0.07205967605113983,1766819357967
4,0.04174458608031273,1766819358153
4,0.055513959378004074,1766819358347
4,0.1248605027794838,1766819358539
4,0.08709841221570969,1766819358760
4,0.14165079593658447,1766819358962
4,0.08557217568159103,1766819359237
4,0.22005023062229156,1766819359416
4,0.0704527199268341,1766819359599
4,0.004766943398863077,1766819359803
4,0.04604501277208328,1766819360038
4,0.026739168912172318,1766819360254
4,0.1261874884366989,1766819360459
4,0.1093994528055191,1766819360658
4,0.17291465401649475,1766819360832
4,0.017062554135918617,1766819361028
4,0.0826723724603653,1766819361272
4,0.048727847635746,1766819361454
4,0.004948902875185013,1766819361617
4,0.0360482819378376,1766819361894
4,0.04589751735329628,1766819362099
4,0.2749212682247162,1766819362304
4,0.015098159201443195,1766819362504
4,0.05636731535196304,1766819362736
4,0.03707616403698921,1766819362981
4,0.1562149077653885,1766819363175
4,0.005477110855281353,1766819363386
4,0.03606516495347023,1766819363567
4,0.05853987857699394,1766819363748
4,0.08130303770303726,1766819363993
4,0.009287684224545956,1766819364224
4,0.14642333984375,1766819364460
4,0.17091234028339386,1766819364694
4,0.03724317625164986,1766819364933
4,0.020570997148752213,1766819365140
4,0.021799804642796516,1766819365361
4,0.09841048717498779,1766819365537
4,0.050644826143980026,1766819365720
4,0.13811783492565155,1766819365920
4,0.014609385281801224,1766819366100
4,0.045708153396844864,1766819366299
4,0.1816825121641159,1766819366540
4,0.008341142907738686,1766819366758
4,0.07996062934398651,1766819367008
4,0.05491231009364128,1766819367204
4,0.021362429484725,1766819367422
4,0.04141070693731308,1766819367616
4,0.012829173356294632,1766819367824
4,0.031820960342884064,1766819368013
4,0.23101378977298737,1766819368199
4,0.12695160508155823,1766819368415
4,0.0868314802646637,1766819368633
4,0.10464730858802795,1766819368837
4,0.05102485418319702,1766819369089
4,0.07355819642543793,1766819369303
4,0.1097080409526825,1766819369554
4,0.022713536396622658,1766819369799
4,0.19360673427581787,1766819370045
4,0.09794460237026215,1766819370269
4,0.05903162807226181,1766819370480
4,0.007941577583551407,1766819370756
4,0.08691653609275818,1766819370958
4,0.012910752557218075,1766819371178
4,0.12423869967460632,1766819371388
4,0.005734802223742008,1766819371668
4,0.11638937890529633,1766819371899
4,0.007767593953758478,1766819372118
4,0.02508561499416828,1766819372324
4,0.020946335047483444,1766819372503
4,0.016083793714642525,1766819372705
4,0.012322520837187767,1766819372884
4,0.02713690511882305,1766819373115
4,0.03999873250722885,1766819373322
4,0.03832801431417465,1766819373540
4,0.040677037090063095,1766819373752
4,0.005092259030789137,1766819373911
4,0.010893908329308033,1766819374091
4,0.009858489967882633,1766819374292
4,0.041318777948617935,1766819374541
4,0.00647413544356823,1766819374753
4,0.11069104820489883,1766819375026
4,0.004459339193999767,1766819375289
4,0.10495716333389282,1766819375502
4,0.014695105142891407,1766819375784
4,0.017122335731983185,1766819375970
4,0.04658050090074539,1766819376223
4,0.032700084149837494,1766819376433
4,0.0033916006796061993,1766819376648
4,0.10302363336086273,1766819376840
4,0.005791836883872747,1766819377030
4,0.007713390048593283,1766819377219
4,0.02199605293571949,1766819377408
4,0.1685352325439453,1766819377639
4,0.0778757706284523,1766819377825
4,0.044946737587451935,1766819378011
4,0.005417786538600922,1766819378208
4,0.000708606094121933,1766819378471
4,0.05065233260393143,1766819378692
4,0.05366995930671692,1766819378905
4,0.11482879519462585,1766819379088
4,0.32277652621269226,1766819379284
4,0.02376905269920826,1766819379528
4,0.12295486032962799,1766819379807
4,0.03971089422702789,1766819380000
4,0.1265864372253418,1766819380194
4,0.02676948718726635,1766819380378
4,0.08243384212255478,1766819380600
4,0.04864797741174698,1766819380806
4,0.035071950405836105,1766819380998
4,0.08170603215694427,1766819381230
4,0.09886359423398972,1766819381444
4,0.015809345990419388,1766819381696
4,0.020173359662294388,1766819381943
4,0.279337614774704,1766819382143
4,0.14864395558834076,1766819382347
4,0.05059300363063812,1766819382564
4,0.030839623883366585,1766819382817
4,0.07594089955091476,1766819383098
4,0.09027626365423203,1766819383321
4,0.022885873913764954,1766819383525
4,0.16731977462768555,1766819383710
4,0.009672754444181919,1766819383901
4,0.07275298237800598,1766819384088
4,0.2026321142911911,1766819384266
4,0.18497103452682495,1766819384467
4,0.0026071674656122923,1766819384747
4,0.007306085433810949,1766819385011
4,0.13875712454319,1766819385257
4,0.10639031231403351,1766819385483
4,0.04541242495179176,1766819385799
4,0.1432117223739624,1766819386071
4,0.044753141701221466,1766819386278
4,0.08070380985736847,1766819386473
4,0.164519265294075,1766819386703
4,0.06006340682506561,1766819386885
4,0.0031237925868481398,1766819387067
4,0.04425187036395073,1766819387255
4,0.0669398307800293,1766819387460
4,0.050061408430337906,1766819387695
4,0.03178095817565918,1766819387916
4,0.042839013040065765,1766819388096
4,0.04288764297962189,1766819388281
4,0.025276655331254005,1766819388551
4,0.0272041168063879,1766819388781
4,0.015483411028981209,1766819388948
4,0.0197625532746315,1766819389157
4,0.023435477167367935,1766819389345
4,0.046222276985645294,1766819389523
4,0.1433315873146057,1766819389700
4,0.1349772810935974,1766819389879
4,0.01526654977351427,1766819390055
4,0.006619358900934458,1766819390239
4,0.03391934931278229,1766819390439
4,0.004885194357484579,1766819390664
4,0.03638916462659836,1766819390862
4,0.010435478761792183,1766819391032
4,0.056207507848739624,1766819391265
4,0.005920086055994034,1766819391491
4,0.002627219073474407,1766819391707
4,0.09914318472146988,1766819391889
4,0.047888774424791336,1766819392089
4,0.0062027908861637115,1766819392298
4,0.0014116965467110276,1766819392505
4,0.18325330317020416,1766819392679
4,0.040493082255125046,1766819392886
4,0.005983145907521248,1766819393175
4,0.009133557789027691,1766819393401
4,0.03733636811375618,1766819393595
4,0.0007851694244891405,1766819393787
4,0.052650414407253265,1766819394030
4,0.032387714833021164,1766819394251
4,0.035077717155218124,1766819394518
4,0.0148306367918849,1766819394743
4,0.12352430820465088,1766819394936
4,0.04898492246866226,1766819395164
4,0.01352880522608757,1766819395364
4,0.2697116732597351,1766819395566
4,0.0263898354023695,1766819395756
4,0.07718005031347275,1766819396017
4,0.033331748098134995,1766819396273
4,0.002376694232225418,1766819396444
4,0.001475796103477478,1766819396635
4,0.0032384078949689865,1766819396812
4,0.002000807086005807,1766819397025
4,0.009503783658146858,1766819397211
4,0.7064775228500366,1766819397425
4,0.011635909788310528,1766819397622
4,0.013515187427401543,1766819397811
4,0.006007089279592037,1766819398078
4,0.05411522835493088,1766819398336
4,0.03771423548460007,1766819398639
4,0.008672581985592842,1766819398875
4,0.0169521551579237,1766819399084
4,0.007740052882581949,1766819399281
4,0.25722625851631165,1766819399507
4,0.060047224164009094,1766819399712
4,0.048635587096214294,1766819399904
4,0.10110194981098175,1766819400142
4,0.019038602709770203,1766819400386
4,0.0287252739071846,1766819400575
4,0.03984150290489197,1766819400784
4,0.018435996025800705,1766819401044
4,0.08274179697036743,1766819401251
4,0.01098521240055561,1766819401448
4,0.015286210924386978,1766819401727
4,0.0961703360080719,1766819401984
4,0.17865648865699768,1766819402211
4,0.03198239207267761,1766819402434
4,0.16226977109909058,1766819402669
4,0.04861362650990486,1766819402859
4,0.012517324648797512,1766819403071
4,0.11008777469396591,1766819403273
4,0.02317759394645691,1766819403455
4,0.005602174438536167,1766819403705
4,0.0506429523229599,1766819403909
4,0.012469498440623283,1766819404147
4,0.06689716130495071,1766819404338
4,0.01999773643910885,1766819404540
4,0.14223924279212952,1766819404738
4,0.03762129694223404,1766819404938
4,0.043544989079236984,1766819405172
4,0.013203705660998821,1766819405387
4,0.039664752781391144,1766819405600
4,0.04502063989639282,1766819405795
4,0.008068353869020939,1766819406068
4,0.08189059793949127,1766819406286
4,0.014703956432640553,1766819406493
4,0.10277428478002548,1766819406684
4,0.04989057034254074,1766819406951
4,0.004594307858496904,1766819407157
4,0.006334253586828709,1766819407411
4,0.1468275934457779,1766819407588
4,0.11218900233507156,1766819407822
4,0.0500565730035305,1766819408049
4,0.039685700088739395,1766819408248
4,0.01601090282201767,1766819408471
4,0.07478291541337967,1766819408644
4,0.0037962908390909433,1766819408828
4,0.20969495177268982,1766819409060
4,0.03248126432299614,1766819409280
4,0.14921090006828308,1766819409506
4,0.07758952677249908,1766819409712
4,0.04183042794466019,1766819409943
4,0.06308364868164062,1766819410125
4,0.008076206780970097,1766819410331
4,0.05162908881902695,1766819410527
4,0.0009318114025518298,1766819410692
4,0.1868092119693756,1766819410927
4,0.10673277080059052,1766819411131
4,0.07674899697303772,1766819411342
4,0.04472028464078903,1766819411539
4,0.012397761456668377,1766819411729
4,0.03501389920711517,1766819411921
4,0.05026667192578316,1766819412118
4,0.040176160633563995,1766819412310
4,0.0019294212106615305,1766819412500
4,0.009120752103626728,1766819412771
4,0.01134285144507885,1766819412968
4,0.02258070930838585,1766819413222
4,0.008027049712836742,1766819413429
4,0.009920873679220676,1766819413625
4,0.0035787210799753666,1766819413846
4,0.018787411972880363,1766819414064
4,0.014754747971892357,1766819414250
4,0.04727163910865784,1766819414479
4,0.037983257323503494,1766819414686
4,0.08527062833309174,1766819414893
4,0.01720499061048031,1766819415095
4,0.04122817516326904,1766819415309
4,0.010694898664951324,1766819415495
4,0.006033613346517086,1766819415778
4,0.0737612172961235,1766819415961
4,0.0007600230164825916,1766819416140
4,0.02437429130077362,1766819416330
4,0.031022561714053154,1766819416551
4,0.039899252355098724,1766819416793
4,0.04278833791613579,1766819417046
4,0.025450333952903748,1766819417233
4,0.014179944060742855,1766819417482
4,0.01146740186959505,1766819417681
4,0.0005880921380594373,1766819417918
4,0.05339548736810684,1766819418126
4,0.01997571438550949,1766819418344
4,0.10459067672491074,1766819418596
4,0.0026008852291852236,1766819418781
4,0.04312584549188614,1766819418988
4,0.004721236415207386,1766819419210
4,0.01385410688817501,1766819419423
4,0.31277263164520264,1766819419614
4,0.043886445462703705,1766819419783
4,0.08211686462163925,1766819419993
4,0.003346199868246913,1766819420189
4,0.0047563668340444565,1766819420382
4,0.005421893205493689,1766819420624
4,0.016070112586021423,1766819420819
4,0.005071739200502634,1766819421038
4,0.18716326355934143,1766819421222
4,0.027219124138355255,1766819421484
4,0.0029617894906550646,1766819421771
4,0.03915003314614296,1766819421982
4,0.04031944274902344,1766819422199
4,0.10874760895967484,1766819422478
4,0.032221365720033646,1766819422727
4,0.018302764743566513,1766819422904
4,0.0067263636738061905,1766819423105
4,0.014350351877510548,1766819423310
4,0.002727012149989605,1766819423480
4,0.12067892402410507,1766819423667
4,0.08418499678373337,1766819423909
4,0.027954669669270515,1766819424127
4,0.0497199110686779,1766819424306
4,0.03287212923169136,1766819424497
4,0.029494894668459892,1766819424673
4,0.020282629877328873,1766819424858
4,0.11326543986797333,1766819425094
4,0.00596819119527936,1766819425299
4,0.04980561137199402,1766819425586
4,0.231307253241539,1766819425804
4,0.03031546249985695,1766819426051
4,0.01331193558871746,1766819426316
4,0.025981158018112183,1766819426524
4,0.05999128893017769,1766819426766
4,0.025638677179813385,1766819426973
4,0.10687471181154251,1766819427236
4,0.0604064017534256,1766819427460
4,0.004218423739075661,1766819427637
4,0.031339798122644424,1766819427843
4,0.006390005815774202,1766819428043
4,0.03361654281616211,1766819428282
4,0.010403981432318687,1766819428495
4,0.00247609568759799,1766819428674
4,0.0012009638594463468,1766819428888
4,0.2346278429031372,1766819429160
4,0.14862985908985138,1766819429406
4,0.01996486261487007,1766819429590
4,0.03475446626543999,1766819429767
4,0.0007222483400255442,1766819429951
4,0.0008938019163906574,1766819430146
4,0.05410270765423775,1766819430330
4,0.11169067025184631,1766819430565
4,0.03009350225329399,1766819430822
4,0.005246880929917097,1766819431028
4,0.11221928894519806,1766819431234
4,0.1897127330303192,1766819431454
4,0.08214247971773148,1766819431711
4,0.03221834823489189,1766819431973
4,0.22655099630355835,1766819432178
4,0.07097860425710678,1766819432368
4,0.02049349620938301,1766819432549
4,0.10714195668697357,1766819432770
4,0.05517030507326126,1766819432963
4,0.07439937442541122,1766819433150
4,0.008368220180273056,1766819433368
4,0.012832924723625183,1766819433635
4,0.013490251265466213,1766819433844
4,0.01077910978347063,1766819434080
4,0.03249330073595047,1766819434283
4,0.029216062277555466,1766819434475
4,0.09312165528535843,1766819434717
4,0.008241893723607063,1766819434922
4,0.028745654970407486,1766819435119
4,0.009606565348803997,1766819435314
4,0.007190194446593523,1766819435550
4,0.09275928884744644,1766819435749
4,0.04350143298506737,1766819435944
4,0.04410142824053764,1766819436121
4,0.01744568534195423,1766819436298
4,0.13893544673919678,1766819436514
4,0.0028738330584019423,1766819436704
4,0.0005395071348175406,1766819436931
4,0.005800413899123669,1766819437143
4,0.051411837339401245,1766819437364
4,0.048235416412353516,1766819437549
4,0.018009107559919357,1766819437766
4,0.01288113184273243,1766819437976
4,0.004811023361980915,1766819438244
4,0.03128386661410332,1766819438469
4,0.07197484374046326,1766819438660
4,0.01336684450507164,1766819438863
4,0.04497765377163887,1766819439081
4,0.01757187955081463,1766819439282
4,0.000934890762437135,1766819439637
4,0.03705225884914398,1766819439823
4,0.03185778856277466,1766819440034
4,0.007758297957479954,1766819440220
4,0.06297992169857025,1766819440402
4,0.023061063140630722,1766819440653
4,0.018670642748475075,1766819440900
4,0.10541193932294846,1766819441087
4,0.003336633089929819,1766819441299
4,0.1297433078289032,1766819441492
4,0.1433429718017578,1766819441714
4,0.03461625427007675,1766819441982
4,0.05863305553793907,1766819442197
4,0.08837264031171799,1766819442434
4,0.020916733890771866,1766819442679
4,0.037622518837451935,1766819442924
4,0.009276940487325191,1766819443105
4,0.011879741214215755,1766819443298
4,0.02152898907661438,1766819443502
4,0.04506509378552437,1766819443684
4,0.0727003961801529,1766819443909
4,0.08871819078922272,1766819444104
4,0.07530608028173447,1766819444288
4,0.014951344579458237,1766819444487
4,0.23974360525608063,1766819444721
4,0.026922710239887238,1766819444935
4,0.04419388622045517,1766819445169
4,0.016139542683959007,1766819445424
4,0.029220126569271088,1766819445707
4,0.0761697068810463,1766819445906
4,0.06845486909151077,1766819446085
4,0.003136573825031519,1766819446268
4,0.05185920372605324,1766819446463
4,0.015193061903119087,1766819446685
4,0.14474278688430786,1766819446902
4,0.1630823165178299,1766819447149
4,0.04607769846916199,1766819447360
4,0.17627005279064178,1766819447557
4,0.0048762476071715355,1766819447768
4,0.03780225291848183,1766819447975
4,0.02899640053510666,1766819448174
4,0.00978440884500742,1766819448344
4,0.023804500699043274,1766819448571
4,0.0030724648386240005,1766819448773
4,0.012154712341725826,1766819449068
4,0.01971299573779106,1766819449270
4,0.07240947335958481,1766819449511
4,0.0031120667699724436,1766819449768
4,0.06936538219451904,1766819450015
4,0.17744365334510803,1766819450256
4,0.023462366312742233,1766819450452
4,0.0038346415385603905,1766819450649
4,0.012857478111982346,1766819450917
4,0.15015338361263275,1766819451093
4,0.14007382094860077,1766819451279
4,0.006471800617873669,1766819451466
4,0.00820465013384819,1766819451760
4,0.006795385852456093,1766819451977
4,0.019199471920728683,1766819452203
4,0.06618185341358185,1766819452481
4,0.02138160914182663,1766819452689
4,0.02521728351712227,1766819452891
4,0.09711544960737228,1766819453121
4,0.03991616517305374,1766819453294
4,0.1502179503440857,1766819453488
4,0.09884140640497208,1766819453701
4,0.06964677572250366,1766819453902
4,0.002218186389654875,1766819454108
4,0.03470352292060852,1766819454309
4,0.043163545429706573,1766819454543
4,0.004990944638848305,1766819454767
4,0.002337806625291705,1766819454987
4,0.005576903931796551,1766819455229
4,0.004512166138738394,1766819455469
4,0.07827658206224442,1766819455683
4,0.004692943301051855,1766819455891
4,0.10475946962833405,1766819456125
4,0.008290301077067852,1766819456329
4,0.0007166301365941763,1766819456539
4,0.05395000800490379,1766819456769
4,0.0005581766017712653,1766819456993
4,0.0035364546347409487,1766819457179
4,0.012828023172914982,1766819457426
4,0.134137824177742,1766819457667
4,0.06130376085639,1766819457871
4,0.02363779954612255,1766819458136
4,0.03563772514462471,1766819458396
4,0.030895419418811798,1766819458587
4,0.001302815042436123,1766819458759
4,0.0021796186920255423,1766819458966
4,0.0059580495581030846,1766819459155
4,0.05085337162017822,1766819459429
4,0.17775380611419678,1766819459619
4,0.09469024091959,1766819459797
4,0.0018544935155659914,1766819459984
4,0.04178168624639511,1766819460182
4,0.01382464449852705,1766819460453
4,0.14240948855876923,1766819460637
4,0.10388398915529251,1766819460849
4,0.29737207293510437,1766819461115
4,0.04608215019106865,1766819461295
4,0.015228033065795898,1766819461510
4,0.018837282434105873,1766819461765
4,0.08502668887376785,1766819462031
4,0.0016907835379242897,1766819462269
4,0.030281677842140198,1766819462436
4,0.18236300349235535,1766819462618
4,0.013161232694983482,1766819462844
4,0.03586076200008392,1766819463051
4,0.011976291425526142,1766819463255
4,0.016932126134634018,1766819463466
4,0.02694435976445675,1766819463765
4,0.07905783504247665,1766819464011
4,0.014609238132834435,1766819464254
4,0.009911020286381245,1766819464550
4,0.02491569332778454,1766819464762
4,0.004569241777062416,1766819464997
4,0.018556442111730576,1766819465179
4,0.02728542499244213,1766819465387
4,0.13745112717151642,1766819465603
4,0.013000265695154667,1766819465801
4,0.010112432762980461,1766819466040
4,0.008914763107895851,1766819466260
4,0.0017283445922657847,1766819466470
4,0.01872244104743004,1766819466733
4,0.03616530820727348,1766819466956
4,0.12591928243637085,1766819467145
4,0.01109512709081173,1766819467339
4,0.0020086457952857018,1766819467649
4,0.013026626780629158,1766819467840
4,0.003170411102473736,1766819468032
4,0.2789580821990967,1766819468234
4,0.02149207517504692,1766819468442
4,0.021614395081996918,1766819468697
4,0.002187145873904228,1766819468984
4,0.2658953368663788,1766819469172
4,0.04661956802010536,1766819469451
4,0.016239866614341736,1766819469650
4,0.006488891784101725,1766819469855
4,0.12357818335294724,1766819470091
4,0.17485521733760834,1766819470316
4,0.1224878579378128,1766819470515
4,0.039498087018728256,1766819470702
4,0.07908937335014343,1766819470906
4,0.057915858924388885,1766819471103
4,0.019494134932756424,1766819471303
4,0.10941151529550552,1766819471513
4,0.08103052526712418,1766819471719
4,0.03515254706144333,1766819471940
4,0.008661097846925259,1766819472132
4,0.011072848923504353,1766819472376
4,0.09800299257040024,1766819472635
4,0.031871698796749115,1766819472840
4,0.0236643236130476,1766819473062
4,0.013921956531703472,1766819473240
4,0.005668296478688717,1766819473431
4,0.0465194508433342,1766819473702
4,0.10481137037277222,1766819473904
4,0.005113526247441769,1766819474114
4,0.0646672397851944,1766819474322
4,0.04611366242170334,1766819474544
4,0.01598191447556019,1766819474771
4,0.05126271769404411,1766819474982
4,0.028091151267290115,1766819475231
4,0.17690297961235046,1766819475393
4,0.040273625403642654,1766819475632
4,0.1854945868253708,1766819475857
4,0.12430892884731293,1766819476101
4,0.06936502456665039,1766819476305
4,0.014988253824412823,1766819476474
4,0.14685122668743134,1766819476669
4,0.008479958400130272,1766819476848
4,0.060057688504457474,1766819477020
4,0.03205575793981552,1766819477223
4,0.01908121630549431,1766819477446
4,0.049340322613716125,1766819477677
4,0.1985635757446289,1766819477860
4,0.06421342492103577,1766819478104
4,0.012534822337329388,1766819478281
4,0.07450084388256073,1766819478472
4,0.0024146137293428183,1766819478745
4,0.09355722367763519,1766819479004
4,0.058149658143520355,1766819479228
4,0.007051256485283375,1766819479436
4,0.06714623421430588,1766819479617
4,0.026617560535669327,1766819479809
4,0.10160252451896667,1766819479996
4,0.1310914307832718,1766819480179
4,0.0464899055659771,1766819480420
4,0.012098385021090508,1766819480589
4,0.02270830236375332,1766819480855
4,0.02108616754412651,1766819481064
4,0.029009396210312843,1766819481270
4,0.11912792921066284,1766819481589
4,0.023110024631023407,1766819481792
4,0.04269593209028244,1766819481997
4,0.12991592288017273,1766819482202
4,0.0024462216533720493,1766819482386
4,0.0141460495069623,1766819482659
4,0.0878102034330368,1766819482869
4,0.08779558539390564,1766819483070
4,0.018258124589920044,1766819483260
4,0.05405714362859726,1766819483437
4,0.16281844675540924,1766819483636
4,0.013365192338824272,1766819483835
4,0.0006554390420205891,1766819484036
4,0.23585005104541779,1766819484230
4,0.08230318874120712,1766819484509
4,0.0274056363850832,1766819484767
4,0.0024326255079358816,1766819485009
4,0.1537870317697525,1766819485211
4,0.015298588201403618,1766819485427
4,0.09610170125961304,1766819485654
4,0.10704278200864792,1766819485842
4,0.013190187513828278,1766819486044
4,0.14362986385822296,1766819486283
4,0.046280693262815475,1766819486515
4,0.0710095539689064,1766819486703
4,0.3426859676837921,1766819486955
4,0.24321578443050385,1766819487153
4,0.058533575385808945,1766819487365
4,0.1545017510652542,1766819487584
4,0.03332899510860443,1766819487815
4,0.009013088420033455,1766819488019
4,0.07273782044649124,1766819488195
4,0.11044567823410034,1766819488499
4,0.09140653163194656,1766819488729
4,0.01451728492975235,1766819488913
4,0.022402649745345116,1766819489119
4,0.0397929847240448,1766819489349
4,0.2618970274925232,1766819489545
4,0.01990804448723793,1766819489716
4,0.022007154300808907,1766819489930
4,0.042596109211444855,1766819490147
4,0.035011522471904755,1766819490451
4,0.06855271756649017,1766819490658
4,0.09100198745727539,1766819490847
4,0.0028970870189368725,1766819491060
4,0.008814113214612007,1766819491269
4,0.02365761250257492,1766819491450
4,0.01041414774954319,1766819491686
4,0.05498127639293671,1766819491947
4,0.12539175152778625,1766819492176
4,0.015532630495727062,1766819492396
4,0.06706543266773224,1766819492624
4,0.010007398203015327,1766819492893
4,0.012900791130959988,1766819493129
4,0.0318579375743866,1766819493351
4,0.09861720353364944,1766819493579
4,0.0026042291428893805,1766819493753
4,0.07558147609233856,1766819493993
4,0.07149207592010498,1766819494208
4,0.0956219881772995,1766819494413
4,0.02417553775012493,1766819494625
4,0.40738892555236816,1766819494817
4,0.005514147691428661,1766819495029
4,0.05152948945760727,1766819495225
4,0.08950860798358917,1766819495425
4,0.11568859964609146,1766819495662
4,0.023926427587866783,1766819495865
4,0.037331633269786835,1766819496093
4,0.009772057645022869,1766819496376
4,0.007555676624178886,1766819496572
4,0.07865875959396362,1766819496745
4,0.0305190347135067,1766819496916
4,0.14471811056137085,1766819497126
4,0.08042560517787933,1766819497332
4,0.05588262528181076,1766819497568
4,0.16955159604549408,1766819497756
4,0.08529642224311829,1766819497984
4,0.024638475850224495,1766819498183
4,0.036856018006801605,1766819498462
4,0.11486173421144485,1766819498685
4,0.008670130744576454,1766819498866
4,0.014072805643081665,1766819499047
4,0.08850297331809998,1766819499249
4,0.09557562321424484,1766819499556
4,0.016645178198814392,1766819499749
4,0.049315206706523895,1766819499962
4,0.11755544692277908,1766819500175
4,0.015375956892967224,1766819500346
4,0.0525006502866745,1766819500580
4,0.16517242789268494,1766819500764
4,0.2789960503578186,1766819500956
4,0.07641134411096573,1766819501218
4,0.0067115724086761475,1766819501418
4,0.16783393919467926,1766819501683
4,0.0029531221371144056,1766819501901
4,0.0028602639213204384,1766819502098
4,0.03774780035018921,1766819502282
4,0.10048167407512665,1766819502495
4,0.12285162508487701,1766819502720
4,0.11970128118991852,1766819502902
4,0.10380099713802338,1766819503098
4,0.030930740758776665,1766819503338
4,0.12138305604457855,1766819503575
4,0.00249059172347188,1766819503805
4,0.0088618453592062,1766819504044
4,0.060029417276382446,1766819504244
4,0.004627749789506197,1766819504476
4,0.19063565135002136,1766819504698
4,0.024749265983700752,1766819504951
4,0.08001579344272614,1766819505132
4,0.03804735839366913,1766819505322
4,0.032761719077825546,1766819505498
4,0.0793418362736702,1766819505700
4,0.029232073575258255,1766819505890
4,0.0390804260969162,1766819506146
4,0.03504098951816559,1766819506351
4,0.049125246703624725,1766819506536
4,0.07312914729118347,1766819506727
4,0.05029066652059555,1766819506920
4,0.10409849137067795,1766819507090
4,0.044092949479818344,1766819507287
4,0.034987952560186386,1766819507548
4,0.1290394365787506,1766819507825
4,0.01626705564558506,1766819508019
4,0.008795439265668392,1766819508321
4,0.021524950861930847,1766819508534
4,0.11561112850904465,1766819508764
4,0.04420498013496399,1766819508983
4,0.12855225801467896,1766819509177
4,0.12646853923797607,1766819509419
4,0.015275474637746811,1766819509649
4,0.013055682182312012,1766819509903
4,0.0014888662844896317,1766819510184
4,0.009862878359854221,1766819510406
4,0.21297702193260193,1766819510604
4,0.044473931193351746,1766819510857
4,0.09444534033536911,1766819511046
4,0.0320189967751503,1766819511264
4,0.14132505655288696,1766819511431
4,0.08220582455396652,1766819511660
4,0.024383585900068283,1766819511885
4,0.02484716661274433,1766819512122
4,0.04972293972969055,1766819512341
4,0.04927408695220947,1766819512543
4,0.1000618115067482,1766819512845
4,0.00869376678019762,1766819513075
4,0.005159519612789154,1766819513293
4,0.04755822941660881,1766819513549
4,0.0066115232184529305,1766819513776
4,0.09127882122993469,1766819513995
4,0.010194534435868263,1766819514200
4,0.07340651750564575,1766819514359
4,0.04275035485625267,1766819514585
4,0.0747934952378273,1766819514762
4,0.14407819509506226,1766819514985
4,0.002820318564772606,1766819515193
4,0.0015488759381696582,1766819515417
4,0.09819333255290985,1766819515642
4,0.022435879334807396,1766819515856
4,0.06316883116960526,1766819516106
4,0.027588948607444763,1766819516287
4,0.036462944000959396,1766819516520
4,0.022115012630820274,1766819516749
4,0.05993037670850754,1766819516944
4,0.06781631708145142,1766819517203
4,0.24764372408390045,1766819517399
4,0.03734007105231285,1766819517596
4,0.08198539912700653,1766819517809
4,0.009988896548748016,1766819517983
4,0.008102823048830032,1766819518156
4,0.1022580936551094,1766819518425
4,0.053713031113147736,1766819518626
4,0.16213272511959076,1766819518815
4,0.013198313303291798,1766819519009
4,0.02855430543422699,1766819519182
4,0.09049205482006073,1766819519356
4,0.1329803764820099,1766819519535
4,0.24524450302124023,1766819519728
4,0.04639645665884018,1766819520034
4,0.03921131417155266,1766819520246
4,0.13295865058898926,1766819520477
4,0.08335568010807037,1766819520691
4,0.07823535799980164,1766819520876
4,0.03147367015480995,1766819521082
4,0.023158811032772064,1766819521260
4,0.0862743929028511,1766819521583
4,0.0371120385825634,1766819521770
4,0.028890248388051987,1766819521957
4,0.019514653831720352,1766819522135
4,0.08221122622489929,1766819522333
4,0.05106174200773239,1766819522537
4,0.12822677195072174,1766819522726
4,0.05475786328315735,1766819522921
4,0.04542422667145729,1766819523097
4,0.015402521938085556,1766819523307
4,0.12393613904714584,1766819523515
4,0.15439842641353607,1766819523708
4,0.21871523559093475,1766819523930
4,0.059056613594293594,1766819524120
4,0.05166181921958923,1766819524335
4,0.00445051584392786,1766819524552
4,0.12481547892093658,1766819524800
4,0.06884819269180298,1766819525034
4,0.03159741312265396,1766819525240
4,0.07995226979255676,1766819525466
4,0.04469890519976616,1766819525630
4,0.200271338224411,1766819525832
4,0.074214406311512,1766819526012
4,0.022990617901086807,1766819526210
4,0.007521436084061861,1766819526392
4,0.020365877076983452,1766819526588
4,0.054947853088378906,1766819526785
4,0.09424722194671631,1766819527065
4,0.012998947873711586,1766819527269
4,0.1692260354757309,1766819527476
4,0.012998702935874462,1766819527659
4,0.01230362243950367,1766819527892
4,0.03836073353886604,1766819528075
4,0.03569357469677925,1766819528316
4,0.02977115660905838,1766819528568
4,0.029016178101301193,1766819528780
4,0.0724564790725708,1766819529136
4,0.23234261572360992,1766819529320
4,0.09073980897665024,1766819529520
4,0.13351432979106903,1766819529803
4,0.07366585731506348,1766819530060
4,0.030765807256102562,1766819530280
4,0.05297279730439186,1766819530554
4,0.08475004136562347,1766819530734
4,0.06057160347700119,1766819531002
4,0.026441356167197227,1766819531247
4,0.00371568463742733,1766819531451
4,0.03620397672057152,1766819531677
4,0.11099369078874588,1766819531890
4,0.03705831617116928,1766819532082
4,0.028147555887699127,1766819532267
4,0.08023722469806671,1766819532445
4,0.1952105015516281,1766819532626
4,0.044411733746528625,1766819532843
4,0.03321836516261101,1766819533078
4,0.04095560684800148,1766819533302
4,0.05191336199641228,1766819533511
4,0.05546320974826813,1766819533705
4,0.004216761793941259,1766819533910
4,0.003175073768943548,1766819534083
4,0.001850790809839964,1766819534390
4,0.020078545436263084,1766819534584
4,0.05673101544380188,1766819534809
4,0.03290616348385811,1766819535008
4,0.06806080043315887,1766819535223
4,0.002205831231549382,1766819535434
4,0.06394282728433609,1766819535630
4,0.03820387274026871,1766819535863
4,0.014764511957764626,1766819536087
4,0.016441816464066505,1766819536272
4,0.017973514273762703,1766819536548
4,0.004651227034628391,1766819536757
4,0.009074474684894085,1766819536961
4,0.01661047153174877,1766819537158
4,0.01153002493083477,1766819537328
4,0.029832126572728157,1766819537507
4,0.05932781472802162,1766819537704
4,0.03559882566332817,1766819537930
4,0.025675183162093163,1766819538112
4,0.1841408908367157,1766819538332
4,0.06703487783670425,1766819538592
4,0.02555212751030922,1766819538866
4,0.002066446468234062,1766819539055
4,0.02189231850206852,1766819539248
4,0.05538869649171829,1766819539530
4,0.057822030037641525,1766819539721
4,0.002371477894484997,1766819539899
4,0.021768752485513687,1766819540098
4,0.018041405826807022,1766819540291
4,0.058823417872190475,1766819540511
4,0.03091767430305481,1766819540710
4,0.1420726478099823,1766819540936
4,0.16242574155330658,1766819541150
4,0.117217518389225,1766819541343
4,0.002393786096945405,1766819541582
4,0.009904126636683941,1766819541816
4,0.09605404734611511,1766819542012
4,0.026624850928783417,1766819542224
4,0.5078212022781372,1766819542416
4,0.23321564495563507,1766819542621
4,0.0004714385140687227,1766819542827
4,0.12096946686506271,1766819543066
4,0.0071517908945679665,1766819543231
4,0.08865547180175781,1766819543540
4,0.19319134950637817,1766819543744
4,0.17241506278514862,1766819543927
4,0.03503197431564331,1766819544198
4,0.12910962104797363,1766819544399
4,0.05837268382310867,1766819544620
4,0.18519845604896545,1766819544886
4,0.14886122941970825,1766819545096
4,0.03731279447674751,1766819545308
4,0.32627245783805847,1766819545491
4,0.015439409762620926,1766819545753
4,0.034719400107860565,1766819545996
4,0.13962872326374054,1766819546194
4,0.035881396383047104,1766819546384
4,0.028180507943034172,1766819546560
4,0.06234901770949364,1766819546788
4,0.20452214777469635,1766819547067
4,0.01889336295425892,1766819547262
4,0.12190070748329163,1766819547530
4,0.02615182474255562,1766819547743
4,0.18561801314353943,1766819547948
4,0.03180704265832901,1766819548130
4,0.07464893162250519,1766819548324
4,0.07338011264801025,1766819548669
4,0.1317717730998993,1766819548876
4,0.026485029608011246,1766819549072
4,0.03319224715232849,1766819549272
4,0.07160764187574387,1766819549462
4,0.009495235979557037,1766819549690
4,0.07800845056772232,1766819549885
4,0.008289613761007786,1766819550108
4,0.007995693944394588,1766819550298
4,0.07821977138519287,1766819550482
4,0.008134128525853157,1766819550712
4,0.024122992530465126,1766819550969
4,0.05865105241537094,1766819551176
4,0.014310996979475021,1766819551425
4,0.051879703998565674,1766819551625
4,0.007803504355251789,1766819551828
4,0.10029180347919464,1766819552030
4,0.051761478185653687,1766819552213
4,0.0006839437410235405,1766819552420
4,0.11430187523365021,1766819552622
4,0.00010888475662795827,1766819552838
4,0.0010573905892670155,1766819553028
4,0.025212908163666725,1766819553213
4,0.029183708131313324,1766819553418
4,0.15818385779857635,1766819553586
4,0.062369197607040405,1766819553832
4,0.015390373766422272,1766819554052
4,0.038279302418231964,1766819554316
4,0.0695544183254242,1766819554522
4,0.015220437198877335,1766819554745
4,0.02444244734942913,1766819554991
4,0.00038158486131578684,1766819555176
4,0.06985419988632202,1766819555386
4,0.05358658358454704,1766819555570
4,0.01525641418993473,1766819555750
5,0.01560233999043703,1766819555943
5,0.051599498838186264,1766819556133
5,0.013725733384490013,1766819556333
5,0.05740715563297272,1766819556519
5,0.020317725837230682,1766819556719
5,0.004553524311631918,1766819556887
5,0.027396254241466522,1766819557083
5,0.03597092628479004,1766819557290
5,0.0814572423696518,1766819557542
5,0.0720142126083374,1766819557816
5,0.043282121419906616,1766819558007
5,0.006081314757466316,1766819558236
5,0.1663166582584381,1766819558437
5,0.0006725981365889311,1766819558667
5,0.06946109980344772,1766819558859
5,0.02035900577902794,1766819559065
5,0.016128141433000565,1766819559263
5,0.2336673140525818,1766819559459
5,0.04891558736562729,1766819559647
5,0.00800567027181387,1766819559820
5,0.003369491081684828,1766819560064
5,0.02092178724706173,1766819560290
5,0.18046046793460846,1766819560462
5,0.010826824232935905,1766819560661
5,0.1115705817937851,1766819560855
5,0.011683116666972637,1766819561048
5,0.021546300500631332,1766819561235
5,0.005100415088236332,1766819561480
5,0.04420831799507141,1766819561723
5,0.33872687816619873,1766819561944
5,0.003093977924436331,1766819562172
5,0.19316910207271576,1766819562381
5,0.00270219799131155,1766819562619
5,0.04069327563047409,1766819562808
5,0.13620033860206604,1766819563067
5,0.005379480309784412,1766819563266
5,0.0014129492919892073,1766819563450
5,0.06217852979898453,1766819563659
5,0.055923476815223694,1766819563865
5,0.11656454205513,1766819564141
5,0.01158367469906807,1766819564341
5,0.06592359393835068,1766819564593
5,0.06361604481935501,1766819564824
5,0.00860573910176754,1766819565043
5,0.02847473695874214,1766819565339
5,0.020283591002225876,1766819565556
5,0.1401173323392868,1766819565765
5,0.045425452291965485,1766819566005
5,0.006285099312663078,1766819566233
5,0.09607162326574326,1766819566451
5,0.019808512181043625,1766819566672
5,0.01275735255330801,1766819566854
5,0.03973045200109482,1766819567074
5,0.03868335857987404,1766819567285
5,0.04657845199108124,1766819567475
5,0.03465500846505165,1766819567698
5,0.10515017062425613,1766819567881
5,0.029634475708007812,1766819568080
5,0.003084587398916483,1766819568274
5,0.01234966330230236,1766819568488
5,0.008358301594853401,1766819568743
5,0.016905445605516434,1766819568968
5,0.04010339453816414,1766819569189
5,0.011478984728455544,1766819569413
5,0.06410345435142517,1766819569687
5,0.0007070339634083211,1766819569876
5,0.01492107193917036,1766819570080
5,0.07680824398994446,1766819570268
5,0.029727455228567123,1766819570466
5,0.04205108806490898,1766819570625
5,0.005846526939421892,1766819570896
5,0.006323834881186485,1766819571115
5,0.043704062700271606,1766819571342
5,0.010946976020932198,1766819571633
5,0.04253387451171875,1766819571858
5,0.08652380108833313,1766819572035
5,0.33630213141441345,1766819572205
5,0.05528626963496208,1766819572390
5,0.039541590958833694,1766819572642
5,0.0005622957833111286,1766819572846
5,0.011266164481639862,1766819573031
5,0.0016949751880019903,1766819573250
5,0.20449256896972656,1766819573437
5,0.07034724205732346,1766819573630
5,0.07938438653945923,1766819573861
5,0.022433046251535416,1766819574078
5,0.12825872004032135,1766819574282
5,0.014285843819379807,1766819574500
5,0.10705681890249252,1766819574698
5,0.009660160169005394,1766819574871
5,0.01697539910674095,1766819575123
5,0.0778345987200737,1766819575367
5,0.0663994774222374,1766819575552
5,0.10856465250253677,1766819575731
5,0.025946538895368576,1766819575895
5,0.019919220358133316,1766819576112
5,0.032647937536239624,1766819576289
5,0.17336741089820862,1766819576507
5,0.025501156225800514,1766819576700
5,0.14397653937339783,1766819576890
5,0.011290475726127625,1766819577092
5,0.006969259586185217,1766819577326
5,0.11000466346740723,1766819577520
5,0.03856959939002991,1766819577744
5,0.03260573372244835,1766819577977
5,0.0108706746250391,1766819578181
5,0.02628324367105961,1766819578396
5,0.13491560518741608,1766819578668
5,0.2217632681131363,1766819578879
5,0.042469579726457596,1766819579174
5,0.02954205870628357,1766819579374
5,0.08815226703882217,1766819579574
5,0.04034797102212906,1766819579835
5,0.14650043845176697,1766819580055
5,0.05154299736022949,1766819580347
5,0.11874082684516907,1766819580594
5,0.019678760319948196,1766819580755
5,0.1742793768644333,1766819580995
5,0.0925387516617775,1766819581253
5,0.04683738574385643,1766819581436
5,0.04175134003162384,1766819581650
5,0.005493528209626675,1766819581846
5,0.1000041514635086,1766819582088
5,0.0801781490445137,1766819582270
5,0.013721002265810966,1766819582475
5,0.02160189114511013,1766819582652
5,0.032953791320323944,1766819582842
5,0.10645049810409546,1766819583027
5,0.057995084673166275,1766819583262
5,0.09675967693328857,1766819583456
5,0.0299428328871727,1766819583646
5,0.08291509002447128,1766819583854
5,0.005761247128248215,1766819584053
5,0.03162449598312378,1766819584248
5,0.020269908010959625,1766819584456
5,0.023753929883241653,1766819584721
5,0.03699135407805443,1766819584921
5,0.04624684527516365,1766819585084
5,0.0005243163905106485,1766819585256
5,0.20179201662540436,1766819585488
5,0.040953379124403,1766819585687
5,0.017660217359662056,1766819585876
5,0.043201085180044174,1766819586126
5,0.06010700389742851,1766819586371
5,0.006981885991990566,1766819586633
5,0.026774846017360687,1766819586835
5,0.006902407854795456,1766819587017
5,0.07064449787139893,1766819587282
5,0.0449647456407547,1766819587501
5,0.019879702478647232,1766819587680
5,0.020902428776025772,1766819587898
5,0.007833300158381462,1766819588086
5,0.14289332926273346,1766819588378
5,0.04599114879965782,1766819588571
5,0.03204888105392456,1766819588771
5,0.0635865107178688,1766819588966
5,0.04459690302610397,1766819589144
5,0.03721914812922478,1766819589360
5,0.02322833053767681,1766819589599
5,0.16515231132507324,1766819589770
5,0.18585723638534546,1766819589986
5,0.0011698090238496661,1766819590222
5,0.028935914859175682,1766819590422
5,0.06134114786982536,1766819590608
5,0.0044469754211604595,1766819590833
5,0.006027433089911938,1766819591034
5,0.0726349800825119,1766819591218
5,0.007128807250410318,1766819591423
5,0.09408232569694519,1766819591637
5,0.05413893982768059,1766819591889
5,0.024145377799868584,1766819592089
5,0.164540633559227,1766819592372
5,0.05875752493739128,1766819592565
5,0.0017365291714668274,1766819592775
5,0.00537917111068964,1766819592960
5,0.09809904545545578,1766819593160
5,0.009965178556740284,1766819593388
5,0.1002291813492775,1766819593676
5,0.03850919008255005,1766819593888
5,0.030620452016592026,1766819594102
5,0.02096288651227951,1766819594331
5,0.028392180800437927,1766819594555
5,0.13595926761627197,1766819594770
5,0.06267517805099487,1766819594983
5,0.010535748675465584,1766819595268
5,0.013022623024880886,1766819595475
5,0.008426527492702007,1766819595668
5,0.05401340126991272,1766819595939
5,0.05428868904709816,1766819596164
5,0.06298200786113739,1766819596374
5,0.18100401759147644,1766819596586
5,0.0037078268360346556,1766819596784
5,0.06723856925964355,1766819596983
5,0.0009546447545289993,1766819597158
5,0.015212038531899452,1766819597372
5,0.070950448513031,1766819597567
5,0.037507060915231705,1766819597899
5,0.021868916228413582,1766819598099
5,0.08718796819448471,1766819598283
5,0.023573393002152443,1766819598554
5,0.05328410491347313,1766819598789
5,0.002784040290862322,1766819598976
5,0.12685413658618927,1766819599220
5,0.015517788007855415,1766819599398
5,0.1724298745393753,1766819599595
5,0.06675712019205093,1766819599841
5,0.010994870215654373,1766819600025
5,0.05305667966604233,1766819600283
5,0.004291348624974489,1766819600500
5,0.08216293156147003,1766819600699
5,0.09606915712356567,1766819600867
5,0.10197940468788147,1766819601071
5,0.03804285079240799,1766819601321
5,0.13336139917373657,1766819601510
5,0.031138267368078232,1766819601767
5,0.02016940340399742,1766819602027
5,0.009868184104561806,1766819602299
5,0.016460144892334938,1766819602507
5,0.0317574106156826,1766819602685
5,0.08647118508815765,1766819602868
5,0.07531068474054337,1766819603104
5,0.010847196914255619,1766819603330
5,0.04839330539107323,1766819603630
5,0.04216863960027695,1766819603864
5,0.02759326808154583,1766819604124
5,0.017149237915873528,1766819604322
5,0.026428330689668655,1766819604512
5,0.0022602705284953117,1766819604704
5,0.03966183215379715,1766819604911
5,0.07126986235380173,1766819605149
5,0.007068767212331295,1766819605362
5,0.04180367290973663,1766819605551
5,0.04034262150526047,1766819605729
5,0.030292751267552376,1766819605913
5,0.041087374091148376,1766819606101
5,0.016509022563695908,1766819606317
5,0.03787027671933174,1766819606506
5,0.015213606879115105,1766819606714
5,0.011322839185595512,1766819606903
5,0.10184408724308014,1766819607110
5,0.056023258715867996,1766819607403
5,0.05350751802325249,1766819607668
5,0.0061279172077775,1766819607911
5,0.005032017827033997,1766819608144
5,0.1071757823228836,1766819608392
5,0.018266916275024414,1766819608637
5,0.013852221891283989,1766819608819
5,0.15304602682590485,1766819609048
5,0.004441781900823116,1766819609238
5,0.06233404949307442,1766819609430
5,0.004070756491273642,1766819609605
5,0.0197049118578434,1766819609807
5,0.09422925114631653,1766819609966
5,0.000799835252109915,1766819610143
5,0.0831974595785141,1766819610351
5,0.11880874633789062,1766819610577
5,0.23961955308914185,1766819610840
5,0.022442864254117012,1766819611063
5,0.010289281606674194,1766819611301
5,0.01465446874499321,1766819611517
5,0.011048366315662861,1766819611724
5,0.007010558620095253,1766819611986
5,0.03232906013727188,1766819612162
5,0.010425614193081856,1766819612522
5,0.004890959709882736,1766819612697
5,0.04063060134649277,1766819612903
5,0.2086309939622879,1766819613151
5,0.04540816694498062,1766819613367
5,0.03636428713798523,1766819613622
5,0.037706103175878525,1766819613817
5,0.060156889259815216,1766819614039
5,0.01371455192565918,1766819614244
5,0.016813622787594795,1766819614468
5,0.09059275686740875,1766819614647
5,0.030552756041288376,1766819614833
5,0.08092942088842392,1766819615051
5,0.1182459220290184,1766819615307
5,0.02670872211456299,1766819615520
5,0.02512146718800068,1766819615735
5,0.12868037819862366,1766819615943
5,0.06323647499084473,1766819616133
5,0.0031772623769938946,1766819616347
5,0.000355523603502661,1766819616532
5,0.015225749462842941,1766819616734
5,0.054323166608810425,1766819616933
5,0.0013579536462202668,1766819617267
5,0.05123898759484291,1766819617473
5,0.01193656213581562,1766819617656
5,0.38653644919395447,1766819617853
5,0.035076770931482315,1766819618031
5,0.002766889287158847,1766819618261
5,0.05217542499303818,1766819618468
5,0.023112598806619644,1766819618656
5,0.019632995128631592,1766819618843
5,0.07724621891975403,1766819619026
5,0.004889372736215591,1766819619257
5,0.05082032456994057,1766819619481
5,0.08433303236961365,1766819619746
5,0.08898782730102539,1766819619970
5,0.002856239676475525,1766819620170
5,0.09644822776317596,1766819620532
5,0.012529165484011173,1766819620766
5,0.10600851476192474,1766819620955
5,0.025015559047460556,1766819621150
5,0.06895710527896881,1766819621327
5,0.058268748223781586,1766819621515
5,0.053066108375787735,1766819621736
5,0.004058188758790493,1766819621920
5,0.04780833050608635,1766819622076
5,0.004614613950252533,1766819622274
5,0.039994269609451294,1766819622476
5,0.003092288039624691,1766819622739
5,0.029773883521556854,1766819622950
5,0.0071533131413161755,1766819623115
5,0.005839973222464323,1766819623301
5,0.07438210397958755,1766819623484
5,0.14601139724254608,1766819623695
5,0.017131362110376358,1766819623884
5,0.06349814683198929,1766819624065
5,0.0781823992729187,1766819624298
5,0.011246304959058762,1766819624513
5,0.01081501692533493,1766819624745
5,0.005546219181269407,1766819624928
5,0.1800341159105301,1766819625168
5,0.015004042536020279,1766819625409
5,0.12178275734186172,1766819625620
5,0.00515801040455699,1766819625833
5,0.010185696184635162,1766819626036
5,0.011822537519037724,1766819626230
5,0.050174713134765625,1766819626431
5,0.007099751848727465,1766819626703
5,0.01325575914233923,1766819626914
5,0.012245476245880127,1766819627153
5,0.008379634469747543,1766819627334
5,0.009381761774420738,1766819627507
5,0.0010669147595763206,1766819627692
5,0.017218289896845818,1766819627941
5,0.15990406274795532,1766819628137
5,0.0026581119745969772,1766819628333
5,0.09392338246107101,1766819628518
5,0.023777442052960396,1766819628726
5,0.02660325914621353,1766819628937
5,0.032261911779642105,1766819629118
5,0.003059004433453083,1766819629372
5,0.02200976386666298,1766819629581
5,0.0016329885693266988,1766819629777
5,0.10385920852422714,1766819629965
5,0.05290956050157547,1766819630169
5,0.007143083494156599,1766819630417
5,0.0036955182440578938,1766819630635
5,0.0012404785957187414,1766819630838
5,0.020815609022974968,1766819631056
5,0.006076962221413851,1766819631259
5,0.06239275261759758,1766819631464
5,0.03362453356385231,1766819631670
5,0.06810329854488373,1766819631857
5,0.07124797999858856,1766819632060
5,0.03123740665614605,1766819632267
5,0.04284275323152542,1766819632481
5,0.13256129622459412,1766819632694
5,0.04751396179199219,1766819632877
5,0.006440805271267891,1766819633081
5,0.012363960035145283,1766819633259
5,0.028755614534020424,1766819633478
5,0.007852280512452126,1766819633680
5,0.0032324432395398617,1766819633893
5,0.049851302057504654,1766819634109
5,0.06004343926906586,1766819634358
5,0.01582098752260208,1766819634559
5,0.10236971080303192,1766819634730
5,0.01785016804933548,1766819634924
5,0.007414648309350014,1766819635166
5,0.0738629549741745,1766819635452
5,0.002440956886857748,1766819635670
5,0.0053153084591031075,1766819635887
5,0.015798555687069893,1766819636115
5,0.004257893655449152,1766819636353
5,0.013377722352743149,1766819636594
5,0.03777192905545235,1766819636813
5,0.009220246225595474,1766819637061
5,0.021619973704218864,1766819637256
5,0.08198115229606628,1766819637454
5,0.023115552961826324,1766819637649
5,0.07666989415884018,1766819637910
5,0.06287029385566711,1766819638151
5,0.12467974424362183,1766819638357
5,0.015608074143528938,1766819638555
5,0.20779070258140564,1766819638778
5,0.0015767248114570975,1766819638971
5,0.13843859732151031,1766819639144
5,0.005789541639387608,1766819639317
5,0.06714364886283875,1766819639520
5,0.0017993566580116749,1766819639703
5,0.16068299114704132,1766819639896
5,0.0015756995417177677,1766819640109
5,0.002910510404035449,1766819640331
5,0.10410676896572113,1766819640554
5,0.07391566783189774,1766819640766
5,0.08922655135393143,1766819640969
5,0.00961253885179758,1766819641156
5,0.07146121561527252,1766819641332
5,0.01618392951786518,1766819641542
5,0.009401175193488598,1766819641746
5,0.12164170295000076,1766819641981
5,0.04584227874875069,1766819642191
5,0.00026618322590366006,1766819642374
5,0.04879217594861984,1766819642632
5,0.040603965520858765,1766819642832
5,0.005201893392950296,1766819643074
5,0.002055408898741007,1766819643314
5,0.029296353459358215,1766819643527
5,0.07067759335041046,1766819643729
5,0.09169472008943558,1766819643969
5,0.006884044501930475,1766819644167
5,0.005262681283056736,1766819644359
5,0.0024237812031060457,1766819644614
5,0.021127967163920403,1766819644816
5,0.019313836470246315,1766819645016
5,0.017564421519637108,1766819645239
5,0.0019781303126364946,1766819645474
5,0.0008555910317227244,1766819645674
5,0.04354850947856903,1766819645870
5,0.16821745038032532,1766819646057
5,0.09005514532327652,1766819646283
5,0.004569816403090954,1766819646509
5,0.12820489704608917,1766819646746
5,0.04911923408508301,1766819646978
5,0.013819319196045399,1766819647218
5,0.018057867884635925,1766819647465
5,0.035656969994306564,1766819647683
5,0.06893978267908096,1766819647873
5,0.0027846030425280333,1766819648120
5,0.0002169655344914645,1766819648355
5,0.0828515961766243,1766819648573
5,0.002495060209184885,1766819648808
5,0.017837809398770332,1766819649032
5,0.013147379271686077,1766819649253
5,0.0021488843485713005,1766819649456
5,0.047995712608098984,1766819649641
5,0.0012441965518519282,1766819649850
5,0.004555338993668556,1766819650053
5,0.01888445019721985,1766819650282
5,0.06507622450590134,1766819650496
5,0.02601863071322441,1766819650703
5,0.05292089655995369,1766819650890
5,0.1282326728105545,1766819651096
5,0.06189854443073273,1766819651308
5,0.14185559749603271,1766819651522
5,0.13865426182746887,1766819651717
5,0.0016525527462363243,1766819651980
5,0.13926208019256592,1766819652181
5,0.08572826534509659,1766819652407
5,0.004766003228724003,1766819652639
5,0.0085800401866436,1766819652847
5,0.0005902884877286851,1766819653057
5,0.0031483271159231663,1766819653334
5,0.08585813641548157,1766819653523
5,0.001200733706355095,1766819653720
5,0.0033670023549348116,1766819653926
5,0.018862202763557434,1766819654265
5,0.2007078379392624,1766819654457
5,0.0008719946490600705,1766819654647
5,0.03159085288643837,1766819654860
5,0.14033670723438263,1766819655101
5,0.020066550001502037,1766819655319
5,0.05951289087533951,1766819655539
5,0.013211453333497047,1766819655736
5,0.021658068522810936,1766819655943
5,0.03277375176548958,1766819656133
5,0.04084715619683266,1766819656313
5,0.05880214273929596,1766819656505
5,0.031686991453170776,1766819656682
5,0.016588186845183372,1766819656913
5,0.012444098480045795,1766819657159
5,0.004979747347533703,1766819657454
5,0.06872453540563583,1766819657680
5,0.057435110211372375,1766819657950
5,0.007160835899412632,1766819658158
5,0.009881791658699512,1766819658342
5,0.015057986602187157,1766819658552
5,0.0326874777674675,1766819658762
5,0.0651363804936409,1766819658984
5,0.0008877752115949988,1766819659232
5,0.1241052970290184,1766819659426
5,0.00041428793338127434,1766819659676
5,0.11346104741096497,1766819659881
5,0.029152318835258484,1766819660117
5,0.15893515944480896,1766819660330
5,0.0007171611068770289,1766819660534
5,0.04515240713953972,1766819660840
5,0.001197517616674304,1766819661060
5,0.05290577933192253,1766819661257
5,0.08609531819820404,1766819661452
5,0.27670085430145264,1766819661659
5,0.02026129886507988,1766819661875
5,0.17300978302955627,1766819662064
5,0.006934868171811104,1766819662267
5,0.0018098356667906046,1766819662466
5,0.006357268430292606,1766819662640
5,0.10934115946292877,1766819662873
5,0.045762207359075546,1766819663101
5,0.04654030129313469,1766819663291
5,0.11014136672019958,1766819663511
5,0.014179302379488945,1766819663684
5,0.026699868962168694,1766819663939
5,0.002427389845252037,1766819664166
5,0.021779287606477737,1766819664401
5,0.029721537604928017,1766819664588
5,0.058206379413604736,1766819664787
5,0.007186147850006819,1766819664972
5,0.005407084245234728,1766819665170
5,0.003259994089603424,1766819665409
5,0.03099900856614113,1766819665681
5,0.008585886098444462,1766819665926
5,0.06576316058635712,1766819666143
5,0.019894929602742195,1766819666356
5,0.0008433954208157957,1766819666598
5,0.02692374773323536,1766819666804
5,0.13350488245487213,1766819666977
5,0.05325756594538689,1766819667162
5,0.021116433665156364,1766819667339
5,0.0026522455736994743,1766819667530
5,0.04764564335346222,1766819667737
5,0.20663203299045563,1766819667942
5,0.04368166998028755,1766819668154
5,0.0663667544722557,1766819668347
5,0.009090911597013474,1766819668608
5,0.0008950415649451315,1766819668858
5,0.007529867812991142,1766819669093
5,0.002034130971878767,1766819669302
5,0.07752395421266556,1766819669502
5,0.07761906087398529,1766819669725
5,0.003038658993318677,1766819669948
5,0.06288053095340729,1766819670196
5,0.05850142985582352,1766819670428
5,0.015230493620038033,1766819670649
5,0.004779165610671043,1766819670882
5,0.0030372953042387962,1766819671090
5,0.026212826371192932,1766819671302
5,0.004978514742106199,1766819671570
5,0.11542704701423645,1766819671755
5,0.023937446996569633,1766819671981
5,0.004318137653172016,1766819672170
5,0.01986827701330185,1766819672396
5,0.009556823410093784,1766819672612
5,0.0010463087819516659,1766819672776
5,0.002581267384812236,1766819673044
5,0.011608726345002651,1766819673283
5,0.027014775201678276,1766819673489
5,0.15668253600597382,1766819673700
5,0.173997700214386,1766819673923
5,0.02127906307578087,1766819674123
5,0.07733621448278427,1766819674320
5,0.06980285048484802,1766819674557
5,0.009013061411678791,1766819674737
5,0.004158034920692444,1766819674941
5,0.010735960677266121,1766819675153
5,0.0013948474079370499,1766819675396
5,0.1432396024465561,1766819675615
5,0.05440444126725197,1766819675796
5,0.006541166454553604,1766819675999
5,0.07979804277420044,1766819676204
5,0.00962199829518795,1766819676417
5,0.29909759759902954,1766819676625
5,0.005726854782551527,1766819676819
5,0.001369191100820899,1766819677028
5,0.04478732869029045,1766819677220
5,0.016161220148205757,1766819677469
5,0.01850402168929577,1766819677666
5,0.047528088092803955,1766819677879
5,0.08973217010498047,1766819678089
5,0.10822393745183945,1766819678311
5,0.054577238857746124,1766819678615
5,0.12952788174152374,1766819678802
5,0.23756998777389526,1766819678990
5,0.0932667925953865,1766819679189
5,0.06211463734507561,1766819679388
5,0.0028325561434030533,1766819679583
5,0.1650935560464859,1766819679778
5,0.03626823425292969,1766819679994
5,0.032291069626808167,1766819680235
5,0.01830103248357773,1766819680470
5,0.05948995426297188,1766819680679
5,0.028258010745048523,1766819680866
5,0.03574148565530777,1766819681049
5,0.027404699474573135,1766819681252
5,0.017921850085258484,1766819681452
5,0.022436397150158882,1766819681661
5,0.025658970698714256,1766819681850
5,0.16622935235500336,1766819682058
5,0.017689239233732224,1766819682256
5,0.09121444821357727,1766819682482
5,0.029146965593099594,1766819682656
5,0.094167061150074,1766819682854
5,0.02620507776737213,1766819683063
5,0.09752526879310608,1766819683279
5,0.12446767091751099,1766819683474
5,0.12014693766832352,1766819683756
5,0.003849562257528305,1766819683951
5,0.009432690218091011,1766819684121
5,0.08580763638019562,1766819684335
5,0.17304959893226624,1766819684523
5,0.18412426114082336,1766819684700
5,0.026454461738467216,1766819684906
5,0.0029730817768722773,1766819685152
5,0.016177652403712273,1766819685340
5,0.02092798240482807,1766819685515
5,0.01565975695848465,1766819685688
5,0.05924777686595917,1766819685866
5,0.01828162744641304,1766819686057
5,0.023632517084479332,1766819686255
5,0.16301710903644562,1766819686436
5,0.06271679699420929,1766819686610
5,0.05850667878985405,1766819686879
5,0.08606141060590744,1766819687135
5,0.009703918360173702,1766819687317
5,0.07359758019447327,1766819687568
5,0.03716687858104706,1766819687819
5,0.049258042126894,1766819688041
5,0.014361284673213959,1766819688252
5,0.005578306969255209,1766819688451
5,0.022917412221431732,1766819688710
5,0.004157995339483023,1766819688912
5,0.16480983793735504,1766819689106
5,0.005594801157712936,1766819689343
5,0.06594789773225784,1766819689543
5,0.0738084614276886,1766819689792
5,0.005856913048774004,1766819690011
5,0.06445673108100891,1766819690206
5,0.12382101267576218,1766819690400
5,0.03644523769617081,1766819690711
5,0.028861885890364647,1766819690905
5,0.027782535180449486,1766819691077
5,0.13257624208927155,1766819691276
5,0.06397970765829086,1766819691482
5,0.05964258313179016,1766819691688
5,0.016123661771416664,1766819691863
5,0.12658129632472992,1766819692129
5,0.035258542746305466,1766819692345
5,0.08212953060865402,1766819692539
5,0.015913764014840126,1766819692733
5,0.11467461287975311,1766819692920
5,0.04294611141085625,1766819693141
5,0.0008586668409407139,1766819693352
5,0.024277226999402046,1766819693608
5,0.002900881925597787,1766819693814
5,0.02036135457456112,1766819694004
5,0.0147858876734972,1766819694266
5,0.0030818914528936148,1766819694459
5,0.07214748859405518,1766819694698
5,0.004878433886915445,1766819694950
5,0.009562546387314796,1766819695195
5,0.0064474353566765785,1766819695437
5,0.06482865661382675,1766819695644
5,0.018407728523015976,1766819695846
5,0.002845250302925706,1766819696028
5,0.037308719009160995,1766819696224
5,0.011426964774727821,1766819696419
5,0.008500897325575352,1766819696610
5,0.027346167713403702,1766819696885
5,0.0006848141783848405,1766819697111
5,0.07872802764177322,1766819697320
5,0.044286683201789856,1766819697544
5,0.03149925544857979,1766819697734
5,0.03956388682126999,1766819697922
5,0.002825457137078047,1766819698116
5,0.030130719766020775,1766819698301
5,0.003090211655944586,1766819698595
5,0.07325786352157593,1766819698800
5,0.003359023481607437,1766819699101
5,0.0038347800727933645,1766819699316
5,0.012948180548846722,1766819699500
5,0.054783523082733154,1766819699692
5,0.046561285853385925,1766819699946
5,0.0008927887538447976,1766819700175
5,0.0009238640195690095,1766819700414
5,0.07310765981674194,1766819700652
5,0.0014962132554501295,1766819700907
5,0.005683655384927988,1766819701092
5,0.013000549748539925,1766819701312
5,0.07222513109445572,1766819701515
5,0.08273924887180328,1766819701703
5,0.03157426044344902,1766819701919
5,0.2842113971710205,1766819702103
5,0.04400886595249176,1766819702340
5,0.005626398138701916,1766819702539
5,0.011612598784267902,1766819702716
5,0.00036967452615499496,1766819702905
5,0.005881819408386946,1766819703096
5,0.004962463863193989,1766819703303
5,0.05335359275341034,1766819703557
5,0.043805092573165894,1766819703808
5,0.029381202533841133,1766819704019
5,0.01708671636879444,1766819704231
5,0.04118329659104347,1766819704421
5,0.04691775143146515,1766819704648
5,0.015286397188901901,1766819704884
5,0.13549183309078217,1766819705169
5,0.019871974363923073,1766819705404
5,0.10246392339468002,1766819705637
5,0.2502082884311676,1766819705849
5,0.001509498804807663,1766819706025
5,0.012306872755289078,1766819706192
5,0.02041192352771759,1766819706365
5,0.018628664314746857,1766819706549
5,0.008564203977584839,1766819706783
5,0.03451547771692276,1766819707005
5,0.17585201561450958,1766819707258
5,0.046438634395599365,1766819707494
5,0.05289152264595032,1766819707711
5,0.018290217965841293,1766819707899
5,0.011758442968130112,1766819708103
5,0.04556979611515999,1766819708328
5,0.08840209245681763,1766819708570
5,0.0008902369299903512,1766819708827
5,0.06534786522388458,1766819709075
5,0.08464378863573074,1766819709277
5,0.1757313460111618,1766819709465
5,0.16042116284370422,1766819709694
5,0.05959586054086685,1766819709930
5,0.19557929039001465,1766819710109
5,0.009357208386063576,1766819710337
5,0.004635564982891083,1766819710570
5,0.044344790279865265,1766819710764
5,0.00555866863578558,1766819710950
5,0.03596268594264984,1766819711167
5,0.0912315845489502,1766819711371
5,0.055215299129486084,1766819711571
5,0.03085331618785858,1766819711770
5,0.03177715465426445,1766819711962
5,0.07935799658298492,1766819712150
5,0.026613926514983177,1766819712360
5,0.06743963062763214,1766819712609
5,0.01885833591222763,1766819712822
5,0.020691074430942535,1766819712997
5,0.034982502460479736,1766819713221
5,0.008354322984814644,1766819713491
5,0.02996787428855896,1766819713693
5,0.0052714901976287365,1766819713895
5,0.04011464864015579,1766819714066
5,0.01441645622253418,1766819714273
5,0.0704091340303421,1766819714466
5,0.02216336317360401,1766819714648
5,0.06841900944709778,1766819714867
5,0.14032888412475586,1766819715056
5,0.07493960112333298,1766819715285
5,0.005442674271762371,1766819715492
5,0.03623528033494949,1766819715699
5,0.06629819422960281,1766819715957
5,0.0008167182095348835,1766819716246
5,0.01598287932574749,1766819716442
5,0.0020371933933347464,1766819716657
5,0.005115087144076824,1766819716853
5,0.058404505252838135,1766819717067
5,0.0011809102725237608,1766819717282
5,0.016192199662327766,1766819717486
5,0.03323763981461525,1766819717688
5,0.03874662518501282,1766819717859
5,0.026047999039292336,1766819718073
5,0.0011880457168444991,1766819718317
5,0.1328199803829193,1766819718518
5,0.016907669603824615,1766819718699
5,0.11897045373916626,1766819718879
5,0.002913808450102806,1766819719083
5,0.02114918641746044,1766819719300
5,0.04563787579536438,1766819719548
5,0.04788419231772423,1766819719769
5,0.23203593492507935,1766819719994
5,0.03509882092475891,1766819720229
5,0.25850972533226013,1766819720435
5,0.003970521502196789,1766819720736
5,0.022046111524105072,1766819720943
5,0.007463605143129826,1766819721133
5,0.0854363963007927,1766819721361
5,0.17580066621303558,1766819721569
5,0.004915999714285135,1766819721861
5,0.32415109872817993,1766819722069
5,0.02365168184041977,1766819722264
5,0.05517251789569855,1766819722455
5,0.05075053870677948,1766819722678
5,0.029775608330965042,1766819722945
5,0.012971256859600544,1766819723177
5,0.021957065910100937,1766819723435
5,0.02800128236413002,1766819723648
5,0.025272365659475327,1766819723951
5,0.14730313420295715,1766819724150
5,0.17451602220535278,1766819724345
5,0.006280694156885147,1766819724530
5,0.04857473075389862,1766819724734
5,0.0005444418638944626,1766819724925
5,0.008804980665445328,1766819725121
5,0.13083265721797943,1766819725321
5,0.08073511719703674,1766819725523
5,0.10592731833457947,1766819725805
5,0.024579621851444244,1766819726033
5,0.08152902871370316,1766819726225
5,0.028379930183291435,1766819726435
5,0.01176261343061924,1766819726613
5,0.02968095801770687,1766819726807
5,0.016459938138723373,1766819726990
5,0.13543547689914703,1766819727179
5,0.036657169461250305,1766819727371
5,0.029464125633239746,1766819727549
5,0.03524306043982506,1766819727732
5,0.00978065561503172,1766819727911
5,0.14727988839149475,1766819728119
5,0.020342014729976654,1766819728321
5,0.0006947945803403854,1766819728518
5,0.007287566550076008,1766819728763
5,0.006630267482250929,1766819728988
5,0.00517991790547967,1766819729187
5,0.062091052532196045,1766819729490
5,0.01511818915605545,1766819729672
5,0.07233785092830658,1766819729842
5,0.10307256877422333,1766819730076
5,0.13213977217674255,1766819730257
5,0.040998440235853195,1766819730499
5,0.008312310092151165,1766819730697
5,0.11393317580223083,1766819730902
5,0.02099255844950676,1766819731129
5,0.006403481587767601,1766819731292
5,0.08479751646518707,1766819731469
5,0.05791126564145088,1766819731637
5,0.004923912696540356,1766819731834
5,0.015324878506362438,1766819732032
5,0.0032917463686317205,1766819732276
5,0.010892875492572784,1766819732523
5,0.028478121384978294,1766819732703
5,0.13324511051177979,1766819732906
5,0.005608158186078072,1766819733101
5,0.01121489517390728,1766819733300
5,0.10540201514959335,1766819733473
5,0.026997458189725876,1766819733748
5,0.016593774780631065,1766819733994
5,0.00022896952577866614,1766819734171
5,0.09512338042259216,1766819734473
5,0.0017738670576363802,1766819734697
5,0.004975196905434132,1766819734889
5,0.006268457043915987,1766819735089
5,0.011665655300021172,1766819735292
5,0.013047423213720322,1766819735480
5,0.08048586547374725,1766819735682
5,0.0256536602973938,1766819735881
5,0.08311407268047333,1766819736071
5,0.027618706226348877,1766819736263
5,0.021780401468276978,1766819736468
5,0.0002526526805013418,1766819736683
5,0.00991812627762556,1766819736872
5,0.001369808567687869,1766819737051
5,0.1856304109096527,1766819737254
5,0.10044322162866592,1766819737469
5,0.010616946034133434,1766819737692
5,0.018547525629401207,1766819737901
5,0.013232378289103508,1766819738167
5,0.04893622174859047,1766819738385
5,0.20207875967025757,1766819738593
5,0.08691652119159698,1766819738867
5,0.014032966457307339,1766819739076
5,0.14202575385570526,1766819739296
5,0.000489578815177083,1766819739484
5,0.0022692636121064425,1766819739675
5,0.03504837676882744,1766819739898
5,0.012226799502968788,1766819740128
5,0.00412901584059,1766819740382
5,0.0025203083641827106,1766819740608
5,0.0013968833955004811,1766819740824
5,0.012744791805744171,1766819741056
5,0.021417910233139992,1766819741275
5,0.025521323084831238,1766819741577
5,0.28654944896698,1766819741777
5,0.04618982598185539,1766819741948
5,0.03858306631445885,1766819742170
5,0.018022891134023666,1766819742345
5,0.09744711965322495,1766819742540
5,0.040869321674108505,1766819742756
5,0.07667259126901627,1766819743002
5,0.14242535829544067,1766819743229
5,0.005013703368604183,1766819743417
5,0.08837884664535522,1766819743591
5,0.0017342560458928347,1766819743776
5,0.01149666029959917,1766819743958
5,0.016023853793740273,1766819744154
5,0.01737285777926445,1766819744391
5,0.09432899206876755,1766819744626
5,0.021570172160863876,1766819744819
5,0.0053908186964690685,1766819745035
5,0.03575531393289566,1766819745228
5,0.024843838065862656,1766819745425
5,0.0791601687669754,1766819745622
5,0.002974321134388447,1766819745829
5,0.005363370757550001,1766819746018
5,0.06854339689016342,1766819746235
5,0.061675719916820526,1766819746436
5,0.028639959171414375,1766819746675
5,0.010469580069184303,1766819746880
5,0.002501287730410695,1766819747058
5,0.0027524952311068773,1766819747298
5,0.13973866403102875,1766819747492
5,0.015236168168485165,1766819747712
5,0.07858327031135559,1766819747951
5,0.027580425143241882,1766819748240
5,0.14503398537635803,1766819748433
5,0.0010602071415632963,1766819748623
5,0.017769990488886833,1766819748822
5,0.02963721752166748,1766819749004
5,0.01877897046506405,1766819749229
5,0.04677995666861534,1766819749468
5,0.15026108920574188,1766819749637
5,0.03792400658130646,1766819749868
5,0.0027776076458394527,1766819750069
5,0.08980148285627365,1766819750306
5,0.003823457984253764,1766819750526
5,0.16672877967357635,1766819750696
5,0.03589718043804169,1766819750898
5,0.03387882933020592,1766819751089
5,0.19806990027427673,1766819751274
5,0.049910224974155426,1766819751537
5,0.08955275267362595,1766819751754
5,0.040670495480298996,1766819751994
5,0.0851796567440033,1766819752205
5,0.022426944226026535,1766819752395
5,0.11474771797657013,1766819752623
5,0.18790751695632935,1766819752807
5,0.11568266153335571,1766819753002
5,0.1076119914650917,1766819753187
5,0.017151325941085815,1766819753369
5,0.08355186134576797,1766819753655
5,0.0731223002076149,1766819753848
5,0.015216778963804245,1766819754089
5,0.011185241863131523,1766819754264
5,0.004463839344680309,1766819754508
5,0.005809244699776173,1766819754717
5,0.14971376955509186,1766819754921
5,0.14918142557144165,1766819755165
5,0.08161329478025436,1766819755342
5,0.0576314851641655,1766819755633
5,0.033113427460193634,1766819755859
5,0.0025260813999921083,1766819756051
6,0.04129688814282417,1766819756259
6,0.013381256721913815,1766819756447
6,0.023621730506420135,1766819756633
6,0.007028601597994566,1766819756833
6,0.023019319400191307,1766819757037
6,0.030438240617513657,1766819757293
6,0.03394140303134918,1766819757510
6,0.04554792866110802,1766819757724
6,0.007141480688005686,1766819757921
6,0.07218911498785019,1766819758158
6,0.009368077851831913,1766819758398
6,0.044702205806970596,1766819758640
6,0.04522336646914482,1766819758862
6,0.10251109302043915,1766819759077
6,0.07299354672431946,1766819759314
6,0.02554646134376526,1766819759580
6,0.005476968828588724,1766819759819
6,0.06825380027294159,1766819760037
6,0.07360731810331345,1766819760414
6,0.08005251735448837,1766819760608
6,0.0032882471568882465,1766819760820
6,0.012347303330898285,1766819761026
6,0.13149970769882202,1766819761192
6,0.032016146928071976,1766819761375
6,0.06782107055187225,1766819761562
6,0.005152488127350807,1766819761859
6,0.030767027288675308,1766819762113
6,0.02278301492333412,1766819762360
6,0.10127422958612442,1766819762541
6,0.019519351422786713,1766819762709
6,0.004207051359117031,1766819762884
6,0.012208881787955761,1766819763076
6,0.005076364614069462,1766819763351
6,0.03764127939939499,1766819763579
6,0.053562313318252563,1766819763772
6,0.006771270651370287,1766819763971
6,0.00503122853115201,1766819764185
6,0.034266915172338486,1766819764423
6,0.016747694462537766,1766819764688
6,0.033781178295612335,1766819764900
6,0.005292696412652731,1766819765149
6,0.005596942733973265,1766819765364
6,0.04014503210783005,1766819765540
6,0.03047451749444008,1766819765745
6,0.0088367173448205,1766819765948
6,0.0028515157755464315,1766819766162
6,0.0841033011674881,1766819766339
6,0.0033549685031175613,1766819766547
6,0.11246929317712784,1766819766736
6,0.049257565289735794,1766819766919
6,0.08314304798841476,1766819767099
6,0.00037829409120604396,1766819767289
6,0.07982753962278366,1766819767482
6,0.04391428455710411,1766819767771
6,0.04060551896691322,1766819767990
6,0.007248298730701208,1766819768161
6,0.015024092979729176,1766819768347
6,0.033760812133550644,1766819768591
6,0.01268680952489376,1766819768808
6,0.00641850708052516,1766819769011
6,0.057338692247867584,1766819769245
6,0.04358503222465515,1766819769510
6,0.00022653682390227914,1766819769737
6,0.03503596410155296,1766819770012
6,0.03458833694458008,1766819770237
6,0.03174799680709839,1766819770440
6,0.1291021704673767,1766819770633
6,0.03291793540120125,1766819770823
6,0.005141799803823233,1766819771033
6,0.004536030814051628,1766819771233
6,0.0060780588537454605,1766819771438
6,0.042328301817178726,1766819771687
6,0.012494035996496677,1766819771920
6,0.005338946357369423,1766819772143
6,0.05010300874710083,1766819772369
6,0.03418935835361481,1766819772595
6,0.08948756754398346,1766819772799
6,0.018567049875855446,1766819773015
6,0.023497097194194794,1766819773198
6,0.12292493134737015,1766819773390
6,0.02179201878607273,1766819773591
6,0.007717013359069824,1766819773819
6,0.010334480553865433,1766819774087
6,0.018015891313552856,1766819774298
6,0.004968555644154549,1766819774500
6,0.01707901433110237,1766819774705
6,0.07589644193649292,1766819774947
6,0.004153992980718613,1766819775151
6,0.25832968950271606,1766819775352
6,0.022291339933872223,1766819775558
6,0.032621268182992935,1766819775847
6,0.07747934758663177,1766819776104
6,0.005025838501751423,1766819776333
6,0.2232889086008072,1766819776556
6,0.010165583342313766,1766819776739
6,0.04017059877514839,1766819776919
6,0.0026263173203915358,1766819777118
6,0.12466509640216827,1766819777320
6,0.003348508384078741,1766819777497
6,0.016290627419948578,1766819777703
6,0.06761854141950607,1766819778051
6,0.07154438644647598,1766819778236
6,0.017866134643554688,1766819778418
6,0.0016351398080587387,1766819778616
6,0.06013615429401398,1766819778825
6,0.002089160494506359,1766819779008
6,0.08401140570640564,1766819779194
6,0.023685181513428688,1766819779391
6,0.09954164177179337,1766819779633
6,0.039558541029691696,1766819779932
6,0.08079953491687775,1766819780130
6,0.027326012030243874,1766819780371
6,0.27859923243522644,1766819780589
6,0.049971021711826324,1766819780855
6,0.16026100516319275,1766819781067
6,0.032983213663101196,1766819781260
6,0.0874374583363533,1766819781462
6,0.012105841189622879,1766819781661
6,0.004648636560887098,1766819781862
6,0.057436827570199966,1766819782063
6,0.005404939409345388,1766819782263
6,0.20840495824813843,1766819782464
6,0.1199360117316246,1766819782670
6,0.03389810398221016,1766819782876
6,0.013444701209664345,1766819783112
6,0.03382941335439682,1766819783298
6,0.05466756597161293,1766819783476
6,0.007711923215538263,1766819783659
6,0.12433236092329025,1766819783851
6,0.012572169303894043,1766819784083
6,0.037649087607860565,1766819784283
6,0.08471819758415222,1766819784490
6,0.0024612012784928083,1766819784696
6,0.02923208847641945,1766819784925
6,0.21140702068805695,1766819785091
6,0.08263234794139862,1766819785314
6,0.01900491490960121,1766819785535
6,0.0029888213612139225,1766819785729
6,0.0855211541056633,1766819785907
6,0.017984038218855858,1766819786113
6,0.003573380643501878,1766819786317
6,0.020175646990537643,1766819786547
6,0.04030924290418625,1766819786766
6,0.00094199413433671,1766819786955
6,0.006475456058979034,1766819787167
6,0.060737911611795425,1766819787342
6,0.009532355703413486,1766819787548
6,0.03502462059259415,1766819787758
6,0.0035479506477713585,1766819787940
6,0.004096990916877985,1766819788136
6,0.06199730932712555,1766819788368
6,0.010967833921313286,1766819788555
6,0.09530935436487198,1766819788861
6,0.005588296335190535,1766819789052
6,0.029330845922231674,1766819789229
6,0.04817759990692139,1766819789388
6,0.0011408410500735044,1766819789563
6,0.06863202899694443,1766819789802
6,0.002716844668611884,1766819790030
6,0.033121950924396515,1766819790215
6,0.019354823976755142,1766819790459
6,0.0004095566109754145,1766819790651
6,0.0050404248759150505,1766819790948
6,0.10099449008703232,1766819791176
6,0.025054635480046272,1766819791358
6,0.009675094857811928,1766819791554
6,0.06032119691371918,1766819791764
6,0.006478075869381428,1766819791969
6,0.007239246740937233,1766819792169
6,0.009521358646452427,1766819792363
6,0.0004146711726207286,1766819792584
6,0.009825860150158405,1766819792776
6,0.036588940769433975,1766819792995
6,0.056370366364717484,1766819793276
6,0.020138930529356003,1766819793511
6,0.0017028548754751682,1766819793728
6,0.08311648666858673,1766819793968
6,0.040187906473875046,1766819794176
6,0.04252655431628227,1766819794386
6,0.0003321206313557923,1766819794569
6,0.035221293568611145,1766819794751
6,0.02538949064910412,1766819794949
6,0.0025577282067388296,1766819795157
6,0.04044037684798241,1766819795373
6,0.13081008195877075,1766819795612
6,0.023620430380105972,1766819795787
6,0.019450780004262924,1766819796007
6,0.036394085735082626,1766819796219
6,0.004914069548249245,1766819796439
6,0.06294388324022293,1766819796642
6,0.11059854179620743,1766819796885
6,0.07757751643657684,1766819797071
6,0.029782941564917564,1766819797273
6,0.0028693759813904762,1766819797533
6,0.001885162782855332,1766819797730
6,0.15893645584583282,1766819797957
6,0.0686865746974945,1766819798300
6,0.04438658058643341,1766819798556
6,0.047329746186733246,1766819798762
6,0.0006956611759960651,1766819798968
6,0.1562812179327011,1766819799144
6,0.11796014755964279,1766819799344
6,0.15450073778629303,1766819799540
6,0.015947196632623672,1766819799752
6,0.05396781116724014,1766819799945
6,0.023613695055246353,1766819800144
6,0.001978425309062004,1766819800330
6,0.06366931647062302,1766819800499
6,0.020260920748114586,1766819800723
6,0.006492227781563997,1766819800928
6,0.07713068276643753,1766819801173
6,0.029159585013985634,1766819801422
6,0.05926685035228729,1766819801674
6,0.005010779947042465,1766819801891
6,0.03401518613100052,1766819802082
6,0.17185096442699432,1766819802244
6,0.07525426894426346,1766819802429
6,0.06446991860866547,1766819802667
6,0.06504230946302414,1766819802899
6,0.00311104254797101,1766819803090
6,0.051358044147491455,1766819803345
6,0.03785160928964615,1766819803568
6,0.01094800978899002,1766819803751
6,0.05404243618249893,1766819803953
6,0.005775258876383305,1766819804128
6,0.04460655525326729,1766819804344
6,0.004871878307312727,1766819804559
6,0.011547256261110306,1766819804785
6,0.021904874593019485,1766819805025
6,0.002079649595543742,1766819805257
6,0.005720190238207579,1766819805529
6,0.050365887582302094,1766819805716
6,0.060619957745075226,1766819805955
6,0.0015691120643168688,1766819806175
6,0.00126290088519454,1766819806395
6,0.0022151481825858355,1766819806609
6,0.0028916941955685616,1766819806802
6,0.0009131616097874939,1766819807045
6,0.0961761400103569,1766819807263
6,0.14607900381088257,1766819807448
6,0.011289610527455807,1766819807738
6,0.003366603748872876,1766819807962
6,0.013530848547816277,1766819808273
6,0.0008870423771440983,1766819808459
6,0.011770855635404587,1766819808677
6,0.0005986599717289209,1766819808903
6,0.04211775213479996,1766819809108
6,0.004365363158285618,1766819809322
6,0.01677803136408329,1766819809512
6,0.05255002900958061,1766819809757
6,0.0025610504671931267,1766819810014
6,0.00247740070335567,1766819810231
6,0.01273246482014656,1766819810465
6,0.002716410206630826,1766819810697
6,0.0011496675433591008,1766819810875
6,0.04372859746217728,1766819811079
6,0.08805657178163528,1766819811284
6,0.0006143737118691206,1766819811496
6,0.0374043844640255,1766819811680
6,0.007081336807459593,1766819811914
6,0.0034823690075427294,1766819812134
6,0.07851243764162064,1766819812321
6,0.0031444274354726076,1766819812519
6,0.00894458033144474,1766819812724
6,0.005028218496590853,1766819812942
6,0.03244680166244507,1766819813150
6,0.020925790071487427,1766819813355
6,0.07654628902673721,1766819813591
6,0.0015783244743943214,1766819813792
6,0.011017206124961376,1766819813998
6,0.026029234752058983,1766819814220
6,0.01731477491557598,1766819814461
6,0.061276860535144806,1766819814662
6,0.026879239827394485,1766819814843
6,0.011269218288362026,1766819815041
6,0.0003115787112619728,1766819815248
6,0.009743514470756054,1766819815523
6,0.0008896897779777646,1766819815709
6,0.046570226550102234,1766819815909
6,0.16203910112380981,1766819816122
6,0.028220735490322113,1766819816338
6,0.07774779200553894,1766819816613
6,0.0033392771147191525,1766819816815
6,0.0028094318695366383,1766819817055
6,0.06040574237704277,1766819817281
6,0.00512486370280385,1766819817486
6,0.023793773725628853,1766819817681
6,0.03603719547390938,1766819817879
6,0.001454553217627108,1766819818144
6,0.050515010952949524,1766819818365
6,0.00964923296123743,1766819818593
6,0.04183979704976082,1766819818784
6,0.002772869309410453,1766819818961
6,0.061111025512218475,1766819819179
6,0.005779632367193699,1766819819394
6,0.0013241574633866549,1766819819634
6,0.024578772485256195,1766819819860
6,0.013372820802032948,1766819820065
6,0.00024686477263458073,1766819820283
6,0.017428936436772346,1766819820483
6,0.027275491505861282,1766819820655
6,0.06558635085821152,1766819820854
6,0.007841924205422401,1766819821035
6,0.003989866003394127,1766819821229
6,0.0033383993431925774,1766819821384
6,0.02754039503633976,1766819821579
6,0.0021184722427278757,1766819821758
6,0.2515665888786316,1766819821971
6,0.0001133546611526981,1766819822215
6,0.00026847809203900397,1766819822483
6,0.0011126385070383549,1766819822682
6,0.0055602979846298695,1766819822884
6,0.05424707382917404,1766819823093
6,0.12284199893474579,1766819823350
6,0.10115253180265427,1766819823584
6,0.0009985798969864845,1766819823815
6,0.008489610627293587,1766819824025
6,0.0016615136992186308,1766819824214
6,0.014944390393793583,1766819824419
6,0.05871660262346268,1766819824646
6,0.045395590364933014,1766819824863
6,0.005745221395045519,1766819825063
6,0.0009741156245581806,1766819825292
6,0.1258789598941803,1766819825511
6,0.05166054517030716,1766819825715
6,0.0007273649098351598,1766819825959
6,0.009048664942383766,1766819826174
6,0.0252329483628273,1766819826426
6,0.023586101830005646,1766819826715
6,0.009790163487195969,1766819826954
6,0.006597429048269987,1766819827227
6,0.00087380176410079,1766819827421
6,0.008259661495685577,1766819827591
6,0.019383851438760757,1766819827790
6,0.0029682873282581568,1766819827974
6,0.044753506779670715,1766819828156
6,0.009145704098045826,1766819828411
6,0.012040657922625542,1766819828672
6,0.004698481410741806,1766819828949
6,0.0021299871150404215,1766819829173
6,0.030884474515914917,1766819829369
6,0.011412366293370724,1766819829563
6,0.0025710444897413254,1766819829785
6,0.0180667731910944,1766819829992
6,0.05973947048187256,1766819830200
6,0.008970056660473347,1766819830459
6,0.007574581541121006,1766819830692
6,0.07988729327917099,1766819830877
6,0.031589873135089874,1766819831120
6,0.00038723612669855356,1766819831327
6,0.007321425247937441,1766819831599
6,0.01598549261689186,1766819831782
6,0.00010604916315060109,1766819831975
6,0.022842293605208397,1766819832166
6,0.00091234763385728,1766819832344
6,0.00906711257994175,1766819832560
6,0.00834213849157095,1766819832751
6,0.09849567711353302,1766819833012
6,0.07127005606889725,1766819833233
6,0.03914095461368561,1766819833424
6,0.017101723700761795,1766819833626
6,0.0012977358419448137,1766819833810
6,0.040051717311143875,1766819834013
6,0.18583209812641144,1766819834182
6,0.06893648207187653,1766819834460
6,0.11745765060186386,1766819834654
6,0.052978482097387314,1766819834845
6,0.01122045237571001,1766819835039
6,0.009775236248970032,1766819835207
6,0.013454725965857506,1766819835453
6,0.037638530135154724,1766819835643
6,0.006116302218288183,1766819835931
6,0.019547099247574806,1766819836149
6,0.035117097198963165,1766819836328
6,0.06670034676790237,1766819836551
6,0.1835757941007614,1766819836753
6,0.0024578014854341745,1766819836947
6,0.009467988274991512,1766819837160
6,0.03834490105509758,1766819837352
6,0.07171368598937988,1766819837619
6,0.07483839988708496,1766819837857
6,0.0012419333215802908,1766819838037
6,0.00984356552362442,1766819838319
6,0.02434733882546425,1766819838517
6,0.0026010454166680574,1766819838790
6,0.017446666955947876,1766819839023
6,0.006912678014487028,1766819839288
6,0.002051380928605795,1766819839470
6,0.014048288576304913,1766819839637
6,0.004071572795510292,1766819839829
6,0.0013675254303961992,1766819840004
6,0.014651580713689327,1766819840188
6,0.023265676572918892,1766819840388
6,8.189465734176338e-05,1766819840567
6,0.002000863431021571,1766819840764
6,0.05254695191979408,1766819840968
6,0.01362547092139721,1766819841173
6,0.028216538950800896,1766819841376
6,0.00470926146954298,1766819841631
6,0.040086183696985245,1766819841924
6,0.04994851350784302,1766819842111
6,0.15994848310947418,1766819842302
6,0.08948149532079697,1766819842495
6,0.2001323401927948,1766819842727
6,0.1737585961818695,1766819842925
6,0.019664719700813293,1766819843120
6,0.03473684936761856,1766819843311
6,0.07581408321857452,1766819843597
6,0.007563093677163124,1766819843853
6,0.4209410846233368,1766819844041
6,0.04859083890914917,1766819844230
6,0.002127315616235137,1766819844427
6,0.02267773263156414,1766819844631
6,0.00570841645821929,1766819844853
6,0.007486500311642885,1766819845051
6,0.020677221938967705,1766819845281
6,0.023851579055190086,1766819845472
6,0.0060914065688848495,1766819845670
6,0.0360107421875,1766819845894
6,0.06477297842502594,1766819846134
6,0.009664763696491718,1766819846352
6,0.21977700293064117,1766819846568
6,0.010423485189676285,1766819846768
6,0.013199027627706528,1766819846965
6,0.0016647216398268938,1766819847168
6,0.04789809510111809,1766819847383
6,0.04174698516726494,1766819847639
6,0.0031178463250398636,1766819847865
6,0.0009596680756658316,1766819848042
6,0.01683497056365013,1766819848266
6,0.0038768770173192024,1766819848447
6,0.007297667674720287,1766819848644
6,0.07042128592729568,1766819848847
6,0.1547892987728119,1766819849044
6,0.004999561235308647,1766819849316
6,0.3196435570716858,1766819849551
6,0.10458340495824814,1766819849754
6,0.04902849346399307,1766819849955
6,0.012384917587041855,1766819850136
6,0.08137606829404831,1766819850360
6,0.08230317384004593,1766819850585
6,0.02507489174604416,1766819850799
6,0.06310809403657913,1766819851022
6,0.009199780412018299,1766819851225
6,0.05234406143426895,1766819851492
6,0.043917931616306305,1766819851712
6,0.014079101383686066,1766819851908
6,0.011689787730574608,1766819852114
6,0.00907962117344141,1766819852308
6,0.017339298501610756,1766819852524
6,0.04520498961210251,1766819852748
6,0.012031753547489643,1766819852954
6,0.014956589788198471,1766819853151
6,0.013104856014251709,1766819853346
6,0.0019551708828657866,1766819853544
6,0.014956403523683548,1766819853745
6,0.04548995569348335,1766819853995
6,0.019344910979270935,1766819854188
6,0.013943006284534931,1766819854402
6,0.12258938699960709,1766819854648
6,0.005446930415928364,1766819854869
6,0.005386073607951403,1766819855062
6,0.009650962427258492,1766819855270
6,0.04648812115192413,1766819855520
6,0.023558516055345535,1766819855879
6,0.04350291192531586,1766819856094
6,0.0016619442030787468,1766819856287
6,0.03666480630636215,1766819856493
6,0.0018414033111184835,1766819856776
6,0.14763697981834412,1766819856984
6,0.057550519704818726,1766819857172
6,0.033087216317653656,1766819857396
6,0.06827089935541153,1766819857621
6,0.005430449265986681,1766819857822
6,0.018397631123661995,1766819858110
6,0.06760000437498093,1766819858443
6,0.008243922144174576,1766819858636
6,0.27531325817108154,1766819858877
6,0.05064879730343819,1766819859099
6,0.05074404925107956,1766819859370
6,0.13913096487522125,1766819859576
6,0.22492828965187073,1766819859803
6,0.005148779135197401,1766819860008
6,0.01785501278936863,1766819860251
6,0.019731471315026283,1766819860447
6,0.07964779436588287,1766819860644
6,0.0637160986661911,1766819860855
6,0.018850263208150864,1766819861035
6,0.107821524143219,1766819861239
6,0.017356226220726967,1766819861456
6,0.0710846558213234,1766819861643
6,0.010551494546234608,1766819861834
6,0.10885971039533615,1766819862088
6,0.07785475254058838,1766819862311
6,0.024247558787465096,1766819862478
6,0.04924508556723595,1766819862675
6,0.002436484210193157,1766819862934
6,0.036186497658491135,1766819863135
6,0.009462330490350723,1766819863324
6,0.20672936737537384,1766819863499
6,0.023003527894616127,1766819863726
6,0.03220987692475319,1766819863925
6,0.013435900211334229,1766819864149
6,0.07354068756103516,1766819864374
6,0.02383355237543583,1766819864552
6,0.018571779131889343,1766819864761
6,8.998909470392391e-05,1766819864944
6,0.0959259495139122,1766819865113
6,0.021496929228305817,1766819865297
6,0.03741614893078804,1766819865496
6,0.254532128572464,1766819865697
6,0.02176569402217865,1766819865905
6,0.00207687309011817,1766819866094
6,0.020636890083551407,1766819866294
6,0.13734528422355652,1766819866483
6,0.024388223886489868,1766819866714
6,0.009916220791637897,1766819866886
6,0.0017195569816976786,1766819867211
6,0.010325489565730095,1766819867406
6,0.17162837088108063,1766819867611
6,0.11678645759820938,1766819867817
6,0.0494694709777832,1766819867982
6,0.11876463890075684,1766819868168
6,0.008886018767952919,1766819868364
6,0.07834139466285706,1766819868592
6,0.0057037994265556335,1766819868811
6,0.00430243881419301,1766819869050
6,0.08029087632894516,1766819869287
6,0.05186019092798233,1766819869458
6,0.07748962193727493,1766819869670
6,0.1434970200061798,1766819869933
6,0.014773701317608356,1766819870132
6,0.12683437764644623,1766819870350
6,0.07250931859016418,1766819870600
6,0.011700278148055077,1766819870831
6,0.09743130207061768,1766819871107
6,0.1061611920595169,1766819871310
6,0.011960454285144806,1766819871564
6,0.1010069027543068,1766819871792
6,0.14594204723834991,1766819871992
6,0.01272997260093689,1766819872258
6,0.09358714520931244,1766819872539
6,0.14136724174022675,1766819872745
6,0.004670094698667526,1766819872986
6,0.01879669725894928,1766819873170
6,0.003498199861496687,1766819873398
6,0.008218230679631233,1766819873588
6,0.003267503110691905,1766819873831
6,0.0014184581814333797,1766819874071
6,0.09993584454059601,1766819874313
6,0.03275696933269501,1766819874609
6,0.0956253930926323,1766819874791
6,0.06662538647651672,1766819874958
6,0.008791876956820488,1766819875171
6,0.05088411271572113,1766819875345
6,0.018342237919569016,1766819875539
6,0.10780508071184158,1766819875761
6,0.08165842294692993,1766819875950
6,0.0014165143948048353,1766819876145
6,0.048149727284908295,1766819876345
6,0.05704605206847191,1766819876585
6,0.04435789957642555,1766819876784
6,0.011249641887843609,1766819877020
6,0.0008300528861582279,1766819877201
6,0.01964198239147663,1766819877409
6,0.008894085884094238,1766819877593
6,0.007236933335661888,1766819877828
6,0.008335763588547707,1766819878075
6,0.010489482432603836,1766819878289
6,0.027389343827962875,1766819878493
6,0.05032513290643692,1766819878695
6,0.01959659904241562,1766819878874
6,0.022664746269583702,1766819879095
6,0.012294906191527843,1766819879294
6,0.02820562571287155,1766819879527
6,0.059654563665390015,1766819879716
6,0.03394980728626251,1766819879914
6,0.08946669846773148,1766819880121
6,0.005919554270803928,1766819880384
6,0.0006763060810044408,1766819880601
6,0.002479622373357415,1766819880824
6,0.010038716718554497,1766819881032
6,0.02200869470834732,1766819881304
6,0.002755981171503663,1766819881513
6,0.10870248079299927,1766819881717
6,0.011984726414084435,1766819881939
6,0.025833919644355774,1766819882115
6,0.09043197333812714,1766819882321
6,0.0027514896355569363,1766819882518
6,9.720652451505885e-05,1766819882769
6,0.0413181371986866,1766819883015
6,0.008873909711837769,1766819883223
6,0.0926782637834549,1766819883487
6,0.02622435986995697,1766819883693
6,0.02619602344930172,1766819883934
6,0.01598447933793068,1766819884173
6,0.0021241905633360147,1766819884386
6,0.0873875617980957,1766819884600
6,0.0009152296697720885,1766819884774
6,0.019241753965616226,1766819884968
6,0.002021065214648843,1766819885179
6,0.00011933510540984571,1766819885376
6,0.043407559394836426,1766819885581
6,0.04145099222660065,1766819885814
6,0.03974628448486328,1766819886070
6,0.006732993759214878,1766819886323
6,0.1362827718257904,1766819886506
6,0.3165116012096405,1766819886713
6,0.04249630495905876,1766819886900
6,0.029979707673192024,1766819887113
6,0.038087304681539536,1766819887343
6,0.0005917295929975808,1766819887614
6,0.056497618556022644,1766819887822
6,0.003599907038733363,1766819888001
6,0.014255336485803127,1766819888212
6,0.0018453603843227029,1766819888374
6,0.05645015090703964,1766819888605
6,0.039878517389297485,1766819888831
6,0.03075890988111496,1766819889121
6,0.10797007381916046,1766819889375
6,0.02811397798359394,1766819889589
6,0.3969399929046631,1766819889785
6,0.04676724597811699,1766819890020
6,0.3391740918159485,1766819890234
6,0.10228318721055984,1766819890565
6,0.0056890505366027355,1766819890766
6,0.048464011400938034,1766819890948
6,0.006035439670085907,1766819891130
6,0.26659950613975525,1766819891303
6,0.03800597041845322,1766819891557
6,0.025937393307685852,1766819891762
6,0.07643234729766846,1766819891998
6,0.018139205873012543,1766819892207
6,0.24734145402908325,1766819892441
6,0.10371280461549759,1766819892650
6,0.023993372917175293,1766819892837
6,0.0996210053563118,1766819893009
6,0.1445717066526413,1766819893207
6,0.01332333218306303,1766819893458
6,0.07144369184970856,1766819893716
6,0.07204204797744751,1766819893927
6,0.015342450700700283,1766819894146
6,0.0350557416677475,1766819894335
6,0.11475815623998642,1766819894560
6,0.11126077175140381,1766819894838
6,0.006440493278205395,1766819895063
6,0.032479554414749146,1766819895321
6,0.006045481190085411,1766819895581
6,0.05812716856598854,1766819895786
6,0.032690808176994324,1766819895984
6,0.0692962110042572,1766819896194
6,0.006783436052501202,1766819896383
6,0.011596255004405975,1766819896589
6,0.00276545574888587,1766819896796
6,0.002763335593044758,1766819897120
6,0.06244206055998802,1766819897309
6,0.15077313780784607,1766819897516
6,0.0033308658748865128,1766819897696
6,0.008157491683959961,1766819897885
6,0.03805999830365181,1766819898051
6,0.021165547892451286,1766819898268
6,0.06308317929506302,1766819898466
6,0.02913622558116913,1766819898663
6,0.05956263467669487,1766819898888
6,0.03763517737388611,1766819899118
6,0.0023228107020258904,1766819899322
6,0.011369342915713787,1766819899510
6,0.13845939934253693,1766819899719
6,0.011739032343029976,1766819899927
6,0.05195640027523041,1766819900143
6,0.09878438711166382,1766819900326
6,0.002944240113720298,1766819900573
6,0.14443758130073547,1766819900798
6,0.009717914275825024,1766819901041
6,0.08305232226848602,1766819901308
6,0.03541496768593788,1766819901512
6,0.09453079849481583,1766819901738
6,0.07721879333257675,1766819901928
6,0.08577293902635574,1766819902127
6,0.08078545331954956,1766819902328
6,0.12732669711112976,1766819902513
6,0.007090709172189236,1766819902748
6,0.017664264887571335,1766819903034
6,0.01861601695418358,1766819903294
6,0.0323801189661026,1766819903539
6,0.0038668420165777206,1766819903813
6,0.05694374814629555,1766819904068
6,0.007812492083758116,1766819904242
6,0.0033272632863372564,1766819904420
6,0.03526249900460243,1766819904621
6,0.05007849633693695,1766819904833
6,0.018601885065436363,1766819905033
6,0.09615468978881836,1766819905238
6,0.06171013042330742,1766819905433
6,0.02738034352660179,1766819905634
6,0.05133494734764099,1766819905943
6,0.02901163324713707,1766819906133
6,0.10127880424261093,1766819906328
6,0.00034881068859249353,1766819906514
6,0.010274006985127926,1766819906749
6,0.009233950637280941,1766819906937
6,0.028410952538251877,1766819907146
6,0.012916229665279388,1766819907319
6,0.00018520260346122086,1766819907506
6,0.0030957823619246483,1766819907707
6,0.0013790363445878029,1766819907968
6,0.14478948712348938,1766819908190
6,0.31701579689979553,1766819908367
6,0.04588015377521515,1766819908566
6,0.046923886984586716,1766819908739
6,0.026956846937537193,1766819908960
6,0.034834083169698715,1766819909282
6,0.03487719967961311,1766819909459
6,0.013974033296108246,1766819909669
6,0.0020723578054457903,1766819909886
6,0.02946692332625389,1766819910170
6,0.033435188233852386,1766819910374
6,0.028681743890047073,1766819910532
6,0.001605927012860775,1766819910729
6,0.09092743694782257,1766819910944
6,0.01906643807888031,1766819911169
6,0.05097421631217003,1766819911420
6,0.02856156975030899,1766819911649
6,0.15651434659957886,1766819911832
6,0.0342913419008255,1766819912042
6,0.051835909485816956,1766819912231
6,0.01399286463856697,1766819912426
6,0.1273365020751953,1766819912692
6,0.08892877399921417,1766819912872
6,0.005520922597497702,1766819913096
6,0.0006555267027579248,1766819913276
6,0.04865068942308426,1766819913462
6,0.009970316663384438,1766819913677
6,0.0181255079805851,1766819913877
6,0.12207402288913727,1766819914136
6,0.10138368606567383,1766819914391
6,0.030273862183094025,1766819914582
6,0.0012897984124720097,1766819914795
6,0.00211505638435483,1766819914974
6,0.11350128054618835,1766819915191
6,0.01612663082778454,1766819915408
6,0.06790265440940857,1766819915599
6,0.08696306496858597,1766819915817
6,0.02994147688150406,1766819916039
6,0.027883468195796013,1766819916292
6,0.0039010222535580397,1766819916492
6,0.016481561586260796,1766819916712
6,0.06718957424163818,1766819916923
6,0.011214852333068848,1766819917130
6,0.06568724662065506,1766819917328
6,0.0020853369496762753,1766819917515
6,0.008043251931667328,1766819917734
6,0.04507993161678314,1766819917967
6,0.09497351199388504,1766819918240
6,0.0007005867664702237,1766819918466
6,0.0028032257687300444,1766819918662
6,0.04304607957601547,1766819918907
6,0.029667289927601814,1766819919104
6,0.019170736894011497,1766819919294
6,0.00409441813826561,1766819919485
6,0.08740268647670746,1766819919672
6,0.0023689684458076954,1766819919908
6,0.0034309301991015673,1766819920109
6,0.0003823778824880719,1766819920368
6,0.0012954612029716372,1766819920618
6,0.001930447993800044,1766819920851
6,0.002225341973826289,1766819921052
6,0.009316474199295044,1766819921240
6,0.021675243973731995,1766819921502
6,0.02951676771044731,1766819921696
6,0.004799786023795605,1766819921896
6,0.16993935406208038,1766819922088
6,0.016233645379543304,1766819922261
6,0.0018928955541923642,1766819922499
6,0.014803282916545868,1766819922686
6,0.08310568332672119,1766819922883
6,0.04827182739973068,1766819923128
6,0.0346187949180603,1766819923377
6,0.005482307635247707,1766819923582
6,0.0028996351175010204,1766819923801
6,0.0032737513538450003,1766819924007
6,0.045753516256809235,1766819924220
6,0.023344511166214943,1766819924539
6,0.019254419952630997,1766819924711
6,0.04527531564235687,1766819924904
6,0.04029301553964615,1766819925080
6,0.005442815367132425,1766819925278
6,0.06787879019975662,1766819925497
6,0.008359924890100956,1766819925663
6,0.0450281985104084,1766819925841
6,0.08750856667757034,1766819926062
6,0.07312702387571335,1766819926278
6,0.009229389950633049,1766819926492
6,0.13429641723632812,1766819926676
6,0.07691877335309982,1766819926937
6,0.2512858808040619,1766819927210
6,0.03969234228134155,1766819927440
6,0.0007772889221087098,1766819927653
6,0.058280885219573975,1766819927898
6,0.2532285153865814,1766819928154
6,0.005347075872123241,1766819928354
6,0.02665683627128601,1766819928558
6,0.04708736762404442,1766819928741
6,0.04450453072786331,1766819928906
6,0.002896486781537533,1766819929126
6,0.017662236467003822,1766819929312
6,0.05284680426120758,1766819929532
6,0.09226297587156296,1766819929727
6,0.12742222845554352,1766819929908
6,0.06188942492008209,1766819930107
6,0.096164770424366,1766819930302
6,0.06353676319122314,1766819930484
6,0.007104354910552502,1766819930693
6,0.08813082426786423,1766819930991
6,0.009327175095677376,1766819931187
6,0.0429021455347538,1766819931378
6,0.1675145924091339,1766819931541
6,0.14223840832710266,1766819931764
6,0.05391565337777138,1766819931980
6,0.049472421407699585,1766819932159
6,0.01894877664744854,1766819932336
6,0.14656050503253937,1766819932526
6,0.08969218283891678,1766819932763
6,0.03436930850148201,1766819932976
6,0.002154917223379016,1766819933179
6,0.14755873382091522,1766819933361
6,0.10283854603767395,1766819933567
6,0.027845945209264755,1766819933750
6,0.004120710771530867,1766819933976
6,0.26212218403816223,1766819934210
6,0.0488184429705143,1766819934544
6,0.04411016404628754,1766819934800
6,0.053339362144470215,1766819934996
6,0.01346840150654316,1766819935225
6,0.0684131383895874,1766819935409
6,0.002157660434022546,1766819935628
6,0.09463895112276077,1766819935818
6,0.003564228303730488,1766819935999
6,0.1090661957859993,1766819936207
6,0.02993359975516796,1766819936424
6,0.005688405130058527,1766819936679
6,0.04018334299325943,1766819936926
6,0.10063906759023666,1766819937177
6,0.0168111901730299,1766819937414
6,0.04679712653160095,1766819937568
6,0.029435625299811363,1766819937775
6,0.028905445709824562,1766819937974
6,0.05158783122897148,1766819938155
6,0.09237731993198395,1766819938334
6,0.0073184361681342125,1766819938578
6,0.08344347774982452,1766819938851
6,0.003447510302066803,1766819939089
6,0.01573673076927662,1766819939280
6,0.03969287499785423,1766819939520
6,0.013858946040272713,1766819939703
6,0.018748506903648376,1766819939917
6,0.08482807874679565,1766819940126
6,0.01524556428194046,1766819940359
6,0.028859637677669525,1766819940569
6,0.010832621715962887,1766819940734
6,0.0029632265213876963,1766819940913
6,0.07700362056493759,1766819941083
6,0.004451110493391752,1766819941272
6,0.07168633490800858,1766819941465
6,0.012366879731416702,1766819941701
6,0.04451717436313629,1766819941949
6,0.0032342243939638138,1766819942181
6,0.1932775378227234,1766819942490
6,0.04004668444395065,1766819942735
6,0.02373657003045082,1766819942966
6,0.015386230312287807,1766819943165
6,0.010881807655096054,1766819943390
6,0.016284767538309097,1766819943573
6,0.028534166514873505,1766819943769
6,0.029001418501138687,1766819943936
6,0.020471252501010895,1766819944126
6,0.11034027487039566,1766819944355
6,0.07227993756532669,1766819944639
6,0.027143117040395737,1766819944872
6,0.01594514027237892,1766819945076
6,0.12851083278656006,1766819945271
6,0.013706079684197903,1766819945703
6,0.019675081595778465,1766819945905
6,0.005463599227368832,1766819946103
6,0.0006553202401846647,1766819946293
6,0.00203799270093441,1766819946490
6,0.12022073566913605,1766819946797
6,0.007301231846213341,1766819947004
6,0.05634569004178047,1766819947170
6,0.0032447781413793564,1766819947354
6,0.13978499174118042,1766819947533
6,0.026053259149193764,1766819947742
6,0.0004523964016698301,1766819947937
6,0.08773159235715866,1766819948132
6,0.013997111469507217,1766819948314
6,0.0007203118875622749,1766819948531
6,0.050948578864336014,1766819948761
6,0.00640227273106575,1766819948959
6,0.010644573718309402,1766819949142
6,0.030358215793967247,1766819949342
6,0.036316003650426865,1766819949557
6,0.010981066152453423,1766819949770
6,0.021143052726984024,1766819950010
6,0.00353930052369833,1766819950234
6,0.0443158820271492,1766819950427
6,0.009320289827883244,1766819950639
6,0.013764549046754837,1766819950854
6,0.001285799196921289,1766819951041
6,0.06722148507833481,1766819951235
6,0.010412982665002346,1766819951449
6,0.0506780631840229,1766819951672
6,0.01893644593656063,1766819951855
6,0.09975609928369522,1766819952063
6,0.015837961807847023,1766819952349
6,0.024226292967796326,1766819952541
6,0.07885852456092834,1766819952736
6,0.011164957657456398,1766819952941
6,0.15539009869098663,1766819953155
6,0.08608775585889816,1766819953439
6,0.0011178768472746015,1766819953633
6,0.001258058357052505,1766819953830
6,0.020932156592607498,1766819954002
6,0.27242445945739746,1766819954226
6,0.004192403517663479,1766819954414
6,0.00011670111416606233,1766819954608
6,0.0012682050000876188,1766819954788
6,0.010466685518622398,1766819955029
6,0.0741262137889862,1766819955220
6,0.008262223564088345,1766819955410
6,0.006979773286730051,1766819955670
6,0.05779128894209862,1766819955874
6,0.16328765451908112,1766819956098
6,0.0024481015279889107,1766819956308
6,0.07825539261102676,1766819956513
6,0.0025284027215093374,1766819956866
6,0.03822075575590134,1766819957059
6,0.0030388394370675087,1766819957241
6,0.04866502434015274,1766819957445
