gpu_usage,Context.TRAINING,LoggingItemKind.SYSTEM_METRIC
0,0.04,1766755884987
0,0.05,1766755885224
0,0.2,1766755885390
0,0.19,1766755885552
0,0.31,1766755885716
0,0.31,1766755885878
0,0.27,1766755886032
0,0.19,1766755886182
0,0.22,1766755886331
0,0.36,1766755886484
0,0.36,1766755886634
0,0.19,1766755886781
0,0.26,1766755886924
0,0.26,1766755887066
0,0.33,1766755887209
0,0.19,1766755887353
0,0.39,1766755887501
0,0.39,1766755887644
0,0.19,1766755887789
0,0.22,1766755887937
0,0.22,1766755888082
0,0.36,1766755888227
0,0.19,1766755888373
0,0.33,1766755888518
0,0.33,1766755888684
0,0.25,1766755888847
0,0.19,1766755889016
0,0.19,1766755889163
0,0.35,1766755889316
0,0.35,1766755889476
0,0.23,1766755889646
0,0.19,1766755889819
0,0.19,1766755889974
0,0.32,1766755890130
0,0.32,1766755890287
0,0.26,1766755890452
0,0.19,1766755890610
0,0.19,1766755890766
0,0.38,1766755890923
0,0.38,1766755891081
0,0.21,1766755891238
0,0.19,1766755891399
0,0.22,1766755891558
0,0.36,1766755891718
0,0.36,1766755891868
0,0.19,1766755892019
0,0.19,1766755892166
0,0.39,1766755892320
0,0.39,1766755892468
0,0.19,1766755892618
0,0.21,1766755892761
0,0.38,1766755892906
0,0.38,1766755893049
0,0.19,1766755893190
0,0.35,1766755893334
0,0.35,1766755893480
0,0.24,1766755893625
0,0.19,1766755893772
0,0.39,1766755893919
0,0.39,1766755894068
0,0.19,1766755894216
0,0.23,1766755894369
0,0.35,1766755894531
0,0.35,1766755894698
0,0.19,1766755894858
0,0.19,1766755895004
0,0.28,1766755895155
0,0.28,1766755895320
0,0.3,1766755895488
0,0.19,1766755895660
0,0.19,1766755895813
0,0.23,1766755895972
0,0.35,1766755896127
0,0.35,1766755896287
0,0.19,1766755896445
0,0.19,1766755896604
0,0.3,1766755896763
0,0.3,1766755896922
0,0.29,1766755897082
0,0.19,1766755897242
0,0.19,1766755897404
0,0.31,1766755897559
0,0.31,1766755897710
0,0.27,1766755897857
0,0.19,1766755898008
0,0.33,1766755898157
0,0.33,1766755898308
0,0.25,1766755898456
0,0.19,1766755898600
0,0.39,1766755898742
0,0.39,1766755898886
0,0.19,1766755899035
0,0.22,1766755899183
0,0.22,1766755899328
0,0.36,1766755899477
0,0.19,1766755899623
0,0.3,1766755899774
0,0.3,1766755899919
0,0.29,1766755900067
0,0.19,1766755900239
0,0.19,1766755900409
0,0.33,1766755900572
0,0.33,1766755900719
0,0.25,1766755900871
0,0.19,1766755901016
0,0.24,1766755901195
0,0.34,1766755901361
0,0.34,1766755901533
0,0.19,1766755901687
0,0.19,1766755901846
0,0.19,1766755902002
0,0.39,1766755902162
0,0.39,1766755902322
0,0.19,1766755902479
0,0.19,1766755902636
0,0.26,1766755902794
0,0.33,1766755902958
0,0.33,1766755903121
0,0.19,1766755903282
0,0.19,1766755903436
0,0.3,1766755903585
0,0.3,1766755903735
0,0.28,1766755903887
0,0.19,1766755904039
0,0.28,1766755904191
0,0.28,1766755904340
0,0.3,1766755904482
0,0.19,1766755904627
0,0.36,1766755904775
0,0.36,1766755904921
0,0.22,1766755905064
0,0.2,1766755905209
0,0.38,1766755905355
0,0.38,1766755905498
0,0.19,1766755905645
0,0.3,1766755905792
0,0.3,1766755905944
0,0.29,1766755906103
0,0.19,1766755906272
0,0.19,1766755906425
0,0.39,1766755906580
0,0.39,1766755906726
0,0.19,1766755906872
0,0.19,1766755907044
0,0.3,1766755907209
0,0.29,1766755907379
0,0.29,1766755907531
0,0.19,1766755907692
0,0.19,1766755907846
0,0.28,1766755908007
0,0.28,1766755908160
0,0.3,1766755908318
0,0.19,1766755908474
0,0.19,1766755908633
0,0.37,1766755908792
0,0.37,1766755908952
0,0.21,1766755909108
0,0.19,1766755909258
0,0.29,1766755909407
0,0.29,1766755909555
0,0.29,1766755909706
0,0.19,1766755909856
0,0.3,1766755910008
0,0.3,1766755910158
0,0.28,1766755910301
0,0.19,1766755910443
0,0.39,1766755910589
0,0.39,1766755910733
0,0.2,1766755910877
0,0.21,1766755911027
0,0.21,1766755911170
0,0.37,1766755911318
0,0.19,1766755911462
0,0.33,1766755911607
0,0.33,1766755911775
0,0.26,1766755911938
0,0.19,1766755912109
0,0.19,1766755912257
0,0.33,1766755912412
0,0.33,1766755912559
0,0.25,1766755912712
0,0.19,1766755912884
0,0.2,1766755913048
0,0.31,1766755913225
0,0.31,1766755913380
0,0.27,1766755913542
0,0.19,1766755913701
0,0.19,1766755913860
0,0.34,1766755914016
0,0.34,1766755914171
0,0.24,1766755914331
0,0.19,1766755914491
0,0.19,1766755914652
0,0.37,1766755914814
0,0.37,1766755914968
0,0.21,1766755915116
0,0.19,1766755915267
0,0.35,1766755915416
0,0.35,1766755915566
0,0.23,1766755915722
0,0.19,1766755915879
0,0.28,1766755916030
0,0.28,1766755916172
0,0.3,1766755916318
0,0.19,1766755916462
0,0.39,1766755916606
0,0.39,1766755916752
0,0.19,1766755916897
0,0.25,1766755917041
0,0.34,1766755917196
0,0.34,1766755917348
0,0.19,1766755917507
0,0.19,1766755917666
0,0.32,1766755917839
0,0.32,1766755917994
0,0.27,1766755918141
0,0.19,1766755918285
0,0.29,1766755918440
0,0.29,1766755918591
0,0.29,1766755918760
0,0.19,1766755918927
0,0.19,1766755919099
0,0.24,1766755919254
0,0.35,1766755919415
0,0.35,1766755919574
0,0.19,1766755919732
0,0.19,1766755919890
0,0.3,1766755920044
0,0.3,1766755920203
0,0.28,1766755920361
0,0.19,1766755920523
0,0.19,1766755920679
0,0.36,1766755920833
0,0.36,1766755920981
0,0.22,1766755921132
0,0.19,1766755921282
0,0.36,1766755921435
0,0.36,1766755921584
0,0.22,1766755921737
0,0.19,1766755921882
0,0.39,1766755922029
0,0.39,1766755922174
0,0.19,1766755922322
0,0.22,1766755922465
0,0.36,1766755922619
0,0.36,1766755922762
0,0.19,1766755922908
0,0.3,1766755923051
0,0.3,1766755923201
0,0.28,1766755923361
0,0.19,1766755923518
0,0.19,1766755923679
0,0.39,1766755923832
0,0.39,1766755923983
0,0.19,1766755924130
0,0.19,1766755924288
0,0.39,1766755924441
0,0.39,1766755924614
0,0.19,1766755924783
0,0.19,1766755924960
0,0.19,1766755925120
0,0.21,1766755925278
0,0.37,1766755925441
0,0.37,1766755925600
0,0.19,1766755925757
0,0.19,1766755925915
0,0.24,1766755926078
0,0.34,1766755926239
0,0.34,1766755926402
0,0.19,1766755926553
0,0.19,1766755926708
0,0.33,1766755926862
0,0.33,1766755927013
0,0.26,1766755927168
0,0.19,1766755927323
0,0.25,1766755927479
0,0.33,1766755927632
0,0.33,1766755927782
0,0.19,1766755927931
0,0.25,1766755928079
0,0.25,1766755928224
0,0.33,1766755928375
0,0.19,1766755928519
0,0.31,1766755928671
0,0.31,1766755928815
0,0.27,1766755928963
0,0.19,1766755929127
0,0.26,1766755929292
0,0.32,1766755929458
0,0.32,1766755929611
0,0.19,1766755929762
0,0.19,1766755929905
0,0.38,1766755930062
0,0.38,1766755930213
0,0.2,1766755930374
0,0.19,1766755930538
0,0.19,1766755930712
0,0.32,1766755930880
0,0.32,1766755931034
0,0.27,1766755931190
0,0.19,1766755931351
0,0.19,1766755931507
0,0.39,1766755931664
0,0.39,1766755931822
0,0.19,1766755931981
0,0.19,1766755932142
0,0.27,1766755932294
0,0.27,1766755932448
0,0.31,1766755932597
0,0.19,1766755932751
0,0.24,1766755932899
0,0.24,1766755933050
0,0.34,1766755933199
0,0.19,1766755933349
0,0.27,1766755933496
0,0.27,1766755933645
0,0.32,1766755933789
0,0.19,1766755933937
0,0.35,1766755934082
0,0.35,1766755934229
0,0.23,1766755934371
0,0.19,1766755934524
0,0.39,1766755934667
0,0.39,1766755934822
0,0.19,1766755934982
0,0.19,1766755935147
0,0.26,1766755935303
0,0.26,1766755935457
0,0.32,1766755935606
0,0.19,1766755935757
0,0.23,1766755935914
0,0.35,1766755936067
0,0.35,1766755936229
0,0.19,1766755936395
0,0.19,1766755936571
0,0.19,1766755936735
0,0.38,1766755936892
0,0.38,1766755937044
0,0.21,1766755937204
0,0.19,1766755937360
0,0.25,1766755937515
0,0.33,1766755937674
0,0.33,1766755937837
0,0.19,1766755937994
0,0.19,1766755938143
0,0.35,1766755938297
0,0.35,1766755938447
0,0.23,1766755938599
0,0.19,1766755938749
0,0.33,1766755938903
0,0.33,1766755939055
0,0.25,1766755939209
0,0.19,1766755939361
0,0.3,1766755939511
0,0.3,1766755939656
0,0.28,1766755939803
0,0.19,1766755939952
0,0.37,1766755940099
0,0.37,1766755940243
0,0.22,1766755940391
0,0.19,1766755940540
0,0.36,1766755940705
0,0.36,1766755940865
0,0.22,1766755941026
0,0.19,1766755941173
0,0.27,1766755941327
0,0.27,1766755941478
0,0.32,1766755941630
0,0.19,1766755941785
0,0.21,1766755941938
0,0.37,1766755942100
0,0.37,1766755942273
0,0.19,1766755942459
0,0.19,1766755942616
0,0.19,1766755942771
0,0.31,1766755942922
0,0.31,1766755943081
0,0.27,1766755943237
0,0.19,1766755943396
0,0.19,1766755943554
0,0.38,1766755943713
0,0.38,1766755943864
0,0.2,1766755944014
0,0.19,1766755944164
0,0.38,1766755944313
0,0.38,1766755944464
0,0.2,1766755944612
0,0.19,1766755944761
0,0.39,1766755944911
0,0.39,1766755945062
0,0.19,1766755945216
0,0.19,1766755945361
0,0.39,1766755945504
0,0.39,1766755945650
0,0.19,1766755945795
0,0.28,1766755945938
0,0.28,1766755946082
0,0.31,1766755946227
0,0.19,1766755946378
0,0.31,1766755946539
0,0.27,1766755946711
0,0.27,1766755946867
0,0.19,1766755947020
0,0.19,1766755947167
0,0.39,1766755947316
0,0.39,1766755947467
0,0.19,1766755947617
0,0.19,1766755947768
0,0.39,1766755947925
0,0.39,1766755948090
0,0.19,1766755948263
0,0.19,1766755948432
0,0.19,1766755948588
0,0.31,1766755948745
0,0.31,1766755948902
0,0.27,1766755949058
0,0.19,1766755949219
0,0.19,1766755949377
0,0.38,1766755949535
0,0.38,1766755949684
0,0.2,1766755949838
0,0.19,1766755949991
0,0.34,1766755950144
0,0.34,1766755950294
0,0.24,1766755950445
0,0.19,1766755950595
0,0.35,1766755950747
0,0.35,1766755950897
0,0.23,1766755951054
0,0.19,1766755951203
0,0.34,1766755951349
0,0.34,1766755951498
0,0.24,1766755951645
0,0.19,1766755951788
0,0.39,1766755951935
0,0.39,1766755952083
0,0.19,1766755952247
0,0.19,1766755952404
0,0.3,1766755952564
0,0.3,1766755952714
0,0.29,1766755952869
0,0.19,1766755953016
0,0.27,1766755953173
0,0.27,1766755953326
0,0.31,1766755953480
0,0.19,1766755953635
0,0.19,1766755953799
0,0.35,1766755953968
0,0.24,1766755954148
0,0.24,1766755954308
0,0.19,1766755954460
0,0.19,1766755954615
0,0.33,1766755954769
0,0.33,1766755954924
0,0.25,1766755955080
0,0.19,1766755955239
0,0.24,1766755955389
0,0.34,1766755955542
0,0.34,1766755955692
0,0.19,1766755955844
0,0.22,1766755955995
0,0.36,1766755956147
0,0.36,1766755956297
0,0.19,1766755956448
0,0.22,1766755956597
0,0.36,1766755956752
0,0.36,1766755956906
0,0.19,1766755957053
0,0.23,1766755957200
0,0.35,1766755957348
0,0.35,1766755957493
0,0.19,1766755957640
0,0.3,1766755957786
0,0.3,1766755957939
0,0.29,1766755958100
0,0.19,1766755958271
0,0.19,1766755958435
0,0.35,1766755958582
0,0.35,1766755958729
0,0.24,1766755958881
0,0.19,1766755959037
0,0.32,1766755959190
0,0.32,1766755959345
0,0.27,1766755959499
0,0.19,1766755959672
0,0.19,1766755959846
0,0.21,1766755960023
0,0.37,1766755960176
0,0.37,1766755960330
0,0.19,1766755960482
0,0.19,1766755960644
0,0.29,1766755960802
0,0.29,1766755960960
0,0.29,1766755961115
0,0.19,1766755961266
0,0.2,1766755961420
0,0.38,1766755961571
0,0.38,1766755961725
0,0.19,1766755961875
0,0.19,1766755962033
0,0.38,1766755962186
0,0.38,1766755962336
0,0.2,1766755962487
0,0.19,1766755962644
0,0.35,1766755962794
0,0.35,1766755962940
0,0.24,1766755963087
0,0.19,1766755963233
0,0.39,1766755963383
0,0.39,1766755963528
0,0.19,1766755963680
0,0.19,1766755963841
0,0.35,1766755964002
0,0.35,1766755964158
0,0.23,1766755964306
0,0.19,1766755964459
0,0.33,1766755964609
0,0.33,1766755964765
0,0.25,1766755964919
0,0.19,1766755965076
0,0.22,1766755965233
0,0.36,1766755965388
0,0.36,1766755965563
0,0.19,1766755965733
0,0.19,1766755965910
0,0.19,1766755966063
0,0.28,1766755966223
0,0.28,1766755966379
0,0.3,1766755966541
0,0.19,1766755966703
0,0.19,1766755966864
0,0.32,1766755967017
0,0.32,1766755967169
0,0.26,1766755967322
0,0.19,1766755967474
0,0.29,1766755967625
0,0.29,1766755967776
0,0.29,1766755967923
0,0.19,1766755968075
0,0.3,1766755968225
0,0.3,1766755968379
0,0.28,1766755968530
0,0.19,1766755968682
0,0.29,1766755968828
0,0.29,1766755968974
0,0.3,1766755969118
0,0.19,1766755969261
0,0.39,1766755969405
0,0.39,1766755969571
0,0.19,1766755969735
0,0.19,1766755969906
0,0.19,1766755970052
0,0.39,1766755970204
0,0.39,1766755970350
0,0.19,1766755970505
0,0.19,1766755970662
0,0.39,1766755970813
0,0.39,1766755970967
0,0.19,1766755971119
0,0.19,1766755971279
0,0.27,1766755971450
0,0.31,1766755971618
0,0.31,1766755971788
0,0.19,1766755971941
0,0.19,1766755972100
0,0.24,1766755972260
0,0.35,1766755972420
0,0.35,1766755972580
0,0.19,1766755972734
0,0.19,1766755972887
0,0.3,1766755973044
0,0.3,1766755973197
0,0.28,1766755973352
0,0.19,1766755973504
0,0.23,1766755973659
0,0.35,1766755973810
0,0.35,1766755973962
0,0.19,1766755974117
0,0.19,1766755974272
0,0.39,1766755974427
0,0.39,1766755974585
0,0.19,1766755974730
0,0.19,1766755974878
0,0.39,1766755975026
0,0.39,1766755975174
0,0.19,1766755975341
0,0.19,1766755975507
0,0.25,1766755975667
0,0.34,1766755975814
0,0.34,1766755975969
0,0.19,1766755976118
0,0.19,1766755976276
0,0.39,1766755976429
0,0.39,1766755976582
0,0.19,1766755976734
0,0.19,1766755976892
0,0.35,1766755977047
0,0.35,1766755977217
0,0.23,1766755977388
0,0.19,1766755977571
0,0.19,1766755977737
0,0.19,1766755977893
0,0.36,1766755978049
0,0.36,1766755978208
0,0.22,1766755978368
0,0.19,1766755978520
0,0.26,1766755978671
0,0.26,1766755978823
0,0.32,1766755978974
0,0.19,1766755979124
0,0.25,1766755979276
0,0.25,1766755979426
0,0.33,1766755979577
0,0.19,1766755979728
0,0.23,1766755979881
0,0.35,1766755980038
0,0.35,1766755980192
0,0.19,1766755980349
0,0.19,1766755980494
0,0.39,1766755980642
0,0.39,1766755980789
0,0.19,1766755980936
0,0.19,1766755981102
0,0.37,1766755981268
0,0.37,1766755981434
0,0.21,1766755981579
0,0.19,1766755981729
0,0.28,1766755981877
0,0.28,1766755982032
0,0.3,1766755982184
0,0.19,1766755982342
0,0.22,1766755982494
0,0.37,1766755982651
0,0.37,1766755982808
0,0.19,1766755982964
0,0.19,1766755983137
0,0.22,1766755983304
0,0.3,1766755983476
0,0.3,1766755983629
0,0.26,1766755983789
0,0.19,1766755983950
0,0.19,1766755984112
0,0.39,1766755984263
0,0.39,1766755984413
0,0.19,1766755984566
0,0.19,1766755984718
0,0.37,1766755984870
0,0.37,1766755985023
0,0.21,1766755985176
0,0.19,1766755985327
0,0.35,1766755985478
0,0.35,1766755985631
0,0.24,1766755985787
0,0.19,1766755985941
0,0.27,1766755986097
0,0.27,1766755986248
0,0.31,1766755986395
0,0.19,1766755986541
0,0.32,1766755986687
0,0.32,1766755986844
0,0.27,1766755987002
0,0.19,1766755987174
0,0.19,1766755987323
0,0.39,1766755987469
0,0.39,1766755987615
0,0.19,1766755987773
0,0.19,1766755987928
0,0.38,1766755988082
0,0.38,1766755988235
0,0.2,1766755988389
0,0.19,1766755988544
0,0.31,1766755988698
0,0.31,1766755988862
0,0.27,1766755989030
0,0.19,1766755989208
0,0.19,1766755989375
0,0.19,1766755989537
0,0.36,1766755989691
0,0.36,1766755989847
0,0.23,1766755990002
0,0.19,1766755990149
0,0.33,1766755990298
0,0.33,1766755990449
0,0.25,1766755990597
0,0.19,1766755990751
0,0.31,1766755990904
0,0.31,1766755991054
0,0.27,1766755991207
0,0.19,1766755991360
0,0.29,1766755991513
0,0.29,1766755991668
0,0.29,1766755991822
0,0.19,1766755991978
0,0.2,1766755992129
0,0.2,1766755992273
0,0.38,1766755992418
0,0.19,1766755992570
0,0.24,1766755992727
0,0.35,1766755992895
0,0.35,1766755993055
0,0.19,1766755993202
0,0.19,1766755993352
0,0.39,1766755993502
0,0.39,1766755993657
0,0.19,1766755993811
0,0.19,1766755993964
0,0.3,1766755994121
0,0.3,1766755994278
0,0.29,1766755994436
0,0.19,1766755994588
0,0.19,1766755994750
0,0.35,1766755994914
0,0.23,1766755995089
0,0.23,1766755995255
0,0.19,1766755995411
0,0.19,1766755995569
0,0.3,1766755995725
0,0.3,1766755995875
0,0.28,1766755996022
0,0.19,1766755996174
0,0.31,1766755996325
0,0.31,1766755996476
0,0.28,1766755996627
0,0.19,1766755996779
0,0.29,1766755996929
0,0.29,1766755997083
0,0.29,1766755997234
0,0.19,1766755997387
0,0.26,1766755997538
0,0.32,1766755997696
0,0.32,1766755997848
0,0.19,1766755997998
0,0.24,1766755998141
0,0.24,1766755998287
0,0.34,1766755998450
0,0.19,1766755998610
0,0.19,1766755998773
0,0.38,1766755998917
0,0.38,1766755999067
0,0.2,1766755999211
0,0.19,1766755999366
0,0.39,1766755999519
0,0.39,1766755999671
0,0.19,1766755999824
0,0.19,1766755999981
0,0.33,1766756000135
0,0.33,1766756000293
0,0.26,1766756000446
0,0.19,1766756000605
0,0.19,1766756000772
0,0.31,1766756000945
0,0.27,1766756001108
0,0.27,1766756001265
0,0.19,1766756001420
0,0.19,1766756001577
0,0.39,1766756001725
0,0.39,1766756001875
0,0.19,1766756002024
0,0.19,1766756002177
0,0.39,1766756002329
0,0.39,1766756002481
0,0.19,1766756002631
0,0.19,1766756002781
0,0.38,1766756002934
0,0.38,1766756003088
0,0.2,1766756003242
0,0.19,1766756003401
0,0.29,1766756003553
0,0.29,1766756003704
0,0.29,1766756003858
0,0.19,1766756004001
0,0.32,1766756004153
0,0.32,1766756004311
0,0.26,1766756004480
0,0.19,1766756004632
0,0.19,1766756004782
0,0.39,1766756004925
0,0.39,1766756005070
0,0.19,1766756005223
0,0.21,1766756005377
0,0.37,1766756005530
0,0.37,1766756005690
0,0.19,1766756005845
0,0.19,1766756005997
0,0.34,1766756006151
0,0.34,1766756006304
0,0.24,1766756006463
0,0.19,1766756006626
0,0.19,1766756006807
0,0.27,1766756006969
0,0.27,1766756007124
0,0.31,1766756007279
0,0.19,1766756007428
0,0.23,1766756007579
0,0.36,1766756007728
0,0.36,1766756007879
0,0.19,1766756008029
0,0.23,1766756008181
0,0.35,1766756008333
0,0.35,1766756008487
0,0.19,1766756008643
0,0.19,1766756008799
0,0.39,1766756008950
0,0.39,1766756009102
0,0.19,1766756009257
0,0.19,1766756009410
0,0.35,1766756009562
0,0.35,1766756009709
0,0.23,1766756009853
0,0.19,1766756010015
0,0.34,1766756010176
0,0.25,1766756010351
0,0.25,1766756010495
0,0.19,1766756010641
0,0.23,1766756010788
0,0.35,1766756010940
0,0.35,1766756011090
0,0.19,1766756011241
0,0.23,1766756011394
0,0.35,1766756011552
0,0.35,1766756011707
0,0.19,1766756011860
0,0.19,1766756012014
0,0.38,1766756012165
0,0.38,1766756012327
0,0.2,1766756012492
0,0.19,1766756012666
0,0.19,1766756012826
0,0.34,1766756012978
0,0.34,1766756013129
0,0.25,1766756013280
0,0.19,1766756013434
0,0.32,1766756013582
0,0.32,1766756013733
0,0.26,1766756013884
0,0.19,1766756014038
0,0.3,1766756014190
0,0.3,1766756014340
0,0.28,1766756014492
0,0.19,1766756014646
0,0.26,1766756014799
0,0.26,1766756014957
0,0.32,1766756015109
0,0.19,1766756015262
0,0.2,1766756015415
0,0.38,1766756015563
0,0.38,1766756015719
0,0.19,1766756015876
0,0.19,1766756016049
0,0.29,1766756016199
0,0.29,1766756016348
0,0.29,1766756016490
0,0.19,1766756016637
0,0.35,1766756016791
0,0.35,1766756016943
0,0.23,1766756017095
0,0.19,1766756017249
0,0.3,1766756017408
0,0.3,1766756017564
0,0.28,1766756017717
0,0.19,1766756017874
0,0.2,1766756018026
0,0.38,1766756018187
0,0.38,1766756018354
0,0.19,1766756018543
0,0.19,1766756018704
0,0.19,1766756018859
0,0.33,1766756019003
0,0.33,1766756019153
0,0.25,1766756019305
0,0.19,1766756019454
0,0.34,1766756019604
0,0.34,1766756019755
0,0.24,1766756019907
0,0.19,1766756020059
0,0.33,1766756020213
0,0.33,1766756020375
0,0.25,1766756020530
0,0.19,1766756020682
0,0.19,1766756020842
0,0.39,1766756020995
0,0.39,1766756021151
0,0.19,1766756021306
0,0.19,1766756021457
0,0.34,1766756021615
0,0.34,1766756021780
0,0.24,1766756021940
0,0.19,1766756022085
0,0.25,1766756022233
0,0.25,1766756022380
0,0.33,1766756022531
0,0.19,1766756022681
0,0.26,1766756022836
0,0.32,1766756022993
0,0.32,1766756023147
0,0.19,1766756023305
0,0.19,1766756023458
0,0.39,1766756023612
0,0.39,1766756023765
0,0.19,1766756023917
0,0.19,1766756024093
0,0.22,1766756024260
0,0.31,1766756024438
0,0.31,1766756024590
0,0.25,1766756024738
0,0.19,1766756024882
0,0.32,1766756025032
0,0.32,1766756025180
0,0.26,1766756025329
0,0.19,1766756025479
0,0.33,1766756025633
0,0.33,1766756025784
0,0.25,1766756025935
0,0.19,1766756026090
0,0.3,1766756026244
0,0.3,1766756026401
0,0.29,1766756026554
0,0.19,1766756026706
0,0.23,1766756026861
0,0.35,1766756027012
0,0.35,1766756027165
0,0.19,1766756027331
0,0.19,1766756027495
0,0.27,1766756027657
0,0.27,1766756027804
0,0.31,1766756027957
0,0.19,1766756028105
0,0.25,1766756028259
0,0.25,1766756028411
0,0.33,1766756028561
0,0.19,1766756028715
0,0.21,1766756028870
0,0.37,1766756029030
0,0.37,1766756029189
0,0.19,1766756029345
0,0.19,1766756029498
0,0.33,1766756029651
0,0.33,1766756029815
1,0.23,1766756029981
1,0.15,1766756030151
1,0.19,1766756030326
1,0.22,1766756030472
1,0.36,1766756030624
1,0.36,1766756030773
1,0.19,1766756030927
1,0.23,1766756031076
1,0.36,1766756031228
1,0.36,1766756031378
1,0.19,1766756031531
1,0.21,1766756031681
1,0.37,1766756031834
1,0.37,1766756031985
1,0.19,1766756032139
1,0.19,1766756032292
1,0.39,1766756032447
1,0.39,1766756032599
1,0.19,1766756032755
1,0.19,1766756032907
1,0.3,1766756033072
1,0.3,1766756033237
1,0.28,1766756033406
1,0.19,1766756033552
1,0.19,1766756033695
1,0.39,1766756033842
1,0.39,1766756033993
1,0.19,1766756034146
1,0.19,1766756034296
1,0.39,1766756034446
1,0.39,1766756034602
1,0.19,1766756034758
1,0.19,1766756034915
1,0.31,1766756035075
1,0.31,1766756035229
1,0.27,1766756035386
1,0.19,1766756035538
1,0.25,1766756035698
1,0.33,1766756035866
1,0.33,1766756036043
1,0.2,1766756036210
1,0.19,1766756036359
1,0.19,1766756036505
1,0.39,1766756036651
1,0.39,1766756036801
1,0.19,1766756036948
1,0.23,1766756037097
1,0.35,1766756037253
1,0.35,1766756037410
1,0.19,1766756037562
1,0.19,1766756037715
1,0.37,1766756037873
1,0.37,1766756038026
1,0.21,1766756038184
1,0.19,1766756038337
1,0.28,1766756038494
1,0.28,1766756038646
1,0.3,1766756038807
1,0.19,1766756038968
1,0.19,1766756039137
1,0.3,1766756039291
1,0.3,1766756039440
1,0.29,1766756039593
1,0.19,1766756039738
1,0.32,1766756039890
1,0.32,1766756040040
1,0.26,1766756040192
1,0.19,1766756040344
1,0.29,1766756040499
1,0.29,1766756040654
1,0.29,1766756040811
1,0.19,1766756040968
1,0.19,1766756041123
1,0.39,1766756041276
1,0.39,1766756041429
1,0.19,1766756041590
1,0.19,1766756041764
1,0.19,1766756041941
1,0.36,1766756042088
1,0.36,1766756042233
1,0.23,1766756042377
1,0.19,1766756042524
1,0.39,1766756042671
1,0.39,1766756042822
1,0.19,1766756042971
1,0.23,1766756043120
1,0.36,1766756043272
1,0.36,1766756043423
1,0.19,1766756043574
1,0.19,1766756043731
1,0.39,1766756043883
1,0.39,1766756044038
1,0.19,1766756044191
1,0.19,1766756044345
1,0.37,1766756044494
1,0.37,1766756044666
1,0.21,1766756044827
1,0.19,1766756044991
1,0.19,1766756045135
1,0.39,1766756045290
1,0.39,1766756045435
1,0.19,1766756045589
1,0.19,1766756045739
1,0.39,1766756045892
1,0.39,1766756046043
1,0.19,1766756046198
1,0.19,1766756046351
1,0.36,1766756046507
1,0.36,1766756046667
1,0.22,1766756046822
1,0.19,1766756046975
1,0.26,1766756047126
1,0.26,1766756047278
1,0.32,1766756047441
1,0.19,1766756047614
1,0.19,1766756047792
1,0.21,1766756047938
1,0.21,1766756048081
1,0.38,1766756048223
1,0.19,1766756048377
1,0.28,1766756048527
1,0.28,1766756048676
1,0.3,1766756048825
1,0.19,1766756048973
1,0.31,1766756049122
1,0.31,1766756049275
1,0.27,1766756049429
1,0.19,1766756049586
1,0.22,1766756049744
1,0.37,1766756049895
1,0.37,1766756050048
1,0.19,1766756050202
1,0.19,1766756050363
1,0.32,1766756050530
1,0.26,1766756050702
1,0.26,1766756050858
1,0.19,1766756051009
1,0.19,1766756051154
1,0.39,1766756051301
1,0.39,1766756051451
1,0.19,1766756051602
1,0.21,1766756051751
1,0.37,1766756051902
1,0.37,1766756052055
1,0.19,1766756052210
1,0.19,1766756052364
1,0.39,1766756052520
1,0.39,1766756052674
1,0.19,1766756052828
1,0.19,1766756052980
1,0.32,1766756053135
1,0.32,1766756053300
1,0.27,1766756053473
1,0.19,1766756053639
1,0.19,1766756053786
1,0.35,1766756053929
1,0.35,1766756054075
1,0.23,1766756054222
1,0.19,1766756054371
1,0.39,1766756054518
1,0.39,1766756054669
1,0.19,1766756054822
1,0.19,1766756054977
1,0.38,1766756055130
1,0.38,1766756055281
1,0.21,1766756055434
1,0.19,1766756055587
1,0.35,1766756055742
1,0.35,1766756055896
1,0.23,1766756056048
1,0.19,1766756056224
1,0.19,1766756056393
1,0.32,1766756056551
1,0.32,1766756056695
1,0.27,1766756056848
1,0.19,1766756056991
1,0.35,1766756057143
1,0.35,1766756057293
1,0.24,1766756057445
1,0.19,1766756057596
1,0.33,1766756057751
1,0.33,1766756057908
1,0.26,1766756058065
1,0.19,1766756058219
1,0.21,1766756058377
1,0.37,1766756058532
1,0.37,1766756058688
1,0.19,1766756058841
1,0.19,1766756058994
1,0.32,1766756059162
1,0.32,1766756059330
1,0.26,1766756059492
1,0.19,1766756059636
1,0.19,1766756059782
1,0.39,1766756059925
1,0.39,1766756060074
1,0.19,1766756060221
1,0.26,1766756060371
1,0.26,1766756060518
1,0.32,1766756060669
1,0.19,1766756060829
1,0.22,1766756060984
1,0.37,1766756061138
1,0.37,1766756061301
1,0.19,1766756061454
1,0.19,1766756061610
1,0.33,1766756061762
1,0.33,1766756061922
1,0.25,1766756062090
1,0.19,1766756062267
1,0.19,1766756062420
1,0.32,1766756062572
1,0.32,1766756062716
1,0.26,1766756062862
1,0.19,1766756063015
1,0.34,1766756063164
1,0.34,1766756063314
1,0.24,1766756063466
1,0.19,1766756063618
1,0.3,1766756063775
1,0.3,1766756063927
1,0.28,1766756064083
1,0.19,1766756064235
1,0.24,1766756064390
1,0.34,1766756064546
1,0.34,1766756064703
1,0.19,1766756064857
1,0.19,1766756065032
1,0.28,1766756065192
1,0.31,1766756065357
1,0.31,1766756065502
1,0.19,1766756065645
1,0.25,1766756065788
1,0.25,1766756065938
1,0.33,1766756066086
1,0.19,1766756066234
1,0.31,1766756066382
1,0.31,1766756066533
1,0.27,1766756066684
1,0.19,1766756066837
1,0.29,1766756066988
1,0.29,1766756067143
1,0.29,1766756067294
1,0.19,1766756067446
1,0.26,1766756067596
1,0.32,1766756067761
1,0.32,1766756067930
1,0.19,1766756068100
1,0.19,1766756068247
1,0.29,1766756068391
1,0.29,1766756068537
1,0.3,1766756068687
1,0.19,1766756068837
1,0.34,1766756068985
1,0.34,1766756069134
1,0.24,1766756069287
1,0.19,1766756069439
1,0.31,1766756069593
1,0.31,1766756069749
1,0.27,1766756069901
1,0.19,1766756070057
1,0.23,1766756070214
1,0.35,1766756070369
1,0.35,1766756070525
1,0.19,1766756070682
1,0.19,1766756070848
1,0.28,1766756071008
1,0.31,1766756071175
1,0.31,1766756071325
1,0.19,1766756071473
1,0.21,1766756071620
1,0.21,1766756071767
1,0.38,1766756071917
1,0.19,1766756072066
1,0.24,1766756072216
1,0.34,1766756072372
1,0.34,1766756072528
1,0.19,1766756072683
1,0.19,1766756072836
1,0.39,1766756072990
1,0.39,1766756073142
1,0.19,1766756073293
1,0.19,1766756073450
1,0.29,1766756073615
1,0.29,1766756073795
1,0.29,1766756073964
1,0.19,1766756074115
1,0.19,1766756074262
1,0.33,1766756074407
1,0.33,1766756074561
1,0.26,1766756074712
1,0.19,1766756074866
1,0.3,1766756075017
1,0.3,1766756075171
1,0.29,1766756075323
1,0.19,1766756075480
1,0.21,1766756075635
1,0.37,1766756075790
1,0.37,1766756075941
1,0.19,1766756076097
1,0.19,1766756076247
1,0.39,1766756076403
1,0.39,1766756076562
1,0.19,1766756076733
1,0.19,1766756076894
1,0.19,1766756077062
1,0.37,1766756077208
1,0.37,1766756077352
1,0.21,1766756077496
1,0.19,1766756077646
1,0.39,1766756077798
1,0.39,1766756077948
1,0.19,1766756078102
1,0.19,1766756078255
1,0.39,1766756078409
1,0.39,1766756078564
1,0.19,1766756078717
1,0.19,1766756078876
1,0.31,1766756079028
1,0.31,1766756079179
1,0.27,1766756079351
1,0.19,1766756079518
1,0.19,1766756079695
1,0.21,1766756079848
1,0.37,1766756079997
1,0.37,1766756080144
1,0.19,1766756080297
1,0.22,1766756080450
1,0.36,1766756080600
1,0.36,1766756080755
1,0.19,1766756080907
1,0.19,1766756081061
1,0.39,1766756081214
1,0.39,1766756081370
1,0.19,1766756081524
1,0.19,1766756081680
1,0.32,1766756081837
1,0.32,1766756081992
1,0.26,1766756082144
1,0.19,1766756082297
1,0.26,1766756082450
1,0.32,1766756082612
1,0.32,1766756082773
1,0.19,1766756082938
1,0.19,1766756083084
1,0.36,1766756083233
1,0.36,1766756083378
1,0.22,1766756083531
1,0.19,1766756083683
1,0.39,1766756083833
1,0.39,1766756083990
1,0.19,1766756084145
1,0.19,1766756084303
1,0.29,1766756084455
1,0.29,1766756084610
1,0.29,1766756084764
1,0.19,1766756084919
1,0.19,1766756085086
1,0.35,1766756085254
1,0.23,1766756085427
1,0.23,1766756085584
1,0.19,1766756085739
1,0.19,1766756085887
1,0.39,1766756086042
1,0.39,1766756086196
1,0.19,1766756086346
1,0.19,1766756086499
1,0.36,1766756086651
1,0.36,1766756086806
1,0.22,1766756086958
1,0.19,1766756087110
1,0.31,1766756087264
1,0.31,1766756087419
1,0.27,1766756087571
1,0.19,1766756087731
1,0.23,1766756087883
1,0.35,1766756088043
1,0.35,1766756088196
1,0.19,1766756088349
1,0.19,1766756088505
1,0.33,1766756088669
1,0.33,1766756088825
1,0.25,1766756088969
1,0.19,1766756089121
1,0.34,1766756089266
1,0.34,1766756089416
1,0.24,1766756089565
1,0.19,1766756089718
1,0.34,1766756089870
1,0.34,1766756090023
1,0.24,1766756090177
1,0.19,1766756090332
1,0.28,1766756090487
1,0.28,1766756090637
1,0.3,1766756090798
1,0.19,1766756090963
1,0.19,1766756091135
1,0.2,1766756091304
1,0.38,1766756091463
1,0.38,1766756091613
1,0.19,1766756091763
1,0.19,1766756091915
1,0.39,1766756092067
1,0.39,1766756092221
1,0.19,1766756092374
1,0.19,1766756092527
1,0.33,1766756092684
1,0.33,1766756092836
1,0.25,1766756092988
1,0.19,1766756093142
1,0.28,1766756093296
1,0.28,1766756093453
1,0.3,1766756093609
1,0.19,1766756093766
1,0.19,1766756093923
1,0.39,1766756094067
1,0.39,1766756094219
1,0.19,1766756094377
1,0.19,1766756094549
1,0.27,1766756094701
1,0.27,1766756094852
1,0.32,1766756094997
1,0.19,1766756095143
1,0.33,1766756095292
1,0.33,1766756095446
1,0.25,1766756095598
1,0.19,1766756095750
1,0.29,1766756095902
1,0.29,1766756096053
1,0.29,1766756096206
1,0.19,1766756096357
1,0.28,1766756096508
1,0.31,1766756096680
1,0.31,1766756096849
1,0.19,1766756097021
1,0.19,1766756097178
1,0.19,1766756097343
1,0.38,1766756097494
1,0.38,1766756097645
1,0.21,1766756097794
1,0.19,1766756097945
1,0.37,1766756098096
1,0.37,1766756098251
1,0.21,1766756098405
1,0.19,1766756098558
1,0.31,1766756098708
1,0.31,1766756098860
1,0.27,1766756099013
1,0.19,1766756099170
1,0.26,1766756099325
1,0.32,1766756099483
1,0.32,1766756099635
1,0.19,1766756099789
1,0.21,1766756099931
1,0.38,1766756100085
1,0.38,1766756100244
1,0.19,1766756100417
1,0.19,1766756100567
1,0.32,1766756100719
1,0.32,1766756100863
1,0.26,1766756101011
1,0.19,1766756101166
1,0.31,1766756101320
1,0.31,1766756101475
1,0.28,1766756101634
1,0.19,1766756101790
1,0.21,1766756101942
1,0.37,1766756102098
1,0.37,1766756102251
1,0.19,1766756102409
1,0.19,1766756102571
1,0.23,1766756102745
1,0.35,1766756102905
1,0.35,1766756103057
1,0.19,1766756103210
1,0.19,1766756103359
1,0.39,1766756103509
1,0.39,1766756103657
1,0.19,1766756103808
1,0.19,1766756103960
1,0.39,1766756104113
1,0.39,1766756104264
1,0.19,1766756104416
1,0.19,1766756104569
1,0.37,1766756104719
1,0.37,1766756104871
1,0.22,1766756105025
1,0.19,1766756105180
1,0.32,1766756105333
1,0.32,1766756105486
1,0.27,1766756105633
1,0.19,1766756105778
1,0.33,1766756105932
1,0.33,1766756106089
1,0.25,1766756106253
1,0.19,1766756106405
1,0.24,1766756106554
1,0.34,1766756106703
1,0.34,1766756106850
1,0.19,1766756107006
1,0.22,1766756107160
1,0.36,1766756107314
1,0.36,1766756107468
1,0.19,1766756107625
1,0.19,1766756107779
1,0.35,1766756107937
1,0.35,1766756108095
1,0.23,1766756108266
1,0.19,1766756108435
1,0.19,1766756108601
1,0.28,1766756108752
1,0.28,1766756108909
1,0.3,1766756109066
1,0.19,1766756109218
1,0.21,1766756109368
1,0.37,1766756109516
1,0.37,1766756109666
1,0.19,1766756109819
1,0.21,1766756109972
1,0.38,1766756110126
1,0.38,1766756110277
1,0.19,1766756110428
1,0.19,1766756110577
1,0.39,1766756110729
1,0.39,1766756110883
1,0.19,1766756111040
1,0.19,1766756111193
1,0.35,1766756111346
1,0.35,1766756111494
1,0.24,1766756111638
1,0.19,1766756111795
1,0.33,1766756111952
1,0.25,1766756112126
1,0.25,1766756112280
1,0.19,1766756112427
1,0.24,1766756112569
1,0.24,1766756112718
1,0.34,1766756112874
1,0.19,1766756113026
1,0.23,1766756113176
1,0.35,1766756113330
1,0.35,1766756113484
1,0.19,1766756113638
1,0.19,1766756113788
1,0.39,1766756113949
1,0.39,1766756114116
1,0.19,1766756114293
1,0.19,1766756114453
1,0.19,1766756114607
1,0.34,1766756114760
1,0.34,1766756114922
1,0.24,1766756115073
1,0.19,1766756115224
1,0.28,1766756115373
1,0.28,1766756115525
1,0.31,1766756115679
1,0.19,1766756115831
1,0.25,1766756115983
1,0.33,1766756116136
1,0.33,1766756116287
1,0.19,1766756116442
1,0.2,1766756116599
1,0.38,1766756116757
1,0.38,1766756116913
1,0.19,1766756117069
1,0.19,1766756117216
1,0.36,1766756117361
1,0.36,1766756117504
1,0.22,1766756117660
1,0.19,1766756117819
1,0.3,1766756117986
1,0.3,1766756118138
1,0.28,1766756118285
1,0.19,1766756118432
1,0.31,1766756118582
1,0.31,1766756118738
1,0.28,1766756118887
1,0.19,1766756119047
1,0.22,1766756119200
1,0.37,1766756119353
1,0.37,1766756119503
1,0.19,1766756119664
1,0.19,1766756119832
1,0.26,1766756119997
1,0.32,1766756120165
1,0.32,1766756120314
1,0.19,1766756120472
1,0.19,1766756120628
1,0.32,1766756120786
1,0.32,1766756120937
1,0.26,1766756121086
1,0.19,1766756121241
1,0.29,1766756121393
1,0.29,1766756121549
1,0.29,1766756121702
1,0.19,1766756121854
1,0.25,1766756122004
1,0.25,1766756122157
1,0.33,1766756122309
1,0.19,1766756122463
1,0.2,1766756122617
1,0.38,1766756122778
1,0.38,1766756122925
1,0.19,1766756123071
1,0.2,1766756123217
1,0.38,1766756123360
1,0.38,1766756123526
1,0.19,1766756123688
1,0.19,1766756123856
1,0.28,1766756124002
1,0.28,1766756124145
1,0.3,1766756124291
1,0.19,1766756124444
1,0.35,1766756124592
1,0.35,1766756124746
1,0.23,1766756124899
1,0.19,1766756125048
1,0.33,1766756125200
1,0.33,1766756125351
1,0.26,1766756125510
1,0.19,1766756125676
1,0.19,1766756125856
1,0.25,1766756126019
1,0.33,1766756126172
1,0.33,1766756126325
1,0.19,1766756126485
1,0.19,1766756126639
1,0.39,1766756126791
1,0.39,1766756126938
1,0.19,1766756127093
1,0.19,1766756127244
1,0.38,1766756127398
1,0.38,1766756127552
1,0.2,1766756127704
1,0.19,1766756127856
1,0.34,1766756128007
1,0.34,1766756128165
1,0.24,1766756128318
1,0.19,1766756128472
1,0.23,1766756128630
1,0.23,1766756128775
1,0.35,1766756128920
1,0.19,1766756129063
1,0.34,1766756129209
1,0.34,1766756129372
1,0.24,1766756129538
1,0.19,1766756129705
1,0.19,1766756129850
1,0.39,1766756129994
1,0.39,1766756130139
1,0.19,1766756130293
1,0.2,1766756130444
1,0.38,1766756130602
1,0.38,1766756130753
1,0.19,1766756130906
1,0.19,1766756131059
1,0.38,1766756131215
1,0.38,1766756131383
1,0.2,1766756131549
1,0.19,1766756131715
1,0.19,1766756131864
1,0.34,1766756132024
1,0.34,1766756132184
1,0.24,1766756132340
1,0.19,1766756132493
1,0.24,1766756132642
1,0.24,1766756132794
1,0.34,1766756132946
1,0.19,1766756133098
1,0.21,1766756133253
1,0.37,1766756133402
1,0.37,1766756133553
1,0.19,1766756133701
1,0.22,1766756133852
1,0.36,1766756134008
1,0.36,1766756134164
1,0.19,1766756134316
1,0.19,1766756134466
1,0.39,1766756134609
1,0.39,1766756134755
1,0.19,1766756134902
1,0.26,1766756135045
1,0.26,1766756135196
1,0.32,1766756135355
1,0.19,1766756135523
1,0.19,1766756135673
1,0.39,1766756135824
1,0.39,1766756135970
1,0.19,1766756136120
1,0.19,1766756136273
1,0.39,1766756136427
1,0.39,1766756136580
1,0.19,1766756136736
1,0.19,1766756136889
1,0.33,1766756137049
1,0.26,1766756137217
1,0.26,1766756137389
1,0.19,1766756137552
1,0.19,1766756137706
1,0.27,1766756137860
1,0.32,1766756138020
1,0.32,1766756138176
1,0.19,1766756138334
1,0.19,1766756138481
1,0.39,1766756138631
1,0.39,1766756138787
1,0.19,1766756138939
1,0.19,1766756139093
1,0.35,1766756139245
1,0.35,1766756139397
1,0.23,1766756139547
1,0.19,1766756139697
1,0.33,1766756139854
1,0.33,1766756140010
1,0.26,1766756140165
1,0.19,1766756140311
1,0.3,1766756140457
1,0.3,1766756140600
1,0.28,1766756140749
1,0.19,1766756140896
1,0.37,1766756141048
1,0.37,1766756141207
1,0.21,1766756141378
1,0.19,1766756141528
1,0.23,1766756141678
1,0.35,1766756141830
1,0.35,1766756141980
1,0.19,1766756142131
1,0.21,1766756142282
1,0.37,1766756142437
1,0.37,1766756142589
1,0.19,1766756142740
1,0.19,1766756142911
1,0.3,1766756143081
1,0.26,1766756143258
1,0.26,1766756143411
1,0.22,1766756143572
1,0.19,1766756143733
1,0.19,1766756143895
1,0.39,1766756144056
1,0.39,1766756144213
1,0.19,1766756144367
1,0.19,1766756144523
1,0.29,1766756144677
1,0.29,1766756144828
1,0.29,1766756144986
1,0.19,1766756145137
1,0.23,1766756145290
1,0.35,1766756145441
1,0.35,1766756145593
1,0.19,1766756145754
1,0.19,1766756145911
1,0.39,1766756146059
1,0.39,1766756146206
1,0.19,1766756146354
1,0.19,1766756146501
1,0.39,1766756146646
1,0.39,1766756146790
1,0.19,1766756146957
1,0.19,1766756147117
1,0.34,1766756147278
1,0.34,1766756147427
1,0.24,1766756147579
1,0.19,1766756147727
1,0.34,1766756147879
1,0.34,1766756148033
1,0.24,1766756148183
1,0.19,1766756148337
1,0.29,1766756148491
1,0.3,1766756148657
1,0.3,1766756148830
1,0.19,1766756149011
1,0.19,1766756149162
1,0.19,1766756149319
1,0.39,1766756149472
1,0.39,1766756149634
1,0.19,1766756149793
1,0.19,1766756149955
1,0.22,1766756150110
1,0.36,1766756150263
1,0.36,1766756150416
1,0.19,1766756150571
1,0.19,1766756150721
1,0.39,1766756150874
1,0.39,1766756151025
1,0.19,1766756151177
1,0.19,1766756151331
1,0.38,1766756151488
1,0.38,1766756151642
1,0.2,1766756151796
1,0.19,1766756151941
1,0.35,1766756152093
1,0.35,1766756152236
1,0.24,1766756152383
1,0.19,1766756152527
1,0.39,1766756152679
1,0.39,1766756152839
1,0.19,1766756152995
1,0.19,1766756153156
1,0.33,1766756153303
1,0.33,1766756153458
1,0.25,1766756153603
1,0.19,1766756153764
1,0.29,1766756153916
1,0.29,1766756154073
1,0.3,1766756154224
1,0.19,1766756154383
1,0.19,1766756154550
1,0.29,1766756154724
1,0.29,1766756154888
1,0.29,1766756155044
1,0.19,1766756155198
1,0.19,1766756155357
1,0.32,1766756155517
1,0.32,1766756155677
1,0.26,1766756155838
1,0.19,1766756155993
1,0.19,1766756156147
1,0.39,1766756156301
1,0.39,1766756156455
1,0.19,1766756156606
1,0.19,1766756156759
1,0.35,1766756156915
1,0.35,1766756157068
1,0.24,1766756157230
1,0.19,1766756157389
1,0.21,1766756157544
1,0.37,1766756157693
1,0.37,1766756157843
1,0.19,1766756157991
1,0.26,1766756158136
1,0.26,1766756158282
1,0.33,1766756158426
1,0.19,1766756158579
1,0.28,1766756158738
1,0.3,1766756158902
1,0.3,1766756159068
1,0.19,1766756159215
1,0.19,1766756159366
1,0.39,1766756159518
1,0.39,1766756159672
1,0.19,1766756159823
1,0.19,1766756159974
1,0.37,1766756160133
1,0.37,1766756160301
1,0.22,1766756160480
1,0.19,1766756160651
1,0.19,1766756160812
1,0.19,1766756160965
1,0.39,1766756161119
1,0.39,1766756161278
1,0.19,1766756161435
1,0.19,1766756161593
1,0.28,1766756161751
1,0.28,1766756161906
1,0.3,1766756162058
1,0.19,1766756162209
1,0.23,1766756162360
1,0.35,1766756162511
1,0.35,1766756162661
1,0.19,1766756162812
1,0.23,1766756162966
1,0.36,1766756163120
1,0.36,1766756163273
1,0.19,1766756163418
1,0.23,1766756163562
1,0.23,1766756163710
1,0.35,1766756163855
1,0.19,1766756163997
1,0.33,1766756164146
1,0.33,1766756164289
1,0.26,1766756164440
1,0.19,1766756164596
1,0.3,1766756164759
1,0.3,1766756164916
1,0.28,1766756165064
1,0.19,1766756165215
1,0.28,1766756165364
1,0.28,1766756165516
1,0.3,1766756165669
1,0.19,1766756165817
1,0.24,1766756165977
1,0.34,1766756166142
1,0.34,1766756166319
1,0.19,1766756166474
1,0.19,1766756166628
1,0.23,1766756166780
1,0.36,1766756166938
1,0.36,1766756167096
1,0.19,1766756167253
1,0.19,1766756167411
1,0.29,1766756167572
1,0.29,1766756167728
1,0.29,1766756167879
1,0.19,1766756168029
1,0.22,1766756168184
1,0.36,1766756168333
1,0.36,1766756168486
1,0.19,1766756168636
1,0.2,1766756168793
1,0.38,1766756168944
1,0.38,1766756169096
1,0.19,1766756169240
1,0.23,1766756169387
1,0.23,1766756169533
1,0.36,1766756169682
1,0.19,1766756169826
1,0.31,1766756169973
1,0.31,1766756170116
1,0.27,1766756170269
1,0.19,1766756170425
1,0.24,1766756170597
1,0.33,1766756170763
1,0.33,1766756170907
1,0.2,1766756171064
1,0.19,1766756171211
1,0.39,1766756171364
1,0.39,1766756171512
1,0.19,1766756171670
1,0.19,1766756171833
1,0.27,1766756172000
1,0.31,1766756172166
1,0.31,1766756172316
1,0.19,1766756172475
1,0.19,1766756172632
1,0.28,1766756172793
1,0.28,1766756172949
1,0.3,1766756173112
1,0.19,1766756173271
1,0.19,1766756173435
1,0.31,1766756173590
1,0.31,1766756173742
1,0.28,1766756173896
1,0.19,1766756174049
1,0.26,1766756174204
1,0.32,1766756174357
1,0.32,1766756174511
1,0.19,1766756174662
2,0.17,1766756174809
2,0.34,1766756174958
2,0.34,1766756175101
2,0.19,1766756175248
2,0.32,1766756175395
2,0.32,1766756175539
2,0.27,1766756175682
2,0.19,1766756175830
2,0.39,1766756175975
2,0.39,1766756176134
2,0.19,1766756176294
2,0.19,1766756176458
2,0.22,1766756176616
2,0.22,1766756176765
2,0.36,1766756176915
2,0.19,1766756177064
2,0.21,1766756177220
2,0.37,1766756177370
2,0.37,1766756177529
2,0.19,1766756177693
2,0.19,1766756177869
2,0.2,1766756178026
2,0.38,1766756178176
2,0.38,1766756178334
2,0.19,1766756178494
2,0.19,1766756178653
2,0.31,1766756178810
2,0.31,1766756178970
2,0.28,1766756179132
2,0.19,1766756179293
2,0.19,1766756179447
2,0.36,1766756179599
2,0.36,1766756179753
2,0.22,1766756179903
2,0.19,1766756180053
2,0.34,1766756180206
2,0.34,1766756180357
2,0.25,1766756180510
2,0.19,1766756180659
2,0.36,1766756180800
2,0.36,1766756180944
2,0.23,1766756181087
2,0.21,1766756181235
2,0.37,1766756181380
2,0.37,1766756181523
2,0.19,1766756181668
2,0.31,1766756181814
2,0.31,1766756181965
2,0.27,1766756182131
2,0.19,1766756182299
2,0.19,1766756182461
2,0.33,1766756182613
2,0.33,1766756182763
2,0.25,1766756182915
2,0.19,1766756183065
2,0.33,1766756183219
2,0.33,1766756183387
2,0.25,1766756183552
2,0.19,1766756183719
2,0.19,1766756183871
2,0.28,1766756184029
2,0.28,1766756184188
2,0.3,1766756184351
2,0.19,1766756184510
2,0.19,1766756184670
2,0.29,1766756184833
2,0.29,1766756184994
2,0.29,1766756185156
2,0.19,1766756185308
2,0.19,1766756185461
2,0.39,1766756185614
2,0.39,1766756185762
2,0.2,1766756185912
2,0.19,1766756186065
2,0.38,1766756186217
2,0.38,1766756186368
2,0.2,1766756186513
2,0.19,1766756186656
2,0.39,1766756186800
2,0.39,1766756186947
2,0.19,1766756187096
2,0.27,1766756187241
2,0.27,1766756187385
2,0.31,1766756187534
2,0.19,1766756187679
2,0.37,1766756187834
2,0.37,1766756187996
2,0.22,1766756188161
2,0.19,1766756188323
2,0.19,1766756188470
2,0.38,1766756188624
2,0.38,1766756188778
2,0.2,1766756188929
2,0.19,1766756189090
2,0.27,1766756189254
2,0.31,1766756189429
2,0.31,1766756189591
2,0.19,1766756189748
2,0.19,1766756189902
2,0.23,1766756190062
2,0.35,1766756190221
2,0.35,1766756190379
2,0.19,1766756190539
2,0.19,1766756190700
2,0.26,1766756190862
2,0.33,1766756191022
2,0.33,1766756191175
2,0.19,1766756191328
2,0.19,1766756191482
2,0.39,1766756191631
2,0.39,1766756191787
2,0.19,1766756191939
2,0.19,1766756192094
2,0.33,1766756192245
2,0.33,1766756192386
2,0.25,1766756192533
2,0.19,1766756192679
2,0.39,1766756192823
2,0.39,1766756192968
2,0.19,1766756193114
2,0.29,1766756193258
2,0.29,1766756193407
2,0.29,1766756193551
2,0.19,1766756193709
2,0.25,1766756193872
2,0.33,1766756194042
2,0.33,1766756194202
2,0.19,1766756194354
2,0.19,1766756194501
2,0.38,1766756194648
2,0.38,1766756194804
2,0.21,1766756194968
2,0.19,1766756195136
2,0.19,1766756195302
2,0.37,1766756195452
2,0.37,1766756195605
2,0.21,1766756195761
2,0.19,1766756195919
2,0.28,1766756196075
2,0.31,1766756196234
2,0.31,1766756196390
2,0.19,1766756196553
2,0.19,1766756196713
2,0.31,1766756196871
2,0.31,1766756197027
2,0.27,1766756197177
2,0.19,1766756197328
2,0.28,1766756197478
2,0.28,1766756197631
2,0.31,1766756197781
2,0.19,1766756197935
2,0.28,1766756198078
2,0.28,1766756198225
2,0.3,1766756198369
2,0.19,1766756198517
2,0.37,1766756198661
2,0.37,1766756198808
2,0.21,1766756198957
2,0.19,1766756199100
2,0.39,1766756199250
2,0.39,1766756199400
2,0.19,1766756199554
2,0.19,1766756199713
2,0.31,1766756199887
2,0.31,1766756200041
2,0.27,1766756200189
2,0.19,1766756200337
2,0.3,1766756200485
2,0.3,1766756200645
2,0.28,1766756200809
2,0.19,1766756200987
2,0.19,1766756201147
2,0.22,1766756201303
2,0.36,1766756201455
2,0.36,1766756201616
2,0.19,1766756201771
2,0.19,1766756201926
2,0.33,1766756202084
2,0.33,1766756202243
2,0.25,1766756202401
2,0.19,1766756202561
2,0.19,1766756202717
2,0.39,1766756202871
2,0.39,1766756203025
2,0.19,1766756203174
2,0.19,1766756203327
2,0.38,1766756203477
2,0.38,1766756203631
2,0.2,1766756203778
2,0.19,1766756203921
2,0.39,1766756204062
2,0.39,1766756204210
2,0.19,1766756204354
2,0.27,1766756204501
2,0.27,1766756204648
2,0.31,1766756204795
2,0.19,1766756204944
2,0.34,1766756205090
2,0.34,1766756205238
2,0.25,1766756205394
2,0.19,1766756205554
2,0.22,1766756205724
2,0.37,1766756205880
2,0.37,1766756206029
2,0.19,1766756206176
2,0.21,1766756206332
2,0.33,1766756206497
2,0.33,1766756206661
2,0.24,1766756206830
2,0.19,1766756206983
2,0.19,1766756207147
2,0.34,1766756207303
2,0.34,1766756207461
2,0.24,1766756207622
2,0.19,1766756207780
2,0.19,1766756207941
2,0.35,1766756208104
2,0.35,1766756208265
2,0.23,1766756208429
2,0.19,1766756208587
2,0.19,1766756208738
2,0.39,1766756208889
2,0.39,1766756209040
2,0.19,1766756209195
2,0.19,1766756209350
2,0.36,1766756209505
2,0.36,1766756209646
2,0.23,1766756209791
2,0.21,1766756209932
2,0.21,1766756210075
2,0.37,1766756210223
2,0.19,1766756210367
2,0.32,1766756210516
2,0.32,1766756210659
2,0.26,1766756210804
2,0.19,1766756210955
2,0.38,1766756211104
2,0.38,1766756211259
2,0.2,1766756211423
2,0.19,1766756211600
2,0.19,1766756211763
2,0.38,1766756211910
2,0.38,1766756212058
2,0.21,1766756212227
2,0.19,1766756212395
2,0.19,1766756212571
2,0.32,1766756212724
2,0.32,1766756212882
2,0.27,1766756213035
2,0.19,1766756213196
2,0.19,1766756213354
2,0.39,1766756213513
2,0.39,1766756213677
2,0.19,1766756213840
2,0.19,1766756214002
2,0.19,1766756214168
2,0.33,1766756214330
2,0.33,1766756214489
2,0.25,1766756214642
2,0.19,1766756214796
2,0.23,1766756214950
2,0.35,1766756215103
2,0.35,1766756215257
2,0.19,1766756215400
2,0.26,1766756215542
2,0.26,1766756215691
2,0.32,1766756215839
2,0.19,1766756215983
2,0.34,1766756216131
2,0.34,1766756216278
2,0.24,1766756216427
2,0.19,1766756216571
2,0.39,1766756216722
2,0.39,1766756216872
2,0.19,1766756217023
2,0.19,1766756217198
2,0.24,1766756217364
2,0.34,1766756217525
2,0.34,1766756217669
2,0.19,1766756217821
2,0.19,1766756217979
2,0.33,1766756218153
2,0.25,1766756218323
2,0.25,1766756218476
2,0.19,1766756218627
2,0.19,1766756218780
2,0.39,1766756218937
2,0.39,1766756219094
2,0.19,1766756219252
2,0.19,1766756219412
2,0.23,1766756219573
2,0.35,1766756219733
2,0.35,1766756219894
2,0.19,1766756220053
2,0.19,1766756220212
2,0.27,1766756220367
2,0.27,1766756220520
2,0.31,1766756220673
2,0.19,1766756220827
2,0.21,1766756220984
2,0.38,1766756221134
2,0.38,1766756221279
2,0.19,1766756221422
2,0.29,1766756221566
2,0.29,1766756221713
2,0.29,1766756221862
2,0.19,1766756222009
2,0.36,1766756222154
2,0.36,1766756222304
2,0.22,1766756222451
2,0.19,1766756222602
2,0.39,1766756222750
2,0.39,1766756222904
2,0.19,1766756223073
2,0.19,1766756223234
2,0.19,1766756223399
2,0.39,1766756223546
2,0.39,1766756223707
2,0.19,1766756223875
2,0.19,1766756224053
2,0.19,1766756224218
2,0.35,1766756224372
2,0.35,1766756224525
2,0.23,1766756224680
2,0.19,1766756224841
2,0.21,1766756225006
2,0.37,1766756225168
2,0.37,1766756225329
2,0.2,1766756225491
2,0.19,1766756225655
2,0.19,1766756225815
2,0.36,1766756225977
2,0.36,1766756226132
2,0.23,1766756226283
2,0.19,1766756226433
2,0.32,1766756226584
2,0.32,1766756226738
2,0.26,1766756226888
2,0.19,1766756227030
2,0.38,1766756227171
2,0.38,1766756227315
2,0.21,1766756227460
2,0.23,1766756227602
2,0.23,1766756227745
2,0.35,1766756227892
2,0.19,1766756228038
2,0.34,1766756228183
2,0.34,1766756228327
2,0.24,1766756228476
2,0.19,1766756228621
2,0.39,1766756228780
2,0.39,1766756228940
2,0.19,1766756229118
2,0.19,1766756229274
2,0.19,1766756229419
2,0.38,1766756229588
2,0.38,1766756229752
2,0.21,1766756229923
2,0.19,1766756230075
2,0.19,1766756230229
2,0.39,1766756230382
2,0.39,1766756230543
2,0.19,1766756230706
2,0.19,1766756230865
2,0.2,1766756231027
2,0.38,1766756231188
2,0.38,1766756231348
2,0.19,1766756231506
2,0.19,1766756231668
2,0.2,1766756231830
2,0.38,1766756231985
2,0.38,1766756232136
2,0.19,1766756232287
2,0.19,1766756232440
2,0.37,1766756232595
2,0.37,1766756232741
2,0.21,1766756232885
2,0.2,1766756233030
2,0.39,1766756233173
2,0.39,1766756233318
2,0.19,1766756233461
2,0.32,1766756233608
2,0.32,1766756233756
2,0.27,1766756233906
2,0.19,1766756234052
2,0.37,1766756234199
2,0.37,1766756234347
2,0.21,1766756234491
2,0.19,1766756234643
2,0.38,1766756234802
2,0.38,1766756234970
2,0.2,1766756235126
2,0.19,1766756235278
2,0.19,1766756235442
2,0.37,1766756235613
2,0.37,1766756235777
2,0.21,1766756235933
2,0.19,1766756236087
2,0.23,1766756236240
2,0.35,1766756236400
2,0.35,1766756236560
2,0.19,1766756236719
2,0.19,1766756236879
2,0.24,1766756237040
2,0.34,1766756237201
2,0.34,1766756237361
2,0.19,1766756237522
2,0.19,1766756237681
2,0.25,1766756237839
2,0.25,1766756237990
2,0.33,1766756238142
2,0.19,1766756238295
2,0.21,1766756238446
2,0.21,1766756238588
2,0.37,1766756238733
2,0.19,1766756238876
2,0.35,1766756239023
2,0.35,1766756239166
2,0.24,1766756239313
2,0.19,1766756239457
2,0.39,1766756239606
2,0.39,1766756239756
2,0.19,1766756239908
2,0.21,1766756240057
2,0.38,1766756240212
2,0.38,1766756240359
2,0.19,1766756240513
2,0.19,1766756240673
2,0.31,1766756240843
2,0.31,1766756240999
2,0.28,1766756241166
2,0.19,1766756241327
2,0.19,1766756241499
2,0.28,1766756241647
2,0.28,1766756241804
2,0.3,1766756241959
2,0.19,1766756242121
2,0.19,1766756242279
2,0.36,1766756242435
2,0.36,1766756242594
2,0.22,1766756242755
2,0.19,1766756242915
2,0.19,1766756243072
2,0.39,1766756243234
2,0.39,1766756243392
2,0.2,1766756243554
2,0.19,1766756243710
2,0.24,1766756243863
2,0.34,1766756244015
2,0.34,1766756244166
2,0.19,1766756244308
2,0.3,1766756244449
2,0.3,1766756244591
2,0.28,1766756244733
2,0.19,1766756244875
2,0.39,1766756245017
2,0.39,1766756245159
2,0.19,1766756245303
2,0.33,1766756245447
2,0.33,1766756245596
2,0.25,1766756245742
2,0.19,1766756245887
2,0.39,1766756246037
2,0.39,1766756246183
2,0.19,1766756246336
2,0.19,1766756246499
2,0.3,1766756246666
2,0.29,1766756246829
2,0.29,1766756246992
2,0.19,1766756247167
2,0.19,1766756247336
2,0.19,1766756247492
2,0.39,1766756247642
2,0.39,1766756247797
2,0.19,1766756247952
2,0.19,1766756248109
2,0.32,1766756248266
2,0.32,1766756248431
2,0.27,1766756248592
2,0.19,1766756248751
2,0.19,1766756248909
2,0.31,1766756249070
2,0.31,1766756249231
2,0.27,1766756249395
2,0.19,1766756249553
2,0.19,1766756249707
2,0.37,1766756249857
2,0.37,1766756250008
2,0.21,1766756250150
2,0.19,1766756250296
2,0.39,1766756250437
2,0.39,1766756250583
2,0.19,1766756250726
2,0.31,1766756250871
2,0.31,1766756251014
2,0.28,1766756251160
2,0.19,1766756251306
2,0.39,1766756251459
2,0.39,1766756251608
2,0.19,1766756251757
2,0.19,1766756251907
2,0.39,1766756252055
2,0.39,1766756252212
2,0.19,1766756252372
2,0.19,1766756252550
2,0.19,1766756252726
2,0.28,1766756252889
2,0.3,1766756253053
2,0.3,1766756253207
2,0.19,1766756253363
2,0.19,1766756253517
2,0.36,1766756253675
2,0.36,1766756253834
2,0.22,1766756253993
2,0.19,1766756254155
2,0.19,1766756254318
2,0.36,1766756254478
2,0.36,1766756254639
2,0.22,1766756254798
2,0.19,1766756254956
2,0.19,1766756255118
2,0.39,1766756255275
2,0.39,1766756255433
2,0.19,1766756255587
2,0.19,1766756255744
2,0.33,1766756255885
2,0.33,1766756256028
2,0.26,1766756256171
2,0.19,1766756256318
2,0.39,1766756256460
2,0.39,1766756256602
2,0.19,1766756256744
2,0.33,1766756256889
2,0.33,1766756257034
2,0.25,1766756257180
2,0.19,1766756257327
2,0.39,1766756257473
2,0.39,1766756257618
2,0.19,1766756257770
2,0.22,1766756257915
2,0.37,1766756258070
2,0.37,1766756258232
2,0.19,1766756258414
2,0.19,1766756258595
2,0.19,1766756258763
2,0.26,1766756258912
2,0.26,1766756259063
2,0.33,1766756259212
2,0.19,1766756259369
2,0.21,1766756259529
2,0.37,1766756259690
2,0.37,1766756259853
2,0.19,1766756260017
2,0.19,1766756260176
2,0.19,1766756260336
2,0.39,1766756260494
2,0.39,1766756260651
2,0.19,1766756260812
2,0.19,1766756260970
2,0.24,1766756261129
2,0.35,1766756261286
2,0.35,1766756261441
2,0.19,1766756261587
2,0.21,1766756261729
2,0.21,1766756261874
2,0.37,1766756262015
2,0.19,1766756262160
2,0.36,1766756262303
2,0.36,1766756262447
2,0.23,1766756262588
2,0.21,1766756262734
2,0.21,1766756262878
2,0.37,1766756263028
2,0.19,1766756263178
2,0.26,1766756263327
2,0.26,1766756263474
2,0.32,1766756263627
2,0.19,1766756263776
2,0.3,1766756263927
2,0.3,1766756264086
2,0.28,1766756264270
2,0.19,1766756264448
2,0.19,1766756264609
2,0.19,1766756264758
2,0.35,1766756264917
2,0.35,1766756265073
2,0.24,1766756265233
2,0.19,1766756265392
2,0.19,1766756265554
2,0.39,1766756265715
2,0.39,1766756265881
2,0.2,1766756266046
2,0.19,1766756266208
2,0.19,1766756266369
2,0.33,1766756266529
2,0.33,1766756266690
2,0.25,1766756266851
2,0.19,1766756267014
2,0.19,1766756267171
2,0.34,1766756267323
2,0.34,1766756267464
2,0.24,1766756267609
2,0.2,1766756267753
2,0.38,1766756267899
2,0.38,1766756268041
2,0.19,1766756268183
2,0.33,1766756268328
2,0.33,1766756268471
2,0.25,1766756268618
2,0.19,1766756268765
2,0.39,1766756268910
2,0.39,1766756269058
2,0.19,1766756269208
2,0.21,1766756269357
2,0.37,1766756269505
2,0.37,1766756269652
2,0.19,1766756269808
2,0.19,1766756269981
2,0.26,1766756270174
2,0.21,1766756270354
2,0.21,1766756270505
2,0.31,1766756270656
2,0.19,1766756270808
2,0.21,1766756270969
2,0.37,1766756271129
2,0.37,1766756271286
2,0.19,1766756271447
2,0.19,1766756271608
2,0.21,1766756271769
2,0.37,1766756271930
2,0.37,1766756272091
2,0.19,1766756272249
2,0.19,1766756272406
2,0.25,1766756272565
2,0.33,1766756272725
2,0.33,1766756272885
2,0.19,1766756273042
2,0.19,1766756273185
2,0.39,1766756273333
2,0.39,1766756273475
2,0.19,1766756273616
2,0.28,1766756273757
2,0.28,1766756273902
2,0.31,1766756274043
2,0.19,1766756274188
2,0.39,1766756274330
2,0.39,1766756274474
2,0.19,1766756274626
2,0.21,1766756274776
2,0.37,1766756274921
2,0.37,1766756275070
2,0.19,1766756275221
2,0.27,1766756275366
2,0.27,1766756275511
2,0.32,1766756275671
2,0.19,1766756275855
2,0.19,1766756276047
2,0.19,1766756276205
2,0.33,1766756276365
2,0.33,1766756276510
2,0.25,1766756276672
2,0.19,1766756276833
2,0.19,1766756276995
2,0.37,1766756277162
2,0.37,1766756277331
2,0.21,1766756277495
2,0.19,1766756277656
2,0.19,1766756277819
2,0.28,1766756277978
2,0.31,1766756278137
2,0.31,1766756278296
2,0.19,1766756278454
2,0.19,1766756278613
2,0.31,1766756278774
2,0.31,1766756278922
2,0.27,1766756279067
2,0.19,1766756279210
2,0.39,1766756279352
2,0.39,1766756279497
2,0.19,1766756279640
2,0.26,1766756279782
2,0.26,1766756279924
2,0.32,1766756280071
2,0.19,1766756280212
2,0.37,1766756280362
2,0.37,1766756280509
2,0.21,1766756280658
2,0.19,1766756280810
2,0.39,1766756280958
2,0.39,1766756281108
2,0.19,1766756281258
2,0.19,1766756281404
2,0.33,1766756281587
2,0.25,1766756281761
2,0.25,1766756281939
2,0.19,1766756282086
2,0.19,1766756282243
2,0.27,1766756282398
2,0.31,1766756282557
2,0.31,1766756282712
2,0.19,1766756282868
2,0.19,1766756283031
2,0.29,1766756283193
2,0.29,1766756283355
2,0.29,1766756283512
2,0.19,1766756283670
2,0.19,1766756283831
2,0.33,1766756283990
2,0.33,1766756284151
2,0.26,1766756284311
2,0.19,1766756284472
2,0.19,1766756284634
2,0.39,1766756284777
2,0.39,1766756284921
2,0.2,1766756285063
2,0.25,1766756285206
2,0.25,1766756285349
2,0.33,1766756285491
2,0.19,1766756285638
2,0.38,1766756285781
2,0.38,1766756285924
2,0.2,1766756286069
2,0.23,1766756286217
2,0.36,1766756286366
2,0.36,1766756286523
2,0.19,1766756286675
2,0.22,1766756286821
2,0.36,1766756286969
2,0.36,1766756287114
2,0.19,1766756287267
2,0.19,1766756287441
2,0.28,1766756287623
2,0.3,1766756287790
2,0.3,1766756287938
2,0.19,1766756288091
2,0.19,1766756288251
2,0.34,1766756288407
2,0.34,1766756288567
2,0.25,1766756288723
2,0.19,1766756288884
2,0.19,1766756289046
2,0.35,1766756289210
2,0.35,1766756289375
2,0.23,1766756289540
2,0.19,1766756289701
2,0.19,1766756289861
2,0.3,1766756290023
2,0.3,1766756290185
2,0.28,1766756290345
2,0.19,1766756290499
2,0.19,1766756290643
2,0.39,1766756290786
2,0.39,1766756290930
2,0.19,1766756291074
2,0.33,1766756291216
2,0.33,1766756291360
2,0.25,1766756291502
2,0.21,1766756291644
2,0.21,1766756291786
2,0.38,1766756291937
2,0.19,1766756292086
2,0.27,1766756292234
2,0.27,1766756292383
2,0.31,1766756292537
2,0.19,1766756292682
2,0.3,1766756292830
2,0.3,1766756292974
2,0.28,1766756293143
2,0.19,1766756293318
2,0.2,1766756293507
2,0.19,1766756293669
2,0.39,1766756293820
2,0.39,1766756293968
2,0.19,1766756294124
2,0.19,1766756294280
2,0.32,1766756294438
2,0.32,1766756294594
2,0.26,1766756294755
2,0.19,1766756294915
2,0.19,1766756295076
2,0.32,1766756295240
2,0.32,1766756295400
2,0.26,1766756295559
2,0.19,1766756295717
2,0.19,1766756295879
2,0.34,1766756296040
2,0.34,1766756296196
2,0.25,1766756296344
2,0.19,1766756296485
2,0.39,1766756296625
2,0.39,1766756296767
2,0.19,1766756296910
2,0.28,1766756297051
2,0.28,1766756297195
2,0.3,1766756297339
2,0.19,1766756297485
2,0.39,1766756297629
2,0.39,1766756297775
2,0.19,1766756297926
2,0.21,1766756298075
2,0.38,1766756298223
2,0.38,1766756298369
2,0.19,1766756298517
2,0.27,1766756298660
2,0.27,1766756298815
2,0.31,1766756298981
2,0.19,1766756299170
2,0.19,1766756299346
2,0.19,1766756299503
2,0.33,1766756299652
2,0.33,1766756299807
2,0.25,1766756299962
2,0.19,1766756300118
2,0.26,1766756300273
2,0.33,1766756300429
2,0.33,1766756300593
2,0.19,1766756300755
2,0.19,1766756300916
2,0.26,1766756301080
2,0.32,1766756301240
2,0.32,1766756301400
2,0.19,1766756301559
2,0.19,1766756301720
2,0.25,1766756301886
2,0.33,1766756302044
2,0.33,1766756302195
2,0.19,1766756302338
2,0.24,1766756302480
2,0.24,1766756302624
2,0.34,1766756302766
2,0.19,1766756302910
2,0.39,1766756303052
2,0.39,1766756303197
2,0.19,1766756303341
2,0.23,1766756303489
2,0.23,1766756303637
2,0.36,1766756303787
2,0.19,1766756303940
2,0.23,1766756304090
2,0.35,1766756304241
2,0.35,1766756304389
2,0.19,1766756304543
2,0.19,1766756304706
2,0.39,1766756304872
2,0.19,1766756305049
2,0.19,1766756305215
2,0.19,1766756305374
2,0.19,1766756305530
2,0.31,1766756305684
2,0.31,1766756305837
2,0.28,1766756305994
2,0.19,1766756306152
2,0.2,1766756306312
2,0.37,1766756306478
2,0.37,1766756306639
2,0.21,1766756306800
2,0.19,1766756306964
2,0.19,1766756307124
2,0.35,1766756307285
2,0.35,1766756307446
2,0.24,1766756307608
2,0.19,1766756307769
2,0.19,1766756307925
2,0.38,1766756308076
2,0.38,1766756308221
2,0.21,1766756308366
2,0.22,1766756308509
2,0.22,1766756308655
2,0.36,1766756308799
2,0.19,1766756308943
2,0.32,1766756309092
2,0.32,1766756309236
2,0.27,1766756309385
2,0.19,1766756309533
2,0.37,1766756309685
2,0.37,1766756309832
2,0.21,1766756309989
2,0.19,1766756310136
2,0.38,1766756310284
2,0.38,1766756310452
2,0.21,1766756310618
2,0.19,1766756310811
2,0.19,1766756310972
2,0.19,1766756311145
2,0.36,1766756311293
2,0.36,1766756311454
2,0.22,1766756311608
2,0.19,1766756311771
2,0.19,1766756311932
2,0.39,1766756312091
2,0.39,1766756312252
2,0.19,1766756312415
2,0.19,1766756312575
2,0.19,1766756312736
2,0.37,1766756312898
2,0.37,1766756313059
2,0.21,1766756313224
2,0.19,1766756313386
2,0.19,1766756313542
2,0.39,1766756313696
2,0.39,1766756313847
2,0.2,1766756313992
2,0.19,1766756314134
2,0.39,1766756314277
2,0.39,1766756314418
2,0.19,1766756314562
2,0.34,1766756314706
2,0.34,1766756314851
2,0.24,1766756314997
2,0.19,1766756315146
2,0.39,1766756315290
2,0.39,1766756315443
2,0.19,1766756315593
2,0.2,1766756315739
2,0.38,1766756315891
2,0.38,1766756316037
2,0.19,1766756316194
2,0.19,1766756316364
2,0.24,1766756316546
2,0.32,1766756316711
2,0.32,1766756316884
2,0.21,1766756317050
2,0.19,1766756317208
2,0.19,1766756317367
2,0.33,1766756317525
2,0.33,1766756317685
2,0.26,1766756317844
2,0.19,1766756318005
2,0.19,1766756318161
2,0.33,1766756318326
2,0.33,1766756318484
2,0.25,1766756318647
2,0.19,1766756318808
2,0.19,1766756318966
2,0.34,1766756319128
2,0.34,1766756319287
2,0.25,1766756319441
2,0.19,1766756319592
3,0.23,1766756319735
3,0.23,1766756319876
3,0.29,1766756320018
3,0.19,1766756320160
3,0.39,1766756320302
3,0.39,1766756320445
3,0.19,1766756320586
3,0.33,1766756320729
3,0.33,1766756320875
3,0.26,1766756321021
3,0.19,1766756321165
3,0.39,1766756321317
3,0.39,1766756321462
3,0.19,1766756321611
3,0.2,1766756321759
3,0.39,1766756321911
3,0.39,1766756322073
3,0.19,1766756322241
3,0.19,1766756322409
3,0.19,1766756322575
3,0.34,1766756322741
3,0.34,1766756322907
3,0.25,1766756323068
3,0.19,1766756323223
3,0.19,1766756323376
3,0.37,1766756323535
3,0.37,1766756323692
3,0.22,1766756323851
3,0.19,1766756324012
3,0.2,1766756324170
3,0.38,1766756324330
3,0.38,1766756324488
3,0.19,1766756324648
3,0.19,1766756324807
3,0.24,1766756324965
3,0.34,1766756325122
3,0.34,1766756325274
3,0.19,1766756325423
3,0.19,1766756325573
3,0.39,1766756325717
3,0.39,1766756325861
3,0.19,1766756326009
3,0.3,1766756326152
3,0.3,1766756326294
3,0.29,1766756326435
3,0.19,1766756326579
3,0.39,1766756326725
3,0.39,1766756326868
3,0.19,1766756327014
3,0.27,1766756327161
3,0.27,1766756327313
3,0.31,1766756327462
3,0.19,1766756327610
3,0.26,1766756327771
3,0.32,1766756327936
3,0.32,1766756328100
3,0.19,1766756328254
3,0.19,1766756328422
3,0.2,1766756328587
3,0.33,1766756328758
3,0.33,1766756328917
3,0.26,1766756329073
3,0.19,1766756329229
3,0.19,1766756329390
3,0.39,1766756329548
3,0.39,1766756329707
3,0.19,1766756329865
3,0.19,1766756330026
3,0.23,1766756330185
3,0.35,1766756330346
3,0.35,1766756330505
3,0.19,1766756330665
3,0.19,1766756330826
3,0.27,1766756330977
3,0.27,1766756331127
3,0.31,1766756331278
3,0.19,1766756331430
3,0.29,1766756331573
3,0.29,1766756331717
3,0.3,1766756331858
3,0.19,1766756332001
3,0.39,1766756332143
3,0.39,1766756332286
3,0.19,1766756332429
3,0.29,1766756332576
3,0.29,1766756332724
3,0.29,1766756332874
3,0.19,1766756333021
3,0.33,1766756333171
3,0.33,1766756333317
3,0.26,1766756333474
3,0.19,1766756333634
3,0.21,1766756333801
3,0.37,1766756333956
3,0.37,1766756334111
3,0.19,1766756334272
3,0.19,1766756334443
3,0.19,1766756334608
3,0.39,1766756334763
3,0.39,1766756334917
3,0.19,1766756335072
3,0.19,1766756335234
3,0.28,1766756335391
3,0.3,1766756335552
3,0.3,1766756335710
3,0.19,1766756335868
3,0.19,1766756336028
3,0.32,1766756336187
3,0.32,1766756336351
3,0.26,1766756336509
3,0.2,1766756336666
3,0.19,1766756336816
3,0.39,1766756336969
3,0.39,1766756337119
3,0.19,1766756337281
3,0.19,1766756337426
3,0.39,1766756337569
3,0.39,1766756337715
3,0.19,1766756337858
3,0.24,1766756338005
3,0.35,1766756338157
3,0.35,1766756338308
3,0.19,1766756338452
3,0.27,1766756338601
3,0.27,1766756338748
3,0.32,1766756338895
3,0.19,1766756339042
3,0.33,1766756339190
3,0.33,1766756339357
3,0.25,1766756339520
3,0.19,1766756339683
3,0.19,1766756339829
3,0.39,1766756339986
3,0.39,1766756340145
3,0.19,1766756340324
3,0.19,1766756340490
3,0.19,1766756340647
3,0.31,1766756340804
3,0.31,1766756340966
3,0.27,1766756341129
3,0.19,1766756341287
3,0.19,1766756341451
3,0.29,1766756341611
3,0.29,1766756341772
3,0.29,1766756341935
3,0.19,1766756342093
3,0.19,1766756342254
3,0.3,1766756342409
3,0.3,1766756342559
3,0.28,1766756342708
3,0.19,1766756342860
3,0.31,1766756343009
3,0.31,1766756343159
3,0.27,1766756343301
3,0.19,1766756343445
3,0.39,1766756343587
3,0.39,1766756343731
3,0.19,1766756343876
3,0.26,1766756344023
3,0.26,1766756344167
3,0.33,1766756344317
3,0.19,1766756344464
3,0.33,1766756344611
3,0.33,1766756344761
3,0.25,1766756344909
3,0.19,1766756345069
3,0.26,1766756345229
3,0.32,1766756345407
3,0.32,1766756345565
3,0.19,1766756345712
3,0.19,1766756345873
3,0.26,1766756346043
3,0.31,1766756346217
3,0.31,1766756346371
3,0.21,1766756346526
3,0.19,1766756346680
3,0.25,1766756346838
3,0.33,1766756346996
3,0.33,1766756347153
3,0.19,1766756347311
3,0.19,1766756347471
3,0.3,1766756347630
3,0.3,1766756347788
3,0.28,1766756347946
3,0.19,1766756348105
3,0.19,1766756348263
3,0.37,1766756348417
3,0.37,1766756348567
3,0.21,1766756348721
3,0.19,1766756348870
3,0.36,1766756349019
3,0.36,1766756349161
3,0.22,1766756349304
3,0.24,1766756349446
3,0.24,1766756349593
3,0.34,1766756349737
3,0.19,1766756349882
3,0.35,1766756350027
3,0.35,1766756350173
3,0.23,1766756350317
3,0.19,1766756350462
3,0.39,1766756350609
3,0.39,1766756350758
3,0.19,1766756350927
3,0.19,1766756351086
3,0.28,1766756351248
3,0.28,1766756351395
3,0.3,1766756351542
3,0.19,1766756351698
3,0.24,1766756351867
3,0.34,1766756352035
3,0.34,1766756352194
3,0.19,1766756352347
3,0.19,1766756352500
3,0.27,1766756352664
3,0.32,1766756352821
3,0.32,1766756352980
3,0.19,1766756353141
3,0.19,1766756353300
3,0.29,1766756353461
3,0.29,1766756353620
3,0.3,1766756353780
3,0.19,1766756353940
3,0.19,1766756354090
3,0.39,1766756354241
3,0.39,1766756354391
3,0.2,1766756354543
3,0.19,1766756354696
3,0.36,1766756354846
3,0.36,1766756354990
3,0.22,1766756355133
3,0.22,1766756355276
3,0.22,1766756355421
3,0.36,1766756355570
3,0.19,1766756355715
3,0.31,1766756355865
3,0.31,1766756356009
3,0.27,1766756356155
3,0.19,1766756356305
3,0.38,1766756356451
3,0.38,1766756356605
3,0.2,1766756356769
3,0.19,1766756356936
3,0.19,1766756357091
3,0.39,1766756357246
3,0.39,1766756357395
3,0.19,1766756357555
3,0.19,1766756357719
3,0.25,1766756357894
3,0.33,1766756358057
3,0.33,1766756358211
3,0.19,1766756358363
3,0.19,1766756358524
3,0.31,1766756358681
3,0.31,1766756358841
3,0.27,1766756359000
3,0.19,1766756359161
3,0.19,1766756359323
3,0.31,1766756359486
3,0.31,1766756359646
3,0.28,1766756359800
3,0.19,1766756359950
3,0.22,1766756360100
3,0.36,1766756360251
3,0.36,1766756360403
3,0.19,1766756360557
3,0.19,1766756360707
3,0.39,1766756360850
3,0.39,1766756360992
3,0.19,1766756361134
3,0.33,1766756361280
3,0.33,1766756361425
3,0.25,1766756361571
3,0.19,1766756361719
3,0.39,1766756361866
3,0.39,1766756362011
3,0.19,1766756362156
3,0.23,1766756362308
3,0.36,1766756362471
3,0.36,1766756362640
3,0.19,1766756362807
3,0.19,1766756362952
3,0.25,1766756363104
3,0.25,1766756363250
3,0.33,1766756363415
3,0.19,1766756363583
3,0.19,1766756363762
3,0.19,1766756363922
3,0.39,1766756364076
3,0.39,1766756364234
3,0.19,1766756364391
3,0.19,1766756364550
3,0.29,1766756364706
3,0.29,1766756364864
3,0.29,1766756365021
3,0.19,1766756365184
3,0.19,1766756365345
3,0.32,1766756365505
3,0.32,1766756365654
3,0.27,1766756365803
3,0.19,1766756365954
3,0.31,1766756366105
3,0.31,1766756366257
3,0.28,1766756366409
3,0.19,1766756366558
3,0.33,1766756366701
3,0.33,1766756366844
3,0.26,1766756366994
3,0.19,1766756367145
3,0.39,1766756367288
3,0.39,1766756367433
3,0.19,1766756367578
3,0.24,1766756367722
3,0.24,1766756367871
3,0.34,1766756368015
3,0.19,1766756368171
3,0.22,1766756368332
3,0.35,1766756368506
3,0.35,1766756368661
3,0.21,1766756368809
3,0.19,1766756368958
3,0.36,1766756369106
3,0.36,1766756369269
3,0.22,1766756369434
3,0.19,1766756369604
3,0.19,1766756369765
3,0.3,1766756369922
3,0.3,1766756370075
3,0.29,1766756370236
3,0.19,1766756370394
3,0.19,1766756370551
3,0.39,1766756370707
3,0.39,1766756370869
3,0.19,1766756371028
3,0.19,1766756371187
3,0.22,1766756371341
3,0.36,1766756371492
3,0.36,1766756371644
3,0.19,1766756371792
3,0.22,1766756371943
3,0.36,1766756372094
3,0.36,1766756372246
3,0.19,1766756372400
3,0.23,1766756372541
3,0.23,1766756372684
3,0.36,1766756372828
3,0.19,1766756372975
3,0.35,1766756373119
3,0.35,1766756373270
3,0.24,1766756373414
3,0.19,1766756373560
3,0.39,1766756373707
3,0.39,1766756373852
3,0.19,1766756374019
3,0.19,1766756374183
3,0.26,1766756374352
3,0.32,1766756374501
3,0.32,1766756374649
3,0.19,1766756374800
3,0.22,1766756374955
3,0.36,1766756375119
3,0.36,1766756375284
3,0.19,1766756375461
3,0.19,1766756375622
3,0.19,1766756375778
3,0.34,1766756375933
3,0.34,1766756376093
3,0.24,1766756376250
3,0.19,1766756376408
3,0.2,1766756376566
3,0.38,1766756376726
3,0.38,1766756376887
3,0.19,1766756377048
3,0.19,1766756377198
3,0.29,1766756377348
3,0.29,1766756377498
3,0.3,1766756377648
3,0.19,1766756377799
3,0.28,1766756377953
3,0.28,1766756378104
3,0.31,1766756378256
3,0.19,1766756378401
3,0.31,1766756378548
3,0.31,1766756378690
3,0.27,1766756378838
3,0.19,1766756378988
3,0.37,1766756379135
3,0.37,1766756379278
3,0.21,1766756379424
3,0.22,1766756379566
3,0.36,1766756379721
3,0.36,1766756379880
3,0.19,1766756380050
3,0.19,1766756380208
3,0.29,1766756380360
3,0.29,1766756380504
3,0.29,1766756380659
3,0.19,1766756380808
3,0.26,1766756380970
3,0.32,1766756381132
3,0.32,1766756381315
3,0.19,1766756381480
3,0.19,1766756381636
3,0.2,1766756381790
3,0.36,1766756381951
3,0.36,1766756382110
3,0.23,1766756382270
3,0.19,1766756382429
3,0.19,1766756382589
3,0.38,1766756382751
3,0.38,1766756382911
3,0.21,1766756383063
3,0.19,1766756383212
3,0.31,1766756383363
3,0.31,1766756383510
3,0.27,1766756383661
3,0.19,1766756383810
3,0.33,1766756383962
3,0.33,1766756384112
3,0.26,1766756384261
3,0.19,1766756384409
3,0.36,1766756384555
3,0.36,1766756384700
3,0.22,1766756384852
3,0.19,1766756384995
3,0.39,1766756385141
3,0.39,1766756385286
3,0.19,1766756385438
3,0.2,1766756385596
3,0.39,1766756385755
3,0.39,1766756385920
3,0.19,1766756386067
3,0.19,1766756386218
3,0.36,1766756386362
3,0.36,1766756386522
3,0.23,1766756386671
3,0.19,1766756386833
3,0.23,1766756386996
3,0.33,1766756387175
3,0.33,1766756387339
3,0.21,1766756387490
3,0.19,1766756387646
3,0.21,1766756387801
3,0.37,1766756387957
3,0.37,1766756388114
3,0.19,1766756388271
3,0.19,1766756388432
3,0.28,1766756388592
3,0.28,1766756388743
3,0.31,1766756388894
3,0.19,1766756389045
3,0.25,1766756389195
3,0.25,1766756389344
3,0.33,1766756389494
3,0.19,1766756389643
3,0.27,1766756389794
3,0.27,1766756389944
3,0.31,1766756390087
3,0.19,1766756390234
3,0.34,1766756390380
3,0.34,1766756390527
3,0.24,1766756390674
3,0.19,1766756390816
3,0.39,1766756390964
3,0.39,1766756391107
3,0.19,1766756391260
3,0.19,1766756391422
3,0.32,1766756391596
3,0.32,1766756391755
3,0.27,1766756391911
3,0.19,1766756392063
3,0.23,1766756392210
3,0.35,1766756392368
3,0.35,1766756392519
3,0.19,1766756392684
3,0.19,1766756392852
3,0.19,1766756393037
3,0.3,1766756393201
3,0.3,1766756393353
3,0.28,1766756393509
3,0.19,1766756393668
3,0.19,1766756393827
3,0.39,1766756393986
3,0.39,1766756394144
3,0.19,1766756394307
3,0.19,1766756394468
3,0.22,1766756394621
3,0.36,1766756394776
3,0.36,1766756394925
3,0.19,1766756395075
3,0.22,1766756395223
3,0.37,1766756395377
3,0.37,1766756395527
3,0.19,1766756395678
3,0.19,1766756395833
3,0.39,1766756395979
3,0.39,1766756396124
3,0.19,1766756396272
3,0.24,1766756396421
3,0.24,1766756396568
3,0.35,1766756396717
3,0.19,1766756396863
3,0.32,1766756397014
3,0.32,1766756397176
3,0.27,1766756397357
3,0.19,1766756397515
3,0.19,1766756397661
3,0.32,1766756397811
3,0.32,1766756397961
3,0.27,1766756398117
3,0.19,1766756398272
3,0.28,1766756398422
3,0.31,1766756398598
3,0.31,1766756398766
3,0.19,1766756398946
3,0.19,1766756399103
3,0.19,1766756399260
3,0.34,1766756399414
3,0.34,1766756399570
3,0.25,1766756399729
3,0.19,1766756399888
3,0.19,1766756400048
3,0.39,1766756400204
3,0.39,1766756400353
3,0.19,1766756400503
3,0.19,1766756400653
3,0.39,1766756400801
3,0.39,1766756400952
3,0.19,1766756401102
3,0.19,1766756401251
3,0.39,1766756401404
3,0.39,1766756401554
3,0.19,1766756401708
3,0.19,1766756401856
3,0.39,1766756401999
3,0.39,1766756402150
3,0.19,1766756402296
3,0.23,1766756402442
3,0.23,1766756402586
3,0.35,1766756402731
3,0.19,1766756402894
3,0.23,1766756403055
3,0.32,1766756403226
3,0.32,1766756403374
3,0.23,1766756403527
3,0.19,1766756403674
3,0.32,1766756403831
3,0.32,1766756403985
3,0.26,1766756404139
3,0.19,1766756404291
3,0.2,1766756404464
3,0.37,1766756404630
3,0.21,1766756404807
3,0.21,1766756404960
3,0.19,1766756405116
3,0.19,1766756405273
3,0.34,1766756405432
3,0.34,1766756405592
3,0.24,1766756405750
3,0.19,1766756405911
3,0.19,1766756406063
3,0.39,1766756406217
3,0.39,1766756406366
3,0.19,1766756406518
3,0.19,1766756406667
3,0.39,1766756406819
3,0.39,1766756406968
3,0.19,1766756407122
3,0.19,1766756407271
3,0.39,1766756407424
3,0.39,1766756407573
3,0.19,1766756407720
3,0.21,1766756407868
3,0.38,1766756408017
3,0.38,1766756408159
3,0.19,1766756408306
3,0.28,1766756408450
3,0.28,1766756408603
3,0.3,1766756408760
3,0.19,1766756408925
3,0.19,1766756409085
3,0.39,1766756409240
3,0.39,1766756409387
3,0.2,1766756409542
3,0.19,1766756409694
3,0.34,1766756409852
3,0.34,1766756410009
3,0.25,1766756410165
3,0.19,1766756410337
3,0.19,1766756410507
3,0.2,1766756410679
3,0.38,1766756410831
3,0.38,1766756410987
3,0.19,1766756411141
3,0.19,1766756411298
3,0.33,1766756411455
3,0.33,1766756411612
3,0.25,1766756411767
3,0.19,1766756411916
3,0.28,1766756412065
3,0.28,1766756412214
3,0.3,1766756412363
3,0.19,1766756412511
3,0.31,1766756412660
3,0.31,1766756412808
3,0.27,1766756412959
3,0.19,1766756413110
3,0.3,1766756413266
3,0.3,1766756413420
3,0.28,1766756413563
3,0.19,1766756413713
3,0.33,1766756413859
3,0.33,1766756414003
3,0.25,1766756414147
3,0.19,1766756414292
3,0.39,1766756414455
3,0.39,1766756414618
3,0.19,1766756414785
3,0.19,1766756414934
3,0.23,1766756415086
3,0.23,1766756415234
3,0.36,1766756415391
3,0.19,1766756415546
3,0.19,1766756415698
3,0.39,1766756415851
3,0.39,1766756416006
3,0.19,1766756416178
3,0.19,1766756416349
3,0.19,1766756416519
3,0.33,1766756416673
3,0.33,1766756416833
3,0.25,1766756416989
3,0.19,1766756417146
3,0.2,1766756417305
3,0.39,1766756417463
3,0.39,1766756417616
3,0.19,1766756417768
3,0.19,1766756417917
3,0.39,1766756418069
3,0.39,1766756418222
3,0.19,1766756418373
3,0.19,1766756418523
3,0.37,1766756418673
3,0.37,1766756418826
3,0.21,1766756418977
3,0.19,1766756419130
3,0.33,1766756419283
3,0.33,1766756419429
3,0.25,1766756419575
3,0.19,1766756419720
3,0.39,1766756419868
3,0.39,1766756420011
3,0.19,1766756420161
3,0.19,1766756420322
3,0.34,1766756420492
3,0.34,1766756420651
3,0.24,1766756420804
3,0.19,1766756420951
3,0.31,1766756421100
3,0.31,1766756421255
3,0.28,1766756421406
3,0.19,1766756421558
3,0.26,1766756421710
3,0.26,1766756421869
3,0.32,1766756422041
3,0.19,1766756422217
3,0.19,1766756422384
3,0.19,1766756422537
3,0.36,1766756422694
3,0.36,1766756422850
3,0.22,1766756423008
3,0.19,1766756423167
3,0.23,1766756423323
3,0.36,1766756423475
3,0.36,1766756423625
3,0.19,1766756423777
3,0.22,1766756423927
3,0.37,1766756424079
3,0.37,1766756424228
3,0.19,1766756424379
3,0.23,1766756424528
3,0.36,1766756424680
3,0.36,1766756424836
3,0.19,1766756424992
3,0.19,1766756425142
3,0.39,1766756425291
3,0.39,1766756425439
3,0.19,1766756425584
3,0.25,1766756425728
3,0.25,1766756425874
3,0.34,1766756426035
3,0.19,1766756426194
3,0.19,1766756426358
3,0.39,1766756426504
3,0.39,1766756426654
3,0.2,1766756426799
3,0.19,1766756426956
3,0.37,1766756427111
3,0.37,1766756427265
3,0.21,1766756427418
3,0.19,1766756427573
3,0.3,1766756427734
3,0.28,1766756427904
3,0.28,1766756428077
3,0.19,1766756428252
3,0.19,1766756428413
3,0.19,1766756428565
3,0.36,1766756428722
3,0.36,1766756428883
3,0.22,1766756429040
3,0.19,1766756429192
3,0.26,1766756429342
3,0.26,1766756429494
3,0.32,1766756429645
3,0.19,1766756429798
3,0.23,1766756429951
3,0.36,1766756430102
3,0.36,1766756430250
3,0.19,1766756430402
3,0.22,1766756430556
3,0.37,1766756430710
3,0.37,1766756430863
3,0.19,1766756431016
3,0.19,1766756431159
3,0.39,1766756431306
3,0.39,1766756431451
3,0.19,1766756431597
3,0.26,1766756431752
3,0.32,1766756431911
3,0.32,1766756432083
3,0.19,1766756432236
3,0.19,1766756432384
3,0.37,1766756432531
3,0.37,1766756432683
3,0.22,1766756432838
3,0.19,1766756432993
3,0.31,1766756433147
3,0.31,1766756433305
3,0.28,1766756433458
3,0.19,1766756433620
3,0.19,1766756433790
3,0.28,1766756433962
3,0.3,1766756434130
3,0.3,1766756434289
3,0.19,1766756434444
3,0.19,1766756434600
3,0.29,1766756434760
3,0.29,1766756434914
3,0.29,1766756435064
3,0.19,1766756435215
3,0.24,1766756435369
3,0.24,1766756435519
3,0.35,1766756435668
3,0.19,1766756435822
3,0.23,1766756435973
3,0.36,1766756436123
3,0.36,1766756436278
3,0.19,1766756436434
3,0.19,1766756436589
3,0.39,1766756436748
3,0.39,1766756436897
3,0.19,1766756437040
3,0.19,1766756437186
3,0.39,1766756437331
3,0.39,1766756437482
3,0.19,1766756437639
3,0.19,1766756437802
3,0.34,1766756437957
3,0.34,1766756438101
3,0.25,1766756438251
3,0.19,1766756438401
3,0.38,1766756438553
3,0.38,1766756438703
3,0.21,1766756438858
3,0.19,1766756439010
3,0.33,1766756439166
3,0.33,1766756439320
3,0.26,1766756439482
3,0.19,1766756439650
3,0.19,1766756439826
3,0.23,1766756439987
3,0.35,1766756440144
3,0.35,1766756440300
3,0.19,1766756440457
3,0.19,1766756440611
3,0.39,1766756440760
3,0.39,1766756440911
3,0.2,1766756441060
3,0.19,1766756441209
3,0.39,1766756441361
3,0.39,1766756441509
3,0.2,1766756441660
3,0.19,1766756441808
3,0.39,1766756441961
3,0.39,1766756442114
3,0.19,1766756442268
3,0.19,1766756442421
3,0.31,1766756442583
3,0.31,1766756442729
3,0.27,1766756442875
3,0.19,1766756443020
3,0.39,1766756443164
3,0.39,1766756443330
3,0.19,1766756443494
3,0.19,1766756443658
3,0.2,1766756443805
3,0.38,1766756443950
3,0.38,1766756444095
3,0.19,1766756444247
3,0.26,1766756444397
3,0.26,1766756444552
3,0.32,1766756444702
3,0.19,1766756444858
3,0.2,1766756445011
3,0.38,1766756445164
3,0.38,1766756445324
3,0.19,1766756445490
3,0.19,1766756445669
3,0.19,1766756445831
3,0.32,1766756445993
3,0.32,1766756446148
3,0.26,1766756446309
3,0.19,1766756446463
3,0.22,1766756446612
3,0.37,1766756446763
3,0.37,1766756446914
3,0.19,1766756447068
3,0.19,1766756447219
3,0.39,1766756447376
3,0.39,1766756447529
3,0.19,1766756447683
3,0.19,1766756447836
3,0.36,1766756447991
3,0.36,1766756448144
3,0.23,1766756448302
3,0.19,1766756448455
3,0.29,1766756448602
3,0.29,1766756448750
3,0.29,1766756448897
3,0.19,1766756449051
3,0.27,1766756449210
3,0.31,1766756449386
3,0.31,1766756449541
3,0.19,1766756449689
3,0.19,1766756449840
3,0.36,1766756449995
3,0.36,1766756450150
3,0.22,1766756450304
3,0.19,1766756450457
3,0.29,1766756450612
3,0.29,1766756450770
3,0.3,1766756450927
3,0.19,1766756451082
3,0.19,1766756451260
3,0.27,1766756451427
3,0.31,1766756451600
3,0.31,1766756451755
3,0.2,1766756451912
3,0.19,1766756452067
3,0.25,1766756452223
3,0.25,1766756452373
3,0.33,1766756452522
3,0.19,1766756452674
3,0.25,1766756452826
3,0.25,1766756452977
3,0.33,1766756453131
3,0.19,1766756453282
3,0.23,1766756453432
3,0.35,1766756453585
3,0.35,1766756453737
3,0.19,1766756453888
3,0.2,1766756454045
3,0.39,1766756454202
3,0.39,1766756454353
3,0.19,1766756454500
3,0.19,1766756454645
3,0.39,1766756454795
3,0.39,1766756454952
3,0.19,1766756455122
3,0.19,1766756455280
3,0.3,1766756455429
3,0.3,1766756455575
3,0.29,1766756455723
3,0.19,1766756455875
3,0.31,1766756456026
3,0.31,1766756456179
3,0.28,1766756456338
3,0.19,1766756456491
3,0.24,1766756456644
3,0.35,1766756456796
3,0.35,1766756456950
3,0.19,1766756457120
3,0.19,1766756457296
3,0.19,1766756457466
3,0.36,1766756457621
3,0.36,1766756457781
3,0.22,1766756457938
3,0.19,1766756458087
3,0.29,1766756458236
3,0.29,1766756458383
3,0.29,1766756458533
3,0.19,1766756458686
3,0.3,1766756458836
3,0.3,1766756458990
3,0.28,1766756459139
3,0.19,1766756459292
3,0.27,1766756459445
3,0.27,1766756459599
3,0.31,1766756459750
3,0.19,1766756459908
3,0.2,1766756460060
3,0.38,1766756460211
3,0.38,1766756460353
3,0.19,1766756460499
3,0.22,1766756460661
3,0.36,1766756460825
3,0.36,1766756460986
3,0.19,1766756461131
3,0.19,1766756461281
3,0.39,1766756461426
3,0.39,1766756461581
3,0.2,1766756461734
3,0.19,1766756461885
3,0.35,1766756462037
3,0.35,1766756462195
3,0.23,1766756462352
3,0.19,1766756462507
3,0.25,1766756462660
3,0.33,1766756462817
3,0.33,1766756462984
3,0.19,1766756463146
3,0.19,1766756463314
3,0.23,1766756463467
3,0.36,1766756463626
3,0.36,1766756463777
3,0.19,1766756463923
3,0.21,1766756464070
3,0.34,1766756464219
4,0.34,1766756464358
4,0.15,1766756464506
4,0.29,1766756464657
4,0.29,1766756464806
4,0.29,1766756464957
4,0.19,1766756465111
4,0.24,1766756465273
4,0.34,1766756465427
4,0.34,1766756465581
4,0.19,1766756465733
4,0.19,1766756465890
4,0.39,1766756466041
4,0.39,1766756466185
4,0.19,1766756466335
4,0.19,1766756466491
4,0.35,1766756466654
4,0.35,1766756466810
4,0.23,1766756466954
4,0.19,1766756467103
4,0.38,1766756467249
4,0.38,1766756467404
4,0.2,1766756467558
4,0.19,1766756467709
4,0.34,1766756467860
4,0.34,1766756468015
4,0.25,1766756468170
4,0.19,1766756468327
4,0.24,1766756468482
4,0.35,1766756468633
4,0.35,1766756468806
4,0.19,1766756468973
4,0.19,1766756469147
4,0.19,1766756469300
4,0.37,1766756469458
4,0.37,1766756469602
4,0.21,1766756469754
4,0.19,1766756469901
4,0.39,1766756470053
4,0.39,1766756470201
4,0.19,1766756470352
4,0.19,1766756470502
4,0.39,1766756470654
4,0.39,1766756470805
4,0.19,1766756470961
4,0.19,1766756471119
4,0.33,1766756471272
4,0.33,1766756471426
4,0.25,1766756471582
4,0.19,1766756471741
4,0.23,1766756471894
4,0.23,1766756472037
4,0.36,1766756472201
4,0.19,1766756472362
4,0.19,1766756472522
4,0.36,1766756472669
4,0.36,1766756472820
4,0.22,1766756472969
4,0.19,1766756473122
4,0.37,1766756473274
4,0.37,1766756473428
4,0.22,1766756473585
4,0.19,1766756473741
4,0.24,1766756473904
4,0.35,1766756474060
4,0.35,1766756474212
4,0.19,1766756474366
4,0.19,1766756474523
4,0.32,1766756474693
4,0.27,1766756474863
4,0.27,1766756475033
4,0.19,1766756475190
4,0.19,1766756475343
4,0.33,1766756475491
4,0.33,1766756475642
4,0.25,1766756475792
4,0.19,1766756475941
4,0.33,1766756476093
4,0.33,1766756476244
4,0.25,1766756476396
4,0.19,1766756476547
4,0.32,1766756476698
4,0.32,1766756476852
4,0.26,1766756477006
4,0.19,1766756477161
4,0.26,1766756477314
4,0.26,1766756477465
4,0.32,1766756477616
4,0.19,1766756477767
4,0.23,1766756477923
4,0.35,1766756478079
4,0.35,1766756478251
4,0.19,1766756478406
4,0.19,1766756478552
4,0.36,1766756478696
4,0.36,1766756478845
4,0.22,1766756478995
4,0.19,1766756479147
4,0.37,1766756479300
4,0.37,1766756479453
4,0.22,1766756479611
4,0.19,1766756479767
4,0.26,1766756479922
4,0.26,1766756480076
4,0.32,1766756480229
4,0.19,1766756480384
4,0.19,1766756480551
4,0.34,1766756480718
4,0.24,1766756480892
4,0.24,1766756481045
4,0.19,1766756481196
4,0.19,1766756481345
4,0.39,1766756481502
4,0.39,1766756481650
4,0.19,1766756481803
4,0.19,1766756481952
4,0.39,1766756482106
4,0.39,1766756482256
4,0.19,1766756482411
4,0.19,1766756482568
4,0.32,1766756482724
4,0.32,1766756482874
4,0.27,1766756483028
4,0.19,1766756483178
4,0.29,1766756483331
4,0.29,1766756483484
4,0.29,1766756483641
4,0.19,1766756483801
4,0.19,1766756483964
4,0.33,1766756484125
4,0.33,1766756484270
4,0.25,1766756484421
4,0.19,1766756484571
4,0.38,1766756484722
4,0.38,1766756484871
4,0.21,1766756485021
4,0.19,1766756485178
4,0.33,1766756485334
4,0.33,1766756485490
4,0.25,1766756485646
4,0.19,1766756485799
4,0.26,1766756485950
4,0.26,1766756486103
4,0.32,1766756486260
4,0.19,1766756486430
4,0.19,1766756486608
4,0.19,1766756486780
4,0.39,1766756486925
4,0.39,1766756487076
4,0.19,1766756487228
4,0.19,1766756487382
4,0.39,1766756487533
4,0.39,1766756487681
4,0.2,1766756487834
4,0.19,1766756487984
4,0.37,1766756488137
4,0.37,1766756488290
4,0.21,1766756488445
4,0.19,1766756488598
4,0.32,1766756488753
4,0.32,1766756488905
4,0.27,1766756489061
4,0.19,1766756489213
4,0.26,1766756489367
4,0.32,1766756489542
4,0.32,1766756489705
4,0.19,1766756489868
4,0.19,1766756490014
4,0.28,1766756490164
4,0.28,1766756490311
4,0.31,1766756490465
4,0.19,1766756490612
4,0.31,1766756490763
4,0.31,1766756490915
4,0.28,1766756491072
4,0.19,1766756491225
4,0.24,1766756491380
4,0.34,1766756491533
4,0.34,1766756491689
4,0.19,1766756491841
4,0.19,1766756491996
4,0.39,1766756492156
4,0.39,1766756492324
4,0.19,1766756492497
4,0.19,1766756492655
4,0.19,1766756492806
4,0.39,1766756492951
4,0.39,1766756493099
4,0.19,1766756493248
4,0.19,1766756493399
4,0.39,1766756493547
4,0.39,1766756493701
4,0.19,1766756493850
4,0.19,1766756494005
4,0.38,1766756494163
4,0.38,1766756494325
4,0.2,1766756494478
4,0.19,1766756494631
4,0.29,1766756494782
4,0.29,1766756494937
4,0.29,1766756495090
4,0.19,1766756495254
4,0.19,1766756495413
4,0.32,1766756495584
4,0.32,1766756495739
4,0.26,1766756495886
4,0.19,1766756496032
4,0.34,1766756496178
4,0.34,1766756496329
4,0.24,1766756496478
4,0.19,1766756496630
4,0.34,1766756496782
4,0.34,1766756496939
4,0.25,1766756497092
4,0.19,1766756497250
4,0.24,1766756497403
4,0.34,1766756497561
4,0.34,1766756497718
4,0.19,1766756497870
4,0.19,1766756498032
4,0.3,1766756498199
4,0.28,1766756498374
4,0.28,1766756498526
4,0.19,1766756498672
4,0.19,1766756498818
4,0.39,1766756498963
4,0.39,1766756499111
4,0.19,1766756499263
4,0.24,1766756499410
4,0.24,1766756499560
4,0.34,1766756499712
4,0.19,1766756499869
4,0.2,1766756500021
4,0.38,1766756500176
4,0.38,1766756500337
4,0.19,1766756500487
4,0.19,1766756500639
4,0.35,1766756500794
4,0.35,1766756500952
4,0.23,1766756501120
4,0.19,1766756501279
4,0.19,1766756501435
4,0.39,1766756501581
4,0.39,1766756501728
4,0.19,1766756501874
4,0.2,1766756502028
4,0.38,1766756502179
4,0.38,1766756502329
4,0.19,1766756502485
4,0.19,1766756502642
4,0.36,1766756502800
4,0.36,1766756502959
4,0.22,1766756503117
4,0.19,1766756503269
4,0.25,1766756503422
4,0.25,1766756503573
4,0.33,1766756503729
4,0.19,1766756503900
4,0.19,1766756504069
4,0.23,1766756504233
4,0.35,1766756504381
4,0.35,1766756504526
4,0.19,1766756504670
4,0.29,1766756504821
4,0.29,1766756504973
4,0.29,1766756505123
4,0.19,1766756505277
4,0.26,1766756505429
4,0.26,1766756505582
4,0.32,1766756505737
4,0.19,1766756505890
4,0.19,1766756506048
4,0.39,1766756506203
4,0.39,1766756506356
4,0.19,1766756506510
4,0.19,1766756506663
4,0.31,1766756506827
4,0.27,1766756506997
4,0.27,1766756507167
4,0.19,1766756507316
4,0.19,1766756507459
4,0.39,1766756507606
4,0.39,1766756507755
4,0.19,1766756507904
4,0.19,1766756508054
4,0.39,1766756508205
4,0.39,1766756508356
4,0.19,1766756508508
4,0.19,1766756508663
4,0.39,1766756508818
4,0.39,1766756508975
4,0.2,1766756509129
4,0.19,1766756509282
4,0.31,1766756509435
4,0.31,1766756509590
4,0.28,1766756509758
4,0.19,1766756509931
4,0.19,1766756510095
4,0.26,1766756510242
4,0.26,1766756510385
4,0.32,1766756510530
4,0.19,1766756510681
4,0.34,1766756510830
4,0.34,1766756510978
4,0.24,1766756511127
4,0.19,1766756511278
4,0.35,1766756511433
4,0.35,1766756511586
4,0.24,1766756511737
4,0.19,1766756511895
4,0.28,1766756512048
4,0.28,1766756512200
4,0.3,1766756512352
4,0.19,1766756512510
4,0.19,1766756512677
4,0.32,1766756512850
4,0.27,1766756513012
4,0.27,1766756513155
4,0.19,1766756513303
4,0.29,1766756513454
4,0.29,1766756513606
4,0.3,1766756513758
4,0.19,1766756513909
4,0.25,1766756514061
4,0.34,1766756514214
4,0.34,1766756514370
4,0.19,1766756514526
4,0.19,1766756514680
4,0.38,1766756514837
4,0.38,1766756514989
4,0.2,1766756515144
4,0.19,1766756515297
4,0.32,1766756515451
4,0.32,1766756515618
4,0.26,1766756515782
4,0.19,1766756515947
4,0.19,1766756516091
4,0.39,1766756516237
4,0.39,1766756516383
4,0.19,1766756516537
4,0.19,1766756516686
4,0.39,1766756516837
4,0.39,1766756516987
4,0.19,1766756517144
4,0.19,1766756517308
4,0.29,1766756517465
4,0.29,1766756517621
4,0.29,1766756517779
4,0.19,1766756517936
4,0.19,1766756518092
4,0.39,1766756518240
4,0.39,1766756518416
4,0.19,1766756518586
4,0.19,1766756518755
4,0.19,1766756518901
4,0.36,1766756519052
4,0.36,1766756519197
4,0.22,1766756519348
4,0.19,1766756519498
4,0.39,1766756519647
4,0.39,1766756519797
4,0.19,1766756519948
4,0.19,1766756520103
4,0.37,1766756520260
4,0.37,1766756520414
4,0.22,1766756520568
4,0.19,1766756520724
4,0.29,1766756520876
4,0.29,1766756521033
4,0.29,1766756521187
4,0.19,1766756521340
4,0.19,1766756521508
4,0.38,1766756521666
4,0.38,1766756521826
4,0.2,1766756521972
4,0.19,1766756522118
4,0.37,1766756522264
4,0.37,1766756522412
4,0.22,1766756522562
4,0.19,1766756522709
4,0.39,1766756522861
4,0.39,1766756523013
4,0.19,1766756523164
4,0.19,1766756523316
4,0.36,1766756523472
4,0.36,1766756523626
4,0.22,1766756523781
4,0.19,1766756523932
4,0.31,1766756524092
4,0.27,1766756524258
4,0.27,1766756524429
4,0.19,1766756524592
4,0.19,1766756524747
4,0.27,1766756524893
4,0.27,1766756525040
4,0.32,1766756525192
4,0.19,1766756525345
4,0.27,1766756525497
4,0.27,1766756525648
4,0.32,1766756525803
4,0.19,1766756525957
4,0.2,1766756526112
4,0.38,1766756526265
4,0.38,1766756526419
4,0.19,1766756526573
4,0.19,1766756526727
4,0.39,1766756526881
4,0.39,1766756527036
4,0.2,1766756527190
4,0.19,1766756527354
4,0.26,1766756527513
4,0.33,1766756527679
4,0.33,1766756527823
4,0.19,1766756527976
4,0.19,1766756528120
4,0.39,1766756528270
4,0.39,1766756528418
4,0.19,1766756528567
4,0.24,1766756528716
4,0.34,1766756528872
4,0.34,1766756529024
4,0.19,1766756529180
4,0.19,1766756529334
4,0.39,1766756529491
4,0.39,1766756529642
4,0.19,1766756529792
4,0.19,1766756529962
4,0.24,1766756530131
4,0.3,1766756530306
4,0.3,1766756530461
4,0.24,1766756530610
4,0.19,1766756530758
4,0.29,1766756530914
4,0.29,1766756531071
4,0.3,1766756531224
4,0.19,1766756531381
4,0.19,1766756531537
4,0.39,1766756531690
4,0.39,1766756531843
4,0.19,1766756531999
4,0.19,1766756532152
4,0.34,1766756532308
4,0.34,1766756532463
4,0.24,1766756532617
4,0.19,1766756532773
4,0.26,1766756532926
4,0.32,1766756533086
4,0.32,1766756533246
4,0.19,1766756533414
4,0.19,1766756533581
4,0.26,1766756533726
4,0.26,1766756533876
4,0.33,1766756534026
4,0.19,1766756534174
4,0.3,1766756534322
4,0.3,1766756534471
4,0.29,1766756534625
4,0.19,1766756534778
4,0.27,1766756534934
4,0.32,1766756535088
4,0.32,1766756535244
4,0.19,1766756535397
4,0.19,1766756535549
4,0.39,1766756535713
4,0.39,1766756535889
4,0.19,1766756536061
4,0.19,1766756536218
4,0.19,1766756536373
4,0.35,1766756536518
4,0.35,1766756536673
4,0.23,1766756536823
4,0.19,1766756536973
4,0.34,1766756537125
4,0.34,1766756537278
4,0.24,1766756537432
4,0.19,1766756537585
4,0.29,1766756537738
4,0.29,1766756537894
4,0.29,1766756538048
4,0.19,1766756538205
4,0.19,1766756538360
4,0.39,1766756538512
4,0.39,1766756538668
4,0.19,1766756538817
4,0.19,1766756538970
4,0.35,1766756539129
4,0.35,1766756539299
4,0.24,1766756539453
4,0.19,1766756539606
4,0.24,1766756539752
4,0.24,1766756539899
4,0.35,1766756540046
4,0.19,1766756540198
4,0.27,1766756540350
4,0.31,1766756540511
4,0.31,1766756540662
4,0.19,1766756540821
4,0.19,1766756540973
4,0.36,1766756541133
4,0.36,1766756541283
4,0.22,1766756541445
4,0.19,1766756541611
4,0.19,1766756541791
4,0.26,1766756541957
4,0.32,1766756542112
4,0.32,1766756542255
4,0.19,1766756542408
4,0.26,1766756542558
4,0.26,1766756542710
4,0.32,1766756542860
4,0.19,1766756543014
4,0.23,1766756543166
4,0.35,1766756543319
4,0.35,1766756543473
4,0.19,1766756543625
4,0.19,1766756543779
4,0.39,1766756543931
4,0.39,1766756544084
4,0.19,1766756544236
4,0.19,1766756544391
4,0.36,1766756544546
4,0.36,1766756544691
4,0.22,1766756544843
4,0.19,1766756545001
4,0.27,1766756545170
4,0.31,1766756545324
4,0.31,1766756545471
4,0.19,1766756545615
4,0.31,1766756545761
4,0.31,1766756545911
4,0.28,1766756546067
4,0.19,1766756546218
4,0.27,1766756546371
4,0.31,1766756546530
4,0.31,1766756546683
4,0.19,1766756546839
4,0.19,1766756546994
4,0.39,1766756547144
4,0.39,1766756547316
4,0.19,1766756547480
4,0.19,1766756547652
4,0.19,1766756547809
4,0.3,1766756547970
4,0.3,1766756548119
4,0.28,1766756548272
4,0.19,1766756548424
4,0.29,1766756548576
4,0.29,1766756548730
4,0.3,1766756548889
4,0.19,1766756549046
4,0.19,1766756549201
4,0.39,1766756549353
4,0.39,1766756549507
4,0.19,1766756549664
4,0.19,1766756549819
4,0.31,1766756549977
4,0.31,1766756550133
4,0.27,1766756550291
4,0.19,1766756550440
4,0.27,1766756550584
4,0.32,1766756550750
4,0.32,1766756550912
4,0.19,1766756551075
4,0.19,1766756551221
4,0.37,1766756551368
4,0.37,1766756551516
4,0.21,1766756551670
4,0.19,1766756551824
4,0.34,1766756551978
4,0.34,1766756552131
4,0.24,1766756552288
4,0.19,1766756552444
4,0.25,1766756552606
4,0.33,1766756552764
4,0.33,1766756552919
4,0.19,1766756553093
4,0.19,1766756553262
4,0.19,1766756553433
4,0.34,1766756553585
4,0.34,1766756553743
4,0.24,1766756553898
4,0.19,1766756554048
4,0.3,1766756554195
4,0.3,1766756554344
4,0.28,1766756554493
4,0.19,1766756554647
4,0.31,1766756554799
4,0.31,1766756554953
4,0.27,1766756555106
4,0.19,1766756555257
4,0.26,1766756555412
4,0.32,1766756555569
4,0.32,1766756555722
4,0.19,1766756555880
4,0.19,1766756556036
4,0.38,1766756556188
4,0.38,1766756556333
4,0.2,1766756556481
4,0.19,1766756556642
4,0.38,1766756556797
4,0.38,1766756556953
4,0.21,1766756557095
4,0.19,1766756557246
4,0.39,1766756557391
4,0.39,1766756557544
4,0.19,1766756557696
4,0.19,1766756557852
4,0.37,1766756558000
4,0.37,1766756558156
4,0.21,1766756558308
4,0.19,1766756558466
4,0.3,1766756558618
4,0.3,1766756558778
4,0.28,1766756558944
4,0.19,1766756559117
4,0.19,1766756559284
4,0.23,1766756559439
4,0.35,1766756559596
4,0.35,1766756559751
4,0.19,1766756559907
4,0.19,1766756560057
4,0.38,1766756560211
4,0.38,1766756560364
4,0.21,1766756560519
4,0.19,1766756560671
4,0.32,1766756560823
4,0.32,1766756560975
4,0.26,1766756561132
4,0.19,1766756561284
4,0.26,1766756561440
4,0.26,1766756561594
4,0.32,1766756561750
4,0.19,1766756561902
4,0.2,1766756562050
4,0.2,1766756562194
4,0.38,1766756562348
4,0.19,1766756562506
4,0.19,1766756562667
4,0.36,1766756562821
4,0.36,1766756562966
4,0.22,1766756563117
4,0.19,1766756563261
4,0.39,1766756563420
4,0.39,1766756563573
4,0.19,1766756563722
4,0.19,1766756563877
4,0.37,1766756564027
4,0.37,1766756564183
4,0.21,1766756564338
4,0.19,1766756564497
4,0.2,1766756564668
4,0.38,1766756564829
4,0.38,1766756565001
4,0.19,1766756565157
4,0.19,1766756565314
4,0.19,1766756565475
4,0.38,1766756565631
4,0.38,1766756565785
4,0.2,1766756565937
4,0.19,1766756566089
4,0.33,1766756566244
4,0.33,1766756566397
4,0.25,1766756566551
4,0.19,1766756566701
4,0.29,1766756566855
4,0.29,1766756567008
4,0.29,1766756567163
4,0.19,1766756567319
4,0.2,1766756567480
4,0.38,1766756567634
4,0.38,1766756567783
4,0.19,1766756567932
4,0.19,1766756568079
4,0.39,1766756568234
4,0.39,1766756568394
4,0.19,1766756568561
4,0.19,1766756568720
4,0.26,1766756568876
4,0.33,1766756569024
4,0.33,1766756569174
4,0.19,1766756569326
4,0.21,1766756569481
4,0.37,1766756569637
4,0.37,1766756569789
4,0.19,1766756569949
4,0.19,1766756570107
4,0.31,1766756570261
4,0.27,1766756570435
4,0.27,1766756570602
4,0.19,1766756570776
4,0.19,1766756570929
4,0.2,1766756571089
4,0.38,1766756571250
4,0.38,1766756571409
4,0.19,1766756571562
4,0.19,1766756571713
4,0.33,1766756571868
4,0.33,1766756572023
4,0.25,1766756572178
4,0.19,1766756572333
4,0.22,1766756572490
4,0.36,1766756572643
4,0.36,1766756572796
4,0.19,1766756572955
4,0.19,1766756573110
4,0.37,1766756573266
4,0.37,1766756573424
4,0.22,1766756573572
4,0.19,1766756573716
4,0.37,1766756573862
4,0.37,1766756574005
4,0.21,1766756574171
4,0.19,1766756574331
4,0.26,1766756574493
4,0.26,1766756574639
4,0.32,1766756574785
4,0.19,1766756574930
4,0.31,1766756575082
4,0.31,1766756575232
4,0.28,1766756575387
4,0.19,1766756575540
4,0.28,1766756575692
4,0.31,1766756575850
4,0.31,1766756576001
4,0.19,1766756576172
4,0.19,1766756576339
4,0.21,1766756576513
4,0.37,1766756576668
4,0.37,1766756576827
4,0.19,1766756576980
4,0.19,1766756577147
4,0.2,1766756577314
4,0.38,1766756577465
4,0.38,1766756577614
4,0.19,1766756577766
4,0.19,1766756577918
4,0.39,1766756578070
4,0.39,1766756578223
4,0.19,1766756578373
4,0.19,1766756578525
4,0.39,1766756578674
4,0.39,1766756578828
4,0.19,1766756578982
4,0.19,1766756579138
4,0.32,1766756579294
4,0.32,1766756579440
4,0.27,1766756579582
4,0.19,1766756579727
4,0.39,1766756579875
4,0.39,1766756580039
4,0.19,1766756580197
4,0.19,1766756580358
4,0.3,1766756580502
4,0.3,1766756580654
4,0.29,1766756580804
4,0.19,1766756580961
4,0.28,1766756581110
4,0.28,1766756581266
4,0.31,1766756581417
4,0.19,1766756581575
4,0.2,1766756581728
4,0.38,1766756581889
4,0.38,1766756582060
4,0.19,1766756582238
4,0.19,1766756582404
4,0.19,1766756582562
4,0.27,1766756582718
4,0.27,1766756582876
4,0.31,1766756583035
4,0.19,1766756583188
4,0.19,1766756583340
4,0.39,1766756583493
4,0.39,1766756583646
4,0.19,1766756583798
4,0.19,1766756583950
4,0.36,1766756584104
4,0.36,1766756584252
4,0.22,1766756584404
4,0.19,1766756584557
4,0.35,1766756584710
4,0.35,1766756584862
4,0.24,1766756585016
4,0.19,1766756585162
4,0.36,1766756585307
4,0.36,1766756585456
4,0.23,1766756585602
4,0.19,1766756585752
4,0.35,1766756585913
4,0.35,1766756586071
4,0.24,1766756586228
4,0.19,1766756586371
4,0.28,1766756586529
4,0.28,1766756586677
4,0.3,1766756586833
4,0.19,1766756586984
4,0.25,1766756587136
4,0.25,1766756587290
4,0.33,1766756587442
4,0.19,1766756587595
4,0.19,1766756587770
4,0.31,1766756587940
4,0.27,1766756588114
4,0.27,1766756588266
4,0.19,1766756588421
4,0.19,1766756588580
4,0.28,1766756588739
4,0.3,1766756588898
4,0.3,1766756589052
4,0.19,1766756589206
4,0.19,1766756589362
4,0.39,1766756589515
4,0.39,1766756589668
4,0.19,1766756589821
4,0.19,1766756589972
4,0.37,1766756590122
4,0.37,1766756590275
4,0.21,1766756590428
4,0.19,1766756590582
4,0.33,1766756590734
4,0.33,1766756590890
4,0.26,1766756591036
4,0.19,1766756591179
4,0.37,1766756591324
4,0.37,1766756591466
4,0.21,1766756591618
4,0.19,1766756591775
4,0.33,1766756591946
4,0.25,1766756592105
4,0.25,1766756592252
4,0.19,1766756592402
4,0.27,1766756592553
4,0.27,1766756592704
4,0.31,1766756592858
4,0.19,1766756593008
4,0.24,1766756593160
4,0.34,1766756593313
4,0.34,1766756593470
4,0.19,1766756593637
4,0.19,1766756593812
4,0.19,1766756593975
4,0.39,1766756594131
4,0.39,1766756594281
4,0.19,1766756594440
4,0.19,1766756594598
4,0.29,1766756594757
4,0.29,1766756594907
4,0.29,1766756595061
4,0.19,1766756595211
4,0.25,1766756595370
4,0.34,1766756595525
4,0.34,1766756595678
4,0.19,1766756595827
4,0.19,1766756595980
4,0.39,1766756596131
4,0.39,1766756596287
4,0.19,1766756596441
4,0.19,1766756596596
4,0.39,1766756596741
4,0.39,1766756596889
4,0.19,1766756597032
4,0.2,1766756597180
4,0.2,1766756597322
4,0.39,1766756597479
4,0.19,1766756597637
4,0.19,1766756597801
4,0.31,1766756597960
4,0.31,1766756598110
4,0.27,1766756598265
4,0.19,1766756598417
4,0.26,1766756598575
4,0.26,1766756598728
4,0.32,1766756598879
4,0.19,1766756599033
4,0.22,1766756599191
4,0.34,1766756599359
4,0.34,1766756599530
4,0.22,1766756599700
4,0.19,1766756599850
4,0.19,1766756600005
4,0.38,1766756600159
4,0.38,1766756600318
4,0.21,1766756600475
4,0.19,1766756600634
4,0.24,1766756600786
4,0.34,1766756600940
4,0.34,1766756601091
4,0.19,1766756601244
4,0.2,1766756601396
4,0.38,1766756601548
4,0.38,1766756601698
4,0.19,1766756601848
4,0.19,1766756602000
4,0.39,1766756602156
4,0.39,1766756602310
4,0.19,1766756602458
4,0.19,1766756602603
4,0.39,1766756602746
4,0.39,1766756602888
4,0.19,1766756603035
4,0.31,1766756603178
4,0.31,1766756603329
4,0.27,1766756603487
4,0.19,1766756603648
4,0.2,1766756603805
4,0.38,1766756603958
4,0.38,1766756604110
4,0.19,1766756604266
4,0.19,1766756604419
4,0.39,1766756604567
4,0.39,1766756604718
4,0.19,1766756604867
4,0.19,1766756605028
4,0.3,1766756605193
4,0.29,1766756605371
4,0.29,1766756605536
4,0.19,1766756605688
4,0.19,1766756605840
4,0.28,1766756605999
4,0.28,1766756606156
4,0.3,1766756606313
4,0.19,1766756606472
4,0.19,1766756606622
4,0.39,1766756606776
4,0.39,1766756606929
4,0.19,1766756607083
4,0.19,1766756607234
4,0.36,1766756607386
4,0.36,1766756607536
4,0.23,1766756607687
4,0.19,1766756607838
4,0.34,1766756607993
4,0.34,1766756608143
4,0.24,1766756608291
4,0.19,1766756608436
4,0.38,1766756608584
4,0.38,1766756608726
4,0.21,1766756608875
4,0.21,1766756609018
4,0.21,1766756609171
5,0.34,1766756609319
5,0.15,1766756609485
5,0.19,1766756609654
5,0.32,1766756609800
5,0.32,1766756609949
5,0.26,1766756610101
5,0.19,1766756610255
5,0.32,1766756610407
5,0.32,1766756610558
5,0.26,1766756610708
5,0.19,1766756610883
5,0.19,1766756611048
5,0.29,1766756611218
5,0.29,1766756611372
5,0.29,1766756611527
5,0.19,1766756611684
5,0.19,1766756611843
5,0.38,1766756612001
5,0.38,1766756612161
5,0.2,1766756612319
5,0.19,1766756612474
5,0.24,1766756612630
5,0.34,1766756612780
5,0.34,1766756612935
5,0.19,1766756613088
5,0.19,1766756613241
5,0.39,1766756613392
5,0.39,1766756613546
5,0.19,1766756613698
5,0.19,1766756613854
5,0.39,1766756614001
5,0.39,1766756614146
5,0.19,1766756614291
5,0.23,1766756614435
5,0.23,1766756614578
5,0.35,1766756614727
5,0.19,1766756614870
5,0.33,1766756615023
5,0.33,1766756615181
5,0.25,1766756615351
5,0.19,1766756615516
5,0.19,1766756615668
5,0.35,1766756615820
5,0.35,1766756615971
5,0.23,1766756616122
5,0.19,1766756616276
5,0.31,1766756616429
5,0.31,1766756616589
5,0.27,1766756616758
5,0.19,1766756616932
5,0.19,1766756617097
5,0.19,1766756617255
5,0.39,1766756617408
5,0.39,1766756617573
5,0.19,1766756617731
5,0.19,1766756617891
5,0.25,1766756618050
5,0.34,1766756618208
5,0.34,1766756618361
5,0.19,1766756618514
5,0.19,1766756618664
5,0.39,1766756618813
5,0.39,1766756618964
5,0.19,1766756619115
5,0.19,1766756619266
5,0.39,1766756619418
5,0.39,1766756619568
5,0.19,1766756619720
5,0.19,1766756619866
5,0.39,1766756620011
5,0.39,1766756620156
5,0.19,1766756620301
5,0.3,1766756620445
5,0.3,1766756620590
5,0.28,1766756620738
5,0.19,1766756620891
5,0.32,1766756621049
5,0.32,1766756621216
5,0.26,1766756621371
5,0.19,1766756621523
5,0.2,1766756621673
5,0.39,1766756621823
5,0.39,1766756621973
5,0.19,1766756622124
5,0.2,1766756622278
5,0.38,1766756622442
5,0.38,1766756622605
5,0.19,1766756622776
5,0.19,1766756622930
5,0.19,1766756623093
5,0.39,1766756623249
5,0.39,1766756623410
5,0.19,1766756623569
5,0.19,1766756623730
5,0.19,1766756623890
5,0.38,1766756624049
5,0.38,1766756624202
5,0.2,1766756624354
5,0.19,1766756624506
5,0.35,1766756624659
5,0.35,1766756624809
5,0.23,1766756624961
5,0.19,1766756625113
5,0.32,1766756625266
5,0.32,1766756625418
5,0.26,1766756625566
5,0.19,1766756625712
5,0.37,1766756625856
5,0.37,1766756626002
5,0.21,1766756626150
5,0.19,1766756626299
5,0.39,1766756626449
5,0.39,1766756626594
5,0.19,1766756626749
5,0.19,1766756626910
5,0.29,1766756627089
5,0.3,1766756627249
5,0.3,1766756627399
5,0.19,1766756627546
5,0.24,1766756627694
5,0.34,1766756627848
5,0.34,1766756627997
5,0.19,1766756628160
5,0.19,1766756628330
5,0.19,1766756628511
5,0.38,1766756628669
5,0.38,1766756628828
5,0.21,1766756628981
5,0.19,1766756629143
5,0.23,1766756629302
5,0.35,1766756629461
5,0.35,1766756629623
5,0.19,1766756629785
5,0.19,1766756629941
5,0.28,1766756630093
5,0.28,1766756630244
5,0.3,1766756630394
5,0.19,1766756630545
5,0.27,1766756630696
5,0.27,1766756630847
5,0.31,1766756630998
5,0.19,1766756631149
5,0.26,1766756631298
5,0.26,1766756631442
5,0.32,1766756631587
5,0.19,1766756631730
5,0.38,1766756631878
5,0.38,1766756632022
5,0.2,1766756632168
5,0.21,1766756632313
5,0.21,1766756632458
5,0.38,1766756632615
5,0.19,1766756632773
5,0.19,1766756632938
5,0.34,1766756633090
5,0.34,1766756633243
5,0.24,1766756633391
5,0.19,1766756633539
5,0.36,1766756633690
5,0.36,1766756633847
5,0.22,1766756634011
5,0.19,1766756634181
5,0.19,1766756634349
5,0.32,1766756634503
5,0.32,1766756634661
5,0.26,1766756634819
5,0.19,1766756634980
5,0.19,1766756635138
5,0.37,1766756635299
5,0.37,1766756635459
5,0.22,1766756635621
5,0.19,1766756635780
5,0.2,1766756635933
5,0.39,1766756636087
5,0.39,1766756636238
5,0.19,1766756636388
5,0.19,1766756636538
5,0.39,1766756636693
5,0.39,1766756636845
5,0.19,1766756636997
5,0.19,1766756637145
5,0.37,1766756637302
5,0.37,1766756637449
5,0.22,1766756637596
5,0.19,1766756637745
5,0.39,1766756637890
5,0.39,1766756638036
5,0.19,1766756638182
5,0.26,1766756638325
5,0.26,1766756638485
5,0.32,1766756638649
5,0.19,1766756638819
5,0.19,1766756638970
5,0.33,1766756639114
5,0.33,1766756639261
5,0.25,1766756639414
5,0.19,1766756639565
5,0.31,1766756639725
5,0.31,1766756639896
5,0.27,1766756640068
5,0.19,1766756640224
5,0.19,1766756640381
5,0.28,1766756640532
5,0.3,1766756640694
5,0.3,1766756640853
5,0.19,1766756641010
5,0.19,1766756641168
5,0.32,1766756641330
5,0.32,1766756641491
5,0.26,1766756641651
5,0.19,1766756641807
5,0.19,1766756641958
5,0.39,1766756642108
5,0.39,1766756642260
5,0.19,1766756642411
5,0.19,1766756642565
5,0.39,1766756642717
5,0.39,1766756642867
5,0.19,1766756643011
5,0.2,1766756643156
5,0.39,1766756643302
5,0.39,1766756643448
5,0.19,1766756643597
5,0.28,1766756643742
5,0.28,1766756643887
5,0.31,1766756644031
5,0.19,1766756644174
5,0.36,1766756644333
5,0.36,1766756644495
5,0.22,1766756644661
5,0.19,1766756644811
5,0.22,1766756644959
5,0.22,1766756645105
5,0.36,1766756645261
5,0.19,1766756645417
5,0.19,1766756645586
5,0.28,1766756645758
5,0.3,1766756645924
5,0.3,1766756646078
5,0.19,1766756646239
5,0.19,1766756646396
5,0.29,1766756646555
5,0.29,1766756646712
5,0.3,1766756646871
5,0.19,1766756647035
5,0.19,1766756647196
5,0.29,1766756647357
5,0.29,1766756647516
5,0.29,1766756647669
5,0.19,1766756647820
5,0.2,1766756647974
5,0.38,1766756648126
5,0.38,1766756648279
5,0.19,1766756648431
5,0.19,1766756648584
5,0.39,1766756648725
5,0.39,1766756648867
5,0.19,1766756649015
5,0.29,1766756649159
5,0.29,1766756649306
5,0.3,1766756649454
5,0.19,1766756649596
5,0.38,1766756649746
5,0.38,1766756649892
5,0.2,1766756650037
5,0.19,1766756650208
5,0.3,1766756650373
5,0.29,1766756650541
5,0.29,1766756650689
5,0.19,1766756650844
5,0.19,1766756650992
5,0.39,1766756651141
5,0.39,1766756651310
5,0.19,1766756651477
5,0.19,1766756651648
5,0.19,1766756651803
5,0.34,1766756651961
5,0.34,1766756652113
5,0.24,1766756652275
5,0.19,1766756652432
5,0.23,1766756652587
5,0.35,1766756652746
5,0.35,1766756652905
5,0.19,1766756653065
5,0.19,1766756653225
5,0.27,1766756653381
5,0.27,1766756653531
5,0.32,1766756653683
5,0.19,1766756653833
5,0.25,1766756653987
5,0.25,1766756654140
5,0.33,1766756654298
5,0.19,1766756654444
5,0.24,1766756654589
5,0.24,1766756654732
5,0.34,1766756654881
5,0.19,1766756655026
5,0.33,1766756655172
5,0.33,1766756655323
5,0.25,1766756655470
5,0.19,1766756655617
5,0.39,1766756655763
5,0.39,1766756655913
5,0.2,1766756656075
5,0.19,1766756656237
5,0.22,1766756656400
5,0.22,1766756656546
5,0.36,1766756656697
5,0.19,1766756656842
5,0.26,1766756657004
5,0.32,1766756657171
5,0.32,1766756657343
5,0.19,1766756657503
5,0.19,1766756657658
5,0.2,1766756657811
5,0.38,1766756657967
5,0.38,1766756658126
5,0.19,1766756658279
5,0.19,1766756658438
5,0.31,1766756658593
5,0.31,1766756658756
5,0.27,1766756658916
5,0.19,1766756659076
5,0.19,1766756659229
5,0.37,1766756659381
5,0.37,1766756659533
5,0.21,1766756659684
5,0.19,1766756659836
5,0.35,1766756659989
5,0.35,1766756660138
5,0.24,1766756660282
5,0.19,1766756660425
5,0.39,1766756660570
5,0.39,1766756660714
5,0.19,1766756660861
5,0.26,1766756661007
5,0.26,1766756661153
5,0.32,1766756661296
5,0.19,1766756661442
5,0.38,1766756661587
5,0.38,1766756661733
5,0.21,1766756661901
5,0.19,1766756662065
5,0.21,1766756662230
5,0.37,1766756662378
5,0.37,1766756662531
5,0.19,1766756662676
5,0.19,1766756662850
5,0.3,1766756663019
5,0.28,1766756663186
5,0.28,1766756663338
5,0.19,1766756663494
5,0.19,1766756663646
5,0.34,1766756663805
5,0.34,1766756663962
5,0.24,1766756664118
5,0.19,1766756664274
5,0.22,1766756664432
5,0.36,1766756664591
5,0.36,1766756664752
5,0.19,1766756664914
5,0.19,1766756665066
5,0.3,1766756665217
5,0.3,1766756665366
5,0.28,1766756665519
5,0.19,1766756665671
5,0.28,1766756665823
5,0.28,1766756665968
5,0.3,1766756666109
5,0.19,1766756666251
5,0.39,1766756666392
5,0.39,1766756666539
5,0.19,1766756666684
5,0.25,1766756666828
5,0.25,1766756666977
5,0.33,1766756667119
5,0.19,1766756667264
5,0.34,1766756667413
5,0.34,1766756667561
5,0.24,1766756667723
5,0.19,1766756667887
5,0.19,1766756668050
5,0.39,1766756668198
5,0.39,1766756668345
5,0.19,1766756668501
5,0.19,1766756668671
5,0.25,1766756668847
5,0.32,1766756669013
5,0.32,1766756669170
5,0.21,1766756669327
5,0.19,1766756669483
5,0.23,1766756669646
5,0.35,1766756669803
5,0.35,1766756669965
5,0.19,1766756670128
5,0.19,1766756670288
5,0.24,1766756670448
5,0.34,1766756670609
5,0.34,1766756670768
5,0.19,1766756670922
5,0.19,1766756671074
5,0.36,1766756671223
5,0.36,1766756671375
5,0.22,1766756671525
5,0.19,1766756671674
5,0.39,1766756671817
5,0.39,1766756671959
5,0.2,1766756672101
5,0.27,1766756672241
5,0.27,1766756672391
5,0.31,1766756672538
5,0.19,1766756672683
5,0.34,1766756672832
5,0.34,1766756672976
5,0.24,1766756673121
5,0.19,1766756673270
5,0.39,1766756673416
5,0.39,1766756673584
5,0.19,1766756673748
5,0.19,1766756673921
5,0.19,1766756674068
5,0.39,1766756674216
5,0.39,1766756674386
5,0.19,1766756674555
5,0.19,1766756674724
5,0.19,1766756674877
5,0.38,1766756675034
5,0.38,1766756675186
5,0.21,1766756675345
5,0.19,1766756675501
5,0.26,1766756675662
5,0.32,1766756675820
5,0.32,1766756675978
5,0.19,1766756676138
5,0.19,1766756676297
5,0.31,1766756676455
5,0.31,1766756676614
5,0.27,1766756676766
5,0.19,1766756676920
5,0.23,1766756677072
5,0.36,1766756677226
5,0.36,1766756677376
5,0.19,1766756677523
5,0.24,1766756677666
5,0.24,1766756677810
5,0.34,1766756677951
5,0.19,1766756678096
5,0.39,1766756678239
5,0.39,1766756678385
5,0.19,1766756678528
5,0.21,1766756678677
5,0.21,1766756678819
5,0.37,1766756678963
5,0.19,1766756679113
5,0.32,1766756679257
5,0.27,1766756679432
5,0.27,1766756679593
5,0.19,1766756679758
5,0.19,1766756679904
5,0.37,1766756680059
5,0.37,1766756680220
5,0.21,1766756680392
5,0.19,1766756680553
5,0.19,1766756680702
5,0.36,1766756680856
5,0.36,1766756681009
5,0.22,1766756681170
5,0.19,1766756681330
5,0.23,1766756681487
5,0.35,1766756681647
5,0.35,1766756681808
5,0.19,1766756681967
5,0.19,1766756682126
5,0.26,1766756682285
5,0.33,1766756682441
5,0.33,1766756682593
5,0.19,1766756682742
5,0.21,1766756682894
5,0.37,1766756683045
5,0.37,1766756683196
5,0.19,1766756683338
5,0.27,1766756683480
5,0.27,1766756683621
5,0.31,1766756683764
5,0.19,1766756683910
5,0.39,1766756684058
5,0.39,1766756684202
5,0.19,1766756684349
5,0.22,1766756684494
5,0.22,1766756684644
5,0.36,1766756684795
5,0.19,1766756684945
5,0.27,1766756685089
5,0.32,1766756685255
5,0.32,1766756685416
5,0.19,1766756685588
5,0.19,1766756685736
5,0.3,1766756685890
5,0.3,1766756686050
5,0.28,1766756686226
5,0.19,1766756686381
5,0.19,1766756686532
5,0.35,1766756686681
5,0.35,1766756686839
5,0.24,1766756686997
5,0.19,1766756687156
5,0.21,1766756687314
5,0.37,1766756687476
5,0.37,1766756687636
5,0.19,1766756687799
5,0.19,1766756687966
5,0.19,1766756688125
5,0.39,1766756688285
5,0.39,1766756688440
5,0.2,1766756688595
5,0.19,1766756688750
5,0.3,1766756688903
5,0.3,1766756689049
5,0.28,1766756689191
5,0.19,1766756689334
5,0.39,1766756689477
5,0.39,1766756689622
5,0.19,1766756689765
5,0.27,1766756689910
5,0.27,1766756690056
5,0.31,1766756690201
5,0.19,1766756690350
5,0.34,1766756690499
5,0.34,1766756690654
5,0.24,1766756690801
5,0.19,1766756690952
5,0.3,1766756691117
5,0.3,1766756691278
5,0.28,1766756691443
5,0.19,1766756691597
5,0.19,1766756691763
5,0.25,1766756691931
5,0.33,1766756692099
5,0.33,1766756692255
5,0.2,1766756692410
5,0.19,1766756692564
5,0.3,1766756692722
5,0.3,1766756692882
5,0.29,1766756693042
5,0.19,1766756693202
5,0.19,1766756693363
5,0.3,1766756693527
5,0.3,1766756693687
5,0.28,1766756693848
5,0.19,1766756694008
5,0.19,1766756694171
5,0.31,1766756694326
5,0.31,1766756694482
5,0.28,1766756694634
5,0.19,1766756694783
5,0.3,1766756694927
5,0.3,1766756695069
5,0.29,1766756695212
5,0.19,1766756695354
5,0.39,1766756695497
5,0.39,1766756695643
5,0.19,1766756695787
5,0.29,1766756695932
5,0.29,1766756696078
5,0.29,1766756696225
5,0.19,1766756696375
5,0.35,1766756696523
5,0.35,1766756696672
5,0.23,1766756696828
5,0.19,1766756696994
5,0.24,1766756697159
5,0.32,1766756697324
5,0.32,1766756697490
5,0.22,1766756697659
5,0.19,1766756697837
5,0.19,1766756697989
5,0.28,1766756698145
5,0.28,1766756698300
5,0.31,1766756698463
5,0.19,1766756698625
5,0.19,1766756698787
5,0.28,1766756698951
5,0.3,1766756699114
5,0.3,1766756699275
5,0.19,1766756699435
5,0.19,1766756699597
5,0.27,1766756699755
5,0.31,1766756699917
5,0.31,1766756700071
5,0.19,1766756700221
5,0.19,1766756700375
5,0.39,1766756700526
5,0.39,1766756700668
5,0.19,1766756700811
5,0.28,1766756700953
5,0.28,1766756701095
5,0.3,1766756701237
5,0.19,1766756701380
5,0.39,1766756701525
5,0.39,1766756701668
5,0.19,1766756701813
5,0.29,1766756701959
5,0.29,1766756702109
5,0.29,1766756702257
5,0.19,1766756702405
5,0.31,1766756702554
5,0.31,1766756702707
5,0.27,1766756702869
5,0.19,1766756703037
5,0.19,1766756703214
5,0.24,1766756703378
5,0.34,1766756703544
5,0.34,1766756703698
5,0.19,1766756703849
5,0.19,1766756704001
5,0.34,1766756704159
5,0.34,1766756704320
5,0.24,1766756704481
5,0.19,1766756704640
5,0.19,1766756704803
5,0.32,1766756704968
5,0.32,1766756705131
5,0.26,1766756705291
5,0.19,1766756705452
5,0.19,1766756705612
5,0.31,1766756705772
5,0.31,1766756705931
5,0.27,1766756706085
5,0.19,1766756706239
5,0.22,1766756706385
5,0.22,1766756706529
5,0.36,1766756706672
5,0.19,1766756706814
5,0.38,1766756706957
5,0.38,1766756707102
5,0.21,1766756707246
5,0.21,1766756707393
5,0.37,1766756707539
5,0.37,1766756707687
5,0.19,1766756707836
5,0.26,1766756707987
5,0.26,1766756708133
5,0.33,1766756708292
5,0.19,1766756708439
5,0.26,1766756708592
5,0.32,1766756708753
5,0.32,1766756708937
5,0.19,1766756709111
5,0.19,1766756709277
5,0.19,1766756709435
5,0.29,1766756709592
5,0.29,1766756709743
5,0.3,1766756709897
5,0.19,1766756710055
5,0.19,1766756710213
5,0.38,1766756710375
5,0.38,1766756710536
5,0.2,1766756710703
5,0.19,1766756710863
5,0.19,1766756711028
5,0.33,1766756711187
5,0.33,1766756711348
5,0.25,1766756711506
5,0.19,1766756711668
5,0.19,1766756711823
5,0.39,1766756711974
5,0.39,1766756712123
5,0.19,1766756712266
5,0.22,1766756712409
5,0.22,1766756712554
5,0.37,1766756712699
5,0.19,1766756712842
5,0.34,1766756712986
5,0.34,1766756713128
5,0.25,1766756713273
5,0.19,1766756713420
5,0.39,1766756713569
5,0.39,1766756713718
5,0.19,1766756713866
5,0.24,1766756714017
5,0.35,1766756714165
5,0.35,1766756714310
5,0.19,1766756714471
5,0.19,1766756714632
5,0.27,1766756714823
5,0.31,1766756714995
5,0.31,1766756715160
5,0.2,1766756715308
5,0.19,1766756715466
5,0.25,1766756715617
5,0.33,1766756715779
5,0.33,1766756715935
5,0.19,1766756716093
5,0.19,1766756716254
5,0.29,1766756716415
5,0.29,1766756716575
5,0.29,1766756716732
5,0.19,1766756716894
5,0.19,1766756717051
5,0.33,1766756717208
5,0.33,1766756717367
5,0.26,1766756717530
5,0.19,1766756717685
5,0.19,1766756717837
5,0.39,1766756717980
5,0.39,1766756718122
5,0.19,1766756718267
5,0.31,1766756718410
5,0.31,1766756718553
5,0.27,1766756718698
5,0.19,1766756718844
5,0.39,1766756718986
5,0.39,1766756719134
5,0.19,1766756719281
5,0.25,1766756719428
5,0.25,1766756719575
5,0.33,1766756719723
5,0.19,1766756719875
5,0.28,1766756720023
5,0.28,1766756720166
5,0.3,1766756720325
5,0.19,1766756720496
5,0.19,1766756720683
5,0.19,1766756720857
5,0.32,1766756721020
5,0.32,1766756721173
5,0.27,1766756721330
5,0.19,1766756721489
5,0.19,1766756721651
5,0.39,1766756721812
5,0.39,1766756721976
5,0.19,1766756722139
5,0.19,1766756722303
5,0.19,1766756722467
5,0.31,1766756722631
5,0.31,1766756722789
5,0.27,1766756722950
5,0.19,1766756723108
5,0.19,1766756723271
5,0.3,1766756723436
5,0.3,1766756723590
5,0.29,1766756723737
5,0.19,1766756723878
5,0.34,1766756724023
5,0.34,1766756724165
5,0.24,1766756724309
5,0.2,1766756724453
5,0.2,1766756724595
5,0.39,1766756724738
5,0.19,1766756724887
5,0.32,1766756725032
5,0.32,1766756725182
5,0.27,1766756725328
5,0.19,1766756725476
5,0.36,1766756725626
5,0.36,1766756725774
5,0.23,1766756725921
5,0.19,1766756726071
5,0.36,1766756726234
5,0.36,1766756726407
5,0.22,1766756726590
5,0.19,1766756726749
5,0.19,1766756726902
5,0.25,1766756727060
5,0.33,1766756727219
5,0.33,1766756727379
5,0.19,1766756727540
5,0.19,1766756727699
5,0.25,1766756727861
5,0.33,1766756728024
5,0.33,1766756728186
5,0.19,1766756728352
5,0.19,1766756728511
5,0.2,1766756728673
5,0.38,1766756728832
5,0.38,1766756728994
5,0.19,1766756729156
5,0.19,1766756729315
5,0.21,1766756729468
5,0.21,1766756729611
5,0.37,1766756729759
5,0.19,1766756729903
5,0.33,1766756730046
5,0.33,1766756730193
5,0.25,1766756730337
5,0.19,1766756730484
5,0.39,1766756730629
5,0.39,1766756730774
5,0.19,1766756730925
5,0.21,1766756731076
5,0.38,1766756731225
5,0.38,1766756731377
5,0.19,1766756731524
5,0.21,1766756731680
5,0.37,1766756731828
5,0.37,1766756731984
5,0.19,1766756732163
5,0.19,1766756732352
5,0.19,1766756732530
5,0.2,1766756732682
5,0.38,1766756732838
5,0.38,1766756732994
5,0.19,1766756733153
5,0.19,1766756733316
5,0.27,1766756733474
5,0.31,1766756733638
5,0.31,1766756733802
5,0.19,1766756733955
5,0.19,1766756734111
5,0.33,1766756734266
5,0.33,1766756734424
5,0.25,1766756734577
5,0.19,1766756734734
5,0.22,1766756734887
5,0.36,1766756735042
5,0.36,1766756735204
5,0.19,1766756735363
5,0.19,1766756735530
5,0.25,1766756735684
5,0.25,1766756735831
5,0.33,1766756735977
5,0.19,1766756736127
5,0.28,1766756736280
5,0.28,1766756736429
5,0.3,1766756736579
5,0.19,1766756736731
5,0.26,1766756736887
5,0.26,1766756737040
5,0.32,1766756737197
5,0.19,1766756737350
5,0.19,1766756737504
5,0.39,1766756737655
5,0.39,1766756737813
5,0.19,1766756737982
5,0.19,1766756738157
5,0.19,1766756738325
5,0.36,1766756738470
5,0.36,1766756738621
5,0.22,1766756738770
5,0.19,1766756738928
5,0.34,1766756739079
5,0.34,1766756739232
5,0.25,1766756739384
5,0.19,1766756739539
5,0.29,1766756739693
5,0.29,1766756739850
5,0.3,1766756740006
5,0.19,1766756740162
5,0.19,1766756740315
5,0.39,1766756740469
5,0.39,1766756740622
5,0.19,1766756740778
5,0.19,1766756740932
5,0.29,1766756741099
5,0.29,1766756741258
5,0.29,1766756741424
5,0.19,1766756741567
5,0.19,1766756741717
5,0.39,1766756741863
5,0.39,1766756742011
5,0.19,1766756742161
5,0.24,1766756742309
5,0.24,1766756742460
5,0.34,1766756742611
5,0.19,1766756742768
5,0.21,1766756742922
5,0.37,1766756743077
5,0.37,1766756743229
5,0.19,1766756743383
5,0.19,1766756743534
5,0.35,1766756743699
5,0.35,1766756743872
5,0.23,1766756744044
5,0.19,1766756744197
5,0.19,1766756744347
5,0.37,1766756744490
5,0.37,1766756744640
5,0.21,1766756744792
5,0.19,1766756744941
5,0.37,1766756745093
5,0.37,1766756745247
5,0.21,1766756745400
5,0.19,1766756745554
5,0.32,1766756745710
5,0.32,1766756745863
5,0.26,1766756746020
5,0.19,1766756746177
5,0.2,1766756746333
5,0.38,1766756746487
5,0.38,1766756746638
5,0.19,1766756746788
5,0.19,1766756746955
5,0.33,1766756747116
5,0.25,1766756747280
5,0.25,1766756747426
5,0.19,1766756747578
5,0.27,1766756747723
5,0.27,1766756747876
5,0.32,1766756748027
5,0.19,1766756748176
5,0.25,1766756748331
5,0.33,1766756748486
5,0.33,1766756748644
5,0.19,1766756748800
5,0.19,1766756748952
5,0.39,1766756749106
5,0.39,1766756749258
5,0.2,1766756749416
5,0.19,1766756749582
5,0.19,1766756749764
5,0.29,1766756749928
5,0.29,1766756750081
5,0.29,1766756750230
5,0.19,1766756750375
5,0.29,1766756750530
5,0.29,1766756750681
5,0.29,1766756750833
5,0.19,1766756750985
5,0.25,1766756751142
5,0.25,1766756751294
5,0.34,1766756751445
5,0.19,1766756751601
5,0.2,1766756751755
5,0.39,1766756751908
5,0.39,1766756752063
5,0.19,1766756752221
5,0.19,1766756752380
5,0.32,1766756752533
5,0.32,1766756752687
5,0.26,1766756752843
5,0.19,1766756753005
5,0.19,1766756753163
5,0.39,1766756753311
5,0.39,1766756753464
5,0.19,1766756753608
5,0.21,1766756753761
5,0.38,1766756753909
5,0.38,1766756754065
6,0.17,1766756754215
6,0.15,1766756754368
6,0.39,1766756754519
6,0.39,1766756754674
6,0.19,1766756754831
6,0.19,1766756754986
6,0.36,1766756755138
6,0.36,1766756755307
6,0.22,1766756755471
6,0.19,1766756755643
6,0.19,1766756755797
6,0.29,1766756755951
6,0.29,1766756756099
6,0.29,1766756756254
6,0.19,1766756756404
6,0.3,1766756756556
6,0.3,1766756756706
6,0.29,1766756756858
6,0.19,1766756757010
6,0.28,1766756757167
6,0.3,1766756757326
6,0.3,1766756757481
6,0.19,1766756757637
6,0.19,1766756757788
6,0.38,1766756757945
6,0.38,1766756758098
6,0.2,1766756758255
6,0.19,1766756758404
6,0.36,1766756758555
6,0.36,1766756758713
6,0.22,1766756758877
6,0.19,1766756759032
6,0.24,1766756759176
6,0.24,1766756759325
6,0.35,1766756759474
6,0.19,1766756759624
6,0.27,1766756759776
6,0.27,1766756759929
6,0.32,1766756760082
6,0.19,1766756760238
6,0.19,1766756760396
6,0.39,1766756760550
6,0.39,1766756760705
6,0.19,1766756760858
6,0.19,1766756761021
6,0.26,1766756761192
6,0.27,1766756761374
6,0.27,1766756761529
6,0.25,1766756761689
6,0.19,1766756761838
6,0.22,1766756761994
6,0.37,1766756762149
6,0.37,1766756762302
6,0.19,1766756762453
6,0.19,1766756762607
6,0.39,1766756762760
6,0.39,1766756762917
6,0.19,1766756763071
6,0.19,1766756763226
6,0.31,1766756763382
6,0.31,1766756763537
6,0.28,1766756763692
6,0.19,1766756763850
6,0.19,1766756764007
6,0.39,1766756764162
6,0.39,1766756764306
6,0.19,1766756764463
6,0.19,1766756764618
6,0.34,1766756764785
6,0.34,1766756764936
6,0.24,1766756765082
6,0.19,1766756765228
6,0.34,1766756765382
6,0.34,1766756765534
6,0.25,1766756765689
6,0.19,1766756765841
6,0.29,1766756765996
6,0.29,1766756766151
6,0.3,1766756766309
6,0.19,1766756766461
6,0.19,1766756766616
6,0.39,1766756766779
6,0.39,1766756766943
6,0.19,1766756767118
6,0.19,1766756767281
6,0.19,1766756767433
6,0.35,1766756767587
6,0.35,1766756767738
6,0.23,1766756767890
6,0.19,1766756768040
6,0.33,1766756768193
6,0.33,1766756768345
6,0.25,1766756768499
6,0.19,1766756768650
6,0.3,1766756768804
6,0.3,1766756768957
6,0.29,1766756769112
6,0.19,1766756769268
6,0.22,1766756769423
6,0.37,1766756769577
6,0.37,1766756769732
6,0.19,1766756769891
6,0.19,1766756770037
6,0.39,1766756770179
6,0.39,1766756770349
6,0.19,1766756770509
6,0.19,1766756770675
6,0.23,1766756770822
6,0.23,1766756770965
6,0.35,1766756771111
6,0.19,1766756771262
6,0.3,1766756771411
6,0.3,1766756771564
6,0.28,1766756771716
6,0.19,1766756771874
6,0.24,1766756772027
6,0.35,1766756772180
6,0.35,1766756772333
6,0.19,1766756772492
6,0.19,1766756772660
6,0.26,1766756772829
6,0.32,1766756773001
6,0.32,1766756773153
6,0.2,1766756773308
6,0.19,1766756773462
6,0.34,1766756773611
6,0.34,1766756773762
6,0.25,1766756773910
6,0.19,1766756774063
6,0.34,1766756774214
6,0.34,1766756774366
6,0.25,1766756774520
6,0.19,1766756774672
6,0.3,1766756774822
6,0.3,1766756774975
6,0.28,1766756775127
6,0.19,1766756775282
6,0.24,1766756775439
6,0.34,1766756775592
6,0.34,1766756775743
6,0.19,1766756775889
6,0.27,1766756776032
6,0.31,1766756776195
6,0.31,1766756776356
6,0.19,1766756776522
6,0.19,1766756776667
6,0.37,1766756776814
6,0.37,1766756776961
6,0.21,1766756777113
6,0.19,1766756777264
6,0.38,1766756777416
6,0.38,1766756777571
6,0.2,1766756777727
6,0.19,1766756777878
6,0.32,1766756778032
6,0.32,1766756778187
6,0.27,1766756778347
6,0.19,1766756778513
6,0.19,1766756778687
6,0.27,1766756778846
6,0.27,1766756778996
6,0.32,1766756779151
6,0.19,1766756779306
6,0.22,1766756779456
6,0.36,1766756779605
6,0.36,1766756779754
6,0.19,1766756779906
6,0.22,1766756780059
6,0.36,1766756780212
6,0.36,1766756780367
6,0.19,1766756780519
6,0.19,1766756780674
6,0.37,1766756780831
6,0.37,1766756780988
6,0.21,1766756781139
6,0.19,1766756781300
6,0.28,1766756781450
6,0.28,1766756781595
6,0.31,1766756781738
6,0.19,1766756781883
6,0.33,1766756782049
6,0.33,1766756782213
6,0.26,1766756782378
6,0.19,1766756782523
6,0.21,1766756782668
6,0.38,1766756782815
6,0.38,1766756782969
6,0.19,1766756783125
6,0.19,1766756783278
6,0.39,1766756783432
6,0.39,1766756783585
6,0.19,1766756783741
6,0.19,1766756783893
6,0.36,1766756784050
6,0.22,1766756784223
6,0.22,1766756784402
6,0.19,1766756784570
6,0.19,1766756784725
6,0.2,1766756784879
6,0.38,1766756785034
6,0.38,1766756785191
6,0.19,1766756785340
6,0.19,1766756785493
6,0.39,1766756785644
6,0.39,1766756785800
6,0.19,1766756785952
6,0.19,1766756786106
6,0.32,1766756786260
6,0.32,1766756786413
6,0.26,1766756786563
6,0.19,1766756786717
6,0.28,1766756786871
6,0.28,1766756787027
6,0.3,1766756787191
6,0.19,1766756787335
6,0.23,1766756787481
6,0.23,1766756787626
6,0.36,1766756787776
6,0.19,1766756787934
6,0.2,1766756788093
6,0.38,1766756788251
6,0.38,1766756788399
6,0.19,1766756788549
6,0.19,1766756788699
6,0.39,1766756788854
6,0.39,1766756789005
6,0.19,1766756789160
6,0.19,1766756789312
6,0.34,1766756789470
6,0.34,1766756789623
6,0.24,1766756789777
6,0.19,1766756789951
6,0.19,1766756790121
6,0.27,1766756790288
6,0.27,1766756790439
6,0.31,1766756790596
6,0.19,1766756790748
6,0.19,1766756790909
6,0.39,1766756791062
6,0.39,1766756791211
6,0.2,1766756791361
6,0.19,1766756791512
6,0.38,1766756791667
6,0.38,1766756791822
6,0.2,1766756791977
6,0.19,1766756792130
6,0.31,1766756792284
6,0.31,1766756792439
6,0.28,1766756792593
6,0.19,1766756792748
6,0.24,1766756792902
6,0.35,1766756793058
6,0.35,1766756793202
6,0.19,1766756793349
6,0.26,1766756793495
6,0.26,1766756793648
6,0.32,1766756793807
6,0.19,1766756793967
6,0.19,1766756794124
6,0.39,1766756794267
6,0.39,1766756794418
6,0.19,1766756794567
6,0.19,1766756794722
6,0.39,1766756794873
6,0.39,1766756795031
6,0.19,1766756795183
6,0.19,1766756795338
6,0.32,1766756795492
6,0.32,1766756795652
6,0.26,1766756795818
6,0.19,1766756796001
6,0.19,1766756796166
6,0.2,1766756796322
6,0.39,1766756796474
6,0.39,1766756796633
6,0.19,1766756796794
6,0.19,1766756796945
6,0.35,1766756797092
6,0.35,1766756797244
6,0.24,1766756797398
6,0.19,1766756797550
6,0.32,1766756797702
6,0.32,1766756797853
6,0.26,1766756798004
6,0.19,1766756798154
6,0.31,1766756798308
6,0.31,1766756798461
6,0.27,1766756798617
6,0.19,1766756798773
6,0.25,1766756798917
6,0.25,1766756799063
6,0.34,1766756799209
6,0.19,1766756799355
6,0.35,1766756799505
6,0.35,1766756799667
6,0.23,1766756799828
6,0.19,1766756799986
6,0.21,1766756800129
6,0.38,1766756800282
6,0.38,1766756800430
6,0.19,1766756800584
6,0.19,1766756800737
6,0.39,1766756800890
6,0.39,1766756801039
6,0.19,1766756801195
6,0.19,1766756801348
6,0.31,1766756801521
6,0.31,1766756801685
6,0.28,1766756801854
6,0.19,1766756802005
6,0.19,1766756802161
6,0.34,1766756802319
6,0.34,1766756802479
6,0.24,1766756802635
6,0.19,1766756802789
6,0.23,1766756802937
6,0.36,1766756803091
6,0.36,1766756803243
6,0.19,1766756803397
6,0.19,1766756803546
6,0.39,1766756803699
6,0.39,1766756803848
6,0.19,1766756804002
6,0.19,1766756804155
6,0.39,1766756804310
6,0.39,1766756804464
6,0.19,1766756804616
6,0.19,1766756804760
6,0.39,1766756804905
6,0.39,1766756805054
6,0.19,1766756805199
6,0.23,1766756805352
6,0.36,1766756805514
6,0.36,1766756805678
6,0.19,1766756805836
6,0.19,1766756805983
6,0.27,1766756806139
6,0.27,1766756806288
6,0.32,1766756806444
6,0.19,1766756806598
6,0.24,1766756806748
6,0.34,1766756806901
6,0.34,1766756807054
6,0.19,1766756807216
6,0.19,1766756807383
6,0.24,1766756807561
6,0.33,1766756807722
6,0.33,1766756807872
6,0.2,1766756808025
6,0.19,1766756808187
6,0.3,1766756808344
6,0.3,1766756808503
6,0.28,1766756808654
6,0.19,1766756808807
6,0.22,1766756808962
6,0.37,1766756809115
6,0.37,1766756809265
6,0.19,1766756809417
6,0.2,1766756809567
6,0.39,1766756809716
6,0.39,1766756809868
6,0.19,1766756810021
6,0.19,1766756810176
6,0.39,1766756810326
6,0.39,1766756810473
6,0.19,1766756810620
6,0.22,1766756810765
6,0.36,1766756810914
6,0.36,1766756811061
6,0.19,1766756811210
6,0.22,1766756811371
6,0.37,1766756811530
6,0.37,1766756811692
6,0.19,1766756811840
6,0.19,1766756811992
6,0.38,1766756812139
6,0.38,1766756812296
6,0.21,1766756812450
6,0.19,1766756812598
6,0.33,1766756812753
6,0.33,1766756812904
6,0.26,1766756813072
6,0.19,1766756813237
6,0.19,1766756813411
6,0.29,1766756813563
6,0.29,1766756813723
6,0.29,1766756813878
6,0.19,1766756814038
6,0.19,1766756814195
6,0.35,1766756814355
6,0.35,1766756814514
6,0.23,1766756814666
6,0.19,1766756814820
6,0.26,1766756814971
6,0.26,1766756815125
6,0.32,1766756815275
6,0.19,1766756815425
6,0.26,1766756815576
6,0.26,1766756815729
6,0.32,1766756815881
6,0.19,1766756816038
6,0.21,1766756816187
6,0.37,1766756816334
6,0.37,1766756816477
6,0.19,1766756816622
6,0.3,1766756816769
6,0.3,1766756816914
6,0.28,1766756817068
6,0.19,1766756817236
6,0.19,1766756817407
6,0.34,1766756817564
6,0.34,1766756817710
6,0.24,1766756817863
6,0.19,1766756818019
6,0.32,1766756818173
6,0.32,1766756818323
6,0.26,1766756818476
6,0.19,1766756818628
6,0.25,1766756818795
6,0.33,1766756818968
6,0.33,1766756819141
6,0.19,1766756819296
6,0.19,1766756819456
6,0.19,1766756819610
6,0.36,1766756819775
6,0.36,1766756819937
6,0.22,1766756820099
6,0.19,1766756820263
6,0.19,1766756820419
6,0.38,1766756820574
6,0.38,1766756820729
6,0.2,1766756820882
6,0.19,1766756821037
6,0.32,1766756821188
6,0.32,1766756821342
6,0.27,1766756821494
6,0.19,1766756821651
6,0.24,1766756821808
6,0.35,1766756821958
6,0.35,1766756822103
6,0.19,1766756822253
6,0.29,1766756822397
6,0.29,1766756822548
6,0.29,1766756822693
6,0.19,1766756822840
6,0.32,1766756822998
6,0.32,1766756823157
6,0.27,1766756823330
6,0.19,1766756823483
6,0.19,1766756823631
6,0.39,1766756823784
6,0.39,1766756823940
6,0.19,1766756824089
6,0.19,1766756824246
6,0.35,1766756824396
6,0.35,1766756824556
6,0.24,1766756824723
6,0.19,1766756824899
6,0.19,1766756825059
6,0.29,1766756825211
6,0.29,1766756825365
6,0.29,1766756825521
6,0.19,1766756825680
6,0.19,1766756825837
6,0.39,1766756825995
6,0.39,1766756826155
6,0.19,1766756826308
6,0.19,1766756826461
6,0.33,1766756826611
6,0.33,1766756826762
6,0.26,1766756826912
6,0.19,1766756827064
6,0.29,1766756827220
6,0.29,1766756827373
6,0.29,1766756827524
6,0.19,1766756827679
6,0.28,1766756827824
6,0.28,1766756827970
6,0.31,1766756828116
6,0.19,1766756828259
6,0.38,1766756828407
6,0.38,1766756828554
6,0.2,1766756828698
6,0.19,1766756828852
6,0.39,1766756829009
6,0.39,1766756829176
6,0.19,1766756829331
6,0.19,1766756829481
6,0.26,1766756829635
6,0.26,1766756829785
6,0.32,1766756829939
6,0.19,1766756830089
6,0.24,1766756830249
6,0.34,1766756830414
6,0.34,1766756830581
6,0.19,1766756830754
6,0.19,1766756830910
6,0.19,1766756831068
6,0.35,1766756831226
6,0.35,1766756831385
6,0.23,1766756831546
6,0.19,1766756831705
6,0.19,1766756831868
6,0.36,1766756832027
6,0.36,1766756832185
6,0.23,1766756832338
6,0.19,1766756832493
6,0.28,1766756832644
6,0.28,1766756832800
6,0.3,1766756832951
6,0.19,1766756833103
6,0.23,1766756833258
6,0.36,1766756833413
6,0.36,1766756833560
6,0.19,1766756833702
6,0.28,1766756833848
6,0.28,1766756833995
6,0.3,1766756834144
6,0.19,1766756834287
6,0.36,1766756834433
6,0.36,1766756834577
6,0.22,1766756834744
6,0.19,1766756834905
6,0.22,1766756835068
6,0.36,1766756835218
6,0.36,1766756835368
6,0.19,1766756835516
6,0.23,1766756835666
6,0.35,1766756835819
6,0.35,1766756835966
6,0.19,1766756836130
6,0.19,1766756836301
6,0.23,1766756836476
6,0.35,1766756836630
6,0.35,1766756836786
6,0.19,1766756836938
6,0.19,1766756837101
6,0.32,1766756837256
6,0.32,1766756837411
6,0.27,1766756837572
6,0.19,1766756837732
6,0.19,1766756837892
6,0.38,1766756838046
6,0.38,1766756838197
6,0.2,1766756838346
6,0.19,1766756838498
6,0.37,1766756838650
6,0.37,1766756838802
6,0.22,1766756838956
6,0.19,1766756839107
6,0.33,1766756839262
6,0.33,1766756839406
6,0.25,1766756839550
6,0.19,1766756839693
6,0.39,1766756839840
6,0.39,1766756839985
6,0.19,1766756840132
6,0.25,1766756840277
6,0.25,1766756840419
6,0.33,1766756840583
6,0.19,1766756840748
6,0.19,1766756840914
6,0.35,1766756841061
6,0.35,1766756841223
6,0.23,1766756841371
6,0.19,1766756841529
6,0.28,1766756841679
6,0.28,1766756841837
6,0.31,1766756842001
6,0.19,1766756842176
6,0.19,1766756842345
6,0.21,1766756842501
6,0.37,1766756842657
6,0.37,1766756842813
6,0.19,1766756842974
6,0.19,1766756843133
6,0.26,1766756843292
6,0.33,1766756843454
6,0.33,1766756843613
6,0.19,1766756843769
6,0.19,1766756843921
6,0.36,1766756844072
6,0.36,1766756844225
6,0.23,1766756844375
6,0.19,1766756844527
6,0.33,1766756844680
6,0.33,1766756844833
6,0.25,1766756844982
6,0.19,1766756845129
6,0.38,1766756845273
6,0.38,1766756845420
6,0.21,1766756845563
6,0.19,1766756845713
6,0.39,1766756845856
6,0.39,1766756846000
6,0.19,1766756846144
6,0.31,1766756846288
6,0.31,1766756846452
6,0.27,1766756846613
6,0.19,1766756846785
6,0.19,1766756846934
6,0.34,1766756847086
6,0.34,1766756847237
6,0.25,1766756847389
6,0.19,1766756847539
6,0.27,1766756847711
6,0.32,1766756847879
6,0.32,1766756848046
6,0.19,1766756848200
6,0.19,1766756848361
6,0.23,1766756848517
6,0.36,1766756848678
6,0.36,1766756848836
6,0.19,1766756848993
6,0.19,1766756849151
6,0.27,1766756849315
6,0.32,1766756849478
6,0.32,1766756849634
6,0.19,1766756849788
6,0.19,1766756849942
6,0.36,1766756850095
6,0.36,1766756850252
6,0.23,1766756850404
6,0.19,1766756850559
6,0.28,1766756850713
6,0.28,1766756850863
6,0.31,1766756851008
6,0.19,1766756851158
6,0.32,1766756851306
6,0.32,1766756851458
6,0.27,1766756851602
6,0.19,1766756851748
6,0.39,1766756851892
6,0.39,1766756852040
6,0.2,1766756852195
6,0.19,1766756852357
6,0.28,1766756852520
6,0.31,1766756852679
6,0.31,1766756852827
6,0.19,1766756852978
6,0.23,1766756853132
6,0.35,1766756853284
6,0.35,1766756853450
6,0.19,1766756853619
6,0.19,1766756853791
6,0.19,1766756853947
6,0.34,1766756854114
6,0.34,1766756854268
6,0.24,1766756854433
6,0.19,1766756854594
6,0.19,1766756854754
6,0.35,1766756854915
6,0.35,1766756855076
6,0.23,1766756855235
6,0.19,1766756855390
6,0.21,1766756855542
6,0.38,1766756855696
6,0.38,1766756855845
6,0.19,1766756855998
6,0.19,1766756856150
6,0.39,1766756856304
6,0.39,1766756856456
6,0.19,1766756856604
6,0.2,1766756856746
6,0.39,1766756856893
6,0.39,1766756857037
6,0.19,1766756857184
6,0.3,1766756857330
6,0.3,1766756857475
6,0.28,1766756857618
6,0.19,1766756857768
6,0.39,1766756857913
6,0.39,1766756858072
6,0.19,1766756858231
6,0.19,1766756858400
6,0.19,1766756858561
6,0.39,1766756858710
6,0.39,1766756858863
6,0.19,1766756859010
6,0.19,1766756859170
6,0.33,1766756859333
6,0.25,1766756859510
6,0.25,1766756859673
6,0.19,1766756859831
6,0.19,1766756859989
6,0.27,1766756860150
6,0.31,1766756860310
6,0.31,1766756860468
6,0.19,1766756860627
6,0.19,1766756860789
6,0.27,1766756860953
6,0.32,1766756861114
6,0.32,1766756861271
6,0.19,1766756861425
6,0.19,1766756861578
6,0.38,1766756861729
6,0.38,1766756861883
6,0.2,1766756862037
6,0.19,1766756862191
6,0.31,1766756862342
6,0.31,1766756862488
6,0.27,1766756862632
6,0.19,1766756862778
6,0.39,1766756862925
6,0.39,1766756863071
6,0.19,1766756863221
6,0.21,1766756863367
6,0.38,1766756863516
6,0.38,1766756863661
6,0.19,1766756863811
6,0.2,1766756863977
6,0.38,1766756864140
6,0.38,1766756864308
6,0.19,1766756864453
6,0.19,1766756864600
6,0.32,1766756864749
6,0.32,1766756864905
6,0.26,1766756865071
6,0.19,1766756865236
6,0.19,1766756865405
6,0.3,1766756865557
6,0.3,1766756865716
6,0.28,1766756865873
6,0.19,1766756866031
6,0.19,1766756866187
6,0.39,1766756866342
6,0.39,1766756866499
6,0.19,1766756866657
6,0.19,1766756866817
6,0.24,1766756866975
6,0.34,1766756867134
6,0.34,1766756867285
6,0.19,1766756867434
6,0.19,1766756867587
6,0.39,1766756867737
6,0.39,1766756867890
6,0.19,1766756868043
6,0.19,1766756868186
6,0.39,1766756868330
6,0.39,1766756868471
6,0.19,1766756868617
6,0.33,1766756868760
6,0.33,1766756868906
6,0.25,1766756869049
6,0.19,1766756869191
6,0.39,1766756869335
6,0.39,1766756869485
6,0.19,1766756869630
6,0.24,1766756869787
6,0.34,1766756869947
6,0.34,1766756870123
6,0.19,1766756870277
6,0.19,1766756870428
6,0.3,1766756870574
6,0.3,1766756870733
6,0.29,1766756870897
6,0.19,1766756871068
6,0.19,1766756871228
6,0.29,1766756871383
6,0.29,1766756871534
6,0.3,1766756871690
6,0.19,1766756871847
6,0.19,1766756872004
6,0.39,1766756872160
6,0.39,1766756872322
6,0.19,1766756872484
6,0.19,1766756872644
6,0.21,1766756872803
6,0.37,1766756872961
6,0.37,1766756873112
6,0.19,1766756873262
6,0.19,1766756873417
6,0.35,1766756873574
6,0.35,1766756873725
6,0.23,1766756873876
6,0.19,1766756874018
6,0.39,1766756874160
6,0.39,1766756874301
6,0.19,1766756874448
6,0.28,1766756874592
6,0.28,1766756874738
6,0.31,1766756874882
6,0.19,1766756875026
6,0.39,1766756875168
6,0.39,1766756875313
6,0.19,1766756875459
6,0.23,1766756875611
6,0.36,1766756875772
6,0.36,1766756875942
6,0.19,1766756876097
6,0.19,1766756876250
6,0.28,1766756876398
6,0.28,1766756876562
6,0.31,1766756876731
6,0.19,1766756876905
6,0.19,1766756877058
6,0.19,1766756877227
6,0.38,1766756877384
6,0.38,1766756877546
6,0.2,1766756877705
6,0.19,1766756877865
6,0.2,1766756878024
6,0.38,1766756878183
6,0.38,1766756878344
6,0.19,1766756878503
6,0.19,1766756878665
6,0.22,1766756878820
6,0.36,1766756878972
6,0.36,1766756879122
6,0.19,1766756879274
6,0.2,1766756879427
6,0.38,1766756879580
6,0.38,1766756879728
6,0.19,1766756879869
6,0.27,1766756880013
6,0.27,1766756880154
6,0.32,1766756880301
6,0.19,1766756880446
6,0.38,1766756880594
6,0.38,1766756880739
6,0.2,1766756880885
6,0.21,1766756881029
6,0.37,1766756881186
6,0.37,1766756881336
6,0.19,1766756881493
6,0.19,1766756881663
6,0.22,1766756881837
6,0.36,1766756881987
6,0.36,1766756882132
6,0.19,1766756882289
6,0.19,1766756882452
6,0.28,1766756882628
6,0.3,1766756882789
6,0.3,1766756882945
6,0.19,1766756883096
6,0.19,1766756883254
6,0.35,1766756883413
6,0.35,1766756883569
6,0.23,1766756883728
6,0.19,1766756883886
6,0.21,1766756884045
6,0.38,1766756884205
6,0.38,1766756884362
6,0.19,1766756884521
6,0.19,1766756884676
6,0.3,1766756884825
6,0.3,1766756884979
6,0.28,1766756885133
6,0.19,1766756885286
6,0.26,1766756885435
6,0.26,1766756885578
6,0.32,1766756885724
6,0.19,1766756885867
6,0.39,1766756886010
6,0.39,1766756886156
6,0.19,1766756886304
6,0.22,1766756886447
6,0.22,1766756886594
6,0.36,1766756886741
6,0.19,1766756886884
6,0.31,1766756887033
6,0.31,1766756887177
6,0.27,1766756887335
6,0.19,1766756887498
6,0.19,1766756887668
6,0.39,1766756887820
6,0.39,1766756887968
6,0.19,1766756888135
6,0.19,1766756888302
6,0.19,1766756888475
6,0.39,1766756888627
6,0.39,1766756888786
6,0.19,1766756888943
6,0.19,1766756889105
6,0.23,1766756889267
6,0.36,1766756889429
6,0.36,1766756889587
6,0.19,1766756889749
6,0.19,1766756889910
6,0.21,1766756890070
6,0.37,1766756890231
6,0.37,1766756890389
6,0.19,1766756890542
6,0.19,1766756890695
6,0.35,1766756890846
6,0.35,1766756891000
6,0.24,1766756891152
6,0.19,1766756891296
6,0.36,1766756891444
6,0.36,1766756891586
6,0.22,1766756891731
6,0.22,1766756891873
6,0.22,1766756892020
6,0.36,1766756892164
6,0.19,1766756892311
6,0.31,1766756892457
6,0.31,1766756892607
6,0.27,1766756892757
6,0.19,1766756892906
6,0.35,1766756893053
6,0.35,1766756893225
6,0.23,1766756893388
6,0.19,1766756893559
6,0.19,1766756893704
6,0.32,1766756893867
6,0.32,1766756894025
6,0.27,1766756894204
6,0.19,1766756894363
6,0.19,1766756894513
6,0.34,1766756894663
6,0.34,1766756894827
6,0.24,1766756894984
6,0.19,1766756895145
6,0.19,1766756895304
6,0.37,1766756895464
6,0.37,1766756895630
6,0.21,1766756895790
6,0.19,1766756895948
6,0.19,1766756896106
6,0.38,1766756896264
6,0.38,1766756896418
6,0.2,1766756896571
6,0.19,1766756896721
6,0.34,1766756896874
6,0.34,1766756897022
6,0.25,1766756897167
6,0.19,1766756897308
6,0.39,1766756897453
6,0.39,1766756897596
6,0.19,1766756897743
6,0.27,1766756897888
6,0.27,1766756898032
6,0.31,1766756898175
6,0.19,1766756898324
6,0.38,1766756898469
6,0.38,1766756898616
6,0.21,1766756898761
6,0.2,1766756898905
