gpu_memory_usage,Context.TRAINING,LoggingItemKind.SYSTEM_METRIC
0,0.6295769775917927,1766755884942
0,0.5221725201051165,1766755885178
0,0.5221725201051165,1766755885345
0,0.5221725201051165,1766755885507
0,0.5221725201051165,1766755885670
0,0.5221725201051165,1766755885833
0,0.5221725201051165,1766755885991
0,0.5221725201051165,1766755886141
0,0.5221725201051165,1766755886290
0,0.5221725201051165,1766755886440
0,0.5221725201051165,1766755886593
0,0.5221725201051165,1766755886743
0,0.5221725201051165,1766755886886
0,0.5221725201051165,1766755887028
0,0.5221725201051165,1766755887171
0,0.5221725201051165,1766755887315
0,0.5221725201051165,1766755887462
0,0.5221725201051165,1766755887605
0,0.5221725201051165,1766755887748
0,0.5221725201051165,1766755887897
0,0.5221725201051165,1766755888043
0,0.5221725201051165,1766755888187
0,0.5221725201051165,1766755888334
0,0.5221725201051165,1766755888479
0,0.5221725201051165,1766755888637
0,0.5221725201051165,1766755888795
0,0.5221725201051165,1766755888971
0,0.5221725201051165,1766755889123
0,0.5221725201051165,1766755889278
0,0.5221725201051165,1766755889430
0,0.5221725201051165,1766755889595
0,0.5221725201051165,1766755889771
0,0.5221725201051165,1766755889933
0,0.5221725201051165,1766755890088
0,0.5221725201051165,1766755890246
0,0.5221725201051165,1766755890409
0,0.5221725201051165,1766755890567
0,0.5221725201051165,1766755890724
0,0.5221725201051165,1766755890880
0,0.5221725201051165,1766755891038
0,0.5221725201051165,1766755891195
0,0.5221725201051165,1766755891356
0,0.5221725201051165,1766755891514
0,0.5221725201051165,1766755891674
0,0.5221725201051165,1766755891826
0,0.5221725201051165,1766755891978
0,0.5221725201051165,1766755892126
0,0.5221725201051165,1766755892280
0,0.5221725201051165,1766755892428
0,0.5221725201051165,1766755892580
0,0.5221725201051165,1766755892722
0,0.5221725201051165,1766755892868
0,0.5221725201051165,1766755893010
0,0.5221725201051165,1766755893152
0,0.5221725201051165,1766755893295
0,0.5221725201051165,1766755893441
0,0.5221725201051165,1766755893585
0,0.5221725201051165,1766755893733
0,0.5221725201051165,1766755893880
0,0.5221725201051165,1766755894028
0,0.5221725201051165,1766755894177
0,0.5221725201051165,1766755894322
0,0.5221725201051165,1766755894486
0,0.5221725201051165,1766755894654
0,0.5221725201051165,1766755894813
0,0.5221725201051165,1766755894965
0,0.5221725201051165,1766755895115
0,0.5221725201051165,1766755895271
0,0.5221725201051165,1766755895438
0,0.5221725201051165,1766755895613
0,0.5221725201051165,1766755895772
0,0.5221725201051165,1766755895929
0,0.5221725201051165,1766755896084
0,0.5221725201051165,1766755896243
0,0.5221725201051165,1766755896401
0,0.5221725201051165,1766755896560
0,0.5221725201051165,1766755896718
0,0.5221725201051165,1766755896879
0,0.5221725201051165,1766755897037
0,0.5221725201051165,1766755897198
0,0.5221725201051165,1766755897360
0,0.5221725201051165,1766755897519
0,0.5221725201051165,1766755897669
0,0.5221725201051165,1766755897817
0,0.5221725201051165,1766755897967
0,0.5221725201051165,1766755898117
0,0.5221725201051165,1766755898267
0,0.5221725201051165,1766755898418
0,0.5221725201051165,1766755898562
0,0.5221725201051165,1766755898704
0,0.5221725201051165,1766755898847
0,0.5221725201051165,1766755898996
0,0.5221725201051165,1766755899143
0,0.5221725201051165,1766755899289
0,0.5221725201051165,1766755899437
0,0.5221725201051165,1766755899584
0,0.5221725201051165,1766755899730
0,0.5221725201051165,1766755899879
0,0.5221725201051165,1766755900027
0,0.5221725201051165,1766755900191
0,0.5221725201051165,1766755900359
0,0.5221725201051165,1766755900527
0,0.5221725201051165,1766755900678
0,0.5221725201051165,1766755900832
0,0.5221725201051165,1766755900976
0,0.5221725201051165,1766755901146
0,0.5221725201051165,1766755901310
0,0.5221725201051165,1766755901485
0,0.5221725201051165,1766755901645
0,0.5221725201051165,1766755901803
0,0.5221725201051165,1766755901960
0,0.5221725201051165,1766755902121
0,0.5221725201051165,1766755902280
0,0.5221725201051165,1766755902436
0,0.5221725201051165,1766755902593
0,0.5221725201051165,1766755902750
0,0.5221725201051165,1766755902914
0,0.5221725201051165,1766755903075
0,0.5221725201051165,1766755903240
0,0.5221725201051165,1766755903395
0,0.5221725201051165,1766755903544
0,0.5221725201051165,1766755903694
0,0.5221725201051165,1766755903847
0,0.5221725201051165,1766755903998
0,0.5221725201051165,1766755904150
0,0.5221725201051165,1766755904301
0,0.5221725201051165,1766755904444
0,0.5221725201051165,1766755904587
0,0.5221725201051165,1766755904735
0,0.5221725201051165,1766755904881
0,0.5221725201051165,1766755905025
0,0.5221725201051165,1766755905168
0,0.5221725201051165,1766755905316
0,0.5221725201051165,1766755905459
0,0.5221725201051165,1766755905607
0,0.5221725201051165,1766755905752
0,0.5221725201051165,1766755905898
0,0.5221725201051165,1766755906061
0,0.5221725201051165,1766755906229
0,0.5221725201051165,1766755906386
0,0.5221725201051165,1766755906531
0,0.5221725201051165,1766755906687
0,0.5221725201051165,1766755906830
0,0.5221725201051165,1766755906995
0,0.5221725201051165,1766755907158
0,0.5221725201051165,1766755907330
0,0.5221725201051165,1766755907490
0,0.5221725201051165,1766755907650
0,0.5221725201051165,1766755907804
0,0.5221725201051165,1766755907963
0,0.5221725201051165,1766755908118
0,0.5221725201051165,1766755908275
0,0.5221725201051165,1766755908431
0,0.5221725201051165,1766755908589
0,0.5221725201051165,1766755908748
0,0.5221725201051165,1766755908907
0,0.5221725201051165,1766755909067
0,0.5221725201051165,1766755909218
0,0.5221725201051165,1766755909367
0,0.5221725201051165,1766755909515
0,0.5221725201051165,1766755909665
0,0.5221725201051165,1766755909815
0,0.5221725201051165,1766755909967
0,0.5221725201051165,1766755910119
0,0.5221725201051165,1766755910263
0,0.5221725201051165,1766755910406
0,0.5221725201051165,1766755910551
0,0.5221725201051165,1766755910694
0,0.5221725201051165,1766755910838
0,0.5221725201051165,1766755910988
0,0.5221725201051165,1766755911131
0,0.5221725201051165,1766755911274
0,0.5221725201051165,1766755911423
0,0.5221725201051165,1766755911567
0,0.5221725201051165,1766755911728
0,0.5221725201051165,1766755911887
0,0.5221725201051165,1766755912061
0,0.5221725201051165,1766755912218
0,0.5221725201051165,1766755912369
0,0.5221725201051165,1766755912519
0,0.5221725201051165,1766755912671
0,0.5221725201051165,1766755912837
0,0.5221725201051165,1766755912998
0,0.5221725201051165,1766755913175
0,0.5221725201051165,1766755913338
0,0.5221725201051165,1766755913498
0,0.5221725201051165,1766755913659
0,0.5221725201051165,1766755913817
0,0.5221725201051165,1766755913973
0,0.5221725201051165,1766755914129
0,0.5221725201051165,1766755914286
0,0.5221725201051165,1766755914447
0,0.5221725201051165,1766755914608
0,0.5221725201051165,1766755914769
0,0.5221725201051165,1766755914927
0,0.5221725201051165,1766755915075
0,0.5221725201051165,1766755915227
0,0.5221725201051165,1766755915375
0,0.5221725201051165,1766755915526
0,0.5221725201051165,1766755915680
0,0.5221725201051165,1766755915837
0,0.5221725201051165,1766755915992
0,0.5221725201051165,1766755916134
0,0.5221725201051165,1766755916279
0,0.5221725201051165,1766755916424
0,0.5221725201051165,1766755916567
0,0.5221725201051165,1766755916713
0,0.5221725201051165,1766755916858
0,0.5221725201051165,1766755917002
0,0.5221725201051165,1766755917153
0,0.5221725201051165,1766755917308
0,0.5221725201051165,1766755917464
0,0.5221725201051165,1766755917624
0,0.5221725201051165,1766755917790
0,0.5221725201051165,1766755917954
0,0.5221725201051165,1766755918101
0,0.5221725201051165,1766755918246
0,0.5221725201051165,1766755918397
0,0.5221725201051165,1766755918549
0,0.5221725201051165,1766755918714
0,0.5221725201051165,1766755918877
0,0.5221725201051165,1766755919056
0,0.5221725201051165,1766755919211
0,0.5221725201051165,1766755919372
0,0.5221725201051165,1766755919527
0,0.5221725201051165,1766755919690
0,0.5221725201051165,1766755919847
0,0.5221725201051165,1766755920002
0,0.5221725201051165,1766755920159
0,0.5221725201051165,1766755920317
0,0.5221725201051165,1766755920478
0,0.5221725201051165,1766755920638
0,0.5221725201051165,1766755920792
0,0.5221725201051165,1766755920940
0,0.5221725201051165,1766755921092
0,0.5221725201051165,1766755921241
0,0.5221725201051165,1766755921394
0,0.5221725201051165,1766755921543
0,0.5221725201051165,1766755921695
0,0.5221725201051165,1766755921844
0,0.5221725201051165,1766755921988
0,0.5221725201051165,1766755922135
0,0.5221725201051165,1766755922283
0,0.5221725201051165,1766755922426
0,0.5221725201051165,1766755922579
0,0.5221725201051165,1766755922723
0,0.5221725201051165,1766755922869
0,0.5221725201051165,1766755923012
0,0.5221725201051165,1766755923158
0,0.5221725201051165,1766755923319
0,0.5221725201051165,1766755923472
0,0.5221725201051165,1766755923637
0,0.5221725201051165,1766755923791
0,0.5221725201051165,1766755923943
0,0.5221725201051165,1766755924088
0,0.5221725201051165,1766755924246
0,0.5221725201051165,1766755924399
0,0.5221725201051165,1766755924568
0,0.5221725201051165,1766755924733
0,0.5221725201051165,1766755924916
0,0.5221725201051165,1766755925076
0,0.5221725201051165,1766755925237
0,0.5221725201051165,1766755925392
0,0.5221725201051165,1766755925556
0,0.5221725201051165,1766755925714
0,0.5221725201051165,1766755925872
0,0.5221725201051165,1766755926034
0,0.5221725201051165,1766755926195
0,0.5221725201051165,1766755926360
0,0.5221725201051165,1766755926513
0,0.5221725201051165,1766755926666
0,0.5221725201051165,1766755926820
0,0.5221725201051165,1766755926971
0,0.5221725201051165,1766755927126
0,0.5221725201051165,1766755927282
0,0.5221725201051165,1766755927437
0,0.5221725201051165,1766755927591
0,0.5221725201051165,1766755927743
0,0.5221725201051165,1766755927892
0,0.5221725201051165,1766755928039
0,0.5221725201051165,1766755928185
0,0.5221725201051165,1766755928336
0,0.5221725201051165,1766755928480
0,0.5221725201051165,1766755928630
0,0.5221725201051165,1766755928776
0,0.5221725201051165,1766755928924
0,0.5221725201051165,1766755929081
0,0.5221725201051165,1766755929243
0,0.5221725201051165,1766755929413
0,0.5221725201051165,1766755929566
0,0.5221725201051165,1766755929722
0,0.5221725201051165,1766755929866
0,0.5221725201051165,1766755930020
0,0.5221725201051165,1766755930172
0,0.5221725201051165,1766755930325
0,0.5221725201051165,1766755930493
0,0.5221725201051165,1766755930667
0,0.5221725201051165,1766755930837
0,0.5221725201051165,1766755930992
0,0.5221725201051165,1766755931148
0,0.5221725201051165,1766755931307
0,0.5221725201051165,1766755931464
0,0.5221725201051165,1766755931621
0,0.5221725201051165,1766755931778
0,0.5221725201051165,1766755931937
0,0.5221725201051165,1766755932098
0,0.5221725201051165,1766755932251
0,0.5221725201051165,1766755932406
0,0.5221725201051165,1766755932557
0,0.5221725201051165,1766755932709
0,0.5221725201051165,1766755932858
0,0.5221725201051165,1766755933010
0,0.5221725201051165,1766755933158
0,0.5221725201051165,1766755933308
0,0.5221725201051165,1766755933456
0,0.5221725201051165,1766755933604
0,0.5221725201051165,1766755933750
0,0.5221725201051165,1766755933898
0,0.5221725201051165,1766755934041
0,0.5221725201051165,1766755934189
0,0.5221725201051165,1766755934332
0,0.5221725201051165,1766755934485
0,0.5221725201051165,1766755934628
0,0.5221725201051165,1766755934777
0,0.5221725201051165,1766755934939
0,0.5221725201051165,1766755935105
0,0.5221725201051165,1766755935264
0,0.5221725201051165,1766755935409
0,0.5221725201051165,1766755935567
0,0.5221725201051165,1766755935715
0,0.5221725201051165,1766755935872
0,0.5221725201051165,1766755936025
0,0.5221725201051165,1766755936179
0,0.5221725201051165,1766755936350
0,0.5221725201051165,1766755936524
0,0.5221725201051165,1766755936693
0,0.5221725201051165,1766755936846
0,0.5221725201051165,1766755937003
0,0.5221725201051165,1766755937161
0,0.5221725201051165,1766755937317
0,0.5221725201051165,1766755937473
0,0.5221725201051165,1766755937630
0,0.5221725201051165,1766755937793
0,0.5221725201051165,1766755937953
0,0.5221725201051165,1766755938103
0,0.5221725201051165,1766755938255
0,0.5221725201051165,1766755938406
0,0.5221725201051165,1766755938559
0,0.5221725201051165,1766755938707
0,0.5221725201051165,1766755938861
0,0.5221725201051165,1766755939013
0,0.5221725201051165,1766755939168
0,0.5221725201051165,1766755939318
0,0.5221725201051165,1766755939470
0,0.5221725201051165,1766755939615
0,0.5221725201051165,1766755939763
0,0.5221725201051165,1766755939913
0,0.5221725201051165,1766755940059
0,0.5221725201051165,1766755940202
0,0.5221725201051165,1766755940353
0,0.5221725201051165,1766755940495
0,0.5221725201051165,1766755940663
0,0.5221725201051165,1766755940816
0,0.5221725201051165,1766755940986
0,0.5221725201051165,1766755941133
0,0.5221725201051165,1766755941284
0,0.5221725201051165,1766755941435
0,0.5221725201051165,1766755941589
0,0.5221725201051165,1766755941744
0,0.5221725201051165,1766755941897
0,0.5221725201051165,1766755942054
0,0.5221725201051165,1766755942224
0,0.5221725201051165,1766755942408
0,0.5221725201051165,1766755942575
0,0.5221725201051165,1766755942730
0,0.5221725201051165,1766755942881
0,0.5221725201051165,1766755943039
0,0.5221725201051165,1766755943194
0,0.5221725201051165,1766755943353
0,0.5221725201051165,1766755943509
0,0.5221725201051165,1766755943670
0,0.5221725201051165,1766755943822
0,0.5221725201051165,1766755943973
0,0.5221725201051165,1766755944122
0,0.5221725201051165,1766755944273
0,0.5221725201051165,1766755944423
0,0.5221725201051165,1766755944571
0,0.5221725201051165,1766755944720
0,0.5221725201051165,1766755944870
0,0.5221725201051165,1766755945021
0,0.5221725201051165,1766755945174
0,0.5221725201051165,1766755945321
0,0.5221725201051165,1766755945466
0,0.5221725201051165,1766755945610
0,0.5221725201051165,1766755945756
0,0.5221725201051165,1766755945899
0,0.5221725201051165,1766755946044
0,0.5221725201051165,1766755946188
0,0.5221725201051165,1766755946333
0,0.5221725201051165,1766755946497
0,0.5221725201051165,1766755946667
0,0.5221725201051165,1766755946826
0,0.5221725201051165,1766755946976
0,0.5221725201051165,1766755947125
0,0.5221725201051165,1766755947274
0,0.5221725201051165,1766755947426
0,0.5221725201051165,1766755947577
0,0.5221725201051165,1766755947727
0,0.5221725201051165,1766755947877
0,0.5221725201051165,1766755948046
0,0.5221725201051165,1766755948215
0,0.5221725201051165,1766755948388
0,0.5221725201051165,1766755948543
0,0.5221725201051165,1766755948703
0,0.5221725201051165,1766755948859
0,0.5221725201051165,1766755949014
0,0.5221725201051165,1766755949174
0,0.5221725201051165,1766755949332
0,0.5221725201051165,1766755949494
0,0.5221725201051165,1766755949643
0,0.5221725201051165,1766755949796
0,0.5221725201051165,1766755949949
0,0.5221725201051165,1766755950103
0,0.5221725201051165,1766755950253
0,0.5221725201051165,1766755950404
0,0.5221725201051165,1766755950554
0,0.5221725201051165,1766755950705
0,0.5221725201051165,1766755950856
0,0.5221725201051165,1766755951011
0,0.5221725201051165,1766755951163
0,0.5221725201051165,1766755951310
0,0.5221725201051165,1766755951459
0,0.5221725201051165,1766755951606
0,0.5221725201051165,1766755951749
0,0.5221725201051165,1766755951897
0,0.5221725201051165,1766755952039
0,0.5221725201051165,1766755952205
0,0.5221725201051165,1766755952358
0,0.5221725201051165,1766755952524
0,0.5221725201051165,1766755952674
0,0.5221725201051165,1766755952829
0,0.5221725201051165,1766755952975
0,0.5221725201051165,1766755953131
0,0.5221725201051165,1766755953284
0,0.5221725201051165,1766755953438
0,0.5221725201051165,1766755953593
0,0.5221725201051165,1766755953753
0,0.5221725201051165,1766755953920
0,0.5221725201051165,1766755954099
0,0.5221725201051165,1766755954267
0,0.5221725201051165,1766755954417
0,0.5221725201051165,1766755954572
0,0.5221725201051165,1766755954727
0,0.5221725201051165,1766755954881
0,0.5221725201051165,1766755955037
0,0.5221725201051165,1766755955195
0,0.5221725201051165,1766755955348
0,0.5221725201051165,1766755955500
0,0.5221725201051165,1766755955651
0,0.5221725201051165,1766755955801
0,0.5221725201051165,1766755955954
0,0.5221725201051165,1766755956105
0,0.5221725201051165,1766755956256
0,0.5221725201051165,1766755956407
0,0.5221725201051165,1766755956556
0,0.5221725201051165,1766755956709
0,0.5221725201051165,1766755956865
0,0.5221725201051165,1766755957014
0,0.5221725201051165,1766755957157
0,0.5221725201051165,1766755957308
0,0.5221725201051165,1766755957454
0,0.5221725201051165,1766755957600
0,0.5221725201051165,1766755957747
0,0.5221725201051165,1766755957895
0,0.5221725201051165,1766755958058
0,0.5221725201051165,1766755958226
0,0.5221725201051165,1766755958395
0,0.5221725201051165,1766755958539
0,0.5221725201051165,1766755958690
0,0.5221725201051165,1766755958837
0,0.5221725201051165,1766755958995
0,0.5221725201051165,1766755959148
0,0.5221725201051165,1766755959303
0,0.5221725201051165,1766755959457
0,0.5221725201051165,1766755959623
0,0.5221725201051165,1766755959792
0,0.5221725201051165,1766755959972
0,0.5221725201051165,1766755960135
0,0.5221725201051165,1766755960289
0,0.5221725201051165,1766755960441
0,0.5221725201051165,1766755960600
0,0.5221725201051165,1766755960759
0,0.5221725201051165,1766755960917
0,0.5221725201051165,1766755961074
0,0.5221725201051165,1766755961225
0,0.5221725201051165,1766755961379
0,0.5221725201051165,1766755961530
0,0.5221725201051165,1766755961683
0,0.5221725201051165,1766755961833
0,0.5221725201051165,1766755961991
0,0.5221725201051165,1766755962145
0,0.5221725201051165,1766755962295
0,0.5221725201051165,1766755962444
0,0.5221725201051165,1766755962602
0,0.5221725201051165,1766755962754
0,0.5221725201051165,1766755962900
0,0.5221725201051165,1766755963048
0,0.5221725201051165,1766755963194
0,0.5221725201051165,1766755963344
0,0.5221725201051165,1766755963490
0,0.5221725201051165,1766755963632
0,0.5221725201051165,1766755963799
0,0.5221725201051165,1766755963959
0,0.5221725201051165,1766755964118
0,0.5221725201051165,1766755964266
0,0.5221725201051165,1766755964419
0,0.5221725201051165,1766755964565
0,0.5221725201051165,1766755964722
0,0.5221725201051165,1766755964877
0,0.5221725201051165,1766755965031
0,0.5221725201051165,1766755965189
0,0.5221725201051165,1766755965345
0,0.5221725201051165,1766755965513
0,0.5221725201051165,1766755965683
0,0.5221725201051165,1766755965867
0,0.5221725201051165,1766755966022
0,0.5221725201051165,1766755966181
0,0.5221725201051165,1766755966334
0,0.5221725201051165,1766755966497
0,0.5221725201051165,1766755966659
0,0.5221725201051165,1766755966822
0,0.5221725201051165,1766755966975
0,0.5221725201051165,1766755967128
0,0.5221725201051165,1766755967281
0,0.5221725201051165,1766755967433
0,0.5221725201051165,1766755967584
0,0.5221725201051165,1766755967736
0,0.5221725201051165,1766755967883
0,0.5221725201051165,1766755968033
0,0.5221725201051165,1766755968184
0,0.5221725201051165,1766755968337
0,0.5221725201051165,1766755968488
0,0.5221725201051165,1766755968642
0,0.5221725201051165,1766755968789
0,0.5221725201051165,1766755968935
0,0.5221725201051165,1766755969079
0,0.5221725201051165,1766755969222
0,0.5221725201051165,1766755969366
0,0.5221725201051165,1766755969524
0,0.5221725201051165,1766755969684
0,0.5221725201051165,1766755969860
0,0.5221725201051165,1766755970013
0,0.5221725201051165,1766755970165
0,0.5221725201051165,1766755970311
0,0.5221725201051165,1766755970464
0,0.5221725201051165,1766755970620
0,0.5221725201051165,1766755970772
0,0.5221725201051165,1766755970924
0,0.5221725201051165,1766755971077
0,0.5221725201051165,1766755971233
0,0.5221725201051165,1766755971402
0,0.5221725201051165,1766755971569
0,0.5221725201051165,1766755971745
0,0.5221725201051165,1766755971899
0,0.5221725201051165,1766755972057
0,0.5221725201051165,1766755972212
0,0.5221725201051165,1766755972377
0,0.5221725201051165,1766755972535
0,0.5221725201051165,1766755972692
0,0.5221725201051165,1766755972844
0,0.5221725201051165,1766755973002
0,0.5221725201051165,1766755973155
0,0.5221725201051165,1766755973309
0,0.5221725201051165,1766755973461
0,0.5221725201051165,1766755973617
0,0.5221725201051165,1766755973768
0,0.5221725201051165,1766755973921
0,0.5221725201051165,1766755974075
0,0.5221725201051165,1766755974230
0,0.5221725201051165,1766755974384
0,0.5221725201051165,1766755974545
0,0.5221725201051165,1766755974690
0,0.5221725201051165,1766755974838
0,0.5221725201051165,1766755974987
0,0.5221725201051165,1766755975134
0,0.5221725201051165,1766755975294
0,0.5221725201051165,1766755975456
0,0.5221725201051165,1766755975622
0,0.5221725201051165,1766755975775
0,0.5221725201051165,1766755975927
0,0.5221725201051165,1766755976077
0,0.5221725201051165,1766755976234
0,0.5221725201051165,1766755976386
0,0.5221725201051165,1766755976541
0,0.5221725201051165,1766755976691
0,0.5221725201051165,1766755976849
0,0.5221725201051165,1766755977005
0,0.5221725201051165,1766755977162
0,0.5221725201051165,1766755977342
0,0.5221725201051165,1766755977522
0,0.5221725201051165,1766755977695
0,0.5221725201051165,1766755977850
0,0.5221725201051165,1766755978007
0,0.5221725201051165,1766755978164
0,0.5221725201051165,1766755978324
0,0.5221725201051165,1766755978480
0,0.5221725201051165,1766755978629
0,0.5221725201051165,1766755978781
0,0.5221725201051165,1766755978932
0,0.5221725201051165,1766755979082
0,0.5221725201051165,1766755979234
0,0.5221725201051165,1766755979385
0,0.5221725201051165,1766755979536
0,0.5221725201051165,1766755979687
0,0.5221725201051165,1766755979839
0,0.5221725201051165,1766755979994
0,0.5221725201051165,1766755980150
0,0.5221725201051165,1766755980305
0,0.5221725201051165,1766755980454
0,0.5221725201051165,1766755980602
0,0.5221725201051165,1766755980749
0,0.5221725201051165,1766755980897
0,0.5221725201051165,1766755981056
0,0.5221725201051165,1766755981216
0,0.5221725201051165,1766755981389
0,0.5221725201051165,1766755981540
0,0.5221725201051165,1766755981690
0,0.5221725201051165,1766755981837
0,0.5221725201051165,1766755981989
0,0.5221725201051165,1766755982143
0,0.5221725201051165,1766755982300
0,0.5221725201051165,1766755982452
0,0.5221725201051165,1766755982607
0,0.5221725201051165,1766755982764
0,0.5221725201051165,1766755982921
0,0.5221725201051165,1766755983090
0,0.5221725201051165,1766755983254
0,0.5221725201051165,1766755983433
0,0.5221725201051165,1766755983586
0,0.5221725201051165,1766755983746
0,0.5221725201051165,1766755983903
0,0.5221725201051165,1766755984068
0,0.5221725201051165,1766755984222
0,0.5221725201051165,1766755984372
0,0.5221725201051165,1766755984524
0,0.5221725201051165,1766755984676
0,0.5221725201051165,1766755984829
0,0.5221725201051165,1766755984981
0,0.5221725201051165,1766755985135
0,0.5221725201051165,1766755985286
0,0.5221725201051165,1766755985437
0,0.5221725201051165,1766755985587
0,0.5221725201051165,1766755985744
0,0.5221725201051165,1766755985899
0,0.5221725201051165,1766755986053
0,0.5221725201051165,1766755986209
0,0.5221725201051165,1766755986356
0,0.5221725201051165,1766755986502
0,0.5221725201051165,1766755986647
0,0.5221725201051165,1766755986800
0,0.5221725201051165,1766755986960
0,0.5221725201051165,1766755987127
0,0.5221725201051165,1766755987284
0,0.5221725201051165,1766755987427
0,0.5221725201051165,1766755987574
0,0.5221725201051165,1766755987731
0,0.5221725201051165,1766755987886
0,0.5221725201051165,1766755988039
0,0.5221725201051165,1766755988193
0,0.5221725201051165,1766755988347
0,0.5221725201051165,1766755988501
0,0.5221725201051165,1766755988656
0,0.5221725201051165,1766755988811
0,0.5221725201051165,1766755988986
0,0.5221725201051165,1766755989156
0,0.5221725201051165,1766755989334
0,0.5221725201051165,1766755989488
0,0.5221725201051165,1766755989650
0,0.5221725201051165,1766755989803
0,0.5221725201051165,1766755989961
0,0.5221725201051165,1766755990108
0,0.5221725201051165,1766755990258
0,0.5221725201051165,1766755990407
0,0.5221725201051165,1766755990556
0,0.5221725201051165,1766755990709
0,0.5221725201051165,1766755990863
0,0.5221725201051165,1766755991013
0,0.5221725201051165,1766755991167
0,0.5221725201051165,1766755991316
0,0.5221725201051165,1766755991471
0,0.5221725201051165,1766755991625
0,0.5221725201051165,1766755991779
0,0.5221725201051165,1766755991936
0,0.5221725201051165,1766755992090
0,0.5221725201051165,1766755992234
0,0.5221725201051165,1766755992379
0,0.5221725201051165,1766755992522
0,0.5221725201051165,1766755992685
0,0.5221725201051165,1766755992850
0,0.5221725201051165,1766755993016
0,0.5221725201051165,1766755993163
0,0.5221725201051165,1766755993313
0,0.5221725201051165,1766755993456
0,0.5221725201051165,1766755993616
0,0.5221725201051165,1766755993770
0,0.5221725201051165,1766755993922
0,0.5221725201051165,1766755994078
0,0.5221725201051165,1766755994236
0,0.5221725201051165,1766755994393
0,0.5221725201051165,1766755994549
0,0.5221725201051165,1766755994702
0,0.5221725201051165,1766755994870
0,0.5221725201051165,1766755995043
0,0.5221725201051165,1766755995213
0,0.5221725201051165,1766755995366
0,0.5221725201051165,1766755995527
0,0.5221725201051165,1766755995682
0,0.5221725201051165,1766755995835
0,0.5221725201051165,1766755995982
0,0.5221725201051165,1766755996133
0,0.5221725201051165,1766755996283
0,0.5221725201051165,1766755996435
0,0.5221725201051165,1766755996586
0,0.5221725201051165,1766755996740
0,0.5221725201051165,1766755996889
0,0.5221725201051165,1766755997041
0,0.5221725201051165,1766755997192
0,0.5221725201051165,1766755997345
0,0.5221725201051165,1766755997497
0,0.5221725201051165,1766755997655
0,0.5221725201051165,1766755997807
0,0.5221725201051165,1766755997959
0,0.5221725201051165,1766755998102
0,0.5221725201051165,1766755998248
0,0.5221725201051165,1766755998405
0,0.5221725201051165,1766755998560
0,0.5221725201051165,1766755998728
0,0.5221725201051165,1766755998878
0,0.5221725201051165,1766755999028
0,0.5221725201051165,1766755999173
0,0.5221725201051165,1766755999322
0,0.5221725201051165,1766755999477
0,0.5221725201051165,1766755999629
0,0.5221725201051165,1766755999781
0,0.5221725201051165,1766755999938
0,0.5221725201051165,1766756000093
0,0.5221725201051165,1766756000251
0,0.5221725201051165,1766756000403
0,0.5221725201051165,1766756000556
0,0.5221725201051165,1766756000727
0,0.5221725201051165,1766756000898
0,0.5221725201051165,1766756001065
0,0.5221725201051165,1766756001220
0,0.5221725201051165,1766756001377
0,0.5221725201051165,1766756001536
0,0.5221725201051165,1766756001685
0,0.5221725201051165,1766756001834
0,0.5221725201051165,1766756001982
0,0.5221725201051165,1766756002135
0,0.5221725201051165,1766756002287
0,0.5221725201051165,1766756002440
0,0.5221725201051165,1766756002592
0,0.5221725201051165,1766756002741
0,0.5221725201051165,1766756002891
0,0.5221725201051165,1766756003046
0,0.5221725201051165,1766756003201
0,0.5221725201051165,1766756003353
0,0.5221725201051165,1766756003512
0,0.5221725201051165,1766756003663
0,0.5221725201051165,1766756003819
0,0.5221725201051165,1766756003962
0,0.5221725201051165,1766756004107
0,0.5221725201051165,1766756004269
0,0.5221725201051165,1766756004437
0,0.5221725201051165,1766756004594
0,0.5221725201051165,1766756004739
0,0.5221725201051165,1766756004886
0,0.5221725201051165,1766756005029
0,0.5221725201051165,1766756005181
0,0.5221725201051165,1766756005335
0,0.5221725201051165,1766756005488
0,0.5221725201051165,1766756005644
0,0.5221725201051165,1766756005803
0,0.5221725201051165,1766756005956
0,0.5221725201051165,1766756006111
0,0.5221725201051165,1766756006263
0,0.5221725201051165,1766756006417
0,0.5221725201051165,1766756006582
0,0.5221725201051165,1766756006757
0,0.5221725201051165,1766756006927
0,0.5221725201051165,1766756007082
0,0.5221725201051165,1766756007240
0,0.5221725201051165,1766756007388
0,0.5221725201051165,1766756007539
0,0.5221725201051165,1766756007687
0,0.5221725201051165,1766756007839
0,0.5221725201051165,1766756007988
0,0.5221725201051165,1766756008139
0,0.5221725201051165,1766756008291
0,0.5221725201051165,1766756008448
0,0.5221725201051165,1766756008602
0,0.5221725201051165,1766756008758
0,0.5221725201051165,1766756008909
0,0.5221725201051165,1766756009061
0,0.5221725201051165,1766756009215
0,0.5221725201051165,1766756009370
0,0.5221725201051165,1766756009521
0,0.5221725201051165,1766756009671
0,0.5221725201051165,1766756009814
0,0.5221725201051165,1766756009971
0,0.5221725201051165,1766756010125
0,0.5221725201051165,1766756010307
0,0.5221725201051165,1766756010456
0,0.5221725201051165,1766756010602
0,0.5221725201051165,1766756010749
0,0.5221725201051165,1766756010899
0,0.5221725201051165,1766756011050
0,0.5221725201051165,1766756011200
0,0.5221725201051165,1766756011352
0,0.5221725201051165,1766756011504
0,0.5221725201051165,1766756011665
0,0.5221725201051165,1766756011818
0,0.5221725201051165,1766756011973
0,0.5221725201051165,1766756012124
0,0.5221725201051165,1766756012281
0,0.5221725201051165,1766756012446
0,0.5221725201051165,1766756012618
0,0.5221725201051165,1766756012784
0,0.5221725201051165,1766756012936
0,0.5221725201051165,1766756013090
0,0.5221725201051165,1766756013238
0,0.5221725201051165,1766756013393
0,0.5221725201051165,1766756013541
0,0.5221725201051165,1766756013692
0,0.5221725201051165,1766756013842
0,0.5221725201051165,1766756013996
0,0.5221725201051165,1766756014147
0,0.5221725201051165,1766756014301
0,0.5221725201051165,1766756014450
0,0.5221725201051165,1766756014604
0,0.5221725201051165,1766756014758
0,0.5221725201051165,1766756014912
0,0.5221725201051165,1766756015067
0,0.5221725201051165,1766756015220
0,0.5221725201051165,1766756015374
0,0.5221725201051165,1766756015523
0,0.5221725201051165,1766756015676
0,0.5221725201051165,1766756015834
0,0.5221725201051165,1766756016003
0,0.5221725201051165,1766756016159
0,0.5221725201051165,1766756016306
0,0.5221725201051165,1766756016452
0,0.5221725201051165,1766756016595
0,0.5221725201051165,1766756016750
0,0.5221725201051165,1766756016902
0,0.5221725201051165,1766756017054
0,0.5221725201051165,1766756017207
0,0.5221725201051165,1766756017363
0,0.5221725201051165,1766756017522
0,0.5221725201051165,1766756017677
0,0.5221725201051165,1766756017833
0,0.5221725201051165,1766756017986
0,0.5221725201051165,1766756018142
0,0.5221725201051165,1766756018307
0,0.5221725201051165,1766756018487
0,0.5221725201051165,1766756018662
0,0.5221725201051165,1766756018820
0,0.5221725201051165,1766756018964
0,0.5221725201051165,1766756019112
0,0.5221725201051165,1766756019264
0,0.5221725201051165,1766756019413
0,0.5221725201051165,1766756019564
0,0.5221725201051165,1766756019713
0,0.5221725201051165,1766756019865
0,0.5221725201051165,1766756020018
0,0.5221725201051165,1766756020170
0,0.5221725201051165,1766756020332
0,0.5221725201051165,1766756020488
0,0.5221725201051165,1766756020640
0,0.5221725201051165,1766756020801
0,0.5221725201051165,1766756020954
0,0.5221725201051165,1766756021110
0,0.5221725201051165,1766756021264
0,0.5221725201051165,1766756021410
0,0.5221725201051165,1766756021573
0,0.5221725201051165,1766756021734
0,0.5221725201051165,1766756021901
0,0.5221725201051165,1766756022046
0,0.5221725201051165,1766756022195
0,0.5221725201051165,1766756022337
0,0.5221725201051165,1766756022491
0,0.5221725201051165,1766756022639
0,0.5221725201051165,1766756022794
0,0.5221725201051165,1766756022950
0,0.5221725201051165,1766756023105
0,0.5221725201051165,1766756023261
0,0.5221725201051165,1766756023417
0,0.5221725201051165,1766756023569
0,0.5221725201051165,1766756023724
0,0.5221725201051165,1766756023877
0,0.5221725201051165,1766756024044
0,0.5221725201051165,1766756024209
0,0.5221725201051165,1766756024387
0,0.5221725201051165,1766756024548
0,0.5221725201051165,1766756024699
0,0.5221725201051165,1766756024843
0,0.5221725201051165,1766756024992
0,0.5221725201051165,1766756025140
0,0.5221725201051165,1766756025289
0,0.5221725201051165,1766756025438
0,0.5221725201051165,1766756025592
0,0.5221725201051165,1766756025743
0,0.5221725201051165,1766756025894
0,0.5221725201051165,1766756026048
0,0.5221725201051165,1766756026202
0,0.5221725201051165,1766756026357
0,0.5221725201051165,1766756026511
0,0.5221725201051165,1766756026665
0,0.5221725201051165,1766756026817
0,0.5221725201051165,1766756026971
0,0.5221725201051165,1766756027123
0,0.5221725201051165,1766756027285
0,0.5221725201051165,1766756027444
0,0.5221725201051165,1766756027612
0,0.5221725201051165,1766756027763
0,0.5221725201051165,1766756027918
0,0.5221725201051165,1766756028065
0,0.5221725201051165,1766756028219
0,0.5221725201051165,1766756028369
0,0.5221725201051165,1766756028520
0,0.5221725201051165,1766756028672
0,0.5221725201051165,1766756028828
0,0.5221725201051165,1766756028986
0,0.5221725201051165,1766756029147
0,0.5221725201051165,1766756029302
0,0.5221725201051165,1766756029455
0,0.5221725201051165,1766756029609
0,0.433676366989615,1766756029766
1,0.5221725201051165,1766756029936
1,0.5221725201051165,1766756030106
1,0.5221725201051165,1766756030284
1,0.5221725201051165,1766756030432
1,0.5221725201051165,1766756030585
1,0.5221725201051165,1766756030729
1,0.5221725201051165,1766756030885
1,0.5221725201051165,1766756031034
1,0.5221725201051165,1766756031187
1,0.5221725201051165,1766756031337
1,0.5221725201051165,1766756031490
1,0.5221725201051165,1766756031640
1,0.5221725201051165,1766756031792
1,0.5221725201051165,1766756031942
1,0.5221725201051165,1766756032098
1,0.5221725201051165,1766756032248
1,0.5221725201051165,1766756032405
1,0.5221725201051165,1766756032558
1,0.5221725201051165,1766756032713
1,0.5221725201051165,1766756032866
1,0.5221725201051165,1766756033028
1,0.5221725201051165,1766756033187
1,0.5221725201051165,1766756033362
1,0.5221725201051165,1766756033513
1,0.5221725201051165,1766756033656
1,0.5221725201051165,1766756033803
1,0.5221725201051165,1766756033951
1,0.5221725201051165,1766756034105
1,0.5221725201051165,1766756034254
1,0.5221725201051165,1766756034405
1,0.5221725201051165,1766756034560
1,0.5221725201051165,1766756034715
1,0.5221725201051165,1766756034873
1,0.5221725201051165,1766756035033
1,0.5221725201051165,1766756035188
1,0.5221725201051165,1766756035344
1,0.5221725201051165,1766756035497
1,0.5221725201051165,1766756035647
1,0.5221725201051165,1766756035821
1,0.5221725201051165,1766756035990
1,0.5221725201051165,1766756036171
1,0.5221725201051165,1766756036315
1,0.5221725201051165,1766756036466
1,0.5221725201051165,1766756036609
1,0.5221725201051165,1766756036761
1,0.5221725201051165,1766756036908
1,0.5221725201051165,1766756037057
1,0.5221725201051165,1766756037208
1,0.5221725201051165,1766756037369
1,0.5221725201051165,1766756037521
1,0.5221725201051165,1766756037674
1,0.5221725201051165,1766756037831
1,0.5221725201051165,1766756037983
1,0.5221725201051165,1766756038142
1,0.5221725201051165,1766756038295
1,0.5221725201051165,1766756038451
1,0.5221725201051165,1766756038605
1,0.5221725201051165,1766756038756
1,0.5221725201051165,1766756038927
1,0.5221725201051165,1766756039094
1,0.5221725201051165,1766756039252
1,0.5221725201051165,1766756039397
1,0.5221725201051165,1766756039554
1,0.5221725201051165,1766756039697
1,0.5221725201051165,1766756039849
1,0.5221725201051165,1766756039999
1,0.5221725201051165,1766756040151
1,0.5221725201051165,1766756040302
1,0.5221725201051165,1766756040457
1,0.5221725201051165,1766756040611
1,0.5221725201051165,1766756040769
1,0.5221725201051165,1766756040926
1,0.5221725201051165,1766756041081
1,0.5221725201051165,1766756041235
1,0.5221725201051165,1766756041388
1,0.5221725201051165,1766756041544
1,0.5221725201051165,1766756041713
1,0.5221725201051165,1766756041896
1,0.5221725201051165,1766756042049
1,0.5221725201051165,1766756042195
1,0.5221725201051165,1766756042338
1,0.5221725201051165,1766756042483
1,0.5221725201051165,1766756042630
1,0.5221725201051165,1766756042782
1,0.5221725201051165,1766756042930
1,0.5221725201051165,1766756043079
1,0.5221725201051165,1766756043230
1,0.5221725201051165,1766756043383
1,0.5221725201051165,1766756043533
1,0.5221725201051165,1766756043690
1,0.5221725201051165,1766756043841
1,0.5221725201051165,1766756043996
1,0.5221725201051165,1766756044147
1,0.5221725201051165,1766756044303
1,0.5221725201051165,1766756044453
1,0.5221725201051165,1766756044617
1,0.5221725201051165,1766756044776
1,0.5221725201051165,1766756044945
1,0.5221725201051165,1766756045097
1,0.5221725201051165,1766756045251
1,0.5221725201051165,1766756045397
1,0.5221725201051165,1766756045549
1,0.5221725201051165,1766756045697
1,0.5221725201051165,1766756045851
1,0.5221725201051165,1766756046000
1,0.5221725201051165,1766756046156
1,0.5221725201051165,1766756046309
1,0.5221725201051165,1766756046466
1,0.5221725201051165,1766756046620
1,0.5221725201051165,1766756046781
1,0.5221725201051165,1766756046934
1,0.5221725201051165,1766756047085
1,0.5221725201051165,1766756047237
1,0.5221725201051165,1766756047396
1,0.5221725201051165,1766756047561
1,0.5221725201051165,1766756047744
1,0.5221725201051165,1766756047898
1,0.5221725201051165,1766756048041
1,0.5221725201051165,1766756048185
1,0.5221725201051165,1766756048335
1,0.5221725201051165,1766756048486
1,0.5221725201051165,1766756048636
1,0.5221725201051165,1766756048784
1,0.5221725201051165,1766756048932
1,0.5221725201051165,1766756049081
1,0.5221725201051165,1766756049233
1,0.5221725201051165,1766756049387
1,0.5221725201051165,1766756049544
1,0.5221725201051165,1766756049703
1,0.5221725201051165,1766756049854
1,0.5221725201051165,1766756050007
1,0.5221725201051165,1766756050160
1,0.5221725201051165,1766756050313
1,0.5221725201051165,1766756050485
1,0.5221725201051165,1766756050652
1,0.5221725201051165,1766756050818
1,0.5221725201051165,1766756050964
1,0.5221725201051165,1766756051116
1,0.5221725201051165,1766756051260
1,0.5221725201051165,1766756051410
1,0.5221725201051165,1766756051561
1,0.5221725201051165,1766756051710
1,0.5221725201051165,1766756051861
1,0.5221725201051165,1766756052013
1,0.5221725201051165,1766756052167
1,0.5221725201051165,1766756052324
1,0.5221725201051165,1766756052477
1,0.5221725201051165,1766756052633
1,0.5221725201051165,1766756052786
1,0.5221725201051165,1766756052938
1,0.5221725201051165,1766756053094
1,0.5221725201051165,1766756053253
1,0.5221725201051165,1766756053420
1,0.5221725201051165,1766756053593
1,0.5221725201051165,1766756053747
1,0.5221725201051165,1766756053890
1,0.5221725201051165,1766756054036
1,0.5221725201051165,1766756054181
1,0.5221725201051165,1766756054331
1,0.5221725201051165,1766756054478
1,0.5221725201051165,1766756054629
1,0.5221725201051165,1766756054781
1,0.5221725201051165,1766756054934
1,0.5221725201051165,1766756055088
1,0.5221725201051165,1766756055242
1,0.5221725201051165,1766756055392
1,0.5221725201051165,1766756055546
1,0.5221725201051165,1766756055696
1,0.5221725201051165,1766756055855
1,0.5221725201051165,1766756056006
1,0.5221725201051165,1766756056175
1,0.5221725201051165,1766756056340
1,0.5221725201051165,1766756056507
1,0.5221725201051165,1766756056656
1,0.5221725201051165,1766756056808
1,0.5221725201051165,1766756056953
1,0.5221725201051165,1766756057102
1,0.5221725201051165,1766756057251
1,0.5221725201051165,1766756057404
1,0.5221725201051165,1766756057555
1,0.5221725201051165,1766756057708
1,0.5221725201051165,1766756057866
1,0.5221725201051165,1766756058021
1,0.5221725201051165,1766756058176
1,0.5221725201051165,1766756058333
1,0.5221725201051165,1766756058490
1,0.5221725201051165,1766756058647
1,0.5221725201051165,1766756058799
1,0.5221725201051165,1766756058952
1,0.5221725201051165,1766756059114
1,0.5221725201051165,1766756059280
1,0.5221725201051165,1766756059447
1,0.5221725201051165,1766756059598
1,0.5221725201051165,1766756059743
1,0.5221725201051165,1766756059886
1,0.5221725201051165,1766756060033
1,0.5221725201051165,1766756060181
1,0.5221725201051165,1766756060331
1,0.5221725201051165,1766756060477
1,0.5221725201051165,1766756060628
1,0.5221725201051165,1766756060787
1,0.5221725201051165,1766756060941
1,0.5221725201051165,1766756061097
1,0.5221725201051165,1766756061258
1,0.5221725201051165,1766756061412
1,0.5221725201051165,1766756061566
1,0.5221725201051165,1766756061721
1,0.5221725201051165,1766756061873
1,0.5221725201051165,1766756062045
1,0.5221725201051165,1766756062220
1,0.5221725201051165,1766756062381
1,0.5221725201051165,1766756062525
1,0.5221725201051165,1766756062677
1,0.5221725201051165,1766756062821
1,0.5221725201051165,1766756062974
1,0.5221725201051165,1766756063123
1,0.5221725201051165,1766756063274
1,0.5221725201051165,1766756063424
1,0.5221725201051165,1766756063576
1,0.5221725201051165,1766756063733
1,0.5221725201051165,1766756063886
1,0.5221725201051165,1766756064042
1,0.5221725201051165,1766756064194
1,0.5221725201051165,1766756064348
1,0.5221725201051165,1766756064500
1,0.5221725201051165,1766756064661
1,0.5221725201051165,1766756064814
1,0.5221725201051165,1766756064983
1,0.5221725201051165,1766756065143
1,0.5221725201051165,1766756065311
1,0.5221725201051165,1766756065464
1,0.5221725201051165,1766756065607
1,0.5221725201051165,1766756065750
1,0.5221725201051165,1766756065897
1,0.5221725201051165,1766756066047
1,0.5221725201051165,1766756066194
1,0.5221725201051165,1766756066341
1,0.5221725201051165,1766756066492
1,0.5221725201051165,1766756066641
1,0.5221725201051165,1766756066795
1,0.5221725201051165,1766756066947
1,0.5221725201051165,1766756067102
1,0.5221725201051165,1766756067253
1,0.5221725201051165,1766756067405
1,0.5221725201051165,1766756067555
1,0.5221725201051165,1766756067714
1,0.5221725201051165,1766756067877
1,0.5221725201051165,1766756068054
1,0.5221725201051165,1766756068208
1,0.5221725201051165,1766756068353
1,0.5221725201051165,1766756068497
1,0.5221725201051165,1766756068646
1,0.5221725201051165,1766756068797
1,0.5221725201051165,1766756068944
1,0.5221725201051165,1766756069094
1,0.5221725201051165,1766756069245
1,0.5221725201051165,1766756069398
1,0.5221725201051165,1766756069551
1,0.5221725201051165,1766756069706
1,0.5221725201051165,1766756069860
1,0.5221725201051165,1766756070011
1,0.5221725201051165,1766756070172
1,0.5221725201051165,1766756070327
1,0.5221725201051165,1766756070483
1,0.5221725201051165,1766756070638
1,0.5221725201051165,1766756070800
1,0.5221725201051165,1766756070964
1,0.5221725201051165,1766756071129
1,0.5221725201051165,1766756071284
1,0.5221725201051165,1766756071431
1,0.5221725201051165,1766756071581
1,0.5221725201051165,1766756071724
1,0.5221725201051165,1766756071876
1,0.5221725201051165,1766756072025
1,0.5221725201051165,1766756072175
1,0.5221725201051165,1766756072329
1,0.5221725201051165,1766756072485
1,0.5221725201051165,1766756072641
1,0.5221725201051165,1766756072794
1,0.5221725201051165,1766756072949
1,0.5221725201051165,1766756073100
1,0.5221725201051165,1766756073252
1,0.5221725201051165,1766756073401
1,0.5221725201051165,1766756073571
1,0.5221725201051165,1766756073742
1,0.5221725201051165,1766756073923
1,0.5221725201051165,1766756074068
1,0.5221725201051165,1766756074224
1,0.5221725201051165,1766756074366
1,0.5221725201051165,1766756074520
1,0.5221725201051165,1766756074669
1,0.5221725201051165,1766756074825
1,0.5221725201051165,1766756074975
1,0.5221725201051165,1766756075129
1,0.5221725201051165,1766756075281
1,0.5221725201051165,1766756075439
1,0.5221725201051165,1766756075593
1,0.5221725201051165,1766756075749
1,0.5221725201051165,1766756075899
1,0.5221725201051165,1766756076055
1,0.5221725201051165,1766756076206
1,0.5221725201051165,1766756076361
1,0.5221725201051165,1766756076520
1,0.5221725201051165,1766756076687
1,0.5221725201051165,1766756076844
1,0.5221725201051165,1766756077016
1,0.5221725201051165,1766756077168
1,0.5221725201051165,1766756077312
1,0.5221725201051165,1766756077457
1,0.5221725201051165,1766756077605
1,0.5221725201051165,1766756077757
1,0.5221725201051165,1766756077907
1,0.5221725201051165,1766756078060
1,0.5221725201051165,1766756078214
1,0.5221725201051165,1766756078367
1,0.5221725201051165,1766756078520
1,0.5221725201051165,1766756078676
1,0.5221725201051165,1766756078831
1,0.5221725201051165,1766756078985
1,0.5221725201051165,1766756079139
1,0.5221725201051165,1766756079303
1,0.5221725201051165,1766756079467
1,0.5221725201051165,1766756079652
1,0.5221725201051165,1766756079809
1,0.5221725201051165,1766756079958
1,0.5221725201051165,1766756080105
1,0.5221725201051165,1766756080255
1,0.5221725201051165,1766756080409
1,0.5221725201051165,1766756080559
1,0.5221725201051165,1766756080713
1,0.5221725201051165,1766756080865
1,0.5221725201051165,1766756081019
1,0.5221725201051165,1766756081173
1,0.5221725201051165,1766756081328
1,0.5221725201051165,1766756081480
1,0.5221725201051165,1766756081638
1,0.5221725201051165,1766756081795
1,0.5221725201051165,1766756081950
1,0.5221725201051165,1766756082102
1,0.5221725201051165,1766756082254
1,0.5221725201051165,1766756082409
1,0.5221725201051165,1766756082568
1,0.5221725201051165,1766756082725
1,0.5221725201051165,1766756082895
1,0.5221725201051165,1766756083046
1,0.5221725201051165,1766756083194
1,0.5221725201051165,1766756083339
1,0.5221725201051165,1766756083491
1,0.5221725201051165,1766756083641
1,0.5221725201051165,1766756083790
1,0.5221725201051165,1766756083947
1,0.5221725201051165,1766756084103
1,0.5221725201051165,1766756084258
1,0.5221725201051165,1766756084413
1,0.5221725201051165,1766756084567
1,0.5221725201051165,1766756084722
1,0.5221725201051165,1766756084875
1,0.5221725201051165,1766756085040
1,0.5221725201051165,1766756085204
1,0.5221725201051165,1766756085383
1,0.5221725201051165,1766756085542
1,0.5221725201051165,1766756085699
1,0.5221725201051165,1766756085848
1,0.5221725201051165,1766756086000
1,0.5221725201051165,1766756086155
1,0.5221725201051165,1766756086305
1,0.5221725201051165,1766756086457
1,0.5221725201051165,1766756086609
1,0.5221725201051165,1766756086764
1,0.5221725201051165,1766756086917
1,0.5221725201051165,1766756087068
1,0.5221725201051165,1766756087222
1,0.5221725201051165,1766756087375
1,0.5221725201051165,1766756087529
1,0.5221725201051165,1766756087688
1,0.5221725201051165,1766756087841
1,0.5221725201051165,1766756088000
1,0.5221725201051165,1766756088157
1,0.5221725201051165,1766756088303
1,0.5221725201051165,1766756088464
1,0.5221725201051165,1766756088625
1,0.5221725201051165,1766756088785
1,0.5221725201051165,1766756088930
1,0.5221725201051165,1766756089082
1,0.5221725201051165,1766756089225
1,0.5221725201051165,1766756089375
1,0.5221725201051165,1766756089524
1,0.5221725201051165,1766756089677
1,0.5221725201051165,1766756089828
1,0.5221725201051165,1766756089979
1,0.5221725201051165,1766756090136
1,0.5221725201051165,1766756090290
1,0.5221725201051165,1766756090443
1,0.5221725201051165,1766756090596
1,0.5221725201051165,1766756090748
1,0.5221725201051165,1766756090920
1,0.5221725201051165,1766756091086
1,0.5221725201051165,1766756091262
1,0.5221725201051165,1766756091416
1,0.5221725201051165,1766756091574
1,0.5221725201051165,1766756091721
1,0.5221725201051165,1766756091873
1,0.5221725201051165,1766756092026
1,0.5221725201051165,1766756092179
1,0.5221725201051165,1766756092332
1,0.5221725201051165,1766756092485
1,0.5221725201051165,1766756092641
1,0.5221725201051165,1766756092796
1,0.5221725201051165,1766756092945
1,0.5221725201051165,1766756093099
1,0.5221725201051165,1766756093255
1,0.5221725201051165,1766756093406
1,0.5221725201051165,1766756093567
1,0.5221725201051165,1766756093723
1,0.5221725201051165,1766756093881
1,0.5221725201051165,1766756094028
1,0.5221725201051165,1766756094172
1,0.5221725201051165,1766756094335
1,0.5221725201051165,1766756094503
1,0.5221725201051165,1766756094662
1,0.5221725201051165,1766756094807
1,0.5221725201051165,1766756094958
1,0.5221725201051165,1766756095100
1,0.5221725201051165,1766756095251
1,0.5221725201051165,1766756095403
1,0.5221725201051165,1766756095557
1,0.5221725201051165,1766756095708
1,0.5221725201051165,1766756095861
1,0.5221725201051165,1766756096011
1,0.5221725201051165,1766756096163
1,0.5221725201051165,1766756096315
1,0.5221725201051165,1766756096467
1,0.5221725201051165,1766756096631
1,0.5221725201051165,1766756096797
1,0.5221725201051165,1766756096973
1,0.5221725201051165,1766756097135
1,0.5221725201051165,1766756097301
1,0.5221725201051165,1766756097450
1,0.5221725201051165,1766756097604
1,0.5221725201051165,1766756097754
1,0.5221725201051165,1766756097904
1,0.5221725201051165,1766756098053
1,0.5221725201051165,1766756098208
1,0.5221725201051165,1766756098363
1,0.5221725201051165,1766756098517
1,0.5221725201051165,1766756098667
1,0.5221725201051165,1766756098819
1,0.5221725201051165,1766756098971
1,0.5221725201051165,1766756099128
1,0.5221725201051165,1766756099280
1,0.5221725201051165,1766756099440
1,0.5221725201051165,1766756099595
1,0.5221725201051165,1766756099750
1,0.5221725201051165,1766756099893
1,0.5221725201051165,1766756100042
1,0.5221725201051165,1766756100203
1,0.5221725201051165,1766756100370
1,0.5221725201051165,1766756100528
1,0.5221725201051165,1766756100673
1,0.5221725201051165,1766756100825
1,0.5221725201051165,1766756100970
1,0.5221725201051165,1766756101122
1,0.5221725201051165,1766756101278
1,0.5221725201051165,1766756101433
1,0.5221725201051165,1766756101586
1,0.5221725201051165,1766756101748
1,0.5221725201051165,1766756101900
1,0.5221725201051165,1766756102059
1,0.5221725201051165,1766756102210
1,0.5221725201051165,1766756102365
1,0.5221725201051165,1766756102527
1,0.5221725201051165,1766756102698
1,0.5221725201051165,1766756102864
1,0.5221725201051165,1766756103014
1,0.5221725201051165,1766756103169
1,0.5221725201051165,1766756103318
1,0.5221725201051165,1766756103468
1,0.5221725201051165,1766756103617
1,0.5221725201051165,1766756103767
1,0.5221725201051165,1766756103918
1,0.5221725201051165,1766756104072
1,0.5221725201051165,1766756104223
1,0.5221725201051165,1766756104374
1,0.5221725201051165,1766756104528
1,0.5221725201051165,1766756104678
1,0.5221725201051165,1766756104829
1,0.5221725201051165,1766756104983
1,0.5221725201051165,1766756105135
1,0.5221725201051165,1766756105291
1,0.5221725201051165,1766756105444
1,0.5221725201051165,1766756105594
1,0.5221725201051165,1766756105737
1,0.5221725201051165,1766756105890
1,0.5221725201051165,1766756106047
1,0.5221725201051165,1766756106209
1,0.5221725201051165,1766756106365
1,0.5221725201051165,1766756106510
1,0.5221725201051165,1766756106662
1,0.5221725201051165,1766756106808
1,0.5221725201051165,1766756106964
1,0.5221725201051165,1766756107117
1,0.5221725201051165,1766756107272
1,0.5221725201051165,1766756107425
1,0.5221725201051165,1766756107582
1,0.5221725201051165,1766756107735
1,0.5221725201051165,1766756107894
1,0.5221725201051165,1766756108051
1,0.5221725201051165,1766756108219
1,0.5221725201051165,1766756108384
1,0.5221725201051165,1766756108559
1,0.5221725201051165,1766756108711
1,0.5221725201051165,1766756108867
1,0.5221725201051165,1766756109020
1,0.5221725201051165,1766756109178
1,0.5221725201051165,1766756109327
1,0.5221725201051165,1766756109476
1,0.5221725201051165,1766756109625
1,0.5221725201051165,1766756109776
1,0.5221725201051165,1766756109930
1,0.5221725201051165,1766756110084
1,0.5221725201051165,1766756110236
1,0.5221725201051165,1766756110388
1,0.5221725201051165,1766756110536
1,0.5221725201051165,1766756110688
1,0.5221725201051165,1766756110841
1,0.5221725201051165,1766756110995
1,0.5221725201051165,1766756111152
1,0.5221725201051165,1766756111306
1,0.5221725201051165,1766756111456
1,0.5221725201051165,1766756111600
1,0.5221725201051165,1766756111751
1,0.5221725201051165,1766756111911
1,0.5221725201051165,1766756112077
1,0.5221725201051165,1766756112242
1,0.5221725201051165,1766756112386
1,0.5221725201051165,1766756112530
1,0.5221725201051165,1766756112673
1,0.5221725201051165,1766756112832
1,0.5221725201051165,1766756112985
1,0.5221725201051165,1766756113135
1,0.5221725201051165,1766756113287
1,0.5221725201051165,1766756113441
1,0.5221725201051165,1766756113596
1,0.5221725201051165,1766756113748
1,0.5221725201051165,1766756113901
1,0.5221725201051165,1766756114072
1,0.5221725201051165,1766756114245
1,0.5221725201051165,1766756114412
1,0.5221725201051165,1766756114565
1,0.5221725201051165,1766756114718
1,0.5221725201051165,1766756114877
1,0.5221725201051165,1766756115032
1,0.5221725201051165,1766756115184
1,0.5221725201051165,1766756115333
1,0.5221725201051165,1766756115484
1,0.5221725201051165,1766756115638
1,0.5221725201051165,1766756115789
1,0.5221725201051165,1766756115940
1,0.5221725201051165,1766756116094
1,0.5221725201051165,1766756116245
1,0.5221725201051165,1766756116401
1,0.5221725201051165,1766756116556
1,0.5221725201051165,1766756116714
1,0.5221725201051165,1766756116871
1,0.5221725201051165,1766756117029
1,0.5221725201051165,1766756117173
1,0.5221725201051165,1766756117323
1,0.5221725201051165,1766756117465
1,0.5221725201051165,1766756117617
1,0.5221725201051165,1766756117775
1,0.5221725201051165,1766756117938
1,0.5221725201051165,1766756118099
1,0.5221725201051165,1766756118244
1,0.5221725201051165,1766756118393
1,0.5221725201051165,1766756118539
1,0.5221725201051165,1766756118696
1,0.5221725201051165,1766756118846
1,0.5221725201051165,1766756119006
1,0.5221725201051165,1766756119159
1,0.5221725201051165,1766756119311
1,0.5221725201051165,1766756119462
1,0.5221725201051165,1766756119618
1,0.5221725201051165,1766756119787
1,0.5221725201051165,1766756119952
1,0.5221725201051165,1766756120124
1,0.5221725201051165,1766756120273
1,0.5221725201051165,1766756120431
1,0.5221725201051165,1766756120583
1,0.5221725201051165,1766756120744
1,0.5221725201051165,1766756120896
1,0.5221725201051165,1766756121045
1,0.5221725201051165,1766756121199
1,0.5221725201051165,1766756121351
1,0.5221725201051165,1766756121507
1,0.5221725201051165,1766756121660
1,0.5221725201051165,1766756121812
1,0.5221725201051165,1766756121963
1,0.5221725201051165,1766756122115
1,0.5221725201051165,1766756122267
1,0.5221725201051165,1766756122422
1,0.5221725201051165,1766756122575
1,0.5221725201051165,1766756122735
1,0.5221725201051165,1766756122887
1,0.5221725201051165,1766756123029
1,0.5221725201051165,1766756123177
1,0.5221725201051165,1766756123321
1,0.5221725201051165,1766756123480
1,0.5221725201051165,1766756123638
1,0.5221725201051165,1766756123809
1,0.5221725201051165,1766756123963
1,0.5221725201051165,1766756124107
1,0.5221725201051165,1766756124250
1,0.5221725201051165,1766756124403
1,0.5221725201051165,1766756124552
1,0.5221725201051165,1766756124702
1,0.5221725201051165,1766756124858
1,0.5221725201051165,1766756125007
1,0.5221725201051165,1766756125159
1,0.5221725201051165,1766756125310
1,0.5221725201051165,1766756125463
1,0.5221725201051165,1766756125632
1,0.5221725201051165,1766756125807
1,0.5221725201051165,1766756125978
1,0.5221725201051165,1766756126131
1,0.5221725201051165,1766756126284
1,0.5221725201051165,1766756126441
1,0.5221725201051165,1766756126599
1,0.5221725201051165,1766756126750
1,0.5221725201051165,1766756126898
1,0.5221725201051165,1766756127050
1,0.5221725201051165,1766756127202
1,0.5221725201051165,1766756127357
1,0.5221725201051165,1766756127510
1,0.5221725201051165,1766756127661
1,0.5221725201051165,1766756127816
1,0.5221725201051165,1766756127966
1,0.5221725201051165,1766756128122
1,0.5221725201051165,1766756128275
1,0.5221725201051165,1766756128430
1,0.5221725201051165,1766756128590
1,0.5221725201051165,1766756128736
1,0.5221725201051165,1766756128878
1,0.5221725201051165,1766756129024
1,0.5221725201051165,1766756129169
1,0.5221725201051165,1766756129327
1,0.5221725201051165,1766756129486
1,0.5221725201051165,1766756129659
1,0.5221725201051165,1766756129811
1,0.5221725201051165,1766756129954
1,0.5221725201051165,1766756130100
1,0.5221725201051165,1766756130251
1,0.5221725201051165,1766756130403
1,0.5221725201051165,1766756130561
1,0.5221725201051165,1766756130712
1,0.5221725201051165,1766756130864
1,0.5221725201051165,1766756131017
1,0.5221725201051165,1766756131169
1,0.5221725201051165,1766756131337
1,0.5221725201051165,1766756131499
1,0.5221725201051165,1766756131674
1,0.5221725201051165,1766756131823
1,0.5221725201051165,1766756131982
1,0.5221725201051165,1766756132138
1,0.5221725201051165,1766756132297
1,0.5221725201051165,1766756132453
1,0.5221725201051165,1766756132601
1,0.5221725201051165,1766756132752
1,0.5221725201051165,1766756132905
1,0.5221725201051165,1766756133057
1,0.5221725201051165,1766756133210
1,0.5221725201051165,1766756133360
1,0.5221725201051165,1766756133512
1,0.5221725201051165,1766756133661
1,0.5221725201051165,1766756133811
1,0.5221725201051165,1766756133966
1,0.5221725201051165,1766756134122
1,0.5221725201051165,1766756134275
1,0.5221725201051165,1766756134427
1,0.5221725201051165,1766756134570
1,0.5221725201051165,1766756134713
1,0.5221725201051165,1766756134864
1,0.5221725201051165,1766756135007
1,0.5221725201051165,1766756135155
1,0.5221725201051165,1766756135313
1,0.5221725201051165,1766756135477
1,0.5221725201051165,1766756135634
1,0.5221725201051165,1766756135778
1,0.5221725201051165,1766756135930
1,0.5221725201051165,1766756136078
1,0.5221725201051165,1766756136232
1,0.5221725201051165,1766756136385
1,0.5221725201051165,1766756136539
1,0.5221725201051165,1766756136694
1,0.5221725201051165,1766756136847
1,0.5221725201051165,1766756137000
1,0.5221725201051165,1766756137172
1,0.5221725201051165,1766756137345
1,0.5221725201051165,1766756137511
1,0.5221725201051165,1766756137661
1,0.5221725201051165,1766756137819
1,0.5221725201051165,1766756137976
1,0.5221725201051165,1766756138133
1,0.5221725201051165,1766756138292
1,0.5221725201051165,1766756138441
1,0.5221725201051165,1766756138590
1,0.5221725201051165,1766756138745
1,0.5221725201051165,1766756138897
1,0.5221725201051165,1766756139050
1,0.5221725201051165,1766756139204
1,0.5221725201051165,1766756139356
1,0.5221725201051165,1766756139505
1,0.5221725201051165,1766756139656
1,0.5221725201051165,1766756139811
1,0.5221725201051165,1766756139966
1,0.5221725201051165,1766756140125
1,0.5221725201051165,1766756140270
1,0.5221725201051165,1766756140418
1,0.5221725201051165,1766756140561
1,0.5221725201051165,1766756140710
1,0.5221725201051165,1766756140857
1,0.5221725201051165,1766756141005
1,0.5221725201051165,1766756141164
1,0.5221725201051165,1766756141331
1,0.5221725201051165,1766756141488
1,0.5221725201051165,1766756141636
1,0.5221725201051165,1766756141787
1,0.5221725201051165,1766756141938
1,0.5221725201051165,1766756142090
1,0.5221725201051165,1766756142242
1,0.5221725201051165,1766756142391
1,0.5221725201051165,1766756142548
1,0.5221725201051165,1766756142699
1,0.5221725201051165,1766756142864
1,0.5221725201051165,1766756143027
1,0.5221725201051165,1766756143215
1,0.5221725201051165,1766756143370
1,0.5221725201051165,1766756143530
1,0.5221725201051165,1766756143684
1,0.5221725201051165,1766756143851
1,0.5221725201051165,1766756144011
1,0.5221725201051165,1766756144172
1,0.5221725201051165,1766756144325
1,0.5221725201051165,1766756144481
1,0.5221725201051165,1766756144635
1,0.5221725201051165,1766756144788
1,0.5221725201051165,1766756144945
1,0.5221725201051165,1766756145096
1,0.5221725201051165,1766756145248
1,0.5221725201051165,1766756145399
1,0.5221725201051165,1766756145551
1,0.5221725201051165,1766756145711
1,0.5221725201051165,1766756145866
1,0.5221725201051165,1766756146019
1,0.5221725201051165,1766756146167
1,0.5221725201051165,1766756146315
1,0.5221725201051165,1766756146461
1,0.5221725201051165,1766756146606
1,0.5221725201051165,1766756146751
1,0.5221725201051165,1766756146911
1,0.5221725201051165,1766756147068
1,0.5221725201051165,1766756147234
1,0.5221725201051165,1766756147388
1,0.5221725201051165,1766756147538
1,0.5221725201051165,1766756147688
1,0.5221725201051165,1766756147835
1,0.5221725201051165,1766756147992
1,0.5221725201051165,1766756148143
1,0.5221725201051165,1766756148296
1,0.5221725201051165,1766756148449
1,0.5221725201051165,1766756148609
1,0.5221725201051165,1766756148776
1,0.5221725201051165,1766756148960
1,0.5221725201051165,1766756149121
1,0.5221725201051165,1766756149278
1,0.5221725201051165,1766756149431
1,0.5221725201051165,1766756149590
1,0.5221725201051165,1766756149749
1,0.5221725201051165,1766756149911
1,0.5221725201051165,1766756150068
1,0.5221725201051165,1766756150221
1,0.5221725201051165,1766756150373
1,0.5221725201051165,1766756150529
1,0.5221725201051165,1766756150680
1,0.5221725201051165,1766756150832
1,0.5221725201051165,1766756150983
1,0.5221725201051165,1766756151136
1,0.5221725201051165,1766756151288
1,0.5221725201051165,1766756151443
1,0.5221725201051165,1766756151600
1,0.5221725201051165,1766756151756
1,0.5221725201051165,1766756151902
1,0.5221725201051165,1766756152053
1,0.5221725201051165,1766756152197
1,0.5221725201051165,1766756152344
1,0.5221725201051165,1766756152488
1,0.5221725201051165,1766756152634
1,0.5221725201051165,1766756152796
1,0.5221725201051165,1766756152950
1,0.5221725201051165,1766756153115
1,0.5221725201051165,1766756153262
1,0.5221725201051165,1766756153419
1,0.5221725201051165,1766756153563
1,0.5221725201051165,1766756153723
1,0.5221725201051165,1766756153874
1,0.5221725201051165,1766756154031
1,0.5221725201051165,1766756154184
1,0.5221725201051165,1766756154333
1,0.5221725201051165,1766756154505
1,0.5221725201051165,1766756154676
1,0.5221725201051165,1766756154846
1,0.5221725201051165,1766756154999
1,0.5221725201051165,1766756155156
1,0.5221725201051165,1766756155313
1,0.5221725201051165,1766756155473
1,0.5221725201051165,1766756155633
1,0.5221725201051165,1766756155793
1,0.5221725201051165,1766756155951
1,0.5221725201051165,1766756156104
1,0.5221725201051165,1766756156259
1,0.5221725201051165,1766756156412
1,0.5221725201051165,1766756156565
1,0.5221725201051165,1766756156718
1,0.5221725201051165,1766756156874
1,0.5221725201051165,1766756157026
1,0.5221725201051165,1766756157184
1,0.5221725201051165,1766756157346
1,0.5221725201051165,1766756157504
1,0.5221725201051165,1766756157654
1,0.5221725201051165,1766756157799
1,0.5221725201051165,1766756157952
1,0.5221725201051165,1766756158097
1,0.5221725201051165,1766756158242
1,0.5221725201051165,1766756158388
1,0.5221725201051165,1766756158533
1,0.5221725201051165,1766756158696
1,0.5221725201051165,1766756158858
1,0.5221725201051165,1766756159027
1,0.5221725201051165,1766756159176
1,0.5221725201051165,1766756159327
1,0.5221725201051165,1766756159474
1,0.5221725201051165,1766756159630
1,0.5221725201051165,1766756159781
1,0.5221725201051165,1766756159933
1,0.5221725201051165,1766756160083
1,0.5221725201051165,1766756160256
1,0.5221725201051165,1766756160428
1,0.5221725201051165,1766756160609
1,0.5221725201051165,1766756160763
1,0.5221725201051165,1766756160924
1,0.5221725201051165,1766756161075
1,0.5221725201051165,1766756161234
1,0.5221725201051165,1766756161391
1,0.5221725201051165,1766756161549
1,0.5221725201051165,1766756161707
1,0.5221725201051165,1766756161864
1,0.5221725201051165,1766756162016
1,0.5221725201051165,1766756162169
1,0.5221725201051165,1766756162319
1,0.5221725201051165,1766756162470
1,0.5221725201051165,1766756162620
1,0.5221725201051165,1766756162770
1,0.5221725201051165,1766756162925
1,0.5221725201051165,1766756163080
1,0.5221725201051165,1766756163231
1,0.5221725201051165,1766756163380
1,0.5221725201051165,1766756163523
1,0.5221725201051165,1766756163668
1,0.5221725201051165,1766756163816
1,0.5221725201051165,1766756163959
1,0.5221725201051165,1766756164107
1,0.5221725201051165,1766756164251
1,0.5221725201051165,1766756164393
1,0.5221725201051165,1766756164555
1,0.5221725201051165,1766756164715
1,0.5221725201051165,1766756164876
1,0.5221725201051165,1766756165024
1,0.5221725201051165,1766756165173
1,0.5221725201051165,1766756165320
1,0.5221725201051165,1766756165475
1,0.5221725201051165,1766756165627
1,0.5221725201051165,1766756165777
1,0.5221725201051165,1766756165933
1,0.5221725201051165,1766756166097
1,0.5221725201051165,1766756166271
1,0.5221725201051165,1766756166435
1,0.5221725201051165,1766756166587
1,0.5221725201051165,1766756166738
1,0.5221725201051165,1766756166895
1,0.5221725201051165,1766756167053
1,0.5221725201051165,1766756167210
1,0.5221725201051165,1766756167367
1,0.5221725201051165,1766756167527
1,0.5221725201051165,1766756167686
1,0.5221725201051165,1766756167838
1,0.5221725201051165,1766756167987
1,0.5221725201051165,1766756168144
1,0.5221725201051165,1766756168292
1,0.5221725201051165,1766756168446
1,0.5221725201051165,1766756168595
1,0.5221725201051165,1766756168751
1,0.5221725201051165,1766756168903
1,0.5221725201051165,1766756169057
1,0.5221725201051165,1766756169200
1,0.5221725201051165,1766756169348
1,0.5221725201051165,1766756169493
1,0.5221725201051165,1766756169642
1,0.5221725201051165,1766756169788
1,0.5221725201051165,1766756169934
1,0.5221725201051165,1766756170078
1,0.5221725201051165,1766756170222
1,0.5221725201051165,1766756170384
1,0.5221725201051165,1766756170550
1,0.5221725201051165,1766756170723
1,0.5221725201051165,1766756170868
1,0.5221725201051165,1766756171025
1,0.5221725201051165,1766756171169
1,0.5221725201051165,1766756171323
1,0.5221725201051165,1766756171472
1,0.5221725201051165,1766756171621
1,0.5221725201051165,1766756171788
1,0.5221725201051165,1766756171949
1,0.5221725201051165,1766756172124
1,0.5221725201051165,1766756172276
1,0.5221725201051165,1766756172433
1,0.5221725201051165,1766756172585
1,0.5221725201051165,1766756172749
1,0.5221725201051165,1766756172906
1,0.5221725201051165,1766756173067
1,0.5221725201051165,1766756173227
1,0.5221725201051165,1766756173391
1,0.5221725201051165,1766756173548
1,0.5221725201051165,1766756173701
1,0.5221725201051165,1766756173855
1,0.5221725201051165,1766756174007
1,0.5221725201051165,1766756174160
1,0.5221725201051165,1766756174315
1,0.5221725201051165,1766756174469
1,0.433676366989615,1766756174621
2,0.5221725201051165,1766756174766
2,0.5221725201051165,1766756174919
2,0.5221725201051165,1766756175062
2,0.5221725201051165,1766756175209
2,0.5221725201051165,1766756175352
2,0.5221725201051165,1766756175500
2,0.5221725201051165,1766756175643
2,0.5221725201051165,1766756175791
2,0.5221725201051165,1766756175936
2,0.5221725201051165,1766756176086
2,0.5221725201051165,1766756176250
2,0.5221725201051165,1766756176414
2,0.5221725201051165,1766756176576
2,0.5221725201051165,1766756176722
2,0.5221725201051165,1766756176875
2,0.5221725201051165,1766756177021
2,0.5221725201051165,1766756177179
2,0.5221725201051165,1766756177329
2,0.5221725201051165,1766756177485
2,0.5221725201051165,1766756177649
2,0.5221725201051165,1766756177821
2,0.5221725201051165,1766756177984
2,0.5221725201051165,1766756178136
2,0.5221725201051165,1766756178293
2,0.5221725201051165,1766756178450
2,0.5221725201051165,1766756178610
2,0.5221725201051165,1766756178766
2,0.5221725201051165,1766756178926
2,0.5221725201051165,1766756179088
2,0.5221725201051165,1766756179248
2,0.5221725201051165,1766756179406
2,0.5221725201051165,1766756179557
2,0.5221725201051165,1766756179711
2,0.5221725201051165,1766756179862
2,0.5221725201051165,1766756180012
2,0.5221725201051165,1766756180164
2,0.5221725201051165,1766756180316
2,0.5221725201051165,1766756180468
2,0.5221725201051165,1766756180620
2,0.5221725201051165,1766756180762
2,0.5221725201051165,1766756180905
2,0.5221725201051165,1766756181049
2,0.5221725201051165,1766756181193
2,0.5221725201051165,1766756181341
2,0.5221725201051165,1766756181484
2,0.5221725201051165,1766756181629
2,0.5221725201051165,1766756181775
2,0.5221725201051165,1766756181919
2,0.5221725201051165,1766756182087
2,0.5221725201051165,1766756182251
2,0.5221725201051165,1766756182421
2,0.5221725201051165,1766756182574
2,0.5221725201051165,1766756182723
2,0.5221725201051165,1766756182872
2,0.5221725201051165,1766756183025
2,0.5221725201051165,1766756183176
2,0.5221725201051165,1766756183341
2,0.5221725201051165,1766756183503
2,0.5221725201051165,1766756183678
2,0.5221725201051165,1766756183829
2,0.5221725201051165,1766756183989
2,0.5221725201051165,1766756184143
2,0.5221725201051165,1766756184308
2,0.5221725201051165,1766756184467
2,0.5221725201051165,1766756184626
2,0.5221725201051165,1766756184789
2,0.5221725201051165,1766756184950
2,0.5221725201051165,1766756185113
2,0.5221725201051165,1766756185267
2,0.5221725201051165,1766756185420
2,0.5221725201051165,1766756185573
2,0.5221725201051165,1766756185722
2,0.5221725201051165,1766756185871
2,0.5221725201051165,1766756186024
2,0.5221725201051165,1766756186176
2,0.5221725201051165,1766756186327
2,0.5221725201051165,1766756186475
2,0.5221725201051165,1766756186617
2,0.5221725201051165,1766756186761
2,0.5221725201051165,1766756186908
2,0.5221725201051165,1766756187052
2,0.5221725201051165,1766756187202
2,0.5221725201051165,1766756187346
2,0.5221725201051165,1766756187494
2,0.5221725201051165,1766756187640
2,0.5221725201051165,1766756187785
2,0.5221725201051165,1766756187954
2,0.5221725201051165,1766756188117
2,0.5221725201051165,1766756188279
2,0.5221725201051165,1766756188430
2,0.5221725201051165,1766756188584
2,0.5221725201051165,1766756188736
2,0.5221725201051165,1766756188888
2,0.5221725201051165,1766756189045
2,0.5221725201051165,1766756189209
2,0.5221725201051165,1766756189381
2,0.5221725201051165,1766756189550
2,0.5221725201051165,1766756189705
2,0.5221725201051165,1766756189857
2,0.5221725201051165,1766756190019
2,0.5221725201051165,1766756190178
2,0.5221725201051165,1766756190335
2,0.5221725201051165,1766756190494
2,0.5221725201051165,1766756190656
2,0.5221725201051165,1766756190817
2,0.5221725201051165,1766756190981
2,0.5221725201051165,1766756191133
2,0.5221725201051165,1766756191287
2,0.5221725201051165,1766756191441
2,0.5221725201051165,1766756191590
2,0.5221725201051165,1766756191745
2,0.5221725201051165,1766756191897
2,0.5221725201051165,1766756192050
2,0.5221725201051165,1766756192206
2,0.5221725201051165,1766756192348
2,0.5221725201051165,1766756192493
2,0.5221725201051165,1766756192639
2,0.5221725201051165,1766756192784
2,0.5221725201051165,1766756192929
2,0.5221725201051165,1766756193075
2,0.5221725201051165,1766756193218
2,0.5221725201051165,1766756193367
2,0.5221725201051165,1766756193512
2,0.5221725201051165,1766756193663
2,0.5221725201051165,1766756193829
2,0.5221725201051165,1766756193995
2,0.5221725201051165,1766756194163
2,0.5221725201051165,1766756194309
2,0.5221725201051165,1766756194461
2,0.5221725201051165,1766756194607
2,0.5221725201051165,1766756194755
2,0.5221725201051165,1766756194925
2,0.5221725201051165,1766756195091
2,0.5221725201051165,1766756195260
2,0.5221725201051165,1766756195411
2,0.5221725201051165,1766756195565
2,0.5221725201051165,1766756195715
2,0.5221725201051165,1766756195877
2,0.5221725201051165,1766756196032
2,0.5221725201051165,1766756196191
2,0.5221725201051165,1766756196346
2,0.5221725201051165,1766756196508
2,0.5221725201051165,1766756196669
2,0.5221725201051165,1766756196828
2,0.5221725201051165,1766756196986
2,0.5221725201051165,1766756197136
2,0.5221725201051165,1766756197287
2,0.5221725201051165,1766756197437
2,0.5221725201051165,1766756197590
2,0.5221725201051165,1766756197741
2,0.5221725201051165,1766756197893
2,0.5221725201051165,1766756198038
2,0.5221725201051165,1766756198185
2,0.5221725201051165,1766756198330
2,0.5221725201051165,1766756198477
2,0.5221725201051165,1766756198622
2,0.5221725201051165,1766756198768
2,0.5221725201051165,1766756198918
2,0.5221725201051165,1766756199062
2,0.5221725201051165,1766756199210
2,0.5221725201051165,1766756199357
2,0.5221725201051165,1766756199510
2,0.5221725201051165,1766756199670
2,0.5221725201051165,1766756199839
2,0.5221725201051165,1766756200001
2,0.5221725201051165,1766756200145
2,0.5221725201051165,1766756200297
2,0.5221725201051165,1766756200443
2,0.5221725201051165,1766756200600
2,0.5221725201051165,1766756200765
2,0.5221725201051165,1766756200939
2,0.5221725201051165,1766756201105
2,0.5221725201051165,1766756201261
2,0.5221725201051165,1766756201413
2,0.5221725201051165,1766756201571
2,0.5221725201051165,1766756201728
2,0.5221725201051165,1766756201884
2,0.5221725201051165,1766756202041
2,0.5221725201051165,1766756202198
2,0.5221725201051165,1766756202357
2,0.5221725201051165,1766756202517
2,0.5221725201051165,1766756202675
2,0.5221725201051165,1766756202830
2,0.5221725201051165,1766756202984
2,0.5221725201051165,1766756203133
2,0.5221725201051165,1766756203285
2,0.5221725201051165,1766756203436
2,0.5221725201051165,1766756203589
2,0.5221725201051165,1766756203739
2,0.5221725201051165,1766756203882
2,0.5221725201051165,1766756204024
2,0.5221725201051165,1766756204169
2,0.5221725201051165,1766756204315
2,0.5221725201051165,1766756204462
2,0.5221725201051165,1766756204606
2,0.5221725201051165,1766756204756
2,0.5221725201051165,1766756204905
2,0.5221725201051165,1766756205051
2,0.5221725201051165,1766756205197
2,0.5221725201051165,1766756205346
2,0.5221725201051165,1766756205512
2,0.5221725201051165,1766756205677
2,0.5221725201051165,1766756205841
2,0.5221725201051165,1766756205986
2,0.5221725201051165,1766756206137
2,0.5221725201051165,1766756206281
2,0.5221725201051165,1766756206454
2,0.5221725201051165,1766756206614
2,0.5221725201051165,1766756206789
2,0.5221725201051165,1766756206942
2,0.5221725201051165,1766756207105
2,0.5221725201051165,1766756207258
2,0.5221725201051165,1766756207418
2,0.5221725201051165,1766756207577
2,0.5221725201051165,1766756207737
2,0.5221725201051165,1766756207897
2,0.5221725201051165,1766756208059
2,0.5221725201051165,1766756208221
2,0.5221725201051165,1766756208384
2,0.5221725201051165,1766756208546
2,0.5221725201051165,1766756208697
2,0.5221725201051165,1766756208848
2,0.5221725201051165,1766756208998
2,0.5221725201051165,1766756209154
2,0.5221725201051165,1766756209309
2,0.5221725201051165,1766756209464
2,0.5221725201051165,1766756209608
2,0.5221725201051165,1766756209752
2,0.5221725201051165,1766756209894
2,0.5221725201051165,1766756210036
2,0.5221725201051165,1766756210184
2,0.5221725201051165,1766756210328
2,0.5221725201051165,1766756210475
2,0.5221725201051165,1766756210620
2,0.5221725201051165,1766756210765
2,0.5221725201051165,1766756210916
2,0.5221725201051165,1766756211064
2,0.5221725201051165,1766756211213
2,0.5221725201051165,1766756211378
2,0.5221725201051165,1766756211551
2,0.5221725201051165,1766756211718
2,0.5221725201051165,1766756211868
2,0.5221725201051165,1766756212018
2,0.5221725201051165,1766756212179
2,0.5221725201051165,1766756212343
2,0.5221725201051165,1766756212521
2,0.5221725201051165,1766756212683
2,0.5221725201051165,1766756212839
2,0.5221725201051165,1766756212993
2,0.5221725201051165,1766756213153
2,0.5221725201051165,1766756213309
2,0.5221725201051165,1766756213468
2,0.5221725201051165,1766756213632
2,0.5221725201051165,1766756213796
2,0.5221725201051165,1766756213957
2,0.5221725201051165,1766756214124
2,0.5221725201051165,1766756214286
2,0.5221725201051165,1766756214447
2,0.5221725201051165,1766756214599
2,0.5221725201051165,1766756214754
2,0.5221725201051165,1766756214908
2,0.5221725201051165,1766756215062
2,0.5221725201051165,1766756215215
2,0.5221725201051165,1766756215361
2,0.5221725201051165,1766756215503
2,0.5221725201051165,1766756215652
2,0.5221725201051165,1766756215798
2,0.5221725201051165,1766756215944
2,0.5221725201051165,1766756216091
2,0.5221725201051165,1766756216239
2,0.5221725201051165,1766756216387
2,0.5221725201051165,1766756216531
2,0.5221725201051165,1766756216679
2,0.5221725201051165,1766756216831
2,0.5221725201051165,1766756216983
2,0.5221725201051165,1766756217142
2,0.5221725201051165,1766756217317
2,0.5221725201051165,1766756217484
2,0.5221725201051165,1766756217630
2,0.5221725201051165,1766756217782
2,0.5221725201051165,1766756217934
2,0.5221725201051165,1766756218103
2,0.5221725201051165,1766756218278
2,0.5221725201051165,1766756218435
2,0.5221725201051165,1766756218586
2,0.5221725201051165,1766756218738
2,0.5221725201051165,1766756218893
2,0.5221725201051165,1766756219051
2,0.5221725201051165,1766756219208
2,0.5221725201051165,1766756219367
2,0.5221725201051165,1766756219529
2,0.5221725201051165,1766756219689
2,0.5221725201051165,1766756219850
2,0.5221725201051165,1766756220010
2,0.5221725201051165,1766756220168
2,0.5221725201051165,1766756220325
2,0.5221725201051165,1766756220478
2,0.5221725201051165,1766756220631
2,0.5221725201051165,1766756220785
2,0.5221725201051165,1766756220941
2,0.5221725201051165,1766756221095
2,0.5221725201051165,1766756221240
2,0.5221725201051165,1766756221383
2,0.5221725201051165,1766756221527
2,0.5221725201051165,1766756221670
2,0.5221725201051165,1766756221822
2,0.5221725201051165,1766756221969
2,0.5221725201051165,1766756222114
2,0.5221725201051165,1766756222265
2,0.5221725201051165,1766756222411
2,0.5221725201051165,1766756222561
2,0.5221725201051165,1766756222710
2,0.5221725201051165,1766756222858
2,0.5221725201051165,1766756223031
2,0.5221725201051165,1766756223192
2,0.5221725201051165,1766756223359
2,0.5221725201051165,1766756223506
2,0.5221725201051165,1766756223659
2,0.5221725201051165,1766756223829
2,0.5221725201051165,1766756224003
2,0.5221725201051165,1766756224178
2,0.5221725201051165,1766756224327
2,0.5221725201051165,1766756224484
2,0.5221725201051165,1766756224636
2,0.5221725201051165,1766756224797
2,0.5221725201051165,1766756224959
2,0.5221725201051165,1766756225124
2,0.5221725201051165,1766756225285
2,0.5221725201051165,1766756225447
2,0.5221725201051165,1766756225611
2,0.5221725201051165,1766756225769
2,0.5221725201051165,1766756225933
2,0.5221725201051165,1766756226090
2,0.5221725201051165,1766756226242
2,0.5221725201051165,1766756226392
2,0.5221725201051165,1766756226542
2,0.5221725201051165,1766756226696
2,0.5221725201051165,1766756226850
2,0.5221725201051165,1766756226991
2,0.5221725201051165,1766756227132
2,0.5221725201051165,1766756227276
2,0.5221725201051165,1766756227421
2,0.5221725201051165,1766756227563
2,0.5221725201051165,1766756227707
2,0.5221725201051165,1766756227853
2,0.5221725201051165,1766756227997
2,0.5221725201051165,1766756228144
2,0.5221725201051165,1766756228287
2,0.5221725201051165,1766756228437
2,0.5221725201051165,1766756228582
2,0.5221725201051165,1766756228731
2,0.5221725201051165,1766756228898
2,0.5221725201051165,1766756229065
2,0.5221725201051165,1766756229235
2,0.5221725201051165,1766756229379
2,0.5221725201051165,1766756229542
2,0.5221725201051165,1766756229699
2,0.5221725201051165,1766756229875
2,0.5221725201051165,1766756230034
2,0.5221725201051165,1766756230187
2,0.5221725201051165,1766756230341
2,0.5221725201051165,1766756230499
2,0.5221725201051165,1766756230662
2,0.5221725201051165,1766756230821
2,0.5221725201051165,1766756230982
2,0.5221725201051165,1766756231144
2,0.5221725201051165,1766756231303
2,0.5221725201051165,1766756231462
2,0.5221725201051165,1766756231624
2,0.5221725201051165,1766756231785
2,0.5221725201051165,1766756231944
2,0.5221725201051165,1766756232095
2,0.5221725201051165,1766756232246
2,0.5221725201051165,1766756232398
2,0.5221725201051165,1766756232553
2,0.5221725201051165,1766756232701
2,0.5221725201051165,1766756232846
2,0.5221725201051165,1766756232991
2,0.5221725201051165,1766756233135
2,0.5221725201051165,1766756233279
2,0.5221725201051165,1766756233422
2,0.5221725201051165,1766756233569
2,0.5221725201051165,1766756233717
2,0.5221725201051165,1766756233863
2,0.5221725201051165,1766756234011
2,0.5221725201051165,1766756234160
2,0.5221725201051165,1766756234307
2,0.5221725201051165,1766756234451
2,0.5221725201051165,1766756234597
2,0.5221725201051165,1766756234760
2,0.5221725201051165,1766756234926
2,0.5221725201051165,1766756235086
2,0.5221725201051165,1766756235231
2,0.5221725201051165,1766756235400
2,0.5221725201051165,1766756235564
2,0.5221725201051165,1766756235737
2,0.5221725201051165,1766756235886
2,0.5221725201051165,1766756236046
2,0.5221725201051165,1766756236196
2,0.5221725201051165,1766756236357
2,0.5221725201051165,1766756236516
2,0.5221725201051165,1766756236677
2,0.5221725201051165,1766756236836
2,0.5221725201051165,1766756236996
2,0.5221725201051165,1766756237155
2,0.5221725201051165,1766756237316
2,0.5221725201051165,1766756237478
2,0.5221725201051165,1766756237637
2,0.5221725201051165,1766756237798
2,0.5221725201051165,1766756237949
2,0.5221725201051165,1766756238101
2,0.5221725201051165,1766756238253
2,0.5221725201051165,1766756238407
2,0.5221725201051165,1766756238550
2,0.5221725201051165,1766756238694
2,0.5221725201051165,1766756238838
2,0.5221725201051165,1766756238983
2,0.5221725201051165,1766756239127
2,0.5221725201051165,1766756239274
2,0.5221725201051165,1766756239418
2,0.5221725201051165,1766756239566
2,0.5221725201051165,1766756239711
2,0.5221725201051165,1766756239868
2,0.5221725201051165,1766756240017
2,0.5221725201051165,1766756240173
2,0.5221725201051165,1766756240318
2,0.5221725201051165,1766756240467
2,0.5221725201051165,1766756240629
2,0.5221725201051165,1766756240797
2,0.5221725201051165,1766756240957
2,0.5221725201051165,1766756241117
2,0.5221725201051165,1766756241281
2,0.5221725201051165,1766756241457
2,0.5221725201051165,1766756241606
2,0.5221725201051165,1766756241764
2,0.5221725201051165,1766756241913
2,0.5221725201051165,1766756242078
2,0.5221725201051165,1766756242236
2,0.5221725201051165,1766756242392
2,0.5221725201051165,1766756242548
2,0.5221725201051165,1766756242711
2,0.5221725201051165,1766756242871
2,0.5221725201051165,1766756243030
2,0.5221725201051165,1766756243190
2,0.5221725201051165,1766756243348
2,0.5221725201051165,1766756243509
2,0.5221725201051165,1766756243667
2,0.5221725201051165,1766756243821
2,0.5221725201051165,1766756243974
2,0.5221725201051165,1766756244125
2,0.5221725201051165,1766756244270
2,0.5221725201051165,1766756244411
2,0.5221725201051165,1766756244553
2,0.5221725201051165,1766756244695
2,0.5221725201051165,1766756244837
2,0.5221725201051165,1766756244979
2,0.5221725201051165,1766756245121
2,0.5221725201051165,1766756245264
2,0.5221725201051165,1766756245408
2,0.5221725201051165,1766756245552
2,0.5221725201051165,1766756245703
2,0.5221725201051165,1766756245848
2,0.5221725201051165,1766756245998
2,0.5221725201051165,1766756246144
2,0.5221725201051165,1766756246289
2,0.5221725201051165,1766756246456
2,0.5221725201051165,1766756246620
2,0.5221725201051165,1766756246782
2,0.5221725201051165,1766756246946
2,0.5221725201051165,1766756247120
2,0.5221725201051165,1766756247294
2,0.5221725201051165,1766756247448
2,0.5221725201051165,1766756247601
2,0.5221725201051165,1766756247752
2,0.5221725201051165,1766756247909
2,0.5221725201051165,1766756248066
2,0.5221725201051165,1766756248222
2,0.5221725201051165,1766756248383
2,0.5221725201051165,1766756248547
2,0.5221725201051165,1766756248707
2,0.5221725201051165,1766756248864
2,0.5221725201051165,1766756249025
2,0.5221725201051165,1766756249187
2,0.5221725201051165,1766756249351
2,0.5221725201051165,1766756249511
2,0.5221725201051165,1766756249665
2,0.5221725201051165,1766756249815
2,0.5221725201051165,1766756249969
2,0.5221725201051165,1766756250112
2,0.5221725201051165,1766756250257
2,0.5221725201051165,1766756250399
2,0.5221725201051165,1766756250545
2,0.5221725201051165,1766756250688
2,0.5221725201051165,1766756250833
2,0.5221725201051165,1766756250974
2,0.5221725201051165,1766756251121
2,0.5221725201051165,1766756251267
2,0.5221725201051165,1766756251415
2,0.5221725201051165,1766756251568
2,0.5221725201051165,1766756251718
2,0.5221725201051165,1766756251866
2,0.5221725201051165,1766756252016
2,0.5221725201051165,1766756252160
2,0.5221725201051165,1766756252330
2,0.5221725201051165,1766756252500
2,0.5221725201051165,1766756252685
2,0.5221725201051165,1766756252846
2,0.5221725201051165,1766756253012
2,0.5221725201051165,1766756253165
2,0.5221725201051165,1766756253322
2,0.5221725201051165,1766756253472
2,0.5221725201051165,1766756253632
2,0.5221725201051165,1766756253790
2,0.5221725201051165,1766756253949
2,0.5221725201051165,1766756254109
2,0.5221725201051165,1766756254270
2,0.5221725201051165,1766756254435
2,0.5221725201051165,1766756254595
2,0.5221725201051165,1766756254754
2,0.5221725201051165,1766756254911
2,0.5221725201051165,1766756255074
2,0.5221725201051165,1766756255231
2,0.5221725201051165,1766756255392
2,0.5221725201051165,1766756255545
2,0.5221725201051165,1766756255706
2,0.5221725201051165,1766756255847
2,0.5221725201051165,1766756255990
2,0.5221725201051165,1766756256133
2,0.5221725201051165,1766756256279
2,0.5221725201051165,1766756256422
2,0.5221725201051165,1766756256563
2,0.5221725201051165,1766756256706
2,0.5221725201051165,1766756256849
2,0.5221725201051165,1766756256994
2,0.5221725201051165,1766756257141
2,0.5221725201051165,1766756257286
2,0.5221725201051165,1766756257433
2,0.5221725201051165,1766756257579
2,0.5221725201051165,1766756257731
2,0.5221725201051165,1766756257876
2,0.5221725201051165,1766756258024
2,0.5221725201051165,1766756258190
2,0.5221725201051165,1766756258361
2,0.5221725201051165,1766756258546
2,0.5221725201051165,1766756258717
2,0.5221725201051165,1766756258873
2,0.5221725201051165,1766756259022
2,0.5221725201051165,1766756259172
2,0.5221725201051165,1766756259325
2,0.5221725201051165,1766756259483
2,0.5221725201051165,1766756259646
2,0.5221725201051165,1766756259808
2,0.5221725201051165,1766756259972
2,0.5221725201051165,1766756260131
2,0.5221725201051165,1766756260292
2,0.5221725201051165,1766756260451
2,0.5221725201051165,1766756260608
2,0.5221725201051165,1766756260769
2,0.5221725201051165,1766756260926
2,0.5221725201051165,1766756261085
2,0.5221725201051165,1766756261245
2,0.5221725201051165,1766756261399
2,0.5221725201051165,1766756261548
2,0.5221725201051165,1766756261691
2,0.5221725201051165,1766756261836
2,0.5221725201051165,1766756261977
2,0.5221725201051165,1766756262122
2,0.5221725201051165,1766756262265
2,0.5221725201051165,1766756262408
2,0.5221725201051165,1766756262549
2,0.5221725201051165,1766756262695
2,0.5221725201051165,1766756262840
2,0.5221725201051165,1766756262988
2,0.5221725201051165,1766756263134
2,0.5221725201051165,1766756263288
2,0.5221725201051165,1766756263434
2,0.5221725201051165,1766756263588
2,0.5221725201051165,1766756263735
2,0.5221725201051165,1766756263881
2,0.5221725201051165,1766756264045
2,0.5221725201051165,1766756264219
2,0.5221725201051165,1766756264402
2,0.5221725201051165,1766756264569
2,0.5221725201051165,1766756264719
2,0.5221725201051165,1766756264875
2,0.5221725201051165,1766756265028
2,0.5221725201051165,1766756265190
2,0.5221725201051165,1766756265348
2,0.5221725201051165,1766756265509
2,0.5221725201051165,1766756265670
2,0.5221725201051165,1766756265835
2,0.5221725201051165,1766756266001
2,0.5221725201051165,1766756266163
2,0.5221725201051165,1766756266325
2,0.5221725201051165,1766756266484
2,0.5221725201051165,1766756266647
2,0.5221725201051165,1766756266806
2,0.5221725201051165,1766756266970
2,0.5221725201051165,1766756267128
2,0.5221725201051165,1766756267284
2,0.5221725201051165,1766756267426
2,0.5221725201051165,1766756267570
2,0.5221725201051165,1766756267714
2,0.5221725201051165,1766756267858
2,0.5221725201051165,1766756268002
2,0.5221725201051165,1766756268144
2,0.5221725201051165,1766756268290
2,0.5221725201051165,1766756268433
2,0.5221725201051165,1766756268579
2,0.5221725201051165,1766756268724
2,0.5221725201051165,1766756268871
2,0.5221725201051165,1766756269018
2,0.5221725201051165,1766756269165
2,0.5221725201051165,1766756269318
2,0.5221725201051165,1766756269466
2,0.5221725201051165,1766756269613
2,0.5221725201051165,1766756269764
2,0.5221725201051165,1766756269934
2,0.5221725201051165,1766756270111
2,0.5221725201051165,1766756270308
2,0.5221725201051165,1766756270466
2,0.5221725201051165,1766756270617
2,0.5221725201051165,1766756270768
2,0.5221725201051165,1766756270926
2,0.5221725201051165,1766756271086
2,0.5221725201051165,1766756271242
2,0.5221725201051165,1766756271402
2,0.5221725201051165,1766756271563
2,0.5221725201051165,1766756271725
2,0.5221725201051165,1766756271886
2,0.5221725201051165,1766756272047
2,0.5221725201051165,1766756272206
2,0.5221725201051165,1766756272363
2,0.5221725201051165,1766756272520
2,0.5221725201051165,1766756272681
2,0.5221725201051165,1766756272841
2,0.5221725201051165,1766756273000
2,0.5221725201051165,1766756273147
2,0.5221725201051165,1766756273294
2,0.5221725201051165,1766756273437
2,0.5221725201051165,1766756273578
2,0.5221725201051165,1766756273719
2,0.5221725201051165,1766756273863
2,0.5221725201051165,1766756274005
2,0.5221725201051165,1766756274149
2,0.5221725201051165,1766756274292
2,0.5221725201051165,1766756274435
2,0.5221725201051165,1766756274585
2,0.5221725201051165,1766756274736
2,0.5221725201051165,1766756274882
2,0.5221725201051165,1766756275030
2,0.5221725201051165,1766756275177
2,0.5221725201051165,1766756275327
2,0.5221725201051165,1766756275472
2,0.5221725201051165,1766756275622
2,0.5221725201051165,1766756275803
2,0.5221725201051165,1766756275999
2,0.5221725201051165,1766756276165
2,0.5221725201051165,1766756276318
2,0.5221725201051165,1766756276470
2,0.5221725201051165,1766756276627
2,0.5221725201051165,1766756276789
2,0.5221725201051165,1766756276950
2,0.5221725201051165,1766756277113
2,0.5221725201051165,1766756277285
2,0.5221725201051165,1766756277451
2,0.5221725201051165,1766756277613
2,0.5221725201051165,1766756277773
2,0.5221725201051165,1766756277935
2,0.5221725201051165,1766756278095
2,0.5221725201051165,1766756278252
2,0.5221725201051165,1766756278410
2,0.5221725201051165,1766756278569
2,0.5221725201051165,1766756278729
2,0.5221725201051165,1766756278883
2,0.5221725201051165,1766756279027
2,0.5221725201051165,1766756279171
2,0.5221725201051165,1766756279314
2,0.5221725201051165,1766756279458
2,0.5221725201051165,1766756279601
2,0.5221725201051165,1766756279743
2,0.5221725201051165,1766756279885
2,0.5221725201051165,1766756280032
2,0.5221725201051165,1766756280174
2,0.5221725201051165,1766756280323
2,0.5221725201051165,1766756280469
2,0.5221725201051165,1766756280617
2,0.5221725201051165,1766756280769
2,0.5221725201051165,1766756280919
2,0.5221725201051165,1766756281064
2,0.5221725201051165,1766756281218
2,0.5221725201051165,1766756281364
2,0.5221725201051165,1766756281535
2,0.5221725201051165,1766756281705
2,0.5221725201051165,1766756281898
2,0.5221725201051165,1766756282047
2,0.5221725201051165,1766756282204
2,0.5221725201051165,1766756282351
2,0.5221725201051165,1766756282514
2,0.5221725201051165,1766756282670
2,0.5221725201051165,1766756282825
2,0.5221725201051165,1766756282985
2,0.5221725201051165,1766756283149
2,0.5221725201051165,1766756283311
2,0.5221725201051165,1766756283472
2,0.5221725201051165,1766756283627
2,0.5221725201051165,1766756283787
2,0.5221725201051165,1766756283946
2,0.5221725201051165,1766756284105
2,0.5221725201051165,1766756284267
2,0.5221725201051165,1766756284428
2,0.5221725201051165,1766756284591
2,0.5221725201051165,1766756284737
2,0.5221725201051165,1766756284883
2,0.5221725201051165,1766756285025
2,0.5221725201051165,1766756285167
2,0.5221725201051165,1766756285310
2,0.5221725201051165,1766756285453
2,0.5221725201051165,1766756285598
2,0.5221725201051165,1766756285743
2,0.5221725201051165,1766756285886
2,0.5221725201051165,1766756286031
2,0.5221725201051165,1766756286177
2,0.5221725201051165,1766756286326
2,0.5221725201051165,1766756286477
2,0.5221725201051165,1766756286635
2,0.5221725201051165,1766756286782
2,0.5221725201051165,1766756286929
2,0.5221725201051165,1766756287075
2,0.5221725201051165,1766756287221
2,0.5221725201051165,1766756287395
2,0.5221725201051165,1766756287572
2,0.5221725201051165,1766756287750
2,0.5221725201051165,1766756287898
2,0.5221725201051165,1766756288052
2,0.5221725201051165,1766756288205
2,0.5221725201051165,1766756288365
2,0.5221725201051165,1766756288523
2,0.5221725201051165,1766756288679
2,0.5221725201051165,1766756288839
2,0.5221725201051165,1766756289000
2,0.5221725201051165,1766756289165
2,0.5221725201051165,1766756289330
2,0.5221725201051165,1766756289495
2,0.5221725201051165,1766756289658
2,0.5221725201051165,1766756289816
2,0.5221725201051165,1766756289978
2,0.5221725201051165,1766756290139
2,0.5221725201051165,1766756290302
2,0.5221725201051165,1766756290459
2,0.5221725201051165,1766756290605
2,0.5221725201051165,1766756290747
2,0.5221725201051165,1766756290891
2,0.5221725201051165,1766756291036
2,0.5221725201051165,1766756291177
2,0.5221725201051165,1766756291322
2,0.5221725201051165,1766756291463
2,0.5221725201051165,1766756291605
2,0.5221725201051165,1766756291747
2,0.5221725201051165,1766756291895
2,0.5221725201051165,1766756292046
2,0.5221725201051165,1766756292194
2,0.5221725201051165,1766756292344
2,0.5221725201051165,1766756292497
2,0.5221725201051165,1766756292642
2,0.5221725201051165,1766756292791
2,0.5221725201051165,1766756292935
2,0.5221725201051165,1766756293092
2,0.5221725201051165,1766756293267
2,0.5221725201051165,1766756293459
2,0.5221725201051165,1766756293625
2,0.5221725201051165,1766756293777
2,0.5221725201051165,1766756293927
2,0.5221725201051165,1766756294079
2,0.5221725201051165,1766756294237
2,0.5221725201051165,1766756294394
2,0.5221725201051165,1766756294551
2,0.5221725201051165,1766756294710
2,0.5221725201051165,1766756294871
2,0.5221725201051165,1766756295031
2,0.5221725201051165,1766756295197
2,0.5221725201051165,1766756295357
2,0.5221725201051165,1766756295517
2,0.5221725201051165,1766756295673
2,0.5221725201051165,1766756295835
2,0.5221725201051165,1766756295996
2,0.5221725201051165,1766756296156
2,0.5221725201051165,1766756296305
2,0.5221725201051165,1766756296446
2,0.5221725201051165,1766756296587
2,0.5221725201051165,1766756296729
2,0.5221725201051165,1766756296871
2,0.5221725201051165,1766756297012
2,0.5221725201051165,1766756297157
2,0.5221725201051165,1766756297300
2,0.5221725201051165,1766756297445
2,0.5221725201051165,1766756297591
2,0.5221725201051165,1766756297733
2,0.5221725201051165,1766756297884
2,0.5221725201051165,1766756298031
2,0.5221725201051165,1766756298183
2,0.5221725201051165,1766756298330
2,0.5221725201051165,1766756298477
2,0.5221725201051165,1766756298621
2,0.5221725201051165,1766756298766
2,0.5221725201051165,1766756298933
2,0.5221725201051165,1766756299120
2,0.5221725201051165,1766756299303
2,0.5221725201051165,1766756299462
2,0.5221725201051165,1766756299613
2,0.5221725201051165,1766756299764
2,0.5221725201051165,1766756299919
2,0.5221725201051165,1766756300076
2,0.5221725201051165,1766756300231
2,0.5221725201051165,1766756300385
2,0.5221725201051165,1766756300548
2,0.5221725201051165,1766756300709
2,0.5221725201051165,1766756300870
2,0.5221725201051165,1766756301033
2,0.5221725201051165,1766756301197
2,0.5221725201051165,1766756301356
2,0.5221725201051165,1766756301514
2,0.5221725201051165,1766756301674
2,0.5221725201051165,1766756301841
2,0.5221725201051165,1766756302002
2,0.5221725201051165,1766756302155
2,0.5221725201051165,1766756302300
2,0.5221725201051165,1766756302442
2,0.5221725201051165,1766756302585
2,0.5221725201051165,1766756302728
2,0.5221725201051165,1766756302871
2,0.5221725201051165,1766756303014
2,0.5221725201051165,1766756303158
2,0.5221725201051165,1766756303303
2,0.5221725201051165,1766756303450
2,0.5221725201051165,1766756303594
2,0.5221725201051165,1766756303747
2,0.5221725201051165,1766756303899
2,0.5221725201051165,1766756304051
2,0.5221725201051165,1766756304201
2,0.5221725201051165,1766756304349
2,0.5221725201051165,1766756304498
2,0.5221725201051165,1766756304662
2,0.5221725201051165,1766756304818
2,0.5221725201051165,1766756305006
2,0.5221725201051165,1766756305169
2,0.5221725201051165,1766756305333
2,0.5221725201051165,1766756305483
2,0.5221725201051165,1766756305643
2,0.5221725201051165,1766756305794
2,0.5221725201051165,1766756305951
2,0.5221725201051165,1766756306109
2,0.5221725201051165,1766756306267
2,0.5221725201051165,1766756306433
2,0.5221725201051165,1766756306595
2,0.5221725201051165,1766756306756
2,0.5221725201051165,1766756306919
2,0.5221725201051165,1766756307080
2,0.5221725201051165,1766756307240
2,0.5221725201051165,1766756307402
2,0.5221725201051165,1766756307563
2,0.5221725201051165,1766756307728
2,0.5221725201051165,1766756307883
2,0.5221725201051165,1766756308037
2,0.5221725201051165,1766756308181
2,0.5221725201051165,1766756308327
2,0.5221725201051165,1766756308470
2,0.5221725201051165,1766756308615
2,0.5221725201051165,1766756308760
2,0.5221725201051165,1766756308903
2,0.5221725201051165,1766756309053
2,0.5221725201051165,1766756309197
2,0.5221725201051165,1766756309344
2,0.5221725201051165,1766756309492
2,0.5221725201051165,1766756309644
2,0.5221725201051165,1766756309790
2,0.5221725201051165,1766756309942
2,0.5221725201051165,1766756310097
2,0.5221725201051165,1766756310245
2,0.5221725201051165,1766756310406
2,0.5221725201051165,1766756310567
2,0.5221725201051165,1766756310755
2,0.5221725201051165,1766756310924
2,0.5221725201051165,1766756311098
2,0.5221725201051165,1766756311252
2,0.5221725201051165,1766756311412
2,0.5221725201051165,1766756311566
2,0.5221725201051165,1766756311728
2,0.5221725201051165,1766756311888
2,0.5221725201051165,1766756312048
2,0.5221725201051165,1766756312208
2,0.5221725201051165,1766756312370
2,0.5221725201051165,1766756312532
2,0.5221725201051165,1766756312693
2,0.5221725201051165,1766756312854
2,0.5221725201051165,1766756313015
2,0.5221725201051165,1766756313178
2,0.5221725201051165,1766756313342
2,0.5221725201051165,1766756313500
2,0.5221725201051165,1766756313654
2,0.5221725201051165,1766756313806
2,0.5221725201051165,1766756313952
2,0.5221725201051165,1766756314095
2,0.5221725201051165,1766756314238
2,0.5221725201051165,1766756314380
2,0.5221725201051165,1766756314523
2,0.5221725201051165,1766756314667
2,0.5221725201051165,1766756314811
2,0.5221725201051165,1766756314957
2,0.5221725201051165,1766756315106
2,0.5221725201051165,1766756315250
2,0.5221725201051165,1766756315399
2,0.5221725201051165,1766756315554
2,0.5221725201051165,1766756315699
2,0.5221725201051165,1766756315851
2,0.5221725201051165,1766756315998
2,0.5221725201051165,1766756316149
2,0.5221725201051165,1766756316315
2,0.5221725201051165,1766756316494
2,0.5221725201051165,1766756316669
2,0.5221725201051165,1766756316837
2,0.5221725201051165,1766756317005
2,0.5221725201051165,1766756317163
2,0.5221725201051165,1766756317325
2,0.5221725201051165,1766756317480
2,0.5221725201051165,1766756317642
2,0.5221725201051165,1766756317799
2,0.5221725201051165,1766756317961
2,0.5221725201051165,1766756318120
2,0.5221725201051165,1766756318282
2,0.5221725201051165,1766756318440
2,0.5221725201051165,1766756318602
2,0.5221725201051165,1766756318764
2,0.5221725201051165,1766756318922
2,0.5221725201051165,1766756319083
2,0.5221725201051165,1766756319244
2,0.5221725201051165,1766756319400
2,0.433676366989615,1766756319551
3,0.5221725201051165,1766756319694
3,0.5221725201051165,1766756319838
3,0.5221725201051165,1766756319980
3,0.5221725201051165,1766756320121
3,0.5221725201051165,1766756320265
3,0.5221725201051165,1766756320407
3,0.5221725201051165,1766756320548
3,0.5221725201051165,1766756320691
3,0.5221725201051165,1766756320835
3,0.5221725201051165,1766756320982
3,0.5221725201051165,1766756321126
3,0.5221725201051165,1766756321278
3,0.5221725201051165,1766756321423
3,0.5221725201051165,1766756321570
3,0.5221725201051165,1766756321720
3,0.5221725201051165,1766756321865
3,0.5221725201051165,1766756322030
3,0.5221725201051165,1766756322193
3,0.5221725201051165,1766756322363
3,0.5221725201051165,1766756322527
3,0.5221725201051165,1766756322696
3,0.5221725201051165,1766756322864
3,0.5221725201051165,1766756323019
3,0.5221725201051165,1766756323181
3,0.5221725201051165,1766756323333
3,0.5221725201051165,1766756323491
3,0.5221725201051165,1766756323648
3,0.5221725201051165,1766756323807
3,0.5221725201051165,1766756323967
3,0.5221725201051165,1766756324126
3,0.5221725201051165,1766756324286
3,0.5221725201051165,1766756324445
3,0.5221725201051165,1766756324605
3,0.5221725201051165,1766756324763
3,0.5221725201051165,1766756324921
3,0.5221725201051165,1766756325081
3,0.5221725201051165,1766756325233
3,0.5221725201051165,1766756325383
3,0.5221725201051165,1766756325533
3,0.5221725201051165,1766756325678
3,0.5221725201051165,1766756325821
3,0.5221725201051165,1766756325971
3,0.5221725201051165,1766756326114
3,0.5221725201051165,1766756326255
3,0.5221725201051165,1766756326397
3,0.5221725201051165,1766756326540
3,0.5221725201051165,1766756326685
3,0.5221725201051165,1766756326829
3,0.5221725201051165,1766756326973
3,0.5221725201051165,1766756327121
3,0.5221725201051165,1766756327269
3,0.5221725201051165,1766756327421
3,0.5221725201051165,1766756327570
3,0.5221725201051165,1766756327726
3,0.5221725201051165,1766756327885
3,0.5221725201051165,1766756328057
3,0.5221725201051165,1766756328208
3,0.5221725201051165,1766756328380
3,0.5221725201051165,1766756328542
3,0.5221725201051165,1766756328716
3,0.5221725201051165,1766756328870
3,0.5221725201051165,1766756329029
3,0.5221725201051165,1766756329185
3,0.5221725201051165,1766756329345
3,0.5221725201051165,1766756329504
3,0.5221725201051165,1766756329665
3,0.5221725201051165,1766756329821
3,0.5221725201051165,1766756329982
3,0.5221725201051165,1766756330141
3,0.5221725201051165,1766756330302
3,0.5221725201051165,1766756330461
3,0.5221725201051165,1766756330621
3,0.5221725201051165,1766756330782
3,0.5221725201051165,1766756330936
3,0.5221725201051165,1766756331086
3,0.5221725201051165,1766756331237
3,0.5221725201051165,1766756331389
3,0.5221725201051165,1766756331535
3,0.5221725201051165,1766756331678
3,0.5221725201051165,1766756331820
3,0.5221725201051165,1766756331963
3,0.5221725201051165,1766756332105
3,0.5221725201051165,1766756332247
3,0.5221725201051165,1766756332390
3,0.5221725201051165,1766756332537
3,0.5221725201051165,1766756332684
3,0.5221725201051165,1766756332834
3,0.5221725201051165,1766756332980
3,0.5221725201051165,1766756333132
3,0.5221725201051165,1766756333277
3,0.5221725201051165,1766756333427
3,0.5221725201051165,1766756333592
3,0.5221725201051165,1766756333757
3,0.5221725201051165,1766756333917
3,0.5221725201051165,1766756334061
3,0.5221725201051165,1766756334229
3,0.5221725201051165,1766756334392
3,0.5221725201051165,1766756334567
3,0.5221725201051165,1766756334720
3,0.5221725201051165,1766756334875
3,0.5221725201051165,1766756335028
3,0.5221725201051165,1766756335191
3,0.5221725201051165,1766756335348
3,0.5221725201051165,1766756335507
3,0.5221725201051165,1766756335665
3,0.5221725201051165,1766756335825
3,0.5221725201051165,1766756335985
3,0.5221725201051165,1766756336143
3,0.5221725201051165,1766756336308
3,0.5221725201051165,1766756336466
3,0.5221725201051165,1766756336626
3,0.5221725201051165,1766756336775
3,0.5221725201051165,1766756336927
3,0.5221725201051165,1766756337077
3,0.5221725201051165,1766756337238
3,0.5221725201051165,1766756337387
3,0.5221725201051165,1766756337530
3,0.5221725201051165,1766756337675
3,0.5221725201051165,1766756337819
3,0.5221725201051165,1766756337966
3,0.5221725201051165,1766756338116
3,0.5221725201051165,1766756338268
3,0.5221725201051165,1766756338413
3,0.5221725201051165,1766756338562
3,0.5221725201051165,1766756338705
3,0.5221725201051165,1766756338855
3,0.5221725201051165,1766756339002
3,0.5221725201051165,1766756339150
3,0.5221725201051165,1766756339312
3,0.5221725201051165,1766756339470
3,0.5221725201051165,1766756339638
3,0.5221725201051165,1766756339790
3,0.5221725201051165,1766756339940
3,0.5221725201051165,1766756340103
3,0.5221725201051165,1766756340277
3,0.5221725201051165,1766756340448
3,0.5221725201051165,1766756340602
3,0.5221725201051165,1766756340760
3,0.5221725201051165,1766756340921
3,0.5221725201051165,1766756341084
3,0.5221725201051165,1766756341246
3,0.5221725201051165,1766756341407
3,0.5221725201051165,1766756341567
3,0.5221725201051165,1766756341728
3,0.5221725201051165,1766756341891
3,0.5221725201051165,1766756342048
3,0.5221725201051165,1766756342210
3,0.5221725201051165,1766756342369
3,0.5221725201051165,1766756342519
3,0.5221725201051165,1766756342667
3,0.5221725201051165,1766756342819
3,0.5221725201051165,1766756342969
3,0.5221725201051165,1766756343120
3,0.5221725201051165,1766756343263
3,0.5221725201051165,1766756343406
3,0.5221725201051165,1766756343549
3,0.5221725201051165,1766756343692
3,0.5221725201051165,1766756343836
3,0.5221725201051165,1766756343984
3,0.5221725201051165,1766756344128
3,0.5221725201051165,1766756344275
3,0.5221725201051165,1766756344426
3,0.5221725201051165,1766756344571
3,0.5221725201051165,1766756344722
3,0.5221725201051165,1766756344870
3,0.5221725201051165,1766756345021
3,0.5221725201051165,1766756345187
3,0.5221725201051165,1766756345356
3,0.5221725201051165,1766756345526
3,0.5221725201051165,1766756345672
3,0.5221725201051165,1766756345828
3,0.5221725201051165,1766756345991
3,0.5221725201051165,1766756346169
3,0.5221725201051165,1766756346329
3,0.5221725201051165,1766756346484
3,0.5221725201051165,1766756346638
3,0.5221725201051165,1766756346795
3,0.5221725201051165,1766756346952
3,0.5221725201051165,1766756347110
3,0.5221725201051165,1766756347268
3,0.5221725201051165,1766756347428
3,0.5221725201051165,1766756347587
3,0.5221725201051165,1766756347744
3,0.5221725201051165,1766756347902
3,0.5221725201051165,1766756348061
3,0.5221725201051165,1766756348222
3,0.5221725201051165,1766756348376
3,0.5221725201051165,1766756348525
3,0.5221725201051165,1766756348679
3,0.5221725201051165,1766756348829
3,0.5221725201051165,1766756348980
3,0.5221725201051165,1766756349122
3,0.5221725201051165,1766756349265
3,0.5221725201051165,1766756349407
3,0.5221725201051165,1766756349550
3,0.5221725201051165,1766756349698
3,0.5221725201051165,1766756349843
3,0.5221725201051165,1766756349988
3,0.5221725201051165,1766756350134
3,0.5221725201051165,1766756350278
3,0.5221725201051165,1766756350422
3,0.5221725201051165,1766756350570
3,0.5221725201051165,1766756350717
3,0.5221725201051165,1766756350880
3,0.5221725201051165,1766756351041
3,0.5221725201051165,1766756351208
3,0.5221725201051165,1766756351356
3,0.5221725201051165,1766756351502
3,0.5221725201051165,1766756351654
3,0.5221725201051165,1766756351823
3,0.5221725201051165,1766756351989
3,0.5221725201051165,1766756352153
3,0.5221725201051165,1766756352304
3,0.5221725201051165,1766756352457
3,0.5221725201051165,1766756352618
3,0.5221725201051165,1766756352780
3,0.5221725201051165,1766756352937
3,0.5221725201051165,1766756353098
3,0.5221725201051165,1766756353257
3,0.5221725201051165,1766756353417
3,0.5221725201051165,1766756353576
3,0.5221725201051165,1766756353735
3,0.5221725201051165,1766756353897
3,0.5221725201051165,1766756354048
3,0.5221725201051165,1766756354200
3,0.5221725201051165,1766756354349
3,0.5221725201051165,1766756354502
3,0.5221725201051165,1766756354654
3,0.5221725201051165,1766756354807
3,0.5221725201051165,1766756354951
3,0.5221725201051165,1766756355095
3,0.5221725201051165,1766756355238
3,0.5221725201051165,1766756355379
3,0.5221725201051165,1766756355530
3,0.5221725201051165,1766756355676
3,0.5221725201051165,1766756355823
3,0.5221725201051165,1766756355971
3,0.5221725201051165,1766756356116
3,0.5221725201051165,1766756356264
3,0.5221725201051165,1766756356412
3,0.5221725201051165,1766756356559
3,0.5221725201051165,1766756356724
3,0.5221725201051165,1766756356892
3,0.5221725201051165,1766756357052
3,0.5221725201051165,1766756357201
3,0.5221725201051165,1766756357354
3,0.5221725201051165,1766756357509
3,0.5221725201051165,1766756357675
3,0.5221725201051165,1766756357844
3,0.5221725201051165,1766756358015
3,0.5221725201051165,1766756358168
3,0.5221725201051165,1766756358321
3,0.5221725201051165,1766756358481
3,0.5221725201051165,1766756358636
3,0.5221725201051165,1766756358797
3,0.5221725201051165,1766756358956
3,0.5221725201051165,1766756359117
3,0.5221725201051165,1766756359279
3,0.5221725201051165,1766756359440
3,0.5221725201051165,1766756359600
3,0.5221725201051165,1766756359759
3,0.5221725201051165,1766756359910
3,0.5221725201051165,1766756360059
3,0.5221725201051165,1766756360209
3,0.5221725201051165,1766756360362
3,0.5221725201051165,1766756360516
3,0.5221725201051165,1766756360668
3,0.5221725201051165,1766756360811
3,0.5221725201051165,1766756360953
3,0.5221725201051165,1766756361096
3,0.5221725201051165,1766756361241
3,0.5221725201051165,1766756361386
3,0.5221725201051165,1766756361530
3,0.5221725201051165,1766756361680
3,0.5221725201051165,1766756361827
3,0.5221725201051165,1766756361973
3,0.5221725201051165,1766756362116
3,0.5221725201051165,1766756362267
3,0.5221725201051165,1766756362426
3,0.5221725201051165,1766756362586
3,0.5221725201051165,1766756362767
3,0.5221725201051165,1766756362912
3,0.5221725201051165,1766756363064
3,0.5221725201051165,1766756363211
3,0.5221725201051165,1766756363369
3,0.5221725201051165,1766756363539
3,0.5221725201051165,1766756363711
3,0.5221725201051165,1766756363880
3,0.5221725201051165,1766756364034
3,0.5221725201051165,1766756364191
3,0.5221725201051165,1766756364350
3,0.5221725201051165,1766756364507
3,0.5221725201051165,1766756364662
3,0.5221725201051165,1766756364820
3,0.5221725201051165,1766756364977
3,0.5221725201051165,1766756365140
3,0.5221725201051165,1766756365300
3,0.5221725201051165,1766756365461
3,0.5221725201051165,1766756365613
3,0.5221725201051165,1766756365762
3,0.5221725201051165,1766756365912
3,0.5221725201051165,1766756366064
3,0.5221725201051165,1766756366216
3,0.5221725201051165,1766756366367
3,0.5221725201051165,1766756366519
3,0.5221725201051165,1766756366662
3,0.5221725201051165,1766756366805
3,0.5221725201051165,1766756366952
3,0.5221725201051165,1766756367103
3,0.5221725201051165,1766756367249
3,0.5221725201051165,1766756367394
3,0.5221725201051165,1766756367539
3,0.5221725201051165,1766756367682
3,0.5221725201051165,1766756367831
3,0.5221725201051165,1766756367975
3,0.5221725201051165,1766756368127
3,0.5221725201051165,1766756368289
3,0.5221725201051165,1766756368458
3,0.5221725201051165,1766756368621
3,0.5221725201051165,1766756368766
3,0.5221725201051165,1766756368918
3,0.5221725201051165,1766756369064
3,0.5221725201051165,1766756369221
3,0.5221725201051165,1766756369390
3,0.5221725201051165,1766756369557
3,0.5221725201051165,1766756369722
3,0.5221725201051165,1766756369880
3,0.5221725201051165,1766756370033
3,0.5221725201051165,1766756370190
3,0.5221725201051165,1766756370350
3,0.5221725201051165,1766756370507
3,0.5221725201051165,1766756370663
3,0.5221725201051165,1766756370825
3,0.5221725201051165,1766756370984
3,0.5221725201051165,1766756371143
3,0.5221725201051165,1766756371300
3,0.5221725201051165,1766756371451
3,0.5221725201051165,1766756371603
3,0.5221725201051165,1766756371752
3,0.5221725201051165,1766756371901
3,0.5221725201051165,1766756372052
3,0.5221725201051165,1766756372203
3,0.5221725201051165,1766756372360
3,0.5221725201051165,1766756372503
3,0.5221725201051165,1766756372645
3,0.5221725201051165,1766756372789
3,0.5221725201051165,1766756372936
3,0.5221725201051165,1766756373080
3,0.5221725201051165,1766756373231
3,0.5221725201051165,1766756373375
3,0.5221725201051165,1766756373520
3,0.5221725201051165,1766756373668
3,0.5221725201051165,1766756373811
3,0.5221725201051165,1766756373972
3,0.5221725201051165,1766756374133
3,0.5221725201051165,1766756374303
3,0.5221725201051165,1766756374461
3,0.5221725201051165,1766756374610
3,0.5221725201051165,1766756374761
3,0.5221725201051165,1766756374913
3,0.5221725201051165,1766756375073
3,0.5221725201051165,1766756375239
3,0.5221725201051165,1766756375412
3,0.5221725201051165,1766756375580
3,0.5221725201051165,1766756375734
3,0.5221725201051165,1766756375892
3,0.5221725201051165,1766756376050
3,0.5221725201051165,1766756376207
3,0.5221725201051165,1766756376365
3,0.5221725201051165,1766756376522
3,0.5221725201051165,1766756376682
3,0.5221725201051165,1766756376842
3,0.5221725201051165,1766756377004
3,0.5221725201051165,1766756377157
3,0.5221725201051165,1766756377307
3,0.5221725201051165,1766756377457
3,0.5221725201051165,1766756377608
3,0.5221725201051165,1766756377758
3,0.5221725201051165,1766756377911
3,0.5221725201051165,1766756378063
3,0.5221725201051165,1766756378216
3,0.5221725201051165,1766756378362
3,0.5221725201051165,1766756378507
3,0.5221725201051165,1766756378652
3,0.5221725201051165,1766756378799
3,0.5221725201051165,1766756378946
3,0.5221725201051165,1766756379096
3,0.5221725201051165,1766756379240
3,0.5221725201051165,1766756379385
3,0.5221725201051165,1766756379528
3,0.5221725201051165,1766756379671
3,0.5221725201051165,1766756379838
3,0.5221725201051165,1766756380005
3,0.5221725201051165,1766756380166
3,0.5221725201051165,1766756380317
3,0.5221725201051165,1766756380465
3,0.5221725201051165,1766756380617
3,0.5221725201051165,1766756380767
3,0.5221725201051165,1766756380925
3,0.5221725201051165,1766756381088
3,0.5221725201051165,1766756381264
3,0.5221725201051165,1766756381438
3,0.5221725201051165,1766756381593
3,0.5221725201051165,1766756381747
3,0.5221725201051165,1766756381908
3,0.5221725201051165,1766756382067
3,0.5221725201051165,1766756382227
3,0.5221725201051165,1766756382385
3,0.5221725201051165,1766756382544
3,0.5221725201051165,1766756382707
3,0.5221725201051165,1766756382869
3,0.5221725201051165,1766756383020
3,0.5221725201051165,1766756383171
3,0.5221725201051165,1766756383322
3,0.5221725201051165,1766756383469
3,0.5221725201051165,1766756383620
3,0.5221725201051165,1766756383769
3,0.5221725201051165,1766756383922
3,0.5221725201051165,1766756384071
3,0.5221725201051165,1766756384218
3,0.5221725201051165,1766756384368
3,0.5221725201051165,1766756384516
3,0.5221725201051165,1766756384660
3,0.5221725201051165,1766756384812
3,0.5221725201051165,1766756384956
3,0.5221725201051165,1766756385102
3,0.5221725201051165,1766756385247
3,0.5221725201051165,1766756385392
3,0.5221725201051165,1766756385553
3,0.5221725201051165,1766756385710
3,0.5221725201051165,1766756385880
3,0.5221725201051165,1766756386026
3,0.5221725201051165,1766756386179
3,0.5221725201051165,1766756386323
3,0.5221725201051165,1766756386481
3,0.5221725201051165,1766756386631
3,0.5221725201051165,1766756386788
3,0.5221725201051165,1766756386951
3,0.5221725201051165,1766756387124
3,0.5221725201051165,1766756387297
3,0.5221725201051165,1766756387450
3,0.5221725201051165,1766756387605
3,0.5221725201051165,1766756387758
3,0.5221725201051165,1766756387914
3,0.5221725201051165,1766756388071
3,0.5221725201051165,1766756388228
3,0.5221725201051165,1766756388387
3,0.5221725201051165,1766756388548
3,0.5221725201051165,1766756388702
3,0.5221725201051165,1766756388853
3,0.5221725201051165,1766756389004
3,0.5221725201051165,1766756389155
3,0.5221725201051165,1766756389303
3,0.5221725201051165,1766756389453
3,0.5221725201051165,1766756389603
3,0.5221725201051165,1766756389753
3,0.5221725201051165,1766756389903
3,0.5221725201051165,1766756390048
3,0.5221725201051165,1766756390195
3,0.5221725201051165,1766756390341
3,0.5221725201051165,1766756390486
3,0.5221725201051165,1766756390634
3,0.5221725201051165,1766756390777
3,0.5221725201051165,1766756390925
3,0.5221725201051165,1766756391068
3,0.5221725201051165,1766756391213
3,0.5221725201051165,1766756391377
3,0.5221725201051165,1766756391550
3,0.5221725201051165,1766756391715
3,0.5221725201051165,1766756391861
3,0.5221725201051165,1766756392023
3,0.5221725201051165,1766756392169
3,0.5221725201051165,1766756392326
3,0.5221725201051165,1766756392478
3,0.5221725201051165,1766756392638
3,0.5221725201051165,1766756392805
3,0.5221725201051165,1766756392985
3,0.5221725201051165,1766756393159
3,0.5221725201051165,1766756393309
3,0.5221725201051165,1766756393467
3,0.5221725201051165,1766756393625
3,0.5221725201051165,1766756393784
3,0.5221725201051165,1766756393942
3,0.5221725201051165,1766756394100
3,0.5221725201051165,1766756394263
3,0.5221725201051165,1766756394426
3,0.5221725201051165,1766756394580
3,0.5221725201051165,1766756394733
3,0.5221725201051165,1766756394884
3,0.5221725201051165,1766756395034
3,0.5221725201051165,1766756395182
3,0.5221725201051165,1766756395336
3,0.5221725201051165,1766756395486
3,0.5221725201051165,1766756395637
3,0.5221725201051165,1766756395789
3,0.5221725201051165,1766756395940
3,0.5221725201051165,1766756396085
3,0.5221725201051165,1766756396233
3,0.5221725201051165,1766756396382
3,0.5221725201051165,1766756396529
3,0.5221725201051165,1766756396678
3,0.5221725201051165,1766756396824
3,0.5221725201051165,1766756396968
3,0.5221725201051165,1766756397129
3,0.5221725201051165,1766756397314
3,0.5221725201051165,1766756397474
3,0.5221725201051165,1766756397621
3,0.5221725201051165,1766756397771
3,0.5221725201051165,1766756397918
3,0.5221725201051165,1766756398071
3,0.5221725201051165,1766756398231
3,0.5221725201051165,1766756398381
3,0.5221725201051165,1766756398548
3,0.5221725201051165,1766756398714
3,0.5221725201051165,1766756398894
3,0.5221725201051165,1766756399061
3,0.5221725201051165,1766756399217
3,0.5221725201051165,1766756399372
3,0.5221725201051165,1766756399527
3,0.5221725201051165,1766756399686
3,0.5221725201051165,1766756399845
3,0.5221725201051165,1766756400004
3,0.5221725201051165,1766756400163
3,0.5221725201051165,1766756400312
3,0.5221725201051165,1766756400462
3,0.5221725201051165,1766756400612
3,0.5221725201051165,1766756400761
3,0.5221725201051165,1766756400911
3,0.5221725201051165,1766756401061
3,0.5221725201051165,1766756401209
3,0.5221725201051165,1766756401364
3,0.5221725201051165,1766756401512
3,0.5221725201051165,1766756401669
3,0.5221725201051165,1766756401816
3,0.5221725201051165,1766756401960
3,0.5221725201051165,1766756402111
3,0.5221725201051165,1766756402257
3,0.5221725201051165,1766756402402
3,0.5221725201051165,1766756402547
3,0.5221725201051165,1766756402692
3,0.5221725201051165,1766756402847
3,0.5221725201051165,1766756403005
3,0.5221725201051165,1766756403180
3,0.5221725201051165,1766756403334
3,0.5221725201051165,1766756403488
3,0.5221725201051165,1766756403635
3,0.5221725201051165,1766756403789
3,0.5221725201051165,1766756403940
3,0.5221725201051165,1766756404097
3,0.5221725201051165,1766756404249
3,0.5221725201051165,1766756404415
3,0.5221725201051165,1766756404581
3,0.5221725201051165,1766756404763
3,0.5221725201051165,1766756404918
3,0.5221725201051165,1766756405075
3,0.5221725201051165,1766756405229
3,0.5221725201051165,1766756405389
3,0.5221725201051165,1766756405548
3,0.5221725201051165,1766756405706
3,0.5221725201051165,1766756405867
3,0.5221725201051165,1766756406022
3,0.5221725201051165,1766756406175
3,0.5221725201051165,1766756406325
3,0.5221725201051165,1766756406477
3,0.5221725201051165,1766756406626
3,0.5221725201051165,1766756406777
3,0.5221725201051165,1766756406927
3,0.5221725201051165,1766756407080
3,0.5221725201051165,1766756407229
3,0.5221725201051165,1766756407382
3,0.5221725201051165,1766756407534
3,0.5221725201051165,1766756407681
3,0.5221725201051165,1766756407825
3,0.5221725201051165,1766756407977
3,0.5221725201051165,1766756408121
3,0.5221725201051165,1766756408267
3,0.5221725201051165,1766756408411
3,0.5221725201051165,1766756408556
3,0.5221725201051165,1766756408719
3,0.5221725201051165,1766756408882
3,0.5221725201051165,1766756409044
3,0.5221725201051165,1766756409193
3,0.5221725201051165,1766756409347
3,0.5221725201051165,1766756409500
3,0.5221725201051165,1766756409653
3,0.5221725201051165,1766756409807
3,0.5221725201051165,1766756409967
3,0.5221725201051165,1766756410120
3,0.5221725201051165,1766756410291
3,0.5221725201051165,1766756410457
3,0.5221725201051165,1766756410636
3,0.5221725201051165,1766756410789
3,0.5221725201051165,1766756410945
3,0.5221725201051165,1766756411097
3,0.5221725201051165,1766756411256
3,0.5221725201051165,1766756411412
3,0.5221725201051165,1766756411569
3,0.5221725201051165,1766756411726
3,0.5221725201051165,1766756411875
3,0.5221725201051165,1766756412024
3,0.5221725201051165,1766756412173
3,0.5221725201051165,1766756412323
3,0.5221725201051165,1766756412470
3,0.5221725201051165,1766756412620
3,0.5221725201051165,1766756412768
3,0.5221725201051165,1766756412919
3,0.5221725201051165,1766756413069
3,0.5221725201051165,1766756413224
3,0.5221725201051165,1766756413379
3,0.5221725201051165,1766756413524
3,0.5221725201051165,1766756413673
3,0.5221725201051165,1766756413820
3,0.5221725201051165,1766756413964
3,0.5221725201051165,1766756414108
3,0.5221725201051165,1766756414253
3,0.5221725201051165,1766756414409
3,0.5221725201051165,1766756414567
3,0.5221725201051165,1766756414736
3,0.5221725201051165,1766756414894
3,0.5221725201051165,1766756415046
3,0.5221725201051165,1766756415194
3,0.5221725201051165,1766756415350
3,0.5221725201051165,1766756415504
3,0.5221725201051165,1766756415655
3,0.5221725201051165,1766756415809
3,0.5221725201051165,1766756415962
3,0.5221725201051165,1766756416132
3,0.5221725201051165,1766756416298
3,0.5221725201051165,1766756416477
3,0.5221725201051165,1766756416631
3,0.5221725201051165,1766756416791
3,0.5221725201051165,1766756416944
3,0.5221725201051165,1766756417104
3,0.5221725201051165,1766756417261
3,0.5221725201051165,1766756417419
3,0.5221725201051165,1766756417576
3,0.5221725201051165,1766756417727
3,0.5221725201051165,1766756417876
3,0.5221725201051165,1766756418026
3,0.5221725201051165,1766756418181
3,0.5221725201051165,1766756418332
3,0.5221725201051165,1766756418482
3,0.5221725201051165,1766756418632
3,0.5221725201051165,1766756418785
3,0.5221725201051165,1766756418936
3,0.5221725201051165,1766756419088
3,0.5221725201051165,1766756419243
3,0.5221725201051165,1766756419387
3,0.5221725201051165,1766756419536
3,0.5221725201051165,1766756419681
3,0.5221725201051165,1766756419829
3,0.5221725201051165,1766756419972
3,0.5221725201051165,1766756420115
3,0.5221725201051165,1766756420280
3,0.5221725201051165,1766756420447
3,0.5221725201051165,1766756420611
3,0.5221725201051165,1766756420758
3,0.5221725201051165,1766756420911
3,0.5221725201051165,1766756421057
3,0.5221725201051165,1766756421214
3,0.5221725201051165,1766756421365
3,0.5221725201051165,1766756421516
3,0.5221725201051165,1766756421668
3,0.5221725201051165,1766756421822
3,0.5221725201051165,1766756421996
3,0.5221725201051165,1766756422167
3,0.5221725201051165,1766756422341
3,0.5221725201051165,1766756422494
3,0.5221725201051165,1766756422652
3,0.5221725201051165,1766756422804
3,0.5221725201051165,1766756422965
3,0.5221725201051165,1766756423124
3,0.5221725201051165,1766756423283
3,0.5221725201051165,1766756423434
3,0.5221725201051165,1766756423584
3,0.5221725201051165,1766756423735
3,0.5221725201051165,1766756423887
3,0.5221725201051165,1766756424038
3,0.5221725201051165,1766756424187
3,0.5221725201051165,1766756424337
3,0.5221725201051165,1766756424488
3,0.5221725201051165,1766756424639
3,0.5221725201051165,1766756424794
3,0.5221725201051165,1766756424949
3,0.5221725201051165,1766756425103
3,0.5221725201051165,1766756425253
3,0.5221725201051165,1766756425400
3,0.5221725201051165,1766756425546
3,0.5221725201051165,1766756425689
3,0.5221725201051165,1766756425832
3,0.5221725201051165,1766756425992
3,0.5221725201051165,1766756426147
3,0.5221725201051165,1766756426315
3,0.5221725201051165,1766756426464
3,0.5221725201051165,1766756426615
3,0.5221725201051165,1766756426760
3,0.5221725201051165,1766756426914
3,0.5221725201051165,1766756427070
3,0.5221725201051165,1766756427223
3,0.5221725201051165,1766756427375
3,0.5221725201051165,1766756427530
3,0.5221725201051165,1766756427686
3,0.5221725201051165,1766756427859
3,0.5221725201051165,1766756428028
3,0.5221725201051165,1766756428210
3,0.5221725201051165,1766756428365
3,0.5221725201051165,1766756428524
3,0.5221725201051165,1766756428677
3,0.5221725201051165,1766756428839
3,0.5221725201051165,1766756428996
3,0.5221725201051165,1766756429151
3,0.5221725201051165,1766756429300
3,0.5221725201051165,1766756429453
3,0.5221725201051165,1766756429603
3,0.5221725201051165,1766756429756
3,0.5221725201051165,1766756429910
3,0.5221725201051165,1766756430061
3,0.5221725201051165,1766756430209
3,0.5221725201051165,1766756430361
3,0.5221725201051165,1766756430514
3,0.5221725201051165,1766756430669
3,0.5221725201051165,1766756430820
3,0.5221725201051165,1766756430975
3,0.5221725201051165,1766756431120
3,0.5221725201051165,1766756431266
3,0.5221725201051165,1766756431413
3,0.5221725201051165,1766756431559
3,0.5221725201051165,1766756431710
3,0.5221725201051165,1766756431868
3,0.5221725201051165,1766756432039
3,0.5221725201051165,1766756432197
3,0.5221725201051165,1766756432341
3,0.5221725201051165,1766756432491
3,0.5221725201051165,1766756432642
3,0.5221725201051165,1766756432797
3,0.5221725201051165,1766756432953
3,0.5221725201051165,1766756433106
3,0.5221725201051165,1766756433261
3,0.5221725201051165,1766756433416
3,0.5221725201051165,1766756433568
3,0.5221725201051165,1766756433743
3,0.5221725201051165,1766756433913
3,0.5221725201051165,1766756434088
3,0.5221725201051165,1766756434243
3,0.5221725201051165,1766756434402
3,0.5221725201051165,1766756434554
3,0.5221725201051165,1766756434715
3,0.5221725201051165,1766756434873
3,0.5221725201051165,1766756435024
3,0.5221725201051165,1766756435173
3,0.5221725201051165,1766756435328
3,0.5221725201051165,1766756435477
3,0.5221725201051165,1766756435628
3,0.5221725201051165,1766756435781
3,0.5221725201051165,1766756435932
3,0.5221725201051165,1766756436081
3,0.5221725201051165,1766756436235
3,0.5221725201051165,1766756436392
3,0.5221725201051165,1766756436548
3,0.5221725201051165,1766756436701
3,0.5221725201051165,1766756436858
3,0.5221725201051165,1766756437001
3,0.5221725201051165,1766756437146
3,0.5221725201051165,1766756437292
3,0.5221725201051165,1766756437435
3,0.5221725201051165,1766756437597
3,0.5221725201051165,1766756437759
3,0.5221725201051165,1766756437917
3,0.5221725201051165,1766756438061
3,0.5221725201051165,1766756438211
3,0.5221725201051165,1766756438358
3,0.5221725201051165,1766756438512
3,0.5221725201051165,1766756438662
3,0.5221725201051165,1766756438816
3,0.5221725201051165,1766756438968
3,0.5221725201051165,1766756439124
3,0.5221725201051165,1766756439277
3,0.5221725201051165,1766756439433
3,0.5221725201051165,1766756439606
3,0.5221725201051165,1766756439778
3,0.5221725201051165,1766756439946
3,0.5221725201051165,1766756440099
3,0.5221725201051165,1766756440257
3,0.5221725201051165,1766756440414
3,0.5221725201051165,1766756440570
3,0.5221725201051165,1766756440720
3,0.5221725201051165,1766756440870
3,0.5221725201051165,1766756441020
3,0.5221725201051165,1766756441168
3,0.5221725201051165,1766756441320
3,0.5221725201051165,1766756441470
3,0.5221725201051165,1766756441620
3,0.5221725201051165,1766756441768
3,0.5221725201051165,1766756441919
3,0.5221725201051165,1766756442073
3,0.5221725201051165,1766756442226
3,0.5221725201051165,1766756442379
3,0.5221725201051165,1766756442540
3,0.5221725201051165,1766756442691
3,0.5221725201051165,1766756442835
3,0.5221725201051165,1766756442981
3,0.5221725201051165,1766756443125
3,0.5221725201051165,1766756443283
3,0.5221725201051165,1766756443442
3,0.5221725201051165,1766756443612
3,0.5221725201051165,1766756443766
3,0.5221725201051165,1766756443911
3,0.5221725201051165,1766756444054
3,0.5221725201051165,1766756444206
3,0.5221725201051165,1766756444355
3,0.5221725201051165,1766756444509
3,0.5221725201051165,1766756444661
3,0.5221725201051165,1766756444816
3,0.5221725201051165,1766756444969
3,0.5221725201051165,1766756445122
3,0.5221725201051165,1766756445274
3,0.5221725201051165,1766756445444
3,0.5221725201051165,1766756445620
3,0.5221725201051165,1766756445790
3,0.5221725201051165,1766756445948
3,0.5221725201051165,1766756446106
3,0.5221725201051165,1766756446265
3,0.5221725201051165,1766756446422
3,0.5221725201051165,1766756446571
3,0.5221725201051165,1766756446722
3,0.5221725201051165,1766756446873
3,0.5221725201051165,1766756447027
3,0.5221725201051165,1766756447178
3,0.5221725201051165,1766756447331
3,0.5221725201051165,1766756447488
3,0.5221725201051165,1766756447641
3,0.5221725201051165,1766756447794
3,0.5221725201051165,1766756447947
3,0.5221725201051165,1766756448102
3,0.5221725201051165,1766756448256
3,0.5221725201051165,1766756448413
3,0.5221725201051165,1766756448563
3,0.5221725201051165,1766756448711
3,0.5221725201051165,1766756448858
3,0.5221725201051165,1766756449009
3,0.5221725201051165,1766756449168
3,0.5221725201051165,1766756449337
3,0.5221725201051165,1766756449501
3,0.5221725201051165,1766756449646
3,0.5221725201051165,1766756449800
3,0.5221725201051165,1766756449952
3,0.5221725201051165,1766756450107
3,0.5221725201051165,1766756450262
3,0.5221725201051165,1766756450414
3,0.5221725201051165,1766756450569
3,0.5221725201051165,1766756450726
3,0.5221725201051165,1766756450884
3,0.5221725201051165,1766756451038
3,0.5221725201051165,1766756451211
3,0.5221725201051165,1766756451376
3,0.5221725201051165,1766756451553
3,0.5221725201051165,1766756451714
3,0.5221725201051165,1766756451870
3,0.5221725201051165,1766756452025
3,0.5221725201051165,1766756452182
3,0.5221725201051165,1766756452332
3,0.5221725201051165,1766756452482
3,0.5221725201051165,1766756452632
3,0.5221725201051165,1766756452785
3,0.5221725201051165,1766756452936
3,0.5221725201051165,1766756453089
3,0.5221725201051165,1766756453239
3,0.5221725201051165,1766756453391
3,0.5221725201051165,1766756453542
3,0.5221725201051165,1766756453696
3,0.5221725201051165,1766756453847
3,0.5221725201051165,1766756454000
3,0.5221725201051165,1766756454160
3,0.5221725201051165,1766756454314
3,0.5221725201051165,1766756454461
3,0.5221725201051165,1766756454606
3,0.5221725201051165,1766756454749
3,0.5221725201051165,1766756454911
3,0.5221725201051165,1766756455075
3,0.5221725201051165,1766756455240
3,0.5221725201051165,1766756455384
3,0.5221725201051165,1766756455535
3,0.5221725201051165,1766756455681
3,0.5221725201051165,1766756455834
3,0.5221725201051165,1766756455985
3,0.5221725201051165,1766756456137
3,0.5221725201051165,1766756456296
3,0.5221725201051165,1766756456449
3,0.5221725201051165,1766756456600
3,0.5221725201051165,1766756456756
3,0.5221725201051165,1766756456909
3,0.5221725201051165,1766756457073
3,0.5221725201051165,1766756457245
3,0.5221725201051165,1766756457423
3,0.5221725201051165,1766756457579
3,0.5221725201051165,1766756457739
3,0.5221725201051165,1766756457893
3,0.5221725201051165,1766756458047
3,0.5221725201051165,1766756458196
3,0.5221725201051165,1766756458343
3,0.5221725201051165,1766756458493
3,0.5221725201051165,1766756458644
3,0.5221725201051165,1766756458794
3,0.5221725201051165,1766756458948
3,0.5221725201051165,1766756459098
3,0.5221725201051165,1766756459250
3,0.5221725201051165,1766756459403
3,0.5221725201051165,1766756459557
3,0.5221725201051165,1766756459709
3,0.5221725201051165,1766756459866
3,0.5221725201051165,1766756460018
3,0.5221725201051165,1766756460172
3,0.5221725201051165,1766756460315
3,0.5221725201051165,1766756460460
3,0.5221725201051165,1766756460616
3,0.5221725201051165,1766756460773
3,0.5221725201051165,1766756460939
3,0.5221725201051165,1766756461092
3,0.5221725201051165,1766756461242
3,0.5221725201051165,1766756461387
3,0.5221725201051165,1766756461540
3,0.5221725201051165,1766756461692
3,0.5221725201051165,1766756461843
3,0.5221725201051165,1766756461996
3,0.5221725201051165,1766756462153
3,0.5221725201051165,1766756462310
3,0.5221725201051165,1766756462464
3,0.5221725201051165,1766756462618
3,0.5221725201051165,1766756462771
3,0.5221725201051165,1766756462940
3,0.5221725201051165,1766756463098
3,0.5221725201051165,1766756463272
3,0.5221725201051165,1766756463425
3,0.5221725201051165,1766756463583
3,0.5221725201051165,1766756463736
3,0.5221725201051165,1766756463884
3,0.5221725201051165,1766756464030
3,0.433676366989615,1766756464179
4,0.5221725201051165,1766756464318
4,0.5221725201051165,1766756464465
4,0.5221725201051165,1766756464616
4,0.5221725201051165,1766756464765
4,0.5221725201051165,1766756464915
4,0.5221725201051165,1766756465065
4,0.5221725201051165,1766756465229
4,0.5221725201051165,1766756465385
4,0.5221725201051165,1766756465539
4,0.5221725201051165,1766756465691
4,0.5221725201051165,1766756465849
4,0.5221725201051165,1766756466001
4,0.5221725201051165,1766756466147
4,0.5221725201051165,1766756466289
4,0.5221725201051165,1766756466449
4,0.5221725201051165,1766756466611
4,0.5221725201051165,1766756466771
4,0.5221725201051165,1766756466916
4,0.5221725201051165,1766756467064
4,0.5221725201051165,1766756467207
4,0.5221725201051165,1766756467364
4,0.5221725201051165,1766756467517
4,0.5221725201051165,1766756467668
4,0.5221725201051165,1766756467818
4,0.5221725201051165,1766756467973
4,0.5221725201051165,1766756468127
4,0.5221725201051165,1766756468282
4,0.5221725201051165,1766756468441
4,0.5221725201051165,1766756468592
4,0.5221725201051165,1766756468756
4,0.5221725201051165,1766756468922
4,0.5221725201051165,1766756469100
4,0.5221725201051165,1766756469259
4,0.5221725201051165,1766756469417
4,0.5221725201051165,1766756469563
4,0.5221725201051165,1766756469713
4,0.5221725201051165,1766756469861
4,0.5221725201051165,1766756470011
4,0.5221725201051165,1766756470161
4,0.5221725201051165,1766756470311
4,0.5221725201051165,1766756470462
4,0.5221725201051165,1766756470612
4,0.5221725201051165,1766756470764
4,0.5221725201051165,1766756470918
4,0.5221725201051165,1766756471074
4,0.5221725201051165,1766756471231
4,0.5221725201051165,1766756471383
4,0.5221725201051165,1766756471540
4,0.5221725201051165,1766756471697
4,0.5221725201051165,1766756471855
4,0.5221725201051165,1766756471999
4,0.5221725201051165,1766756472156
4,0.5221725201051165,1766756472311
4,0.5221725201051165,1766756472480
4,0.5221725201051165,1766756472630
4,0.5221725201051165,1766756472779
4,0.5221725201051165,1766756472930
4,0.5221725201051165,1766756473081
4,0.5221725201051165,1766756473232
4,0.5221725201051165,1766756473386
4,0.5221725201051165,1766756473543
4,0.5221725201051165,1766756473698
4,0.5221725201051165,1766756473860
4,0.5221725201051165,1766756474018
4,0.5221725201051165,1766756474169
4,0.5221725201051165,1766756474324
4,0.5221725201051165,1766756474477
4,0.5221725201051165,1766756474648
4,0.5221725201051165,1766756474813
4,0.5221725201051165,1766756474990
4,0.5221725201051165,1766756475148
4,0.5221725201051165,1766756475304
4,0.5221725201051165,1766756475448
4,0.5221725201051165,1766756475600
4,0.5221725201051165,1766756475751
4,0.5221725201051165,1766756475900
4,0.5221725201051165,1766756476051
4,0.5221725201051165,1766756476203
4,0.5221725201051165,1766756476355
4,0.5221725201051165,1766756476506
4,0.5221725201051165,1766756476656
4,0.5221725201051165,1766756476811
4,0.5221725201051165,1766756476964
4,0.5221725201051165,1766756477117
4,0.5221725201051165,1766756477271
4,0.5221725201051165,1766756477424
4,0.5221725201051165,1766756477576
4,0.5221725201051165,1766756477728
4,0.5221725201051165,1766756477880
4,0.5221725201051165,1766756478037
4,0.5221725201051165,1766756478205
4,0.5221725201051165,1766756478368
4,0.5221725201051165,1766756478510
4,0.5221725201051165,1766756478657
4,0.5221725201051165,1766756478803
4,0.5221725201051165,1766756478954
4,0.5221725201051165,1766756479106
4,0.5221725201051165,1766756479258
4,0.5221725201051165,1766756479410
4,0.5221725201051165,1766756479568
4,0.5221725201051165,1766756479724
4,0.5221725201051165,1766756479882
4,0.5221725201051165,1766756480035
4,0.5221725201051165,1766756480188
4,0.5221725201051165,1766756480339
4,0.5221725201051165,1766756480506
4,0.5221725201051165,1766756480669
4,0.5221725201051165,1766756480849
4,0.5221725201051165,1766756481005
4,0.5221725201051165,1766756481157
4,0.5221725201051165,1766756481302
4,0.5221725201051165,1766756481461
4,0.5221725201051165,1766756481609
4,0.5221725201051165,1766756481762
4,0.5221725201051165,1766756481911
4,0.5221725201051165,1766756482065
4,0.5221725201051165,1766756482214
4,0.5221725201051165,1766756482369
4,0.5221725201051165,1766756482526
4,0.5221725201051165,1766756482682
4,0.5221725201051165,1766756482833
4,0.5221725201051165,1766756482986
4,0.5221725201051165,1766756483137
4,0.5221725201051165,1766756483290
4,0.5221725201051165,1766756483442
4,0.5221725201051165,1766756483594
4,0.5221725201051165,1766756483758
4,0.5221725201051165,1766756483919
4,0.5221725201051165,1766756484086
4,0.5221725201051165,1766756484231
4,0.5221725201051165,1766756484382
4,0.5221725201051165,1766756484526
4,0.5221725201051165,1766756484679
4,0.5221725201051165,1766756484830
4,0.5221725201051165,1766756484979
4,0.5221725201051165,1766756485135
4,0.5221725201051165,1766756485291
4,0.5221725201051165,1766756485447
4,0.5221725201051165,1766756485604
4,0.5221725201051165,1766756485757
4,0.5221725201051165,1766756485908
4,0.5221725201051165,1766756486061
4,0.5221725201051165,1766756486214
4,0.5221725201051165,1766756486385
4,0.5221725201051165,1766756486556
4,0.5221725201051165,1766756486737
4,0.5221725201051165,1766756486885
4,0.5221725201051165,1766756487037
4,0.5221725201051165,1766756487185
4,0.5221725201051165,1766756487341
4,0.5221725201051165,1766756487491
4,0.5221725201051165,1766756487640
4,0.5221725201051165,1766756487793
4,0.5221725201051165,1766756487943
4,0.5221725201051165,1766756488096
4,0.5221725201051165,1766756488248
4,0.5221725201051165,1766756488402
4,0.5221725201051165,1766756488556
4,0.5221725201051165,1766756488710
4,0.5221725201051165,1766756488863
4,0.5221725201051165,1766756489017
4,0.5221725201051165,1766756489171
4,0.5221725201051165,1766756489325
4,0.5221725201051165,1766756489496
4,0.5221725201051165,1766756489654
4,0.5221725201051165,1766756489822
4,0.5221725201051165,1766756489976
4,0.5221725201051165,1766756490125
4,0.5221725201051165,1766756490272
4,0.5221725201051165,1766756490424
4,0.5221725201051165,1766756490571
4,0.5221725201051165,1766756490722
4,0.5221725201051165,1766756490872
4,0.5221725201051165,1766756491029
4,0.5221725201051165,1766756491183
4,0.5221725201051165,1766756491337
4,0.5221725201051165,1766756491490
4,0.5221725201051165,1766756491647
4,0.5221725201051165,1766756491801
4,0.5221725201051165,1766756491955
4,0.5221725201051165,1766756492107
4,0.5221725201051165,1766756492279
4,0.5221725201051165,1766756492450
4,0.5221725201051165,1766756492617
4,0.5221725201051165,1766756492763
4,0.5221725201051165,1766756492913
4,0.5221725201051165,1766756493058
4,0.5221725201051165,1766756493208
4,0.5221725201051165,1766756493359
4,0.5221725201051165,1766756493506
4,0.5221725201051165,1766756493660
4,0.5221725201051165,1766756493808
4,0.5221725201051165,1766756493963
4,0.5221725201051165,1766756494121
4,0.5221725201051165,1766756494284
4,0.5221725201051165,1766756494434
4,0.5221725201051165,1766756494590
4,0.5221725201051165,1766756494741
4,0.5221725201051165,1766756494895
4,0.5221725201051165,1766756495049
4,0.5221725201051165,1766756495209
4,0.5221725201051165,1766756495371
4,0.5221725201051165,1766756495538
4,0.5221725201051165,1766756495699
4,0.5221725201051165,1766756495843
4,0.5221725201051165,1766756495993
4,0.5221725201051165,1766756496136
4,0.5221725201051165,1766756496288
4,0.5221725201051165,1766756496437
4,0.5221725201051165,1766756496589
4,0.5221725201051165,1766756496740
4,0.5221725201051165,1766756496896
4,0.5221725201051165,1766756497050
4,0.5221725201051165,1766756497206
4,0.5221725201051165,1766756497362
4,0.5221725201051165,1766756497519
4,0.5221725201051165,1766756497676
4,0.5221725201051165,1766756497826
4,0.5221725201051165,1766756497987
4,0.5221725201051165,1766756498152
4,0.5221725201051165,1766756498328
4,0.5221725201051165,1766756498487
4,0.5221725201051165,1766756498632
4,0.5221725201051165,1766756498779
4,0.5221725201051165,1766756498922
4,0.5221725201051165,1766756499069
4,0.5221725201051165,1766756499222
4,0.5221725201051165,1766756499369
4,0.5221725201051165,1766756499519
4,0.5221725201051165,1766756499671
4,0.5221725201051165,1766756499827
4,0.5221725201051165,1766756499980
4,0.5221725201051165,1766756500135
4,0.5221725201051165,1766756500295
4,0.5221725201051165,1766756500446
4,0.5221725201051165,1766756500596
4,0.5221725201051165,1766756500752
4,0.5221725201051165,1766756500904
4,0.5221725201051165,1766756501076
4,0.5221725201051165,1766756501233
4,0.5221725201051165,1766756501395
4,0.5221725201051165,1766756501542
4,0.5221725201051165,1766756501688
4,0.5221725201051165,1766756501835
4,0.5221725201051165,1766756501986
4,0.5221725201051165,1766756502138
4,0.5221725201051165,1766756502289
4,0.5221725201051165,1766756502443
4,0.5221725201051165,1766756502599
4,0.5221725201051165,1766756502757
4,0.5221725201051165,1766756502915
4,0.5221725201051165,1766756503073
4,0.5221725201051165,1766756503228
4,0.5221725201051165,1766756503381
4,0.5221725201051165,1766756503532
4,0.5221725201051165,1766756503686
4,0.5221725201051165,1766756503851
4,0.5221725201051165,1766756504017
4,0.5221725201051165,1766756504188
4,0.5221725201051165,1766756504342
4,0.5221725201051165,1766756504487
4,0.5221725201051165,1766756504630
4,0.5221725201051165,1766756504779
4,0.5221725201051165,1766756504932
4,0.5221725201051165,1766756505082
4,0.5221725201051165,1766756505234
4,0.5221725201051165,1766756505387
4,0.5221725201051165,1766756505540
4,0.5221725201051165,1766756505695
4,0.5221725201051165,1766756505849
4,0.5221725201051165,1766756506004
4,0.5221725201051165,1766756506160
4,0.5221725201051165,1766756506315
4,0.5221725201051165,1766756506469
4,0.5221725201051165,1766756506620
4,0.5221725201051165,1766756506781
4,0.5221725201051165,1766756506947
4,0.5221725201051165,1766756507123
4,0.5221725201051165,1766756507276
4,0.5221725201051165,1766756507420
4,0.5221725201051165,1766756507566
4,0.5221725201051165,1766756507714
4,0.5221725201051165,1766756507863
4,0.5221725201051165,1766756508013
4,0.5221725201051165,1766756508163
4,0.5221725201051165,1766756508314
4,0.5221725201051165,1766756508466
4,0.5221725201051165,1766756508621
4,0.5221725201051165,1766756508773
4,0.5221725201051165,1766756508932
4,0.5221725201051165,1766756509088
4,0.5221725201051165,1766756509240
4,0.5221725201051165,1766756509392
4,0.5221725201051165,1766756509547
4,0.5221725201051165,1766756509710
4,0.5221725201051165,1766756509880
4,0.5221725201051165,1766756510051
4,0.5221725201051165,1766756510203
4,0.5221725201051165,1766756510346
4,0.5221725201051165,1766756510491
4,0.5221725201051165,1766756510640
4,0.5221725201051165,1766756510789
4,0.5221725201051165,1766756510938
4,0.5221725201051165,1766756511086
4,0.5221725201051165,1766756511237
4,0.5221725201051165,1766756511391
4,0.5221725201051165,1766756511544
4,0.5221725201051165,1766756511697
4,0.5221725201051165,1766756511853
4,0.5221725201051165,1766756512007
4,0.5221725201051165,1766756512158
4,0.5221725201051165,1766756512311
4,0.5221725201051165,1766756512462
4,0.5221725201051165,1766756512632
4,0.5221725201051165,1766756512801
4,0.5221725201051165,1766756512972
4,0.5221725201051165,1766756513117
4,0.5221725201051165,1766756513263
4,0.5221725201051165,1766756513410
4,0.5221725201051165,1766756513565
4,0.5221725201051165,1766756513716
4,0.5221725201051165,1766756513868
4,0.5221725201051165,1766756514020
4,0.5221725201051165,1766756514172
4,0.5221725201051165,1766756514327
4,0.5221725201051165,1766756514483
4,0.5221725201051165,1766756514638
4,0.5221725201051165,1766756514795
4,0.5221725201051165,1766756514947
4,0.5221725201051165,1766756515102
4,0.5221725201051165,1766756515255
4,0.5221725201051165,1766756515409
4,0.5221725201051165,1766756515569
4,0.5221725201051165,1766756515734
4,0.5221725201051165,1766756515902
4,0.5221725201051165,1766756516052
4,0.5221725201051165,1766756516198
4,0.5221725201051165,1766756516344
4,0.5221725201051165,1766756516496
4,0.5221725201051165,1766756516645
4,0.5221725201051165,1766756516797
4,0.5221725201051165,1766756516945
4,0.5221725201051165,1766756517100
4,0.5221725201051165,1766756517265
4,0.5221725201051165,1766756517422
4,0.5221725201051165,1766756517576
4,0.5221725201051165,1766756517737
4,0.5221725201051165,1766756517891
4,0.5221725201051165,1766756518051
4,0.5221725201051165,1766756518199
4,0.5221725201051165,1766756518366
4,0.5221725201051165,1766756518532
4,0.5221725201051165,1766756518709
4,0.5221725201051165,1766756518862
4,0.5221725201051165,1766756519013
4,0.5221725201051165,1766756519158
4,0.5221725201051165,1766756519307
4,0.5221725201051165,1766756519458
4,0.5221725201051165,1766756519607
4,0.5221725201051165,1766756519756
4,0.5221725201051165,1766756519907
4,0.5221725201051165,1766756520061
4,0.5221725201051165,1766756520218
4,0.5221725201051165,1766756520369
4,0.5221725201051165,1766756520526
4,0.5221725201051165,1766756520682
4,0.5221725201051165,1766756520834
4,0.5221725201051165,1766756520989
4,0.5221725201051165,1766756521146
4,0.5221725201051165,1766756521298
4,0.5221725201051165,1766756521463
4,0.5221725201051165,1766756521619
4,0.5221725201051165,1766756521780
4,0.5221725201051165,1766756521934
4,0.5221725201051165,1766756522079
4,0.5221725201051165,1766756522225
4,0.5221725201051165,1766756522372
4,0.5221725201051165,1766756522521
4,0.5221725201051165,1766756522669
4,0.5221725201051165,1766756522821
4,0.5221725201051165,1766756522972
4,0.5221725201051165,1766756523123
4,0.5221725201051165,1766756523274
4,0.5221725201051165,1766756523431
4,0.5221725201051165,1766756523585
4,0.5221725201051165,1766756523739
4,0.5221725201051165,1766756523891
4,0.5221725201051165,1766756524043
4,0.5221725201051165,1766756524213
4,0.5221725201051165,1766756524383
4,0.5221725201051165,1766756524553
4,0.5221725201051165,1766756524700
4,0.5221725201051165,1766756524854
4,0.5221725201051165,1766756524998
4,0.5221725201051165,1766756525150
4,0.5221725201051165,1766756525304
4,0.5221725201051165,1766756525456
4,0.5221725201051165,1766756525606
4,0.5221725201051165,1766756525761
4,0.5221725201051165,1766756525915
4,0.5221725201051165,1766756526071
4,0.5221725201051165,1766756526223
4,0.5221725201051165,1766756526377
4,0.5221725201051165,1766756526531
4,0.5221725201051165,1766756526684
4,0.5221725201051165,1766756526837
4,0.5221725201051165,1766756526994
4,0.5221725201051165,1766756527147
4,0.5221725201051165,1766756527309
4,0.5221725201051165,1766756527465
4,0.5221725201051165,1766756527633
4,0.5221725201051165,1766756527784
4,0.5221725201051165,1766756527937
4,0.5221725201051165,1766756528082
4,0.5221725201051165,1766756528230
4,0.5221725201051165,1766756528378
4,0.5221725201051165,1766756528526
4,0.5221725201051165,1766756528673
4,0.5221725201051165,1766756528830
4,0.5221725201051165,1766756528982
4,0.5221725201051165,1766756529138
4,0.5221725201051165,1766756529291
4,0.5221725201051165,1766756529444
4,0.5221725201051165,1766756529601
4,0.5221725201051165,1766756529751
4,0.5221725201051165,1766756529914
4,0.5221725201051165,1766756530078
4,0.5221725201051165,1766756530258
4,0.5221725201051165,1766756530423
4,0.5221725201051165,1766756530570
4,0.5221725201051165,1766756530719
4,0.5221725201051165,1766756530872
4,0.5221725201051165,1766756531029
4,0.5221725201051165,1766756531182
4,0.5221725201051165,1766756531339
4,0.5221725201051165,1766756531495
4,0.5221725201051165,1766756531648
4,0.5221725201051165,1766756531801
4,0.5221725201051165,1766756531957
4,0.5221725201051165,1766756532111
4,0.5221725201051165,1766756532265
4,0.5221725201051165,1766756532421
4,0.5221725201051165,1766756532576
4,0.5221725201051165,1766756532730
4,0.5221725201051165,1766756532883
4,0.5221725201051165,1766756533038
4,0.5221725201051165,1766756533204
4,0.5221725201051165,1766756533368
4,0.5221725201051165,1766756533541
4,0.5221725201051165,1766756533687
4,0.5221725201051165,1766756533837
4,0.5221725201051165,1766756533983
4,0.5221725201051165,1766756534134
4,0.5221725201051165,1766756534282
4,0.5221725201051165,1766756534431
4,0.5221725201051165,1766756534583
4,0.5221725201051165,1766756534736
4,0.5221725201051165,1766756534889
4,0.5221725201051165,1766756535046
4,0.5221725201051165,1766756535202
4,0.5221725201051165,1766756535355
4,0.5221725201051165,1766756535508
4,0.5221725201051165,1766756535666
4,0.5221725201051165,1766756535836
4,0.5221725201051165,1766756536016
4,0.5221725201051165,1766756536176
4,0.5221725201051165,1766756536334
4,0.5221725201051165,1766756536478
4,0.5221725201051165,1766756536632
4,0.5221725201051165,1766756536782
4,0.5221725201051165,1766756536932
4,0.5221725201051165,1766756537083
4,0.5221725201051165,1766756537237
4,0.5221725201051165,1766756537390
4,0.5221725201051165,1766756537543
4,0.5221725201051165,1766756537695
4,0.5221725201051165,1766756537851
4,0.5221725201051165,1766756538005
4,0.5221725201051165,1766756538159
4,0.5221725201051165,1766756538318
4,0.5221725201051165,1766756538470
4,0.5221725201051165,1766756538626
4,0.5221725201051165,1766756538779
4,0.5221725201051165,1766756538924
4,0.5221725201051165,1766756539087
4,0.5221725201051165,1766756539253
4,0.5221725201051165,1766756539414
4,0.5221725201051165,1766756539560
4,0.5221725201051165,1766756539712
4,0.5221725201051165,1766756539858
4,0.5221725201051165,1766756540007
4,0.5221725201051165,1766756540158
4,0.5221725201051165,1766756540308
4,0.5221725201051165,1766756540469
4,0.5221725201051165,1766756540621
4,0.5221725201051165,1766756540779
4,0.5221725201051165,1766756540931
4,0.5221725201051165,1766756541091
4,0.5221725201051165,1766756541242
4,0.5221725201051165,1766756541395
4,0.5221725201051165,1766756541566
4,0.5221725201051165,1766756541740
4,0.5221725201051165,1766756541915
4,0.5221725201051165,1766756542070
4,0.5221725201051165,1766756542216
4,0.5221725201051165,1766756542366
4,0.5221725201051165,1766756542517
4,0.5221725201051165,1766756542669
4,0.5221725201051165,1766756542819
4,0.5221725201051165,1766756542972
4,0.5221725201051165,1766756543124
4,0.5221725201051165,1766756543277
4,0.5221725201051165,1766756543432
4,0.5221725201051165,1766756543583
4,0.5221725201051165,1766756543737
4,0.5221725201051165,1766756543889
4,0.5221725201051165,1766756544042
4,0.5221725201051165,1766756544194
4,0.5221725201051165,1766756544348
4,0.5221725201051165,1766756544504
4,0.5221725201051165,1766756544652
4,0.5221725201051165,1766756544801
4,0.5221725201051165,1766756544958
4,0.5221725201051165,1766756545125
4,0.5221725201051165,1766756545285
4,0.5221725201051165,1766756545428
4,0.5221725201051165,1766756545576
4,0.5221725201051165,1766756545720
4,0.5221725201051165,1766756545869
4,0.5221725201051165,1766756546025
4,0.5221725201051165,1766756546176
4,0.5221725201051165,1766756546329
4,0.5221725201051165,1766756546486
4,0.5221725201051165,1766756546641
4,0.5221725201051165,1766756546794
4,0.5221725201051165,1766756546953
4,0.5221725201051165,1766756547104
4,0.5221725201051165,1766756547268
4,0.5221725201051165,1766756547430
4,0.5221725201051165,1766756547605
4,0.5221725201051165,1766756547767
4,0.5221725201051165,1766756547928
4,0.5221725201051165,1766756548076
4,0.5221725201051165,1766756548230
4,0.5221725201051165,1766756548382
4,0.5221725201051165,1766756548534
4,0.5221725201051165,1766756548688
4,0.5221725201051165,1766756548845
4,0.5221725201051165,1766756549004
4,0.5221725201051165,1766756549159
4,0.5221725201051165,1766756549311
4,0.5221725201051165,1766756549465
4,0.5221725201051165,1766756549621
4,0.5221725201051165,1766756549776
4,0.5221725201051165,1766756549934
4,0.5221725201051165,1766756550090
4,0.5221725201051165,1766756550247
4,0.5221725201051165,1766756550401
4,0.5221725201051165,1766756550545
4,0.5221725201051165,1766756550704
4,0.5221725201051165,1766756550860
4,0.5221725201051165,1766756551030
4,0.5221725201051165,1766756551182
4,0.5221725201051165,1766756551328
4,0.5221725201051165,1766756551477
4,0.5221725201051165,1766756551628
4,0.5221725201051165,1766756551781
4,0.5221725201051165,1766756551936
4,0.5221725201051165,1766756552089
4,0.5221725201051165,1766756552244
4,0.5221725201051165,1766756552402
4,0.5221725201051165,1766756552558
4,0.5221725201051165,1766756552721
4,0.5221725201051165,1766756552877
4,0.5221725201051165,1766756553044
4,0.5221725201051165,1766756553209
4,0.5221725201051165,1766756553388
4,0.5221725201051165,1766756553545
4,0.5221725201051165,1766756553701
4,0.5221725201051165,1766756553854
4,0.5221725201051165,1766756554008
4,0.5221725201051165,1766756554155
4,0.5221725201051165,1766756554304
4,0.5221725201051165,1766756554452
4,0.5221725201051165,1766756554604
4,0.5221725201051165,1766756554757
4,0.5221725201051165,1766756554912
4,0.5221725201051165,1766756555065
4,0.5221725201051165,1766756555216
4,0.5221725201051165,1766756555370
4,0.5221725201051165,1766756555526
4,0.5221725201051165,1766756555679
4,0.5221725201051165,1766756555837
4,0.5221725201051165,1766756555994
4,0.5221725201051165,1766756556149
4,0.5221725201051165,1766756556294
4,0.5221725201051165,1766756556437
4,0.5221725201051165,1766756556601
4,0.5221725201051165,1766756556753
4,0.5221725201051165,1766756556912
4,0.5221725201051165,1766756557057
4,0.5221725201051165,1766756557207
4,0.5221725201051165,1766756557351
4,0.5221725201051165,1766756557500
4,0.5221725201051165,1766756557653
4,0.5221725201051165,1766756557810
4,0.5221725201051165,1766756557959
4,0.5221725201051165,1766756558114
4,0.5221725201051165,1766756558266
4,0.5221725201051165,1766756558424
4,0.5221725201051165,1766756558576
4,0.5221725201051165,1766756558729
4,0.5221725201051165,1766756558899
4,0.5221725201051165,1766756559070
4,0.5221725201051165,1766756559241
4,0.5221725201051165,1766756559394
4,0.5221725201051165,1766756559554
4,0.5221725201051165,1766756559709
4,0.5221725201051165,1766756559866
4,0.5221725201051165,1766756560016
4,0.5221725201051165,1766756560168
4,0.5221725201051165,1766756560322
4,0.5221725201051165,1766756560476
4,0.5221725201051165,1766756560629
4,0.5221725201051165,1766756560783
4,0.5221725201051165,1766756560934
4,0.5221725201051165,1766756561086
4,0.5221725201051165,1766756561242
4,0.5221725201051165,1766756561398
4,0.5221725201051165,1766756561552
4,0.5221725201051165,1766756561708
4,0.5221725201051165,1766756561860
4,0.5221725201051165,1766756562011
4,0.5221725201051165,1766756562155
4,0.5221725201051165,1766756562300
4,0.5221725201051165,1766756562464
4,0.5221725201051165,1766756562624
4,0.5221725201051165,1766756562782
4,0.5221725201051165,1766756562926
4,0.5221725201051165,1766756563078
4,0.5221725201051165,1766756563223
4,0.5221725201051165,1766756563378
4,0.5221725201051165,1766756563531
4,0.5221725201051165,1766756563681
4,0.5221725201051165,1766756563834
4,0.5221725201051165,1766756563985
4,0.5221725201051165,1766756564139
4,0.5221725201051165,1766756564296
4,0.5221725201051165,1766756564453
4,0.5221725201051165,1766756564622
4,0.5221725201051165,1766756564783
4,0.5221725201051165,1766756564958
4,0.5221725201051165,1766756565113
4,0.5221725201051165,1766756565272
4,0.5221725201051165,1766756565429
4,0.5221725201051165,1766756565589
4,0.5221725201051165,1766756565743
4,0.5221725201051165,1766756565896
4,0.5221725201051165,1766756566047
4,0.5221725201051165,1766756566202
4,0.5221725201051165,1766756566355
4,0.5221725201051165,1766756566510
4,0.5221725201051165,1766756566659
4,0.5221725201051165,1766756566813
4,0.5221725201051165,1766756566966
4,0.5221725201051165,1766756567121
4,0.5221725201051165,1766756567276
4,0.5221725201051165,1766756567433
4,0.5221725201051165,1766756567592
4,0.5221725201051165,1766756567744
4,0.5221725201051165,1766756567892
4,0.5221725201051165,1766756568039
4,0.5221725201051165,1766756568185
4,0.5221725201051165,1766756568352
4,0.5221725201051165,1766756568517
4,0.5221725201051165,1766756568680
4,0.5221725201051165,1766756568828
4,0.5221725201051165,1766756568983
4,0.5221725201051165,1766756569133
4,0.5221725201051165,1766756569283
4,0.5221725201051165,1766756569439
4,0.5221725201051165,1766756569594
4,0.5221725201051165,1766756569746
4,0.5221725201051165,1766756569905
4,0.5221725201051165,1766756570065
4,0.5221725201051165,1766756570221
4,0.5221725201051165,1766756570387
4,0.5221725201051165,1766756570551
4,0.5221725201051165,1766756570735
4,0.5221725201051165,1766756570887
4,0.5221725201051165,1766756571047
4,0.5221725201051165,1766756571202
4,0.5221725201051165,1766756571367
4,0.5221725201051165,1766756571520
4,0.5221725201051165,1766756571672
4,0.5221725201051165,1766756571825
4,0.5221725201051165,1766756571981
4,0.5221725201051165,1766756572135
4,0.5221725201051165,1766756572292
4,0.5221725201051165,1766756572449
4,0.5221725201051165,1766756572601
4,0.5221725201051165,1766756572753
4,0.5221725201051165,1766756572913
4,0.5221725201051165,1766756573068
4,0.5221725201051165,1766756573223
4,0.5221725201051165,1766756573381
4,0.5221725201051165,1766756573533
4,0.5221725201051165,1766756573676
4,0.5221725201051165,1766756573823
4,0.5221725201051165,1766756573966
4,0.5221725201051165,1766756574125
4,0.5221725201051165,1766756574282
4,0.5221725201051165,1766756574449
4,0.5221725201051165,1766756574600
4,0.5221725201051165,1766756574746
4,0.5221725201051165,1766756574890
4,0.5221725201051165,1766756575041
4,0.5221725201051165,1766756575190
4,0.5221725201051165,1766756575344
4,0.5221725201051165,1766756575499
4,0.5221725201051165,1766756575650
4,0.5221725201051165,1766756575808
4,0.5221725201051165,1766756575960
4,0.5221725201051165,1766756576124
4,0.5221725201051165,1766756576288
4,0.5221725201051165,1766756576466
4,0.5221725201051165,1766756576627
4,0.5221725201051165,1766756576785
4,0.5221725201051165,1766756576938
4,0.5221725201051165,1766756577101
4,0.5221725201051165,1766756577271
4,0.5221725201051165,1766756577424
4,0.5221725201051165,1766756577573
4,0.5221725201051165,1766756577725
4,0.5221725201051165,1766756577877
4,0.5221725201051165,1766756578029
4,0.5221725201051165,1766756578181
4,0.5221725201051165,1766756578333
4,0.5221725201051165,1766756578484
4,0.5221725201051165,1766756578633
4,0.5221725201051165,1766756578786
4,0.5221725201051165,1766756578939
4,0.5221725201051165,1766756579096
4,0.5221725201051165,1766756579254
4,0.5221725201051165,1766756579401
4,0.5221725201051165,1766756579544
4,0.5221725201051165,1766756579689
4,0.5221725201051165,1766756579833
4,0.5221725201051165,1766756579996
4,0.5221725201051165,1766756580150
4,0.5221725201051165,1766756580318
4,0.5221725201051165,1766756580463
4,0.5221725201051165,1766756580615
4,0.5221725201051165,1766756580763
4,0.5221725201051165,1766756580921
4,0.5221725201051165,1766756581069
4,0.5221725201051165,1766756581225
4,0.5221725201051165,1766756581376
4,0.5221725201051165,1766756581534
4,0.5221725201051165,1766756581686
4,0.5221725201051165,1766756581838
4,0.5221725201051165,1766756582015
4,0.5221725201051165,1766756582190
4,0.5221725201051165,1766756582361
4,0.5221725201051165,1766756582518
4,0.5221725201051165,1766756582676
4,0.5221725201051165,1766756582832
4,0.5221725201051165,1766756582991
4,0.5221725201051165,1766756583147
4,0.5221725201051165,1766756583299
4,0.5221725201051165,1766756583451
4,0.5221725201051165,1766756583604
4,0.5221725201051165,1766756583756
4,0.5221725201051165,1766756583908
4,0.5221725201051165,1766756584062
4,0.5221725201051165,1766756584212
4,0.5221725201051165,1766756584363
4,0.5221725201051165,1766756584512
4,0.5221725201051165,1766756584668
4,0.5221725201051165,1766756584820
4,0.5221725201051165,1766756584972
4,0.5221725201051165,1766756585123
4,0.5221725201051165,1766756585267
4,0.5221725201051165,1766756585417
4,0.5221725201051165,1766756585563
4,0.5221725201051165,1766756585706
4,0.5221725201051165,1766756585871
4,0.5221725201051165,1766756586029
4,0.5221725201051165,1766756586188
4,0.5221725201051165,1766756586332
4,0.5221725201051165,1766756586488
4,0.5221725201051165,1766756586637
4,0.5221725201051165,1766756586792
4,0.5221725201051165,1766756586942
4,0.5221725201051165,1766756587095
4,0.5221725201051165,1766756587244
4,0.5221725201051165,1766756587401
4,0.5221725201051165,1766756587553
4,0.5221725201051165,1766756587719
4,0.5221725201051165,1766756587886
4,0.5221725201051165,1766756588067
4,0.5221725201051165,1766756588225
4,0.5221725201051165,1766756588380
4,0.5221725201051165,1766756588534
4,0.5221725201051165,1766756588695
4,0.5221725201051165,1766756588854
4,0.5221725201051165,1766756589010
4,0.5221725201051165,1766756589164
4,0.5221725201051165,1766756589318
4,0.5221725201051165,1766756589473
4,0.5221725201051165,1766756589625
4,0.5221725201051165,1766756589779
4,0.5221725201051165,1766756589932
4,0.5221725201051165,1766756590081
4,0.5221725201051165,1766756590234
4,0.5221725201051165,1766756590386
4,0.5221725201051165,1766756590541
4,0.5221725201051165,1766756590693
4,0.5221725201051165,1766756590845
4,0.5221725201051165,1766756590997
4,0.5221725201051165,1766756591140
4,0.5221725201051165,1766756591285
4,0.5221725201051165,1766756591428
4,0.5221725201051165,1766756591573
4,0.5221725201051165,1766756591734
4,0.5221725201051165,1766756591899
4,0.5221725201051165,1766756592066
4,0.5221725201051165,1766756592211
4,0.5221725201051165,1766756592363
4,0.5221725201051165,1766756592510
4,0.5221725201051165,1766756592662
4,0.5221725201051165,1766756592817
4,0.5221725201051165,1766756592967
4,0.5221725201051165,1766756593118
4,0.5221725201051165,1766756593272
4,0.5221725201051165,1766756593422
4,0.5221725201051165,1766756593592
4,0.5221725201051165,1766756593766
4,0.5221725201051165,1766756593933
4,0.5221725201051165,1766756594088
4,0.5221725201051165,1766756594240
4,0.5221725201051165,1766756594396
4,0.5221725201051165,1766756594554
4,0.5221725201051165,1766756594714
4,0.5221725201051165,1766756594866
4,0.5221725201051165,1766756595019
4,0.5221725201051165,1766756595170
4,0.5221725201051165,1766756595327
4,0.5221725201051165,1766756595483
4,0.5221725201051165,1766756595636
4,0.5221725201051165,1766756595786
4,0.5221725201051165,1766756595938
4,0.5221725201051165,1766756596089
4,0.5221725201051165,1766756596244
4,0.5221725201051165,1766756596399
4,0.5221725201051165,1766756596556
4,0.5221725201051165,1766756596700
4,0.5221725201051165,1766756596850
4,0.5221725201051165,1766756596993
4,0.5221725201051165,1766756597141
4,0.5221725201051165,1766756597284
4,0.5221725201051165,1766756597430
4,0.5221725201051165,1766756597595
4,0.5221725201051165,1766756597758
4,0.5221725201051165,1766756597921
4,0.5221725201051165,1766756598070
4,0.5221725201051165,1766756598225
4,0.5221725201051165,1766756598373
4,0.5221725201051165,1766756598533
4,0.5221725201051165,1766756598687
4,0.5221725201051165,1766756598837
4,0.5221725201051165,1766756598992
4,0.5221725201051165,1766756599144
4,0.5221725201051165,1766756599315
4,0.5221725201051165,1766756599482
4,0.5221725201051165,1766756599659
4,0.5221725201051165,1766756599809
4,0.5221725201051165,1766756599964
4,0.5221725201051165,1766756600115
4,0.5221725201051165,1766756600274
4,0.5221725201051165,1766756600431
4,0.5221725201051165,1766756600591
4,0.5221725201051165,1766756600745
4,0.5221725201051165,1766756600896
4,0.5221725201051165,1766756601050
4,0.5221725201051165,1766756601203
4,0.5221725201051165,1766756601354
4,0.5221725201051165,1766756601506
4,0.5221725201051165,1766756601657
4,0.5221725201051165,1766756601806
4,0.5221725201051165,1766756601958
4,0.5221725201051165,1766756602113
4,0.5221725201051165,1766756602268
4,0.5221725201051165,1766756602419
4,0.5221725201051165,1766756602563
4,0.5221725201051165,1766756602707
4,0.5221725201051165,1766756602850
4,0.5221725201051165,1766756602996
4,0.5221725201051165,1766756603139
4,0.5221725201051165,1766756603282
4,0.5221725201051165,1766756603446
4,0.5221725201051165,1766756603605
4,0.5221725201051165,1766756603764
4,0.5221725201051165,1766756603917
4,0.5221725201051165,1766756604070
4,0.5221725201051165,1766756604217
4,0.5221725201051165,1766756604378
4,0.5221725201051165,1766756604527
4,0.5221725201051165,1766756604677
4,0.5221725201051165,1766756604825
4,0.5221725201051165,1766756604983
4,0.5221725201051165,1766756605149
4,0.5221725201051165,1766756605324
4,0.5221725201051165,1766756605495
4,0.5221725201051165,1766756605646
4,0.5221725201051165,1766756605799
4,0.5221725201051165,1766756605955
4,0.5221725201051165,1766756606113
4,0.5221725201051165,1766756606270
4,0.5221725201051165,1766756606429
4,0.5221725201051165,1766756606581
4,0.5221725201051165,1766756606734
4,0.5221725201051165,1766756606885
4,0.5221725201051165,1766756607040
4,0.5221725201051165,1766756607192
4,0.5221725201051165,1766756607344
4,0.5221725201051165,1766756607495
4,0.5221725201051165,1766756607645
4,0.5221725201051165,1766756607796
4,0.5221725201051165,1766756607950
4,0.5221725201051165,1766756608103
4,0.5221725201051165,1766756608252
4,0.5221725201051165,1766756608395
4,0.5221725201051165,1766756608545
4,0.5221725201051165,1766756608688
4,0.5221725201051165,1766756608836
4,0.5221725201051165,1766756608979
4,0.433676366989615,1766756609124
5,0.5221725201051165,1766756609277
5,0.5221725201051165,1766756609438
5,0.5221725201051165,1766756609615
5,0.5221725201051165,1766756609760
5,0.5221725201051165,1766756609909
5,0.5221725201051165,1766756610057
5,0.5221725201051165,1766756610214
5,0.5221725201051165,1766756610363
5,0.5221725201051165,1766756610517
5,0.5221725201051165,1766756610668
5,0.5221725201051165,1766756610836
5,0.5221725201051165,1766756610998
5,0.5221725201051165,1766756611172
5,0.5221725201051165,1766756611331
5,0.5221725201051165,1766756611485
5,0.5221725201051165,1766756611639
5,0.5221725201051165,1766756611800
5,0.5221725201051165,1766756611957
5,0.5221725201051165,1766756612119
5,0.5221725201051165,1766756612275
5,0.5221725201051165,1766756612432
5,0.5221725201051165,1766756612588
5,0.5221725201051165,1766756612740
5,0.5221725201051165,1766756612893
5,0.5221725201051165,1766756613047
5,0.5221725201051165,1766756613199
5,0.5221725201051165,1766756613350
5,0.5221725201051165,1766756613503
5,0.5221725201051165,1766756613657
5,0.5221725201051165,1766756613812
5,0.5221725201051165,1766756613962
5,0.5221725201051165,1766756614106
5,0.5221725201051165,1766756614253
5,0.5221725201051165,1766756614396
5,0.5221725201051165,1766756614539
5,0.5221725201051165,1766756614688
5,0.5221725201051165,1766756614831
5,0.5221725201051165,1766756614977
5,0.5221725201051165,1766756615140
5,0.5221725201051165,1766756615300
5,0.5221725201051165,1766756615476
5,0.5221725201051165,1766756615623
5,0.5221725201051165,1766756615776
5,0.5221725201051165,1766756615928
5,0.5221725201051165,1766756616081
5,0.5221725201051165,1766756616234
5,0.5221725201051165,1766756616387
5,0.5221725201051165,1766756616544
5,0.5221725201051165,1766756616712
5,0.5221725201051165,1766756616883
5,0.5221725201051165,1766756617053
5,0.5221725201051165,1766756617214
5,0.5221725201051165,1766756617366
5,0.5221725201051165,1766756617528
5,0.5221725201051165,1766756617687
5,0.5221725201051165,1766756617847
5,0.5221725201051165,1766756618006
5,0.5221725201051165,1766756618165
5,0.5221725201051165,1766756618319
5,0.5221725201051165,1766756618472
5,0.5221725201051165,1766756618622
5,0.5221725201051165,1766756618773
5,0.5221725201051165,1766756618923
5,0.5221725201051165,1766756619075
5,0.5221725201051165,1766756619225
5,0.5221725201051165,1766756619377
5,0.5221725201051165,1766756619527
5,0.5221725201051165,1766756619681
5,0.5221725201051165,1766756619825
5,0.5221725201051165,1766756619972
5,0.5221725201051165,1766756620116
5,0.5221725201051165,1766756620262
5,0.5221725201051165,1766756620407
5,0.5221725201051165,1766756620552
5,0.5221725201051165,1766756620697
5,0.5221725201051165,1766756620847
5,0.5221725201051165,1766756621006
5,0.5221725201051165,1766756621172
5,0.5221725201051165,1766756621331
5,0.5221725201051165,1766756621479
5,0.5221725201051165,1766756621633
5,0.5221725201051165,1766756621781
5,0.5221725201051165,1766756621932
5,0.5221725201051165,1766756622083
5,0.5221725201051165,1766756622235
5,0.5221725201051165,1766756622397
5,0.5221725201051165,1766756622557
5,0.5221725201051165,1766756622734
5,0.5221725201051165,1766756622886
5,0.5221725201051165,1766756623051
5,0.5221725201051165,1766756623202
5,0.5221725201051165,1766756623367
5,0.5221725201051165,1766756623525
5,0.5221725201051165,1766756623686
5,0.5221725201051165,1766756623845
5,0.5221725201051165,1766756624006
5,0.5221725201051165,1766756624160
5,0.5221725201051165,1766756624313
5,0.5221725201051165,1766756624465
5,0.5221725201051165,1766756624616
5,0.5221725201051165,1766756624769
5,0.5221725201051165,1766756624919
5,0.5221725201051165,1766756625072
5,0.5221725201051165,1766756625224
5,0.5221725201051165,1766756625376
5,0.5221725201051165,1766756625527
5,0.5221725201051165,1766756625672
5,0.5221725201051165,1766756625817
5,0.5221725201051165,1766756625962
5,0.5221725201051165,1766756626111
5,0.5221725201051165,1766756626260
5,0.5221725201051165,1766756626409
5,0.5221725201051165,1766756626555
5,0.5221725201051165,1766756626706
5,0.5221725201051165,1766756626866
5,0.5221725201051165,1766756627039
5,0.5221725201051165,1766756627208
5,0.5221725201051165,1766756627357
5,0.5221725201051165,1766756627506
5,0.5221725201051165,1766756627651
5,0.5221725201051165,1766756627808
5,0.5221725201051165,1766756627956
5,0.5221725201051165,1766756628115
5,0.5221725201051165,1766756628279
5,0.5221725201051165,1766756628465
5,0.5221725201051165,1766756628627
5,0.5221725201051165,1766756628785
5,0.5221725201051165,1766756628939
5,0.5221725201051165,1766756629100
5,0.5221725201051165,1766756629258
5,0.5221725201051165,1766756629417
5,0.5221725201051165,1766756629578
5,0.5221725201051165,1766756629740
5,0.5221725201051165,1766756629900
5,0.5221725201051165,1766756630052
5,0.5221725201051165,1766756630203
5,0.5221725201051165,1766756630353
5,0.5221725201051165,1766756630503
5,0.5221725201051165,1766756630655
5,0.5221725201051165,1766756630805
5,0.5221725201051165,1766756630957
5,0.5221725201051165,1766756631107
5,0.5221725201051165,1766756631260
5,0.5221725201051165,1766756631404
5,0.5221725201051165,1766756631547
5,0.5221725201051165,1766756631691
5,0.5221725201051165,1766756631838
5,0.5221725201051165,1766756631983
5,0.5221725201051165,1766756632126
5,0.5221725201051165,1766756632274
5,0.5221725201051165,1766756632418
5,0.5221725201051165,1766756632573
5,0.5221725201051165,1766756632730
5,0.5221725201051165,1766756632892
5,0.5221725201051165,1766756633051
5,0.5221725201051165,1766756633200
5,0.5221725201051165,1766756633352
5,0.5221725201051165,1766756633497
5,0.5221725201051165,1766756633649
5,0.5221725201051165,1766756633800
5,0.5221725201051165,1766756633967
5,0.5221725201051165,1766756634132
5,0.5221725201051165,1766756634307
5,0.5221725201051165,1766756634461
5,0.5221725201051165,1766756634618
5,0.5221725201051165,1766756634773
5,0.5221725201051165,1766756634937
5,0.5221725201051165,1766756635095
5,0.5221725201051165,1766756635255
5,0.5221725201051165,1766756635415
5,0.5221725201051165,1766756635577
5,0.5221725201051165,1766756635738
5,0.5221725201051165,1766756635891
5,0.5221725201051165,1766756636046
5,0.5221725201051165,1766756636197
5,0.5221725201051165,1766756636347
5,0.5221725201051165,1766756636497
5,0.5221725201051165,1766756636650
5,0.5221725201051165,1766756636803
5,0.5221725201051165,1766756636956
5,0.5221725201051165,1766756637103
5,0.5221725201051165,1766756637261
5,0.5221725201051165,1766756637409
5,0.5221725201051165,1766756637556
5,0.5221725201051165,1766756637705
5,0.5221725201051165,1766756637851
5,0.5221725201051165,1766756637995
5,0.5221725201051165,1766756638143
5,0.5221725201051165,1766756638286
5,0.5221725201051165,1766756638439
5,0.5221725201051165,1766756638599
5,0.5221725201051165,1766756638773
5,0.5221725201051165,1766756638931
5,0.5221725201051165,1766756639075
5,0.5221725201051165,1766756639221
5,0.5221725201051165,1766756639373
5,0.5221725201051165,1766756639524
5,0.5221725201051165,1766756639681
5,0.5221725201051165,1766756639846
5,0.5221725201051165,1766756640023
5,0.5221725201051165,1766756640184
5,0.5221725201051165,1766756640339
5,0.5221725201051165,1766756640490
5,0.5221725201051165,1766756640649
5,0.5221725201051165,1766756640810
5,0.5221725201051165,1766756640967
5,0.5221725201051165,1766756641123
5,0.5221725201051165,1766756641285
5,0.5221725201051165,1766756641447
5,0.5221725201051165,1766756641609
5,0.5221725201051165,1766756641766
5,0.5221725201051165,1766756641917
5,0.5221725201051165,1766756642066
5,0.5221725201051165,1766756642219
5,0.5221725201051165,1766756642370
5,0.5221725201051165,1766756642523
5,0.5221725201051165,1766756642675
5,0.5221725201051165,1766756642829
5,0.5221725201051165,1766756642972
5,0.5221725201051165,1766756643116
5,0.5221725201051165,1766756643264
5,0.5221725201051165,1766756643409
5,0.5221725201051165,1766756643557
5,0.5221725201051165,1766756643703
5,0.5221725201051165,1766756643846
5,0.5221725201051165,1766756643992
5,0.5221725201051165,1766756644135
5,0.5221725201051165,1766756644287
5,0.5221725201051165,1766756644446
5,0.5221725201051165,1766756644616
5,0.5221725201051165,1766756644771
5,0.5221725201051165,1766756644919
5,0.5221725201051165,1766756645065
5,0.5221725201051165,1766756645219
5,0.5221725201051165,1766756645370
5,0.5221725201051165,1766756645543
5,0.5221725201051165,1766756645713
5,0.5221725201051165,1766756645882
5,0.5221725201051165,1766756646037
5,0.5221725201051165,1766756646196
5,0.5221725201051165,1766756646349
5,0.5221725201051165,1766756646511
5,0.5221725201051165,1766756646669
5,0.5221725201051165,1766756646827
5,0.5221725201051165,1766756646990
5,0.5221725201051165,1766756647151
5,0.5221725201051165,1766756647313
5,0.5221725201051165,1766756647474
5,0.5221725201051165,1766756647628
5,0.5221725201051165,1766756647777
5,0.5221725201051165,1766756647933
5,0.5221725201051165,1766756648084
5,0.5221725201051165,1766756648238
5,0.5221725201051165,1766756648390
5,0.5221725201051165,1766756648543
5,0.5221725201051165,1766756648687
5,0.5221725201051165,1766756648829
5,0.5221725201051165,1766756648975
5,0.5221725201051165,1766756649120
5,0.5221725201051165,1766756649266
5,0.5221725201051165,1766756649415
5,0.5221725201051165,1766756649558
5,0.5221725201051165,1766756649703
5,0.5221725201051165,1766756649853
5,0.5221725201051165,1766756649998
5,0.5221725201051165,1766756650161
5,0.5221725201051165,1766756650322
5,0.5221725201051165,1766756650496
5,0.5221725201051165,1766756650649
5,0.5221725201051165,1766756650801
5,0.5221725201051165,1766756650953
5,0.5221725201051165,1766756651101
5,0.5221725201051165,1766756651262
5,0.5221725201051165,1766756651423
5,0.5221725201051165,1766756651602
5,0.5221725201051165,1766756651761
5,0.5221725201051165,1766756651919
5,0.5221725201051165,1766756652071
5,0.5221725201051165,1766756652232
5,0.5221725201051165,1766756652390
5,0.5221725201051165,1766756652544
5,0.5221725201051165,1766756652703
5,0.5221725201051165,1766756652860
5,0.5221725201051165,1766756653021
5,0.5221725201051165,1766756653182
5,0.5221725201051165,1766756653340
5,0.5221725201051165,1766756653489
5,0.5221725201051165,1766756653641
5,0.5221725201051165,1766756653792
5,0.5221725201051165,1766756653945
5,0.5221725201051165,1766756654097
5,0.5221725201051165,1766756654257
5,0.5221725201051165,1766756654405
5,0.5221725201051165,1766756654550
5,0.5221725201051165,1766756654692
5,0.5221725201051165,1766756654842
5,0.5221725201051165,1766756654986
5,0.5221725201051165,1766756655132
5,0.5221725201051165,1766756655283
5,0.5221725201051165,1766756655430
5,0.5221725201051165,1766756655577
5,0.5221725201051165,1766756655724
5,0.5221725201051165,1766756655870
5,0.5221725201051165,1766756656031
5,0.5221725201051165,1766756656189
5,0.5221725201051165,1766756656360
5,0.5221725201051165,1766756656507
5,0.5221725201051165,1766756656657
5,0.5221725201051165,1766756656802
5,0.5221725201051165,1766756656956
5,0.5221725201051165,1766756657127
5,0.5221725201051165,1766756657297
5,0.5221725201051165,1766756657462
5,0.5221725201051165,1766756657612
5,0.5221725201051165,1766756657769
5,0.5221725201051165,1766756657924
5,0.5221725201051165,1766756658083
5,0.5221725201051165,1766756658237
5,0.5221725201051165,1766756658395
5,0.5221725201051165,1766756658550
5,0.5221725201051165,1766756658712
5,0.5221725201051165,1766756658871
5,0.5221725201051165,1766756659031
5,0.5221725201051165,1766756659187
5,0.5221725201051165,1766756659340
5,0.5221725201051165,1766756659491
5,0.5221725201051165,1766756659643
5,0.5221725201051165,1766756659795
5,0.5221725201051165,1766756659947
5,0.5221725201051165,1766756660100
5,0.5221725201051165,1766756660244
5,0.5221725201051165,1766756660386
5,0.5221725201051165,1766756660528
5,0.5221725201051165,1766756660675
5,0.5221725201051165,1766756660821
5,0.5221725201051165,1766756660968
5,0.5221725201051165,1766756661114
5,0.5221725201051165,1766756661258
5,0.5221725201051165,1766756661401
5,0.5221725201051165,1766756661547
5,0.5221725201051165,1766756661693
5,0.5221725201051165,1766756661854
5,0.5221725201051165,1766756662013
5,0.5221725201051165,1766756662184
5,0.5221725201051165,1766756662337
5,0.5221725201051165,1766756662491
5,0.5221725201051165,1766756662637
5,0.5221725201051165,1766756662801
5,0.5221725201051165,1766756662967
5,0.5221725201051165,1766756663140
5,0.5221725201051165,1766756663295
5,0.5221725201051165,1766756663452
5,0.5221725201051165,1766756663605
5,0.5221725201051165,1766756663761
5,0.5221725201051165,1766756663920
5,0.5221725201051165,1766756664075
5,0.5221725201051165,1766756664231
5,0.5221725201051165,1766756664388
5,0.5221725201051165,1766756664547
5,0.5221725201051165,1766756664708
5,0.5221725201051165,1766756664870
5,0.5221725201051165,1766756665025
5,0.5221725201051165,1766756665175
5,0.5221725201051165,1766756665325
5,0.5221725201051165,1766756665476
5,0.5221725201051165,1766756665630
5,0.5221725201051165,1766756665781
5,0.5221725201051165,1766756665930
5,0.5221725201051165,1766756666071
5,0.5221725201051165,1766756666213
5,0.5221725201051165,1766756666354
5,0.5221725201051165,1766756666500
5,0.5221725201051165,1766756666645
5,0.5221725201051165,1766756666789
5,0.5221725201051165,1766756666938
5,0.5221725201051165,1766756667081
5,0.5221725201051165,1766756667223
5,0.5221725201051165,1766756667373
5,0.5221725201051165,1766756667521
5,0.5221725201051165,1766756667677
5,0.5221725201051165,1766756667838
5,0.5221725201051165,1766756668005
5,0.5221725201051165,1766756668159
5,0.5221725201051165,1766756668305
5,0.5221725201051165,1766756668453
5,0.5221725201051165,1766756668627
5,0.5221725201051165,1766756668797
5,0.5221725201051165,1766756668972
5,0.5221725201051165,1766756669122
5,0.5221725201051165,1766756669285
5,0.5221725201051165,1766756669438
5,0.5221725201051165,1766756669602
5,0.5221725201051165,1766756669758
5,0.5221725201051165,1766756669921
5,0.5221725201051165,1766756670083
5,0.5221725201051165,1766756670244
5,0.5221725201051165,1766756670404
5,0.5221725201051165,1766756670564
5,0.5221725201051165,1766756670723
5,0.5221725201051165,1766756670881
5,0.5221725201051165,1766756671033
5,0.5221725201051165,1766756671182
5,0.5221725201051165,1766756671334
5,0.5221725201051165,1766756671484
5,0.5221725201051165,1766756671635
5,0.5221725201051165,1766756671779
5,0.5221725201051165,1766756671921
5,0.5221725201051165,1766756672062
5,0.5221725201051165,1766756672204
5,0.5221725201051165,1766756672351
5,0.5221725201051165,1766756672499
5,0.5221725201051165,1766756672644
5,0.5221725201051165,1766756672792
5,0.5221725201051165,1766756672937
5,0.5221725201051165,1766756673080
5,0.5221725201051165,1766756673230
5,0.5221725201051165,1766756673376
5,0.5221725201051165,1766756673534
5,0.5221725201051165,1766756673697
5,0.5221725201051165,1766756673868
5,0.5221725201051165,1766756674029
5,0.5221725201051165,1766756674176
5,0.5221725201051165,1766756674339
5,0.5221725201051165,1766756674502
5,0.5221725201051165,1766756674679
5,0.5221725201051165,1766756674835
5,0.5221725201051165,1766756674993
5,0.5221725201051165,1766756675145
5,0.5221725201051165,1766756675302
5,0.5221725201051165,1766756675458
5,0.5221725201051165,1766756675618
5,0.5221725201051165,1766756675777
5,0.5221725201051165,1766756675935
5,0.5221725201051165,1766756676094
5,0.5221725201051165,1766756676253
5,0.5221725201051165,1766756676411
5,0.5221725201051165,1766756676570
5,0.5221725201051165,1766756676725
5,0.5221725201051165,1766756676879
5,0.5221725201051165,1766756677030
5,0.5221725201051165,1766756677185
5,0.5221725201051165,1766756677334
5,0.5221725201051165,1766756677485
5,0.5221725201051165,1766756677628
5,0.5221725201051165,1766756677771
5,0.5221725201051165,1766756677913
5,0.5221725201051165,1766756678057
5,0.5221725201051165,1766756678200
5,0.5221725201051165,1766756678346
5,0.5221725201051165,1766756678489
5,0.5221725201051165,1766756678638
5,0.5221725201051165,1766756678780
5,0.5221725201051165,1766756678923
5,0.5221725201051165,1766756679071
5,0.5221725201051165,1766756679218
5,0.5221725201051165,1766756679384
5,0.5221725201051165,1766756679543
5,0.5221725201051165,1766756679712
5,0.5221725201051165,1766756679865
5,0.5221725201051165,1766756680011
5,0.5221725201051165,1766756680178
5,0.5221725201051165,1766756680346
5,0.5221725201051165,1766756680512
5,0.5221725201051165,1766756680661
5,0.5221725201051165,1766756680816
5,0.5221725201051165,1766756680964
5,0.5221725201051165,1766756681126
5,0.5221725201051165,1766756681286
5,0.5221725201051165,1766756681444
5,0.5221725201051165,1766756681603
5,0.5221725201051165,1766756681764
5,0.5221725201051165,1766756681923
5,0.5221725201051165,1766756682083
5,0.5221725201051165,1766756682242
5,0.5221725201051165,1766756682398
5,0.5221725201051165,1766756682552
5,0.5221725201051165,1766756682701
5,0.5221725201051165,1766756682852
5,0.5221725201051165,1766756683004
5,0.5221725201051165,1766756683155
5,0.5221725201051165,1766756683300
5,0.5221725201051165,1766756683442
5,0.5221725201051165,1766756683583
5,0.5221725201051165,1766756683726
5,0.5221725201051165,1766756683872
5,0.5221725201051165,1766756684019
5,0.5221725201051165,1766756684161
5,0.5221725201051165,1766756684310
5,0.5221725201051165,1766756684455
5,0.5221725201051165,1766756684603
5,0.5221725201051165,1766756684750
5,0.5221725201051165,1766756684905
5,0.5221725201051165,1766756685050
5,0.5221725201051165,1766756685209
5,0.5221725201051165,1766756685367
5,0.5221725201051165,1766756685541
5,0.5221725201051165,1766756685696
5,0.5221725201051165,1766756685846
5,0.5221725201051165,1766756686007
5,0.5221725201051165,1766756686179
5,0.5221725201051165,1766756686340
5,0.5221725201051165,1766756686490
5,0.5221725201051165,1766756686641
5,0.5221725201051165,1766756686796
5,0.5221725201051165,1766756686953
5,0.5221725201051165,1766756687111
5,0.5221725201051165,1766756687271
5,0.5221725201051165,1766756687431
5,0.5221725201051165,1766756687591
5,0.5221725201051165,1766756687754
5,0.5221725201051165,1766756687921
5,0.5221725201051165,1766756688082
5,0.5221725201051165,1766756688240
5,0.5221725201051165,1766756688398
5,0.5221725201051165,1766756688553
5,0.5221725201051165,1766756688707
5,0.5221725201051165,1766756688860
5,0.5221725201051165,1766756689010
5,0.5221725201051165,1766756689152
5,0.5221725201051165,1766756689296
5,0.5221725201051165,1766756689439
5,0.5221725201051165,1766756689582
5,0.5221725201051165,1766756689726
5,0.5221725201051165,1766756689871
5,0.5221725201051165,1766756690016
5,0.5221725201051165,1766756690162
5,0.5221725201051165,1766756690311
5,0.5221725201051165,1766756690459
5,0.5221725201051165,1766756690610
5,0.5221725201051165,1766756690760
5,0.5221725201051165,1766756690913
5,0.5221725201051165,1766756691070
5,0.5221725201051165,1766756691228
5,0.5221725201051165,1766756691398
5,0.5221725201051165,1766756691550
5,0.5221725201051165,1766756691721
5,0.5221725201051165,1766756691884
5,0.5221725201051165,1766756692058
5,0.5221725201051165,1766756692207
5,0.5221725201051165,1766756692369
5,0.5221725201051165,1766756692519
5,0.5221725201051165,1766756692678
5,0.5221725201051165,1766756692838
5,0.5221725201051165,1766756692997
5,0.5221725201051165,1766756693158
5,0.5221725201051165,1766756693319
5,0.5221725201051165,1766756693481
5,0.5221725201051165,1766756693642
5,0.5221725201051165,1766756693804
5,0.5221725201051165,1766756693963
5,0.5221725201051165,1766756694127
5,0.5221725201051165,1766756694283
5,0.5221725201051165,1766756694440
5,0.5221725201051165,1766756694592
5,0.5221725201051165,1766756694744
5,0.5221725201051165,1766756694888
5,0.5221725201051165,1766756695030
5,0.5221725201051165,1766756695173
5,0.5221725201051165,1766756695315
5,0.5221725201051165,1766756695458
5,0.5221725201051165,1766756695601
5,0.5221725201051165,1766756695748
5,0.5221725201051165,1766756695893
5,0.5221725201051165,1766756696039
5,0.5221725201051165,1766756696185
5,0.5221725201051165,1766756696335
5,0.5221725201051165,1766756696483
5,0.5221725201051165,1766756696628
5,0.5221725201051165,1766756696783
5,0.5221725201051165,1766756696951
5,0.5221725201051165,1766756697108
5,0.5221725201051165,1766756697284
5,0.5221725201051165,1766756697443
5,0.5221725201051165,1766756697609
5,0.5221725201051165,1766756697790
5,0.5221725201051165,1766756697949
5,0.5221725201051165,1766756698104
5,0.5221725201051165,1766756698255
5,0.5221725201051165,1766756698419
5,0.5221725201051165,1766756698581
5,0.5221725201051165,1766756698743
5,0.5221725201051165,1766756698906
5,0.5221725201051165,1766756699068
5,0.5221725201051165,1766756699230
5,0.5221725201051165,1766756699391
5,0.5221725201051165,1766756699553
5,0.5221725201051165,1766756699711
5,0.5221725201051165,1766756699871
5,0.5221725201051165,1766756700030
5,0.5221725201051165,1766756700180
5,0.5221725201051165,1766756700334
5,0.5221725201051165,1766756700484
5,0.5221725201051165,1766756700629
5,0.5221725201051165,1766756700773
5,0.5221725201051165,1766756700915
5,0.5221725201051165,1766756701056
5,0.5221725201051165,1766756701199
5,0.5221725201051165,1766756701342
5,0.5221725201051165,1766756701485
5,0.5221725201051165,1766756701629
5,0.5221725201051165,1766756701773
5,0.5221725201051165,1766756701917
5,0.5221725201051165,1766756702070
5,0.5221725201051165,1766756702216
5,0.5221725201051165,1766756702366
5,0.5221725201051165,1766756702515
5,0.5221725201051165,1766756702660
5,0.5221725201051165,1766756702825
5,0.5221725201051165,1766756702987
5,0.5221725201051165,1766756703170
5,0.5221725201051165,1766756703332
5,0.5221725201051165,1766756703500
5,0.5221725201051165,1766756703656
5,0.5221725201051165,1766756703806
5,0.5221725201051165,1766756703960
5,0.5221725201051165,1766756704115
5,0.5221725201051165,1766756704275
5,0.5221725201051165,1766756704436
5,0.5221725201051165,1766756704596
5,0.5221725201051165,1766756704757
5,0.5221725201051165,1766756704923
5,0.5221725201051165,1766756705086
5,0.5221725201051165,1766756705245
5,0.5221725201051165,1766756705408
5,0.5221725201051165,1766756705568
5,0.5221725201051165,1766756705727
5,0.5221725201051165,1766756705889
5,0.5221725201051165,1766756706044
5,0.5221725201051165,1766756706197
5,0.5221725201051165,1766756706347
5,0.5221725201051165,1766756706491
5,0.5221725201051165,1766756706633
5,0.5221725201051165,1766756706775
5,0.5221725201051165,1766756706918
5,0.5221725201051165,1766756707063
5,0.5221725201051165,1766756707207
5,0.5221725201051165,1766756707354
5,0.5221725201051165,1766756707499
5,0.5221725201051165,1766756707648
5,0.5221725201051165,1766756707794
5,0.5221725201051165,1766756707946
5,0.5221725201051165,1766756708093
5,0.5221725201051165,1766756708251
5,0.5221725201051165,1766756708400
5,0.5221725201051165,1766756708547
5,0.5221725201051165,1766756708711
5,0.5221725201051165,1766756708877
5,0.5221725201051165,1766756709068
5,0.5221725201051165,1766756709232
5,0.5221725201051165,1766756709396
5,0.5221725201051165,1766756709546
5,0.5221725201051165,1766756709702
5,0.5221725201051165,1766756709853
5,0.5221725201051165,1766756710011
5,0.5221725201051165,1766756710169
5,0.5221725201051165,1766756710329
5,0.5221725201051165,1766756710491
5,0.5221725201051165,1766756710656
5,0.5221725201051165,1766756710818
5,0.5221725201051165,1766756710984
5,0.5221725201051165,1766756711143
5,0.5221725201051165,1766756711304
5,0.5221725201051165,1766756711462
5,0.5221725201051165,1766756711623
5,0.5221725201051165,1766756711781
5,0.5221725201051165,1766756711933
5,0.5221725201051165,1766756712084
5,0.5221725201051165,1766756712227
5,0.5221725201051165,1766756712370
5,0.5221725201051165,1766756712516
5,0.5221725201051165,1766756712661
5,0.5221725201051165,1766756712803
5,0.5221725201051165,1766756712948
5,0.5221725201051165,1766756713090
5,0.5221725201051165,1766756713233
5,0.5221725201051165,1766756713379
5,0.5221725201051165,1766756713528
5,0.5221725201051165,1766756713677
5,0.5221725201051165,1766756713826
5,0.5221725201051165,1766756713972
5,0.5221725201051165,1766756714126
5,0.5221725201051165,1766756714271
5,0.5221725201051165,1766756714427
5,0.5221725201051165,1766756714586
5,0.5221725201051165,1766756714767
5,0.5221725201051165,1766756714945
5,0.5221725201051165,1766756715116
5,0.5221725201051165,1766756715270
5,0.5221725201051165,1766756715425
5,0.5221725201051165,1766756715575
5,0.5221725201051165,1766756715735
5,0.5221725201051165,1766756715892
5,0.5221725201051165,1766756716049
5,0.5221725201051165,1766756716210
5,0.5221725201051165,1766756716370
5,0.5221725201051165,1766756716530
5,0.5221725201051165,1766756716688
5,0.5221725201051165,1766756716850
5,0.5221725201051165,1766756717008
5,0.5221725201051165,1766756717165
5,0.5221725201051165,1766756717323
5,0.5221725201051165,1766756717486
5,0.5221725201051165,1766756717643
5,0.5221725201051165,1766756717795
5,0.5221725201051165,1766756717941
5,0.5221725201051165,1766756718083
5,0.5221725201051165,1766756718229
5,0.5221725201051165,1766756718372
5,0.5221725201051165,1766756718514
5,0.5221725201051165,1766756718660
5,0.5221725201051165,1766756718805
5,0.5221725201051165,1766756718948
5,0.5221725201051165,1766756719096
5,0.5221725201051165,1766756719241
5,0.5221725201051165,1766756719387
5,0.5221725201051165,1766756719534
5,0.5221725201051165,1766756719684
5,0.5221725201051165,1766756719829
5,0.5221725201051165,1766756719984
5,0.5221725201051165,1766756720127
5,0.5221725201051165,1766756720280
5,0.5221725201051165,1766756720439
5,0.5221725201051165,1766756720635
5,0.5221725201051165,1766756720810
5,0.5221725201051165,1766756720980
5,0.5221725201051165,1766756721128
5,0.5221725201051165,1766756721289
5,0.5221725201051165,1766756721445
5,0.5221725201051165,1766756721607
5,0.5221725201051165,1766756721768
5,0.5221725201051165,1766756721931
5,0.5221725201051165,1766756722094
5,0.5221725201051165,1766756722259
5,0.5221725201051165,1766756722422
5,0.5221725201051165,1766756722587
5,0.5221725201051165,1766756722745
5,0.5221725201051165,1766756722906
5,0.5221725201051165,1766756723064
5,0.5221725201051165,1766756723226
5,0.5221725201051165,1766756723391
5,0.5221725201051165,1766756723548
5,0.5221725201051165,1766756723698
5,0.5221725201051165,1766756723840
5,0.5221725201051165,1766756723984
5,0.5221725201051165,1766756724126
5,0.5221725201051165,1766756724271
5,0.5221725201051165,1766756724414
5,0.5221725201051165,1766756724557
5,0.5221725201051165,1766756724700
5,0.5221725201051165,1766756724845
5,0.5221725201051165,1766756724993
5,0.5221725201051165,1766756725142
5,0.5221725201051165,1766756725288
5,0.5221725201051165,1766756725436
5,0.5221725201051165,1766756725586
5,0.5221725201051165,1766756725735
5,0.5221725201051165,1766756725881
5,0.5221725201051165,1766756726030
5,0.5221725201051165,1766756726187
5,0.5221725201051165,1766756726359
5,0.5221725201051165,1766756726543
5,0.5221725201051165,1766756726709
5,0.5221725201051165,1766756726863
5,0.5221725201051165,1766756727013
5,0.5221725201051165,1766756727171
5,0.5221725201051165,1766756727335
5,0.5221725201051165,1766756727496
5,0.5221725201051165,1766756727654
5,0.5221725201051165,1766756727816
5,0.5221725201051165,1766756727979
5,0.5221725201051165,1766756728142
5,0.5221725201051165,1766756728307
5,0.5221725201051165,1766756728468
5,0.5221725201051165,1766756728628
5,0.5221725201051165,1766756728788
5,0.5221725201051165,1766756728949
5,0.5221725201051165,1766756729111
5,0.5221725201051165,1766756729272
5,0.5221725201051165,1766756729429
5,0.5221725201051165,1766756729572
5,0.5221725201051165,1766756729720
5,0.5221725201051165,1766756729864
5,0.5221725201051165,1766756730007
5,0.5221725201051165,1766756730153
5,0.5221725201051165,1766756730298
5,0.5221725201051165,1766756730445
5,0.5221725201051165,1766756730590
5,0.5221725201051165,1766756730735
5,0.5221725201051165,1766756730885
5,0.5221725201051165,1766756731036
5,0.5221725201051165,1766756731183
5,0.5221725201051165,1766756731335
5,0.5221725201051165,1766756731484
5,0.5221725201051165,1766756731636
5,0.5221725201051165,1766756731788
5,0.5221725201051165,1766756731936
5,0.5221725201051165,1766756732113
5,0.5221725201051165,1766756732291
5,0.5221725201051165,1766756732489
5,0.5221725201051165,1766756732642
5,0.5221725201051165,1766756732796
5,0.5221725201051165,1766756732949
5,0.5221725201051165,1766756733109
5,0.5221725201051165,1766756733272
5,0.5221725201051165,1766756733430
5,0.5221725201051165,1766756733593
5,0.5221725201051165,1766756733760
5,0.5221725201051165,1766756733914
5,0.5221725201051165,1766756734069
5,0.5221725201051165,1766756734224
5,0.5221725201051165,1766756734382
5,0.5221725201051165,1766756734535
5,0.5221725201051165,1766756734691
5,0.5221725201051165,1766756734845
5,0.5221725201051165,1766756735000
5,0.5221725201051165,1766756735159
5,0.5221725201051165,1766756735320
5,0.5221725201051165,1766756735483
5,0.5221725201051165,1766756735644
5,0.5221725201051165,1766756735788
5,0.5221725201051165,1766756735938
5,0.5221725201051165,1766756736083
5,0.5221725201051165,1766756736240
5,0.5221725201051165,1766756736388
5,0.5221725201051165,1766756736538
5,0.5221725201051165,1766756736688
5,0.5221725201051165,1766756736845
5,0.5221725201051165,1766756736998
5,0.5221725201051165,1766756737156
5,0.5221725201051165,1766756737309
5,0.5221725201051165,1766756737462
5,0.5221725201051165,1766756737613
5,0.5221725201051165,1766756737766
5,0.5221725201051165,1766756737937
5,0.5221725201051165,1766756738109
5,0.5221725201051165,1766756738284
5,0.5221725201051165,1766756738431
5,0.5221725201051165,1766756738582
5,0.5221725201051165,1766756738725
5,0.5221725201051165,1766756738886
5,0.5221725201051165,1766756739038
5,0.5221725201051165,1766756739191
5,0.5221725201051165,1766756739342
5,0.5221725201051165,1766756739497
5,0.5221725201051165,1766756739650
5,0.5221725201051165,1766756739808
5,0.5221725201051165,1766756739963
5,0.5221725201051165,1766756740120
5,0.5221725201051165,1766756740274
5,0.5221725201051165,1766756740427
5,0.5221725201051165,1766756740579
5,0.5221725201051165,1766756740736
5,0.5221725201051165,1766756740890
5,0.5221725201051165,1766756741054
5,0.5221725201051165,1766756741210
5,0.5221725201051165,1766756741378
5,0.5221725201051165,1766756741529
5,0.5221725201051165,1766756741678
5,0.5221725201051165,1766756741824
5,0.5221725201051165,1766756741970
5,0.5221725201051165,1766756742121
5,0.5221725201051165,1766756742268
5,0.5221725201051165,1766756742418
5,0.5221725201051165,1766756742569
5,0.5221725201051165,1766756742727
5,0.5221725201051165,1766756742877
5,0.5221725201051165,1766756743036
5,0.5221725201051165,1766756743187
5,0.5221725201051165,1766756743342
5,0.5221725201051165,1766756743493
5,0.5221725201051165,1766756743652
5,0.5221725201051165,1766756743819
5,0.5221725201051165,1766756743998
5,0.5221725201051165,1766756744158
5,0.5221725201051165,1766756744308
5,0.5221725201051165,1766756744451
5,0.5221725201051165,1766756744599
5,0.5221725201051165,1766756744750
5,0.5221725201051165,1766756744900
5,0.5221725201051165,1766756745052
5,0.5221725201051165,1766756745205
5,0.5221725201051165,1766756745358
5,0.5221725201051165,1766756745512
5,0.5221725201051165,1766756745665
5,0.5221725201051165,1766756745821
5,0.5221725201051165,1766756745978
5,0.5221725201051165,1766756746136
5,0.5221725201051165,1766756746292
5,0.5221725201051165,1766756746444
5,0.5221725201051165,1766756746597
5,0.5221725201051165,1766756746749
5,0.5221725201051165,1766756746908
5,0.5221725201051165,1766756747069
5,0.5221725201051165,1766756747235
5,0.5221725201051165,1766756747387
5,0.5221725201051165,1766756747537
5,0.5221725201051165,1766756747684
5,0.5221725201051165,1766756747835
5,0.5221725201051165,1766756747987
5,0.5221725201051165,1766756748136
5,0.5221725201051165,1766756748289
5,0.5221725201051165,1766756748442
5,0.5221725201051165,1766756748601
5,0.5221725201051165,1766756748759
5,0.5221725201051165,1766756748910
5,0.5221725201051165,1766756749064
5,0.5221725201051165,1766756749217
5,0.5221725201051165,1766756749367
5,0.5221725201051165,1766756749537
5,0.5221725201051165,1766756749716
5,0.5221725201051165,1766756749887
5,0.5221725201051165,1766756750038
5,0.5221725201051165,1766756750191
5,0.5221725201051165,1766756750334
5,0.5221725201051165,1766756750488
5,0.5221725201051165,1766756750639
5,0.5221725201051165,1766756750791
5,0.5221725201051165,1766756750944
5,0.5221725201051165,1766756751101
5,0.5221725201051165,1766756751252
5,0.5221725201051165,1766756751407
5,0.5221725201051165,1766756751560
5,0.5221725201051165,1766756751713
5,0.5221725201051165,1766756751865
5,0.5221725201051165,1766756752021
5,0.5221725201051165,1766756752179
5,0.5221725201051165,1766756752337
5,0.5221725201051165,1766756752492
5,0.5221725201051165,1766756752639
5,0.5221725201051165,1766756752802
5,0.5221725201051165,1766756752960
5,0.5221725201051165,1766756753123
5,0.5221725201051165,1766756753272
5,0.5221725201051165,1766756753425
5,0.5221725201051165,1766756753569
5,0.5221725201051165,1766756753721
5,0.5221725201051165,1766756753868
5,0.433676366989615,1766756754023
6,0.5221725201051165,1766756754172
6,0.5221725201051165,1766756754327
6,0.5221725201051165,1766756754477
6,0.5221725201051165,1766756754632
6,0.5221725201051165,1766756754789
6,0.5221725201051165,1766756754945
6,0.5221725201051165,1766756755096
6,0.5221725201051165,1766756755260
6,0.5221725201051165,1766756755424
6,0.5221725201051165,1766756755600
6,0.5221725201051165,1766756755756
6,0.5221725201051165,1766756755913
6,0.5221725201051165,1766756756056
6,0.5221725201051165,1766756756213
6,0.5221725201051165,1766756756363
6,0.5221725201051165,1766756756515
6,0.5221725201051165,1766756756665
6,0.5221725201051165,1766756756817
6,0.5221725201051165,1766756756969
6,0.5221725201051165,1766756757121
6,0.5221725201051165,1766756757283
6,0.5221725201051165,1766756757439
6,0.5221725201051165,1766756757595
6,0.5221725201051165,1766756757746
6,0.5221725201051165,1766756757903
6,0.5221725201051165,1766756758056
6,0.5221725201051165,1766756758213
6,0.5221725201051165,1766756758366
6,0.5221725201051165,1766756758509
6,0.5221725201051165,1766756758671
6,0.5221725201051165,1766756758832
6,0.5221725201051165,1766756758993
6,0.5221725201051165,1766756759137
6,0.5221725201051165,1766756759286
6,0.5221725201051165,1766756759432
6,0.5221725201051165,1766756759584
6,0.5221725201051165,1766756759734
6,0.5221725201051165,1766756759888
6,0.5221725201051165,1766756760039
6,0.5221725201051165,1766756760192
6,0.5221725201051165,1766756760354
6,0.5221725201051165,1766756760508
6,0.5221725201051165,1766756760661
6,0.5221725201051165,1766756760818
6,0.5221725201051165,1766756760976
6,0.5221725201051165,1766756761141
6,0.5221725201051165,1766756761328
6,0.5221725201051165,1766756761486
6,0.5221725201051165,1766756761647
6,0.5221725201051165,1766756761798
6,0.5221725201051165,1766756761953
6,0.5221725201051165,1766756762108
6,0.5221725201051165,1766756762260
6,0.5221725201051165,1766756762411
6,0.5221725201051165,1766756762565
6,0.5221725201051165,1766756762717
6,0.5221725201051165,1766756762875
6,0.5221725201051165,1766756763027
6,0.5221725201051165,1766756763183
6,0.5221725201051165,1766756763340
6,0.5221725201051165,1766756763496
6,0.5221725201051165,1766756763648
6,0.5221725201051165,1766756763807
6,0.5221725201051165,1766756763965
6,0.5221725201051165,1766756764123
6,0.5221725201051165,1766756764267
6,0.5221725201051165,1766756764420
6,0.5221725201051165,1766756764576
6,0.5221725201051165,1766756764738
6,0.5221725201051165,1766756764897
6,0.5221725201051165,1766756765040
6,0.5221725201051165,1766756765189
6,0.5221725201051165,1766756765341
6,0.5221725201051165,1766756765491
6,0.5221725201051165,1766756765647
6,0.5221725201051165,1766756765800
6,0.5221725201051165,1766756765954
6,0.5221725201051165,1766756766108
6,0.5221725201051165,1766756766267
6,0.5221725201051165,1766756766421
6,0.5221725201051165,1766756766575
6,0.5221725201051165,1766756766731
6,0.5221725201051165,1766756766898
6,0.5221725201051165,1766756767070
6,0.5221725201051165,1766756767239
6,0.5221725201051165,1766756767392
6,0.5221725201051165,1766756767546
6,0.5221725201051165,1766756767697
6,0.5221725201051165,1766756767849
6,0.5221725201051165,1766756767999
6,0.5221725201051165,1766756768152
6,0.5221725201051165,1766756768304
6,0.5221725201051165,1766756768458
6,0.5221725201051165,1766756768608
6,0.5221725201051165,1766756768761
6,0.5221725201051165,1766756768915
6,0.5221725201051165,1766756769069
6,0.5221725201051165,1766756769224
6,0.5221725201051165,1766756769380
6,0.5221725201051165,1766756769534
6,0.5221725201051165,1766756769690
6,0.5221725201051165,1766756769845
6,0.5221725201051165,1766756769998
6,0.5221725201051165,1766756770140
6,0.5221725201051165,1766756770302
6,0.5221725201051165,1766756770459
6,0.5221725201051165,1766756770630
6,0.5221725201051165,1766756770783
6,0.5221725201051165,1766756770926
6,0.5221725201051165,1766756771072
6,0.5221725201051165,1766756771222
6,0.5221725201051165,1766756771370
6,0.5221725201051165,1766756771522
6,0.5221725201051165,1766756771674
6,0.5221725201051165,1766756771833
6,0.5221725201051165,1766756771986
6,0.5221725201051165,1766756772139
6,0.5221725201051165,1766756772292
6,0.5221725201051165,1766756772445
6,0.5221725201051165,1766756772617
6,0.5221725201051165,1766756772783
6,0.5221725201051165,1766756772960
6,0.5221725201051165,1766756773111
6,0.5221725201051165,1766756773267
6,0.5221725201051165,1766756773419
6,0.5221725201051165,1766756773571
6,0.5221725201051165,1766756773721
6,0.5221725201051165,1766756773870
6,0.5221725201051165,1766756774021
6,0.5221725201051165,1766756774173
6,0.5221725201051165,1766756774325
6,0.5221725201051165,1766756774477
6,0.5221725201051165,1766756774631
6,0.5221725201051165,1766756774781
6,0.5221725201051165,1766756774933
6,0.5221725201051165,1766756775085
6,0.5221725201051165,1766756775240
6,0.5221725201051165,1766756775396
6,0.5221725201051165,1766756775549
6,0.5221725201051165,1766756775703
6,0.5221725201051165,1766756775850
6,0.5221725201051165,1766756775992
6,0.5221725201051165,1766756776149
6,0.5221725201051165,1766756776305
6,0.5221725201051165,1766756776477
6,0.5221725201051165,1766756776629
6,0.5221725201051165,1766756776775
6,0.5221725201051165,1766756776922
6,0.5221725201051165,1766756777071
6,0.5221725201051165,1766756777222
6,0.5221725201051165,1766756777375
6,0.5221725201051165,1766756777524
6,0.5221725201051165,1766756777686
6,0.5221725201051165,1766756777837
6,0.5221725201051165,1766756777991
6,0.5221725201051165,1766756778147
6,0.5221725201051165,1766756778303
6,0.5221725201051165,1766756778467
6,0.5221725201051165,1766756778639
6,0.5221725201051165,1766756778804
6,0.5221725201051165,1766756778955
6,0.5221725201051165,1766756779110
6,0.5221725201051165,1766756779264
6,0.5221725201051165,1766756779416
6,0.5221725201051165,1766756779565
6,0.5221725201051165,1766756779713
6,0.5221725201051165,1766756779864
6,0.5221725201051165,1766756780017
6,0.5221725201051165,1766756780170
6,0.5221725201051165,1766756780325
6,0.5221725201051165,1766756780476
6,0.5221725201051165,1766756780634
6,0.5221725201051165,1766756780789
6,0.5221725201051165,1766756780945
6,0.5221725201051165,1766756781098
6,0.5221725201051165,1766756781258
6,0.5221725201051165,1766756781411
6,0.5221725201051165,1766756781556
6,0.5221725201051165,1766756781699
6,0.5221725201051165,1766756781844
6,0.5221725201051165,1766756782003
6,0.5221725201051165,1766756782162
6,0.5221725201051165,1766756782331
6,0.5221725201051165,1766756782484
6,0.5221725201051165,1766756782629
6,0.5221725201051165,1766756782775
6,0.5221725201051165,1766756782928
6,0.5221725201051165,1766756783082
6,0.5221725201051165,1766756783236
6,0.5221725201051165,1766756783391
6,0.5221725201051165,1766756783544
6,0.5221725201051165,1766756783698
6,0.5221725201051165,1766756783852
6,0.5221725201051165,1766756784002
6,0.5221725201051165,1766756784179
6,0.5221725201051165,1766756784351
6,0.5221725201051165,1766756784529
6,0.5221725201051165,1766756784680
6,0.5221725201051165,1766756784837
6,0.5221725201051165,1766756784989
6,0.5221725201051165,1766756785150
6,0.5221725201051165,1766756785299
6,0.5221725201051165,1766756785452
6,0.5221725201051165,1766756785601
6,0.5221725201051165,1766756785758
6,0.5221725201051165,1766756785910
6,0.5221725201051165,1766756786066
6,0.5221725201051165,1766756786218
6,0.5221725201051165,1766756786371
6,0.5221725201051165,1766756786522
6,0.5221725201051165,1766756786676
6,0.5221725201051165,1766756786828
6,0.5221725201051165,1766756786985
6,0.5221725201051165,1766756787149
6,0.5221725201051165,1766756787296
6,0.5221725201051165,1766756787442
6,0.5221725201051165,1766756787587
6,0.5221725201051165,1766756787731
6,0.5221725201051165,1766756787892
6,0.5221725201051165,1766756788048
6,0.5221725201051165,1766756788211
6,0.5221725201051165,1766756788359
6,0.5221725201051165,1766756788509
6,0.5221725201051165,1766756788659
6,0.5221725201051165,1766756788812
6,0.5221725201051165,1766756788963
6,0.5221725201051165,1766756789118
6,0.5221725201051165,1766756789271
6,0.5221725201051165,1766756789425
6,0.5221725201051165,1766756789582
6,0.5221725201051165,1766756789734
6,0.5221725201051165,1766756789902
6,0.5221725201051165,1766756790068
6,0.5221725201051165,1766756790243
6,0.5221725201051165,1766756790398
6,0.5221725201051165,1766756790555
6,0.5221725201051165,1766756790707
6,0.5221725201051165,1766756790865
6,0.5221725201051165,1766756791022
6,0.5221725201051165,1766756791171
6,0.5221725201051165,1766756791321
6,0.5221725201051165,1766756791470
6,0.5221725201051165,1766756791625
6,0.5221725201051165,1766756791780
6,0.5221725201051165,1766756791935
6,0.5221725201051165,1766756792088
6,0.5221725201051165,1766756792243
6,0.5221725201051165,1766756792394
6,0.5221725201051165,1766756792551
6,0.5221725201051165,1766756792706
6,0.5221725201051165,1766756792859
6,0.5221725201051165,1766756793018
6,0.5221725201051165,1766756793163
6,0.5221725201051165,1766756793311
6,0.5221725201051165,1766756793457
6,0.5221725201051165,1766756793601
6,0.5221725201051165,1766756793765
6,0.5221725201051165,1766756793924
6,0.5221725201051165,1766756794084
6,0.5221725201051165,1766756794228
6,0.5221725201051165,1766756794375
6,0.5221725201051165,1766756794527
6,0.5221725201051165,1766756794681
6,0.5221725201051165,1766756794832
6,0.5221725201051165,1766756794990
6,0.5221725201051165,1766756795142
6,0.5221725201051165,1766756795296
6,0.5221725201051165,1766756795451
6,0.5221725201051165,1766756795603
6,0.5221725201051165,1766756795773
6,0.5221725201051165,1766756795952
6,0.5221725201051165,1766756796125
6,0.5221725201051165,1766756796280
6,0.5221725201051165,1766756796433
6,0.5221725201051165,1766756796590
6,0.5221725201051165,1766756796750
6,0.5221725201051165,1766756796905
6,0.5221725201051165,1766756797052
6,0.5221725201051165,1766756797203
6,0.5221725201051165,1766756797354
6,0.5221725201051165,1766756797509
6,0.5221725201051165,1766756797659
6,0.5221725201051165,1766756797812
6,0.5221725201051165,1766756797963
6,0.5221725201051165,1766756798113
6,0.5221725201051165,1766756798264
6,0.5221725201051165,1766756798419
6,0.5221725201051165,1766756798575
6,0.5221725201051165,1766756798730
6,0.5221725201051165,1766756798878
6,0.5221725201051165,1766756799024
6,0.5221725201051165,1766756799169
6,0.5221725201051165,1766756799316
6,0.5221725201051165,1766756799459
6,0.5221725201051165,1766756799625
6,0.5221725201051165,1766756799785
6,0.5221725201051165,1766756799946
6,0.5221725201051165,1766756800090
6,0.5221725201051165,1766756800242
6,0.5221725201051165,1766756800390
6,0.5221725201051165,1766756800543
6,0.5221725201051165,1766756800696
6,0.5221725201051165,1766756800849
6,0.5221725201051165,1766756800998
6,0.5221725201051165,1766756801154
6,0.5221725201051165,1766756801306
6,0.5221725201051165,1766756801475
6,0.5221725201051165,1766756801636
6,0.5221725201051165,1766756801812
6,0.5221725201051165,1766756801963
6,0.5221725201051165,1766756802119
6,0.5221725201051165,1766756802271
6,0.5221725201051165,1766756802436
6,0.5221725201051165,1766756802592
6,0.5221725201051165,1766756802749
6,0.5221725201051165,1766756802896
6,0.5221725201051165,1766756803049
6,0.5221725201051165,1766756803201
6,0.5221725201051165,1766756803355
6,0.5221725201051165,1766756803505
6,0.5221725201051165,1766756803657
6,0.5221725201051165,1766756803807
6,0.5221725201051165,1766756803961
6,0.5221725201051165,1766756804110
6,0.5221725201051165,1766756804267
6,0.5221725201051165,1766756804422
6,0.5221725201051165,1766756804575
6,0.5221725201051165,1766756804721
6,0.5221725201051165,1766756804866
6,0.5221725201051165,1766756805014
6,0.5221725201051165,1766756805160
6,0.5221725201051165,1766756805305
6,0.5221725201051165,1766756805472
6,0.5221725201051165,1766756805633
6,0.5221725201051165,1766756805796
6,0.5221725201051165,1766756805940
6,0.5221725201051165,1766756806100
6,0.5221725201051165,1766756806244
6,0.5221725201051165,1766756806401
6,0.5221725201051165,1766756806556
6,0.5221725201051165,1766756806706
6,0.5221725201051165,1766756806860
6,0.5221725201051165,1766756807012
6,0.5221725201051165,1766756807171
6,0.5221725201051165,1766756807338
6,0.5221725201051165,1766756807509
6,0.5221725201051165,1766756807682
6,0.5221725201051165,1766756807831
6,0.5221725201051165,1766756807983
6,0.5221725201051165,1766756808142
6,0.5221725201051165,1766756808301
6,0.5221725201051165,1766756808460
6,0.5221725201051165,1766756808613
6,0.5221725201051165,1766756808765
6,0.5221725201051165,1766756808920
6,0.5221725201051165,1766756809073
6,0.5221725201051165,1766756809223
6,0.5221725201051165,1766756809375
6,0.5221725201051165,1766756809526
6,0.5221725201051165,1766756809675
6,0.5221725201051165,1766756809827
6,0.5221725201051165,1766756809977
6,0.5221725201051165,1766756810134
6,0.5221725201051165,1766756810287
6,0.5221725201051165,1766756810433
6,0.5221725201051165,1766756810581
6,0.5221725201051165,1766756810726
6,0.5221725201051165,1766756810876
6,0.5221725201051165,1766756811021
6,0.5221725201051165,1766756811164
6,0.5221725201051165,1766756811329
6,0.5221725201051165,1766756811488
6,0.5221725201051165,1766756811652
6,0.5221725201051165,1766756811801
6,0.5221725201051165,1766756811950
6,0.5221725201051165,1766756812099
6,0.5221725201051165,1766756812255
6,0.5221725201051165,1766756812409
6,0.5221725201051165,1766756812557
6,0.5221725201051165,1766756812712
6,0.5221725201051165,1766756812862
6,0.5221725201051165,1766756813027
6,0.5221725201051165,1766756813187
6,0.5221725201051165,1766756813367
6,0.5221725201051165,1766756813522
6,0.5221725201051165,1766756813682
6,0.5221725201051165,1766756813833
6,0.5221725201051165,1766756813995
6,0.5221725201051165,1766756814151
6,0.5221725201051165,1766756814311
6,0.5221725201051165,1766756814472
6,0.5221725201051165,1766756814624
6,0.5221725201051165,1766756814777
6,0.5221725201051165,1766756814932
6,0.5221725201051165,1766756815083
6,0.5221725201051165,1766756815234
6,0.5221725201051165,1766756815384
6,0.5221725201051165,1766756815535
6,0.5221725201051165,1766756815687
6,0.5221725201051165,1766756815839
6,0.5221725201051165,1766756815996
6,0.5221725201051165,1766756816147
6,0.5221725201051165,1766756816293
6,0.5221725201051165,1766756816439
6,0.5221725201051165,1766756816584
6,0.5221725201051165,1766756816730
6,0.5221725201051165,1766756816874
6,0.5221725201051165,1766756817022
6,0.5221725201051165,1766756817191
6,0.5221725201051165,1766756817361
6,0.5221725201051165,1766756817525
6,0.5221725201051165,1766756817670
6,0.5221725201051165,1766756817823
6,0.5221725201051165,1766756817974
6,0.5221725201051165,1766756818132
6,0.5221725201051165,1766756818282
6,0.5221725201051165,1766756818435
6,0.5221725201051165,1766756818586
6,0.5221725201051165,1766756818747
6,0.5221725201051165,1766756818915
6,0.5221725201051165,1766756819097
6,0.5221725201051165,1766756819254
6,0.5221725201051165,1766756819414
6,0.5221725201051165,1766756819569
6,0.5221725201051165,1766756819731
6,0.5221725201051165,1766756819893
6,0.5221725201051165,1766756820054
6,0.5221725201051165,1766756820217
6,0.5221725201051165,1766756820377
6,0.5221725201051165,1766756820531
6,0.5221725201051165,1766756820685
6,0.5221725201051165,1766756820840
6,0.5221725201051165,1766756820996
6,0.5221725201051165,1766756821146
6,0.5221725201051165,1766756821301
6,0.5221725201051165,1766756821452
6,0.5221725201051165,1766756821609
6,0.5221725201051165,1766756821765
6,0.5221725201051165,1766756821919
6,0.5221725201051165,1766756822064
6,0.5221725201051165,1766756822211
6,0.5221725201051165,1766756822357
6,0.5221725201051165,1766756822505
6,0.5221725201051165,1766756822653
6,0.5221725201051165,1766756822800
6,0.5221725201051165,1766756822955
6,0.5221725201051165,1766756823113
6,0.5221725201051165,1766756823282
6,0.5221725201051165,1766756823443
6,0.5221725201051165,1766756823591
6,0.5221725201051165,1766756823739
6,0.5221725201051165,1766756823899
6,0.5221725201051165,1766756824048
6,0.5221725201051165,1766756824205
6,0.5221725201051165,1766756824355
6,0.5221725201051165,1766756824512
6,0.5221725201051165,1766756824678
6,0.5221725201051165,1766756824851
6,0.5221725201051165,1766756825016
6,0.5221725201051165,1766756825170
6,0.5221725201051165,1766756825322
6,0.5221725201051165,1766756825478
6,0.5221725201051165,1766756825637
6,0.5221725201051165,1766756825793
6,0.5221725201051165,1766756825951
6,0.5221725201051165,1766756826112
6,0.5221725201051165,1766756826267
6,0.5221725201051165,1766756826420
6,0.5221725201051165,1766756826569
6,0.5221725201051165,1766756826720
6,0.5221725201051165,1766756826871
6,0.5221725201051165,1766756827023
6,0.5221725201051165,1766756827178
6,0.5221725201051165,1766756827331
6,0.5221725201051165,1766756827482
6,0.5221725201051165,1766756827638
6,0.5221725201051165,1766756827784
6,0.5221725201051165,1766756827931
6,0.5221725201051165,1766756828077
6,0.5221725201051165,1766756828220
6,0.5221725201051165,1766756828365
6,0.5221725201051165,1766756828515
6,0.5221725201051165,1766756828659
6,0.5221725201051165,1766756828810
6,0.5221725201051165,1766756828967
6,0.5221725201051165,1766756829130
6,0.5221725201051165,1766756829291
6,0.5221725201051165,1766756829437
6,0.5221725201051165,1766756829595
6,0.5221725201051165,1766756829744
6,0.5221725201051165,1766756829898
6,0.5221725201051165,1766756830047
6,0.5221725201051165,1766756830201
6,0.5221725201051165,1766756830370
6,0.5221725201051165,1766756830535
6,0.5221725201051165,1766756830712
6,0.5221725201051165,1766756830865
6,0.5221725201051165,1766756831025
6,0.5221725201051165,1766756831182
6,0.5221725201051165,1766756831341
6,0.5221725201051165,1766756831502
6,0.5221725201051165,1766756831661
6,0.5221725201051165,1766756831823
6,0.5221725201051165,1766756831985
6,0.5221725201051165,1766756832144
6,0.5221725201051165,1766756832296
6,0.5221725201051165,1766756832451
6,0.5221725201051165,1766756832603
6,0.5221725201051165,1766756832758
6,0.5221725201051165,1766756832909
6,0.5221725201051165,1766756833061
6,0.5221725201051165,1766756833217
6,0.5221725201051165,1766756833368
6,0.5221725201051165,1766756833521
6,0.5221725201051165,1766756833663
6,0.5221725201051165,1766756833808
6,0.5221725201051165,1766756833956
6,0.5221725201051165,1766756834105
6,0.5221725201051165,1766756834248
6,0.5221725201051165,1766756834394
6,0.5221725201051165,1766756834537
6,0.5221725201051165,1766756834697
6,0.5221725201051165,1766756834854
6,0.5221725201051165,1766756835025
6,0.5221725201051165,1766756835178
6,0.5221725201051165,1766756835326
6,0.5221725201051165,1766756835477
6,0.5221725201051165,1766756835624
6,0.5221725201051165,1766756835777
6,0.5221725201051165,1766756835926
6,0.5221725201051165,1766756836082
6,0.5221725201051165,1766756836249
6,0.5221725201051165,1766756836428
6,0.5221725201051165,1766756836588
6,0.5221725201051165,1766756836744
6,0.5221725201051165,1766756836896
6,0.5221725201051165,1766756837057
6,0.5221725201051165,1766756837214
6,0.5221725201051165,1766756837368
6,0.5221725201051165,1766756837527
6,0.5221725201051165,1766756837688
6,0.5221725201051165,1766756837849
6,0.5221725201051165,1766756838004
6,0.5221725201051165,1766756838156
6,0.5221725201051165,1766756838305
6,0.5221725201051165,1766756838457
6,0.5221725201051165,1766756838609
6,0.5221725201051165,1766756838760
6,0.5221725201051165,1766756838914
6,0.5221725201051165,1766756839065
6,0.5221725201051165,1766756839219
6,0.5221725201051165,1766756839367
6,0.5221725201051165,1766756839511
6,0.5221725201051165,1766756839654
6,0.5221725201051165,1766756839801
6,0.5221725201051165,1766756839944
6,0.5221725201051165,1766756840091
6,0.5221725201051165,1766756840238
6,0.5221725201051165,1766756840381
6,0.5221725201051165,1766756840538
6,0.5221725201051165,1766756840698
6,0.5221725201051165,1766756840871
6,0.5221725201051165,1766756841021
6,0.5221725201051165,1766756841183
6,0.5221725201051165,1766756841332
6,0.5221725201051165,1766756841489
6,0.5221725201051165,1766756841639
6,0.5221725201051165,1766756841789
6,0.5221725201051165,1766756841957
6,0.5221725201051165,1766756842128
6,0.5221725201051165,1766756842302
6,0.5221725201051165,1766756842457
6,0.5221725201051165,1766756842615
6,0.5221725201051165,1766756842768
6,0.5221725201051165,1766756842928
6,0.5221725201051165,1766756843090
6,0.5221725201051165,1766756843249
6,0.5221725201051165,1766756843410
6,0.5221725201051165,1766756843569
6,0.5221725201051165,1766756843728
6,0.5221725201051165,1766756843878
6,0.5221725201051165,1766756844031
6,0.5221725201051165,1766756844184
6,0.5221725201051165,1766756844334
6,0.5221725201051165,1766756844485
6,0.5221725201051165,1766756844639
6,0.5221725201051165,1766756844792
6,0.5221725201051165,1766756844942
6,0.5221725201051165,1766756845087
6,0.5221725201051165,1766756845232
6,0.5221725201051165,1766756845381
6,0.5221725201051165,1766756845524
6,0.5221725201051165,1766756845674
6,0.5221725201051165,1766756845817
6,0.5221725201051165,1766756845961
6,0.5221725201051165,1766756846106
6,0.5221725201051165,1766756846249
6,0.5221725201051165,1766756846406
6,0.5221725201051165,1766756846565
6,0.5221725201051165,1766756846743
6,0.5221725201051165,1766756846894
6,0.5221725201051165,1766756847046
6,0.5221725201051165,1766756847193
6,0.5221725201051165,1766756847349
6,0.5221725201051165,1766756847498
6,0.5221725201051165,1766756847662
6,0.5221725201051165,1766756847825
6,0.5221725201051165,1766756848001
6,0.5221725201051165,1766756848158
6,0.5221725201051165,1766756848317
6,0.5221725201051165,1766756848474
6,0.5221725201051165,1766756848635
6,0.5221725201051165,1766756848794
6,0.5221725201051165,1766756848949
6,0.5221725201051165,1766756849107
6,0.5221725201051165,1766756849269
6,0.5221725201051165,1766756849432
6,0.5221725201051165,1766756849593
6,0.5221725201051165,1766756849747
6,0.5221725201051165,1766756849900
6,0.5221725201051165,1766756850053
6,0.5221725201051165,1766756850210
6,0.5221725201051165,1766756850362
6,0.5221725201051165,1766756850516
6,0.5221725201051165,1766756850671
6,0.5221725201051165,1766756850821
6,0.5221725201051165,1766756850968
6,0.5221725201051165,1766756851119
6,0.5221725201051165,1766756851265
6,0.5221725201051165,1766756851414
6,0.5221725201051165,1766756851563
6,0.5221725201051165,1766756851708
6,0.5221725201051165,1766756851853
6,0.5221725201051165,1766756852001
6,0.5221725201051165,1766756852146
6,0.5221725201051165,1766756852314
6,0.5221725201051165,1766756852477
6,0.5221725201051165,1766756852636
6,0.5221725201051165,1766756852787
6,0.5221725201051165,1766756852938
6,0.5221725201051165,1766756853089
6,0.5221725201051165,1766756853243
6,0.5221725201051165,1766756853402
6,0.5221725201051165,1766756853568
6,0.5221725201051165,1766756853745
6,0.5221725201051165,1766756853906
6,0.5221725201051165,1766756854072
6,0.5221725201051165,1766756854226
6,0.5221725201051165,1766756854389
6,0.5221725201051165,1766756854550
6,0.5221725201051165,1766756854710
6,0.5221725201051165,1766756854870
6,0.5221725201051165,1766756855031
6,0.5221725201051165,1766756855192
6,0.5221725201051165,1766756855351
6,0.5221725201051165,1766756855501
6,0.5221725201051165,1766756855654
6,0.5221725201051165,1766756855805
6,0.5221725201051165,1766756855957
6,0.5221725201051165,1766756856109
6,0.5221725201051165,1766756856262
6,0.5221725201051165,1766756856414
6,0.5221725201051165,1766756856566
6,0.5221725201051165,1766756856708
6,0.5221725201051165,1766756856853
6,0.5221725201051165,1766756856998
6,0.5221725201051165,1766756857145
6,0.5221725201051165,1766756857288
6,0.5221725201051165,1766756857435
6,0.5221725201051165,1766756857578
6,0.5221725201051165,1766756857729
6,0.5221725201051165,1766756857875
6,0.5221725201051165,1766756858025
6,0.5221725201051165,1766756858189
6,0.5221725201051165,1766756858355
6,0.5221725201051165,1766756858521
6,0.5221725201051165,1766756858665
6,0.5221725201051165,1766756858823
6,0.5221725201051165,1766756858967
6,0.5221725201051165,1766756859122
6,0.5221725201051165,1766756859289
6,0.5221725201051165,1766756859463
6,0.5221725201051165,1766756859631
6,0.5221725201051165,1766756859786
6,0.5221725201051165,1766756859947
6,0.5221725201051165,1766756860104
6,0.5221725201051165,1766756860266
6,0.5221725201051165,1766756860424
6,0.5221725201051165,1766756860583
6,0.5221725201051165,1766756860744
6,0.5221725201051165,1766756860907
6,0.5221725201051165,1766756861069
6,0.5221725201051165,1766756861228
6,0.5221725201051165,1766756861383
6,0.5221725201051165,1766756861536
6,0.5221725201051165,1766756861687
6,0.5221725201051165,1766756861840
6,0.5221725201051165,1766756861995
6,0.5221725201051165,1766756862149
6,0.5221725201051165,1766756862304
6,0.5221725201051165,1766756862450
6,0.5221725201051165,1766756862593
6,0.5221725201051165,1766756862738
6,0.5221725201051165,1766756862885
6,0.5221725201051165,1766756863031
6,0.5221725201051165,1766756863181
6,0.5221725201051165,1766756863328
6,0.5221725201051165,1766756863473
6,0.5221725201051165,1766756863621
6,0.5221725201051165,1766756863771
6,0.5221725201051165,1766756863930
6,0.5221725201051165,1766756864091
6,0.5221725201051165,1766756864263
6,0.5221725201051165,1766756864414
6,0.5221725201051165,1766756864558
6,0.5221725201051165,1766756864709
6,0.5221725201051165,1766756864857
6,0.5221725201051165,1766756865027
6,0.5221725201051165,1766756865191
6,0.5221725201051165,1766756865363
6,0.5221725201051165,1766756865516
6,0.5221725201051165,1766756865674
6,0.5221725201051165,1766756865827
6,0.5221725201051165,1766756865987
6,0.5221725201051165,1766756866144
6,0.5221725201051165,1766756866299
6,0.5221725201051165,1766756866455
6,0.5221725201051165,1766756866612
6,0.5221725201051165,1766756866773
6,0.5221725201051165,1766756866933
6,0.5221725201051165,1766756867092
6,0.5221725201051165,1766756867244
6,0.5221725201051165,1766756867393
6,0.5221725201051165,1766756867545
6,0.5221725201051165,1766756867696
6,0.5221725201051165,1766756867849
6,0.5221725201051165,1766756868001
6,0.5221725201051165,1766756868148
6,0.5221725201051165,1766756868292
6,0.5221725201051165,1766756868433
6,0.5221725201051165,1766756868578
6,0.5221725201051165,1766756868721
6,0.5221725201051165,1766756868867
6,0.5221725201051165,1766756869010
6,0.5221725201051165,1766756869153
6,0.5221725201051165,1766756869297
6,0.5221725201051165,1766756869446
6,0.5221725201051165,1766756869590
6,0.5221725201051165,1766756869743
6,0.5221725201051165,1766756869904
6,0.5221725201051165,1766756870076
6,0.5221725201051165,1766756870237
6,0.5221725201051165,1766756870384
6,0.5221725201051165,1766756870536
6,0.5221725201051165,1766756870683
6,0.5221725201051165,1766756870854
6,0.5221725201051165,1766756871021
6,0.5221725201051165,1766756871187
6,0.5221725201051165,1766756871339
6,0.5221725201051165,1766756871493
6,0.5221725201051165,1766756871646
6,0.5221725201051165,1766756871803
6,0.5221725201051165,1766756871961
6,0.5221725201051165,1766756872117
6,0.5221725201051165,1766756872277
6,0.5221725201051165,1766756872439
6,0.5221725201051165,1766756872600
6,0.5221725201051165,1766756872758
6,0.5221725201051165,1766756872920
6,0.5221725201051165,1766756873071
6,0.5221725201051165,1766756873221
6,0.5221725201051165,1766756873376
6,0.5221725201051165,1766756873533
6,0.5221725201051165,1766756873683
6,0.5221725201051165,1766756873837
6,0.5221725201051165,1766756873979
6,0.5221725201051165,1766756874122
6,0.5221725201051165,1766756874264
6,0.5221725201051165,1766756874409
6,0.5221725201051165,1766756874552
6,0.5221725201051165,1766756874698
6,0.5221725201051165,1766756874843
6,0.5221725201051165,1766756874988
6,0.5221725201051165,1766756875129
6,0.5221725201051165,1766756875274
6,0.5221725201051165,1766756875420
6,0.5221725201051165,1766756875566
6,0.5221725201051165,1766756875727
6,0.5221725201051165,1766756875899
6,0.5221725201051165,1766756876057
6,0.5221725201051165,1766756876203
6,0.5221725201051165,1766756876359
6,0.5221725201051165,1766756876513
6,0.5221725201051165,1766756876678
6,0.5221725201051165,1766756876858
6,0.5221725201051165,1766756877017
6,0.5221725201051165,1766756877181
6,0.5221725201051165,1766756877341
6,0.5221725201051165,1766756877502
6,0.5221725201051165,1766756877660
6,0.5221725201051165,1766756877820
6,0.5221725201051165,1766756877980
6,0.5221725201051165,1766756878139
6,0.5221725201051165,1766756878300
6,0.5221725201051165,1766756878460
6,0.5221725201051165,1766756878621
6,0.5221725201051165,1766756878779
6,0.5221725201051165,1766756878931
6,0.5221725201051165,1766756879081
6,0.5221725201051165,1766756879233
6,0.5221725201051165,1766756879386
6,0.5221725201051165,1766756879537
6,0.5221725201051165,1766756879689
6,0.5221725201051165,1766756879831
6,0.5221725201051165,1766756879974
6,0.5221725201051165,1766756880117
6,0.5221725201051165,1766756880260
6,0.5221725201051165,1766756880405
6,0.5221725201051165,1766756880554
6,0.5221725201051165,1766756880699
6,0.5221725201051165,1766756880846
6,0.5221725201051165,1766756880989
6,0.5221725201051165,1766756881146
6,0.5221725201051165,1766756881295
6,0.5221725201051165,1766756881451
6,0.5221725201051165,1766756881617
6,0.5221725201051165,1766756881789
6,0.5221725201051165,1766756881947
6,0.5221725201051165,1766756882091
6,0.5221725201051165,1766756882239
6,0.5221725201051165,1766756882409
6,0.5221725201051165,1766756882580
6,0.5221725201051165,1766756882748
6,0.5221725201051165,1766756882900
6,0.5221725201051165,1766756883055
6,0.5221725201051165,1766756883210
6,0.5221725201051165,1766756883370
6,0.5221725201051165,1766756883525
6,0.5221725201051165,1766756883684
6,0.5221725201051165,1766756883842
6,0.5221725201051165,1766756884002
6,0.5221725201051165,1766756884162
6,0.5221725201051165,1766756884318
6,0.5221725201051165,1766756884477
6,0.5221725201051165,1766756884636
6,0.5221725201051165,1766756884785
6,0.5221725201051165,1766756884937
6,0.5221725201051165,1766756885090
6,0.5221725201051165,1766756885245
6,0.5221725201051165,1766756885396
6,0.5221725201051165,1766756885540
6,0.5221725201051165,1766756885685
6,0.5221725201051165,1766756885828
6,0.5221725201051165,1766756885972
6,0.5221725201051165,1766756886117
6,0.5221725201051165,1766756886265
6,0.5221725201051165,1766756886408
6,0.5221725201051165,1766756886555
6,0.5221725201051165,1766756886701
6,0.5221725201051165,1766756886844
6,0.5221725201051165,1766756886993
6,0.5221725201051165,1766756887138
6,0.5221725201051165,1766756887290
6,0.5221725201051165,1766756887454
6,0.5221725201051165,1766756887621
6,0.5221725201051165,1766756887780
6,0.5221725201051165,1766756887926
6,0.5221725201051165,1766756888088
6,0.5221725201051165,1766756888250
6,0.5221725201051165,1766756888429
6,0.5221725201051165,1766756888586
6,0.5221725201051165,1766756888744
6,0.5221725201051165,1766756888900
6,0.5221725201051165,1766756889060
6,0.5221725201051165,1766756889221
6,0.5221725201051165,1766756889384
6,0.5221725201051165,1766756889543
6,0.5221725201051165,1766756889706
6,0.5221725201051165,1766756889865
6,0.5221725201051165,1766756890027
6,0.5221725201051165,1766756890188
6,0.5221725201051165,1766756890346
6,0.5221725201051165,1766756890501
6,0.5221725201051165,1766756890653
6,0.5221725201051165,1766756890804
6,0.5221725201051165,1766756890959
6,0.5221725201051165,1766756891111
6,0.5221725201051165,1766756891257
6,0.5221725201051165,1766756891404
6,0.5221725201051165,1766756891547
6,0.5221725201051165,1766756891692
6,0.5221725201051165,1766756891834
6,0.5221725201051165,1766756891981
6,0.5221725201051165,1766756892125
6,0.5221725201051165,1766756892271
6,0.5221725201051165,1766756892418
6,0.5221725201051165,1766756892564
6,0.5221725201051165,1766756892715
6,0.5221725201051165,1766756892866
6,0.5221725201051165,1766756893013
6,0.5221725201051165,1766756893179
6,0.5221725201051165,1766756893337
6,0.5221725201051165,1766756893514
6,0.5221725201051165,1766756893665
6,0.5221725201051165,1766756893824
6,0.5221725201051165,1766756893982
6,0.5221725201051165,1766756894156
6,0.5221725201051165,1766756894321
6,0.5221725201051165,1766756894472
6,0.5221725201051165,1766756894622
6,0.5221725201051165,1766756894781
6,0.5221725201051165,1766756894940
6,0.5221725201051165,1766756895101
6,0.5221725201051165,1766756895259
6,0.5221725201051165,1766756895420
6,0.5221725201051165,1766756895586
6,0.5221725201051165,1766756895746
6,0.5221725201051165,1766756895904
6,0.5221725201051165,1766756896062
6,0.5221725201051165,1766756896221
6,0.5221725201051165,1766756896377
6,0.5221725201051165,1766756896529
6,0.5221725201051165,1766756896680
6,0.5221725201051165,1766756896832
6,0.5221725201051165,1766756896984
6,0.5221725201051165,1766756897128
6,0.5221725201051165,1766756897270
6,0.5221725201051165,1766756897415
6,0.5221725201051165,1766756897558
6,0.5221725201051165,1766756897703
6,0.5221725201051165,1766756897849
6,0.5221725201051165,1766756897993
6,0.5221725201051165,1766756898136
6,0.5221725201051165,1766756898284
6,0.5221725201051165,1766756898429
6,0.5221725201051165,1766756898575
6,0.5221725201051165,1766756898722
6,0.433676366989615,1766756898866
