gpu_temperature,Context.TRAINING,LoggingItemKind.SYSTEM_METRIC
0,29.0,1766755885030
0,29.0,1766755885270
0,29.0,1766755885433
0,30.0,1766755885595
0,30.0,1766755885759
0,30.0,1766755885921
0,30.0,1766755886071
0,30.0,1766755886221
0,30.0,1766755886370
0,30.0,1766755886523
0,30.0,1766755886673
0,30.0,1766755886819
0,30.0,1766755886961
0,30.0,1766755887103
0,30.0,1766755887246
0,30.0,1766755887393
0,30.0,1766755887538
0,30.0,1766755887681
0,30.0,1766755887827
0,30.0,1766755887974
0,30.0,1766755888120
0,30.0,1766755888266
0,30.0,1766755888411
0,30.0,1766755888561
0,30.0,1766755888724
0,30.0,1766755888893
0,30.0,1766755889054
0,30.0,1766755889202
0,30.0,1766755889354
0,30.0,1766755889521
0,30.0,1766755889693
0,30.0,1766755889860
0,30.0,1766755890015
0,30.0,1766755890172
0,30.0,1766755890335
0,30.0,1766755890494
0,30.0,1766755890650
0,30.0,1766755890809
0,30.0,1766755890965
0,30.0,1766755891123
0,30.0,1766755891281
0,30.0,1766755891441
0,30.0,1766755891600
0,30.0,1766755891756
0,30.0,1766755891907
0,30.0,1766755892057
0,30.0,1766755892208
0,30.0,1766755892359
0,30.0,1766755892509
0,30.0,1766755892655
0,30.0,1766755892798
0,30.0,1766755892943
0,30.0,1766755893085
0,30.0,1766755893228
0,30.0,1766755893371
0,30.0,1766755893517
0,30.0,1766755893663
0,30.0,1766755893811
0,31.0,1766755893958
0,31.0,1766755894106
0,31.0,1766755894254
0,30.0,1766755894410
0,30.0,1766755894572
0,30.0,1766755894741
0,31.0,1766755894896
0,31.0,1766755895047
0,31.0,1766755895194
0,31.0,1766755895365
0,30.0,1766755895535
0,31.0,1766755895701
0,31.0,1766755895855
0,30.0,1766755896013
0,31.0,1766755896170
0,31.0,1766755896329
0,31.0,1766755896487
0,31.0,1766755896645
0,31.0,1766755896805
0,31.0,1766755896965
0,31.0,1766755897126
0,31.0,1766755897285
0,31.0,1766755897445
0,31.0,1766755897598
0,31.0,1766755897748
0,31.0,1766755897896
0,31.0,1766755898047
0,31.0,1766755898196
0,31.0,1766755898349
0,31.0,1766755898493
0,31.0,1766755898637
0,31.0,1766755898779
0,31.0,1766755898929
0,31.0,1766755899073
0,31.0,1766755899222
0,31.0,1766755899365
0,31.0,1766755899516
0,31.0,1766755899660
0,31.0,1766755899812
0,31.0,1766755899957
0,31.0,1766755900111
0,31.0,1766755900283
0,31.0,1766755900451
0,31.0,1766755900610
0,31.0,1766755900756
0,31.0,1766755900908
0,31.0,1766755901065
0,31.0,1766755901237
0,31.0,1766755901406
0,31.0,1766755901572
0,31.0,1766755901727
0,31.0,1766755901888
0,31.0,1766755902048
0,31.0,1766755902205
0,31.0,1766755902363
0,31.0,1766755902522
0,31.0,1766755902678
0,31.0,1766755902839
0,31.0,1766755903002
0,31.0,1766755903166
0,31.0,1766755903323
0,31.0,1766755903475
0,31.0,1766755903623
0,31.0,1766755903775
0,31.0,1766755903926
0,31.0,1766755904078
0,31.0,1766755904231
0,31.0,1766755904377
0,31.0,1766755904519
0,31.0,1766755904663
0,31.0,1766755904812
0,31.0,1766755904958
0,31.0,1766755905101
0,31.0,1766755905247
0,31.0,1766755905392
0,31.0,1766755905539
0,31.0,1766755905682
0,31.0,1766755905829
0,31.0,1766755905988
0,31.0,1766755906150
0,31.0,1766755906314
0,31.0,1766755906462
0,31.0,1766755906617
0,31.0,1766755906763
0,31.0,1766755906917
0,31.0,1766755907085
0,31.0,1766755907252
0,31.0,1766755907419
0,31.0,1766755907573
0,31.0,1766755907732
0,31.0,1766755907891
0,31.0,1766755908047
0,31.0,1766755908201
0,31.0,1766755908359
0,31.0,1766755908516
0,31.0,1766755908675
0,31.0,1766755908834
0,31.0,1766755908993
0,31.0,1766755909147
0,31.0,1766755909297
0,31.0,1766755909446
0,31.0,1766755909595
0,31.0,1766755909745
0,31.0,1766755909896
0,31.0,1766755910048
0,31.0,1766755910195
0,31.0,1766755910337
0,31.0,1766755910484
0,31.0,1766755910626
0,31.0,1766755910771
0,31.0,1766755910914
0,31.0,1766755911063
0,31.0,1766755911207
0,31.0,1766755911355
0,31.0,1766755911499
0,31.0,1766755911651
0,31.0,1766755911815
0,31.0,1766755911982
0,31.0,1766755912147
0,31.0,1766755912295
0,31.0,1766755912450
0,31.0,1766755912601
0,31.0,1766755912758
0,31.0,1766755912926
0,31.0,1766755913092
0,31.0,1766755913267
0,31.0,1766755913422
0,31.0,1766755913584
0,31.0,1766755913744
0,31.0,1766755913901
0,31.0,1766755914057
0,31.0,1766755914213
0,31.0,1766755914373
0,31.0,1766755914534
0,31.0,1766755914695
0,31.0,1766755914855
0,31.0,1766755915006
0,31.0,1766755915157
0,31.0,1766755915306
0,31.0,1766755915455
0,31.0,1766755915607
0,31.0,1766755915763
0,31.0,1766755915921
0,31.0,1766755916066
0,31.0,1766755916209
0,31.0,1766755916355
0,31.0,1766755916500
0,31.0,1766755916646
0,31.0,1766755916789
0,31.0,1766755916934
0,31.0,1766755917085
0,31.0,1766755917235
0,31.0,1766755917386
0,31.0,1766755917553
0,31.0,1766755917715
0,31.0,1766755917883
0,31.0,1766755918033
0,31.0,1766755918178
0,31.0,1766755918323
0,31.0,1766755918479
0,31.0,1766755918638
0,31.0,1766755918803
0,31.0,1766755918976
0,31.0,1766755919139
0,31.0,1766755919301
0,31.0,1766755919457
0,31.0,1766755919617
0,31.0,1766755919773
0,31.0,1766755919930
0,31.0,1766755920085
0,31.0,1766755920245
0,31.0,1766755920403
0,31.0,1766755920567
0,31.0,1766755920718
0,31.0,1766755920871
0,31.0,1766755921020
0,31.0,1766755921171
0,32.0,1766755921322
0,32.0,1766755921474
0,32.0,1766755921623
0,32.0,1766755921775
0,32.0,1766755921920
0,32.0,1766755922067
0,32.0,1766755922212
0,32.0,1766755922359
0,32.0,1766755922508
0,32.0,1766755922655
0,32.0,1766755922800
0,32.0,1766755922945
0,32.0,1766755923088
0,32.0,1766755923247
0,32.0,1766755923401
0,31.0,1766755923563
0,32.0,1766755923717
0,32.0,1766755923870
0,32.0,1766755924020
0,32.0,1766755924170
0,32.0,1766755924328
0,32.0,1766755924491
0,32.0,1766755924658
0,32.0,1766755924836
0,32.0,1766755925003
0,32.0,1766755925165
0,32.0,1766755925320
0,32.0,1766755925483
0,32.0,1766755925642
0,32.0,1766755925798
0,32.0,1766755925960
0,32.0,1766755926121
0,32.0,1766755926285
0,32.0,1766755926443
0,32.0,1766755926595
0,32.0,1766755926747
0,32.0,1766755926901
0,32.0,1766755927054
0,32.0,1766755927210
0,32.0,1766755927366
0,32.0,1766755927520
0,32.0,1766755927673
0,32.0,1766755927822
0,32.0,1766755927969
0,32.0,1766755928116
0,32.0,1766755928263
0,32.0,1766755928412
0,32.0,1766755928559
0,32.0,1766755928708
0,32.0,1766755928855
0,32.0,1766755929008
0,32.0,1766755929169
0,32.0,1766755929338
0,32.0,1766755929496
0,32.0,1766755929649
0,32.0,1766755929799
0,32.0,1766755929947
0,32.0,1766755930102
0,32.0,1766755930253
0,32.0,1766755930419
0,32.0,1766755930590
0,32.0,1766755930759
0,32.0,1766755930920
0,32.0,1766755931074
0,32.0,1766755931230
0,32.0,1766755931392
0,32.0,1766755931548
0,32.0,1766755931706
0,32.0,1766755931865
0,32.0,1766755932023
0,32.0,1766755932181
0,32.0,1766755932333
0,32.0,1766755932488
0,32.0,1766755932638
0,32.0,1766755932789
0,32.0,1766755932938
0,32.0,1766755933089
0,32.0,1766755933238
0,32.0,1766755933387
0,32.0,1766755933534
0,32.0,1766755933683
0,32.0,1766755933828
0,32.0,1766755933973
0,32.0,1766755934120
0,32.0,1766755934265
0,32.0,1766755934415
0,32.0,1766755934561
0,32.0,1766755934706
0,32.0,1766755934867
0,32.0,1766755935030
0,32.0,1766755935192
0,32.0,1766755935341
0,32.0,1766755935499
0,32.0,1766755935644
0,32.0,1766755935799
0,32.0,1766755935954
0,32.0,1766755936108
0,32.0,1766755936275
0,32.0,1766755936445
0,32.0,1766755936616
0,32.0,1766755936775
0,32.0,1766755936932
0,32.0,1766755937084
0,32.0,1766755937245
0,32.0,1766755937400
0,32.0,1766755937557
0,32.0,1766755937718
0,32.0,1766755937879
0,32.0,1766755938033
0,32.0,1766755938183
0,32.0,1766755938337
0,32.0,1766755938488
0,32.0,1766755938638
0,32.0,1766755938789
0,32.0,1766755938943
0,32.0,1766755939096
0,32.0,1766755939248
0,32.0,1766755939400
0,32.0,1766755939548
0,32.0,1766755939694
0,32.0,1766755939845
0,32.0,1766755939990
0,32.0,1766755940135
0,32.0,1766755940282
0,32.0,1766755940428
0,32.0,1766755940588
0,32.0,1766755940744
0,32.0,1766755940911
0,32.0,1766755941064
0,32.0,1766755941215
0,32.0,1766755941366
0,32.0,1766755941519
0,32.0,1766755941672
0,32.0,1766755941825
0,32.0,1766755941978
0,32.0,1766755942150
0,32.0,1766755942323
0,32.0,1766755942504
0,32.0,1766755942656
0,32.0,1766755942811
0,32.0,1766755942964
0,32.0,1766755943123
0,32.0,1766755943279
0,32.0,1766755943437
0,32.0,1766755943596
0,32.0,1766755943752
0,32.0,1766755943903
0,32.0,1766755944053
0,32.0,1766755944203
0,32.0,1766755944353
0,32.0,1766755944502
0,32.0,1766755944651
0,32.0,1766755944801
0,32.0,1766755944951
0,32.0,1766755945101
0,32.0,1766755945253
0,32.0,1766755945398
0,32.0,1766755945542
0,32.0,1766755945688
0,32.0,1766755945832
0,32.0,1766755945977
0,32.0,1766755946121
0,32.0,1766755946264
0,32.0,1766755946421
0,32.0,1766755946590
0,32.0,1766755946755
0,32.0,1766755946908
0,32.0,1766755947057
0,32.0,1766755947206
0,32.0,1766755947355
0,32.0,1766755947508
0,32.0,1766755947657
0,32.0,1766755947806
0,32.0,1766755947970
0,32.0,1766755948140
0,32.0,1766755948313
0,32.0,1766755948472
0,32.0,1766755948628
0,32.0,1766755948785
0,32.0,1766755948943
0,32.0,1766755949100
0,32.0,1766755949261
0,32.0,1766755949420
0,32.0,1766755949573
0,32.0,1766755949725
0,32.0,1766755949879
0,32.0,1766755950032
0,32.0,1766755950183
0,32.0,1766755950333
0,32.0,1766755950484
0,32.0,1766755950634
0,32.0,1766755950786
0,32.0,1766755950937
0,32.0,1766755951094
0,32.0,1766755951240
0,32.0,1766755951390
0,32.0,1766755951535
0,32.0,1766755951682
0,32.0,1766755951827
0,32.0,1766755951972
0,32.0,1766755952131
0,32.0,1766755952288
0,32.0,1766755952450
0,32.0,1766755952604
0,32.0,1766755952755
0,32.0,1766755952907
0,32.0,1766755953059
0,32.0,1766755953212
0,32.0,1766755953368
0,32.0,1766755953520
0,32.0,1766755953675
0,32.0,1766755953846
0,32.0,1766755954020
0,32.0,1766755954194
0,32.0,1766755954348
0,32.0,1766755954500
0,32.0,1766755954654
0,32.0,1766755954809
0,32.0,1766755954966
0,32.0,1766755955121
0,32.0,1766755955279
0,32.0,1766755955429
0,32.0,1766755955582
0,32.0,1766755955731
0,32.0,1766755955884
0,32.0,1766755956034
0,32.0,1766755956186
0,32.0,1766755956336
0,32.0,1766755956487
0,32.0,1766755956638
0,32.0,1766755956794
0,32.0,1766755956944
0,32.0,1766755957090
0,32.0,1766755957238
0,32.0,1766755957385
0,32.0,1766755957532
0,32.0,1766755957677
0,32.0,1766755957823
0,32.0,1766755957983
0,32.0,1766755958151
0,32.0,1766755958321
0,32.0,1766755958472
0,32.0,1766755958620
0,32.0,1766755958767
0,32.0,1766755958924
0,32.0,1766755959077
0,32.0,1766755959231
0,32.0,1766755959385
0,32.0,1766755959539
0,32.0,1766755959717
0,32.0,1766755959895
0,32.0,1766755960064
0,32.0,1766755960215
0,32.0,1766755960371
0,32.0,1766755960527
0,32.0,1766755960686
0,32.0,1766755960844
0,32.0,1766755961002
0,32.0,1766755961154
0,32.0,1766755961307
0,32.0,1766755961460
0,32.0,1766755961614
0,32.0,1766755961764
0,32.0,1766755961918
0,32.0,1766755962072
0,32.0,1766755962224
0,32.0,1766755962375
0,32.0,1766755962528
0,32.0,1766755962684
0,32.0,1766755962832
0,32.0,1766755962979
0,32.0,1766755963124
0,32.0,1766755963273
0,32.0,1766755963420
0,32.0,1766755963565
0,32.0,1766755963724
0,32.0,1766755963880
0,32.0,1766755964046
0,32.0,1766755964195
0,32.0,1766755964350
0,32.0,1766755964497
0,32.0,1766755964650
0,32.0,1766755964805
0,32.0,1766755964960
0,32.0,1766755965118
0,32.0,1766755965274
0,32.0,1766755965435
0,32.0,1766755965607
0,32.0,1766755965786
0,32.0,1766755965951
0,32.0,1766755966109
0,32.0,1766755966263
0,32.0,1766755966422
0,32.0,1766755966583
0,32.0,1766755966747
0,32.0,1766755966904
0,32.0,1766755967057
0,32.0,1766755967209
0,32.0,1766755967362
0,32.0,1766755967512
0,32.0,1766755967666
0,32.0,1766755967815
0,32.0,1766755967962
0,32.0,1766755968114
0,32.0,1766755968265
0,32.0,1766755968418
0,32.0,1766755968569
0,32.0,1766755968719
0,32.0,1766755968865
0,32.0,1766755969011
0,32.0,1766755969155
0,32.0,1766755969298
0,32.0,1766755969449
0,33.0,1766755969612
0,32.0,1766755969778
0,32.0,1766755969944
0,32.0,1766755970091
0,32.0,1766755970242
0,32.0,1766755970393
0,32.0,1766755970547
0,32.0,1766755970702
0,32.0,1766755970852
0,32.0,1766755971007
0,32.0,1766755971160
0,32.0,1766755971326
0,32.0,1766755971492
0,32.0,1766755971666
0,32.0,1766755971829
0,32.0,1766755971985
0,32.0,1766755972141
0,32.0,1766755972304
0,32.0,1766755972462
0,32.0,1766755972621
0,32.0,1766755972774
0,33.0,1766755972930
0,32.0,1766755973084
0,32.0,1766755973237
0,32.0,1766755973390
0,32.0,1766755973546
0,32.0,1766755973698
0,32.0,1766755973850
0,32.0,1766755974001
0,32.0,1766755974157
0,33.0,1766755974313
0,33.0,1766755974468
0,33.0,1766755974622
0,33.0,1766755974767
0,33.0,1766755974917
0,33.0,1766755975064
0,33.0,1766755975221
0,33.0,1766755975382
0,33.0,1766755975550
0,32.0,1766755975706
0,33.0,1766755975851
0,33.0,1766755976009
0,33.0,1766755976161
0,32.0,1766755976315
0,33.0,1766755976470
0,33.0,1766755976621
0,33.0,1766755976776
0,32.0,1766755976933
0,32.0,1766755977088
0,32.0,1766755977266
0,32.0,1766755977439
0,32.0,1766755977619
0,33.0,1766755977779
0,32.0,1766755977935
0,33.0,1766755978089
0,32.0,1766755978251
0,32.0,1766755978408
0,33.0,1766755978559
0,33.0,1766755978711
0,33.0,1766755978862
0,33.0,1766755979013
0,33.0,1766755979164
0,33.0,1766755979316
0,33.0,1766755979465
0,33.0,1766755979616
0,33.0,1766755979767
0,33.0,1766755979922
0,33.0,1766755980078
0,32.0,1766755980233
0,32.0,1766755980386
0,33.0,1766755980531
0,32.0,1766755980680
0,33.0,1766755980827
0,33.0,1766755980980
0,33.0,1766755981144
0,32.0,1766755981313
0,33.0,1766755981472
0,33.0,1766755981617
0,33.0,1766755981766
0,33.0,1766755981916
0,33.0,1766755982073
0,33.0,1766755982227
0,32.0,1766755982382
0,33.0,1766755982535
0,33.0,1766755982692
0,33.0,1766755982849
0,33.0,1766755983013
0,33.0,1766755983180
0,32.0,1766755983355
0,33.0,1766755983516
0,33.0,1766755983673
0,33.0,1766755983830
0,33.0,1766755983993
0,33.0,1766755984153
0,33.0,1766755984302
0,33.0,1766755984454
0,33.0,1766755984605
0,33.0,1766755984758
0,33.0,1766755984910
0,33.0,1766755985063
0,33.0,1766755985216
0,33.0,1766755985366
0,33.0,1766755985517
0,33.0,1766755985672
0,33.0,1766755985828
0,33.0,1766755985981
0,33.0,1766755986137
0,33.0,1766755986286
0,33.0,1766755986433
0,33.0,1766755986578
0,33.0,1766755986725
0,33.0,1766755986889
0,33.0,1766755987051
0,33.0,1766755987215
0,33.0,1766755987360
0,33.0,1766755987507
0,33.0,1766755987657
0,33.0,1766755987815
0,33.0,1766755987968
0,33.0,1766755988123
0,33.0,1766755988275
0,33.0,1766755988430
0,33.0,1766755988584
0,33.0,1766755988739
0,33.0,1766755988908
0,33.0,1766755989075
0,33.0,1766755989255
0,33.0,1766755989416
0,33.0,1766755989578
0,33.0,1766755989731
0,33.0,1766755989889
0,33.0,1766755990040
0,33.0,1766755990187
0,33.0,1766755990337
0,33.0,1766755990487
0,33.0,1766755990637
0,33.0,1766755990791
0,33.0,1766755990943
0,33.0,1766755991096
0,33.0,1766755991246
0,33.0,1766755991400
0,33.0,1766755991552
0,33.0,1766755991708
0,33.0,1766755991863
0,33.0,1766755992019
0,33.0,1766755992165
0,33.0,1766755992310
0,33.0,1766755992455
0,33.0,1766755992611
0,33.0,1766755992769
0,33.0,1766755992939
0,33.0,1766755993093
0,33.0,1766755993243
0,33.0,1766755993388
0,33.0,1766755993543
0,33.0,1766755993698
0,33.0,1766755993851
0,33.0,1766755994007
0,33.0,1766755994163
0,33.0,1766755994319
0,33.0,1766755994476
0,33.0,1766755994629
0,33.0,1766755994793
0,33.0,1766755994963
0,33.0,1766755995136
0,33.0,1766755995295
0,33.0,1766755995454
0,33.0,1766755995609
0,33.0,1766755995764
0,33.0,1766755995913
0,33.0,1766755996063
0,33.0,1766755996212
0,33.0,1766755996364
0,33.0,1766755996517
0,33.0,1766755996667
0,33.0,1766755996819
0,33.0,1766755996970
0,33.0,1766755997122
0,33.0,1766755997273
0,33.0,1766755997427
0,33.0,1766755997579
0,33.0,1766755997736
0,33.0,1766755997890
0,33.0,1766755998035
0,33.0,1766755998179
0,33.0,1766755998331
0,33.0,1766755998490
0,33.0,1766755998653
0,33.0,1766755998810
0,33.0,1766755998954
0,33.0,1766755999104
0,33.0,1766755999250
0,33.0,1766755999406
0,33.0,1766755999558
0,33.0,1766755999711
0,33.0,1766755999866
0,33.0,1766756000021
0,33.0,1766756000179
0,33.0,1766756000333
0,33.0,1766756000486
0,33.0,1766756000653
0,33.0,1766756000823
0,33.0,1766756000990
0,33.0,1766756001148
0,33.0,1766756001305
0,33.0,1766756001462
0,33.0,1766756001615
0,33.0,1766756001763
0,33.0,1766756001914
0,33.0,1766756002063
0,33.0,1766756002216
0,33.0,1766756002368
0,33.0,1766756002521
0,33.0,1766756002671
0,33.0,1766756002821
0,33.0,1766756002975
0,33.0,1766756003129
0,33.0,1766756003282
0,33.0,1766756003441
0,33.0,1766756003593
0,33.0,1766756003749
0,33.0,1766756003895
0,33.0,1766756004038
0,33.0,1766756004196
0,33.0,1766756004359
0,33.0,1766756004522
0,33.0,1766756004670
0,33.0,1766756004819
0,33.0,1766756004962
0,33.0,1766756005110
0,33.0,1766756005264
0,33.0,1766756005417
0,33.0,1766756005572
0,33.0,1766756005731
0,33.0,1766756005885
0,33.0,1766756006040
0,33.0,1766756006192
0,33.0,1766756006344
0,33.0,1766756006509
0,33.0,1766756006678
0,33.0,1766756006853
0,33.0,1766756007011
0,33.0,1766756007168
0,33.0,1766756007316
0,33.0,1766756007469
0,33.0,1766756007618
0,33.0,1766756007768
0,33.0,1766756007918
0,33.0,1766756008068
0,33.0,1766756008220
0,33.0,1766756008374
0,33.0,1766756008529
0,33.0,1766756008686
0,33.0,1766756008839
0,33.0,1766756008989
0,33.0,1766756009142
0,33.0,1766756009298
0,33.0,1766756009450
0,33.0,1766756009602
0,33.0,1766756009746
0,33.0,1766756009898
0,33.0,1766756010055
0,33.0,1766756010224
0,33.0,1766756010388
0,33.0,1766756010532
0,33.0,1766756010680
0,33.0,1766756010829
0,33.0,1766756010979
0,33.0,1766756011129
0,33.0,1766756011281
0,33.0,1766756011434
0,33.0,1766756011592
0,33.0,1766756011747
0,33.0,1766756011902
0,33.0,1766756012054
0,33.0,1766756012205
0,33.0,1766756012373
0,33.0,1766756012543
0,33.0,1766756012712
0,33.0,1766756012865
0,33.0,1766756013019
0,33.0,1766756013166
0,33.0,1766756013322
0,33.0,1766756013472
0,33.0,1766756013621
0,33.0,1766756013772
0,33.0,1766756013924
0,33.0,1766756014077
0,33.0,1766756014230
0,33.0,1766756014380
0,33.0,1766756014533
0,33.0,1766756014686
0,33.0,1766756014840
0,33.0,1766756014996
0,33.0,1766756015148
0,33.0,1766756015303
0,33.0,1766756015455
0,33.0,1766756015601
0,33.0,1766756015763
0,33.0,1766756015926
0,33.0,1766756016091
0,33.0,1766756016236
0,33.0,1766756016384
0,33.0,1766756016527
0,33.0,1766756016678
0,33.0,1766756016831
0,33.0,1766756016983
0,33.0,1766756017135
0,33.0,1766756017291
0,33.0,1766756017449
0,33.0,1766756017606
0,33.0,1766756017760
0,33.0,1766756017915
0,33.0,1766756018066
0,33.0,1766756018234
0,33.0,1766756018405
0,33.0,1766756018590
0,33.0,1766756018746
0,33.0,1766756018896
0,33.0,1766756019041
0,33.0,1766756019194
0,33.0,1766756019344
0,33.0,1766756019493
0,33.0,1766756019643
0,33.0,1766756019794
0,33.0,1766756019947
0,33.0,1766756020099
0,33.0,1766756020258
0,33.0,1766756020416
0,33.0,1766756020569
0,33.0,1766756020728
0,33.0,1766756020883
0,33.0,1766756021036
0,33.0,1766756021193
0,33.0,1766756021343
0,33.0,1766756021498
0,33.0,1766756021655
0,33.0,1766756021825
0,33.0,1766756021978
0,33.0,1766756022126
0,33.0,1766756022270
0,33.0,1766756022420
0,33.0,1766756022570
0,33.0,1766756022720
0,33.0,1766756022879
0,33.0,1766756023033
0,33.0,1766756023189
0,33.0,1766756023345
0,33.0,1766756023498
0,33.0,1766756023652
0,33.0,1766756023805
0,33.0,1766756023963
0,33.0,1766756024136
0,33.0,1766756024308
0,33.0,1766756024478
0,33.0,1766756024628
0,33.0,1766756024775
0,33.0,1766756024922
0,33.0,1766756025071
0,33.0,1766756025219
0,33.0,1766756025368
0,33.0,1766756025522
0,33.0,1766756025673
0,33.0,1766756025823
0,33.0,1766756025974
0,33.0,1766756026131
0,33.0,1766756026286
0,33.0,1766756026440
0,33.0,1766756026595
0,33.0,1766756026746
0,33.0,1766756026900
0,33.0,1766756027052
0,33.0,1766756027211
0,33.0,1766756027371
0,33.0,1766756027538
0,33.0,1766756027695
0,33.0,1766756027843
0,33.0,1766756027997
0,33.0,1766756028147
0,33.0,1766756028299
0,33.0,1766756028450
0,33.0,1766756028600
0,33.0,1766756028757
0,33.0,1766756028914
0,33.0,1766756029071
0,33.0,1766756029231
0,33.0,1766756029385
0,33.0,1766756029538
0,33.0,1766756029690
0,33.0,1766756029866
1,33.0,1766756030027
1,33.0,1766756030200
1,33.0,1766756030365
1,33.0,1766756030515
1,33.0,1766756030661
1,33.0,1766756030814
1,33.0,1766756030965
1,33.0,1766756031116
1,33.0,1766756031266
1,33.0,1766756031418
1,33.0,1766756031570
1,33.0,1766756031720
1,33.0,1766756031872
1,33.0,1766756032026
1,33.0,1766756032178
1,33.0,1766756032333
1,33.0,1766756032487
1,33.0,1766756032641
1,33.0,1766756032795
1,33.0,1766756032947
1,33.0,1766756033116
1,33.0,1766756033283
1,33.0,1766756033444
1,33.0,1766756033588
1,33.0,1766756033733
1,33.0,1766756033878
1,33.0,1766756034032
1,33.0,1766756034185
1,33.0,1766756034335
1,33.0,1766756034488
1,33.0,1766756034643
1,33.0,1766756034799
1,33.0,1766756034960
1,33.0,1766756035116
1,33.0,1766756035268
1,33.0,1766756035425
1,33.0,1766756035577
1,33.0,1766756035741
1,33.0,1766756035910
1,33.0,1766756036093
1,33.0,1766756036247
1,33.0,1766756036396
1,33.0,1766756036542
1,33.0,1766756036690
1,33.0,1766756036840
1,33.0,1766756036987
1,33.0,1766756037137
1,33.0,1766756037297
1,33.0,1766756037450
1,33.0,1766756037603
1,33.0,1766756037758
1,33.0,1766756037913
1,33.0,1766756038069
1,33.0,1766756038224
1,33.0,1766756038377
1,33.0,1766756038534
1,33.0,1766756038686
1,33.0,1766756038854
1,33.0,1766756039015
1,33.0,1766756039181
1,33.0,1766756039327
1,33.0,1766756039479
1,33.0,1766756039629
1,33.0,1766756039777
1,33.0,1766756039929
1,33.0,1766756040080
1,33.0,1766756040231
1,33.0,1766756040385
1,33.0,1766756040540
1,33.0,1766756040695
1,33.0,1766756040854
1,33.0,1766756041010
1,33.0,1766756041165
1,33.0,1766756041316
1,33.0,1766756041469
1,33.0,1766756041638
1,33.0,1766756041814
1,33.0,1766756041980
1,33.0,1766756042125
1,33.0,1766756042271
1,33.0,1766756042414
1,33.0,1766756042562
1,33.0,1766756042710
1,33.0,1766756042861
1,33.0,1766756043009
1,33.0,1766756043159
1,33.0,1766756043310
1,33.0,1766756043463
1,33.0,1766756043615
1,33.0,1766756043771
1,33.0,1766756043923
1,33.0,1766756044077
1,33.0,1766756044231
1,33.0,1766756044384
1,33.0,1766756044538
1,33.0,1766756044706
1,33.0,1766756044869
1,33.0,1766756045029
1,33.0,1766756045176
1,33.0,1766756045330
1,33.0,1766756045475
1,33.0,1766756045628
1,33.0,1766756045779
1,33.0,1766756045931
1,33.0,1766756046083
1,33.0,1766756046238
1,33.0,1766756046392
1,33.0,1766756046548
1,33.0,1766756046710
1,33.0,1766756046862
1,33.0,1766756047015
1,33.0,1766756047166
1,33.0,1766756047318
1,33.0,1766756047487
1,33.0,1766756047664
1,33.0,1766756047830
1,33.0,1766756047974
1,33.0,1766756048117
1,33.0,1766756048261
1,33.0,1766756048416
1,33.0,1766756048565
1,33.0,1766756048714
1,33.0,1766756048863
1,33.0,1766756049013
1,33.0,1766756049163
1,33.0,1766756049315
1,33.0,1766756049472
1,33.0,1766756049629
1,33.0,1766756049783
1,33.0,1766756049934
1,33.0,1766756050088
1,33.0,1766756050241
1,33.0,1766756050406
1,33.0,1766756050573
1,33.0,1766756050746
1,33.0,1766756050896
1,33.0,1766756051047
1,33.0,1766756051191
1,33.0,1766756051340
1,33.0,1766756051492
1,33.0,1766756051641
1,33.0,1766756051791
1,33.0,1766756051942
1,33.0,1766756052096
1,33.0,1766756052252
1,33.0,1766756052403
1,33.0,1766756052562
1,33.0,1766756052714
1,33.0,1766756052868
1,33.0,1766756053022
1,33.0,1766756053175
1,33.0,1766756053346
1,33.0,1766756053518
1,33.0,1766756053678
1,33.0,1766756053822
1,33.0,1766756053967
1,33.0,1766756054112
1,33.0,1766756054261
1,33.0,1766756054409
1,33.0,1766756054557
1,33.0,1766756054708
1,33.0,1766756054862
1,33.0,1766756055018
1,33.0,1766756055170
1,33.0,1766756055321
1,33.0,1766756055474
1,33.0,1766756055626
1,33.0,1766756055783
1,33.0,1766756055936
1,33.0,1766756056094
1,33.0,1766756056266
1,33.0,1766756056433
1,33.0,1766756056588
1,33.0,1766756056732
1,33.0,1766756056885
1,33.0,1766756057030
1,33.0,1766756057182
1,33.0,1766756057332
1,33.0,1766756057485
1,33.0,1766756057636
1,33.0,1766756057793
1,33.0,1766756057948
1,33.0,1766756058105
1,33.0,1766756058261
1,33.0,1766756058418
1,33.0,1766756058574
1,33.0,1766756058728
1,33.0,1766756058881
1,33.0,1766756059035
1,33.0,1766756059207
1,33.0,1766756059373
1,33.0,1766756059530
1,33.0,1766756059673
1,33.0,1766756059819
1,33.0,1766756059964
1,33.0,1766756060113
1,33.0,1766756060260
1,33.0,1766756060409
1,33.0,1766756060557
1,33.0,1766756060714
1,33.0,1766756060870
1,33.0,1766756061026
1,33.0,1766756061185
1,33.0,1766756061341
1,33.0,1766756061493
1,33.0,1766756061649
1,33.0,1766756061802
1,33.0,1766756061967
1,33.0,1766756062140
1,33.0,1766756062311
1,33.0,1766756062457
1,33.0,1766756062609
1,33.0,1766756062753
1,33.0,1766756062902
1,33.0,1766756063053
1,33.0,1766756063203
1,33.0,1766756063353
1,33.0,1766756063506
1,33.0,1766756063660
1,33.0,1766756063815
1,33.0,1766756063968
1,33.0,1766756064123
1,33.0,1766756064277
1,33.0,1766756064430
1,33.0,1766756064588
1,33.0,1766756064744
1,33.0,1766756064903
1,33.0,1766756065072
1,33.0,1766756065237
1,33.0,1766756065395
1,33.0,1766756065539
1,33.0,1766756065683
1,33.0,1766756065825
1,33.0,1766756065977
1,33.0,1766756066125
1,33.0,1766756066272
1,33.0,1766756066422
1,33.0,1766756066572
1,33.0,1766756066724
1,33.0,1766756066877
1,33.0,1766756067030
1,33.0,1766756067182
1,33.0,1766756067334
1,33.0,1766756067485
1,33.0,1766756067635
1,33.0,1766756067804
1,33.0,1766756067975
1,33.0,1766756068140
1,33.0,1766756068284
1,33.0,1766756068429
1,33.0,1766756068573
1,33.0,1766756068726
1,33.0,1766756068875
1,33.0,1766756069024
1,33.0,1766756069174
1,33.0,1766756069327
1,33.0,1766756069479
1,33.0,1766756069633
1,33.0,1766756069789
1,33.0,1766756069941
1,33.0,1766756070098
1,33.0,1766756070253
1,33.0,1766756070412
1,33.0,1766756070566
1,33.0,1766756070723
1,33.0,1766756070892
1,33.0,1766756071055
1,33.0,1766756071216
1,33.0,1766756071362
1,33.0,1766756071510
1,33.0,1766756071657
1,33.0,1766756071806
1,33.0,1766756071955
1,33.0,1766756072105
1,33.0,1766756072257
1,33.0,1766756072413
1,33.0,1766756072569
1,33.0,1766756072723
1,33.0,1766756072876
1,33.0,1766756073029
1,33.0,1766756073181
1,33.0,1766756073332
1,33.0,1766756073494
1,33.0,1766756073658
1,33.0,1766756073846
1,33.0,1766756074001
1,33.0,1766756074154
1,33.0,1766756074299
1,33.0,1766756074448
1,33.0,1766756074600
1,33.0,1766756074753
1,33.0,1766756074905
1,33.0,1766756075058
1,33.0,1766756075211
1,33.0,1766756075366
1,33.0,1766756075521
1,33.0,1766756075676
1,33.0,1766756075829
1,33.0,1766756075983
1,33.0,1766756076136
1,33.0,1766756076288
1,33.0,1766756076448
1,33.0,1766756076610
1,33.0,1766756076774
1,33.0,1766756076941
1,33.0,1766756077100
1,33.0,1766756077245
1,33.0,1766756077389
1,33.0,1766756077533
1,33.0,1766756077686
1,33.0,1766756077838
1,33.0,1766756077986
1,33.0,1766756078143
1,33.0,1766756078295
1,33.0,1766756078448
1,33.0,1766756078605
1,33.0,1766756078759
1,33.0,1766756078916
1,33.0,1766756079069
1,33.0,1766756079226
1,33.0,1766756079393
1,33.0,1766756079571
1,33.0,1766756079736
1,33.0,1766756079890
1,33.0,1766756080035
1,33.0,1766756080185
1,33.0,1766756080337
1,33.0,1766756080489
1,33.0,1766756080640
1,33.0,1766756080794
1,33.0,1766756080947
1,33.0,1766756081102
1,33.0,1766756081254
1,33.0,1766756081410
1,33.0,1766756081566
1,33.0,1766756081720
1,33.0,1766756081877
1,33.0,1766756082032
1,33.0,1766756082184
1,33.0,1766756082337
1,33.0,1766756082495
1,33.0,1766756082653
1,33.0,1766756082819
1,33.0,1766756082977
1,33.0,1766756083121
1,33.0,1766756083270
1,33.0,1766756083421
1,33.0,1766756083570
1,33.0,1766756083721
1,33.0,1766756083874
1,33.0,1766756084031
1,33.0,1766756084186
1,33.0,1766756084343
1,33.0,1766756084494
1,33.0,1766756084652
1,33.0,1766756084803
1,33.0,1766756084960
1,33.0,1766756085132
1,33.0,1766756085303
1,33.0,1766756085472
1,33.0,1766756085623
1,33.0,1766756085777
1,33.0,1766756085928
1,33.0,1766756086083
1,33.0,1766756086235
1,33.0,1766756086386
1,33.0,1766756086539
1,33.0,1766756086691
1,33.0,1766756086846
1,33.0,1766756086998
1,33.0,1766756087151
1,33.0,1766756087304
1,33.0,1766756087458
1,33.0,1766756087616
1,33.0,1766756087770
1,33.0,1766756087923
1,33.0,1766756088086
1,33.0,1766756088233
1,33.0,1766756088390
1,33.0,1766756088546
1,33.0,1766756088712
1,33.0,1766756088862
1,33.0,1766756089013
1,33.0,1766756089158
1,33.0,1766756089305
1,33.0,1766756089454
1,33.0,1766756089607
1,33.0,1766756089758
1,33.0,1766756089909
1,33.0,1766756090066
1,33.0,1766756090220
1,33.0,1766756090371
1,33.0,1766756090526
1,33.0,1766756090676
1,33.0,1766756090841
1,33.0,1766756091005
1,33.0,1766756091186
1,33.0,1766756091343
1,33.0,1766756091504
1,33.0,1766756091652
1,33.0,1766756091803
1,33.0,1766756091955
1,33.0,1766756092108
1,33.0,1766756092261
1,33.0,1766756092414
1,33.0,1766756092569
1,33.0,1766756092725
1,33.0,1766756092875
1,33.0,1766756093028
1,33.0,1766756093182
1,33.0,1766756093336
1,33.0,1766756093495
1,33.0,1766756093652
1,33.0,1766756093810
1,33.0,1766756093961
1,33.0,1766756094104
1,33.0,1766756094261
1,33.0,1766756094425
1,33.0,1766756094592
1,33.0,1766756094740
1,33.0,1766756094889
1,33.0,1766756095033
1,33.0,1766756095182
1,33.0,1766756095330
1,33.0,1766756095486
1,33.0,1766756095637
1,33.0,1766756095790
1,33.0,1766756095941
1,33.0,1766756096093
1,33.0,1766756096243
1,33.0,1766756096397
1,33.0,1766756096553
1,33.0,1766756096724
1,33.0,1766756096895
1,33.0,1766756097061
1,33.0,1766756097225
1,33.0,1766756097382
1,33.0,1766756097533
1,33.0,1766756097684
1,33.0,1766756097833
1,33.0,1766756097983
1,33.0,1766756098135
1,33.0,1766756098293
1,33.0,1766756098445
1,33.0,1766756098598
1,33.0,1766756098748
1,33.0,1766756098900
1,33.0,1766756099056
1,33.0,1766756099209
1,33.0,1766756099367
1,33.0,1766756099524
1,33.0,1766756099679
1,33.0,1766756099826
1,33.0,1766756099968
1,33.0,1766756100131
1,33.0,1766756100294
1,33.0,1766756100460
1,33.0,1766756100605
1,33.0,1766756100756
1,33.0,1766756100901
1,33.0,1766756101050
1,33.0,1766756101205
1,33.0,1766756101360
1,33.0,1766756101515
1,33.0,1766756101676
1,33.0,1766756101829
1,33.0,1766756101985
1,33.0,1766756102138
1,33.0,1766756102290
1,33.0,1766756102455
1,33.0,1766756102623
1,33.0,1766756102790
1,33.0,1766756102944
1,33.0,1766756103096
1,33.0,1766756103247
1,33.0,1766756103398
1,33.0,1766756103547
1,33.0,1766756103697
1,33.0,1766756103848
1,33.0,1766756104000
1,33.0,1766756104153
1,33.0,1766756104304
1,33.0,1766756104456
1,33.0,1766756104608
1,33.0,1766756104759
1,33.0,1766756104911
1,33.0,1766756105064
1,33.0,1766756105220
1,33.0,1766756105373
1,33.0,1766756105526
1,33.0,1766756105670
1,33.0,1766756105816
1,33.0,1766756105975
1,33.0,1766756106135
1,33.0,1766756106296
1,33.0,1766756106442
1,33.0,1766756106592
1,33.0,1766756106740
1,33.0,1766756106890
1,33.0,1766756107046
1,33.0,1766756107200
1,33.0,1766756107354
1,33.0,1766756107509
1,33.0,1766756107665
1,33.0,1766756107821
1,33.0,1766756107979
1,33.0,1766756108144
1,33.0,1766756108310
1,33.0,1766756108481
1,33.0,1766756108641
1,33.0,1766756108797
1,33.0,1766756108949
1,33.0,1766756109107
1,33.0,1766756109256
1,33.0,1766756109407
1,33.0,1766756109556
1,33.0,1766756109705
1,33.0,1766756109859
1,33.0,1766756110014
1,33.0,1766756110163
1,33.0,1766756110318
1,33.0,1766756110467
1,33.0,1766756110617
1,33.0,1766756110770
1,33.0,1766756110924
1,33.0,1766756111080
1,33.0,1766756111235
1,33.0,1766756111387
1,33.0,1766756111533
1,33.0,1766756111677
1,33.0,1766756111840
1,33.0,1766756112000
1,33.0,1766756112172
1,33.0,1766756112317
1,33.0,1766756112463
1,33.0,1766756112606
1,33.0,1766756112761
1,33.0,1766756112914
1,33.0,1766756113064
1,33.0,1766756113215
1,33.0,1766756113369
1,33.0,1766756113524
1,33.0,1766756113678
1,33.0,1766756113828
1,33.0,1766756113995
1,33.0,1766756114169
1,33.0,1766756114341
1,33.0,1766756114494
1,33.0,1766756114647
1,33.0,1766756114801
1,33.0,1766756114962
1,33.0,1766756115114
1,33.0,1766756115263
1,33.0,1766756115413
1,33.0,1766756115566
1,33.0,1766756115719
1,33.0,1766756115871
1,33.0,1766756116023
1,33.0,1766756116175
1,33.0,1766756116326
1,33.0,1766756116482
1,33.0,1766756116640
1,33.0,1766756116798
1,33.0,1766756116956
1,33.0,1766756117105
1,33.0,1766756117254
1,33.0,1766756117398
1,33.0,1766756117542
1,33.0,1766756117705
1,33.0,1766756117866
1,33.0,1766756118029
1,33.0,1766756118176
1,33.0,1766756118323
1,33.0,1766756118469
1,33.0,1766756118624
1,33.0,1766756118776
1,33.0,1766756118927
1,33.0,1766756119086
1,33.0,1766756119239
1,33.0,1766756119392
1,33.0,1766756119546
1,33.0,1766756119712
1,33.0,1766756119874
1,33.0,1766756120046
1,33.0,1766756120203
1,33.0,1766756120360
1,33.0,1766756120512
1,33.0,1766756120671
1,33.0,1766756120826
1,33.0,1766756120975
1,33.0,1766756121128
1,33.0,1766756121281
1,33.0,1766756121435
1,33.0,1766756121589
1,33.0,1766756121741
1,33.0,1766756121893
1,33.0,1766756122043
1,33.0,1766756122196
1,33.0,1766756122350
1,33.0,1766756122505
1,33.0,1766756122657
1,33.0,1766756122818
1,33.0,1766756122962
1,33.0,1766756123108
1,33.0,1766756123253
1,33.0,1766756123404
1,33.0,1766756123568
1,33.0,1766756123733
1,33.0,1766756123895
1,33.0,1766756124040
1,33.0,1766756124182
1,33.0,1766756124329
1,33.0,1766756124482
1,33.0,1766756124631
1,33.0,1766756124787
1,33.0,1766756124937
1,33.0,1766756125087
1,33.0,1766756125240
1,33.0,1766756125391
1,33.0,1766756125556
1,33.0,1766756125728
1,33.0,1766756125905
1,33.0,1766756126058
1,33.0,1766756126213
1,33.0,1766756126365
1,33.0,1766756126527
1,33.0,1766756126679
1,33.0,1766756126829
1,33.0,1766756126978
1,33.0,1766756127133
1,33.0,1766756127284
1,33.0,1766756127439
1,33.0,1766756127591
1,33.0,1766756127743
1,33.0,1766756127895
1,33.0,1766756128050
1,33.0,1766756128205
1,33.0,1766756128358
1,33.0,1766756128514
1,33.0,1766756128667
1,33.0,1766756128811
1,33.0,1766756128957
1,33.0,1766756129100
1,33.0,1766756129252
1,33.0,1766756129415
1,33.0,1766756129582
1,33.0,1766756129743
1,33.0,1766756129887
1,33.0,1766756130032
1,33.0,1766756130178
1,33.0,1766756130332
1,33.0,1766756130483
1,33.0,1766756130642
1,33.0,1766756130793
1,33.0,1766756130946
1,33.0,1766756131099
1,33.0,1766756131262
1,33.0,1766756131426
1,33.0,1766756131597
1,33.0,1766756131754
1,33.0,1766756131908
1,33.0,1766756132065
1,33.0,1766756132225
1,33.0,1766756132381
1,33.0,1766756132532
1,33.0,1766756132681
1,33.0,1766756132834
1,33.0,1766756132985
1,33.0,1766756133138
1,33.0,1766756133289
1,33.0,1766756133442
1,33.0,1766756133591
1,33.0,1766756133741
1,33.0,1766756133891
1,33.0,1766756134051
1,33.0,1766756134205
1,33.0,1766756134356
1,33.0,1766756134503
1,33.0,1766756134645
1,33.0,1766756134794
1,33.0,1766756134939
1,33.0,1766756135082
1,33.0,1766756135242
1,33.0,1766756135403
1,33.0,1766756135565
1,33.0,1766756135710
1,33.0,1766756135861
1,33.0,1766756136007
1,33.0,1766756136161
1,33.0,1766756136315
1,33.0,1766756136468
1,33.0,1766756136620
1,33.0,1766756136776
1,33.0,1766756136929
1,33.0,1766756137095
1,33.0,1766756137268
1,33.0,1766756137435
1,33.0,1766756137591
1,33.0,1766756137744
1,33.0,1766756137900
1,33.0,1766756138061
1,33.0,1766756138219
1,33.0,1766756138372
1,33.0,1766756138520
1,33.0,1766756138673
1,33.0,1766756138826
1,33.0,1766756138979
1,33.0,1766756139134
1,33.0,1766756139284
1,33.0,1766756139435
1,33.0,1766756139586
1,33.0,1766756139737
1,33.0,1766756139895
1,33.0,1766756140052
1,33.0,1766756140202
1,33.0,1766756140349
1,33.0,1766756140494
1,33.0,1766756140639
1,33.0,1766756140788
1,33.0,1766756140933
1,33.0,1766756141091
1,33.0,1766756141256
1,33.0,1766756141420
1,33.0,1766756141565
1,33.0,1766756141717
1,33.0,1766756141869
1,33.0,1766756142019
1,33.0,1766756142172
1,33.0,1766756142321
1,33.0,1766756142477
1,33.0,1766756142628
1,33.0,1766756142787
1,33.0,1766756142954
1,33.0,1766756143135
1,33.0,1766756143298
1,33.0,1766756143457
1,33.0,1766756143612
1,33.0,1766756143777
1,33.0,1766756143938
1,33.0,1766756144098
1,33.0,1766756144254
1,33.0,1766756144408
1,33.0,1766756144564
1,33.0,1766756144717
1,33.0,1766756144873
1,33.0,1766756145026
1,33.0,1766756145177
1,33.0,1766756145329
1,33.0,1766756145480
1,33.0,1766756145639
1,33.0,1766756145795
1,33.0,1766756145950
1,33.0,1766756146097
1,33.0,1766756146244
1,33.0,1766756146392
1,33.0,1766756146538
1,33.0,1766756146683
1,33.0,1766756146835
1,33.0,1766756146997
1,33.0,1766756147158
1,33.0,1766756147316
1,33.0,1766756147465
1,33.0,1766756147619
1,33.0,1766756147765
1,33.0,1766756147919
1,33.0,1766756148072
1,33.0,1766756148225
1,33.0,1766756148377
1,33.0,1766756148531
1,33.0,1766756148701
1,33.0,1766756148880
1,33.0,1766756149050
1,33.0,1766756149201
1,33.0,1766756149360
1,33.0,1766756149517
1,33.0,1766756149676
1,33.0,1766756149836
1,33.0,1766756149997
1,33.0,1766756150150
1,33.0,1766756150303
1,33.0,1766756150456
1,33.0,1766756150608
1,33.0,1766756150761
1,33.0,1766756150913
1,33.0,1766756151065
1,33.0,1766756151218
1,33.0,1766756151371
1,33.0,1766756151529
1,33.0,1766756151682
1,33.0,1766756151833
1,33.0,1766756151982
1,33.0,1766756152130
1,33.0,1766756152274
1,33.0,1766756152420
1,33.0,1766756152564
1,33.0,1766756152725
1,33.0,1766756152879
1,33.0,1766756153040
1,33.0,1766756153194
1,33.0,1766756153341
1,33.0,1766756153495
1,33.0,1766756153647
1,33.0,1766756153803
1,33.0,1766756153956
1,33.0,1766756154113
1,33.0,1766756154263
1,33.0,1766756154430
1,33.0,1766756154600
1,33.0,1766756154769
1,33.0,1766756154927
1,33.0,1766756155085
1,33.0,1766756155238
1,33.0,1766756155399
1,33.0,1766756155559
1,33.0,1766756155719
1,33.0,1766756155879
1,33.0,1766756156033
1,33.0,1766756156187
1,33.0,1766756156343
1,33.0,1766756156495
1,33.0,1766756156646
1,33.0,1766756156802
1,33.0,1766756156955
1,33.0,1766756157108
1,33.0,1766756157274
1,33.0,1766756157431
1,33.0,1766756157584
1,33.0,1766756157731
1,33.0,1766756157883
1,33.0,1766756158028
1,33.0,1766756158173
1,33.0,1766756158320
1,33.0,1766756158464
1,33.0,1766756158620
1,33.0,1766756158778
1,33.0,1766756158951
1,33.0,1766756159107
1,33.0,1766756159258
1,33.0,1766756159404
1,33.0,1766756159559
1,33.0,1766756159711
1,33.0,1766756159863
1,33.0,1766756160013
1,33.0,1766756160178
1,33.0,1766756160344
1,33.0,1766756160530
1,33.0,1766756160693
1,33.0,1766756160853
1,33.0,1766756161005
1,33.0,1766756161162
1,33.0,1766756161319
1,33.0,1766756161477
1,33.0,1766756161635
1,33.0,1766756161793
1,33.0,1766756161945
1,33.0,1766756162098
1,33.0,1766756162249
1,33.0,1766756162400
1,33.0,1766756162550
1,33.0,1766756162700
1,33.0,1766756162852
1,33.0,1766756163008
1,33.0,1766756163158
1,33.0,1766756163312
1,33.0,1766756163456
1,33.0,1766756163601
1,33.0,1766756163748
1,33.0,1766756163891
1,33.0,1766756164039
1,33.0,1766756164183
1,33.0,1766756164326
1,33.0,1766756164481
1,33.0,1766756164638
1,33.0,1766756164803
1,33.0,1766756164955
1,33.0,1766756165103
1,33.0,1766756165253
1,33.0,1766756165404
1,33.0,1766756165556
1,33.0,1766756165707
1,33.0,1766756165856
1,33.0,1766756166024
1,33.0,1766756166196
1,33.0,1766756166364
1,33.0,1766756166516
1,33.0,1766756166668
1,33.0,1766756166821
1,33.0,1766756166980
1,33.0,1766756167137
1,33.0,1766756167295
1,33.0,1766756167454
1,33.0,1766756167614
1,33.0,1766756167767
1,33.0,1766756167918
1,33.0,1766756168072
1,33.0,1766756168223
1,33.0,1766756168373
1,33.0,1766756168525
1,33.0,1766756168680
1,33.0,1766756168833
1,33.0,1766756168985
1,33.0,1766756169133
1,33.0,1766756169277
1,33.0,1766756169424
1,33.0,1766756169573
1,33.0,1766756169720
1,33.0,1766756169863
1,33.0,1766756170010
1,33.0,1766756170153
1,33.0,1766756170310
1,33.0,1766756170468
1,33.0,1766756170647
1,33.0,1766756170800
1,33.0,1766756170952
1,33.0,1766756171101
1,33.0,1766756171250
1,33.0,1766756171403
1,33.0,1766756171550
1,33.0,1766756171715
1,33.0,1766756171876
1,33.0,1766756172046
1,33.0,1766756172205
1,33.0,1766756172360
1,33.0,1766756172514
1,33.0,1766756172675
1,33.0,1766756172834
1,33.0,1766756172993
1,33.0,1766756173154
1,33.0,1766756173316
1,33.0,1766756173476
1,33.0,1766756173629
1,33.0,1766756173784
1,33.0,1766756173936
1,33.0,1766756174089
1,33.0,1766756174244
1,33.0,1766756174397
1,33.0,1766756174550
1,33.0,1766756174702
2,33.0,1766756174848
2,33.0,1766756174995
2,33.0,1766756175140
2,33.0,1766756175285
2,33.0,1766756175432
2,33.0,1766756175576
2,33.0,1766756175720
2,33.0,1766756175867
2,33.0,1766756176017
2,33.0,1766756176174
2,33.0,1766756176334
2,33.0,1766756176502
2,33.0,1766756176654
2,33.0,1766756176806
2,33.0,1766756176952
2,33.0,1766756177108
2,33.0,1766756177259
2,33.0,1766756177409
2,33.0,1766756177576
2,33.0,1766756177745
2,33.0,1766756177913
2,33.0,1766756178066
2,33.0,1766756178217
2,33.0,1766756178374
2,33.0,1766756178535
2,33.0,1766756178694
2,33.0,1766756178852
2,33.0,1766756179013
2,33.0,1766756179175
2,33.0,1766756179333
2,33.0,1766756179489
2,33.0,1766756179640
2,33.0,1766756179792
2,33.0,1766756179942
2,33.0,1766756180094
2,33.0,1766756180246
2,33.0,1766756180397
2,33.0,1766756180549
2,33.0,1766756180695
2,33.0,1766756180838
2,33.0,1766756180981
2,33.0,1766756181125
2,33.0,1766756181272
2,33.0,1766756181417
2,33.0,1766756181560
2,33.0,1766756181707
2,33.0,1766756181851
2,33.0,1766756182008
2,33.0,1766756182172
2,33.0,1766756182346
2,33.0,1766756182499
2,33.0,1766756182655
2,33.0,1766756182802
2,33.0,1766756182954
2,33.0,1766756183105
2,33.0,1766756183268
2,33.0,1766756183430
2,33.0,1766756183599
2,33.0,1766756183758
2,33.0,1766756183917
2,33.0,1766756184072
2,33.0,1766756184234
2,33.0,1766756184393
2,33.0,1766756184553
2,33.0,1766756184715
2,33.0,1766756184876
2,33.0,1766756185037
2,33.0,1766756185196
2,33.0,1766756185350
2,33.0,1766756185502
2,33.0,1766756185652
2,33.0,1766756185801
2,33.0,1766756185953
2,33.0,1766756186105
2,33.0,1766756186256
2,33.0,1766756186408
2,33.0,1766756186550
2,33.0,1766756186693
2,33.0,1766756186840
2,33.0,1766756186984
2,33.0,1766756187134
2,33.0,1766756187278
2,33.0,1766756187422
2,33.0,1766756187571
2,33.0,1766756187716
2,33.0,1766756187876
2,33.0,1766756188038
2,33.0,1766756188206
2,33.0,1766756188362
2,33.0,1766756188514
2,33.0,1766756188664
2,33.0,1766756188819
2,33.0,1766756188968
2,33.0,1766756189136
2,33.0,1766756189305
2,33.0,1766756189475
2,33.0,1766756189634
2,33.0,1766756189787
2,33.0,1766756189945
2,33.0,1766756190106
2,33.0,1766756190262
2,33.0,1766756190421
2,33.0,1766756190582
2,33.0,1766756190743
2,33.0,1766756190906
2,33.0,1766756191061
2,33.0,1766756191216
2,33.0,1766756191368
2,33.0,1766756191521
2,33.0,1766756191672
2,33.0,1766756191827
2,33.0,1766756191979
2,33.0,1766756192135
2,33.0,1766756192281
2,33.0,1766756192422
2,33.0,1766756192570
2,33.0,1766756192716
2,33.0,1766756192861
2,33.0,1766756193006
2,33.0,1766756193151
2,33.0,1766756193298
2,33.0,1766756193444
2,33.0,1766756193589
2,33.0,1766756193754
2,33.0,1766756193919
2,33.0,1766756194091
2,33.0,1766756194240
2,33.0,1766756194393
2,33.0,1766756194538
2,33.0,1766756194687
2,33.0,1766756194849
2,33.0,1766756195010
2,33.0,1766756195184
2,33.0,1766756195341
2,33.0,1766756195494
2,33.0,1766756195644
2,33.0,1766756195804
2,33.0,1766756195960
2,33.0,1766756196119
2,33.0,1766756196274
2,33.0,1766756196434
2,33.0,1766756196596
2,33.0,1766756196755
2,33.0,1766756196914
2,33.0,1766756197066
2,33.0,1766756197216
2,33.0,1766756197367
2,33.0,1766756197519
2,33.0,1766756197670
2,33.0,1766756197821
2,33.0,1766756197971
2,33.0,1766756198116
2,33.0,1766756198262
2,33.0,1766756198407
2,33.0,1766756198554
2,33.0,1766756198699
2,33.0,1766756198847
2,33.0,1766756198994
2,33.0,1766756199140
2,33.0,1766756199289
2,33.0,1766756199437
2,33.0,1766756199599
2,33.0,1766756199761
2,33.0,1766756199931
2,33.0,1766756200078
2,33.0,1766756200229
2,33.0,1766756200374
2,33.0,1766756200525
2,33.0,1766756200692
2,33.0,1766756200864
2,33.0,1766756201034
2,33.0,1766756201189
2,33.0,1766756201343
2,33.0,1766756201495
2,33.0,1766756201657
2,33.0,1766756201812
2,33.0,1766756201968
2,33.0,1766756202126
2,33.0,1766756202284
2,33.0,1766756202444
2,33.0,1766756202602
2,33.0,1766756202757
2,33.0,1766756202912
2,33.0,1766756203064
2,33.0,1766756203214
2,33.0,1766756203367
2,33.0,1766756203518
2,33.0,1766756203670
2,33.0,1766756203814
2,33.0,1766756203957
2,33.0,1766756204098
2,33.0,1766756204247
2,33.0,1766756204393
2,33.0,1766756204538
2,33.0,1766756204687
2,33.0,1766756204835
2,33.0,1766756204981
2,33.0,1766756205127
2,33.0,1766756205276
2,33.0,1766756205435
2,33.0,1766756205597
2,33.0,1766756205767
2,33.0,1766756205918
2,33.0,1766756206069
2,33.0,1766756206213
2,33.0,1766756206379
2,33.0,1766756206539
2,33.0,1766756206711
2,33.0,1766756206872
2,33.0,1766756207031
2,33.0,1766756207187
2,33.0,1766756207346
2,33.0,1766756207504
2,33.0,1766756207665
2,33.0,1766756207823
2,33.0,1766756207983
2,33.0,1766756208146
2,33.0,1766756208310
2,33.0,1766756208471
2,33.0,1766756208627
2,33.0,1766756208777
2,33.0,1766756208928
2,33.0,1766756209081
2,33.0,1766756209236
2,33.0,1766756209390
2,33.0,1766756209541
2,33.0,1766756209683
2,33.0,1766756209827
2,33.0,1766756209969
2,33.0,1766756210113
2,33.0,1766756210260
2,33.0,1766756210406
2,33.0,1766756210553
2,33.0,1766756210696
2,33.0,1766756210848
2,33.0,1766756210994
2,33.0,1766756211143
2,33.0,1766756211304
2,33.0,1766756211472
2,33.0,1766756211647
2,33.0,1766756211800
2,33.0,1766756211949
2,33.0,1766756212101
2,33.0,1766756212269
2,33.0,1766756212439
2,33.0,1766756212611
2,33.0,1766756212764
2,33.0,1766756212922
2,33.0,1766756213078
2,33.0,1766756213238
2,33.0,1766756213396
2,33.0,1766756213557
2,33.0,1766756213719
2,33.0,1766756213883
2,33.0,1766756214048
2,33.0,1766756214212
2,33.0,1766756214375
2,33.0,1766756214529
2,33.0,1766756214682
2,33.0,1766756214836
2,33.0,1766756214990
2,33.0,1766756215143
2,33.0,1766756215294
2,33.0,1766756215436
2,33.0,1766756215583
2,33.0,1766756215729
2,33.0,1766756215876
2,33.0,1766756216021
2,33.0,1766756216170
2,33.0,1766756216316
2,33.0,1766756216464
2,33.0,1766756216608
2,33.0,1766756216762
2,33.0,1766756216911
2,33.0,1766756217068
2,33.0,1766756217240
2,33.0,1766756217409
2,33.0,1766756217563
2,33.0,1766756217707
2,33.0,1766756217858
2,33.0,1766756218027
2,33.0,1766756218200
2,33.0,1766756218366
2,33.0,1766756218515
2,33.0,1766756218667
2,33.0,1766756218819
2,33.0,1766756218978
2,33.0,1766756219135
2,33.0,1766756219293
2,33.0,1766756219456
2,33.0,1766756219615
2,33.0,1766756219777
2,33.0,1766756219935
2,33.0,1766756220096
2,33.0,1766756220254
2,33.0,1766756220407
2,33.0,1766756220560
2,33.0,1766756220713
2,33.0,1766756220868
2,33.0,1766756221024
2,33.0,1766756221172
2,33.0,1766756221316
2,33.0,1766756221459
2,33.0,1766756221603
2,33.0,1766756221751
2,33.0,1766756221899
2,33.0,1766756222046
2,33.0,1766756222196
2,33.0,1766756222342
2,33.0,1766756222493
2,33.0,1766756222640
2,33.0,1766756222789
2,33.0,1766756222952
2,33.0,1766756223113
2,33.0,1766756223277
2,33.0,1766756223437
2,33.0,1766756223590
2,33.0,1766756223749
2,33.0,1766756223920
2,33.0,1766756224101
2,33.0,1766756224257
2,33.0,1766756224412
2,33.0,1766756224564
2,33.0,1766756224723
2,33.0,1766756224885
2,33.0,1766756225051
2,33.0,1766756225210
2,33.0,1766756225372
2,33.0,1766756225536
2,33.0,1766756225698
2,33.0,1766756225859
2,33.0,1766756226018
2,33.0,1766756226171
2,33.0,1766756226322
2,33.0,1766756226472
2,33.0,1766756226624
2,33.0,1766756226778
2,33.0,1766756226924
2,33.0,1766756227066
2,33.0,1766756227208
2,33.0,1766756227354
2,33.0,1766756227496
2,33.0,1766756227640
2,33.0,1766756227783
2,33.0,1766756227929
2,33.0,1766756228075
2,33.0,1766756228220
2,33.0,1766756228365
2,33.0,1766756228514
2,33.0,1766756228661
2,33.0,1766756228823
2,33.0,1766756228983
2,33.0,1766756229162
2,33.0,1766756229311
2,33.0,1766756229465
2,33.0,1766756229628
2,33.0,1766756229796
2,33.0,1766756229964
2,33.0,1766756230114
2,33.0,1766756230268
2,33.0,1766756230426
2,33.0,1766756230588
2,33.0,1766756230747
2,33.0,1766756230908
2,33.0,1766756231071
2,33.0,1766756231230
2,33.0,1766756231390
2,33.0,1766756231549
2,33.0,1766756231710
2,33.0,1766756231872
2,33.0,1766756232025
2,33.0,1766756232176
2,33.0,1766756232326
2,33.0,1766756232483
2,33.0,1766756232633
2,33.0,1766756232779
2,33.0,1766756232922
2,33.0,1766756233066
2,33.0,1766756233211
2,33.0,1766756233354
2,33.0,1766756233499
2,33.0,1766756233646
2,33.0,1766756233793
2,33.0,1766756233943
2,33.0,1766756234090
2,33.0,1766756234237
2,33.0,1766756234384
2,33.0,1766756234529
2,33.0,1766756234684
2,33.0,1766756234843
2,33.0,1766756235013
2,33.0,1766756235163
2,33.0,1766756235325
2,33.0,1766756235483
2,33.0,1766756235660
2,33.0,1766756235816
2,33.0,1766756235975
2,33.0,1766756236126
2,33.0,1766756236283
2,33.0,1766756236443
2,33.0,1766756236602
2,33.0,1766756236762
2,33.0,1766756236922
2,33.0,1766756237083
2,33.0,1766756237243
2,33.0,1766756237404
2,33.0,1766756237564
2,33.0,1766756237725
2,33.0,1766756237879
2,33.0,1766756238030
2,33.0,1766756238182
2,33.0,1766756238335
2,33.0,1766756238483
2,33.0,1766756238625
2,33.0,1766756238770
2,33.0,1766756238914
2,33.0,1766756239060
2,33.0,1766756239205
2,33.0,1766756239350
2,33.0,1766756239496
2,33.0,1766756239644
2,33.0,1766756239795
2,33.0,1766756239945
2,33.0,1766756240099
2,33.0,1766756240250
2,33.0,1766756240397
2,33.0,1766756240555
2,33.0,1766756240721
2,33.0,1766756240887
2,33.0,1766756241045
2,33.0,1766756241209
2,33.0,1766756241373
2,33.0,1766756241537
2,33.0,1766756241692
2,33.0,1766756241844
2,33.0,1766756242004
2,33.0,1766756242163
2,33.0,1766756242320
2,33.0,1766756242476
2,33.0,1766756242638
2,33.0,1766756242797
2,33.0,1766756242958
2,33.0,1766756243115
2,33.0,1766756243275
2,33.0,1766756243436
2,33.0,1766756243595
2,33.0,1766756243750
2,33.0,1766756243903
2,33.0,1766756244055
2,33.0,1766756244203
2,33.0,1766756244345
2,33.0,1766756244486
2,33.0,1766756244628
2,33.0,1766756244771
2,33.0,1766756244912
2,33.0,1766756245053
2,33.0,1766756245196
2,33.0,1766756245340
2,33.0,1766756245484
2,33.0,1766756245633
2,33.0,1766756245779
2,33.0,1766756245925
2,33.0,1766756246075
2,33.0,1766756246221
2,33.0,1766756246379
2,33.0,1766756246541
2,33.0,1766756246709
2,33.0,1766756246871
2,33.0,1766756247039
2,33.0,1766756247214
2,33.0,1766756247376
2,33.0,1766756247532
2,33.0,1766756247680
2,33.0,1766756247838
2,33.0,1766756247993
2,33.0,1766756248150
2,33.0,1766756248309
2,33.0,1766756248473
2,33.0,1766756248634
2,33.0,1766756248794
2,33.0,1766756248952
2,33.0,1766756249114
2,33.0,1766756249277
2,33.0,1766756249439
2,33.0,1766756249593
2,33.0,1766756249746
2,33.0,1766756249898
2,33.0,1766756250045
2,33.0,1766756250188
2,33.0,1766756250332
2,33.0,1766756250474
2,33.0,1766756250620
2,33.0,1766756250763
2,33.0,1766756250908
2,33.0,1766756251052
2,33.0,1766756251199
2,33.0,1766756251344
2,33.0,1766756251499
2,33.0,1766756251647
2,33.0,1766756251798
2,33.0,1766756251946
2,33.0,1766756252092
2,33.0,1766756252255
2,33.0,1766756252419
2,33.0,1766756252609
2,33.0,1766756252767
2,33.0,1766756252935
2,33.0,1766756253091
2,33.0,1766756253252
2,33.0,1766756253402
2,33.0,1766756253560
2,33.0,1766756253718
2,33.0,1766756253876
2,33.0,1766756254036
2,33.0,1766756254198
2,33.0,1766756254361
2,33.0,1766756254522
2,33.0,1766756254682
2,33.0,1766756254839
2,33.0,1766756255000
2,33.0,1766756255159
2,33.0,1766756255318
2,33.0,1766756255472
2,33.0,1766756255630
2,33.0,1766756255780
2,33.0,1766756255922
2,33.0,1766756256065
2,33.0,1766756256209
2,33.0,1766756256354
2,33.0,1766756256497
2,33.0,1766756256639
2,33.0,1766756256781
2,33.0,1766756256926
2,33.0,1766756257072
2,33.0,1766756257218
2,33.0,1766756257364
2,33.0,1766756257510
2,33.0,1766756257661
2,33.0,1766756257808
2,33.0,1766756257953
2,33.0,1766756258116
2,33.0,1766756258280
2,33.0,1766756258471
2,33.0,1766756258639
2,33.0,1766756258804
2,33.0,1766756258949
2,33.0,1766756259103
2,33.0,1766756259251
2,33.0,1766756259411
2,33.0,1766756259572
2,33.0,1766756259734
2,33.0,1766756259896
2,33.0,1766756260060
2,33.0,1766756260219
2,33.0,1766756260378
2,33.0,1766756260536
2,33.0,1766756260695
2,33.0,1766756260854
2,33.0,1766756261012
2,33.0,1766756261171
2,33.0,1766756261327
2,33.0,1766756261480
2,33.0,1766756261624
2,33.0,1766756261766
2,33.0,1766756261910
2,33.0,1766756262052
2,33.0,1766756262197
2,33.0,1766756262340
2,33.0,1766756262483
2,33.0,1766756262624
2,33.0,1766756262772
2,33.0,1766756262917
2,33.0,1766756263065
2,33.0,1766756263218
2,33.0,1766756263365
2,33.0,1766756263519
2,33.0,1766756263665
2,33.0,1766756263813
2,33.0,1766756263970
2,33.0,1766756264139
2,33.0,1766756264322
2,33.0,1766756264491
2,33.0,1766756264649
2,33.0,1766756264802
2,33.0,1766756264959
2,33.0,1766756265116
2,33.0,1766756265276
2,33.0,1766756265435
2,33.0,1766756265596
2,33.0,1766756265760
2,33.0,1766756265927
2,33.0,1766756266088
2,33.0,1766756266252
2,33.0,1766756266411
2,33.0,1766756266572
2,33.0,1766756266733
2,33.0,1766756266896
2,33.0,1766756267056
2,33.0,1766756267212
2,33.0,1766756267359
2,33.0,1766756267501
2,33.0,1766756267646
2,33.0,1766756267791
2,33.0,1766756267935
2,33.0,1766756268077
2,33.0,1766756268222
2,33.0,1766756268365
2,33.0,1766756268508
2,33.0,1766756268655
2,33.0,1766756268803
2,33.0,1766756268949
2,33.0,1766756269096
2,33.0,1766756269248
2,33.0,1766756269397
2,33.0,1766756269544
2,33.0,1766756269690
2,33.0,1766756269852
2,33.0,1766756270034
2,33.0,1766756270228
2,33.0,1766756270392
2,33.0,1766756270543
2,33.0,1766756270698
2,33.0,1766756270851
2,33.0,1766756271011
2,33.0,1766756271170
2,33.0,1766756271329
2,33.0,1766756271489
2,33.0,1766756271652
2,33.0,1766756271809
2,33.0,1766756271973
2,33.0,1766756272132
2,33.0,1766756272291
2,33.0,1766756272447
2,33.0,1766756272607
2,33.0,1766756272767
2,33.0,1766756272929
2,33.0,1766756273080
2,33.0,1766756273225
2,33.0,1766756273369
2,33.0,1766756273511
2,33.0,1766756273652
2,33.0,1766756273794
2,33.0,1766756273938
2,33.0,1766756274080
2,33.0,1766756274225
2,33.0,1766756274367
2,33.0,1766756274513
2,33.0,1766756274665
2,33.0,1766756274813
2,33.0,1766756274960
2,33.0,1766756275108
2,33.0,1766756275259
2,33.0,1766756275404
2,33.0,1766756275548
2,33.0,1766756275725
2,33.0,1766756275901
2,33.0,1766756276091
2,33.0,1766756276243
2,33.0,1766756276402
2,33.0,1766756276554
2,33.0,1766756276716
2,33.0,1766756276876
2,33.0,1766756277039
2,33.0,1766756277207
2,33.0,1766756277375
2,33.0,1766756277538
2,33.0,1766756277700
2,33.0,1766756277861
2,33.0,1766756278021
2,33.0,1766756278179
2,33.0,1766756278338
2,33.0,1766756278496
2,33.0,1766756278655
2,33.0,1766756278814
2,33.0,1766756278958
2,33.0,1766756279104
2,33.0,1766756279247
2,33.0,1766756279389
2,33.0,1766756279534
2,33.0,1766756279676
2,33.0,1766756279818
2,33.0,1766756279963
2,33.0,1766756280107
2,33.0,1766756280251
2,33.0,1766756280401
2,33.0,1766756280547
2,33.0,1766756280696
2,33.0,1766756280848
2,33.0,1766756280996
2,33.0,1766756281147
2,33.0,1766756281295
2,33.0,1766756281452
2,33.0,1766756281631
2,33.0,1766756281815
2,33.0,1766756281976
2,33.0,1766756282134
2,33.0,1766756282281
2,33.0,1766756282441
2,33.0,1766756282597
2,33.0,1766756282752
2,33.0,1766756282912
2,33.0,1766756283075
2,33.0,1766756283238
2,33.0,1766756283398
2,33.0,1766756283554
2,33.0,1766756283713
2,33.0,1766756283874
2,33.0,1766756284033
2,33.0,1766756284192
2,33.0,1766756284354
2,33.0,1766756284517
2,33.0,1766756284670
2,33.0,1766756284815
2,33.0,1766756284958
2,33.0,1766756285100
2,33.0,1766756285242
2,33.0,1766756285386
2,33.0,1766756285530
2,33.0,1766756285676
2,33.0,1766756285818
2,33.0,1766756285962
2,33.0,1766756286108
2,33.0,1766756286256
2,33.0,1766756286406
2,33.0,1766756286563
2,33.0,1766756286713
2,33.0,1766756286859
2,33.0,1766756287006
2,33.0,1766756287153
2,33.0,1766756287318
2,33.0,1766756287491
2,33.0,1766756287671
2,33.0,1766756287828
2,33.0,1766756287982
2,33.0,1766756288130
2,33.0,1766756288293
2,33.0,1766756288449
2,33.0,1766756288608
2,33.0,1766756288765
2,33.0,1766756288926
2,33.0,1766756289090
2,33.0,1766756289255
2,33.0,1766756289419
2,33.0,1766756289585
2,33.0,1766756289743
2,33.0,1766756289905
2,33.0,1766756290066
2,33.0,1766756290229
2,33.0,1766756290389
2,33.0,1766756290536
2,33.0,1766756290680
2,33.0,1766756290823
2,33.0,1766756290967
2,33.0,1766756291110
2,33.0,1766756291253
2,33.0,1766756291397
2,33.0,1766756291538
2,33.0,1766756291680
2,33.0,1766756291827
2,33.0,1766756291976
2,33.0,1766756292124
2,33.0,1766756292273
2,33.0,1766756292426
2,33.0,1766756292575
2,33.0,1766756292721
2,33.0,1766756292867
2,33.0,1766756293019
2,33.0,1766756293189
2,33.0,1766756293365
2,33.0,1766756293552
2,33.0,1766756293709
2,33.0,1766756293857
2,33.0,1766756294009
2,33.0,1766756294165
2,33.0,1766756294321
2,33.0,1766756294479
2,33.0,1766756294636
2,33.0,1766756294797
2,33.0,1766756294958
2,33.0,1766756295119
2,33.0,1766756295284
2,33.0,1766756295442
2,33.0,1766756295601
2,33.0,1766756295761
2,33.0,1766756295922
2,33.0,1766756296082
2,33.0,1766756296236
2,33.0,1766756296380
2,33.0,1766756296520
2,33.0,1766756296662
2,33.0,1766756296804
2,33.0,1766756296946
2,33.0,1766756297088
2,33.0,1766756297232
2,33.0,1766756297376
2,33.0,1766756297522
2,33.0,1766756297666
2,33.0,1766756297814
2,33.0,1766756297963
2,33.0,1766756298114
2,33.0,1766756298262
2,33.0,1766756298407
2,33.0,1766756298553
2,33.0,1766756298699
2,33.0,1766756298857
2,33.0,1766756299035
2,33.0,1766756299220
2,33.0,1766756299389
2,33.0,1766756299542
2,33.0,1766756299692
2,33.0,1766756299848
2,33.0,1766756300004
2,33.0,1766756300158
2,33.0,1766756300313
2,33.0,1766756300472
2,33.0,1766756300636
2,33.0,1766756300798
2,33.0,1766756300960
2,33.0,1766756301125
2,33.0,1766756301284
2,33.0,1766756301442
2,33.0,1766756301601
2,33.0,1766756301765
2,33.0,1766756301929
2,33.0,1766756302084
2,33.0,1766756302233
2,33.0,1766756302375
2,33.0,1766756302517
2,33.0,1766756302661
2,33.0,1766756302803
2,33.0,1766756302946
2,33.0,1766756303090
2,33.0,1766756303235
2,33.0,1766756303381
2,33.0,1766756303526
2,33.0,1766756303677
2,33.0,1766756303825
2,33.0,1766756303980
2,33.0,1766756304132
2,33.0,1766756304280
2,33.0,1766756304426
2,33.0,1766756304589
2,33.0,1766756304747
2,33.0,1766756304924
2,33.0,1766756305096
2,33.0,1766756305262
2,33.0,1766756305412
2,33.0,1766756305571
2,33.0,1766756305724
2,33.0,1766756305879
2,33.0,1766756306036
2,33.0,1766756306194
2,33.0,1766756306358
2,33.0,1766756306521
2,33.0,1766756306682
2,33.0,1766756306845
2,33.0,1766756307007
2,33.0,1766756307166
2,33.0,1766756307328
2,33.0,1766756307489
2,33.0,1766756307652
2,33.0,1766756307811
2,33.0,1766756307966
2,33.0,1766756308113
2,33.0,1766756308258
2,33.0,1766756308402
2,33.0,1766756308546
2,33.0,1766756308692
2,33.0,1766756308836
2,33.0,1766756308983
2,33.0,1766756309128
2,33.0,1766756309274
2,33.0,1766756309423
2,33.0,1766756309572
2,33.0,1766756309722
2,33.0,1766756309870
2,33.0,1766756310027
2,33.0,1766756310175
2,33.0,1766756310329
2,33.0,1766756310494
2,33.0,1766756310666
2,33.0,1766756310852
2,33.0,1766756311026
2,33.0,1766756311183
2,33.0,1766756311334
2,33.0,1766756311494
2,33.0,1766756311654
2,33.0,1766756311815
2,33.0,1766756311974
2,33.0,1766756312134
2,33.0,1766756312295
2,33.0,1766756312458
2,33.0,1766756312618
2,33.0,1766756312780
2,33.0,1766756312940
2,33.0,1766756313105
2,33.0,1766756313268
2,33.0,1766756313428
2,33.0,1766756313582
2,33.0,1766756313735
2,33.0,1766756313885
2,33.0,1766756314029
2,33.0,1766756314170
2,33.0,1766756314313
2,33.0,1766756314455
2,33.0,1766756314599
2,33.0,1766756314743
2,33.0,1766756314888
2,33.0,1766756315036
2,33.0,1766756315183
2,33.0,1766756315329
2,33.0,1766756315484
2,33.0,1766756315631
2,33.0,1766756315777
2,33.0,1766756315928
2,33.0,1766756316074
2,33.0,1766756316239
2,33.0,1766756316411
2,33.0,1766756316593
2,33.0,1766756316755
2,33.0,1766756316930
2,33.0,1766756317092
2,33.0,1766756317249
2,33.0,1766756317407
2,33.0,1766756317569
2,33.0,1766756317727
2,33.0,1766756317887
2,33.0,1766756318047
2,33.0,1766756318206
2,33.0,1766756318368
2,33.0,1766756318527
2,33.0,1766756318691
2,33.0,1766756318849
2,33.0,1766756319010
2,33.0,1766756319170
2,33.0,1766756319330
2,33.0,1766756319480
2,33.0,1766756319633
3,33.0,1766756319772
3,33.0,1766756319913
3,33.0,1766756320054
3,33.0,1766756320197
3,33.0,1766756320339
3,33.0,1766756320481
3,33.0,1766756320623
3,33.0,1766756320767
3,33.0,1766756320913
3,33.0,1766756321058
3,33.0,1766756321207
3,33.0,1766756321355
3,33.0,1766756321500
3,33.0,1766756321649
3,33.0,1766756321796
3,33.0,1766756321954
3,33.0,1766756322113
3,33.0,1766756322289
3,33.0,1766756322452
3,33.0,1766756322616
3,33.0,1766756322786
3,33.0,1766756322948
3,33.0,1766756323110
3,33.0,1766756323262
3,33.0,1766756323418
3,33.0,1766756323576
3,33.0,1766756323734
3,33.0,1766756323894
3,33.0,1766756324054
3,33.0,1766756324213
3,33.0,1766756324371
3,33.0,1766756324532
3,33.0,1766756324690
3,33.0,1766756324848
3,33.0,1766756325007
3,33.0,1766756325162
3,33.0,1766756325313
3,33.0,1766756325463
3,33.0,1766756325610
3,33.0,1766756325754
3,33.0,1766756325900
3,33.0,1766756326046
3,33.0,1766756326189
3,33.0,1766756326330
3,33.0,1766756326471
3,33.0,1766756326616
3,33.0,1766756326761
3,33.0,1766756326905
3,33.0,1766756327052
3,33.0,1766756327199
3,33.0,1766756327351
3,33.0,1766756327500
3,33.0,1766756327649
3,33.0,1766756327813
3,33.0,1766756327981
3,33.0,1766756328139
3,33.0,1766756328295
3,33.0,1766756328463
3,33.0,1766756328636
3,33.0,1766756328798
3,33.0,1766756328957
3,33.0,1766756329113
3,33.0,1766756329272
3,33.0,1766756329432
3,33.0,1766756329590
3,33.0,1766756329748
3,33.0,1766756329908
3,33.0,1766756330068
3,33.0,1766756330229
3,33.0,1766756330388
3,33.0,1766756330548
3,33.0,1766756330709
3,33.0,1766756330866
3,33.0,1766756331015
3,33.0,1766756331166
3,33.0,1766756331319
3,33.0,1766756331467
3,33.0,1766756331611
3,33.0,1766756331753
3,33.0,1766756331896
3,33.0,1766756332037
3,33.0,1766756332180
3,33.0,1766756332323
3,33.0,1766756332468
3,33.0,1766756332614
3,33.0,1766756332763
3,33.0,1766756332912
3,33.0,1766756333059
3,33.0,1766756333210
3,33.0,1766756333356
3,33.0,1766756333516
3,33.0,1766756333675
3,33.0,1766756333843
3,33.0,1766756333994
3,33.0,1766756334153
3,33.0,1766756334313
3,33.0,1766756334491
3,33.0,1766756334648
3,33.0,1766756334805
3,33.0,1766756334957
3,33.0,1766756335117
3,33.0,1766756335276
3,33.0,1766756335434
3,33.0,1766756335593
3,33.0,1766756335753
3,33.0,1766756335911
3,33.0,1766756336070
3,33.0,1766756336234
3,33.0,1766756336394
3,33.0,1766756336552
3,33.0,1766756336705
3,33.0,1766756336855
3,33.0,1766756337008
3,33.0,1766756337163
3,33.0,1766756337319
3,33.0,1766756337463
3,33.0,1766756337607
3,33.0,1766756337752
3,33.0,1766756337897
3,33.0,1766756338046
3,33.0,1766756338196
3,33.0,1766756338345
3,33.0,1766756338490
3,33.0,1766756338638
3,33.0,1766756338785
3,33.0,1766756338933
3,33.0,1766756339079
3,33.0,1766756339239
3,33.0,1766756339398
3,33.0,1766756339564
3,33.0,1766756339722
3,33.0,1766756339866
3,33.0,1766756340030
3,33.0,1766756340196
3,33.0,1766756340372
3,33.0,1766756340531
3,33.0,1766756340687
3,33.0,1766756340845
3,33.0,1766756341010
3,33.0,1766756341173
3,33.0,1766756341331
3,33.0,1766756341495
3,33.0,1766756341655
3,33.0,1766756341816
3,33.0,1766756341977
3,33.0,1766756342135
3,33.0,1766756342296
3,33.0,1766756342448
3,33.0,1766756342598
3,33.0,1766756342747
3,33.0,1766756342899
3,33.0,1766756343049
3,33.0,1766756343196
3,33.0,1766756343338
3,33.0,1766756343482
3,33.0,1766756343624
3,33.0,1766756343769
3,33.0,1766756343913
3,33.0,1766756344060
3,33.0,1766756344205
3,33.0,1766756344356
3,33.0,1766756344502
3,33.0,1766756344653
3,33.0,1766756344799
3,33.0,1766756344946
3,33.0,1766756345114
3,33.0,1766756345279
3,33.0,1766756345455
3,33.0,1766756345604
3,33.0,1766756345750
3,33.0,1766756345915
3,33.0,1766756346088
3,33.0,1766756346258
3,33.0,1766756346410
3,33.0,1766756346566
3,33.0,1766756346721
3,33.0,1766756346879
3,33.0,1766756347036
3,33.0,1766756347196
3,33.0,1766756347354
3,33.0,1766756347515
3,33.0,1766756347671
3,33.0,1766756347829
3,33.0,1766756347988
3,33.0,1766756348149
3,33.0,1766756348303
3,33.0,1766756348456
3,33.0,1766756348609
3,33.0,1766756348760
3,33.0,1766756348909
3,33.0,1766756349055
3,33.0,1766756349198
3,33.0,1766756349341
3,33.0,1766756349483
3,33.0,1766756349630
3,33.0,1766756349774
3,33.0,1766756349919
3,33.0,1766756350065
3,33.0,1766756350210
3,33.0,1766756350354
3,33.0,1766756350499
3,33.0,1766756350647
3,33.0,1766756350806
3,33.0,1766756350968
3,33.0,1766756351135
3,33.0,1766756351286
3,33.0,1766756351432
3,33.0,1766756351579
3,33.0,1766756351746
3,33.0,1766756351915
3,33.0,1766756352081
3,33.0,1766756352233
3,33.0,1766756352387
3,33.0,1766756352540
3,33.0,1766756352707
3,33.0,1766756352863
3,33.0,1766756353024
3,33.0,1766756353184
3,33.0,1766756353344
3,33.0,1766756353502
3,33.0,1766756353664
3,33.0,1766756353822
3,33.0,1766756353979
3,33.0,1766756354129
3,33.0,1766756354280
3,33.0,1766756354432
3,33.0,1766756354583
3,33.0,1766756354737
3,33.0,1766756354883
3,33.0,1766756355028
3,33.0,1766756355170
3,33.0,1766756355312
3,33.0,1766756355459
3,33.0,1766756355608
3,33.0,1766756355753
3,33.0,1766756355902
3,33.0,1766756356047
3,33.0,1766756356196
3,33.0,1766756356342
3,33.0,1766756356489
3,33.0,1766756356649
3,33.0,1766756356818
3,33.0,1766756356979
3,33.0,1766756357132
3,33.0,1766756357285
3,33.0,1766756357432
3,33.0,1766756357601
3,33.0,1766756357768
3,33.0,1766756357943
3,33.0,1766756358097
3,33.0,1766756358251
3,33.0,1766756358403
3,33.0,1766756358566
3,33.0,1766756358723
3,33.0,1766756358883
3,33.0,1766756359043
3,33.0,1766756359205
3,33.0,1766756359366
3,33.0,1766756359528
3,33.0,1766756359688
3,33.0,1766756359839
3,33.0,1766756359989
3,33.0,1766756360139
3,33.0,1766756360292
3,33.0,1766756360444
3,33.0,1766756360597
3,33.0,1766756360744
3,33.0,1766756360886
3,33.0,1766756361029
3,33.0,1766756361173
3,33.0,1766756361317
3,33.0,1766756361463
3,33.0,1766756361610
3,33.0,1766756361758
3,33.0,1766756361904
3,33.0,1766756362049
3,33.0,1766756362197
3,33.0,1766756362353
3,33.0,1766756362514
3,33.0,1766756362687
3,33.0,1766756362845
3,33.0,1766756362990
3,33.0,1766756363142
3,33.0,1766756363292
3,33.0,1766756363461
3,33.0,1766756363632
3,33.0,1766756363808
3,33.0,1766756363962
3,33.0,1766756364117
3,33.0,1766756364274
3,33.0,1766756364433
3,33.0,1766756364591
3,33.0,1766756364747
3,33.0,1766756364905
3,33.0,1766756365065
3,33.0,1766756365226
3,33.0,1766756365388
3,33.0,1766756365543
3,33.0,1766756365693
3,33.0,1766756365843
3,33.0,1766756365992
3,33.0,1766756366146
3,33.0,1766756366296
3,33.0,1766756366448
3,33.0,1766756366595
3,33.0,1766756366738
3,33.0,1766756366881
3,33.0,1766756367033
3,33.0,1766756367182
3,33.0,1766756367325
3,33.0,1766756367471
3,33.0,1766756367615
3,33.0,1766756367761
3,33.0,1766756367908
3,33.0,1766756368054
3,33.0,1766756368215
3,33.0,1766756368381
3,33.0,1766756368549
3,33.0,1766756368699
3,33.0,1766756368848
3,33.0,1766756368996
3,33.0,1766756369146
3,33.0,1766756369316
3,33.0,1766756369483
3,33.0,1766756369650
3,33.0,1766756369806
3,33.0,1766756369963
3,33.0,1766756370117
3,33.0,1766756370278
3,33.0,1766756370435
3,33.0,1766756370591
3,33.0,1766756370751
3,33.0,1766756370911
3,33.0,1766756371070
3,33.0,1766756371229
3,33.0,1766756371382
3,33.0,1766756371533
3,33.0,1766756371682
3,33.0,1766756371831
3,33.0,1766756371983
3,33.0,1766756372134
3,33.0,1766756372288
3,33.0,1766756372436
3,33.0,1766756372578
3,33.0,1766756372722
3,33.0,1766756372866
3,33.0,1766756373012
3,33.0,1766756373158
3,33.0,1766756373308
3,33.0,1766756373452
3,33.0,1766756373598
3,33.0,1766756373744
3,33.0,1766756373897
3,33.0,1766756374060
3,33.0,1766756374225
3,33.0,1766756374391
3,33.0,1766756374538
3,33.0,1766756374692
3,33.0,1766756374842
3,33.0,1766756374995
3,33.0,1766756375166
3,33.0,1766756375335
3,33.0,1766756375508
3,33.0,1766756375663
3,33.0,1766756375820
3,33.0,1766756375973
3,33.0,1766756376135
3,33.0,1766756376291
3,33.0,1766756376450
3,33.0,1766756376609
3,33.0,1766756376768
3,33.0,1766756376930
3,33.0,1766756377088
3,33.0,1766756377238
3,33.0,1766756377387
3,33.0,1766756377537
3,33.0,1766756377688
3,33.0,1766756377841
3,33.0,1766756377992
3,33.0,1766756378144
3,33.0,1766756378294
3,33.0,1766756378438
3,33.0,1766756378584
3,33.0,1766756378729
3,33.0,1766756378875
3,33.0,1766756379026
3,33.0,1766756379172
3,33.0,1766756379318
3,33.0,1766756379461
3,33.0,1766756379603
3,33.0,1766756379764
3,33.0,1766756379927
3,33.0,1766756380094
3,33.0,1766756380247
3,33.0,1766756380396
3,33.0,1766756380547
3,33.0,1766756380698
3,33.0,1766756380849
3,33.0,1766756381015
3,33.0,1766756381185
3,33.0,1766756381365
3,33.0,1766756381520
3,33.0,1766756381676
3,33.0,1766756381830
3,33.0,1766756381993
3,33.0,1766756382151
3,33.0,1766756382312
3,33.0,1766756382471
3,33.0,1766756382632
3,33.0,1766756382797
3,33.0,1766756382950
3,33.0,1766756383102
3,33.0,1766756383251
3,33.0,1766756383401
3,33.0,1766756383548
3,33.0,1766756383700
3,33.0,1766756383850
3,33.0,1766756384001
3,33.0,1766756384149
3,33.0,1766756384299
3,33.0,1766756384446
3,33.0,1766756384592
3,33.0,1766756384742
3,33.0,1766756384889
3,33.0,1766756385032
3,33.0,1766756385179
3,33.0,1766756385323
3,33.0,1766756385482
3,33.0,1766756385637
3,33.0,1766756385802
3,33.0,1766756385958
3,33.0,1766756386105
3,33.0,1766756386256
3,33.0,1766756386409
3,33.0,1766756386560
3,33.0,1766756386710
3,33.0,1766756386878
3,33.0,1766756387047
3,33.0,1766756387225
3,33.0,1766756387380
3,33.0,1766756387532
3,33.0,1766756387685
3,33.0,1766756387841
3,33.0,1766756387998
3,33.0,1766756388156
3,33.0,1766756388314
3,33.0,1766756388475
3,33.0,1766756388632
3,33.0,1766756388783
3,33.0,1766756388934
3,33.0,1766756389085
3,33.0,1766756389234
3,33.0,1766756389383
3,33.0,1766756389533
3,33.0,1766756389682
3,33.0,1766756389833
3,33.0,1766756389981
3,33.0,1766756390125
3,33.0,1766756390273
3,33.0,1766756390417
3,33.0,1766756390566
3,33.0,1766756390710
3,33.0,1766756390857
3,33.0,1766756391001
3,33.0,1766756391145
3,33.0,1766756391302
3,33.0,1766756391470
3,33.0,1766756391642
3,33.0,1766756391793
3,33.0,1766756391953
3,33.0,1766756392100
3,33.0,1766756392251
3,33.0,1766756392408
3,33.0,1766756392563
3,33.0,1766756392730
3,33.0,1766756392903
3,33.0,1766756393086
3,33.0,1766756393241
3,33.0,1766756393396
3,33.0,1766756393551
3,33.0,1766756393712
3,33.0,1766756393870
3,33.0,1766756394027
3,33.0,1766756394189
3,33.0,1766756394350
3,33.0,1766756394508
3,33.0,1766756394663
3,33.0,1766756394815
3,33.0,1766756394964
3,33.0,1766756395113
3,33.0,1766756395264
3,33.0,1766756395416
3,33.0,1766756395566
3,33.0,1766756395718
3,33.0,1766756395871
3,33.0,1766756396017
3,33.0,1766756396163
3,33.0,1766756396313
3,33.0,1766756396459
3,33.0,1766756396605
3,33.0,1766756396755
3,33.0,1766756396900
3,33.0,1766756397055
3,33.0,1766756397221
3,33.0,1766756397401
3,33.0,1766756397552
3,33.0,1766756397702
3,33.0,1766756397848
3,33.0,1766756398001
3,33.0,1766756398159
3,33.0,1766756398312
3,33.0,1766756398469
3,33.0,1766756398640
3,33.0,1766756398811
3,33.0,1766756398987
3,33.0,1766756399143
3,33.0,1766756399300
3,33.0,1766756399455
3,33.0,1766756399613
3,33.0,1766756399772
3,33.0,1766756399930
3,33.0,1766756400090
3,33.0,1766756400243
3,33.0,1766756400392
3,33.0,1766756400540
3,33.0,1766756400692
3,33.0,1766756400840
3,33.0,1766756400991
3,33.0,1766756401140
3,33.0,1766756401292
3,33.0,1766756401443
3,33.0,1766756401598
3,33.0,1766756401746
3,33.0,1766756401893
3,33.0,1766756402037
3,33.0,1766756402188
3,33.0,1766756402333
3,33.0,1766756402479
3,33.0,1766756402623
3,33.0,1766756402773
3,33.0,1766756402934
3,33.0,1766756403100
3,33.0,1766756403265
3,33.0,1766756403413
3,33.0,1766756403565
3,33.0,1766756403716
3,33.0,1766756403870
3,33.0,1766756404025
3,33.0,1766756404178
3,33.0,1766756404340
3,33.0,1766756404507
3,33.0,1766756404684
3,33.0,1766756404845
3,33.0,1766756405002
3,33.0,1766756405157
3,33.0,1766756405315
3,33.0,1766756405475
3,33.0,1766756405634
3,33.0,1766756405793
3,33.0,1766756405952
3,33.0,1766756406104
3,33.0,1766756406256
3,33.0,1766756406405
3,33.0,1766756406557
3,33.0,1766756406706
3,33.0,1766756406857
3,33.0,1766756407008
3,33.0,1766756407160
3,33.0,1766756407310
3,33.0,1766756407464
3,33.0,1766756407612
3,33.0,1766756407757
3,33.0,1766756407908
3,33.0,1766756408054
3,33.0,1766756408197
3,33.0,1766756408343
3,33.0,1766756408487
3,33.0,1766756408643
3,33.0,1766756408800
3,33.0,1766756408970
3,33.0,1766756409124
3,33.0,1766756409278
3,33.0,1766756409427
3,33.0,1766756409582
3,33.0,1766756409735
3,33.0,1766756409893
3,33.0,1766756410049
3,33.0,1766756410216
3,33.0,1766756410380
3,33.0,1766756410557
3,33.0,1766756410720
3,33.0,1766756410875
3,33.0,1766756411026
3,33.0,1766756411183
3,33.0,1766756411339
3,33.0,1766756411497
3,33.0,1766756411653
3,33.0,1766756411806
3,33.0,1766756411955
3,33.0,1766756412104
3,33.0,1766756412252
3,33.0,1766756412402
3,33.0,1766756412551
3,33.0,1766756412699
3,33.0,1766756412849
3,33.0,1766756412999
3,33.0,1766756413153
3,33.0,1766756413308
3,33.0,1766756413457
3,33.0,1766756413602
3,33.0,1766756413753
3,33.0,1766756413896
3,33.0,1766756414040
3,33.0,1766756414185
3,33.0,1766756414333
3,33.0,1766756414496
3,33.0,1766756414661
3,33.0,1766756414825
3,33.0,1766756414972
3,33.0,1766756415124
3,33.0,1766756415276
3,33.0,1766756415432
3,33.0,1766756415585
3,33.0,1766756415738
3,33.0,1766756415891
3,33.0,1766756416055
3,33.0,1766756416221
3,33.0,1766756416396
3,33.0,1766756416559
3,33.0,1766756416720
3,33.0,1766756416873
3,33.0,1766756417031
3,33.0,1766756417188
3,33.0,1766756417347
3,33.0,1766756417505
3,33.0,1766756417657
3,33.0,1766756417806
3,33.0,1766756417956
3,33.0,1766756418108
3,33.0,1766756418261
3,33.0,1766756418412
3,33.0,1766756418563
3,33.0,1766756418714
3,33.0,1766756418866
3,33.0,1766756419017
3,33.0,1766756419172
3,33.0,1766756419320
3,33.0,1766756419467
3,33.0,1766756419614
3,33.0,1766756419761
3,33.0,1766756419905
3,33.0,1766756420048
3,33.0,1766756420205
3,33.0,1766756420368
3,33.0,1766756420538
3,33.0,1766756420690
3,33.0,1766756420842
3,33.0,1766756420989
3,33.0,1766756421142
3,33.0,1766756421296
3,33.0,1766756421445
3,33.0,1766756421598
3,33.0,1766756421750
3,33.0,1766756421920
3,33.0,1766756422084
3,33.0,1766756422266
3,33.0,1766756422423
3,33.0,1766756422580
3,33.0,1766756422734
3,33.0,1766756422892
3,33.0,1766756423051
3,33.0,1766756423209
3,33.0,1766756423363
3,33.0,1766756423514
3,33.0,1766756423666
3,33.0,1766756423817
3,33.0,1766756423967
3,33.0,1766756424117
3,33.0,1766756424267
3,33.0,1766756424418
3,33.0,1766756424568
3,33.0,1766756424722
3,33.0,1766756424878
3,33.0,1766756425031
3,33.0,1766756425181
3,33.0,1766756425330
3,33.0,1766756425478
3,33.0,1766756425621
3,33.0,1766756425765
3,33.0,1766756425920
3,33.0,1766756426075
3,33.0,1766756426239
3,33.0,1766756426396
3,33.0,1766756426543
3,33.0,1766756426691
3,33.0,1766756426842
3,33.0,1766756426995
3,33.0,1766756427152
3,33.0,1766756427305
3,33.0,1766756427458
3,33.0,1766756427615
3,33.0,1766756427781
3,33.0,1766756427946
3,33.0,1766756428127
3,33.0,1766756428295
3,33.0,1766756428452
3,33.0,1766756428607
3,33.0,1766756428764
3,33.0,1766756428924
3,33.0,1766756429079
3,33.0,1766756429231
3,33.0,1766756429381
3,33.0,1766756429533
3,33.0,1766756429685
3,33.0,1766756429839
3,33.0,1766756429990
3,33.0,1766756430141
3,33.0,1766756430289
3,33.0,1766756430441
3,33.0,1766756430598
3,33.0,1766756430750
3,33.0,1766756430904
3,33.0,1766756431053
3,33.0,1766756431196
3,33.0,1766756431344
3,33.0,1766756431488
3,33.0,1766756431635
3,33.0,1766756431796
3,33.0,1766756431960
3,33.0,1766756432127
3,33.0,1766756432273
3,33.0,1766756432421
3,33.0,1766756432569
3,33.0,1766756432726
3,33.0,1766756432882
3,33.0,1766756433035
3,33.0,1766756433185
3,33.0,1766756433344
3,33.0,1766756433498
3,33.0,1766756433664
3,33.0,1766756433834
3,33.0,1766756434010
3,33.0,1766756434172
3,33.0,1766756434329
3,33.0,1766756434484
3,33.0,1766756434642
3,33.0,1766756434803
3,33.0,1766756434953
3,33.0,1766756435103
3,33.0,1766756435255
3,33.0,1766756435408
3,33.0,1766756435558
3,33.0,1766756435708
3,33.0,1766756435861
3,33.0,1766756436011
3,33.0,1766756436163
3,33.0,1766756436320
3,33.0,1766756436476
3,33.0,1766756436629
3,33.0,1766756436788
3,33.0,1766756436934
3,33.0,1766756437077
3,33.0,1766756437223
3,33.0,1766756437368
3,33.0,1766756437522
3,33.0,1766756437679
3,33.0,1766756437845
3,33.0,1766756437993
3,33.0,1766756438143
3,33.0,1766756438289
3,33.0,1766756438442
3,33.0,1766756438592
3,33.0,1766756438746
3,33.0,1766756438897
3,33.0,1766756439051
3,33.0,1766756439206
3,33.0,1766756439362
3,33.0,1766756439529
3,33.0,1766756439700
3,33.0,1766756439872
3,33.0,1766756440026
3,33.0,1766756440185
3,33.0,1766756440340
3,33.0,1766756440498
3,33.0,1766756440649
3,33.0,1766756440799
3,33.0,1766756440950
3,33.0,1766756441099
3,33.0,1766756441250
3,33.0,1766756441400
3,33.0,1766756441549
3,33.0,1766756441699
3,33.0,1766756441849
3,33.0,1766756442000
3,33.0,1766756442155
3,33.0,1766756442308
3,33.0,1766756442463
3,33.0,1766756442623
3,33.0,1766756442766
3,33.0,1766756442912
3,33.0,1766756443057
3,33.0,1766756443206
3,33.0,1766756443370
3,33.0,1766756443538
3,33.0,1766756443697
3,33.0,1766756443841
3,33.0,1766756443987
3,33.0,1766756444135
3,33.0,1766756444285
3,33.0,1766756444439
3,33.0,1766756444591
3,33.0,1766756444743
3,33.0,1766756444898
3,33.0,1766756445051
3,33.0,1766756445204
3,33.0,1766756445368
3,33.0,1766756445541
3,33.0,1766756445717
3,33.0,1766756445875
3,33.0,1766756446033
3,33.0,1766756446189
3,33.0,1766756446351
3,33.0,1766756446502
3,33.0,1766756446651
3,33.0,1766756446804
3,33.0,1766756446955
3,33.0,1766756447108
3,33.0,1766756447259
3,33.0,1766756447418
3,33.0,1766756447570
3,33.0,1766756447724
3,33.0,1766756447876
3,33.0,1766756448031
3,33.0,1766756448184
3,33.0,1766756448342
3,33.0,1766756448493
3,33.0,1766756448644
3,33.0,1766756448788
3,33.0,1766756448935
3,33.0,1766756449096
3,33.0,1766756449260
3,33.0,1766756449432
3,33.0,1766756449578
3,33.0,1766756449730
3,33.0,1766756449877
3,33.0,1766756450036
3,33.0,1766756450191
3,33.0,1766756450344
3,33.0,1766756450498
3,33.0,1766756450654
3,33.0,1766756450811
3,33.0,1766756450967
3,33.0,1766756451131
3,33.0,1766756451302
3,33.0,1766756451476
3,33.0,1766756451641
3,33.0,1766756451795
3,33.0,1766756451953
3,33.0,1766756452110
3,33.0,1766756452262
3,33.0,1766756452412
3,33.0,1766756452560
3,33.0,1766756452714
3,33.0,1766756452865
3,33.0,1766756453018
3,33.0,1766756453170
3,33.0,1766756453322
3,33.0,1766756453471
3,33.0,1766756453625
3,33.0,1766756453777
3,33.0,1766756453928
3,33.0,1766756454088
3,33.0,1766756454242
3,33.0,1766756454393
3,33.0,1766756454537
3,33.0,1766756454682
3,33.0,1766756454836
3,33.0,1766756454995
3,33.0,1766756455165
3,33.0,1766756455317
3,33.0,1766756455467
3,33.0,1766756455613
3,33.0,1766756455763
3,33.0,1766756455915
3,33.0,1766756456065
3,33.0,1766756456219
3,33.0,1766756456378
3,33.0,1766756456530
3,33.0,1766756456685
3,33.0,1766756456838
3,33.0,1766756456999
3,33.0,1766756457167
3,33.0,1766756457344
3,33.0,1766756457507
3,33.0,1766756457668
3,33.0,1766756457821
3,33.0,1766756457977
3,33.0,1766756458125
3,33.0,1766756458274
3,33.0,1766756458422
3,33.0,1766756458573
3,33.0,1766756458725
3,33.0,1766756458876
3,33.0,1766756459028
3,33.0,1766756459179
3,33.0,1766756459332
3,33.0,1766756459486
3,33.0,1766756459639
3,33.0,1766756459790
3,33.0,1766756459948
3,33.0,1766756460100
3,33.0,1766756460248
3,33.0,1766756460391
3,33.0,1766756460545
3,33.0,1766756460702
3,33.0,1766756460866
3,33.0,1766756461024
3,33.0,1766756461167
3,33.0,1766756461318
3,33.0,1766756461469
3,33.0,1766756461622
3,33.0,1766756461772
3,33.0,1766756461925
3,33.0,1766756462077
3,33.0,1766756462239
3,33.0,1766756462392
3,33.0,1766756462549
3,33.0,1766756462700
3,33.0,1766756462866
3,33.0,1766756463026
3,33.0,1766756463194
3,33.0,1766756463354
3,33.0,1766756463510
3,33.0,1766756463667
3,33.0,1766756463815
3,33.0,1766756463961
3,33.0,1766756464109
3,33.0,1766756464257
4,33.0,1766756464396
4,33.0,1766756464545
4,33.0,1766756464695
4,33.0,1766756464846
4,33.0,1766756464996
4,33.0,1766756465154
4,33.0,1766756465314
4,33.0,1766756465467
4,33.0,1766756465621
4,33.0,1766756465775
4,33.0,1766756465930
4,33.0,1766756466078
4,33.0,1766756466222
4,33.0,1766756466375
4,33.0,1766756466531
4,33.0,1766756466696
4,33.0,1766756466848
4,33.0,1766756466995
4,33.0,1766756467140
4,33.0,1766756467291
4,33.0,1766756467445
4,33.0,1766756467598
4,33.0,1766756467748
4,33.0,1766756467901
4,33.0,1766756468056
4,33.0,1766756468210
4,33.0,1766756468369
4,33.0,1766756468522
4,33.0,1766756468678
4,33.0,1766756468850
4,33.0,1766756469018
4,33.0,1766756469188
4,33.0,1766756469339
4,33.0,1766756469495
4,33.0,1766756469644
4,33.0,1766756469791
4,33.0,1766756469940
4,33.0,1766756470091
4,33.0,1766756470240
4,33.0,1766756470391
4,33.0,1766756470542
4,33.0,1766756470693
4,33.0,1766756470846
4,33.0,1766756471003
4,33.0,1766756471160
4,33.0,1766756471311
4,33.0,1766756471467
4,33.0,1766756471622
4,33.0,1766756471783
4,33.0,1766756471932
4,33.0,1766756472083
4,33.0,1766756472240
4,33.0,1766756472404
4,33.0,1766756472562
4,33.0,1766756472706
4,33.0,1766756472860
4,33.0,1766756473010
4,33.0,1766756473162
4,33.0,1766756473313
4,33.0,1766756473471
4,33.0,1766756473625
4,33.0,1766756473782
4,33.0,1766756473945
4,33.0,1766756474101
4,33.0,1766756474252
4,33.0,1766756474406
4,33.0,1766756474573
4,33.0,1766756474736
4,33.0,1766756474910
4,33.0,1766756475076
4,33.0,1766756475236
4,33.0,1766756475380
4,33.0,1766756475530
4,33.0,1766756475682
4,33.0,1766756475831
4,33.0,1766756475981
4,33.0,1766756476133
4,33.0,1766756476285
4,33.0,1766756476436
4,33.0,1766756476586
4,33.0,1766756476739
4,33.0,1766756476893
4,33.0,1766756477046
4,33.0,1766756477201
4,33.0,1766756477353
4,33.0,1766756477505
4,33.0,1766756477657
4,33.0,1766756477806
4,33.0,1766756477966
4,33.0,1766756478127
4,33.0,1766756478298
4,33.0,1766756478443
4,33.0,1766756478589
4,33.0,1766756478733
4,33.0,1766756478885
4,33.0,1766756479034
4,33.0,1766756479188
4,33.0,1766756479339
4,33.0,1766756479495
4,33.0,1766756479652
4,33.0,1766756479809
4,33.0,1766756479964
4,33.0,1766756480116
4,33.0,1766756480269
4,33.0,1766756480431
4,33.0,1766756480594
4,33.0,1766756480768
4,33.0,1766756480933
4,33.0,1766756481089
4,33.0,1766756481233
4,33.0,1766756481387
4,33.0,1766756481540
4,33.0,1766756481691
4,33.0,1766756481841
4,33.0,1766756481994
4,33.0,1766756482145
4,33.0,1766756482298
4,33.0,1766756482453
4,33.0,1766756482610
4,33.0,1766756482763
4,33.0,1766756482915
4,33.0,1766756483067
4,33.0,1766756483218
4,33.0,1766756483371
4,33.0,1766756483523
4,33.0,1766756483684
4,33.0,1766756483840
4,33.0,1766756484008
4,33.0,1766756484162
4,33.0,1766756484313
4,33.0,1766756484459
4,33.0,1766756484610
4,33.0,1766756484761
4,33.0,1766756484910
4,33.0,1766756485064
4,33.0,1766756485218
4,33.0,1766756485375
4,33.0,1766756485531
4,33.0,1766756485684
4,33.0,1766756485838
4,33.0,1766756485990
4,33.0,1766756486143
4,33.0,1766756486308
4,33.0,1766756486473
4,33.0,1766756486658
4,33.0,1766756486817
4,33.0,1766756486965
4,33.0,1766756487115
4,33.0,1766756487271
4,33.0,1766756487421
4,33.0,1766756487571
4,33.0,1766756487722
4,33.0,1766756487873
4,33.0,1766756488024
4,33.0,1766756488177
4,33.0,1766756488328
4,33.0,1766756488486
4,33.0,1766756488638
4,33.0,1766756488792
4,33.0,1766756488945
4,33.0,1766756489100
4,33.0,1766756489253
4,33.0,1766756489414
4,33.0,1766756489583
4,33.0,1766756489748
4,33.0,1766756489907
4,33.0,1766756490051
4,33.0,1766756490204
4,33.0,1766756490352
4,33.0,1766756490503
4,33.0,1766756490651
4,33.0,1766756490802
4,33.0,1766756490956
4,33.0,1766756491112
4,33.0,1766756491265
4,33.0,1766756491420
4,33.0,1766756491576
4,33.0,1766756491729
4,33.0,1766756491883
4,33.0,1766756492037
4,33.0,1766756492203
4,33.0,1766756492373
4,33.0,1766756492544
4,33.0,1766756492693
4,33.0,1766756492844
4,33.0,1766756492989
4,33.0,1766756493139
4,33.0,1766756493288
4,33.0,1766756493437
4,33.0,1766756493588
4,33.0,1766756493739
4,33.0,1766756493890
4,33.0,1766756494047
4,33.0,1766756494208
4,33.0,1766756494364
4,33.0,1766756494518
4,33.0,1766756494670
4,33.0,1766756494823
4,33.0,1766756494978
4,33.0,1766756495133
4,33.0,1766756495301
4,33.0,1766756495463
4,33.0,1766756495630
4,33.0,1766756495776
4,33.0,1766756495923
4,33.0,1766756496069
4,33.0,1766756496218
4,33.0,1766756496368
4,33.0,1766756496517
4,33.0,1766756496670
4,33.0,1766756496822
4,33.0,1766756496979
4,33.0,1766756497134
4,33.0,1766756497291
4,33.0,1766756497448
4,33.0,1766756497604
4,33.0,1766756497757
4,33.0,1766756497909
4,33.0,1766756498079
4,33.0,1766756498250
4,33.0,1766756498417
4,33.0,1766756498564
4,33.0,1766756498710
4,33.0,1766756498855
4,33.0,1766756499001
4,33.0,1766756499152
4,33.0,1766756499300
4,33.0,1766756499449
4,33.0,1766756499599
4,33.0,1766756499752
4,33.0,1766756499908
4,33.0,1766756500061
4,33.0,1766756500217
4,33.0,1766756500376
4,33.0,1766756500526
4,33.0,1766756500680
4,33.0,1766756500834
4,33.0,1766756501001
4,33.0,1766756501161
4,33.0,1766756501322
4,33.0,1766756501472
4,33.0,1766756501618
4,33.0,1766756501765
4,33.0,1766756501916
4,33.0,1766756502067
4,33.0,1766756502218
4,33.0,1766756502369
4,33.0,1766756502526
4,33.0,1766756502683
4,33.0,1766756502843
4,33.0,1766756502998
4,33.0,1766756503157
4,33.0,1766756503310
4,33.0,1766756503462
4,33.0,1766756503614
4,33.0,1766756503770
4,33.0,1766756503944
4,33.0,1766756504114
4,33.0,1766756504274
4,33.0,1766756504418
4,33.0,1766756504563
4,33.0,1766756504707
4,33.0,1766756504860
4,33.0,1766756505013
4,33.0,1766756505162
4,33.0,1766756505317
4,33.0,1766756505468
4,33.0,1766756505622
4,33.0,1766756505778
4,33.0,1766756505931
4,33.0,1766756506090
4,33.0,1766756506243
4,33.0,1766756506399
4,33.0,1766756506550
4,33.0,1766756506703
4,33.0,1766756506873
4,33.0,1766756507045
4,33.0,1766756507207
4,33.0,1766756507352
4,33.0,1766756507496
4,33.0,1766756507643
4,33.0,1766756507794
4,33.0,1766756507943
4,33.0,1766756508093
4,33.0,1766756508244
4,33.0,1766756508396
4,33.0,1766756508549
4,33.0,1766756508703
4,33.0,1766756508861
4,33.0,1766756509015
4,33.0,1766756509169
4,33.0,1766756509322
4,33.0,1766756509475
4,33.0,1766756509631
4,33.0,1766756509804
4,33.0,1766756509977
4,33.0,1766756510134
4,33.0,1766756510278
4,33.0,1766756510424
4,33.0,1766756510567
4,33.0,1766756510720
4,33.0,1766756510869
4,33.0,1766756511016
4,33.0,1766756511165
4,33.0,1766756511320
4,33.0,1766756511473
4,33.0,1766756511626
4,33.0,1766756511778
4,33.0,1766756511936
4,33.0,1766756512088
4,33.0,1766756512240
4,33.0,1766756512392
4,33.0,1766756512558
4,33.0,1766756512720
4,33.0,1766756512896
4,33.0,1766756513050
4,33.0,1766756513196
4,33.0,1766756513340
4,33.0,1766756513494
4,33.0,1766756513645
4,33.0,1766756513797
4,33.0,1766756513949
4,33.0,1766756514101
4,33.0,1766756514254
4,33.0,1766756514411
4,33.0,1766756514566
4,33.0,1766756514720
4,33.0,1766756514877
4,33.0,1766756515030
4,33.0,1766756515184
4,33.0,1766756515337
4,33.0,1766756515491
4,33.0,1766756515662
4,33.0,1766756515825
4,33.0,1766756515984
4,33.0,1766756516128
4,33.0,1766756516276
4,33.0,1766756516422
4,33.0,1766756516576
4,33.0,1766756516725
4,33.0,1766756516876
4,33.0,1766756517028
4,33.0,1766756517190
4,33.0,1766756517349
4,33.0,1766756517505
4,33.0,1766756517663
4,33.0,1766756517818
4,33.0,1766756517977
4,33.0,1766756518130
4,33.0,1766756518286
4,33.0,1766756518459
4,33.0,1766756518630
4,33.0,1766756518793
4,33.0,1766756518938
4,33.0,1766756519089
4,33.0,1766756519237
4,33.0,1766756519387
4,33.0,1766756519537
4,33.0,1766756519685
4,33.0,1766756519837
4,33.0,1766756519988
4,33.0,1766756520143
4,33.0,1766756520300
4,33.0,1766756520455
4,33.0,1766756520608
4,33.0,1766756520764
4,33.0,1766756520916
4,33.0,1766756521074
4,33.0,1766756521227
4,33.0,1766756521387
4,33.0,1766756521547
4,33.0,1766756521708
4,33.0,1766756521865
4,33.0,1766756522009
4,33.0,1766756522155
4,33.0,1766756522301
4,33.0,1766756522451
4,33.0,1766756522600
4,33.0,1766756522750
4,33.0,1766756522902
4,33.0,1766756523053
4,33.0,1766756523204
4,33.0,1766756523359
4,33.0,1766756523515
4,33.0,1766756523666
4,33.0,1766756523820
4,33.0,1766756523973
4,33.0,1766756524135
4,33.0,1766756524300
4,33.0,1766756524476
4,33.0,1766756524631
4,33.0,1766756524785
4,33.0,1766756524930
4,33.0,1766756525079
4,33.0,1766756525233
4,33.0,1766756525385
4,33.0,1766756525536
4,33.0,1766756525689
4,33.0,1766756525843
4,33.0,1766756525998
4,33.0,1766756526151
4,33.0,1766756526305
4,33.0,1766756526459
4,33.0,1766756526613
4,33.0,1766756526767
4,33.0,1766756526922
4,33.0,1766756527075
4,33.0,1766756527237
4,33.0,1766756527395
4,33.0,1766756527559
4,33.0,1766756527716
4,33.0,1766756527863
4,33.0,1766756528014
4,33.0,1766756528158
4,33.0,1766756528309
4,33.0,1766756528457
4,33.0,1766756528605
4,33.0,1766756528757
4,33.0,1766756528912
4,33.0,1766756529066
4,33.0,1766756529219
4,33.0,1766756529374
4,33.0,1766756529531
4,33.0,1766756529681
4,33.0,1766756529837
4,33.0,1766756530004
4,33.0,1766756530178
4,33.0,1766756530347
4,33.0,1766756530499
4,33.0,1766756530648
4,33.0,1766756530801
4,33.0,1766756530956
4,33.0,1766756531111
4,33.0,1766756531267
4,33.0,1766756531423
4,33.0,1766756531577
4,33.0,1766756531730
4,33.0,1766756531885
4,33.0,1766756532040
4,33.0,1766756532194
4,33.0,1766756532349
4,33.0,1766756532504
4,33.0,1766756532659
4,33.0,1766756532812
4,33.0,1766756532968
4,33.0,1766756533129
4,33.0,1766756533287
4,33.0,1766756533460
4,33.0,1766756533618
4,33.0,1766756533770
4,33.0,1766756533914
4,33.0,1766756534065
4,33.0,1766756534212
4,33.0,1766756534360
4,33.0,1766756534511
4,33.0,1766756534665
4,33.0,1766756534818
4,33.0,1766756534974
4,33.0,1766756535130
4,33.0,1766756535284
4,33.0,1766756535437
4,33.0,1766756535588
4,33.0,1766756535760
4,33.0,1766756535937
4,33.0,1766756536105
4,33.0,1766756536259
4,33.0,1766756536410
4,33.0,1766756536561
4,33.0,1766756536711
4,33.0,1766756536862
4,33.0,1766756537012
4,33.0,1766756537165
4,33.0,1766756537319
4,33.0,1766756537472
4,33.0,1766756537625
4,33.0,1766756537780
4,33.0,1766756537934
4,33.0,1766756538088
4,33.0,1766756538247
4,33.0,1766756538400
4,33.0,1766756538555
4,33.0,1766756538708
4,33.0,1766756538854
4,33.0,1766756539013
4,33.0,1766756539176
4,33.0,1766756539344
4,33.0,1766756539490
4,33.0,1766756539643
4,33.0,1766756539789
4,33.0,1766756539938
4,33.0,1766756540087
4,33.0,1766756540237
4,33.0,1766756540394
4,33.0,1766756540551
4,33.0,1766756540704
4,33.0,1766756540860
4,33.0,1766756541015
4,33.0,1766756541172
4,33.0,1766756541323
4,33.0,1766756541491
4,33.0,1766756541660
4,33.0,1766756541842
4,33.0,1766756541998
4,33.0,1766756542150
4,33.0,1766756542293
4,33.0,1766756542447
4,33.0,1766756542597
4,33.0,1766756542749
4,33.0,1766756542899
4,33.0,1766756543054
4,33.0,1766756543206
4,33.0,1766756543359
4,33.0,1766756543513
4,33.0,1766756543664
4,33.0,1766756543819
4,33.0,1766756543971
4,33.0,1766756544123
4,33.0,1766756544276
4,33.0,1766756544432
4,33.0,1766756544584
4,33.0,1766756544728
4,33.0,1766756544887
4,33.0,1766756545049
4,33.0,1766756545215
4,33.0,1766756545360
4,33.0,1766756545507
4,33.0,1766756545652
4,33.0,1766756545800
4,33.0,1766756545951
4,33.0,1766756546106
4,33.0,1766756546258
4,33.0,1766756546414
4,33.0,1766756546570
4,33.0,1766756546723
4,33.0,1766756546881
4,33.0,1766756547033
4,33.0,1766756547193
4,33.0,1766756547358
4,33.0,1766756547528
4,33.0,1766756547692
4,33.0,1766756547857
4,33.0,1766756548008
4,33.0,1766756548159
4,33.0,1766756548311
4,33.0,1766756548464
4,33.0,1766756548616
4,33.0,1766756548771
4,33.0,1766756548930
4,33.0,1766756549087
4,33.0,1766756549240
4,33.0,1766756549392
4,33.0,1766756549549
4,33.0,1766756549705
4,33.0,1766756549861
4,33.0,1766756550018
4,33.0,1766756550175
4,33.0,1766756550332
4,33.0,1766756550477
4,33.0,1766756550628
4,33.0,1766756550790
4,33.0,1766756550957
4,33.0,1766756551112
4,33.0,1766756551260
4,33.0,1766756551407
4,33.0,1766756551554
4,33.0,1766756551709
4,33.0,1766756551865
4,33.0,1766756552018
4,33.0,1766756552171
4,33.0,1766756552329
4,33.0,1766756552485
4,33.0,1766756552648
4,33.0,1766756552805
4,33.0,1766756552965
4,33.0,1766756553135
4,33.0,1766756553310
4,33.0,1766756553474
4,33.0,1766756553628
4,33.0,1766756553783
4,33.0,1766756553938
4,33.0,1766756554087
4,33.0,1766756554234
4,33.0,1766756554383
4,33.0,1766756554532
4,33.0,1766756554686
4,33.0,1766756554839
4,33.0,1766756554994
4,33.0,1766756555145
4,33.0,1766756555300
4,33.0,1766756555454
4,33.0,1766756555609
4,33.0,1766756555765
4,33.0,1766756555921
4,33.0,1766756556076
4,33.0,1766756556226
4,33.0,1766756556370
4,33.0,1766756556527
4,33.0,1766756556682
4,33.0,1766756556840
4,33.0,1766756556989
4,33.0,1766756557133
4,33.0,1766756557284
4,33.0,1766756557429
4,33.0,1766756557582
4,33.0,1766756557736
4,33.0,1766756557890
4,33.0,1766756558042
4,33.0,1766756558196
4,33.0,1766756558348
4,33.0,1766756558506
4,33.0,1766756558658
4,33.0,1766756558822
4,33.0,1766756558994
4,33.0,1766756559165
4,33.0,1766756559323
4,33.0,1766756559482
4,33.0,1766756559635
4,33.0,1766756559794
4,33.0,1766756559946
4,33.0,1766756560097
4,33.0,1766756560251
4,33.0,1766756560404
4,33.0,1766756560559
4,33.0,1766756560711
4,33.0,1766756560864
4,33.0,1766756561015
4,33.0,1766756561171
4,33.0,1766756561325
4,33.0,1766756561481
4,33.0,1766756561636
4,33.0,1766756561789
4,33.0,1766756561939
4,33.0,1766756562087
4,33.0,1766756562231
4,33.0,1766756562390
4,33.0,1766756562545
4,33.0,1766756562708
4,33.0,1766756562858
4,33.0,1766756563004
4,33.0,1766756563154
4,33.0,1766756563304
4,33.0,1766756563459
4,33.0,1766756563612
4,33.0,1766756563762
4,33.0,1766756563916
4,33.0,1766756564067
4,33.0,1766756564223
4,33.0,1766756564378
4,33.0,1766756564545
4,33.0,1766756564710
4,33.0,1766756564880
4,33.0,1766756565041
4,33.0,1766756565201
4,33.0,1766756565357
4,33.0,1766756565517
4,33.0,1766756565671
4,33.0,1766756565824
4,33.0,1766756565977
4,33.0,1766756566130
4,33.0,1766756566284
4,33.0,1766756566437
4,33.0,1766756566588
4,33.0,1766756566741
4,33.0,1766756566896
4,33.0,1766756567049
4,33.0,1766756567203
4,33.0,1766756567360
4,33.0,1766756567521
4,33.0,1766756567675
4,33.0,1766756567825
4,33.0,1766756567969
4,33.0,1766756568117
4,33.0,1766756568277
4,33.0,1766756568439
4,33.0,1766756568607
4,33.0,1766756568758
4,33.0,1766756568914
4,33.0,1766756569063
4,33.0,1766756569214
4,33.0,1766756569367
4,33.0,1766756569522
4,33.0,1766756569677
4,33.0,1766756569831
4,33.0,1766756569993
4,33.0,1766756570147
4,33.0,1766756570310
4,33.0,1766756570478
4,33.0,1766756570653
4,33.0,1766756570816
4,33.0,1766756570975
4,33.0,1766756571131
4,33.0,1766756571293
4,33.0,1766756571449
4,33.0,1766756571601
4,33.0,1766756571754
4,33.0,1766756571909
4,33.0,1766756572064
4,33.0,1766756572220
4,33.0,1766756572376
4,33.0,1766756572530
4,33.0,1766756572682
4,33.0,1766756572841
4,33.0,1766756572996
4,33.0,1766756573151
4,33.0,1766756573308
4,33.0,1766756573464
4,33.0,1766756573609
4,33.0,1766756573754
4,33.0,1766756573899
4,33.0,1766756574049
4,33.0,1766756574212
4,33.0,1766756574371
4,33.0,1766756574531
4,33.0,1766756574676
4,33.0,1766756574822
4,33.0,1766756574969
4,33.0,1766756575121
4,33.0,1766756575272
4,33.0,1766756575428
4,33.0,1766756575580
4,33.0,1766756575737
4,33.0,1766756575890
4,33.0,1766756576041
4,33.0,1766756576215
4,33.0,1766756576387
4,33.0,1766756576555
4,33.0,1766756576707
4,33.0,1766756576868
4,33.0,1766756577028
4,33.0,1766756577194
4,33.0,1766756577354
4,33.0,1766756577504
4,33.0,1766756577654
4,33.0,1766756577806
4,33.0,1766756577959
4,33.0,1766756578110
4,33.0,1766756578263
4,33.0,1766756578412
4,33.0,1766756578564
4,33.0,1766756578714
4,33.0,1766756578869
4,33.0,1766756579022
4,33.0,1766756579184
4,33.0,1766756579331
4,33.0,1766756579477
4,33.0,1766756579619
4,33.0,1766756579764
4,33.0,1766756579920
4,33.0,1766756580080
4,33.0,1766756580242
4,33.0,1766756580395
4,33.0,1766756580540
4,33.0,1766756580693
4,33.0,1766756580847
4,33.0,1766756581000
4,33.0,1766756581154
4,33.0,1766756581307
4,33.0,1766756581456
4,33.0,1766756581615
4,33.0,1766756581767
4,33.0,1766756581933
4,33.0,1766756582110
4,33.0,1766756582285
4,33.0,1766756582444
4,33.0,1766756582605
4,33.0,1766756582758
4,33.0,1766756582918
4,33.0,1766756583076
4,33.0,1766756583228
4,33.0,1766756583379
4,33.0,1766756583533
4,33.0,1766756583686
4,33.0,1766756583838
4,33.0,1766756583991
4,33.0,1766756584143
4,33.0,1766756584292
4,33.0,1766756584443
4,33.0,1766756584597
4,33.0,1766756584750
4,33.0,1766756584902
4,33.0,1766756585055
4,33.0,1766756585199
4,33.0,1766756585344
4,33.0,1766756585494
4,33.0,1766756585638
4,33.0,1766756585796
4,33.0,1766756585952
4,33.0,1766756586114
4,33.0,1766756586264
4,33.0,1766756586410
4,33.0,1766756586568
4,33.0,1766756586719
4,33.0,1766756586872
4,33.0,1766756587024
4,33.0,1766756587175
4,33.0,1766756587330
4,33.0,1766756587483
4,33.0,1766756587640
4,33.0,1766756587813
4,33.0,1766756587989
4,33.0,1766756588153
4,33.0,1766756588308
4,33.0,1766756588463
4,33.0,1766756588622
4,33.0,1766756588780
4,33.0,1766756588939
4,33.0,1766756589092
4,33.0,1766756589246
4,33.0,1766756589402
4,33.0,1766756589555
4,33.0,1766756589706
4,33.0,1766756589860
4,33.0,1766756590012
4,33.0,1766756590164
4,33.0,1766756590315
4,33.0,1766756590468
4,33.0,1766756590622
4,33.0,1766756590775
4,33.0,1766756590928
4,33.0,1766756591073
4,33.0,1766756591215
4,33.0,1766756591361
4,33.0,1766756591504
4,33.0,1766756591659
4,33.0,1766756591815
4,33.0,1766756591992
4,33.0,1766756592142
4,33.0,1766756592295
4,33.0,1766756592441
4,33.0,1766756592592
4,33.0,1766756592744
4,33.0,1766756592897
4,33.0,1766756593048
4,33.0,1766756593200
4,33.0,1766756593352
4,33.0,1766756593516
4,33.0,1766756593687
4,33.0,1766756593858
4,33.0,1766756594016
4,33.0,1766756594169
4,33.0,1766756594321
4,33.0,1766756594481
4,33.0,1766756594639
4,33.0,1766756594797
4,33.0,1766756594947
4,33.0,1766756595100
4,33.0,1766756595252
4,33.0,1766756595410
4,33.0,1766756595565
4,33.0,1766756595717
4,33.0,1766756595867
4,33.0,1766756596019
4,33.0,1766756596172
4,33.0,1766756596328
4,33.0,1766756596483
4,33.0,1766756596632
4,33.0,1766756596781
4,33.0,1766756596926
4,33.0,1766756597071
4,33.0,1766756597217
4,33.0,1766756597359
4,33.0,1766756597520
4,33.0,1766756597677
4,33.0,1766756597845
4,33.0,1766756598001
4,33.0,1766756598151
4,33.0,1766756598304
4,33.0,1766756598459
4,33.0,1766756598615
4,33.0,1766756598767
4,33.0,1766756598921
4,33.0,1766756599073
4,33.0,1766756599238
4,33.0,1766756599401
4,33.0,1766756599580
4,33.0,1766756599739
4,33.0,1766756599893
4,33.0,1766756600045
4,33.0,1766756600201
4,33.0,1766756600360
4,33.0,1766756600517
4,33.0,1766756600673
4,33.0,1766756600825
4,33.0,1766756600979
4,33.0,1766756601132
4,33.0,1766756601283
4,33.0,1766756601435
4,33.0,1766756601587
4,33.0,1766756601737
4,33.0,1766756601888
4,33.0,1766756602041
4,33.0,1766756602196
4,33.0,1766756602352
4,33.0,1766756602496
4,33.0,1766756602640
4,33.0,1766756602782
4,33.0,1766756602928
4,33.0,1766756603072
4,33.0,1766756603215
4,33.0,1766756603370
4,33.0,1766756603527
4,33.0,1766756603689
4,33.0,1766756603847
4,33.0,1766756604002
4,33.0,1766756604148
4,33.0,1766756604306
4,33.0,1766756604458
4,33.0,1766756604606
4,33.0,1766756604757
4,33.0,1766756604907
4,33.0,1766756605075
4,33.0,1766756605244
4,33.0,1766756605420
4,33.0,1766756605576
4,33.0,1766756605727
4,33.0,1766756605879
4,33.0,1766756606040
4,33.0,1766756606197
4,33.0,1766756606355
4,33.0,1766756606512
4,33.0,1766756606662
4,33.0,1766756606815
4,33.0,1766756606969
4,33.0,1766756607122
4,33.0,1766756607273
4,33.0,1766756607425
4,33.0,1766756607575
4,33.0,1766756607727
4,33.0,1766756607879
4,33.0,1766756608033
4,33.0,1766756608182
4,33.0,1766756608327
4,33.0,1766756608476
4,33.0,1766756608621
4,33.0,1766756608766
4,33.0,1766756608912
4,33.0,1766756609055
4,33.0,1766756609211
5,33.0,1766756609359
5,33.0,1766756609534
5,33.0,1766756609692
5,33.0,1766756609840
5,33.0,1766756609988
5,33.0,1766756610142
5,33.0,1766756610294
5,33.0,1766756610446
5,33.0,1766756610596
5,33.0,1766756610758
5,33.0,1766756610925
5,33.0,1766756611095
5,33.0,1766756611259
5,33.0,1766756611414
5,33.0,1766756611567
5,33.0,1766756611726
5,33.0,1766756611884
5,33.0,1766756612042
5,33.0,1766756612202
5,33.0,1766756612359
5,33.0,1766756612515
5,33.0,1766756612670
5,33.0,1766756612819
5,33.0,1766756612975
5,33.0,1766756613128
5,33.0,1766756613279
5,33.0,1766756613431
5,33.0,1766756613586
5,33.0,1766756613737
5,33.0,1766756613894
5,33.0,1766756614038
5,33.0,1766756614184
5,33.0,1766756614328
5,33.0,1766756614471
5,33.0,1766756614621
5,33.0,1766756614764
5,33.0,1766756614907
5,33.0,1766756615064
5,33.0,1766756615223
5,33.0,1766756615399
5,33.0,1766756615554
5,33.0,1766756615706
5,33.0,1766756615860
5,33.0,1766756616010
5,33.0,1766756616164
5,33.0,1766756616315
5,33.0,1766756616468
5,33.0,1766756616638
5,33.0,1766756616809
5,33.0,1766756616981
5,33.0,1766756617138
5,33.0,1766756617296
5,33.0,1766756617454
5,33.0,1766756617615
5,33.0,1766756617774
5,33.0,1766756617933
5,33.0,1766756618092
5,33.0,1766756618248
5,33.0,1766756618401
5,33.0,1766756618551
5,33.0,1766756618703
5,33.0,1766756618853
5,33.0,1766756619004
5,33.0,1766756619155
5,33.0,1766756619306
5,33.0,1766756619457
5,33.0,1766756619608
5,33.0,1766756619757
5,33.0,1766756619904
5,33.0,1766756620048
5,33.0,1766756620194
5,33.0,1766756620339
5,33.0,1766756620484
5,33.0,1766756620629
5,33.0,1766756620775
5,33.0,1766756620934
5,33.0,1766756621096
5,33.0,1766756621258
5,33.0,1766756621409
5,33.0,1766756621561
5,33.0,1766756621711
5,33.0,1766756621862
5,33.0,1766756622012
5,33.0,1766756622163
5,33.0,1766756622324
5,33.0,1766756622484
5,33.0,1766756622653
5,33.0,1766756622816
5,33.0,1766756622979
5,33.0,1766756623132
5,33.0,1766756623293
5,33.0,1766756623453
5,33.0,1766756623612
5,33.0,1766756623771
5,33.0,1766756623933
5,33.0,1766756624088
5,33.0,1766756624242
5,33.0,1766756624393
5,33.0,1766756624546
5,33.0,1766756624699
5,33.0,1766756624848
5,33.0,1766756625001
5,33.0,1766756625153
5,33.0,1766756625306
5,33.0,1766756625458
5,33.0,1766756625604
5,33.0,1766756625749
5,33.0,1766756625894
5,33.0,1766756626041
5,33.0,1766756626189
5,33.0,1766756626341
5,33.0,1766756626487
5,33.0,1766756626631
5,33.0,1766756626793
5,33.0,1766756626961
5,33.0,1766756627137
5,33.0,1766756627287
5,33.0,1766756627436
5,33.0,1766756627583
5,33.0,1766756627737
5,33.0,1766756627887
5,33.0,1766756628036
5,33.0,1766756628206
5,33.0,1766756628381
5,33.0,1766756628555
5,33.0,1766756628710
5,33.0,1766756628868
5,33.0,1766756629025
5,33.0,1766756629185
5,33.0,1766756629343
5,33.0,1766756629505
5,33.0,1766756629665
5,33.0,1766756629827
5,33.0,1766756629981
5,33.0,1766756630131
5,33.0,1766756630283
5,33.0,1766756630433
5,33.0,1766756630585
5,33.0,1766756630735
5,33.0,1766756630887
5,33.0,1766756631037
5,33.0,1766756631189
5,33.0,1766756631336
5,33.0,1766756631479
5,33.0,1766756631624
5,33.0,1766756631767
5,33.0,1766756631915
5,33.0,1766756632059
5,33.0,1766756632207
5,33.0,1766756632350
5,33.0,1766756632495
5,33.0,1766756632659
5,33.0,1766756632819
5,33.0,1766756632981
5,33.0,1766756633128
5,33.0,1766756633283
5,33.0,1766756633429
5,33.0,1766756633580
5,33.0,1766756633729
5,33.0,1766756633894
5,33.0,1766756634057
5,33.0,1766756634228
5,33.0,1766756634389
5,33.0,1766756634548
5,33.0,1766756634702
5,33.0,1766756634863
5,33.0,1766756635022
5,33.0,1766756635181
5,33.0,1766756635341
5,33.0,1766756635503
5,33.0,1766756635664
5,33.0,1766756635820
5,33.0,1766756635974
5,33.0,1766756636127
5,33.0,1766756636277
5,33.0,1766756636427
5,33.0,1766756636578
5,33.0,1766756636732
5,33.0,1766756636884
5,33.0,1766756637036
5,33.0,1766756637188
5,33.0,1766756637341
5,33.0,1766756637487
5,33.0,1766756637633
5,33.0,1766756637782
5,33.0,1766756637927
5,33.0,1766756638073
5,33.0,1766756638219
5,33.0,1766756638362
5,33.0,1766756638528
5,33.0,1766756638695
5,33.0,1766756638860
5,33.0,1766756639007
5,33.0,1766756639152
5,33.0,1766756639299
5,33.0,1766756639453
5,33.0,1766756639604
5,33.0,1766756639771
5,33.0,1766756639944
5,33.0,1766756640113
5,33.0,1766756640265
5,33.0,1766756640421
5,33.0,1766756640577
5,33.0,1766756640736
5,33.0,1766756640895
5,33.0,1766756641051
5,33.0,1766756641211
5,33.0,1766756641372
5,33.0,1766756641534
5,33.0,1766756641691
5,33.0,1766756641846
5,33.0,1766756641997
5,33.0,1766756642148
5,33.0,1766756642300
5,33.0,1766756642451
5,33.0,1766756642604
5,33.0,1766756642758
5,33.0,1766756642904
5,33.0,1766756643049
5,33.0,1766756643194
5,33.0,1766756643340
5,33.0,1766756643485
5,33.0,1766756643634
5,33.0,1766756643779
5,33.0,1766756643925
5,33.0,1766756644068
5,33.0,1766756644211
5,33.0,1766756644375
5,33.0,1766756644541
5,33.0,1766756644701
5,33.0,1766756644850
5,33.0,1766756644997
5,33.0,1766756645143
5,33.0,1766756645300
5,33.0,1766756645464
5,33.0,1766756645629
5,33.0,1766756645803
5,33.0,1766756645964
5,33.0,1766756646124
5,33.0,1766756646279
5,33.0,1766756646438
5,33.0,1766756646596
5,33.0,1766756646754
5,33.0,1766756646915
5,33.0,1766756647078
5,33.0,1766756647239
5,33.0,1766756647400
5,33.0,1766756647556
5,33.0,1766756647708
5,33.0,1766756647860
5,33.0,1766756648014
5,33.0,1766756648166
5,33.0,1766756648319
5,33.0,1766756648471
5,33.0,1766756648620
5,33.0,1766756648762
5,33.0,1766756648906
5,33.0,1766756649052
5,33.0,1766756649197
5,33.0,1766756649344
5,33.0,1766756649491
5,33.0,1766756649634
5,33.0,1766756649785
5,33.0,1766756649929
5,33.0,1766756650081
5,33.0,1766756650251
5,33.0,1766756650416
5,33.0,1766756650579
5,33.0,1766756650726
5,33.0,1766756650882
5,33.0,1766756651030
5,33.0,1766756651185
5,33.0,1766756651351
5,33.0,1766756651522
5,33.0,1766756651688
5,33.0,1766756651843
5,33.0,1766756652000
5,33.0,1766756652155
5,33.0,1766756652316
5,33.0,1766756652473
5,33.0,1766756652630
5,33.0,1766756652788
5,33.0,1766756652947
5,33.0,1766756653109
5,33.0,1766756653267
5,33.0,1766756653420
5,33.0,1766756653570
5,33.0,1766756653722
5,33.0,1766756653874
5,33.0,1766756654027
5,33.0,1766756654183
5,33.0,1766756654338
5,33.0,1766756654481
5,33.0,1766756654625
5,33.0,1766756654771
5,33.0,1766756654918
5,33.0,1766756655063
5,33.0,1766756655216
5,33.0,1766756655360
5,33.0,1766756655507
5,33.0,1766756655655
5,33.0,1766756655801
5,33.0,1766756655959
5,33.0,1766756656117
5,33.0,1766756656285
5,33.0,1766756656438
5,33.0,1766756656583
5,33.0,1766756656735
5,33.0,1766756656883
5,33.0,1766756657050
5,33.0,1766756657221
5,33.0,1766756657389
5,33.0,1766756657542
5,33.0,1766756657698
5,33.0,1766756657850
5,33.0,1766756658009
5,33.0,1766756658165
5,33.0,1766756658322
5,33.0,1766756658478
5,33.0,1766756658637
5,33.0,1766756658798
5,33.0,1766756658958
5,33.0,1766756659117
5,33.0,1766756659268
5,33.0,1766756659421
5,33.0,1766756659572
5,33.0,1766756659724
5,33.0,1766756659876
5,33.0,1766756660030
5,33.0,1766756660176
5,33.0,1766756660319
5,33.0,1766756660461
5,33.0,1766756660606
5,33.0,1766756660753
5,33.0,1766756660900
5,33.0,1766756661045
5,33.0,1766756661190
5,33.0,1766756661333
5,33.0,1766756661480
5,33.0,1766756661625
5,33.0,1766756661779
5,33.0,1766756661942
5,33.0,1766756662111
5,33.0,1766756662268
5,33.0,1766756662416
5,33.0,1766756662568
5,33.0,1766756662723
5,33.0,1766756662893
5,33.0,1766756663064
5,33.0,1766756663225
5,33.0,1766756663378
5,33.0,1766756663534
5,33.0,1766756663689
5,33.0,1766756663846
5,33.0,1766756664003
5,33.0,1766756664159
5,33.0,1766756664315
5,33.0,1766756664475
5,33.0,1766756664635
5,33.0,1766756664796
5,33.0,1766756664955
5,33.0,1766756665105
5,33.0,1766756665256
5,33.0,1766756665406
5,33.0,1766756665559
5,33.0,1766756665710
5,33.0,1766756665862
5,33.0,1766756666004
5,33.0,1766756666146
5,33.0,1766756666287
5,33.0,1766756666431
5,33.0,1766756666576
5,33.0,1766756666721
5,33.0,1766756666865
5,33.0,1766756667014
5,33.0,1766756667156
5,33.0,1766756667306
5,33.0,1766756667452
5,33.0,1766756667601
5,33.0,1766756667764
5,33.0,1766756667931
5,33.0,1766756668089
5,33.0,1766756668236
5,33.0,1766756668383
5,33.0,1766756668544
5,33.0,1766756668714
5,33.0,1766756668895
5,33.0,1766756669052
5,33.0,1766756669213
5,33.0,1766756669368
5,33.0,1766756669527
5,33.0,1766756669687
5,33.0,1766756669848
5,33.0,1766756670009
5,33.0,1766756670170
5,33.0,1766756670330
5,33.0,1766756670492
5,33.0,1766756670651
5,33.0,1766756670810
5,33.0,1766756670963
5,33.0,1766756671113
5,33.0,1766756671263
5,33.0,1766756671414
5,33.0,1766756671564
5,33.0,1766756671712
5,33.0,1766756671854
5,33.0,1766756671995
5,33.0,1766756672137
5,33.0,1766756672281
5,33.0,1766756672429
5,33.0,1766756672576
5,33.0,1766756672720
5,33.0,1766756672869
5,33.0,1766756673013
5,33.0,1766756673160
5,33.0,1766756673307
5,33.0,1766756673458
5,33.0,1766756673627
5,33.0,1766756673793
5,33.0,1766756673960
5,33.0,1766756674105
5,33.0,1766756674262
5,33.0,1766756674429
5,33.0,1766756674599
5,33.0,1766756674764
5,33.0,1766756674918
5,33.0,1766756675074
5,33.0,1766756675230
5,33.0,1766756675387
5,33.0,1766756675541
5,33.0,1766756675704
5,33.0,1766756675862
5,33.0,1766756676020
5,33.0,1766756676180
5,33.0,1766756676337
5,33.0,1766756676497
5,33.0,1766756676655
5,33.0,1766756676806
5,33.0,1766756676960
5,33.0,1766756677114
5,33.0,1766756677265
5,33.0,1766756677416
5,33.0,1766756677560
5,33.0,1766756677703
5,33.0,1766756677846
5,33.0,1766756677988
5,33.0,1766756678132
5,33.0,1766756678277
5,33.0,1766756678422
5,33.0,1766756678565
5,33.0,1766756678713
5,33.0,1766756678855
5,33.0,1766756679001
5,33.0,1766756679151
5,33.0,1766756679302
5,33.0,1766756679473
5,33.0,1766756679637
5,33.0,1766756679797
5,33.0,1766756679941
5,33.0,1766756680103
5,33.0,1766756680265
5,33.0,1766756680436
5,33.0,1766756680592
5,33.0,1766756680744
5,33.0,1766756680895
5,33.0,1766756681053
5,33.0,1766756681213
5,33.0,1766756681372
5,33.0,1766756681528
5,33.0,1766756681689
5,33.0,1766756681851
5,33.0,1766756682011
5,33.0,1766756682168
5,33.0,1766756682326
5,33.0,1766756682483
5,33.0,1766756682631
5,33.0,1766756682782
5,33.0,1766756682934
5,33.0,1766756683084
5,33.0,1766756683233
5,33.0,1766756683375
5,33.0,1766756683517
5,33.0,1766756683658
5,33.0,1766756683803
5,33.0,1766756683950
5,33.0,1766756684095
5,33.0,1766756684239
5,33.0,1766756684388
5,33.0,1766756684532
5,33.0,1766756684682
5,33.0,1766756684834
5,33.0,1766756684982
5,33.0,1766756685131
5,33.0,1766756685297
5,33.0,1766756685467
5,33.0,1766756685627
5,33.0,1766756685773
5,33.0,1766756685935
5,33.0,1766756686102
5,33.0,1766756686269
5,33.0,1766756686420
5,33.0,1766756686571
5,33.0,1766756686723
5,33.0,1766756686881
5,33.0,1766756687039
5,33.0,1766756687198
5,33.0,1766756687357
5,33.0,1766756687518
5,33.0,1766756687678
5,33.0,1766756687844
5,33.0,1766756688008
5,33.0,1766756688167
5,33.0,1766756688327
5,33.0,1766756688482
5,33.0,1766756688636
5,33.0,1766756688789
5,33.0,1766756688943
5,33.0,1766756689086
5,33.0,1766756689227
5,33.0,1766756689370
5,33.0,1766756689515
5,33.0,1766756689658
5,33.0,1766756689804
5,33.0,1766756689947
5,33.0,1766756690095
5,33.0,1766756690238
5,33.0,1766756690391
5,33.0,1766756690540
5,33.0,1766756690692
5,33.0,1766756690838
5,33.0,1766756690995
5,33.0,1766756691157
5,33.0,1766756691322
5,33.0,1766756691482
5,33.0,1766756691640
5,33.0,1766756691805
5,33.0,1766756691982
5,33.0,1766756692138
5,33.0,1766756692297
5,33.0,1766756692449
5,33.0,1766756692606
5,33.0,1766756692764
5,33.0,1766756692924
5,33.0,1766756693084
5,33.0,1766756693245
5,33.0,1766756693407
5,33.0,1766756693569
5,33.0,1766756693732
5,33.0,1766756693891
5,33.0,1766756694053
5,33.0,1766756694212
5,33.0,1766756694368
5,33.0,1766756694521
5,33.0,1766756694673
5,33.0,1766756694819
5,33.0,1766756694963
5,33.0,1766756695106
5,33.0,1766756695249
5,33.0,1766756695391
5,33.0,1766756695533
5,33.0,1766756695680
5,33.0,1766756695824
5,33.0,1766756695970
5,33.0,1766756696118
5,33.0,1766756696264
5,33.0,1766756696413
5,33.0,1766756696560
5,33.0,1766756696713
5,33.0,1766756696876
5,33.0,1766756697035
5,33.0,1766756697206
5,33.0,1766756697369
5,33.0,1766756697537
5,33.0,1766756697708
5,33.0,1766756697877
5,33.0,1766756698033
5,33.0,1766756698185
5,33.0,1766756698345
5,33.0,1766756698507
5,33.0,1766756698668
5,33.0,1766756698829
5,33.0,1766756698996
5,33.0,1766756699156
5,33.0,1766756699318
5,33.0,1766756699479
5,33.0,1766756699638
5,33.0,1766756699797
5,33.0,1766756699958
5,33.0,1766756700110
5,33.0,1766756700263
5,33.0,1766756700414
5,33.0,1766756700562
5,33.0,1766756700705
5,33.0,1766756700847
5,33.0,1766756700989
5,33.0,1766756701131
5,33.0,1766756701273
5,33.0,1766756701418
5,33.0,1766756701562
5,33.0,1766756701705
5,33.0,1766756701850
5,33.0,1766756701999
5,33.0,1766756702147
5,33.0,1766756702295
5,33.0,1766756702446
5,33.0,1766756702592
5,33.0,1766756702750
5,33.0,1766756702908
5,33.0,1766756703084
5,33.0,1766756703259
5,33.0,1766756703427
5,33.0,1766756703586
5,33.0,1766756703737
5,33.0,1766756703888
5,33.0,1766756704041
5,33.0,1766756704202
5,33.0,1766756704363
5,33.0,1766756704524
5,33.0,1766756704683
5,33.0,1766756704849
5,33.0,1766756705011
5,33.0,1766756705173
5,33.0,1766756705335
5,33.0,1766756705494
5,33.0,1766756705654
5,33.0,1766756705816
5,33.0,1766756705971
5,33.0,1766756706126
5,33.0,1766756706279
5,33.0,1766756706422
5,33.0,1766756706566
5,33.0,1766756706708
5,33.0,1766756706851
5,33.0,1766756706993
5,33.0,1766756707139
5,33.0,1766756707282
5,33.0,1766756707431
5,33.0,1766756707579
5,33.0,1766756707724
5,33.0,1766756707877
5,33.0,1766756708025
5,33.0,1766756708175
5,33.0,1766756708330
5,33.0,1766756708476
5,33.0,1766756708637
5,33.0,1766756708802
5,33.0,1766756708991
5,33.0,1766756709151
5,33.0,1766756709322
5,33.0,1766756709476
5,33.0,1766756709632
5,33.0,1766756709782
5,33.0,1766756709939
5,33.0,1766756710097
5,33.0,1766756710256
5,33.0,1766756710417
5,33.0,1766756710583
5,33.0,1766756710745
5,33.0,1766756710907
5,33.0,1766756711070
5,33.0,1766756711230
5,33.0,1766756711390
5,33.0,1766756711549
5,33.0,1766756711710
5,33.0,1766756711863
5,33.0,1766756712014
5,33.0,1766756712160
5,33.0,1766756712303
5,33.0,1766756712447
5,33.0,1766756712593
5,33.0,1766756712736
5,33.0,1766756712881
5,33.0,1766756713023
5,33.0,1766756713165
5,33.0,1766756713311
5,33.0,1766756713459
5,33.0,1766756713607
5,33.0,1766756713757
5,33.0,1766756713904
5,33.0,1766756714057
5,33.0,1766756714203
5,33.0,1766756714350
5,33.0,1766756714516
5,33.0,1766756714680
5,33.0,1766756714873
5,33.0,1766756715038
5,33.0,1766756715199
5,33.0,1766756715350
5,33.0,1766756715505
5,33.0,1766756715661
5,33.0,1766756715820
5,33.0,1766756715977
5,33.0,1766756716135
5,33.0,1766756716296
5,33.0,1766756716457
5,33.0,1766756716616
5,33.0,1766756716776
5,33.0,1766756716936
5,33.0,1766756717092
5,33.0,1766756717250
5,33.0,1766756717412
5,33.0,1766756717572
5,33.0,1766756717724
5,33.0,1766756717874
5,33.0,1766756718017
5,33.0,1766756718161
5,33.0,1766756718305
5,33.0,1766756718447
5,33.0,1766756718590
5,33.0,1766756718736
5,33.0,1766756718881
5,33.0,1766756719027
5,33.0,1766756719171
5,33.0,1766756719319
5,33.0,1766756719466
5,33.0,1766756719614
5,33.0,1766756719762
5,33.0,1766756719915
5,33.0,1766756720060
5,33.0,1766756720206
5,33.0,1766756720368
5,33.0,1766756720545
5,33.0,1766756720733
5,33.0,1766756720900
5,33.0,1766756721059
5,33.0,1766756721216
5,33.0,1766756721370
5,33.0,1766756721531
5,33.0,1766756721695
5,33.0,1766756721855
5,33.0,1766756722020
5,33.0,1766756722183
5,33.0,1766756722346
5,33.0,1766756722511
5,33.0,1766756722672
5,33.0,1766756722831
5,33.0,1766756722992
5,33.0,1766756723151
5,33.0,1766756723317
5,33.0,1766756723476
5,33.0,1766756723630
5,33.0,1766756723773
5,33.0,1766756723915
5,33.0,1766756724060
5,33.0,1766756724202
5,33.0,1766756724347
5,33.0,1766756724490
5,33.0,1766756724632
5,33.0,1766756724775
5,33.0,1766756724925
5,33.0,1766756725072
5,33.0,1766756725220
5,33.0,1766756725366
5,33.0,1766756725514
5,33.0,1766756725663
5,33.0,1766756725813
5,33.0,1766756725960
5,33.0,1766756726115
5,33.0,1766756726283
5,33.0,1766756726455
5,33.0,1766756726634
5,33.0,1766756726793
5,33.0,1766756726944
5,33.0,1766756727101
5,33.0,1766756727261
5,33.0,1766756727422
5,33.0,1766756727582
5,33.0,1766756727742
5,33.0,1766756727904
5,33.0,1766756728067
5,33.0,1766756728231
5,33.0,1766756728395
5,33.0,1766756728555
5,33.0,1766756728715
5,33.0,1766756728875
5,33.0,1766756729036
5,33.0,1766756729198
5,33.0,1766756729357
5,33.0,1766756729504
5,33.0,1766756729649
5,33.0,1766756729796
5,33.0,1766756729940
5,33.0,1766756730084
5,33.0,1766756730231
5,33.0,1766756730375
5,33.0,1766756730521
5,33.0,1766756730666
5,33.0,1766756730813
5,33.0,1766756730965
5,33.0,1766756731114
5,33.0,1766756731265
5,33.0,1766756731415
5,33.0,1766756731562
5,33.0,1766756731718
5,33.0,1766756731866
5,33.0,1766756732030
5,33.0,1766756732215
5,33.0,1766756732404
5,33.0,1766756732568
5,33.0,1766756732727
5,33.0,1766756732877
5,33.0,1766756733037
5,33.0,1766756733196
5,33.0,1766756733358
5,33.0,1766756733519
5,33.0,1766756733683
5,33.0,1766756733842
5,33.0,1766756733996
5,33.0,1766756734151
5,33.0,1766756734307
5,33.0,1766756734463
5,33.0,1766756734619
5,33.0,1766756734775
5,33.0,1766756734928
5,33.0,1766756735082
5,33.0,1766756735248
5,33.0,1766756735409
5,33.0,1766756735573
5,33.0,1766756735721
5,33.0,1766756735868
5,33.0,1766756736014
5,33.0,1766756736169
5,33.0,1766756736319
5,33.0,1766756736468
5,33.0,1766756736617
5,33.0,1766756736772
5,33.0,1766756736927
5,33.0,1766756737081
5,33.0,1766756737238
5,33.0,1766756737390
5,33.0,1766756737543
5,33.0,1766756737695
5,33.0,1766756737861
5,33.0,1766756738025
5,33.0,1766756738205
5,33.0,1766756738363
5,33.0,1766756738512
5,33.0,1766756738658
5,33.0,1766756738812
5,33.0,1766756738968
5,33.0,1766756739119
5,33.0,1766756739272
5,33.0,1766756739424
5,33.0,1766756739580
5,33.0,1766756739733
5,33.0,1766756739890
5,33.0,1766756740048
5,33.0,1766756740202
5,33.0,1766756740355
5,33.0,1766756740509
5,33.0,1766756740663
5,33.0,1766756740818
5,33.0,1766756740980
5,33.0,1766756741139
5,33.0,1766756741303
5,33.0,1766756741461
5,33.0,1766756741605
5,33.0,1766756741754
5,33.0,1766756741900
5,33.0,1766756742050
5,33.0,1766756742199
5,33.0,1766756742347
5,33.0,1766756742499
5,33.0,1766756742654
5,33.0,1766756742807
5,33.0,1766756742965
5,33.0,1766756743117
5,33.0,1766756743269
5,33.0,1766756743423
5,33.0,1766756743573
5,33.0,1766756743746
5,33.0,1766756743921
5,33.0,1766756744086
5,33.0,1766756744233
5,33.0,1766756744384
5,33.0,1766756744529
5,33.0,1766756744679
5,33.0,1766756744831
5,33.0,1766756744982
5,33.0,1766756745133
5,33.0,1766756745287
5,33.0,1766756745441
5,33.0,1766756745595
5,33.0,1766756745750
5,33.0,1766756745907
5,33.0,1766756746060
5,33.0,1766756746219
5,33.0,1766756746373
5,33.0,1766756746526
5,33.0,1766756746678
5,33.0,1766756746834
5,33.0,1766756746997
5,33.0,1766756747160
5,33.0,1766756747319
5,33.0,1766756747463
5,33.0,1766756747615
5,33.0,1766756747763
5,33.0,1766756747915
5,33.0,1766756748066
5,33.0,1766756748217
5,33.0,1766756748370
5,33.0,1766756748529
5,33.0,1766756748686
5,33.0,1766756748840
5,33.0,1766756748992
5,33.0,1766756749147
5,33.0,1766756749297
5,33.0,1766756749460
5,33.0,1766756749633
5,33.0,1766756749810
5,33.0,1766756749969
5,33.0,1766756750120
5,33.0,1766756750266
5,33.0,1766756750417
5,33.0,1766756750569
5,33.0,1766756750720
5,33.0,1766756750872
5,33.0,1766756751028
5,33.0,1766756751182
5,33.0,1766756751334
5,33.0,1766756751488
5,33.0,1766756751642
5,33.0,1766756751795
5,33.0,1766756751948
5,33.0,1766756752107
5,33.0,1766756752261
5,33.0,1766756752420
5,33.0,1766756752571
5,33.0,1766756752728
5,33.0,1766756752883
5,33.0,1766756753049
5,33.0,1766756753202
5,33.0,1766756753356
5,33.0,1766756753501
5,33.0,1766756753650
5,33.0,1766756753799
5,33.0,1766756753949
5,33.0,1766756754108
6,33.0,1766756754255
6,33.0,1766756754407
6,33.0,1766756754559
6,33.0,1766756754716
6,33.0,1766756754871
6,33.0,1766756755026
6,33.0,1766756755185
6,33.0,1766756755351
6,33.0,1766756755520
6,33.0,1766756755685
6,33.0,1766756755842
6,33.0,1766756755988
6,33.0,1766756756141
6,33.0,1766756756293
6,33.0,1766756756443
6,33.0,1766756756595
6,33.0,1766756756746
6,33.0,1766756756898
6,33.0,1766756757050
6,33.0,1766756757209
6,33.0,1766756757367
6,33.0,1766756757522
6,33.0,1766756757676
6,33.0,1766756757831
6,33.0,1766756757984
6,33.0,1766756758140
6,33.0,1766756758295
6,33.0,1766756758442
6,33.0,1766756758596
6,33.0,1766756758753
6,33.0,1766756758920
6,33.0,1766756759070
6,33.0,1766756759219
6,33.0,1766756759363
6,33.0,1766756759514
6,33.0,1766756759663
6,33.0,1766756759816
6,33.0,1766756759969
6,33.0,1766756760121
6,33.0,1766756760284
6,33.0,1766756760436
6,33.0,1766756760592
6,33.0,1766756760746
6,33.0,1766756760898
6,33.0,1766756761067
6,33.0,1766756761241
6,33.0,1766756761415
6,33.0,1766756761569
6,33.0,1766756761730
6,33.0,1766756761881
6,33.0,1766756762037
6,33.0,1766756762189
6,33.0,1766756762341
6,33.0,1766756762493
6,33.0,1766756762647
6,33.0,1766756762802
6,33.0,1766756762959
6,33.0,1766756763112
6,33.0,1766756763268
6,33.0,1766756763423
6,33.0,1766756763577
6,33.0,1766756763735
6,33.0,1766756763893
6,33.0,1766756764051
6,33.0,1766756764199
6,33.0,1766756764343
6,33.0,1766756764506
6,33.0,1766756764665
6,33.0,1766756764828
6,33.0,1766756764973
6,33.0,1766756765119
6,33.0,1766756765268
6,33.0,1766756765422
6,33.0,1766756765576
6,33.0,1766756765729
6,33.0,1766756765881
6,33.0,1766756766036
6,33.0,1766756766193
6,33.0,1766756766350
6,33.0,1766756766502
6,33.0,1766756766656
6,33.0,1766756766825
6,33.0,1766756766994
6,33.0,1766756767167
6,33.0,1766756767320
6,33.0,1766756767475
6,33.0,1766756767625
6,33.0,1766756767778
6,33.0,1766756767929
6,33.0,1766756768081
6,33.0,1766756768232
6,33.0,1766756768385
6,33.0,1766756768538
6,33.0,1766756768690
6,33.0,1766756768844
6,33.0,1766756768997
6,33.0,1766756769152
6,33.0,1766756769308
6,33.0,1766756769463
6,33.0,1766756769618
6,33.0,1766756769773
6,33.0,1766756769928
6,33.0,1766756770073
6,33.0,1766756770223
6,33.0,1766756770389
6,33.0,1766756770555
6,33.0,1766756770713
6,33.0,1766756770859
6,33.0,1766756771003
6,33.0,1766756771149
6,33.0,1766756771301
6,33.0,1766756771451
6,33.0,1766756771603
6,33.0,1766756771757
6,33.0,1766756771914
6,33.0,1766756772067
6,33.0,1766756772221
6,33.0,1766756772374
6,33.0,1766756772539
6,33.0,1766756772704
6,33.0,1766756772879
6,33.0,1766756773041
6,33.0,1766756773197
6,33.0,1766756773347
6,33.0,1766756773501
6,33.0,1766756773650
6,33.0,1766756773800
6,33.0,1766756773949
6,33.0,1766756774103
6,33.0,1766756774254
6,33.0,1766756774406
6,33.0,1766756774558
6,33.0,1766756774711
6,33.0,1766756774861
6,33.0,1766756775015
6,33.0,1766756775167
6,33.0,1766756775322
6,33.0,1766756775479
6,33.0,1766756775635
6,33.0,1766756775780
6,33.0,1766756775925
6,33.0,1766756776074
6,33.0,1766756776235
6,33.0,1766756776402
6,33.0,1766756776561
6,33.0,1766756776705
6,33.0,1766756776853
6,33.0,1766756776999
6,33.0,1766756777153
6,33.0,1766756777303
6,33.0,1766756777455
6,33.0,1766756777613
6,33.0,1766756777766
6,33.0,1766756777920
6,33.0,1766756778075
6,33.0,1766756778227
6,33.0,1766756778394
6,33.0,1766756778564
6,33.0,1766756778732
6,33.0,1766756778886
6,33.0,1766756779038
6,33.0,1766756779191
6,33.0,1766756779345
6,33.0,1766756779494
6,33.0,1766756779644
6,33.0,1766756779793
6,33.0,1766756779946
6,33.0,1766756780098
6,33.0,1766756780252
6,33.0,1766756780407
6,33.0,1766756780560
6,33.0,1766756780716
6,33.0,1766756780873
6,33.0,1766756781028
6,33.0,1766756781183
6,33.0,1766756781340
6,33.0,1766756781488
6,33.0,1766756781632
6,33.0,1766756781776
6,33.0,1766756781926
6,33.0,1766756782091
6,33.0,1766756782256
6,33.0,1766756782416
6,33.0,1766756782560
6,33.0,1766756782705
6,33.0,1766756782854
6,33.0,1766756783010
6,33.0,1766756783165
6,33.0,1766756783317
6,33.0,1766756783472
6,33.0,1766756783627
6,33.0,1766756783780
6,33.0,1766756783932
6,33.0,1766756784098
6,33.0,1766756784269
6,33.0,1766756784452
6,33.0,1766756784611
6,33.0,1766756784765
6,33.0,1766756784918
6,33.0,1766756785076
6,33.0,1766756785230
6,33.0,1766756785380
6,33.0,1766756785532
6,33.0,1766756785686
6,33.0,1766756785840
6,33.0,1766756785995
6,33.0,1766756786147
6,33.0,1766756786299
6,33.0,1766756786453
6,33.0,1766756786604
6,33.0,1766756786758
6,33.0,1766756786912
6,33.0,1766756787075
6,33.0,1766756787228
6,33.0,1766756787372
6,33.0,1766756787519
6,33.0,1766756787663
6,33.0,1766756787821
6,33.0,1766756787976
6,33.0,1766756788135
6,33.0,1766756788289
6,33.0,1766756788437
6,33.0,1766756788589
6,33.0,1766756788741
6,33.0,1766756788893
6,33.0,1766756789045
6,33.0,1766756789199
6,33.0,1766756789353
6,33.0,1766756789510
6,33.0,1766756789663
6,33.0,1766756789823
6,33.0,1766756789995
6,33.0,1766756790166
6,33.0,1766756790328
6,33.0,1766756790480
6,33.0,1766756790636
6,33.0,1766756790791
6,33.0,1766756790950
6,33.0,1766756791101
6,33.0,1766756791250
6,33.0,1766756791400
6,33.0,1766756791554
6,33.0,1766756791709
6,33.0,1766756791861
6,33.0,1766756792017
6,33.0,1766756792172
6,33.0,1766756792324
6,33.0,1766756792479
6,33.0,1766756792633
6,33.0,1766756792788
6,33.0,1766756792945
6,33.0,1766756793095
6,33.0,1766756793239
6,33.0,1766756793386
6,33.0,1766756793533
6,33.0,1766756793691
6,33.0,1766756793846
6,33.0,1766756794009
6,33.0,1766756794161
6,33.0,1766756794304
6,33.0,1766756794458
6,33.0,1766756794608
6,33.0,1766756794763
6,33.0,1766756794917
6,33.0,1766756795072
6,33.0,1766756795223
6,33.0,1766756795380
6,33.0,1766756795532
6,33.0,1766756795698
6,33.0,1766756795872
6,33.0,1766756796050
6,33.0,1766756796207
6,33.0,1766756796362
6,33.0,1766756796514
6,33.0,1766756796677
6,33.0,1766756796835
6,33.0,1766756796983
6,33.0,1766756797132
6,33.0,1766756797284
6,33.0,1766756797439
6,33.0,1766756797590
6,33.0,1766756797742
6,33.0,1766756797893
6,33.0,1766756798043
6,33.0,1766756798193
6,33.0,1766756798348
6,33.0,1766756798502
6,33.0,1766756798657
6,33.0,1766756798810
6,33.0,1766756798955
6,33.0,1766756799100
6,33.0,1766756799247
6,33.0,1766756799391
6,33.0,1766756799547
6,33.0,1766756799707
6,33.0,1766756799870
6,33.0,1766756800022
6,33.0,1766756800169
6,33.0,1766756800321
6,33.0,1766756800471
6,33.0,1766756800624
6,33.0,1766756800778
6,33.0,1766756800928
6,33.0,1766756801082
6,33.0,1766756801235
6,33.0,1766756801398
6,33.0,1766756801561
6,33.0,1766756801734
6,33.0,1766756801893
6,33.0,1766756802048
6,33.0,1766756802201
6,33.0,1766756802361
6,33.0,1766756802520
6,33.0,1766756802678
6,33.0,1766756802828
6,33.0,1766756802977
6,33.0,1766756803131
6,33.0,1766756803283
6,33.0,1766756803434
6,33.0,1766756803586
6,33.0,1766756803738
6,33.0,1766756803889
6,33.0,1766756804040
6,33.0,1766756804195
6,33.0,1766756804350
6,33.0,1766756804504
6,33.0,1766756804653
6,33.0,1766756804797
6,33.0,1766756804941
6,33.0,1766756805091
6,33.0,1766756805237
6,33.0,1766756805396
6,33.0,1766756805554
6,33.0,1766756805722
6,33.0,1766756805872
6,33.0,1766756806029
6,33.0,1766756806176
6,33.0,1766756806329
6,33.0,1766756806485
6,33.0,1766756806637
6,33.0,1766756806787
6,33.0,1766756806941
6,33.0,1766756807094
6,33.0,1766756807264
6,33.0,1766756807434
6,33.0,1766756807610
6,33.0,1766756807761
6,33.0,1766756807912
6,33.0,1766756808065
6,33.0,1766756808228
6,33.0,1766756808386
6,33.0,1766756808544
6,33.0,1766756808694
6,33.0,1766756808848
6,33.0,1766756809002
6,33.0,1766756809155
6,33.0,1766756809305
6,33.0,1766756809456
6,33.0,1766756809605
6,33.0,1766756809755
6,33.0,1766756809908
6,33.0,1766756810063
6,33.0,1766756810216
6,33.0,1766756810364
6,33.0,1766756810512
6,33.0,1766756810657
6,33.0,1766756810802
6,33.0,1766756810952
6,33.0,1766756811097
6,33.0,1766756811254
6,33.0,1766756811410
6,33.0,1766756811573
6,33.0,1766756811731
6,33.0,1766756811881
6,33.0,1766756812030
6,33.0,1766756812181
6,33.0,1766756812336
6,33.0,1766756812488
6,33.0,1766756812639
6,33.0,1766756812792
6,33.0,1766756812951
6,33.0,1766756813114
6,33.0,1766756813286
6,33.0,1766756813450
6,33.0,1766756813611
6,33.0,1766756813763
6,33.0,1766756813922
6,33.0,1766756814079
6,33.0,1766756814238
6,33.0,1766756814400
6,33.0,1766756814554
6,33.0,1766756814706
6,33.0,1766756814860
6,33.0,1766756815012
6,33.0,1766756815164
6,33.0,1766756815314
6,33.0,1766756815465
6,33.0,1766756815617
6,33.0,1766756815769
6,33.0,1766756815924
6,33.0,1766756816079
6,33.0,1766756816225
6,33.0,1766756816371
6,33.0,1766756816516
6,33.0,1766756816659
6,33.0,1766756816806
6,33.0,1766756816953
6,33.0,1766756817110
6,33.0,1766756817281
6,33.0,1766756817451
6,33.0,1766756817603
6,33.0,1766756817754
6,33.0,1766756817903
6,33.0,1766756818060
6,33.0,1766756818212
6,33.0,1766756818364
6,33.0,1766756818515
6,33.0,1766756818668
6,33.0,1766756818841
6,33.0,1766756819017
6,33.0,1766756819182
6,33.0,1766756819336
6,33.0,1766756819497
6,33.0,1766756819655
6,33.0,1766756819818
6,33.0,1766756819980
6,33.0,1766756820143
6,33.0,1766756820303
6,33.0,1766756820460
6,33.0,1766756820614
6,33.0,1766756820767
6,33.0,1766756820924
6,33.0,1766756821077
6,33.0,1766756821228
6,33.0,1766756821382
6,33.0,1766756821536
6,33.0,1766756821694
6,33.0,1766756821849
6,33.0,1766756821996
6,33.0,1766756822141
6,33.0,1766756822290
6,33.0,1766756822435
6,33.0,1766756822585
6,33.0,1766756822730
6,33.0,1766756822878
6,33.0,1766756823042
6,33.0,1766756823205
6,33.0,1766756823373
6,33.0,1766756823521
6,33.0,1766756823669
6,33.0,1766756823825
6,33.0,1766756823979
6,33.0,1766756824133
6,33.0,1766756824285
6,33.0,1766756824435
6,33.0,1766756824605
6,33.0,1766756824775
6,33.0,1766756824946
6,33.0,1766756825099
6,33.0,1766756825250
6,33.0,1766756825403
6,33.0,1766756825565
6,33.0,1766756825722
6,33.0,1766756825878
6,33.0,1766756826039
6,33.0,1766756826196
6,33.0,1766756826349
6,33.0,1766756826501
6,33.0,1766756826651
6,33.0,1766756826801
6,33.0,1766756826951
6,33.0,1766756827106
6,33.0,1766756827260
6,33.0,1766756827412
6,33.0,1766756827568
6,33.0,1766756827716
6,33.0,1766756827863
6,33.0,1766756828007
6,33.0,1766756828153
6,33.0,1766756828297
6,33.0,1766756828446
6,33.0,1766756828591
6,33.0,1766756828734
6,33.0,1766756828896
6,33.0,1766756829058
6,33.0,1766756829221
6,33.0,1766756829369
6,33.0,1766756829519
6,33.0,1766756829673
6,33.0,1766756829827
6,33.0,1766756829978
6,33.0,1766756830130
6,33.0,1766756830297
6,33.0,1766756830458
6,33.0,1766756830631
6,33.0,1766756830795
6,33.0,1766756830954
6,33.0,1766756831109
6,33.0,1766756831269
6,33.0,1766756831427
6,33.0,1766756831588
6,33.0,1766756831748
6,33.0,1766756831911
6,33.0,1766756832070
6,33.0,1766756832225
6,33.0,1766756832380
6,33.0,1766756832532
6,33.0,1766756832687
6,33.0,1766756832839
6,33.0,1766756832992
6,33.0,1766756833144
6,33.0,1766756833298
6,33.0,1766756833451
6,33.0,1766756833596
6,33.0,1766756833739
6,33.0,1766756833886
6,33.0,1766756834035
6,33.0,1766756834181
6,33.0,1766756834324
6,33.0,1766756834470
6,33.0,1766756834620
6,33.0,1766756834785
6,33.0,1766756834947
6,33.0,1766756835108
6,33.0,1766756835255
6,33.0,1766756835407
6,33.0,1766756835553
6,33.0,1766756835706
6,33.0,1766756835857
6,33.0,1766756836005
6,33.0,1766756836176
6,33.0,1766756836346
6,33.0,1766756836517
6,33.0,1766756836668
6,33.0,1766756836826
6,33.0,1766756836982
6,33.0,1766756837142
6,33.0,1766756837297
6,33.0,1766756837453
6,33.0,1766756837615
6,33.0,1766756837775
6,33.0,1766756837932
6,33.0,1766756838084
6,33.0,1766756838236
6,33.0,1766756838385
6,33.0,1766756838539
6,33.0,1766756838690
6,33.0,1766756838842
6,33.0,1766756838995
6,33.0,1766756839147
6,33.0,1766756839300
6,33.0,1766756839443
6,33.0,1766756839587
6,33.0,1766756839731
6,33.0,1766756839877
6,33.0,1766756840022
6,33.0,1766756840170
6,33.0,1766756840314
6,33.0,1766756840462
6,33.0,1766756840627
6,33.0,1766756840793
6,33.0,1766756840952
6,33.0,1766756841105
6,33.0,1766756841264
6,33.0,1766756841413
6,33.0,1766756841570
6,33.0,1766756841718
6,33.0,1766756841879
6,33.0,1766756842044
6,33.0,1766756842224
6,33.0,1766756842384
6,33.0,1766756842540
6,33.0,1766756842696
6,33.0,1766756842855
6,33.0,1766756843015
6,33.0,1766756843176
6,33.0,1766756843335
6,33.0,1766756843496
6,33.0,1766756843656
6,33.0,1766756843809
6,33.0,1766756843961
6,33.0,1766756844112
6,33.0,1766756844264
6,33.0,1766756844414
6,33.0,1766756844569
6,33.0,1766756844720
6,33.0,1766756844873
6,33.0,1766756845019
6,33.0,1766756845165
6,33.0,1766756845310
6,33.0,1766756845457
6,33.0,1766756845605
6,33.0,1766756845750
6,33.0,1766756845894
6,33.0,1766756846037
6,33.0,1766756846182
6,33.0,1766756846333
6,33.0,1766756846493
6,33.0,1766756846663
6,33.0,1766756846824
6,33.0,1766756846972
6,33.0,1766756847124
6,33.0,1766756847278
6,33.0,1766756847428
6,33.0,1766756847585
6,33.0,1766756847753
6,33.0,1766756847923
6,33.0,1766756848087
6,33.0,1766756848240
6,33.0,1766756848401
6,33.0,1766756848560
6,33.0,1766756848719
6,33.0,1766756848877
6,33.0,1766756849035
6,33.0,1766756849194
6,33.0,1766756849359
6,33.0,1766756849520
6,33.0,1766756849676
6,33.0,1766756849828
6,33.0,1766756849983
6,33.0,1766756850135
6,33.0,1766756850292
6,33.0,1766756850444
6,33.0,1766756850599
6,33.0,1766756850752
6,33.0,1766756850900
6,33.0,1766756851047
6,33.0,1766756851197
6,33.0,1766756851343
6,33.0,1766756851495
6,33.0,1766756851640
6,33.0,1766756851785
6,33.0,1766756851930
6,33.0,1766756852078
6,33.0,1766756852238
6,33.0,1766756852398
6,33.0,1766756852563
6,33.0,1766756852717
6,33.0,1766756852868
6,33.0,1766756853019
6,33.0,1766756853172
6,33.0,1766756853323
6,33.0,1766756853495
6,33.0,1766756853665
6,33.0,1766756853836
6,33.0,1766756853987
6,33.0,1766756854154
6,33.0,1766756854313
6,33.0,1766756854476
6,33.0,1766756854638
6,33.0,1766756854796
6,33.0,1766756854958
6,33.0,1766756855118
6,33.0,1766756855278
6,33.0,1766756855430
6,33.0,1766756855583
6,33.0,1766756855735
6,33.0,1766756855885
6,33.0,1766756856038
6,33.0,1766756856190
6,33.0,1766756856344
6,33.0,1766756856496
6,33.0,1766756856641
6,33.0,1766756856783
6,33.0,1766756856930
6,33.0,1766756857075
6,33.0,1766756857221
6,33.0,1766756857367
6,33.0,1766756857511
6,33.0,1766756857659
6,33.0,1766756857805
6,33.0,1766756857952
6,33.0,1766756858114
6,33.0,1766756858277
6,33.0,1766756858449
6,33.0,1766756858598
6,33.0,1766756858749
6,33.0,1766756858900
6,33.0,1766756859050
6,33.0,1766756859213
6,33.0,1766756859383
6,33.0,1766756859556
6,33.0,1766756859715
6,33.0,1766756859875
6,33.0,1766756860029
6,33.0,1766756860193
6,33.0,1766756860352
6,33.0,1766756860510
6,33.0,1766756860669
6,33.0,1766756860833
6,33.0,1766756860995
6,33.0,1766756861156
6,33.0,1766756861312
6,33.0,1766756861465
6,33.0,1766756861617
6,33.0,1766756861769
6,33.0,1766756861923
6,33.0,1766756862077
6,33.0,1766756862232
6,33.0,1766756862380
6,33.0,1766756862525
6,33.0,1766756862670
6,33.0,1766756862816
6,33.0,1766756862963
6,33.0,1766756863111
6,33.0,1766756863259
6,33.0,1766756863405
6,33.0,1766756863553
6,33.0,1766756863699
6,33.0,1766756863852
6,33.0,1766756864019
6,33.0,1766756864183
6,33.0,1766756864346
6,33.0,1766756864490
6,33.0,1766756864639
6,33.0,1766756864786
6,33.0,1766756864952
6,33.0,1766756865112
6,33.0,1766756865286
6,33.0,1766756865446
6,33.0,1766756865603
6,33.0,1766756865755
6,33.0,1766756865916
6,33.0,1766756866073
6,33.0,1766756866228
6,33.0,1766756866382
6,33.0,1766756866540
6,33.0,1766756866699
6,33.0,1766756866860
6,33.0,1766756867018
6,33.0,1766756867173
6,33.0,1766756867324
6,33.0,1766756867474
6,33.0,1766756867626
6,33.0,1766756867777
6,33.0,1766756867930
6,33.0,1766756868081
6,33.0,1766756868223
6,33.0,1766756868366
6,33.0,1766756868510
6,33.0,1766756868653
6,33.0,1766756868797
6,33.0,1766756868943
6,33.0,1766756869086
6,33.0,1766756869229
6,33.0,1766756869376
6,33.0,1766756869522
6,33.0,1766756869668
6,33.0,1766756869831
6,33.0,1766756869999
6,33.0,1766756870168
6,33.0,1766756870315
6,33.0,1766756870466
6,33.0,1766756870614
6,33.0,1766756870780
6,33.0,1766756870946
6,33.0,1766756871113
6,33.0,1766756871268
6,33.0,1766756871422
6,33.0,1766756871574
6,33.0,1766756871731
6,33.0,1766756871889
6,33.0,1766756872044
6,33.0,1766756872203
6,33.0,1766756872365
6,33.0,1766756872526
6,33.0,1766756872687
6,33.0,1766756872847
6,33.0,1766756873000
6,33.0,1766756873151
6,33.0,1766756873303
6,33.0,1766756873460
6,33.0,1766756873613
6,33.0,1766756873766
6,33.0,1766756873912
6,33.0,1766756874056
6,33.0,1766756874197
6,33.0,1766756874338
6,33.0,1766756874485
6,33.0,1766756874630
6,33.0,1766756874775
6,33.0,1766756874919
6,33.0,1766756875062
6,33.0,1766756875207
6,33.0,1766756875351
6,33.0,1766756875497
6,33.0,1766756875653
6,33.0,1766756875822
6,33.0,1766756875984
6,33.0,1766756876135
6,33.0,1766756876289
6,33.0,1766756876436
6,33.0,1766756876604
6,33.0,1766756876778
6,33.0,1766756876946
6,33.0,1766756877100
6,33.0,1766756877270
6,33.0,1766756877428
6,33.0,1766756877588
6,33.0,1766756877747
6,33.0,1766756877907
6,33.0,1766756878065
6,33.0,1766756878227
6,33.0,1766756878387
6,33.0,1766756878547
6,33.0,1766756878707
6,33.0,1766756878859
6,33.0,1766756879012
6,33.0,1766756879162
6,33.0,1766756879314
6,33.0,1766756879467
6,33.0,1766756879620
6,33.0,1766756879764
6,33.0,1766756879906
6,33.0,1766756880050
6,33.0,1766756880191
6,33.0,1766756880337
6,33.0,1766756880484
6,33.0,1766756880631
6,33.0,1766756880777
6,33.0,1766756880922
6,33.0,1766756881073
6,33.0,1766756881225
6,33.0,1766756881374
6,33.0,1766756881545
6,33.0,1766756881712
6,33.0,1766756881876
6,33.0,1766756882024
6,33.0,1766756882169
6,33.0,1766756882330
6,33.0,1766756882500
6,33.0,1766756882672
6,33.0,1766756882829
6,33.0,1766756882985
6,33.0,1766756883136
6,33.0,1766756883297
6,33.0,1766756883454
6,33.0,1766756883611
6,33.0,1766756883769
6,33.0,1766756883927
6,33.0,1766756884087
6,33.0,1766756884248
6,33.0,1766756884405
6,33.0,1766756884563
6,33.0,1766756884714
6,33.0,1766756884865
6,33.0,1766756885020
6,33.0,1766756885173
6,33.0,1766756885325
6,33.0,1766756885471
6,33.0,1766756885616
6,33.0,1766756885760
6,33.0,1766756885903
6,33.0,1766756886049
6,33.0,1766756886196
6,33.0,1766756886341
6,33.0,1766756886484
6,33.0,1766756886632
6,33.0,1766756886777
6,33.0,1766756886922
6,33.0,1766756887070
6,33.0,1766756887215
6,33.0,1766756887383
6,33.0,1766756887546
6,33.0,1766756887711
6,33.0,1766756887857
6,33.0,1766756888012
6,33.0,1766756888176
6,33.0,1766756888350
6,33.0,1766756888516
6,33.0,1766756888667
6,33.0,1766756888827
6,33.0,1766756888986
6,33.0,1766756889148
6,33.0,1766756889311
6,33.0,1766756889471
6,33.0,1766756889632
6,33.0,1766756889792
6,33.0,1766756889953
6,33.0,1766756890113
6,33.0,1766756890273
6,33.0,1766756890430
6,33.0,1766756890583
6,33.0,1766756890734
6,33.0,1766756890887
6,33.0,1766756891040
6,33.0,1766756891190
6,33.0,1766756891335
6,33.0,1766756891480
6,33.0,1766756891623
6,33.0,1766756891767
6,33.0,1766756891911
6,33.0,1766756892057
6,33.0,1766756892201
6,33.0,1766756892349
6,33.0,1766756892494
6,33.0,1766756892647
6,33.0,1766756892795
6,33.0,1766756892945
6,33.0,1766756893100
6,33.0,1766756893266
6,33.0,1766756893438
6,33.0,1766756893597
6,33.0,1766756893744
6,33.0,1766756893911
6,33.0,1766756894078
6,33.0,1766756894249
6,33.0,1766756894402
6,33.0,1766756894552
6,33.0,1766756894704
6,33.0,1766756894868
6,33.0,1766756895028
6,33.0,1766756895185
6,33.0,1766756895347
6,33.0,1766756895509
6,33.0,1766756895673
6,33.0,1766756895831
6,33.0,1766756895989
6,33.0,1766756896148
6,33.0,1766756896306
6,33.0,1766756896457
6,33.0,1766756896610
6,33.0,1766756896761
6,33.0,1766756896913
6,33.0,1766756897059
6,33.0,1766756897203
6,33.0,1766756897345
6,33.0,1766756897490
6,33.0,1766756897636
6,33.0,1766756897780
6,33.0,1766756897925
6,33.0,1766756898069
6,33.0,1766756898212
6,33.0,1766756898360
6,33.0,1766756898507
6,33.0,1766756898653
6,33.0,1766756898798
6,33.0,1766756898949
