Loss,Context.TRAINING,None
0,2.330508232116699,1766518682455
0,46.61969757080078,1766518683496
0,83.28901672363281,1766518684318
0,87.40017700195312,1766518685350
0,51.6902961730957,1766518686183
0,43.24100875854492,1766518687115
0,28.37273406982422,1766518687938
0,16.161590576171875,1766518688874
0,7.102685451507568,1766518689811
0,5.562450885772705,1766518690577
0,5.6565093994140625,1766518691573
0,5.524471759796143,1766518692308
0,4.16326904296875,1766518693368
0,4.20587158203125,1766518694139
0,3.7222485542297363,1766518695012
0,3.532172679901123,1766518695925
0,2.923290729522705,1766518696809
0,3.3196659088134766,1766518697703
0,2.8638148307800293,1766518698478
0,3.0198986530303955,1766518699513
0,2.5153136253356934,1766518700332
0,2.680656671524048,1766518701344
0,2.1490001678466797,1766518702147
0,2.4614429473876953,1766518703076
0,2.2486050128936768,1766518703885
0,2.4534268379211426,1766518704777
0,2.563657283782959,1766518705613
0,2.549278497695923,1766518706578
0,2.1155991554260254,1766518707518
0,2.0750787258148193,1766518708384
0,2.293097496032715,1766518709285
0,2.1424765586853027,1766518710102
0,2.4872264862060547,1766518711090
0,2.352367401123047,1766518711822
0,2.5120692253112793,1766518712844
0,2.3566126823425293,1766518713681
0,2.4014363288879395,1766518714623
0,2.2947511672973633,1766518715470
0,2.101672649383545,1766518716379
0,2.211832046508789,1766518717253
0,2.1434056758880615,1766518718180
0,2.1586391925811768,1766518719048
0,2.29001522064209,1766518719970
0,2.0280063152313232,1766518720906
0,2.1470932960510254,1766518721761
0,2.1304261684417725,1766518722633
0,2.0400638580322266,1766518723563
0,2.098574638366699,1766518724408
0,2.1666386127471924,1766518725320
0,1.9581727981567383,1766518726198
0,1.954513430595398,1766518727126
0,1.9637866020202637,1766518728028
0,2.0152227878570557,1766518728983
0,2.273834228515625,1766518729897
0,2.051222324371338,1766518730831
0,1.8829951286315918,1766518731688
0,2.0382797718048096,1766518732625
0,2.0645551681518555,1766518733464
0,1.812854528427124,1766518734363
0,1.86220121383667,1766518735271
0,2.0782086849212646,1766518736208
0,1.8972904682159424,1766518737032
0,1.9954720735549927,1766518737973
0,1.8749516010284424,1766518738871
0,1.9112826585769653,1766518739709
0,1.8138818740844727,1766518740631
0,1.8747541904449463,1766518741498
0,1.8606886863708496,1766518742521
0,1.9187206029891968,1766518743327
0,2.034698724746704,1766518744317
0,1.993301510810852,1766518745069
0,1.8769299983978271,1766518746117
0,1.795924186706543,1766518746891
0,1.9114084243774414,1766518747870
0,1.680273413658142,1766518748743
0,1.94102144241333,1766518749644
0,1.6156209707260132,1766518750496
0,1.8365066051483154,1766518751434
0,1.6617487668991089,1766518752350
0,1.4346895217895508,1766518753259
0,1.6774591207504272,1766518754218
0,1.7124714851379395,1766518755073
0,1.633378267288208,1766518756017
0,1.5388426780700684,1766518756828
0,1.6195058822631836,1766518757808
0,1.4434707164764404,1766518758607
0,1.7986077070236206,1766518759685
0,1.5242400169372559,1766518760513
0,1.406778335571289,1766518761565
0,1.31233811378479,1766518762332
0,1.4112180471420288,1766518763281
0,1.5494327545166016,1766518764126
0,1.2798696756362915,1766518765054
0,1.4505085945129395,1766518765942
0,1.474097728729248,1766518766758
0,1.554417610168457,1766518767740
0,1.165990948677063,1766518768524
0,1.1634409427642822,1766518769590
0,1.212777853012085,1766518770364
0,1.2145273685455322,1766518771361
0,1.364814043045044,1766518772158
0,1.0931296348571777,1766518773143
0,1.1556397676467896,1766518773976
0,1.3489398956298828,1766518774838
0,1.3620007038116455,1766518775786
0,1.291010856628418,1766518776544
0,1.1198182106018066,1766518777605
0,1.2620227336883545,1766518778354
0,1.3128297328948975,1766518779403
0,1.4700758457183838,1766518780159
0,1.374780535697937,1766518781083
0,1.2372639179229736,1766518781898
0,1.0840091705322266,1766518782620
0,1.1206188201904297,1766518783672
0,1.0197510719299316,1766518784347
0,1.2233538627624512,1766518785412
0,1.5655460357666016,1766518786193
0,1.0071128606796265,1766518787001
0,1.167292594909668,1766518787913
0,1.1900107860565186,1766518788608
0,1.2381000518798828,1766518789641
0,1.2288873195648193,1766518790383
0,1.1878883838653564,1766518791391
0,1.021357774734497,1766518792144
0,0.9817041158676147,1766518792955
0,0.8975268602371216,1766518793961
0,0.9769814014434814,1766518794630
0,0.9902266263961792,1766518795679
0,1.1602152585983276,1766518796397
0,0.82013338804245,1766518797432
0,1.2635436058044434,1766518798270
0,0.9545221328735352,1766518799068
0,1.0442633628845215,1766518800040
0,1.261746883392334,1766518800771
0,1.1583290100097656,1766518801828
0,1.0611636638641357,1766518802569
0,1.2536954879760742,1766518803451
0,1.0791242122650146,1766518804330
0,1.022905945777893,1766518805151
0,1.0047979354858398,1766518806160
0,1.0625540018081665,1766518806893
0,0.7547239065170288,1766518807935
0,0.9543047547340393,1766518808718
0,0.8603342771530151,1766518809740
0,1.1878929138183594,1766518810555
0,1.1403143405914307,1766518811302
0,1.0527265071868896,1766518812249
0,1.17732834815979,1766518812942
0,1.093490481376648,1766518814026
0,0.8596544861793518,1766518814804
0,0.8917311429977417,1766518815652
0,0.8936475515365601,1766518816563
0,1.027124285697937,1766518817282
0,0.5796490907669067,1766518818383
0,1.155318021774292,1766518819038
0,1.2002301216125488,1766518820024
0,0.766414999961853,1766518820870
0,0.7831752300262451,1766518821665
0,1.3128547668457031,1766518822689
0,0.763531506061554,1766518823434
0,1.212703824043274,1766518824483
0,0.8597995042800903,1766518825215
0,0.9803045392036438,1766518826263
0,0.9140617251396179,1766518827070
0,1.0993181467056274,1766518827934
0,0.9850035309791565,1766518828852
0,0.7460352182388306,1766518829625
0,1.003279685974121,1766518830709
0,1.2713032960891724,1766518831426
0,0.9860372543334961,1766518832515
0,0.7174314856529236,1766518833254
0,0.871720552444458,1766518834185
0,1.2477672100067139,1766518835057
0,0.8760848045349121,1766518835804
0,1.1221530437469482,1766518836739
0,0.7028599977493286,1766518837419
0,0.8152211308479309,1766518838431
0,0.8236677646636963,1766518839223
0,0.8593770265579224,1766518840039
0,0.9591588973999023,1766518841033
0,0.8741545081138611,1766518841728
0,0.8687194585800171,1766518842712
0,0.9119787216186523,1766518843463
0,0.7946007251739502,1766518844422
0,1.0069024562835693,1766518845281
0,1.0909022092819214,1766518846071
0,1.010573148727417,1766518847093
0,0.8321735262870789,1766518847756
0,0.7490743398666382,1766518848750
0,0.6098324060440063,1766518849428
0,1.0929443836212158,1766518850432
0,0.9422454237937927,1766518851252
0,0.9925313591957092,1766518851940
0,0.8224231004714966,1766518852905
0,0.6497069001197815,1766518853577
0,0.8554573655128479,1766518854525
0,0.8086168169975281,1766518855378
0,0.8322110772132874,1766518856179
0,0.7602683305740356,1766518857225
0,0.8674378991127014,1766518857944
0,0.908393144607544,1766518859017
0,0.835628092288971,1766518859739
0,0.8377666473388672,1766518860700
0,0.9754743576049805,1766518861535
0,0.9098495841026306,1766518862358
0,0.9569713473320007,1766518863381
0,1.1537861824035645,1766518864104
0,0.93364417552948,1766518865091
0,0.4931899309158325,1766518865868
0,0.6019320487976074,1766518866904
0,0.7766278982162476,1766518867757
0,0.6305594444274902,1766518868533
0,0.8413255214691162,1766518869489
0,0.9436208009719849,1766518870179
0,1.0109803676605225,1766518871279
0,1.0351333618164062,1766518872030
0,1.0685352087020874,1766518873059
0,0.5199300050735474,1766518873788
0,0.9787617325782776,1766518874710
0,0.8728540539741516,1766518875610
0,0.5884937047958374,1766518876353
0,0.6399021148681641,1766518877413
0,0.6142220497131348,1766518878166
0,0.78147292137146,1766518879175
0,0.8121933937072754,1766518879958
0,0.777309775352478,1766518880836
0,0.8965621590614319,1766518881784
0,0.9845501184463501,1766518882525
0,0.8529437184333801,1766518883542
0,0.8362211585044861,1766518884248
0,0.8796005845069885,1766518885296
0,1.0633971691131592,1766518886104
0,0.7208647727966309,1766518886942
0,0.8688459396362305,1766518887926
0,0.7996507883071899,1766518888703
0,0.8124496936798096,1766518889704
0,0.7127114534378052,1766518890411
0,0.835555374622345,1766518891466
0,0.7192692756652832,1766518892233
0,0.7470756769180298,1766518893051
0,0.5518496036529541,1766518893983
0,0.6957612037658691,1766518894721
0,1.0813050270080566,1766518895805
0,0.7493517398834229,1766518896485
0,0.840056300163269,1766518897571
0,0.847354531288147,1766518898343
0,0.9566230773925781,1766518899323
0,0.799360454082489,1766518900154
0,0.7744559049606323,1766518900949
0,0.669191300868988,1766518901960
0,0.6215906143188477,1766518902663
0,1.062856912612915,1766518903711
0,0.6883727312088013,1766518904425
0,0.8122326731681824,1766518905379
0,0.6843786239624023,1766518906159
0,0.7361131906509399,1766518906919
0,0.5650836229324341,1766518907995
0,0.8041210770606995,1766518908638
0,0.6859006285667419,1766518909651
0,0.579623818397522,1766518910422
0,0.40810251235961914,1766518911364
0,0.7848193645477295,1766518912218
0,1.1706582307815552,1766518913013
0,0.6726105809211731,1766518914016
0,0.6763421297073364,1766518914737
0,0.5142847895622253,1766518915781
0,0.7967435121536255,1766518916457
0,0.6999022364616394,1766518917411
0,0.7903395891189575,1766518918250
0,0.5084121823310852,1766518919057
0,0.43189236521720886,1766518920074
0,0.6940982341766357,1766518920753
0,0.5449421405792236,1766518921793
0,0.8377438187599182,1766518922544
0,0.6494155526161194,1766518923505
0,0.9006603360176086,1766518924391
0,1.0187269449234009,1766518925166
0,0.7651808857917786,1766518926162
0,0.7324975728988647,1766518926927
0,1.0329110622406006,1766518928029
0,0.5183103680610657,1766518928806
0,0.8368083238601685,1766518929804
0,0.49995702505111694,1766518930526
0,1.2560216188430786,1766518931378
0,0.7650467157363892,1766518932371
0,0.8325653076171875,1766518933108
0,0.8131498098373413,1766518934164
0,0.6219871640205383,1766518934897
0,0.7193925976753235,1766518935876
0,0.4698250889778137,1766518936673
0,0.7531055808067322,1766518937535
0,0.687030017375946,1766518938479
0,0.6848596334457397,1766518939194
0,0.5146425366401672,1766518940210
0,0.673320472240448,1766518940949
0,0.6917908787727356,1766518941934
0,1.454943060874939,1766518942759
0,0.6579403877258301,1766518943594
0,0.6650665998458862,1766518944670
0,0.7219604253768921,1766518945434
0,0.9187365174293518,1766518946427
0,0.5120607614517212,1766518947122
0,0.6187046766281128,1766518948114
0,0.5393762588500977,1766518948896
0,0.8046692609786987,1766518949753
0,0.7700876593589783,1766518950735
0,0.8749277591705322,1766518951480
0,0.8657825589179993,1766518952473
0,0.8307996988296509,1766518953200
0,1.0386173725128174,1766518954209
0,0.6248726844787598,1766518955080
0,0.781157374382019,1766518955861
0,0.6476366519927979,1766518956892
0,0.7823837995529175,1766518957679
0,0.8876134157180786,1766518958767
0,0.7436143159866333,1766518959497
0,0.9352167248725891,1766518960536
0,0.7038357257843018,1766518961343
0,1.5944783687591553,1766518962299
0,0.8756647109985352,1766518963143
0,0.5622051358222961,1766518963914
0,1.0524756908416748,1766518964984
0,0.4809250831604004,1766518965695
0,0.39223870635032654,1766518966744
0,0.7075865864753723,1766518967474
0,0.6377909183502197,1766518968409
0,0.8172585964202881,1766518969311
0,0.7210496664047241,1766518970076
0,0.9728236198425293,1766518971137
0,0.8902239799499512,1766518971806
0,0.38777515292167664,1766518972850
0,0.8440457582473755,1766518973593
0,0.6017025709152222,1766518974540
0,0.7398490309715271,1766518975366
0,0.9805511832237244,1766518976125
0,0.6577373743057251,1766518977175
0,0.8264878392219543,1766518977838
0,0.7605382204055786,1766518978935
0,0.5085844397544861,1766518979621
0,0.550216019153595,1766518980588
0,0.7593660354614258,1766518981400
0,0.5389676094055176,1766518982206
0,1.0635337829589844,1766518983210
0,0.655139148235321,1766518983951
0,0.5938299298286438,1766518984969
0,0.8219415545463562,1766518985699
0,1.0064783096313477,1766518986726
0,0.5983221530914307,1766518987540
0,0.8002341985702515,1766518988301
0,0.7174091339111328,1766518989265
0,0.386956125497818,1766518989954
0,0.5035092830657959,1766518991013
0,0.6691210865974426,1766518991802
0,0.5607579946517944,1766518992733
0,0.6845729947090149,1766518993613
0,0.5744398236274719,1766518994350
0,0.538551390171051,1766518995416
0,0.9140530228614807,1766518996138
0,0.6731890439987183,1766518997229
0,0.6509172916412354,1766518997947
0,0.8973325490951538,1766518998737
0,0.627306342124939,1766518999726
0,0.6218069791793823,1766519000521
0,0.4848662316799164,1766519001551
0,0.6173441410064697,1766519002222
0,0.801476001739502,1766519003242
0,0.4880930483341217,1766519004045
0,0.4015125036239624,1766519004842
0,0.6363414525985718,1766519005832
0,0.7129958868026733,1766519006540
0,0.8188296556472778,1766519007609
0,0.5262974500656128,1766519008344
0,0.5505794286727905,1766519009317
0,0.6822788715362549,1766519010072
0,0.7492120265960693,1766519010966
0,0.8140240907669067,1766519011936
0,0.8060374855995178,1766519012664
0,0.6565445065498352,1766519013690
0,0.7581899166107178,1766519014436
0,0.6880002617835999,1766519015455
0,0.7344091534614563,1766519016292
0,0.5943033695220947,1766519017097
0,0.4523612856864929,1766519018066
0,0.8032467365264893,1766519018893
0,0.5615478157997131,1766519019872
0,0.6936249136924744,1766519020568
0,0.6284222602844238,1766519021580
0,0.5908652544021606,1766519022342
0,0.687174379825592,1766519023272
0,0.49510765075683594,1766519024193
0,0.6797558069229126,1766519024993
0,0.5919559597969055,1766519025973
0,0.7255432605743408,1766519026671
0,0.8720978498458862,1766519027786
0,0.46206650137901306,1766519028541
0,0.7750952243804932,1766519029558
0,0.4418158531188965,1766519030310
0,0.28947028517723083,1766519031173
0,0.5239400863647461,1766519032037
0,0.9862788915634155,1766519032792
0,0.5661041736602783,1766519033833
0,0.3758169412612915,1766519034643
0,0.5870909094810486,1766519035579
0,0.7467316389083862,1766519036312
0,0.7792092561721802,1766519037228
0,0.7360918521881104,1766519038123
0,0.6096967458724976,1766519038910
0,0.46431809663772583,1766519039941
0,0.7064766883850098,1766519040655
0,0.6918003559112549,1766519041677
0,0.37546491622924805,1766519042376
0,0.49063771963119507,1766519043280
0,0.4996943175792694,1766519044162
0,0.7637290954589844,1766519044872
0,1.0044875144958496,1766519045872
0,0.7151118516921997,1766519046598
0,0.6708858013153076,1766519047612
0,0.826876163482666,1766519048407
0,0.4387918710708618,1766519049263
0,0.34141677618026733,1766519050218
0,0.786490797996521,1766519050989
0,0.5900015830993652,1766519052008
0,0.5004810094833374,1766519052741
0,0.30617502331733704,1766519053797
0,0.446806937456131,1766519054543
0,0.31378084421157837,1766519055454
0,0.379316508769989,1766519056326
0,0.5464853048324585,1766519057081
0,0.4892277717590332,1766519058136
0,0.4557551443576813,1766519058841
0,0.6535197496414185,1766519059928
0,0.349465012550354,1766519060678
0,0.4882972836494446,1766519061627
0,0.5336204767227173,1766519062482
0,0.540621817111969,1766519063287
0,0.695798397064209,1766519064265
0,0.9141749739646912,1766519064972
0,0.6649772524833679,1766519066027
0,0.37671875953674316,1766519066769
0,0.28178083896636963,1766519067600
0,0.23636656999588013,1766519068592
0,0.4115045666694641,1766519069311
0,0.30180269479751587,1766519070382
0,0.4224448800086975,1766519071107
0,0.47907495498657227,1766519072152
0,0.39975082874298096,1766519072905
0,0.42215871810913086,1766519073737
0,0.8498424291610718,1766519074671
0,0.462667316198349,1766519075447
0,0.5634363293647766,1766519076393
0,0.503142774105072,1766519077078
0,0.7085915207862854,1766519078005
0,0.8039888143539429,1766519078892
0,0.5517120361328125,1766519079632
0,0.41233786940574646,1766519080699
0,0.5632460713386536,1766519081398
0,0.3639708161354065,1766519082435
0,0.4227578341960907,1766519083147
0,0.48424065113067627,1766519084067
0,0.7018250226974487,1766519084965
0,0.6936595439910889,1766519085741
0,0.5935251116752625,1766519086758
0,0.6128169298171997,1766519087476
0,0.4800662100315094,1766519088533
0,0.8396925330162048,1766519089270
0,0.5285019874572754,1766519090333
0,0.3194209635257721,1766519091104
0,0.5273694396018982,1766519091873
0,0.7384505271911621,1766519092869
0,0.7646913528442383,1766519093601
0,0.5539476871490479,1766519094606
0,0.513239324092865,1766519095305
0,0.549031674861908,1766519096287
0,0.37543240189552307,1766519097130
0,0.4729519486427307,1766519097870
0,0.4787554144859314,1766519098902
0,0.786328911781311,1766519099589
0,0.635059118270874,1766519100612
0,0.6489129066467285,1766519101368
0,0.5865131616592407,1766519102280
0,0.49413633346557617,1766519103228
0,0.4026445746421814,1766519104051
0,0.637641191482544,1766519105077
0,0.508296012878418,1766519105813
0,0.27542614936828613,1766519106850
0,0.40406864881515503,1766519107584
0,0.38310176134109497,1766519108525
0,0.5540792942047119,1766519109356
0,0.39313381910324097,1766519110144
0,0.3461763262748718,1766519111155
0,0.3743900954723358,1766519111853
0,0.5672832727432251,1766519112913
0,0.3984791040420532,1766519113657
0,0.4191243052482605,1766519114601
0,0.8594314455986023,1766519115476
0,0.5987108945846558,1766519116283
0,0.9244682788848877,1766519117274
0,0.3865620791912079,1766519117957
0,0.6066484451293945,1766519119035
0,0.5638276934623718,1766519119796
0,0.7167242169380188,1766519120722
0,0.6571051478385925,1766519121587
0,0.6546858549118042,1766519122407
0,0.48999282717704773,1766519123472
0,0.4108605682849884,1766519124225
0,0.6333816051483154,1766519125298
0,0.4195995032787323,1766519125958
0,0.6460071802139282,1766519126866
0,0.29634368419647217,1766519127678
0,0.5347360372543335,1766519128417
0,0.6648521423339844,1766519129446
0,0.8399235010147095,1766519130125
0,0.408757746219635,1766519131152
0,0.609977662563324,1766519131961
0,0.738144040107727,1766519132779
0,0.5603158473968506,1766519133762
0,0.8073720932006836,1766519134466
0,1.0505236387252808,1766519135469
0,0.4721992015838623,1766519136235
0,0.6884605884552002,1766519137208
0,0.5721057057380676,1766519138051
0,0.6726115942001343,1766519138916
0,0.491586297750473,1766519139855
0,0.39132991433143616,1766519140576
0,0.3220275938510895,1766519141667
0,0.6772223711013794,1766519142371
0,0.3462250530719757,1766519143355
0,0.4491868317127228,1766519144227
0,0.46565890312194824,1766519145095
0,0.4073069393634796,1766519146048
0,0.3514544367790222,1766519146762
0,0.38850802183151245,1766519147882
0,0.23481619358062744,1766519148586
0,0.6286811232566833,1766519149517
0,0.4059704840183258,1766519150303
0,0.4985317885875702,1766519151107
0,0.4240158796310425,1766519152139
0,0.5266069173812866,1766519152843
0,0.3012465238571167,1766519153862
0,0.4623161852359772,1766519154597
0,0.675046443939209,1766519155596
0,0.573697566986084,1766519156422
0,0.5052893757820129,1766519157191
0,0.6500376462936401,1766519158226
0,1.0419723987579346,1766519158936
0,0.8292341232299805,1766519160013
0,0.378909170627594,1766519160736
0,0.8612333536148071,1766519161620
0,0.2720661461353302,1766519162456
0,0.34929579496383667,1766519163215
0,0.6359708905220032,1766519164210
0,0.43087607622146606,1766519164944
0,0.39457985758781433,1766519166002
0,0.8833667039871216,1766519166756
0,0.5695420503616333,1766519167545
0,0.6763278245925903,1766519168552
0,0.7930431365966797,1766519169267
0,0.5871824026107788,1766519170281
0,0.6963073015213013,1766519171027
0,0.4718467593193054,1766519171950
0,0.4371412992477417,1766519172742
0,0.6073776483535767,1766519173491
0,0.49847933650016785,1766519174529
0,0.5224708318710327,1766519175212
0,0.5743057727813721,1766519176208
0,0.5158804655075073,1766519177016
0,0.6912368535995483,1766519177844
0,0.7982003688812256,1766519178814
0,0.5524269342422485,1766519179587
0,0.6365996599197388,1766519180660
0,1.088157296180725,1766519181392
0,0.7639890313148499,1766519182432
0,0.5344042181968689,1766519183222
0,0.5096722841262817,1766519184161
0,0.4625886082649231,1766519184981
0,0.4559928774833679,1766519185797
0,0.8582499027252197,1766519186815
0,0.4171651601791382,1766519187529
0,0.43174588680267334,1766519188602
0,0.820169985294342,1766519189276
0,0.7171188592910767,1766519190139
0,0.32906514406204224,1766519191068
0,0.5202662944793701,1766519191848
0,0.5841782093048096,1766519192892
0,0.5028037428855896,1766519193616
0,0.4731754660606384,1766519194695
0,0.6347848176956177,1766519195405
0,0.49658140540122986,1766519196420
0,0.48147889971733093,1766519197139
0,0.45233583450317383,1766519197939
0,0.5653943419456482,1766519198930
0,0.45371106266975403,1766519199632
0,0.6905831098556519,1766519200681
0,0.6552190184593201,1766519201448
0,0.5991771221160889,1766519202433
0,0.46520715951919556,1766519203246
0,0.7908567190170288,1766519204018
0,0.5409929752349854,1766519205048
0,0.5151710510253906,1766519205734
0,0.8405328392982483,1766519206805
0,0.7563660740852356,1766519207548
0,0.5368472933769226,1766519208401
0,0.5519299507141113,1766519209243
0,0.49808433651924133,1766519209982
0,0.5766202807426453,1766519211021
0,0.3870309591293335,1766519211714
0,0.6880301237106323,1766519212722
0,0.6504474878311157,1766519213504
0,0.47595056891441345,1766519214352
0,0.5766898393630981,1766519215296
0,0.4596065282821655,1766519216044
0,0.29579994082450867,1766519217069
0,0.26652994751930237,1766519217789
0,0.5282083749771118,1766519218831
0,0.3219747841358185,1766519219581
0,0.35079315304756165,1766519220369
0,0.3622437119483948,1766519221322
0,0.5095018148422241,1766519222087
0,0.7184540033340454,1766519223128
0,0.27485233545303345,1766519223868
0,0.3468182682991028,1766519224785
0,0.501621663570404,1766519225627
0,0.3987060785293579,1766519226461
0,0.28582313656806946,1766519227469
0,0.31037473678588867,1766519228234
0,0.5186352133750916,1766519229217
0,0.5571803450584412,1766519229933
0,0.3571396470069885,1766519230880
0,0.5556980967521667,1766519231621
0,0.6035803556442261,1766519232351
0,0.4037039279937744,1766519233408
0,0.3857313394546509,1766519234093
0,0.6169995665550232,1766519235185
0,0.6861667633056641,1766519235941
0,0.5257048606872559,1766519236865
0,0.330238401889801,1766519237755
0,0.57377690076828,1766519238467
0,0.46133917570114136,1766519239536
0,0.5232062339782715,1766519240203
0,0.3044544458389282,1766519241202
0,0.523381233215332,1766519241947
0,0.5970754623413086,1766519242723
0,0.48820507526397705,1766519243742
0,0.5118923783302307,1766519244484
0,0.6820799708366394,1766519245521
0,0.7119154930114746,1766519246243
0,0.4918966293334961,1766519247315
0,0.6159628629684448,1766519248038
0,0.7390633821487427,1766519248891
0,0.3389418423175812,1766519249826
0,0.4322941303253174,1766519250604
0,0.5908472537994385,1766519251642
0,0.38165515661239624,1766519252365
0,0.3160516917705536,1766519253391
0,0.5817190408706665,1766519254154
0,0.6079479455947876,1766519254968
0,0.6262426376342773,1766519255916
0,0.43397256731987,1766519256737
0,0.43109065294265747,1766519257771
0,0.5613588094711304,1766519258455
0,0.2949860990047455,1766519259510
0,0.47867101430892944,1766519260205
0,0.42113998532295227,1766519260982
0,0.7455867528915405,1766519261933
0,0.7527105808258057,1766519262640
0,0.43513917922973633,1766519263699
0,0.675412654876709,1766519264434
0,0.5987263917922974,1766519265316
0,0.6334721446037292,1766519266168
0,0.456373393535614,1766519266926
0,0.715185821056366,1766519267963
0,0.4449452757835388,1766519268648
0,0.4940526485443115,1766519269632
0,0.6788341999053955,1766519270343
0,0.34052592515945435,1766519271119
0,0.4231201410293579,1766519272100
0,0.4505554139614105,1766519272757
0,0.435162752866745,1766519273761
0,0.5638689994812012,1766519274551
0,0.4163616895675659,1766519275438
0,0.4112149775028229,1766519276356
0,0.5405106544494629,1766519277154
0,0.390436589717865,1766519278215
0,0.49603894352912903,1766519278909
0,0.4397718608379364,1766519279952
0,0.4006669521331787,1766519280633
0,0.6234784722328186,1766519281535
0,0.4862292408943176,1766519282424
0,0.29932743310928345,1766519283181
0,0.8595221042633057,1766519284220
0,0.3139748275279999,1766519284907
0,0.4370136857032776,1766519285985
0,0.1976931095123291,1766519286790
0,0.37533265352249146,1766519287803
0,0.47781550884246826,1766519288589
0,0.8779523372650146,1766519289376
0,0.3654901385307312,1766519290304
0,0.6073514819145203,1766519291076
0,0.4402220547199249,1766519292128
0,0.33422350883483887,1766519292859
0,0.5241215825080872,1766519293863
0,0.7830517292022705,1766519294615
0,0.5033446550369263,1766519295447
0,0.4027736485004425,1766519296402
0,0.8165338039398193,1766519297153
0,0.6032764315605164,1766519298151
0,0.574150562286377,1766519298893
0,0.5418912172317505,1766519299842
0,0.3351501226425171,1766519300628
0,0.6086117029190063,1766519301430
0,0.36188244819641113,1766519302415
0,0.4703952670097351,1766519303132
0,0.34919896721839905,1766519304179
0,0.4405762851238251,1766519304895
0,0.6631580591201782,1766519305735
0,0.7224353551864624,1766519306643
0,0.48088526725769043,1766519307365
0,0.23475368320941925,1766519308422
0,0.4920141100883484,1766519309134
0,0.40118736028671265,1766519310136
0,0.658268928527832,1766519310966
0,0.33931633830070496,1766519311785
0,0.6626583337783813,1766519312811
0,0.5931342244148254,1766519313547
0,0.6457582116127014,1766519314587
0,0.6771389245986938,1766519315330
0,0.40557390451431274,1766519316346
0,0.29576578736305237,1766519317197
0,0.8291909694671631,1766519318150
0,0.711318850517273,1766519319065
0,0.5095757246017456,1766519319931
0,0.5551005601882935,1766519320910
0,0.4778214991092682,1766519321651
0,0.6798259615898132,1766519322711
0,0.5589277744293213,1766519323464
0,0.5880994200706482,1766519324387
0,0.48090115189552307,1766519325210
0,0.9032994508743286,1766519326010
0,0.28221890330314636,1766519326979
0,0.5684866309165955,1766519327648
0,0.41181981563568115,1766519328671
0,0.5016545057296753,1766519329442
0,0.48923155665397644,1766519330258
0,0.392484188079834,1766519331136
0,0.6186899542808533,1766519331852
0,0.7211437821388245,1766519332899
0,0.5877809524536133,1766519333612
0,0.3839792013168335,1766519334674
0,0.2819754481315613,1766519335423
0,0.7120721936225891,1766519336193
0,0.6367733478546143,1766519337139
0,0.4239939749240875,1766519337884
0,0.472004771232605,1766519338930
0,0.4663342237472534,1766519339666
0,0.5608900785446167,1766519340721
0,0.4833223223686218,1766519341509
0,0.5112714767456055,1766519342271
0,0.45111680030822754,1766519343310
0,0.32544374465942383,1766519344042
0,0.5541670322418213,1766519345081
0,0.6113381385803223,1766519345869
0,0.42754197120666504,1766519346870
0,0.39986667037010193,1766519347672
0,0.7283977270126343,1766519348474
0,0.32149070501327515,1766519349489
0,0.41881752014160156,1766519350260
0,0.4503137767314911,1766519351311
0,0.823411226272583,1766519351996
0,0.4011994004249573,1766519353017
0,0.5066057443618774,1766519353819
0,0.2324996292591095,1766519354756
0,0.42498448491096497,1766519355622
0,0.26073718070983887,1766519356357
0,0.35079362988471985,1766519357448
0,0.45595884323120117,1766519358154
0,0.6582671999931335,1766519359205
0,0.531265139579773,1766519360000
0,0.5420188307762146,1766519360846
0,0.5764442682266235,1766519361717
0,0.42795994877815247,1766519362502
0,0.4433836340904236,1766519363505
0,0.5514480471611023,1766519364181
0,0.652457594871521,1766519365266
0,0.34524598717689514,1766519366020
0,0.4282882511615753,1766519366891
0,0.358412504196167,1766519367823
0,0.5492984056472778,1766519368613
0,0.2624727487564087,1766519369652
0,0.5441560745239258,1766519370391
0,0.7383139133453369,1766519371415
0,0.5087159276008606,1766519372177
0,0.4394983649253845,1766519373137
0,0.29644647240638733,1766519373902
0,0.712472677230835,1766519374678
0,0.466418981552124,1766519375733
0,0.4915124773979187,1766519376426
0,0.7765510678291321,1766519377492
0,0.3466916084289551,1766519378277
0,0.4580223560333252,1766519379284
0,0.6034916639328003,1766519380125
0,0.3738439679145813,1766519380871
0,0.3254709541797638,1766519381890
0,0.6479761600494385,1766519382608
0,0.5641433000564575,1766519383684
0,0.6162453293800354,1766519384367
0,0.7703952789306641,1766519385372
0,0.30249473452568054,1766519386156
0,0.6172017455101013,1766519386957
0,0.3825077414512634,1766519388022
0,0.29354962706565857,1766519388782
0,0.75862056016922,1766519389855
0,0.6132787466049194,1766519390599
0,0.23508122563362122,1766519391609
0,0.38799774646759033,1766519392414
0,0.5475203990936279,1766519393270
0,0.4306115508079529,1766519394172
0,0.3114009201526642,1766519395059
0,0.467286080121994,1766519396105
0,0.5523913502693176,1766519396771
0,0.5868644714355469,1766519397750
0,0.4708971679210663,1766519398482
0,0.4745701551437378,1766519399394
0,0.35016825795173645,1766519400281
0,0.5229020118713379,1766519400965
0,0.4628570079803467,1766519401996
0,0.4805313050746918,1766519402696
0,0.4635467231273651,1766519403697
0,0.5338590145111084,1766519404488
0,0.609643816947937,1766519405311
0,0.29336243867874146,1766519406278
0,0.7563575506210327,1766519407077
0,0.6349161267280579,1766519408143
0,0.8083885908126831,1766519408782
0,0.415256142616272,1766519409777
0,0.661043643951416,1766519410574
0,0.5903692245483398,1766519411345
0,0.8051717281341553,1766519412331
0,0.67698073387146,1766519413047
0,0.4649220108985901,1766519414141
0,0.6265525817871094,1766519414853
0,0.29456061124801636,1766519415892
0,0.4705764055252075,1766519416671
0,0.34259533882141113,1766519417519
0,0.6546205282211304,1766519418423
0,0.6285457611083984,1766519419165
0,0.4939945340156555,1766519420260
0,0.5681861639022827,1766519420963
0,0.2806965708732605,1766519421933
0,0.514068067073822,1766519422749
0,0.47658342123031616,1766519423559
0,0.5223845839500427,1766519424538
0,0.28856658935546875,1766519425236
0,0.35652685165405273,1766519426261
0,0.2583056092262268,1766519426962
0,0.44197139143943787,1766519427863
0,0.5517860651016235,1766519428764
0,0.4737738370895386,1766519429519
0,0.5998972654342651,1766519430516
0,0.3877601623535156,1766519431177
0,0.3352537453174591,1766519432264
0,0.4926093816757202,1766519433011
0,0.3413114547729492,1766519433899
0,0.6898722648620605,1766519434807
0,0.25213220715522766,1766519435546
0,0.410710871219635,1766519436639
0,0.5461819171905518,1766519437312
0,0.5625768899917603,1766519438356
0,0.32749462127685547,1766519439194
0,0.3183462619781494,1766519440100
0,0.37866339087486267,1766519440963
0,0.34532129764556885,1766519441681
0,0.405109167098999,1766519442727
0,0.3030696511268616,1766519443395
0,0.3988327980041504,1766519444442
0,0.5669783353805542,1766519445229
0,0.2735973000526428,1766519446081
0,0.7044011354446411,1766519447028
0,0.3317277431488037,1766519447760
0,0.33105576038360596,1766519448809
0,0.43146151304244995,1766519449529
0,0.589064359664917,1766519450532
0,0.4235628843307495,1766519451320
0,0.464702844619751,1766519452157
0,0.35692623257637024,1766519453157
0,0.5394123792648315,1766519453880
0,0.6978434324264526,1766519454897
0,0.6405344605445862,1766519455580
0,0.6450201869010925,1766519456492
0,0.3802570104598999,1766519457331
0,0.7401070594787598,1766519458082
0,0.6958571672439575,1766519459175
0,0.35498276352882385,1766519459921
0,0.5969763994216919,1766519460968
0,0.3587530255317688,1766519461726
0,0.6939531564712524,1766519462650
0,0.5950863361358643,1766519463512
0,0.4024016559123993,1766519464324
0,0.37164175510406494,1766519465277
0,0.34036219120025635,1766519465996
0,0.28639543056488037,1766519467120
0,0.5841977596282959,1766519467813
0,0.42983531951904297,1766519468725
0,0.8685564994812012,1766519469636
0,0.29968202114105225,1766519470383
0,0.43692365288734436,1766519471412
0,0.285222589969635,1766519472121
0,0.3470887541770935,1766519473158
0,0.5291650295257568,1766519473955
0,0.2878807783126831,1766519474766
0,0.516974925994873,1766519475680
0,0.46347475051879883,1766519476466
0,0.3987564742565155,1766519477533
0,0.3231581449508667,1766519478229
0,0.48414620757102966,1766519479306
0,0.3450726866722107,1766519480083
0,0.34099212288856506,1766519480981
0,0.4196571707725525,1766519481788
0,0.3238624334335327,1766519482586
0,0.44049715995788574,1766519483550
0,0.4918196201324463,1766519484270
0,0.47150957584381104,1766519485345
0,0.40365010499954224,1766519486115
0,0.6746328473091125,1766519487049
0,0.3133276700973511,1766519487920
0,0.6718164682388306,1766519488752
0,0.4734363555908203,1766519489750
0,0.6286834478378296,1766519490511
0,0.3971961438655853,1766519491566
0,0.4660192131996155,1766519492334
0,0.4316787123680115,1766519493430
0,0.5135173201560974,1766519494225
0,0.43798747658729553,1766519495112
0,0.23939602077007294,1766519496043
0,0.5889432430267334,1766519496878
0,0.4924379289150238,1766519497841
0,0.4148988723754883,1766519498562
0,0.48984548449516296,1766519499603
0,0.1876634806394577,1766519500333
1,0.40471601486206055,1766519501313
1,0.36861956119537354,1766519502123
1,0.8134528398513794,1766519502975
1,0.396611750125885,1766519503941
1,0.49783140420913696,1766519504670
1,0.4759262800216675,1766519505703
1,0.5186372995376587,1766519506398
1,0.35411614179611206,1766519507359
1,0.3011157810688019,1766519508188
1,0.338270902633667,1766519509002
1,0.3713054358959198,1766519509992
1,0.3985861837863922,1766519510678
1,0.4234495460987091,1766519511767
1,0.42968064546585083,1766519512497
1,0.34862178564071655,1766519513472
1,0.34417176246643066,1766519514319
1,0.461051881313324,1766519515139
1,0.4105280041694641,1766519516190
1,0.30694103240966797,1766519516902
1,0.34968701004981995,1766519517943
1,0.6833778619766235,1766519518662
1,0.550470232963562,1766519519636
1,0.44363731145858765,1766519520476
1,0.22194980084896088,1766519521244
1,0.3942311704158783,1766519522272
1,0.3336298167705536,1766519523007
1,0.39808547496795654,1766519524031
1,0.5890159606933594,1766519524726
1,0.28374743461608887,1766519525587
1,0.4172961711883545,1766519526503
1,0.772352933883667,1766519527295
1,0.3671066164970398,1766519528392
1,0.19776368141174316,1766519529124
1,0.14691990613937378,1766519530220
1,0.7034906148910522,1766519530931
1,0.64717698097229,1766519531905
1,0.27238982915878296,1766519532732
1,0.3593497574329376,1766519533486
1,0.4935108721256256,1766519534518
1,0.4297945499420166,1766519535254
1,0.673685610294342,1766519536298
1,0.48427268862724304,1766519537039
1,0.3356589674949646,1766519537978
1,0.31817352771759033,1766519538806
1,0.30108195543289185,1766519539624
1,0.21384954452514648,1766519540633
1,0.45583376288414,1766519541326
1,0.4409124255180359,1766519542418
1,0.5423893332481384,1766519543155
1,0.4571254849433899,1766519544100
1,0.4514146149158478,1766519544923
1,0.23780839145183563,1766519545688
1,0.40493908524513245,1766519546726
1,0.3117314577102661,1766519547419
1,0.38785940408706665,1766519548458
1,0.3782401382923126,1766519549188
1,0.5612301230430603,1766519550092
1,0.5919278264045715,1766519551018
1,0.2841210663318634,1766519551779
1,0.3690899908542633,1766519552845
1,0.4825338125228882,1766519553543
1,0.41909298300743103,1766519554620
1,0.3333262801170349,1766519555389
1,0.3948613405227661,1766519556243
1,0.46348679065704346,1766519557168
1,0.3142957091331482,1766519557966
1,0.5823503136634827,1766519559000
1,0.4515553116798401,1766519559679
1,0.30373165011405945,1766519560701
1,0.4350680112838745,1766519561438
1,0.4289296865463257,1766519562302
1,0.5085769891738892,1766519563268
1,0.39554548263549805,1766519564050
1,0.4662507474422455,1766519565055
1,0.3996323347091675,1766519565765
1,0.46858638525009155,1766519566788
1,0.6212167739868164,1766519567576
1,0.3158360719680786,1766519568518
1,0.507362961769104,1766519569343
1,0.5351341962814331,1766519570070
1,0.5162702798843384,1766519571125
1,0.5314792990684509,1766519571848
1,0.4365578889846802,1766519572908
1,0.4816858768463135,1766519573637
1,0.5426426529884338,1766519574564
1,0.3450566828250885,1766519575555
1,0.5242977738380432,1766519576377
1,0.44563281536102295,1766519577292
1,0.37304744124412537,1766519578020
1,0.5189646482467651,1766519579034
1,0.496223121881485,1766519579791
1,0.46000802516937256,1766519580672
1,0.4478023648262024,1766519581605
1,0.3090546429157257,1766519582260
1,0.23549321293830872,1766519583285
1,0.31078583002090454,1766519584059
1,0.502253532409668,1766519585081
1,0.270979642868042,1766519585970
1,0.4519225060939789,1766519586817
1,0.47230660915374756,1766519587778
1,0.29008591175079346,1766519588513
1,0.42187267541885376,1766519589528
1,0.43929392099380493,1766519590262
1,0.5571349263191223,1766519591344
1,0.6316579580307007,1766519592102
1,0.5714542865753174,1766519592963
1,0.3149995803833008,1766519593913
1,0.26530030369758606,1766519594619
1,0.5352001190185547,1766519595711
1,0.5433504581451416,1766519596391
1,0.4497719407081604,1766519597410
1,0.18530724942684174,1766519598218
1,0.3390684127807617,1766519599085
1,0.531554102897644,1766519600016
1,0.3673088550567627,1766519600686
1,0.19776804745197296,1766519601722
1,0.4800984561443329,1766519602453
1,0.42496147751808167,1766519603347
1,0.47172486782073975,1766519604176
1,0.2962888181209564,1766519604837
1,0.20849768817424774,1766519605883
1,0.38129371404647827,1766519606636
1,0.25077152252197266,1766519607617
1,0.31650567054748535,1766519608439
1,0.602453887462616,1766519609207
1,0.4413091540336609,1766519610257
1,0.552854061126709,1766519610975
1,0.547203540802002,1766519612008
1,0.22256974875926971,1766519612765
1,0.53130042552948,1766519613645
1,0.48715877532958984,1766519614495
1,0.3304871916770935,1766519615310
1,0.42004722356796265,1766519616333
1,0.45161134004592896,1766519617020
1,0.6118776798248291,1766519618078
1,0.20935027301311493,1766519618840
1,0.34940317273139954,1766519619761
1,0.3676294684410095,1766519620649
1,0.4188106954097748,1766519621436
1,0.31743258237838745,1766519622480
1,0.392362117767334,1766519623193
1,0.6510463953018188,1766519624236
1,0.28021588921546936,1766519625014
1,0.4390963315963745,1766519625994
1,0.4842662215232849,1766519626848
1,0.46350306272506714,1766519627628
1,0.5506106615066528,1766519628639
1,0.3867003321647644,1766519629338
1,0.11487343162298203,1766519630411
1,0.6579269170761108,1766519631145
1,0.6906778812408447,1766519632076
1,0.46245962381362915,1766519632936
1,0.2285725623369217,1766519633695
1,0.5596268177032471,1766519634715
1,0.38627079129219055,1766519635416
1,0.6461437344551086,1766519636442
1,0.5842015743255615,1766519637170
1,0.47154030203819275,1766519637973
1,0.4106369614601135,1766519638978
1,0.4624616503715515,1766519639633
1,0.23560529947280884,1766519640691
1,0.20949503779411316,1766519641471
1,0.6053556799888611,1766519642508
1,0.42672932147979736,1766519643276
1,0.5653371214866638,1766519643993
1,0.5954457521438599,1766519645013
1,0.5214873552322388,1766519645733
1,0.4822969138622284,1766519646802
1,0.2808113396167755,1766519647562
1,0.858092188835144,1766519648417
1,0.3003217577934265,1766519649353
1,0.3457481265068054,1766519650124
1,0.45462566614151,1766519651155
1,0.44368407130241394,1766519651831
1,0.6235595941543579,1766519652853
1,0.5544987916946411,1766519653566
1,0.35168522596359253,1766519654478
1,0.38308751583099365,1766519655335
1,0.5348767042160034,1766519656106
1,0.30858927965164185,1766519657117
1,0.4067891836166382,1766519657772
1,0.395588219165802,1766519658754
1,0.2307514250278473,1766519659513
1,0.4265243709087372,1766519660384
1,0.5776820778846741,1766519661328
1,0.3385855555534363,1766519662087
1,0.20150811970233917,1766519663118
1,0.5604925155639648,1766519663872
1,0.6506654620170593,1766519664835
1,0.3542232811450958,1766519665612
1,0.31483376026153564,1766519666460
1,0.6609646081924438,1766519667447
1,0.15375736355781555,1766519668172
1,0.6109502911567688,1766519669257
1,0.4890238642692566,1766519669962
1,0.24353668093681335,1766519670965
1,0.4955825209617615,1766519671698
1,0.5135214328765869,1766519672482
1,0.46313154697418213,1766519673520
1,0.3574627637863159,1766519674180
1,0.19121623039245605,1766519675253
1,0.4880688190460205,1766519675952
1,0.2381063997745514,1766519676880
1,0.26583170890808105,1766519677681
1,0.2373848855495453,1766519678474
1,0.485159695148468,1766519679529
1,0.28285372257232666,1766519680228
1,0.3076000213623047,1766519681296
1,0.562396764755249,1766519682022
1,0.2150731384754181,1766519682921
1,0.19090309739112854,1766519683801
1,0.6954062581062317,1766519684454
1,0.3748515844345093,1766519685435
1,0.23176318407058716,1766519686161
1,0.31902265548706055,1766519687143
1,0.4615895450115204,1766519687939
1,0.40513259172439575,1766519688749
1,0.371288001537323,1766519689737
1,0.42478418350219727,1766519690477
1,0.6837044954299927,1766519691517
1,0.27059224247932434,1766519692215
1,0.48832324147224426,1766519693239
1,0.30391231179237366,1766519694027
1,0.26109716296195984,1766519694845
1,0.2897995412349701,1766519695816
1,0.4315146803855896,1766519696593
1,0.6716734170913696,1766519697624
1,0.596246600151062,1766519698341
1,0.22900213301181793,1766519699294
1,0.40673065185546875,1766519700127
1,0.518973171710968,1766519700884
1,0.4587380886077881,1766519701878
1,0.9371620416641235,1766519702606
1,0.344618022441864,1766519703658
1,0.34355124831199646,1766519704354
1,0.1712237000465393,1766519705271
1,0.3642301857471466,1766519706214
1,0.3038576543331146,1766519706988
1,0.28504347801208496,1766519708011
1,0.26475343108177185,1766519708731
1,0.3091799020767212,1766519709876
1,0.5126469731330872,1766519710620
1,0.3596717119216919,1766519711620
1,0.9566212892532349,1766519712429
1,0.2777997851371765,1766519713199
1,0.41303667426109314,1766519714208
1,0.335187703371048,1766519714917
1,0.6646231412887573,1766519715964
1,0.7111415863037109,1766519716680
1,0.4097505211830139,1766519717632
1,0.2699352502822876,1766519718465
1,0.533329427242279,1766519719315
1,0.2829131484031677,1766519720282
1,0.27908679842948914,1766519720968
1,0.38786813616752625,1766519722009
1,0.7253037095069885,1766519722808
1,0.2773287892341614,1766519723767
1,0.29767245054244995,1766519724651
1,0.5768641829490662,1766519725448
1,0.3325313627719879,1766519726547
1,0.38621988892555237,1766519727279
1,0.30304524302482605,1766519728329
1,0.5040168762207031,1766519729141
1,0.28791892528533936,1766519730108
1,0.3612801134586334,1766519730953
1,0.402515172958374,1766519731828
1,0.6792375445365906,1766519732802
1,0.39828863739967346,1766519733543
1,0.3385867476463318,1766519734554
1,0.523042619228363,1766519735280
1,0.45943519473075867,1766519736364
1,0.5390682816505432,1766519737127
1,0.3610507547855377,1766519737908
1,0.4364962577819824,1766519738929
1,0.4635891616344452,1766519739652
1,0.33435580134391785,1766519740638
1,0.4319097697734833,1766519741392
1,0.5047934055328369,1766519742306
1,0.5659622550010681,1766519743157
1,0.5701113343238831,1766519743966
1,0.27284014225006104,1766519744981
1,0.16228890419006348,1766519745659
1,0.3626072406768799,1766519746632
1,0.3579387366771698,1766519747401
1,0.42219728231430054,1766519748206
1,0.4179771840572357,1766519749062
1,0.8861938118934631,1766519749785
1,0.2572690546512604,1766519750847
1,0.47989803552627563,1766519751550
1,0.6000243425369263,1766519752629
1,0.41231799125671387,1766519753373
1,0.3271197974681854,1766519754198
1,0.41655245423316956,1766519755122
1,0.5238826870918274,1766519755875
1,0.34892886877059937,1766519756872
1,0.5043421983718872,1766519757584
1,0.4709247946739197,1766519758464
1,0.4149565100669861,1766519759237
1,0.42611247301101685,1766519760228
1,0.2580128014087677,1766519760946
1,0.625984251499176,1766519761845
1,0.14713215827941895,1766519762744
1,0.43988096714019775,1766519763590
1,0.4533233046531677,1766519764512
1,0.4347372055053711,1766519765332
1,0.46562737226486206,1766519766328
1,0.45403167605400085,1766519767069
1,0.44055086374282837,1766519768063
1,0.2805948257446289,1766519768905
1,0.36743685603141785,1766519769832
1,0.6632306575775146,1766519770753
1,0.41203606128692627,1766519771675
1,0.4781078100204468,1766519772549
1,0.5473467111587524,1766519773374
1,0.5228012800216675,1766519774304
1,0.42005598545074463,1766519774999
1,0.4774255156517029,1766519775915
1,0.6069244146347046,1766519776738
1,0.5619111061096191,1766519777557
1,0.4213096499443054,1766519778418
1,0.3438428044319153,1766519779214
1,0.4450984597206116,1766519780173
1,0.5407873392105103,1766519780931
1,0.4066343605518341,1766519781907
1,0.437705934047699,1766519782736
1,0.3803383409976959,1766519783596
1,0.3783493638038635,1766519784511
1,0.3631735146045685,1766519785377
1,0.5929551720619202,1766519786240
1,0.43904438614845276,1766519787027
1,0.3971729278564453,1766519787977
1,0.6284259557723999,1766519788811
1,0.4299072027206421,1766519789781
1,0.6790390610694885,1766519790586
1,0.6640910506248474,1766519791515
1,0.34475427865982056,1766519792337
1,0.4646967351436615,1766519793163
1,0.7619950771331787,1766519794014
1,0.3507239520549774,1766519794794
1,0.1697700023651123,1766519795753
1,0.49084457755088806,1766519796572
1,0.5835543274879456,1766519797477
1,0.4625997841358185,1766519798242
1,0.37414848804473877,1766519799205
1,0.2812339663505554,1766519800055
1,0.7084865570068359,1766519800785
1,0.26033830642700195,1766519801710
1,0.32277947664260864,1766519802487
1,0.8136058449745178,1766519803467
1,0.6592821478843689,1766519804318
1,0.6308640837669373,1766519805226
1,0.09545810520648956,1766519806070
1,0.5928241014480591,1766519806878
1,0.3492624759674072,1766519807837
1,0.45595479011535645,1766519808633
1,0.364070862531662,1766519809583
1,0.47869837284088135,1766519810391
1,0.40475767850875854,1766519811350
1,0.27360981702804565,1766519812097
1,0.38201218843460083,1766519812902
1,0.25505951046943665,1766519813775
1,0.5444726943969727,1766519814580
1,0.3406621813774109,1766519815565
1,0.26730722188949585,1766519816374
1,0.3162405490875244,1766519817301
1,0.6224204301834106,1766519818128
1,0.4017786383628845,1766519819028
1,0.24552640318870544,1766519819865
1,0.3003237247467041,1766519820699
1,0.36545366048812866,1766519821704
1,0.40782880783081055,1766519822542
1,0.24623550474643707,1766519823472
1,0.5001124143600464,1766519824250
1,0.3078153729438782,1766519825088
1,0.282452255487442,1766519825913
1,0.38243526220321655,1766519826842
1,0.36035674810409546,1766519827728
1,0.39293956756591797,1766519828563
1,0.4710094928741455,1766519829485
1,0.3712437152862549,1766519830302
1,0.28530755639076233,1766519831214
1,0.45708197355270386,1766519831976
1,0.18358981609344482,1766519832879
1,0.35279473662376404,1766519833719
1,0.2718604505062103,1766519834614
1,0.2503240704536438,1766519835545
1,0.6210492849349976,1766519836408
1,0.4396246075630188,1766519837388
1,0.17484265565872192,1766519838187
1,0.19170083105564117,1766519839191
1,0.3189128637313843,1766519839970
1,0.42269834876060486,1766519840919
1,0.6010416746139526,1766519841668
1,0.4932731091976166,1766519842502
1,0.33945733308792114,1766519843422
1,0.2788599729537964,1766519844326
1,0.43725961446762085,1766519845271
1,0.31055015325546265,1766519846079
1,0.2541466951370239,1766519847025
1,0.34942764043807983,1766519847822
1,0.20935533940792084,1766519848797
1,0.42855191230773926,1766519849569
1,0.5117616057395935,1766519850430
1,0.5260953903198242,1766519851333
1,0.28258946537971497,1766519852219
1,0.5312497019767761,1766519853121
1,0.3966310918331146,1766519853915
1,0.5320591330528259,1766519854831
1,0.25431203842163086,1766519855641
1,0.3995782434940338,1766519856538
1,0.2417689859867096,1766519857336
1,0.24412788450717926,1766519858166
1,0.26285380125045776,1766519859107
1,0.16572055220603943,1766519859935
1,0.36410030722618103,1766519860856
1,0.2767418324947357,1766519861545
1,0.1897701919078827,1766519862496
1,0.5902572870254517,1766519863346
1,0.2785380184650421,1766519864270
1,0.27207469940185547,1766519865118
1,0.357486754655838,1766519865973
1,0.47259241342544556,1766519866819
1,0.620489776134491,1766519867688
1,0.39313632249832153,1766519868615
1,0.2890738844871521,1766519869331
1,0.20666645467281342,1766519870247
1,0.18546795845031738,1766519870962
1,0.19509515166282654,1766519871667
1,0.3299740254878998,1766519872541
1,0.22785913944244385,1766519873254
1,0.37645387649536133,1766519874092
1,0.3968964219093323,1766519874807
1,0.19257506728172302,1766519875501
1,0.3090563416481018,1766519876361
1,0.25893813371658325,1766519877092
1,0.5269994735717773,1766519877993
1,0.49921005964279175,1766519878705
1,0.41269075870513916,1766519879528
1,0.6651013493537903,1766519880297
1,0.2870539426803589,1766519881033
1,0.12830395996570587,1766519881920
1,0.3122655153274536,1766519882589
1,0.17846857011318207,1766519883427
1,0.3046707510948181,1766519884213
1,0.347049355506897,1766519884980
1,0.18546149134635925,1766519885869
1,0.48757484555244446,1766519886585
1,0.5454002618789673,1766519887498
1,0.7415351867675781,1766519888228
1,0.33062052726745605,1766519889025
1,0.11965247988700867,1766519889817
1,0.08736653625965118,1766519890562
1,0.7021604180335999,1766519891442
1,0.37831342220306396,1766519892166
1,0.7039248943328857,1766519893013
1,0.38770052790641785,1766519893736
1,0.37444475293159485,1766519894536
1,0.34071892499923706,1766519895351
1,0.36419254541397095,1766519896071
1,0.47293993830680847,1766519896944
1,0.656369686126709,1766519897678
1,0.4929050803184509,1766519898500
1,0.48247918486595154,1766519899314
1,0.24955345690250397,1766519900032
1,0.21569208800792694,1766519900931
1,0.3386949896812439,1766519901646
1,0.29809945821762085,1766519902530
1,0.22721365094184875,1766519903279
1,0.43862468004226685,1766519904035
1,0.37146639823913574,1766519904877
1,0.3247024118900299,1766519905606
1,0.5059843063354492,1766519906480
1,0.4654514789581299,1766519907193
1,0.3611547350883484,1766519908076
1,0.23644651472568512,1766519908978
1,0.2603206932544708,1766519909752
1,0.4345139265060425,1766519910599
1,0.2523459792137146,1766519911309
1,0.2198861539363861,1766519912211
1,0.19568315148353577,1766519912906
1,0.3530820608139038,1766519913702
1,0.23509354889392853,1766519914490
1,0.33891966938972473,1766519915240
1,0.1940251886844635,1766519916157
1,0.28367745876312256,1766519916838
1,0.17935287952423096,1766519917621
1,0.14426568150520325,1766519918301
1,0.38797399401664734,1766519919076
1,0.21624648571014404,1766519919965
1,0.19660630822181702,1766519920715
1,0.3163585364818573,1766519921651
1,0.2502657175064087,1766519922407
1,0.27459821105003357,1766519923313
1,0.32465505599975586,1766519924171
1,0.2566124200820923,1766519925018
1,0.38485172390937805,1766519925997
1,0.3889811038970947,1766519926757
1,0.2091105431318283,1766519927777
1,0.32261303067207336,1766519928612
1,0.26768720149993896,1766519929669
1,0.600279688835144,1766519930480
1,0.44596052169799805,1766519931472
1,0.4212706983089447,1766519932278
1,0.270404577255249,1766519933165
1,0.4806007146835327,1766519934056
1,0.4643896222114563,1766519934756
1,0.25674861669540405,1766519935805
1,0.3384581506252289,1766519936583
1,0.4235783815383911,1766519937532
1,0.5367559790611267,1766519938256
1,0.43620389699935913,1766519939217
1,0.27727749943733215,1766519940086
1,0.5150161385536194,1766519940826
1,0.27996325492858887,1766519941854
1,0.2707924246788025,1766519942579
1,0.2892846465110779,1766519943609
1,0.25888556241989136,1766519944374
1,0.30166006088256836,1766519945388
1,0.12656114995479584,1766519946259
1,0.3257823586463928,1766519947480
1,0.44148868322372437,1766519948263
1,0.566709041595459,1766519949094
1,0.2928867042064667,1766519949977
1,0.2937282621860504,1766519950679
1,0.49792349338531494,1766519951732
1,0.31829023361206055,1766519952471
1,0.2575092017650604,1766519953525
1,0.40999627113342285,1766519954295
1,0.3025672435760498,1766519955117
1,0.3997807800769806,1766519956028
1,0.34417301416397095,1766519956770
1,0.3189525604248047,1766519957832
1,0.13218525052070618,1766519958518
1,0.3437461256980896,1766519959536
1,0.37050411105155945,1766519960291
1,0.28140097856521606,1766519961056
1,0.42080026865005493,1766519961993
1,0.37583082914352417,1766519962703
1,0.30205413699150085,1766519963761
1,0.5627005696296692,1766519964538
1,0.30593064427375793,1766519965480
1,0.6061674356460571,1766519966342
1,0.5123207569122314,1766519967159
1,0.29263901710510254,1766519968175
1,0.22162368893623352,1766519968945
1,0.37316253781318665,1766519970003
1,0.44347622990608215,1766519970712
1,0.43703117966651917,1766519971756
1,0.26768043637275696,1766519972465
1,0.5008731484413147,1766519973237
1,0.30498290061950684,1766519974233
1,0.3534427881240845,1766519974989
1,0.30282822251319885,1766519976041
1,0.29117292165756226,1766519976766
1,0.4719657897949219,1766519977752
1,0.4625769257545471,1766519978564
1,0.28320902585983276,1766519979409
1,0.4177960753440857,1766519980331
1,0.5411625504493713,1766519981102
1,0.2267678827047348,1766519982120
1,0.34240034222602844,1766519982924
1,0.24766229093074799,1766519983910
1,0.3885035514831543,1766519984684
1,0.42932823300361633,1766519985681
1,0.42786914110183716,1766519986508
1,0.3324229419231415,1766519987424
1,0.22610557079315186,1766519988224
1,0.4638034403324127,1766519989071
1,0.497113436460495,1766519989978
1,0.1942935436964035,1766519990827
1,0.27472326159477234,1766519991786
1,0.18311485648155212,1766519992623
1,0.40054500102996826,1766519993585
1,0.20100705325603485,1766519994470
1,0.17565515637397766,1766519995461
1,0.4962758421897888,1766519996256
1,0.3367866277694702,1766519997166
1,0.31920111179351807,1766519998046
1,0.2101311832666397,1766519998923
1,0.42077672481536865,1766519999803
1,0.21011127531528473,1766520000752
1,0.24675610661506653,1766520001642
1,0.3281269371509552,1766520002564
1,0.31592079997062683,1766520003445
1,0.3677406311035156,1766520004369
1,0.2602398097515106,1766520005308
1,0.4324551820755005,1766520006202
1,0.32877179980278015,1766520007036
1,0.3572014570236206,1766520007757
1,0.27925509214401245,1766520008719
1,0.27500632405281067,1766520009589
1,0.2939947545528412,1766520010454
1,0.38760143518447876,1766520011373
1,0.31108859181404114,1766520012217
1,0.5667650103569031,1766520013129
1,0.2964477241039276,1766520013951
1,0.3251248300075531,1766520014860
1,0.48094499111175537,1766520015690
1,0.1598808467388153,1766520016669
1,0.33984696865081787,1766520017440
1,0.2676432132720947,1766520018275
1,0.31837165355682373,1766520019164
1,0.4662033021450043,1766520020070
1,0.5451414585113525,1766520020978
1,0.5574510097503662,1766520021942
1,0.3965334892272949,1766520022785
1,0.26125723123550415,1766520023686
1,0.2517797350883484,1766520024585
1,0.41254156827926636,1766520025523
1,0.49514445662498474,1766520026456
1,0.3472159504890442,1766520027402
1,0.19616243243217468,1766520028253
1,0.6230053901672363,1766520029161
1,0.3310496211051941,1766520030052
1,0.16444925963878632,1766520030988
1,0.45167097449302673,1766520031790
1,0.17376844584941864,1766520032819
1,0.32385045289993286,1766520033691
1,0.558030366897583,1766520034664
1,0.17695212364196777,1766520035570
1,0.34065744280815125,1766520036576
1,0.37677204608917236,1766520037408
1,0.3189352750778198,1766520038287
1,0.31860092282295227,1766520039152
1,0.2567729353904724,1766520040042
1,0.3169550597667694,1766520040966
1,0.6347665786743164,1766520041763
1,0.47691065073013306,1766520042666
1,0.2097492516040802,1766520043491
1,0.3434153199195862,1766520044402
1,0.41611552238464355,1766520045200
1,0.25685209035873413,1766520046213
1,0.441143661737442,1766520047072
1,0.2998599112033844,1766520048028
1,0.35094982385635376,1766520048844
1,0.3285730481147766,1766520049800
1,0.20152248442173004,1766520050687
1,0.27737170457839966,1766520051573
1,0.35813069343566895,1766520052477
1,0.426439106464386,1766520053287
1,0.42251211404800415,1766520054271
1,0.2588092088699341,1766520055065
1,0.3565858006477356,1766520056030
1,0.5152854919433594,1766520056802
1,0.3773663341999054,1766520057752
1,0.4029003977775574,1766520058611
1,0.5646858215332031,1766520059536
1,0.18317392468452454,1766520060455
1,0.2945646643638611,1766520061301
1,0.28335168957710266,1766520062318
1,0.20069845020771027,1766520063093
1,0.2155323028564453,1766520064143
1,0.31511443853378296,1766520064887
1,0.21088045835494995,1766520065954
1,0.34604525566101074,1766520066769
1,0.3115050792694092,1766520067912
1,0.5770843029022217,1766520068676
1,0.24856232106685638,1766520069578
1,0.12866441905498505,1766520070474
1,0.3114301562309265,1766520071299
1,0.2860148847103119,1766520072304
1,0.20050828158855438,1766520073084
1,0.31813037395477295,1766520074097
1,0.23916999995708466,1766520074724
1,0.3913801610469818,1766520075540
1,0.3118348717689514,1766520076304
1,0.6684026718139648,1766520076996
1,0.29876184463500977,1766520077964
1,0.3843594193458557,1766520078583
1,0.30568307638168335,1766520079514
1,0.12915842235088348,1766520080290
1,0.40401121973991394,1766520081043
1,0.39817431569099426,1766520081983
1,0.298481822013855,1766520082587
1,0.2894909381866455,1766520083389
1,0.3434843420982361,1766520084053
1,0.3091716766357422,1766520084679
1,0.4716063439846039,1766520085501
1,0.3528812527656555,1766520086116
1,0.346244215965271,1766520086835
1,0.4007585942745209,1766520087620
1,0.2442140281200409,1766520088218
1,0.37531113624572754,1766520089020
1,0.3478013575077057,1766520089637
1,0.3294703960418701,1766520090236
1,0.14598891139030457,1766520091053
1,0.4407631754875183,1766520091640
1,0.19654662907123566,1766520092356
1,0.1309303343296051,1766520093179
1,0.14669185876846313,1766520093777
1,0.3946303725242615,1766520094654
1,0.17248092591762543,1766520095268
1,0.32029685378074646,1766520095925
1,0.438507616519928,1766520096728
1,0.22831971943378448,1766520097307
1,0.49397003650665283,1766520098018
1,0.2791614234447479,1766520098776
1,0.2967036962509155,1766520099404
1,0.3389391005039215,1766520100216
1,0.2097935676574707,1766520100854
1,0.468041330575943,1766520101542
1,0.5656925439834595,1766520102328
1,0.386213481426239,1766520102979
1,0.37939196825027466,1766520103865
1,0.220164954662323,1766520104556
1,0.3515393137931824,1766520105463
1,0.5570555329322815,1766520106350
1,0.3674735426902771,1766520107172
1,0.48360157012939453,1766520108107
1,0.3834492862224579,1766520108868
1,0.5888369083404541,1766520109876
1,0.24989613890647888,1766520110661
1,0.43442171812057495,1766520111621
1,0.15537667274475098,1766520112439
1,0.2729230225086212,1766520113425
1,0.3476230204105377,1766520114254
1,0.5419662594795227,1766520115109
1,0.3187984228134155,1766520116030
1,0.37506550550460815,1766520116794
1,0.4825071692466736,1766520117879
1,0.2619379758834839,1766520118608
1,0.303199827671051,1766520119630
1,0.20322147011756897,1766520120423
1,0.4764230251312256,1766520121327
1,0.5708986520767212,1766520122208
1,0.3287094235420227,1766520122999
1,0.33288633823394775,1766520123991
1,0.5503103137016296,1766520124696
1,0.2490735650062561,1766520125692
1,0.36827754974365234,1766520126492
1,0.23778504133224487,1766520127467
1,0.37370437383651733,1766520128278
1,0.3193788230419159,1766520129088
1,0.463924765586853,1766520130074
1,0.4598071873188019,1766520130892
1,0.2512981593608856,1766520131916
1,0.26188308000564575,1766520132710
1,0.16772723197937012,1766520133646
1,0.2833325266838074,1766520134408
1,0.32711052894592285,1766520135343
1,0.2896181046962738,1766520136112
1,0.20674344897270203,1766520136951
1,0.4346158504486084,1766520137832
1,0.34786346554756165,1766520138612
1,0.12209968268871307,1766520139662
1,0.36650463938713074,1766520140410
1,0.3087843060493469,1766520141367
1,0.396417498588562,1766520142180
1,0.35779869556427,1766520143047
1,0.19997233152389526,1766520143977
1,0.3229054808616638,1766520144788
1,0.9363222122192383,1766520145795
1,0.3125843405723572,1766520146487
1,0.355768084526062,1766520147527
1,0.5084553956985474,1766520148242
1,0.5076561570167542,1766520149178
1,0.2640051245689392,1766520150020
1,0.32666295766830444,1766520150791
1,0.4368007779121399,1766520151785
1,0.2814628779888153,1766520152522
1,0.35465121269226074,1766520153538
1,0.3550986349582672,1766520154310
1,0.4339463710784912,1766520155343
1,0.5099360942840576,1766520156100
1,0.24725961685180664,1766520156962
1,0.3440784513950348,1766520157892
1,0.23233157396316528,1766520158661
1,0.3390268385410309,1766520159617
1,0.7879833579063416,1766520160345
1,0.161433607339859,1766520161443
1,0.4181719720363617,1766520162115
1,0.21721409261226654,1766520163072
1,0.7512187957763672,1766520163952
1,0.491535484790802,1766520164710
1,0.5077089667320251,1766520165743
1,0.42939162254333496,1766520166448
1,0.38476455211639404,1766520167447
1,0.47160547971725464,1766520168143
1,0.5129391551017761,1766520169006
1,0.38574162125587463,1766520169970
1,0.48858240246772766,1766520170654
1,0.2966465353965759,1766520171709
1,0.24728940427303314,1766520172424
1,0.3578384518623352,1766520173438
1,0.27368539571762085,1766520174237
1,0.3137715756893158,1766520175084
1,0.1944008320569992,1766520176037
1,0.11140632629394531,1766520176766
1,0.32483935356140137,1766520177775
1,0.3816865086555481,1766520178495
1,1.0065805912017822,1766520179458
1,0.4111286401748657,1766520180332
1,0.4068462550640106,1766520181108
1,0.4024457335472107,1766520182055
1,0.3981902599334717,1766520182791
1,0.27539965510368347,1766520183828
1,0.24088944494724274,1766520184590
1,0.26843833923339844,1766520185567
1,0.4438740611076355,1766520186407
1,0.3231939673423767,1766520187195
1,0.18965256214141846,1766520188215
1,0.39774736762046814,1766520188920
1,0.4111592769622803,1766520189966
1,0.48103606700897217,1766520190710
1,0.4624316096305847,1766520191593
1,0.51151043176651,1766520192462
1,0.3530670702457428,1766520193184
1,0.5341639518737793,1766520194233
1,0.20800890028476715,1766520194952
1,0.17643728852272034,1766520196049
1,0.2775217890739441,1766520196784
1,0.38009339570999146,1766520197715
1,0.20960335433483124,1766520198544
1,0.5081062912940979,1766520199368
1,0.491698682308197,1766520200348
1,0.1677388995885849,1766520201004
1,0.2473936825990677,1766520201997
1,0.3493928015232086,1766520202748
1,0.34951627254486084,1766520203654
1,0.2266726791858673,1766520204613
1,0.3326711654663086,1766520205384
1,0.3711510896682739,1766520206447
1,0.22725805640220642,1766520207163
1,0.5316431522369385,1766520208175
1,0.24512484669685364,1766520208918
1,0.271349161863327,1766520209739
1,0.4485696256160736,1766520210698
1,0.41468745470046997,1766520211430
1,0.35944831371307373,1766520212476
1,0.23748177289962769,1766520213215
1,0.37151724100112915,1766520214259
1,0.7103853225708008,1766520215040
1,0.3969689905643463,1766520215990
1,0.2799060642719269,1766520216857
1,0.32155293226242065,1766520217598
1,0.24149170517921448,1766520218685
1,0.38219255208969116,1766520219420
1,0.18779686093330383,1766520220445
1,0.5124382972717285,1766520221181
1,0.5800014138221741,1766520222152
1,0.40528208017349243,1766520223013
1,0.6054786443710327,1766520223797
1,0.42181241512298584,1766520224813
1,0.22322650253772736,1766520225461
1,0.5066899061203003,1766520226520
1,0.2547570765018463,1766520227232
1,0.45699211955070496,1766520228083
1,0.2265234887599945,1766520229008
1,0.48016759753227234,1766520229673
1,0.5055285096168518,1766520230707
1,0.371820330619812,1766520231442
1,0.3046289384365082,1766520232321
1,0.2377745658159256,1766520233107
1,0.4591207504272461,1766520233895
1,0.4783174693584442,1766520234941
1,0.3606683611869812,1766520235626
1,0.7884455323219299,1766520236730
1,0.3981671631336212,1766520237425
1,0.29100778698921204,1766520238319
1,0.2757238745689392,1766520239237
1,0.2643352150917053,1766520240042
1,0.45901814103126526,1766520241062
1,0.3118959665298462,1766520241790
1,0.3374260663986206,1766520242785
1,0.3298235535621643,1766520243544
1,0.7639803886413574,1766520244420
1,0.2938719391822815,1766520245305
1,0.36606156826019287,1766520246063
1,0.3452695608139038,1766520247070
1,0.21836933493614197,1766520247796
1,0.2866378128528595,1766520248828
1,0.16069650650024414,1766520249553
1,0.33735352754592896,1766520250481
1,0.20980747044086456,1766520251340
1,0.26518315076828003,1766520252163
1,0.44416260719299316,1766520253207
1,0.420124351978302,1766520253909
1,0.25628969073295593,1766520254967
1,0.4667391777038574,1766520255647
1,0.4632842242717743,1766520256581
1,0.34767311811447144,1766520257448
1,0.4263245761394501,1766520258238
1,0.4094924330711365,1766520259244
1,0.11985965073108673,1766520259888
1,0.36523669958114624,1766520260909
1,0.4554353952407837,1766520261634
1,0.422198623418808,1766520262602
1,0.2965410351753235,1766520263512
1,0.29325366020202637,1766520264325
1,0.29294297099113464,1766520265324
1,0.4185466468334198,1766520266012
1,0.20994403958320618,1766520267091
1,0.26543140411376953,1766520267798
1,0.33407074213027954,1766520268670
1,0.4635111093521118,1766520269573
1,0.3706183433532715,1766520270281
1,0.33542653918266296,1766520271285
1,0.23367556929588318,1766520271978
1,0.38537323474884033,1766520273003
1,0.29026806354522705,1766520273753
1,0.25695616006851196,1766520274526
1,0.2405550181865692,1766520275448
1,0.3135170638561249,1766520276169
1,0.32022368907928467,1766520277273
1,0.16060477495193481,1766520277999
1,0.348090261220932,1766520279033
1,0.3530864715576172,1766520279764
1,0.23168182373046875,1766520280594
1,0.18920166790485382,1766520281527
1,0.3171719014644623,1766520282194
1,0.18164679408073425,1766520283234
1,0.30460453033447266,1766520283955
1,0.20178452134132385,1766520284921
1,0.30950862169265747,1766520285719
1,0.2869940400123596,1766520286463
1,0.37892380356788635,1766520287519
1,0.4503415822982788,1766520288191
1,0.0820818692445755,1766520289266
1,0.32796546816825867,1766520290035
1,0.17171117663383484,1766520290912
1,0.291836142539978,1766520291823
1,0.32738399505615234,1766520292555
1,0.3202958405017853,1766520293622
1,0.2972303032875061,1766520294386
1,0.33169877529144287,1766520295381
1,0.3307839334011078,1766520296147
1,0.30370914936065674,1766520297113
1,0.40853792428970337,1766520297925
1,0.2423509806394577,1766520298695
1,0.36247164011001587,1766520299723
1,0.13926434516906738,1766520300372
1,0.42732077836990356,1766520301415
1,0.23625697195529938,1766520302144
1,0.29516860842704773,1766520303016
1,0.3809491991996765,1766520303813
1,0.7934352159500122,1766520304453
1,0.4586922526359558,1766520305489
1,0.3591121435165405,1766520306329
2,0.4339559078216553,1766520307128
2,0.31598424911499023,1766520308028
2,0.20996561646461487,1766520308765
2,0.33683139085769653,1766520309773
2,0.3363575041294098,1766520310461
2,0.14004884660243988,1766520311374
2,0.3458370566368103,1766520312189
2,0.21944226324558258,1766520312964
2,0.18148000538349152,1766520314043
2,0.5771014094352722,1766520314746
2,0.21191999316215515,1766520315801
2,0.4753388464450836,1766520316499
2,0.4072257876396179,1766520317286
2,0.3663738965988159,1766520318271
2,0.6671236753463745,1766520318997
2,0.28774571418762207,1766520320017
2,0.34515470266342163,1766520320763
2,0.24419155716896057,1766520321766
2,0.5383932590484619,1766520322581
2,0.3065515160560608,1766520323443
2,0.19444027543067932,1766520324435
2,0.3093493580818176,1766520325196
2,0.16492483019828796,1766520326320
2,0.37867140769958496,1766520327026
2,0.13132508099079132,1766520328089
2,0.39743486046791077,1766520328822
2,0.3645036220550537,1766520329692
2,0.46425700187683105,1766520330625
2,0.37628018856048584,1766520331436
2,0.37788957357406616,1766520332459
2,0.3739638328552246,1766520333182
2,0.49199044704437256,1766520334260
2,0.0889534130692482,1766520334975
2,0.1731525957584381,1766520335918
2,0.27191728353500366,1766520336787
2,0.2606835663318634,1766520337557
2,0.17273294925689697,1766520338570
2,0.19235344231128693,1766520339309
2,0.38472479581832886,1766520340374
2,0.5823005437850952,1766520341110
2,0.34000474214553833,1766520341923
2,0.19480887055397034,1766520342829
2,0.6291375756263733,1766520343557
2,0.47686102986335754,1766520344532
2,0.27259308099746704,1766520345291
2,0.2356332689523697,1766520346235
2,0.1225861981511116,1766520346972
2,0.3280269205570221,1766520347746
2,0.5222494602203369,1766520348708
2,0.6529971957206726,1766520349376
2,0.36122989654541016,1766520350377
2,0.5016741752624512,1766520351101
2,0.39615994691848755,1766520351832
2,0.39310288429260254,1766520352764
2,0.39016830921173096,1766520353361
2,0.2555859386920929,1766520354335
2,0.2926711142063141,1766520354965
2,0.34816598892211914,1766520355612
2,0.2919865548610687,1766520356577
2,0.22096462547779083,1766520357198
2,0.7294052839279175,1766520358114
2,0.3486344814300537,1766520358957
2,0.5830453634262085,1766520359757
2,0.4807403087615967,1766520360605
2,0.2886379659175873,1766520361271
2,0.2264915555715561,1766520362277
2,0.411201536655426,1766520362974
2,0.468275785446167,1766520363911
2,0.2929275631904602,1766520364698
2,0.17350387573242188,1766520365538
2,0.5305985808372498,1766520366636
2,0.25171732902526855,1766520367361
2,0.5665308833122253,1766520368375
2,0.3865608274936676,1766520369093
2,0.3630496859550476,1766520370011
2,0.3314557671546936,1766520370853
2,0.373129665851593,1766520371589
2,0.32560044527053833,1766520372629
2,0.09661898016929626,1766520373379
2,0.46038663387298584,1766520374480
2,0.2613213062286377,1766520375249
2,0.31158557534217834,1766520376211
2,0.3602963089942932,1766520376967
2,0.27493050694465637,1766520377727
2,0.4153822064399719,1766520378824
2,0.2052880823612213,1766520379549
2,0.18587814271450043,1766520380649
2,0.45199334621429443,1766520381364
2,0.49961355328559875,1766520382293
2,0.30215051770210266,1766520383193
2,0.3471596837043762,1766520383978
2,0.21209931373596191,1766520385020
2,0.36132609844207764,1766520385736
2,0.21121865510940552,1766520386809
2,0.3989349603652954,1766520387535
2,0.3615286350250244,1766520388406
2,0.21533572673797607,1766520389302
2,0.3819419741630554,1766520390095
2,0.4514714479446411,1766520391080
2,0.2939837574958801,1766520391777
2,0.2535288631916046,1766520392855
2,0.573809027671814,1766520393576
2,0.334338903427124,1766520394483
2,0.3610079288482666,1766520395327
2,0.5680367350578308,1766520396099
2,0.1334274262189865,1766520397164
2,0.418273389339447,1766520397832
2,0.3591790199279785,1766520398888
2,0.3633236289024353,1766520399633
2,0.24623951315879822,1766520400500
2,0.1991070657968521,1766520401454
2,0.2713223695755005,1766520402167
2,0.3607211112976074,1766520403198
2,0.31665390729904175,1766520403885
2,0.29080724716186523,1766520404760
2,0.4973480701446533,1766520405578
2,0.14067673683166504,1766520406305
2,0.27950745820999146,1766520407305
2,0.4245162010192871,1766520408038
2,0.4859662652015686,1766520409079
2,0.4461100995540619,1766520409798
2,0.431426465511322,1766520410605
2,0.2614881694316864,1766520411500
2,0.2657872438430786,1766520412240
2,0.3571177124977112,1766520413267
2,0.3858993649482727,1766520413953
2,0.25071102380752563,1766520414868
2,0.18835914134979248,1766520415647
2,0.20066887140274048,1766520416511
2,0.3355197608470917,1766520417500
2,0.19654899835586548,1766520418236
2,0.45116126537323,1766520419284
2,0.2633267939090729,1766520420006
2,0.752509593963623,1766520421067
2,0.43606317043304443,1766520421806
2,0.2750931978225708,1766520422664
2,0.45857298374176025,1766520423664
2,0.15148577094078064,1766520424362
2,0.45539262890815735,1766520425421
2,0.14050939679145813,1766520426224
2,0.2133786380290985,1766520427208
2,0.3102581799030304,1766520427992
2,0.31607678532600403,1766520428852
2,0.29873132705688477,1766520429812
2,0.26103365421295166,1766520430491
2,0.22184991836547852,1766520431535
2,0.2813863754272461,1766520432280
2,0.3908642530441284,1766520433244
2,0.29629820585250854,1766520434101
2,0.24415436387062073,1766520434855
2,0.16954153776168823,1766520435893
2,0.1353839933872223,1766520436637
2,0.4592033326625824,1766520437697
2,0.30933260917663574,1766520438475
2,0.34478843212127686,1766520439449
2,0.33812278509140015,1766520440236
2,0.17186851799488068,1766520441025
2,0.1818370372056961,1766520442059
2,0.19452917575836182,1766520442751
2,0.32662370800971985,1766520443801
2,0.38527587056159973,1766520444561
2,0.3498118221759796,1766520445577
2,0.41540688276290894,1766520446348
2,0.2449800670146942,1766520447175
2,0.23536059260368347,1766520448083
2,0.47773241996765137,1766520448793
2,0.3548133373260498,1766520449915
2,0.7357340455055237,1766520450654
2,0.3962544798851013,1766520451654
2,0.4287198483943939,1766520452423
2,0.2454655021429062,1766520453286
2,0.2601858973503113,1766520454195
2,0.431199848651886,1766520454902
2,0.2184833437204361,1766520455956
2,0.4817623198032379,1766520456623
2,0.29215091466903687,1766520457639
2,0.42356541752815247,1766520458409
2,0.43560612201690674,1766520459170
2,0.19196081161499023,1766520460179
2,0.21441255509853363,1766520460865
2,0.14429157972335815,1766520461966
2,0.3714503347873688,1766520462675
2,0.3527361750602722,1766520463602
2,0.48117971420288086,1766520464482
2,0.2428271472454071,1766520465276
2,0.30803555250167847,1766520466278
2,0.4270184338092804,1766520466975
2,0.3690773844718933,1766520468003
2,0.20699496567249298,1766520468738
2,0.24031968414783478,1766520469584
2,0.4385661482810974,1766520470436
2,0.36470964550971985,1766520471184
2,0.3475053608417511,1766520472215
2,0.1860145628452301,1766520472877
2,0.1808098554611206,1766520473814
2,0.3162558674812317,1766520474609
2,0.49685415625572205,1766520475476
2,0.5251919031143188,1766520476433
2,0.19723019003868103,1766520477180
2,0.38190406560897827,1766520478232
2,0.28926289081573486,1766520478930
2,0.30738434195518494,1766520479872
2,0.3737463355064392,1766520480618
2,0.40862059593200684,1766520481427
2,0.34344783425331116,1766520482407
2,0.3332972824573517,1766520483132
2,0.25597459077835083,1766520484212
2,0.3200876712799072,1766520484917
2,0.3430177867412567,1766520485895
2,0.20510408282279968,1766520486695
2,0.30534857511520386,1766520487474
2,0.3198101222515106,1766520488515
2,0.5153719782829285,1766520489212
2,0.32243508100509644,1766520490327
2,0.43319153785705566,1766520490971
2,0.4907847046852112,1766520491801
2,0.48316895961761475,1766520492797
2,0.40385961532592773,1766520493557
2,0.29300421476364136,1766520494607
2,0.3828504681587219,1766520495330
2,0.3464983403682709,1766520496358
2,0.30356669425964355,1766520497145
2,0.345833957195282,1766520497905
2,0.4886634647846222,1766520498899
2,0.4365466237068176,1766520499617
2,0.3296525478363037,1766520500684
2,0.33625727891921997,1766520501448
2,0.3419855237007141,1766520502511
2,0.3806740939617157,1766520503254
2,0.3066009283065796,1766520504129
2,0.2103906273841858,1766520505074
2,0.31875473260879517,1766520505774
2,0.3103227913379669,1766520506772
2,0.21014705300331116,1766520507503
2,0.2960028350353241,1766520508470
2,0.4688134789466858,1766520509332
2,0.7036733031272888,1766520510151
2,0.37622594833374023,1766520511186
2,0.1937660574913025,1766520511888
2,0.22897276282310486,1766520512906
2,0.3062223196029663,1766520513616
2,0.24051377177238464,1766520514460
2,0.42470788955688477,1766520515404
2,0.5794944763183594,1766520516107
2,0.34087860584259033,1766520517190
2,0.32318127155303955,1766520517900
2,0.5541897416114807,1766520518953
2,0.07729527354240417,1766520519701
2,0.22441643476486206,1766520520457
2,0.5078086853027344,1766520521534
2,0.7045116424560547,1766520522235
2,0.5178247094154358,1766520523296
2,0.4319450855255127,1766520523997
2,0.30857306718826294,1766520525083
2,0.32766327261924744,1766520525834
2,0.5222471356391907,1766520526710
2,0.17786751687526703,1766520527591
2,0.2337728887796402,1766520528337
2,0.3037938177585602,1766520529441
2,0.32270532846450806,1766520530159
2,0.42625778913497925,1766520531248
2,0.30719053745269775,1766520532009
2,0.2790490686893463,1766520532913
2,0.4546109139919281,1766520533794
2,0.5240208506584167,1766520534521
2,0.2150559425354004,1766520535588
2,0.3201918601989746,1766520536244
2,0.31158655881881714,1766520537301
2,0.4269593358039856,1766520538052
2,0.3653205931186676,1766520538996
2,0.666485071182251,1766520539884
2,0.38014745712280273,1766520540679
2,0.3988669812679291,1766520541704
2,0.46623939275741577,1766520542458
2,0.35823190212249756,1766520543493
2,0.12033314257860184,1766520544216
2,0.2657774090766907,1766520545277
2,0.1327093243598938,1766520546087
2,0.2587464153766632,1766520546886
2,0.3448164463043213,1766520547755
2,0.2104610651731491,1766520548461
2,0.25539901852607727,1766520549493
2,0.3139752745628357,1766520550223
2,0.6610846519470215,1766520551217
2,0.3106189966201782,1766520552053
2,0.33891603350639343,1766520552810
2,0.3796232342720032,1766520553907
2,0.28592318296432495,1766520554613
2,0.5024464726448059,1766520555720
2,0.3997001051902771,1766520556458
2,0.1718229204416275,1766520557443
2,0.16273152828216553,1766520558284
2,0.4128997027873993,1766520559111
2,0.295226514339447,1766520560135
2,0.23797476291656494,1766520560902
2,0.37135571241378784,1766520561998
2,0.1949906349182129,1766520562694
2,0.18287159502506256,1766520563739
2,0.16956931352615356,1766520564429
2,0.24684342741966248,1766520565248
2,0.33967122435569763,1766520566192
2,0.21288162469863892,1766520566892
2,0.45558086037635803,1766520567881
2,0.49128085374832153,1766520568601
2,0.38883453607559204,1766520569478
2,0.5558359026908875,1766520570403
2,0.40700072050094604,1766520571086
2,0.5270553827285767,1766520572063
2,0.3883405923843384,1766520572712
2,0.3692617416381836,1766520573686
2,0.19570472836494446,1766520574490
2,0.418427050113678,1766520575209
2,0.2452552616596222,1766520576268
2,0.3044077754020691,1766520576991
2,0.3247833251953125,1766520578000
2,0.23191654682159424,1766520578693
2,0.18248549103736877,1766520579521
2,0.44333481788635254,1766520580446
2,0.34292253851890564,1766520581215
2,0.3587400019168854,1766520582260
2,0.3496115803718567,1766520582962
2,0.303197979927063,1766520584011
2,0.2747935652732849,1766520584766
2,0.37274178862571716,1766520585576
2,0.2364799529314041,1766520586532
2,0.444891095161438,1766520587259
2,0.1885557472705841,1766520588237
2,0.4672093987464905,1766520588924
2,0.3245783746242523,1766520589829
2,0.42012664675712585,1766520590724
2,0.30118507146835327,1766520591511
2,0.3032570481300354,1766520592462
2,0.4858872592449188,1766520593148
2,0.15588422119617462,1766520594204
2,0.4122045040130615,1766520594939
2,0.4097442328929901,1766520595850
2,0.17865270376205444,1766520596736
2,0.3404340147972107,1766520597458
2,0.29600775241851807,1766520598463
2,0.2463744878768921,1766520599185
2,0.26824936270713806,1766520600151
2,0.2967033386230469,1766520600891
2,0.43177148699760437,1766520601640
2,0.3958330452442169,1766520602651
2,0.23160812258720398,1766520603353
2,0.3672502040863037,1766520604411
2,0.112971231341362,1766520605193
2,0.2788020074367523,1766520606178
2,0.2530445158481598,1766520607013
2,0.6671152114868164,1766520607785
2,0.2273067682981491,1766520608788
2,0.40905407071113586,1766520609537
2,0.24985668063163757,1766520610588
2,0.3103470206260681,1766520611359
2,0.19474518299102783,1766520612304
2,0.41743916273117065,1766520613121
2,0.4511582851409912,1766520613888
2,0.27415210008621216,1766520614939
2,0.2577361762523651,1766520615639
2,0.3618619441986084,1766520616728
2,0.2719382047653198,1766520617477
2,0.20854392647743225,1766520618503
2,0.25926098227500916,1766520619267
2,0.2815743088722229,1766520620066
2,0.2097466140985489,1766520621095
2,0.29977425932884216,1766520621735
2,0.6168264150619507,1766520622798
2,0.4612482786178589,1766520623559
2,0.46091336011886597,1766520624498
2,0.36873388290405273,1766520625313
2,0.2703455686569214,1766520626041
2,0.4469253718852997,1766520627092
2,0.3208237886428833,1766520627807
2,0.17922459542751312,1766520628838
2,0.17687135934829712,1766520629610
2,0.24359439313411713,1766520630565
2,0.27386289834976196,1766520631418
2,0.31235527992248535,1766520632219
2,0.4665767550468445,1766520633250
2,0.4596618413925171,1766520633956
2,0.5298899412155151,1766520635024
2,0.21187224984169006,1766520635729
2,0.34041157364845276,1766520636701
2,0.30288511514663696,1766520637533
2,0.2907573878765106,1766520638258
2,0.3861393928527832,1766520639334
2,0.3156132102012634,1766520640030
2,0.4957028031349182,1766520641112
2,0.40695634484291077,1766520641779
2,0.27396702766418457,1766520642787
2,0.4622519314289093,1766520643580
2,0.4735026955604553,1766520644335
2,0.2258632481098175,1766520645349
2,0.2686252295970917,1766520646057
2,0.28416287899017334,1766520647047
2,0.36689144372940063,1766520647823
2,0.43319329619407654,1766520648749
2,0.27918320894241333,1766520649656
2,0.3972049951553345,1766520650356
2,0.4828508198261261,1766520651382
2,0.396684467792511,1766520652092
2,0.38706961274147034,1766520653160
2,0.40538010001182556,1766520653931
2,0.4841324985027313,1766520654793
2,0.30995213985443115,1766520655749
2,0.2276434451341629,1766520656505
2,0.13733460009098053,1766520657561
2,0.30882397294044495,1766520658272
2,0.3417227268218994,1766520659287
2,0.40374380350112915,1766520660072
2,0.599214494228363,1766520660978
2,0.18475089967250824,1766520661920
2,0.10289254784584045,1766520662682
2,0.16485267877578735,1766520663743
2,0.4615137577056885,1766520664469
2,0.1047893762588501,1766520665479
2,0.3039020895957947,1766520666344
2,0.17127123475074768,1766520667259
2,0.3019481897354126,1766520668127
2,0.43731945753097534,1766520668903
2,0.3978492021560669,1766520669958
2,0.2632438540458679,1766520670687
2,0.2191779464483261,1766520671697
2,0.2177598476409912,1766520672512
2,0.5055139064788818,1766520673542
2,0.09548206627368927,1766520674376
2,0.309264600276947,1766520675216
2,0.41919639706611633,1766520676144
2,0.26593726873397827,1766520676883
2,0.37711217999458313,1766520677884
2,0.30638599395751953,1766520678632
2,0.2773796319961548,1766520679556
2,0.2568536400794983,1766520680362
2,0.1632499396800995,1766520681174
2,0.2779390811920166,1766520682198
2,0.07266007363796234,1766520682877
2,0.14172297716140747,1766520683892
2,0.4286665618419647,1766520684661
2,0.31605061888694763,1766520685479
2,0.4038785696029663,1766520686419
2,0.20455050468444824,1766520687154
2,0.23780634999275208,1766520688265
2,0.3129250407218933,1766520688939
2,0.3415483832359314,1766520689899
2,0.4745384454727173,1766520690645
2,0.5277323722839355,1766520691491
2,0.373041570186615,1766520692385
2,0.32147347927093506,1766520693118
2,0.29205432534217834,1766520694114
2,0.4101957082748413,1766520694840
2,0.1965171992778778,1766520695903
2,0.4896337687969208,1766520696695
2,0.26959228515625,1766520697445
2,0.39730721712112427,1766520698418
2,0.21940121054649353,1766520699135
2,0.33096450567245483,1766520700173
2,0.3540726602077484,1766520700979
2,0.347718209028244,1766520701881
2,0.2677093744277954,1766520702748
2,0.2636878192424774,1766520703515
2,0.3654930591583252,1766520704549
2,0.4753587543964386,1766520705244
2,0.30742958188056946,1766520706260
2,0.31019800901412964,1766520706999
2,0.4098331928253174,1766520707954
2,0.5808297991752625,1766520708815
2,0.18966779112815857,1766520709527
2,0.44685763120651245,1766520710539
2,0.14488787949085236,1766520711266
2,0.32661134004592896,1766520712313
2,0.19265002012252808,1766520713088
2,0.36983075737953186,1766520714047
2,0.24156130850315094,1766520714951
2,0.17731505632400513,1766520715756
2,0.32329103350639343,1766520716771
2,0.2783576250076294,1766520717507
2,0.2840558886528015,1766520718579
2,0.40305227041244507,1766520719338
2,0.2964303493499756,1766520720359
2,0.16550835967063904,1766520721131
2,0.23744401335716248,1766520721963
2,0.17291849851608276,1766520722962
2,0.15702804923057556,1766520723688
2,0.2671278417110443,1766520724706
2,0.2084042876958847,1766520725536
2,0.27272140979766846,1766520726542
2,0.25541335344314575,1766520727295
2,0.09069405496120453,1766520728206
2,0.34362760186195374,1766520729071
2,0.34685781598091125,1766520729829
2,0.2358582615852356,1766520730861
2,0.41213351488113403,1766520731534
2,0.2850986123085022,1766520732516
2,0.28717219829559326,1766520733385
2,0.11748187243938446,1766520734332
2,0.4053473472595215,1766520735192
2,0.19116300344467163,1766520735940
2,0.3193700909614563,1766520737011
2,0.16648398339748383,1766520738542
2,0.2657572031021118,1766520739326
2,0.2715691924095154,1766520740103
2,0.335460901260376,1766520741085
2,0.19205009937286377,1766520741762
2,0.3705581724643707,1766520742827
2,0.3767608404159546,1766520743627
2,0.3967611789703369,1766520744523
2,0.2886090874671936,1766520745417
2,0.34853702783584595,1766520746106
2,0.09450758248567581,1766520747167
2,0.5710505247116089,1766520747882
2,0.236390620470047,1766520748863
2,0.11957009136676788,1766520749656
2,0.10872676968574524,1766520750478
2,0.278328537940979,1766520751472
2,0.1837185174226761,1766520752246
2,0.15376387536525726,1766520753286
2,0.4734005033969879,1766520753994
2,0.2803194522857666,1766520755080
2,0.2996370196342468,1766520755796
2,0.3155931532382965,1766520756674
2,0.20032235980033875,1766520757597
2,0.36492109298706055,1766520758313
2,0.3205735981464386,1766520759386
2,0.7873547077178955,1766520760117
2,0.20809370279312134,1766520761191
2,0.10765799880027771,1766520761885
2,0.7581501007080078,1766520762669
2,0.3161633610725403,1766520763556
2,0.35898393392562866,1766520764287
2,0.35832998156547546,1766520765334
2,0.2183249145746231,1766520766040
2,0.2191309630870819,1766520766982
2,0.2538328468799591,1766520767828
2,0.29909151792526245,1766520768696
2,0.3986574113368988,1766520769610
2,0.3215637505054474,1766520770313
2,0.6595602035522461,1766520771365
2,0.2991705536842346,1766520772119
2,0.192506805062294,1766520773075
2,0.3291957378387451,1766520773894
2,0.31465470790863037,1766520774703
2,0.2672518789768219,1766520775729
2,0.2578522264957428,1766520776494
2,0.388523131608963,1766520777552
2,0.2587406039237976,1766520778224
2,0.17929670214653015,1766520779272
2,0.4641280770301819,1766520780008
2,0.24660490453243256,1766520780861
2,0.22569437325000763,1766520781859
2,0.4034448564052582,1766520782602
2,0.20563766360282898,1766520783608
2,0.16965427994728088,1766520784338
2,0.33624356985092163,1766520785334
2,0.32742738723754883,1766520786164
2,0.1481776237487793,1766520786975
2,0.2669268250465393,1766520787958
2,0.38006433844566345,1766520788658
2,0.41677993535995483,1766520789699
2,0.16811345517635345,1766520790409
2,0.28029048442840576,1766520791389
2,0.49194422364234924,1766520792164
2,0.42304253578186035,1766520792961
2,0.3825112581253052,1766520794021
2,0.258975625038147,1766520794696
2,0.167993426322937,1766520795750
2,0.2618322968482971,1766520796500
2,0.25136715173721313,1766520797377
2,0.26339009404182434,1766520798297
2,0.24172964692115784,1766520799083
2,0.391082227230072,1766520800136
2,0.5014103651046753,1766520800835
2,0.1511184573173523,1766520801946
2,0.19218844175338745,1766520802679
2,0.5805484056472778,1766520803694
2,0.2798347771167755,1766520804521
2,0.28171175718307495,1766520805314
2,0.2521703839302063,1766520806422
2,0.4128764569759369,1766520807175
2,0.511165976524353,1766520808238
2,0.3012649416923523,1766520808893
2,0.1998341679573059,1766520809803
2,0.24980588257312775,1766520810665
2,0.2294754683971405,1766520811436
2,0.22089627385139465,1766520812471
2,0.09044431149959564,1766520813160
2,0.48357897996902466,1766520814252
2,0.3925600051879883,1766520814971
2,0.37237781286239624,1766520815912
2,0.24838769435882568,1766520816770
2,0.17678706347942352,1766520817545
2,0.3537144958972931,1766520818579
2,0.3525862693786621,1766520819363
2,0.2355845719575882,1766520820386
2,0.47939246892929077,1766520821125
2,0.22818277776241302,1766520822132
2,0.31823647022247314,1766520822926
2,0.4497597813606262,1766520823779
2,0.21167463064193726,1766520824733
2,0.18192672729492188,1766520825477
2,0.4206990599632263,1766520826550
2,0.3289443850517273,1766520827226
2,0.4881272315979004,1766520828208
2,0.439202219247818,1766520829023
2,0.2448689490556717,1766520829968
2,0.15709947049617767,1766520830865
2,0.40223780274391174,1766520831611
2,0.23501640558242798,1766520832652
2,0.36812373995780945,1766520833426
2,0.4549812078475952,1766520834364
2,0.2495003193616867,1766520835185
2,0.35285159945487976,1766520835986
2,0.28093957901000977,1766520836966
2,0.33186575770378113,1766520837723
2,0.15674224495887756,1766520838831
2,0.281555712223053,1766520839576
2,0.14860562980175018,1766520840602
2,0.22936806082725525,1766520841324
2,0.3913489580154419,1766520842194
2,0.192303866147995,1766520843127
2,0.16374479234218597,1766520843911
2,0.6104041934013367,1766520844903
2,0.2157050222158432,1766520845628
2,0.4045548141002655,1766520846655
2,0.4123566746711731,1766520847434
2,0.12165521085262299,1766520848214
2,0.2959226071834564,1766520849244
2,0.4405973255634308,1766520849966
2,0.12252898514270782,1766520851015
2,0.1345861852169037,1766520851746
2,0.15651431679725647,1766520852757
2,0.2693745195865631,1766520853559
2,0.3224777281284332,1766520854371
2,0.33907216787338257,1766520855348
2,0.2440829575061798,1766520856102
2,0.2754272222518921,1766520857083
2,0.08415129780769348,1766520857833
2,0.1353687047958374,1766520858820
2,0.3738098740577698,1766520859623
2,0.12230028212070465,1766520860389
2,0.11411692947149277,1766520861414
2,0.24462628364562988,1766520862130
2,0.29557281732559204,1766520863207
2,0.2531726658344269,1766520863917
2,0.38495969772338867,1766520864935
2,0.3329693675041199,1766520865689
2,0.26972559094429016,1766520866586
2,0.1295856088399887,1766520867513
2,0.20489652454853058,1766520868258
2,0.282646119594574,1766520869290
2,0.26330676674842834,1766520870049
2,0.2523458003997803,1766520871065
2,0.20889711380004883,1766520871863
2,0.12509489059448242,1766520872707
2,0.22196431457996368,1766520873660
2,0.33814477920532227,1766520874367
2,0.2060832977294922,1766520875380
2,0.5187976360321045,1766520876085
2,0.17481425404548645,1766520877061
2,0.3631219267845154,1766520877912
2,0.3074520528316498,1766520878694
2,0.35607314109802246,1766520879724
2,0.2864552140235901,1766520880451
2,0.40571269392967224,1766520881552
2,0.4445185661315918,1766520882279
2,0.41747939586639404,1766520883361
2,0.253266304731369,1766520884094
2,0.2504178583621979,1766520884973
2,0.2515321969985962,1766520885856
2,0.1054827868938446,1766520886643
2,0.1503804624080658,1766520887637
2,0.29550549387931824,1766520888363
2,0.1789568066596985,1766520889404
2,0.23073312640190125,1766520890139
2,0.3226131200790405,1766520890933
2,0.2526162266731262,1766520891863
2,0.29058945178985596,1766520892570
2,0.34649422764778137,1766520893620
2,0.2932910919189453,1766520894323
2,0.3267899751663208,1766520895253
2,0.09106939285993576,1766520896108
2,0.6397695541381836,1766520896876
2,0.19688284397125244,1766520897899
2,0.3049195110797882,1766520898664
2,0.2194230854511261,1766520899601
2,0.07277089357376099,1766520900318
2,0.08537918329238892,1766520901179
2,0.3424413204193115,1766520902081
2,0.18280519545078278,1766520902867
2,0.3346545100212097,1766520903864
2,0.26579582691192627,1766520904521
2,0.29176172614097595,1766520905436
2,0.445118248462677,1766520906290
2,0.5932407379150391,1766520907052
2,0.17706802487373352,1766520908083
2,0.370627224445343,1766520908772
2,0.3804773688316345,1766520909777
2,0.37795591354370117,1766520910539
2,0.3447725772857666,1766520911414
2,0.5057346224784851,1766520912312
2,0.2006159871816635,1766520913035
2,0.2768620252609253,1766520914106
2,0.2672642469406128,1766520914781
2,0.3170720934867859,1766520915843
2,0.3118617534637451,1766520916596
2,0.2531203031539917,1766520917496
2,0.49194392561912537,1766520918410
2,0.31188929080963135,1766520919208
2,0.28765949606895447,1766520920241
2,0.27352967858314514,1766520920936
2,0.22280097007751465,1766520921958
2,0.24500274658203125,1766520922681
2,0.276841402053833,1766520923656
2,0.25242874026298523,1766520924553
2,0.4192030131816864,1766520925324
2,0.2024884819984436,1766520926342
2,0.2904340922832489,1766520927091
2,0.2733636498451233,1766520928150
2,0.3053838312625885,1766520928912
2,0.22105875611305237,1766520929888
2,0.5215023756027222,1766520930717
2,0.4050869345664978,1766520931529
2,0.5117765665054321,1766520932524
2,0.33495891094207764,1766520933223
2,0.3877689242362976,1766520934235
2,0.3872285783290863,1766520934979
2,0.2612524628639221,1766520935897
2,0.33026182651519775,1766520936736
2,0.16371402144432068,1766520937540
2,0.2445649802684784,1766520938571
2,0.360443651676178,1766520939311
2,0.3624926209449768,1766520940369
2,0.4476724863052368,1766520941108
2,0.47759491205215454,1766520942025
2,0.5801006555557251,1766520942846
2,0.3164488971233368,1766520943603
2,0.22483888268470764,1766520944629
2,0.3843172788619995,1766520945258
2,0.3685927987098694,1766520946184
2,0.3592427968978882,1766520946999
2,0.3007720112800598,1766520947802
2,0.31775423884391785,1766520948771
2,0.36939457058906555,1766520949515
2,0.46558600664138794,1766520950550
2,0.30301836133003235,1766520951269
2,0.4441399872303009,1766520952201
2,0.16647592186927795,1766520953004
2,0.3724323511123657,1766520953778
2,0.1992175132036209,1766520954791
2,0.11453071236610413,1766520955549
2,0.17348408699035645,1766520956628
2,0.2461012601852417,1766520957363
2,0.16928377747535706,1766520958345
2,0.41142916679382324,1766520959178
2,0.33739474415779114,1766520959946
2,0.4808976352214813,1766520960967
2,0.2330813705921173,1766520961667
2,0.1927441954612732,1766520962641
2,0.4155310094356537,1766520963407
2,0.3339650332927704,1766520964247
2,0.4966171085834503,1766520965203
2,0.4264216423034668,1766520965999
2,0.30336064100265503,1766520967038
2,0.5204676389694214,1766520967783
2,0.34970399737358093,1766520968867
2,0.5152662396430969,1766520969572
2,0.31461817026138306,1766520970367
2,0.48177966475486755,1766520971277
2,0.26666101813316345,1766520971969
2,0.45509952306747437,1766520973011
2,0.1322488635778427,1766520973733
2,0.35453057289123535,1766520974686
2,0.2262595146894455,1766520975480
2,0.0902152955532074,1766520976230
2,0.19636747241020203,1766520977317
2,0.42076772451400757,1766520977996
2,0.20612919330596924,1766520979042
2,0.21242941915988922,1766520979782
2,0.23983001708984375,1766520980675
2,0.30437177419662476,1766520981579
2,0.48458796739578247,1766520982347
2,0.31732505559921265,1766520983373
2,0.2105899453163147,1766520984024
2,0.3860049545764923,1766520985019
2,0.2615680992603302,1766520985822
2,0.668986976146698,1766520986617
2,0.3168640732765198,1766520987573
2,0.5740338563919067,1766520988273
2,0.29594820737838745,1766520989356
2,0.5393365621566772,1766520990107
2,0.33944424986839294,1766520991142
2,0.08711971342563629,1766520991909
2,0.5077071189880371,1766520992780
2,0.30774348974227905,1766520993774
2,0.45804649591445923,1766520994501
2,0.24457518756389618,1766520995521
2,0.290350079536438,1766520996230
2,0.4158433675765991,1766520997269
2,0.3888169527053833,1766520998041
2,0.30176490545272827,1766520998849
2,0.4781360626220703,1766520999787
2,0.4264850616455078,1766521000543
2,0.44322669506073,1766521001576
2,0.2122667133808136,1766521002300
2,0.49577638506889343,1766521003299
2,0.47546517848968506,1766521004064
2,0.7290824055671692,1766521004925
2,0.31347131729125977,1766521005804
2,0.43997979164123535,1766521006517
2,0.2590041756629944,1766521007667
2,0.2597791850566864,1766521008344
2,0.4142397344112396,1766521009404
2,0.37300214171409607,1766521010175
2,0.2516901195049286,1766521010994
2,0.5028547048568726,1766521011919
2,0.16634106636047363,1766521012661
2,0.375598669052124,1766521013661
2,0.3578007221221924,1766521014319
2,0.40280044078826904,1766521015206
2,0.1956547498703003,1766521016097
2,0.4054814577102661,1766521016944
2,0.17616906762123108,1766521017976
2,0.2918553054332733,1766521018709
2,0.4064455032348633,1766521019813
2,0.27381595969200134,1766521020565
2,0.24976329505443573,1766521021579
2,0.19204029440879822,1766521022318
2,0.41203415393829346,1766521023181
2,0.30920132994651794,1766521024175
2,0.22086021304130554,1766521024958
2,0.31152427196502686,1766521026021
2,0.20360317826271057,1766521026731
2,0.16818588972091675,1766521027739
2,0.19099022448062897,1766521028415
2,0.5666083097457886,1766521029273
2,0.3052222728729248,1766521030172
2,0.3068767488002777,1766521030886
2,0.2610228657722473,1766521031965
2,0.16695168614387512,1766521032659
2,0.26866868138313293,1766521033636
2,0.23276349902153015,1766521034399
2,0.5338255167007446,1766521035256
2,0.5176379680633545,1766521036175
2,0.15291181206703186,1766521036980
2,0.17056134343147278,1766521038049
2,0.15369288623332977,1766521038789
2,0.20286788046360016,1766521039836
2,0.24609479308128357,1766521040541
2,0.30703970789909363,1766521041609
2,0.21949900686740875,1766521042409
2,0.5773032903671265,1766521043205
2,0.2930361330509186,1766521044179
2,0.31210213899612427,1766521044997
2,0.15617382526397705,1766521046019
2,0.4295491576194763,1766521046738
2,0.2688942551612854,1766521047816
2,0.33735936880111694,1766521048581
2,0.14296270906925201,1766521049512
2,0.29095715284347534,1766521050352
2,0.14185680449008942,1766521051157
2,0.36643487215042114,1766521052164
2,0.26276472210884094,1766521052911
2,0.25348961353302,1766521053964
2,0.1792525351047516,1766521054658
2,0.18255876004695892,1766521055661
2,0.14150023460388184,1766521056489
2,0.4513421058654785,1766521057345
2,0.13805004954338074,1766521058257
2,0.2958609461784363,1766521058915
2,0.3658939599990845,1766521059982
2,0.3036973178386688,1766521060751
2,0.27280548214912415,1766521061756
2,0.292991042137146,1766521062571
2,0.27901357412338257,1766521063312
2,0.1817735731601715,1766521064372
2,0.22924555838108063,1766521065041
2,0.23263143002986908,1766521066133
2,0.33738237619400024,1766521066828
2,0.17001479864120483,1766521067709
2,0.060103416442871094,1766521068559
2,0.28168806433677673,1766521069338
2,0.2646861672401428,1766521070368
2,0.25816813111305237,1766521071057
2,0.32878577709198,1766521072089
2,0.2994506359100342,1766521072823
2,0.20190486311912537,1766521073688
2,0.15952035784721375,1766521074614
2,0.3939809799194336,1766521075352
2,0.13691984117031097,1766521076385
2,0.4119478464126587,1766521077063
2,0.5024382472038269,1766521078084
2,0.19667913019657135,1766521078869
2,0.2186245322227478,1766521079698
2,0.35563790798187256,1766521080597
2,0.34921154379844666,1766521081270
2,0.32977235317230225,1766521082260
2,0.2361801266670227,1766521082979
2,0.17441153526306152,1766521083984
2,0.40763142704963684,1766521084816
2,0.24017977714538574,1766521085614
2,0.39244747161865234,1766521086680
2,0.18343165516853333,1766521087412
2,0.49599283933639526,1766521088467
2,0.43620404601097107,1766521089224
2,0.17964768409729004,1766521090230
2,0.17792049050331116,1766521091097
2,0.3445776402950287,1766521091881
2,0.2334269881248474,1766521092901
2,0.3448790907859802,1766521093636
2,0.17118854820728302,1766521094682
2,0.29504793882369995,1766521095392
2,0.2538292407989502,1766521096321
2,0.1834278106689453,1766521097183
2,0.3630339503288269,1766521098010
2,0.1856052428483963,1766521099027
2,0.29818975925445557,1766521099808
2,0.21764756739139557,1766521100836
2,0.21667362749576569,1766521101549
2,0.20962147414684296,1766521102598
2,0.1864858865737915,1766521103308
2,0.237213134765625,1766521104232
2,0.3630472421646118,1766521105131
2,0.22347232699394226,1766521105918
2,0.17235487699508667,1766521106966
2,0.19937026500701904,1766521107643
2,0.21849215030670166,1766521108744
2,0.4252381920814514,1766521109512
2,0.1546696126461029,1766521110468
2,0.4319626986980438,1766521111330
2,0.1686418652534485,1766521112116
2,0.16302010416984558,1766521113158
2,0.16698774695396423,1766521113896
2,0.2263319343328476,1766521114924
2,0.1509014368057251,1766521115692
2,0.27018672227859497,1766521116532
2,0.11749246716499329,1766521117413
2,0.37642860412597656,1766521118111
2,0.19019804894924164,1766521119186
2,0.7693573236465454,1766521119876
3,0.3488856852054596,1766521120818
3,0.21690843999385834,1766521121619
3,0.389115571975708,1766521122481
3,0.191982239484787,1766521123451
3,0.18686877191066742,1766521124207
3,0.16137678921222687,1766521125208
3,0.2781197726726532,1766521125856
3,0.15977197885513306,1766521126818
3,0.37382522225379944,1766521127626
3,0.08598767966032028,1766521128423
3,0.18863630294799805,1766521129388
3,0.3132268190383911,1766521130069
3,0.2193925529718399,1766521131137
3,0.5465076565742493,1766521131865
3,0.22518377006053925,1766521132782
3,0.23277150094509125,1766521133691
3,0.27090370655059814,1766521134540
3,0.19189147651195526,1766521135521
3,0.2949623465538025,1766521136233
3,0.31064558029174805,1766521137252
3,0.14337056875228882,1766521137984
3,0.3175505995750427,1766521138961
3,0.14378492534160614,1766521139765
3,0.3321627974510193,1766521140551
3,0.24699890613555908,1766521141568
3,0.2704681158065796,1766521142289
3,0.19685962796211243,1766521143326
3,0.3881225883960724,1766521144063
3,0.21221983432769775,1766521145004
3,0.23462465405464172,1766521145861
3,0.27335125207901,1766521146624
3,0.2096882164478302,1766521147594
3,0.2191229909658432,1766521148296
3,0.1914951205253601,1766521149334
3,0.16801273822784424,1766521150090
3,0.17290657758712769,1766521151050
3,0.6810929775238037,1766521151893
3,0.2448229342699051,1766521152682
3,0.19906723499298096,1766521153700
3,0.13841143250465393,1766521154441
3,0.33771923184394836,1766521155542
3,0.17215372622013092,1766521156276
3,0.15564143657684326,1766521157270
3,0.10714539140462875,1766521158084
3,0.20284172892570496,1766521158861
3,0.277512788772583,1766521159906
3,0.3526960611343384,1766521160626
3,0.5391680598258972,1766521161716
3,0.26802489161491394,1766521162477
3,0.07527946680784225,1766521163425
3,0.2645639479160309,1766521164287
3,0.29677653312683105,1766521165094
3,0.2152872383594513,1766521166102
3,0.13342706859111786,1766521166813
3,0.19986484944820404,1766521167878
3,0.18099182844161987,1766521168673
3,0.25633686780929565,1766521169711
3,0.08062522858381271,1766521170468
3,0.14805205166339874,1766521171305
3,0.14418165385723114,1766521172275
3,0.3165488839149475,1766521172972
3,0.3258751928806305,1766521174042
3,0.32132941484451294,1766521174780
3,0.32681381702423096,1766521175789
3,0.2597537934780121,1766521176574
3,0.27031373977661133,1766521177382
3,0.14385654032230377,1766521178309
3,0.27625808119773865,1766521179002
3,0.17833738029003143,1766521180043
3,0.4919750690460205,1766521180827
3,0.32878756523132324,1766521181876
3,0.40411436557769775,1766521182686
3,0.10797322541475296,1766521183537
3,0.10857044160366058,1766521184540
3,0.12212208658456802,1766521185299
3,0.2907242476940155,1766521186304
3,0.14975079894065857,1766521187042
3,0.17143601179122925,1766521187982
3,0.2708011269569397,1766521188802
3,0.7509702444076538,1766521189590
3,0.44057732820510864,1766521190639
3,0.30970677733421326,1766521191363
3,0.2503495216369629,1766521192404
3,0.5108576416969299,1766521193139
3,0.2991848587989807,1766521194063
3,0.25035935640335083,1766521194925
3,0.35809242725372314,1766521195943
3,0.5541831254959106,1766521196773
3,0.14847075939178467,1766521197585
3,0.19670115411281586,1766521198601
3,0.28769922256469727,1766521199299
3,0.43864282965660095,1766521200368
3,0.3434006869792938,1766521201120
3,0.3196626603603363,1766521201976
3,0.3633183538913727,1766521202852
3,0.31846940517425537,1766521203643
3,0.3794506788253784,1766521204729
3,0.4011053442955017,1766521205425
3,0.20763589441776276,1766521206495
3,0.06724105030298233,1766521207225
3,0.12362600862979889,1766521208109
3,0.15533244609832764,1766521208997
3,0.44412732124328613,1766521209753
3,0.6414620280265808,1766521210778
3,0.13905814290046692,1766521211537
3,0.24625906348228455,1766521212571
3,0.2924353778362274,1766521213322
3,0.15119874477386475,1766521214318
3,0.6875292062759399,1766521215153
3,0.2828950881958008,1766521215959
3,0.23583005368709564,1766521216949
3,0.2641792893409729,1766521217603
3,0.4631113111972809,1766521218599
3,0.20179849863052368,1766521219293
3,0.481128990650177,1766521220368
3,0.2594411075115204,1766521221156
3,0.40499749779701233,1766521221959
3,0.38442766666412354,1766521222989
3,0.318276584148407,1766521223788
3,0.19141992926597595,1766521224851
3,0.19493898749351501,1766521225579
3,0.3010725677013397,1766521226674
3,0.3169609010219574,1766521227409
3,0.2765633463859558,1766521228231
3,0.21936075389385223,1766521229167
3,0.27866727113723755,1766521229933
3,0.03971701115369797,1766521230972
3,0.2828574478626251,1766521231628
3,0.22697272896766663,1766521232572
3,0.1756352186203003,1766521233450
3,0.4986931383609772,1766521234256
3,0.39840203523635864,1766521235279
3,0.6517302989959717,1766521236102
3,0.3377361297607422,1766521237111
3,0.3718412220478058,1766521237825
3,0.2873758375644684,1766521238869
3,0.52489173412323,1766521239604
3,0.15981070697307587,1766521240553
3,0.4380585849285126,1766521241406
3,0.26768946647644043,1766521242271
3,0.19708967208862305,1766521243256
3,0.15981706976890564,1766521244014
3,0.08593226969242096,1766521245115
3,0.29352694749832153,1766521245850
3,0.5258001685142517,1766521246880
3,0.16590064764022827,1766521247618
3,0.4464324712753296,1766521248561
3,0.1727619469165802,1766521249410
3,0.2646629214286804,1766521250187
3,0.26761800050735474,1766521251149
3,0.34428268671035767,1766521251914
3,0.3772849440574646,1766521253038
3,0.39172086119651794,1766521253790
3,0.3292451500892639,1766521254798
3,0.2631775140762329,1766521255630
3,0.17850972712039948,1766521256560
3,0.28528669476509094,1766521257451
3,0.15439185500144958,1766521258306
3,0.2534956634044647,1766521259274
3,0.3126067519187927,1766521260041
3,0.05108261480927467,1766521261110
3,0.3358539044857025,1766521261895
3,0.2307482361793518,1766521262992
3,0.12333226203918457,1766521263765
3,0.27018439769744873,1766521264841
3,0.30171847343444824,1766521265614
3,0.24835893511772156,1766521266650
3,0.25449031591415405,1766521267521
3,0.32348716259002686,1766521268394
3,0.19150906801223755,1766521269344
3,0.36661380529403687,1766521270070
3,0.2913506329059601,1766521271165
3,0.4870072603225708,1766521271938
3,0.24433568120002747,1766521272932
3,0.07948536425828934,1766521273718
3,0.45357346534729004,1766521274637
3,0.11029721051454544,1766521275581
3,0.264731764793396,1766521276398
3,0.20245009660720825,1766521277345
3,0.25283002853393555,1766521278041
3,0.14314045011997223,1766521279078
3,0.32424482703208923,1766521279773
3,0.1501879245042801,1766521280659
3,0.12437958270311356,1766521281520
3,0.284749835729599,1766521282309
3,0.07030199468135834,1766521283370
3,0.16761565208435059,1766521284141
3,0.20422908663749695,1766521285149
3,0.24168707430362701,1766521285837
3,0.24680137634277344,1766521286745
3,0.13919253647327423,1766521287642
3,0.10978882014751434,1766521288369
3,0.20818887650966644,1766521289444
3,0.4199244976043701,1766521290140
3,0.22523945569992065,1766521291141
3,0.1657721996307373,1766521291902
3,0.41750240325927734,1766521292700
3,0.18255114555358887,1766521293665
3,0.2847369313240051,1766521294390
3,0.05482850968837738,1766521295387
3,0.25412723422050476,1766521296102
3,0.21234536170959473,1766521297000
3,0.10741627216339111,1766521297924
3,0.35191696882247925,1766521298639
3,0.27874380350112915,1766521299637
3,0.2594873309135437,1766521300381
3,0.14411641657352448,1766521301397
3,0.2962643504142761,1766521302171
3,0.13693547248840332,1766521303002
3,0.2618427872657776,1766521303951
3,0.25304296612739563,1766521304665
3,0.14179988205432892,1766521305714
3,0.12339572608470917,1766521306415
3,0.18993209302425385,1766521307404
3,0.23416359722614288,1766521308188
3,0.29510605335235596,1766521309018
3,0.18720388412475586,1766521309971
3,0.2766795754432678,1766521310706
3,0.2713608741760254,1766521311791
3,0.5216500759124756,1766521312540
3,0.876253068447113,1766521313557
3,0.09398338198661804,1766521314376
3,0.2743765711784363,1766521315091
3,0.2758748233318329,1766521316139
3,0.10635008662939072,1766521316845
3,0.14489179849624634,1766521317917
3,0.4108637869358063,1766521318659
3,0.30788561701774597,1766521319522
3,0.23161235451698303,1766521320410
3,0.1512991189956665,1766521321245
3,0.5212782621383667,1766521322305
3,0.26583555340766907,1766521322983
3,0.18063177168369293,1766521324026
3,0.10384120047092438,1766521324756
3,0.47864121198654175,1766521325646
3,0.18431663513183594,1766521326615
3,0.1825602650642395,1766521327410
3,0.1685529500246048,1766521328449
3,0.17757293581962585,1766521329150
3,0.2675456404685974,1766521330208
3,0.16460926830768585,1766521330924
3,0.3120655417442322,1766521331826
3,0.19227147102355957,1766521332669
3,0.22801744937896729,1766521333382
3,0.3140157461166382,1766521334381
3,0.24406510591506958,1766521335091
3,0.15932336449623108,1766521336063
3,0.2302185595035553,1766521336860
3,0.1583911031484604,1766521337610
3,0.26711028814315796,1766521338622
3,0.2633293867111206,1766521339350
3,0.2117893248796463,1766521340435
3,0.2564716041088104,1766521341169
3,0.1922001838684082,1766521342211
3,0.16403350234031677,1766521342988
3,0.22109420597553253,1766521343859
3,0.35519781708717346,1766521344854
3,0.23941195011138916,1766521345629
3,0.3450760543346405,1766521346673
3,0.11743365973234177,1766521347428
3,0.1266290694475174,1766521348526
3,0.2598881721496582,1766521349261
3,0.3945995271205902,1766521350224
3,0.2513713836669922,1766521351059
3,0.06361506134271622,1766521351906
3,0.09888450801372528,1766521352886
3,0.29876112937927246,1766521353678
3,0.18063507974147797,1766521354745
3,0.27152490615844727,1766521355472
3,0.16474196314811707,1766521356489
3,0.07734131813049316,1766521357254
3,0.406294047832489,1766521358171
3,0.2709314227104187,1766521359058
3,0.15867823362350464,1766521359833
3,0.2482025921344757,1766521360893
3,0.10610214620828629,1766521361640
3,0.2949656844139099,1766521362663
3,0.3258059620857239,1766521363413
3,0.2789468765258789,1766521364288
3,0.2550691068172455,1766521365234
3,0.39446377754211426,1766521366006
3,0.22377397119998932,1766521367071
3,0.4682299494743347,1766521367727
3,0.09365769475698471,1766521368797
3,0.22595037519931793,1766521369498
3,0.059963177889585495,1766521370305
3,0.07350406050682068,1766521371257
3,0.0627557635307312,1766521371986
3,0.08990836143493652,1766521372983
3,0.055089209228754044,1766521373704
3,0.45870599150657654,1766521374664
3,0.3084309697151184,1766521375521
3,0.9897854328155518,1766521376305
3,0.16259385645389557,1766521377326
3,0.20661106705665588,1766521377971
3,0.2228095382452011,1766521379058
3,0.22741541266441345,1766521379766
3,0.21441279351711273,1766521380654
3,0.199192076921463,1766521381586
3,0.19945713877677917,1766521382357
3,0.21110662817955017,1766521383450
3,0.2056664079427719,1766521384139
3,0.29018300771713257,1766521385120
3,0.10201803594827652,1766521385911
3,0.10657279193401337,1766521386872
3,0.1812550276517868,1766521387720
3,0.13870945572853088,1766521388573
3,0.1891029179096222,1766521389609
3,0.2191518247127533,1766521390395
3,0.4514162540435791,1766521391438
3,0.1991366147994995,1766521392174
3,0.2652083933353424,1766521393173
3,0.3644532263278961,1766521393953
3,0.23729364573955536,1766521394840
3,0.41440629959106445,1766521395772
3,0.33149486780166626,1766521396578
3,0.21708881855010986,1766521397651
3,0.09034989774227142,1766521398377
3,0.21241779625415802,1766521399451
3,0.1537700593471527,1766521400181
3,0.13034233450889587,1766521401174
3,0.2808731496334076,1766521401973
3,0.26855209469795227,1766521402764
3,0.1561535894870758,1766521403812
3,0.26020970940589905,1766521404552
3,0.4141516089439392,1766521405589
3,0.42895954847335815,1766521406346
3,0.2672300934791565,1766521407358
3,0.3219583034515381,1766521408156
3,0.266857385635376,1766521408987
3,0.37168431282043457,1766521409924
3,0.3788062036037445,1766521410640
3,0.3528308570384979,1766521411776
3,0.15925835072994232,1766521412501
3,0.27691054344177246,1766521413583
3,0.17283794283866882,1766521414321
3,0.3190488815307617,1766521415286
3,0.31374257802963257,1766521416134
3,0.19447344541549683,1766521416896
3,0.16946086287498474,1766521417923
3,0.45898380875587463,1766521418652
3,0.12595218420028687,1766521419673
3,0.42803582549095154,1766521420416
3,0.18944907188415527,1766521421400
3,0.0473661869764328,1766521422217
3,0.3300110697746277,1766521423035
3,0.2390117347240448,1766521424053
3,0.15457133948802948,1766521424826
3,0.3326846957206726,1766521425880
3,0.13231517374515533,1766521426594
3,0.22426313161849976,1766521427607
3,0.35004350543022156,1766521428415
3,0.1840505599975586,1766521429210
3,0.25934502482414246,1766521430224
3,0.1158968135714531,1766521430904
3,0.06654410809278488,1766521431955
3,0.35455620288848877,1766521432669
3,0.09093514084815979,1766521433557
3,0.07004813849925995,1766521434416
3,0.1407618522644043,1766521435232
3,0.25721317529678345,1766521436253
3,0.249799907207489,1766521436941
3,0.40542668104171753,1766521438029
3,0.37994450330734253,1766521438784
3,0.4952331781387329,1766521439702
3,0.4050281345844269,1766521440617
3,0.18118232488632202,1766521441387
3,0.3932204842567444,1766521442457
3,0.19779998064041138,1766521443168
3,0.3842846751213074,1766521444226
3,0.29085931181907654,1766521444997
3,0.241768941283226,1766521445786
3,0.23205691576004028,1766521446761
3,0.16962555050849915,1766521447557
3,0.15042752027511597,1766521448645
3,0.2853381931781769,1766521449373
3,0.13660848140716553,1766521450415
3,0.2743152678012848,1766521451156
3,0.19614426791667938,1766521452132
3,0.22422441840171814,1766521453008
3,0.23353847861289978,1766521453801
3,0.20756672322750092,1766521454796
3,0.1801646500825882,1766521455508
3,0.2402067333459854,1766521456592
3,0.10308894515037537,1766521457290
3,0.3176966905593872,1766521458185
3,0.03676233068108559,1766521459101
3,0.09663179516792297,1766521459859
3,0.20901498198509216,1766521460928
3,0.16746796667575836,1766521461611
3,0.12299706786870956,1766521462543
3,0.21048153936862946,1766521463324
3,0.03181502968072891,1766521464175
3,0.10643105208873749,1766521465090
3,0.16392363607883453,1766521465848
3,0.6388980150222778,1766521466906
3,0.05124840885400772,1766521467563
3,0.010395705699920654,1766521468593
3,0.19293299317359924,1766521469396
3,0.2446485161781311,1766521470284
3,0.10489891469478607,1766521471247
3,0.12246610224246979,1766521471895
3,0.07832259684801102,1766521472866
3,0.22251737117767334,1766521473581
3,0.09995872527360916,1766521474637
3,0.332475483417511,1766521475435
3,0.15930238366127014,1766521476279
3,0.20898810029029846,1766521477253
3,0.19152697920799255,1766521477959
3,0.19774025678634644,1766521479034
3,0.17547249794006348,1766521479715
3,0.31308138370513916,1766521480622
3,0.10383670032024384,1766521481482
3,0.252035915851593,1766521482282
3,0.20351165533065796,1766521483228
3,0.25868943333625793,1766521483979
3,0.23786495625972748,1766521485040
3,0.24313201010227203,1766521485787
3,0.32321739196777344,1766521486703
3,0.3894506096839905,1766521487603
3,0.17355677485466003,1766521488372
3,0.39333271980285645,1766521489432
3,0.20873095095157623,1766521490149
3,0.09595825523138046,1766521491194
3,0.1752006560564041,1766521491950
3,0.23076307773590088,1766521492851
3,0.15353432297706604,1766521493780
3,0.15445703268051147,1766521494610
3,0.0979870855808258,1766521495600
3,0.2918292284011841,1766521496364
3,0.27621161937713623,1766521497418
3,0.1646312028169632,1766521498153
3,0.1564834713935852,1766521499116
3,0.1298983097076416,1766521499852
3,0.34936797618865967,1766521500588
3,0.0932798758149147,1766521501601
3,0.22086739540100098,1766521502247
3,0.4519876539707184,1766521503358
3,0.185405895113945,1766521504068
3,0.20518368482589722,1766521504834
3,0.2120867222547531,1766521505751
3,0.1679592877626419,1766521506456
3,0.2581615746021271,1766521507521
3,0.28572317957878113,1766521508265
3,0.29072457551956177,1766521509289
3,0.2099302113056183,1766521510080
3,0.12014950811862946,1766521510901
3,0.11767944693565369,1766521511908
3,0.3161327838897705,1766521512714
3,0.13166499137878418,1766521513741
3,0.3463119566440582,1766521514434
3,0.20306484401226044,1766521515494
3,0.49108994007110596,1766521516227
3,0.2770998477935791,1766521517069
3,0.14780063927173615,1766521518069
3,0.25104883313179016,1766521518762
3,0.36231136322021484,1766521519801
3,0.31919944286346436,1766521520508
3,0.08581891655921936,1766521521383
3,0.19728955626487732,1766521522286
3,0.2554253935813904,1766521523096
3,0.1424257755279541,1766521524131
3,0.33642083406448364,1766521524855
3,0.2290152609348297,1766521525940
3,0.367796391248703,1766521526718
3,0.20986440777778625,1766521527781
3,0.2065853476524353,1766521528513
3,0.11484301835298538,1766521529236
3,0.19783128798007965,1766521530220
3,0.10957249999046326,1766521530948
3,0.09729429334402084,1766521532011
3,0.106731116771698,1766521532729
3,0.13115179538726807,1766521533641
3,0.19312836229801178,1766521534483
3,0.12903368473052979,1766521535237
3,0.1455346643924713,1766521536347
3,0.11168801039457321,1766521537023
3,0.33573538064956665,1766521538118
3,0.16945061087608337,1766521538871
3,0.2307562232017517,1766521539863
3,0.18527719378471375,1766521540702
3,0.23652766644954681,1766521541553
3,0.1615118384361267,1766521542621
3,0.13036981225013733,1766521543329
3,0.32557958364486694,1766521544442
3,0.10385400801897049,1766521545107
3,0.24142968654632568,1766521546161
3,0.2805086672306061,1766521546933
3,0.13927829265594482,1766521547847
3,0.30040493607521057,1766521548790
3,0.012678742408752441,1766521549567
3,0.23365728557109833,1766521550625
3,0.15764492750167847,1766521551398
3,0.0788036435842514,1766521552414
3,0.06158909946680069,1766521553143
3,0.23774248361587524,1766521554199
3,0.15917682647705078,1766521554936
3,0.16635094583034515,1766521555753
3,0.20971399545669556,1766521556648
3,0.36572688817977905,1766521557397
3,0.15473446249961853,1766521558456
3,0.15489092469215393,1766521559174
3,0.3176571726799011,1766521560227
3,0.3032606244087219,1766521561021
3,0.166033536195755,1766521561756
3,0.13877515494823456,1766521562676
3,0.2267259955406189,1766521563446
3,0.11259065568447113,1766521564472
3,0.250262975692749,1766521565202
3,0.05141134560108185,1766521566297
3,0.059942618012428284,1766521567072
3,0.07128217071294785,1766521567942
3,0.45409923791885376,1766521568857
3,0.3587546944618225,1766521569625
3,0.27905672788619995,1766521570628
3,0.42904531955718994,1766521571332
3,0.30449992418289185,1766521572376
3,0.08541768044233322,1766521573115
3,0.32191115617752075,1766521573973
3,0.20372074842453003,1766521574971
3,0.278982937335968,1766521575735
3,0.41750308871269226,1766521576797
3,0.25058209896087646,1766521577467
3,0.2266649305820465,1766521578517
3,0.3233549892902374,1766521579324
3,0.38194525241851807,1766521580220
3,0.18024170398712158,1766521581140
3,0.14032001793384552,1766521581900
3,0.09547273069620132,1766521582955
3,0.10257969796657562,1766521583659
3,0.1603943109512329,1766521584713
3,0.3976682126522064,1766521585502
3,0.2575768828392029,1766521586328
3,0.2863695025444031,1766521587248
3,0.257878839969635,1766521588029
3,0.15888342261314392,1766521589113
3,0.07115248590707779,1766521589820
3,0.43029916286468506,1766521590878
3,0.23575395345687866,1766521591665
3,0.20829693973064423,1766521592523
3,0.2831123173236847,1766521593455
3,0.15494994819164276,1766521594232
3,0.2743183672428131,1766521595260
3,0.2956652343273163,1766521595929
3,0.185421884059906,1766521596999
3,0.21295952796936035,1766521597720
3,0.380637526512146,1766521598681
3,0.22106698155403137,1766521599519
3,0.35551437735557556,1766521600358
3,0.17007291316986084,1766521601367
3,0.27699020504951477,1766521602091
3,0.2858339548110962,1766521603127
3,0.2947118878364563,1766521603829
3,0.2417535036802292,1766521604824
3,0.06560876965522766,1766521605560
3,0.23466329276561737,1766521606318
3,0.20680168271064758,1766521607367
3,0.27594268321990967,1766521608050
3,0.1305128037929535,1766521609036
3,0.26676565408706665,1766521609801
3,0.5507227182388306,1766521610746
3,0.32360410690307617,1766521611571
3,0.16699694097042084,1766521612327
3,0.43666237592697144,1766521613404
3,0.2156040221452713,1766521614169
3,0.1163499504327774,1766521615242
3,0.14089280366897583,1766521615930
3,0.40402698516845703,1766521616861
3,0.039970189332962036,1766521617660
3,0.12939728796482086,1766521618447
3,0.1955493986606598,1766521619459
3,0.2012338489294052,1766521620146
3,0.555420994758606,1766521621236
3,0.22117386758327484,1766521622004
3,0.1973239779472351,1766521622911
3,0.1431131362915039,1766521623772
3,0.10916124284267426,1766521624546
3,0.5477128624916077,1766521625591
3,0.19906115531921387,1766521626338
3,0.1588912010192871,1766521627409
3,0.27436572313308716,1766521628105
3,0.14476031064987183,1766521629067
3,0.27016758918762207,1766521629909
3,0.24474060535430908,1766521630701
3,0.0942191556096077,1766521631721
3,0.11258897930383682,1766521632464
3,0.11642137169837952,1766521633581
3,0.2535652816295624,1766521634273
3,0.17481428384780884,1766521635338
3,0.2121196687221527,1766521636129
3,0.12883779406547546,1766521636960
3,0.2308647334575653,1766521637853
3,0.5419571399688721,1766521638576
3,0.21118789911270142,1766521639617
3,0.2201026976108551,1766521640328
3,0.4331255257129669,1766521641261
3,0.2600915729999542,1766521642084
3,0.22543106973171234,1766521642830
3,0.2111886590719223,1766521643891
3,0.24895519018173218,1766521644650
3,0.833317220211029,1766521645656
3,0.1893596351146698,1766521646392
3,0.13662824034690857,1766521647198
3,0.3152105212211609,1766521648184
3,0.15245644748210907,1766521648914
3,0.23691309988498688,1766521649856
3,0.4219130873680115,1766521650619
3,0.22620166838169098,1766521651716
3,0.09532733261585236,1766521652420
3,0.06367062777280807,1766521653340
3,0.17036539316177368,1766521654177
3,0.2919972538948059,1766521655023
3,0.2345849573612213,1766521656026
3,0.3280844986438751,1766521656684
3,0.16638091206550598,1766521657726
3,0.28786778450012207,1766521658461
3,0.10820876806974411,1766521659417
3,0.2411293387413025,1766521660279
3,0.2841854989528656,1766521661184
3,0.27109742164611816,1766521662117
3,0.2061307728290558,1766521662831
3,0.2114698588848114,1766521663911
3,0.18026459217071533,1766521664627
3,0.2575518488883972,1766521665633
3,0.17496910691261292,1766521666435
3,0.14926770329475403,1766521667250
3,0.20980265736579895,1766521668253
3,0.19731204211711884,1766521669024
3,0.3177756667137146,1766521670077
3,0.2301604002714157,1766521670796
3,0.2101583033800125,1766521671838
3,0.05967866629362106,1766521672599
3,0.2051200419664383,1766521673505
3,0.29640501737594604,1766521674355
3,0.27580294013023376,1766521675134
3,0.1800042986869812,1766521676072
3,0.29954224824905396,1766521676796
3,0.34290480613708496,1766521677851
3,0.24934586882591248,1766521678642
3,0.2065255045890808,1766521679461
3,0.0595015212893486,1766521680388
3,0.4162278473377228,1766521681163
3,0.2399793267250061,1766521682212
3,0.1802862286567688,1766521682901
3,0.25912564992904663,1766521683918
3,0.09880350530147552,1766521684669
3,0.15019193291664124,1766521685469
3,0.13550952076911926,1766521686518
3,0.17911922931671143,1766521687218
3,0.18083356320858002,1766521688288
3,0.16349203884601593,1766521688983
3,0.18063990771770477,1766521689893
3,0.12002947926521301,1766521690619
3,0.05267958343029022,1766521691360
3,0.1631268858909607,1766521692416
3,0.3777158856391907,1766521693130
3,0.13198834657669067,1766521694115
3,0.1923188716173172,1766521694796
3,0.22574421763420105,1766521695721
3,0.083554208278656,1766521696684
3,0.1351286619901657,1766521697469
3,0.3551087975502014,1766521698452
3,0.3252986967563629,1766521699185
3,0.11737214028835297,1766521700194
3,0.1460990011692047,1766521700915
3,0.1844727098941803,1766521701912
3,0.2156485915184021,1766521702718
3,0.212256520986557,1766521703499
3,0.17286761105060577,1766521704505
3,0.1124521791934967,1766521705245
3,0.2718188166618347,1766521706301
3,0.11189927160739899,1766521707061
3,0.1616050899028778,1766521708016
3,0.34645479917526245,1766521708877
3,0.2256890833377838,1766521709712
3,0.26694178581237793,1766521710743
3,0.14757823944091797,1766521711455
3,0.10561566054821014,1766521712499
3,0.3487046957015991,1766521713257
3,0.08285142481327057,1766521714280
3,0.06202234327793121,1766521715051
3,0.19557490944862366,1766521715929
3,0.1854608803987503,1766521716832
3,0.13105271756649017,1766521717628
3,0.26239240169525146,1766521718698
3,0.16650348901748657,1766521719397
3,0.4017290472984314,1766521720489
3,0.11386226117610931,1766521721268
3,0.056698448956012726,1766521722177
3,0.2787139117717743,1766521722968
3,0.11099977046251297,1766521723709
3,0.2633497416973114,1766521724708
3,0.2411789745092392,1766521725416
3,0.09711012989282608,1766521726525
3,0.129886195063591,1766521727256
3,0.11671492457389832,1766521728188
3,0.27256011962890625,1766521729042
3,0.5247750282287598,1766521729814
3,0.22093836963176727,1766521730846
3,0.21676692366600037,1766521731563
3,0.3046274781227112,1766521732601
3,0.05785597860813141,1766521733251
3,0.21399280428886414,1766521734093
3,0.34662553668022156,1766521735049
3,0.1214025691151619,1766521735827
3,0.18593356013298035,1766521736891
3,0.19416691362857819,1766521737651
3,0.11565972864627838,1766521738654
3,0.09239094704389572,1766521739367
3,0.22946301102638245,1766521740375
3,0.24397572875022888,1766521741171
3,0.1128995418548584,1766521741928
3,0.16254964470863342,1766521742934
3,0.08983404189348221,1766521743678
3,0.2567109167575836,1766521744703
3,0.27017509937286377,1766521745430
3,0.05576412379741669,1766521746464
3,0.33146098256111145,1766521747278
3,0.21949061751365662,1766521748039
3,0.14742642641067505,1766521749062
3,0.16000448167324066,1766521749749
3,0.1671474277973175,1766521750835
3,0.2532404959201813,1766521751613
3,0.4283323585987091,1766521752514
3,0.39848336577415466,1766521753389
3,0.2659115791320801,1766521754142
3,0.4825766682624817,1766521755216
3,0.10869298875331879,1766521755917
3,0.2144668698310852,1766521756888
3,0.2844845652580261,1766521757651
3,0.3051995635032654,1766521758433
3,0.08484590798616409,1766521759391
3,0.11906367540359497,1766521760119
3,0.2360486388206482,1766521761151
3,0.314475953578949,1766521761897
3,0.12051592767238617,1766521762892
3,0.426214337348938,1766521763668
3,0.24368634819984436,1766521764534
3,0.21531902253627777,1766521765475
3,0.2199655920267105,1766521766208
3,0.2679622769355774,1766521767244
3,0.36212241649627686,1766521767901
3,0.20969676971435547,1766521768838
3,0.208537757396698,1766521769715
3,0.069379523396492,1766521770472
3,0.30578410625457764,1766521771517
3,0.26288798451423645,1766521772246
3,0.11770855635404587,1766521773240
3,0.19904354214668274,1766521773966
3,0.10913649201393127,1766521774931
3,0.2506074607372284,1766521775832
3,0.19280993938446045,1766521776645
3,0.294227659702301,1766521777674
3,0.3322790861129761,1766521778413
3,0.2735104560852051,1766521779491
3,0.27030229568481445,1766521780227
3,0.2711012363433838,1766521781123
3,0.21457171440124512,1766521781992
3,0.25332629680633545,1766521782746
3,0.14882433414459229,1766521783802
3,0.17488232254981995,1766521784546
3,0.15927690267562866,1766521785622
3,0.2907235324382782,1766521786350
3,0.06633180379867554,1766521787260
3,0.30364173650741577,1766521788161
3,0.3062678575515747,1766521788977
3,0.20334675908088684,1766521789973
3,0.11974528431892395,1766521790755
3,0.07795433700084686,1766521791800
3,0.06589343398809433,1766521792496
3,0.05215976759791374,1766521793469
3,0.3841400742530823,1766521794242
3,0.16945767402648926,1766521795061
3,0.3721110224723816,1766521795962
3,0.12047464400529861,1766521796611
3,0.1670525074005127,1766521797658
3,0.15154904127120972,1766521798400
3,0.34103482961654663,1766521799328
3,0.35222479701042175,1766521800228
3,0.11195291578769684,1766521801018
3,0.15820182859897614,1766521802029
3,0.29816973209381104,1766521802690
3,0.35590967535972595,1766521803767
3,0.22437292337417603,1766521804527
3,0.20855176448822021,1766521805426
3,0.2817741930484772,1766521806345
3,0.1420745551586151,1766521807132
3,0.26928791403770447,1766521808197
3,0.2330264300107956,1766521808941
3,0.11408363282680511,1766521809958
3,0.12872976064682007,1766521810665
3,0.19845712184906006,1766521811548
3,0.1817583292722702,1766521812413
3,0.25501465797424316,1766521813183
3,0.07062819600105286,1766521814234
3,0.23372752964496613,1766521814937
3,0.15540197491645813,1766521815928
3,0.18655574321746826,1766521816714
3,0.1366221010684967,1766521817823
3,0.2785727083683014,1766521818565
3,0.2681616246700287,1766521819545
3,0.14442794024944305,1766521820386
3,0.2682766616344452,1766521821212
3,0.023901376873254776,1766521822203
3,0.34978538751602173,1766521823070
3,0.15287300944328308,1766521824011
3,0.2173268049955368,1766521824798
3,0.3040933310985565,1766521825836
3,0.25781941413879395,1766521826587
3,0.25925731658935547,1766521827602
3,0.2176596224308014,1766521828432
3,0.23966200649738312,1766521829365
3,0.2120237797498703,1766521830210
3,0.19062811136245728,1766521831104
3,0.14312295615673065,1766521832007
3,0.3765225410461426,1766521832770
3,0.3900321125984192,1766521833876
3,0.19241183996200562,1766521834629
3,0.21108189225196838,1766521835683
3,0.13492898643016815,1766521836457
3,0.2193698287010193,1766521837465
3,0.17921072244644165,1766521838251
3,0.20829758048057556,1766521839211
3,0.1385454386472702,1766521840048
3,0.3166625201702118,1766521840972
3,0.06134738028049469,1766521841804
3,0.2797076106071472,1766521842719
3,0.23003147542476654,1766521843603
3,0.08328194916248322,1766521844495
3,0.30387818813323975,1766521845379
3,0.39085647463798523,1766521846149
3,0.2747315466403961,1766521847162
3,0.16199380159378052,1766521847960
3,0.21056371927261353,1766521849041
3,0.20701684057712555,1766521849819
3,0.35765761137008667,1766521850770
3,0.18516063690185547,1766521851601
3,0.2945553958415985,1766521852512
3,0.3448890447616577,1766521853421
3,0.25921082496643066,1766521854263
3,0.12714020907878876,1766521855206
3,0.21638739109039307,1766521855978
3,0.10420142114162445,1766521856948
3,0.15068116784095764,1766521857681
3,0.11554494500160217,1766521858693
3,0.1690819263458252,1766521859525
3,0.14514170587062836,1766521860461
3,0.2620716094970703,1766521861359
3,0.1225823238492012,1766521862291
3,0.43407779932022095,1766521863200
3,0.323428750038147,1766521863988
3,0.05080467462539673,1766521864954
3,0.4464096426963806,1766521865676
3,0.07893674075603485,1766521866679
3,0.24862545728683472,1766521867445
3,0.14641118049621582,1766521868451
3,0.2965242862701416,1766521869268
3,0.19219693541526794,1766521870232
3,0.17809531092643738,1766521871120
3,0.16349300742149353,1766521872044
3,0.124443918466568,1766521872976
3,0.27259576320648193,1766521873799
3,0.23868408799171448,1766521874769
3,0.15800994634628296,1766521875595
3,0.1557566076517105,1766521876573
3,0.15448996424674988,1766521877404
3,0.19678348302841187,1766521878355
3,0.17186139523983002,1766521879206
3,0.38216593861579895,1766521880126
3,0.1498691886663437,1766521881011
3,0.5272488594055176,1766521881977
3,0.05760599672794342,1766521882840
3,0.1750563383102417,1766521883799
3,0.17571650445461273,1766521884736
3,0.08833208680152893,1766521885602
3,0.23798328638076782,1766521886499
3,0.4698646068572998,1766521887363
3,0.044455356895923615,1766521888238
3,0.14350676536560059,1766521889107
3,0.11395028233528137,1766521890000
3,0.09466955065727234,1766521890865
3,0.3660847544670105,1766521891801
3,0.2232057750225067,1766521892600
3,0.1531277298927307,1766521893476
3,0.27358269691467285,1766521894309
3,0.06571750342845917,1766521895242
3,0.21720033884048462,1766521896091
3,0.26432979106903076,1766521896987
3,0.1664573848247528,1766521897924
3,0.08193603157997131,1766521898729
3,0.12866035103797913,1766521899676
3,0.1722818911075592,1766521900565
3,0.2640190124511719,1766521901512
3,0.29995936155319214,1766521902272
3,0.23499177396297455,1766521903246
3,0.05848659574985504,1766521904144
3,0.2503283619880676,1766521904996
3,0.19888341426849365,1766521905902
3,0.1649346947669983,1766521906823
3,0.12171073257923126,1766521907752
3,0.5426841974258423,1766521908679
3,0.09900309145450592,1766521909590
3,0.3767191767692566,1766521910472
3,0.16014517843723297,1766521911352
3,0.31102845072746277,1766521912245
3,0.2660456895828247,1766521913154
3,0.15078826248645782,1766521913989
3,0.40333661437034607,1766521914878
3,0.20468251407146454,1766521915735
3,0.22783805429935455,1766521916616
3,0.2730047404766083,1766521917480
3,0.23364058136940002,1766521918336
3,0.16125062108039856,1766521919229
3,0.14623014628887177,1766521920163
3,0.09509884566068649,1766521920979
3,0.12160667777061462,1766521921906
3,0.15575988590717316,1766521922800
3,0.11790712177753448,1766521923695
3,0.7579788565635681,1766521924523
3,0.2677902579307556,1766521925446
3,0.10646621137857437,1766521926370
3,0.0879579409956932,1766521927338
3,0.47905606031417847,1766521928137
3,0.14964088797569275,1766521929068
3,0.2559143304824829,1766521929917
3,0.15496481955051422,1766521930885
3,0.18933305144309998,1766521931757
3,0.12083490192890167,1766521932759
3,0.16145673394203186,1766521933634
3,0.1888449788093567,1766521934592
3,0.144881471991539,1766521935482
3,0.147219717502594,1766521936398
3,0.15106284618377686,1766521937290
3,0.08178934454917908,1766521938089
3,0.24505603313446045,1766521939139
3,0.14489036798477173,1766521939877
3,0.21394816040992737,1766521940929
3,0.06170501559972763,1766521941670
4,0.21794982254505157,1766521942587
4,0.08123064041137695,1766521943433
4,0.21988551318645477,1766521944324
4,0.18283861875534058,1766521945306
4,0.3639622926712036,1766521946211
4,0.08007188141345978,1766521947170
4,0.2132057547569275,1766521947887
4,0.11807462573051453,1766521948902
4,0.09622577577829361,1766521949656
4,0.21074102818965912,1766521950621
4,0.21440166234970093,1766521951385
4,0.17694413661956787,1766521952298
4,0.3504038155078888,1766521953209
4,0.12572278082370758,1766521953938
4,0.2616896629333496,1766521954991
4,0.1726817935705185,1766521955691
4,0.11578822135925293,1766521956685
4,0.18936266005039215,1766521957491
4,0.13455423712730408,1766521958490
4,0.13663822412490845,1766521959369
4,0.34060028195381165,1766521960240
4,0.1574832797050476,1766521961189
4,0.12911656498908997,1766521962010
4,0.02483230270445347,1766521963050
4,0.24803289771080017,1766521963753
4,0.2898729145526886,1766521964779
4,0.2591579258441925,1766521965536
4,0.10208135843276978,1766521966349
4,0.1344490349292755,1766521967338
4,0.2546333074569702,1766521968080
4,0.13363932073116302,1766521969149
4,0.3086417019367218,1766521969878
4,0.32153427600860596,1766521970879
4,0.22014814615249634,1766521971599
4,0.3868650794029236,1766521972385
4,0.1403573900461197,1766521973384
4,0.23233085870742798,1766521974130
4,0.2162228226661682,1766521975180
4,0.17704950273036957,1766521975879
4,0.16411356627941132,1766521976920
4,0.24198006093502045,1766521977703
4,0.08927323669195175,1766521978527
4,0.19272862374782562,1766521979440
4,0.15584975481033325,1766521980152
4,0.08281907439231873,1766521981192
4,0.10493569076061249,1766521981906
4,0.0870399922132492,1766521982875
4,0.19182367622852325,1766521983712
4,0.2102494239807129,1766521984468
4,0.18504229187965393,1766521985501
4,0.045914050191640854,1766521986259
4,0.1552075743675232,1766521987258
4,0.32486024498939514,1766521988005
4,0.41126057505607605,1766521988976
4,0.060004740953445435,1766521989737
4,0.319661021232605,1766521990535
4,0.0729583203792572,1766521991536
4,0.17548251152038574,1766521992267
4,0.1296011209487915,1766521993349
4,0.08267714083194733,1766521994047
4,0.1333998143672943,1766521995026
4,0.35130834579467773,1766521995848
4,0.1317819058895111,1766521996714
4,0.3381339907646179,1766521997708
4,0.24991708993911743,1766521998491
4,0.1242864727973938,1766521999552
4,0.2447873204946518,1766522000262
4,0.24352729320526123,1766522001321
4,0.2390240579843521,1766522002083
4,0.22960476577281952,1766522002973
4,0.1490371823310852,1766522003919
4,0.1711214780807495,1766522004731
4,0.061059750616550446,1766522005746
4,0.10171076655387878,1766522006507
4,0.4041493237018585,1766522007464
4,0.2601224482059479,1766522008167
4,0.2502167224884033,1766522009046
4,0.1266080141067505,1766522009909
4,0.16614441573619843,1766522010692
4,0.2721599340438843,1766522011742
4,0.14866219460964203,1766522012458
4,0.24544137716293335,1766522013470
4,0.17521554231643677,1766522014237
4,0.07278278470039368,1766522015159
4,0.1834186464548111,1766522016010
4,0.15257325768470764,1766522016779
4,0.2163296937942505,1766522017824
4,0.14186514914035797,1766522018493
4,0.27205151319503784,1766522019476
4,0.38638409972190857,1766522020275
4,0.18224532902240753,1766522021243
4,0.20524197816848755,1766522022123
4,0.22375288605690002,1766522022957
4,0.24280580878257751,1766522023984
4,0.12849800288677216,1766522024728
4,0.1248074322938919,1766522025831
4,0.20562268793582916,1766522026515
4,0.19329050183296204,1766522027550
4,0.0893850028514862,1766522028334
4,0.20271562039852142,1766522029119
4,0.2519150376319885,1766522030148
4,0.1751885712146759,1766522030813
4,0.16718965768814087,1766522031853
4,0.39947307109832764,1766522032581
4,0.08430777490139008,1766522033496
4,0.2960684299468994,1766522034328
4,0.11943063139915466,1766522035046
4,0.14761678874492645,1766522036140
4,0.16636154055595398,1766522036809
4,0.2586671710014343,1766522037890
4,0.17028594017028809,1766522038647
4,0.09491544961929321,1766522039571
4,0.32625454664230347,1766522040494
4,0.14943718910217285,1766522041273
4,0.3692488670349121,1766522042318
4,0.11850456893444061,1766522043002
4,0.07126615941524506,1766522044067
4,0.09338586032390594,1766522044848
4,0.2198065221309662,1766522045778
4,0.16983027756214142,1766522046682
4,0.2167859971523285,1766522047405
4,0.3928108215332031,1766522048437
4,0.1773225963115692,1766522049143
4,0.27184122800827026,1766522050172
4,0.061701975762844086,1766522050911
4,0.08004096150398254,1766522051758
4,0.17567768692970276,1766522052629
4,0.2848699688911438,1766522053365
4,0.15450404584407806,1766522054437
4,0.21256081759929657,1766522055116
4,0.16331744194030762,1766522056157
4,0.20504380762577057,1766522056896
4,0.21471063792705536,1766522057713
4,0.27858078479766846,1766522058705
4,0.20904776453971863,1766522059423
4,0.22449642419815063,1766522060491
4,0.18330353498458862,1766522061187
4,0.10050539672374725,1766522062130
4,0.0716184675693512,1766522062960
4,0.14756649732589722,1766522063707
4,0.22043970227241516,1766522064645
4,0.2188560664653778,1766522065365
4,0.2734307050704956,1766522066430
4,0.18792517483234406,1766522067164
4,0.10185843706130981,1766522068166
4,0.06997542083263397,1766522069031
4,0.14057564735412598,1766522069935
4,0.14804868400096893,1766522070862
4,0.1910259872674942,1766522071659
4,0.25556620955467224,1766522072694
4,0.12779369950294495,1766522073394
4,0.15698668360710144,1766522074448
4,0.24698156118392944,1766522075192
4,0.2981155812740326,1766522076083
4,0.061050690710544586,1766522077001
4,0.19676876068115234,1766522077772
4,0.28822532296180725,1766522078807
4,0.09204740822315216,1766522079509
4,0.2748715877532959,1766522080456
4,0.21612641215324402,1766522081308
4,0.3113514184951782,1766522082224
4,0.1771421730518341,1766522083101
4,0.09256846457719803,1766522083864
4,0.18584471940994263,1766522084938
4,0.11929459869861603,1766522085629
4,0.2734948396682739,1766522086561
4,0.17569467425346375,1766522087395
4,0.123967744410038,1766522088232
4,0.2779037356376648,1766522089223
4,0.31905198097229004,1766522089959
4,0.03935792297124863,1766522091009
4,0.18788552284240723,1766522091764
4,0.22108513116836548,1766522092788
4,0.227777361869812,1766522093547
4,0.346058189868927,1766522094396
4,0.06993520259857178,1766522095334
4,0.12102220952510834,1766522096099
4,0.1460205763578415,1766522097140
4,0.2578030228614807,1766522097849
4,0.14060741662979126,1766522098925
4,0.11937658488750458,1766522099674
4,0.06993123888969421,1766522100595
4,0.1705828607082367,1766522101503
4,0.14507052302360535,1766522102239
4,0.2194918692111969,1766522103244
4,0.126946821808815,1766522103976
4,0.07840768992900848,1766522105024
4,0.11788076162338257,1766522105742
4,0.26744550466537476,1766522106563
4,0.07510676234960556,1766522107574
4,0.13714101910591125,1766522108307
4,0.24414369463920593,1766522109469
4,0.15732181072235107,1766522110219
4,0.17647607624530792,1766522111190
4,0.18743300437927246,1766522111935
4,0.20000243186950684,1766522112878
4,0.040269672870635986,1766522113761
4,0.10953884571790695,1766522114643
4,0.27885472774505615,1766522115598
4,0.0739772617816925,1766522116376
4,0.09425149857997894,1766522117430
4,0.2040741890668869,1766522118128
4,0.08272673189640045,1766522119141
4,0.13048426806926727,1766522119905
4,0.018041977658867836,1766522120765
4,0.1469433456659317,1766522121712
4,0.18774831295013428,1766522122403
4,0.22417598962783813,1766522123506
4,0.20027464628219604,1766522124190
4,0.02845311164855957,1766522125148
4,0.12669244408607483,1766522125971
4,0.20716622471809387,1766522126715
4,0.1047898679971695,1766522127736
4,0.04399719089269638,1766522128464
4,0.17617806792259216,1766522129605
4,0.1274009346961975,1766522130339
4,0.11971201747655869,1766522131368
4,0.0471087284386158,1766522132109
4,0.1468360275030136,1766522133055
4,0.16046318411827087,1766522133932
4,0.16023211181163788,1766522134759
4,0.26372045278549194,1766522135770
4,0.1792730838060379,1766522136505
4,0.11912722885608673,1766522137613
4,0.16060294210910797,1766522138339
4,0.28179261088371277,1766522139360
4,0.35238784551620483,1766522140131
4,0.10252873599529266,1766522140959
4,0.11572293192148209,1766522141902
4,0.08689215779304504,1766522142621
4,0.1419605165719986,1766522143735
4,0.23421311378479004,1766522144397
4,0.004727854393422604,1766522145501
4,0.027823500335216522,1766522146270
4,0.3587396442890167,1766522147130
4,0.11145099997520447,1766522148054
4,0.0621027871966362,1766522148827
4,0.23062488436698914,1766522149859
4,0.12538130581378937,1766522150504
4,0.4415075182914734,1766522151597
4,0.04316859692335129,1766522152341
4,0.16616055369377136,1766522153231
4,0.23919178545475006,1766522154112
4,0.3742848038673401,1766522154842
4,0.14202120900154114,1766522155917
4,0.07516545057296753,1766522156624
4,0.18490755558013916,1766522157606
4,0.23727281391620636,1766522158339
4,0.1673843264579773,1766522159127
4,0.18061883747577667,1766522160119
4,0.4215010404586792,1766522160836
4,0.08866986632347107,1766522161873
4,0.05593617632985115,1766522162600
4,0.1703954041004181,1766522163662
4,0.15002650022506714,1766522164429
4,0.19979530572891235,1766522165193
4,0.3098425269126892,1766522166271
4,0.11254724860191345,1766522167003
4,0.1344611942768097,1766522168025
4,0.7432618737220764,1766522168751
4,0.02771010622382164,1766522169686
4,0.158640056848526,1766522170527
4,0.127827987074852,1766522171310
4,0.12629613280296326,1766522172291
4,0.06439822912216187,1766522173047
4,0.2670271098613739,1766522174127
4,0.13565796613693237,1766522174926
4,0.13317440450191498,1766522175990
4,0.15123718976974487,1766522176788
4,0.07914280891418457,1766522177597
4,0.13296064734458923,1766522178576
4,0.26209333539009094,1766522179318
4,0.12155692279338837,1766522180357
4,0.4128623902797699,1766522181102
4,0.12480026483535767,1766522182193
4,0.07836557924747467,1766522182961
4,0.3179977536201477,1766522183901
4,0.12800312042236328,1766522184779
4,0.17073604464530945,1766522185491
4,0.3160431385040283,1766522186546
4,0.2271992564201355,1766522187256
4,0.1556777060031891,1766522188252
4,0.24066868424415588,1766522189002
4,0.1009015217423439,1766522189808
4,0.058153435587882996,1766522190830
4,0.257434606552124,1766522191527
4,0.4258407652378082,1766522192478
4,0.29885679483413696,1766522193220
4,0.22236451506614685,1766522194162
4,0.3346949517726898,1766522195040
4,0.19508393108844757,1766522195900
4,0.12840361893177032,1766522196911
4,0.112750343978405,1766522197627
4,0.23269334435462952,1766522198686
4,0.20544949173927307,1766522199442
4,0.09293721616268158,1766522200392
4,0.20127466320991516,1766522201223
4,0.1108500212430954,1766522202022
4,0.24153053760528564,1766522202943
4,0.12198282033205032,1766522203659
4,0.06809639930725098,1766522204741
4,0.3262132406234741,1766522205463
4,0.13797754049301147,1766522206344
4,0.08543173223733902,1766522207166
4,0.13481256365776062,1766522207871
4,0.2553362548351288,1766522208966
4,0.029594305902719498,1766522209721
4,0.2858503460884094,1766522210767
4,0.1833498179912567,1766522211539
4,0.2278497815132141,1766522212426
4,0.27178218960762024,1766522213311
4,0.29221227765083313,1766522214072
4,0.18763256072998047,1766522215133
4,0.033585984259843826,1766522215821
4,0.2320471554994583,1766522216788
4,0.05806070566177368,1766522217557
4,0.17976298928260803,1766522218338
4,0.06651894748210907,1766522219343
4,0.09304719418287277,1766522220029
4,0.3642778992652893,1766522221133
4,0.10190638154745102,1766522221850
4,0.10306252539157867,1766522222894
4,0.24963775277137756,1766522223692
4,0.191261887550354,1766522224522
4,0.13139663636684418,1766522225497
4,0.2636575698852539,1766522226277
4,0.12164552509784698,1766522227324
4,0.02788519114255905,1766522228050
4,0.07640504837036133,1766522229112
4,0.12202449142932892,1766522229878
4,0.275127112865448,1766522230720
4,0.1942470222711563,1766522231700
4,0.17872607707977295,1766522232414
4,0.09416051208972931,1766522233474
4,0.1089678406715393,1766522234175
4,0.0879954844713211,1766522235200
4,0.15520763397216797,1766522235973
4,0.24575316905975342,1766522236702
4,0.18052244186401367,1766522237718
4,0.08070994913578033,1766522238416
4,0.08627915382385254,1766522239417
4,0.4069148004055023,1766522240105
4,0.10952942073345184,1766522241053
4,0.128596693277359,1766522241942
4,0.060157306492328644,1766522242753
4,0.04593291133642197,1766522243734
4,0.04786664992570877,1766522244494
4,0.03974726423621178,1766522245616
4,0.1366761177778244,1766522246389
4,0.06354296207427979,1766522247438
4,0.05368824675679207,1766522248205
4,0.13199566304683685,1766522249029
4,0.08562299609184265,1766522250020
4,0.25414273142814636,1766522250741
4,0.0779087245464325,1766522251760
4,0.27369457483291626,1766522252500
4,0.0857253447175026,1766522253479
4,0.15316584706306458,1766522254328
4,0.16805298626422882,1766522255110
4,0.18547721207141876,1766522256089
4,0.073878213763237,1766522256801
4,0.07409022003412247,1766522257890
4,0.2943335175514221,1766522258597
4,0.030650608241558075,1766522259451
4,0.05653974413871765,1766522260342
4,0.1253889799118042,1766522261058
4,0.11919969320297241,1766522262116
4,0.2250857800245285,1766522262828
4,0.052261993288993835,1766522263908
4,0.04641255363821983,1766522264657
4,0.060365740209817886,1766522265605
4,0.331501841545105,1766522266512
4,0.20785455405712128,1766522267292
4,0.03824245557188988,1766522268289
4,0.08342860639095306,1766522268933
4,0.020480148494243622,1766522269892
4,0.08232246339321136,1766522270735
4,0.03975215554237366,1766522271494
4,0.2122410535812378,1766522272510
4,0.19014814496040344,1766522273201
4,0.08691400289535522,1766522274224
4,0.09401498734951019,1766522274956
4,0.2601889371871948,1766522275856
4,0.0982462540268898,1766522276710
4,0.1794091910123825,1766522277458
4,0.1953362226486206,1766522278421
4,0.055946093052625656,1766522279093
4,0.17778462171554565,1766522280024
4,0.24481280148029327,1766522280889
4,0.08542299270629883,1766522281611
4,0.14339524507522583,1766522282621
4,0.2437594085931778,1766522283311
4,0.221984401345253,1766522284358
4,0.26415300369262695,1766522285133
4,0.10574203729629517,1766522286067
4,0.20106187462806702,1766522286946
4,0.35777944326400757,1766522287734
4,0.19178315997123718,1766522288759
4,0.20759937167167664,1766522289423
4,0.16345125436782837,1766522290522
4,0.1354137361049652,1766522291250
4,0.05364697426557541,1766522292199
4,0.14676904678344727,1766522293000
4,0.33526352047920227,1766522293793
4,0.2562297582626343,1766522294801
4,0.28835684061050415,1766522295508
4,0.1793125569820404,1766522296576
4,0.33538150787353516,1766522297319
4,0.16742733120918274,1766522298273
4,0.10309838503599167,1766522299115
4,0.18266135454177856,1766522299866
4,0.14695003628730774,1766522300888
4,0.13440169394016266,1766522301609
4,0.1001317948102951,1766522302680
4,0.2167903482913971,1766522303395
4,0.10117912292480469,1766522304338
4,0.22963327169418335,1766522305151
4,0.05852887034416199,1766522305980
4,0.06579920649528503,1766522306969
4,0.16422663629055023,1766522307741
4,0.14920221269130707,1766522308797
4,0.07475954294204712,1766522309558
4,0.13947591185569763,1766522310537
4,0.14057648181915283,1766522311383
4,0.2725650668144226,1766522312100
4,0.4106709957122803,1766522313159
4,0.16920286417007446,1766522313890
4,0.09821654111146927,1766522314863
4,0.12544776499271393,1766522315679
4,0.04904203116893768,1766522316545
4,0.037571877241134644,1766522317448
4,0.12474660575389862,1766522318249
4,0.20160594582557678,1766522319274
4,0.13021260499954224,1766522319962
4,0.1019500344991684,1766522320990
4,0.19638711214065552,1766522321749
4,0.2728830575942993,1766522322653
4,0.2308577448129654,1766522323590
4,0.06735189259052277,1766522324331
4,0.14306047558784485,1766522325311
4,0.09209834039211273,1766522326027
4,0.12082822620868683,1766522327086
4,0.14653050899505615,1766522327839
4,0.020937234163284302,1766522328629
4,0.1941646933555603,1766522329597
4,0.018568383529782295,1766522330354
4,0.20445385575294495,1766522331354
4,0.0901973620057106,1766522332059
4,0.11162612587213516,1766522333051
4,0.06031129136681557,1766522333860
4,0.07444359362125397,1766522334601
4,0.2677314877510071,1766522335626
4,0.20055131614208221,1766522336346
4,0.07946261763572693,1766522337432
4,0.15793347358703613,1766522338201
4,0.07671556621789932,1766522339184
4,0.13940057158470154,1766522340030
4,0.32268014550209045,1766522340837
4,0.05530781298875809,1766522341844
4,0.08808762580156326,1766522342572
4,0.2214762419462204,1766522343614
4,0.10342900454998016,1766522344315
4,0.27088865637779236,1766522345342
4,0.18737539649009705,1766522346124
4,0.2328115701675415,1766522346865
4,0.2210393249988556,1766522347865
4,0.10517248511314392,1766522348599
4,0.25351741909980774,1766522349611
4,0.16468191146850586,1766522350378
4,0.09741997718811035,1766522351304
4,0.07946321368217468,1766522352124
4,0.07083098590373993,1766522352863
4,0.17964275181293488,1766522353863
4,0.10364387929439545,1766522354553
4,0.18511362373828888,1766522355583
4,0.1914624571800232,1766522356381
4,0.13328246772289276,1766522357232
4,0.187598317861557,1766522358122
4,0.17276006937026978,1766522358843
4,0.11253431439399719,1766522359895
4,0.07686734199523926,1766522360591
4,0.16318748891353607,1766522361499
4,0.36105412244796753,1766522362362
4,0.2315737009048462,1766522363144
4,0.2841988205909729,1766522364219
4,0.43934041261672974,1766522364939
4,0.14375780522823334,1766522365998
4,0.11878044158220291,1766522366762
4,0.15207812190055847,1766522367769
4,0.07862739264965057,1766522368597
4,0.07522572576999664,1766522369413
4,0.11586172878742218,1766522370365
4,0.15244409441947937,1766522371124
4,0.416438490152359,1766522372185
4,0.07669328898191452,1766522372935
4,0.11918947100639343,1766522374009
4,0.15585294365882874,1766522374786
4,0.13504736125469208,1766522375675
4,0.17481815814971924,1766522376643
4,0.21024271845817566,1766522377361
4,0.21683412790298462,1766522378377
4,0.11338316649198532,1766522379093
4,0.2550823986530304,1766522380134
4,0.11794991791248322,1766522380885
4,0.15656514465808868,1766522381683
4,0.05769721418619156,1766522382718
4,0.1101909726858139,1766522383424
4,0.19081218540668488,1766522384407
4,0.16237494349479675,1766522385049
4,0.1350334733724594,1766522385864
4,0.13903728127479553,1766522386715
4,0.10706230998039246,1766522387485
4,0.1397421509027481,1766522388391
4,0.13625063002109528,1766522389118
4,0.17278677225112915,1766522390078
4,0.15034769475460052,1766522390622
4,0.13700459897518158,1766522391403
4,0.10098306834697723,1766522392172
4,0.20180639624595642,1766522392695
4,0.019593439996242523,1766522393544
4,0.42967504262924194,1766522394127
4,0.09461455047130585,1766522394708
4,0.06793212890625,1766522395573
4,0.17423154413700104,1766522396154
4,0.1704268455505371,1766522396837
4,0.12406157702207565,1766522397705
4,0.22764354944229126,1766522398299
4,0.08271420001983643,1766522399261
4,0.23493747413158417,1766522399911
4,0.1501016914844513,1766522400668
4,0.07197345793247223,1766522401593
4,0.10118600726127625,1766522402208
4,0.286907821893692,1766522403192
4,0.2553338408470154,1766522403827
4,0.06719464063644409,1766522404577
4,0.12101233005523682,1766522405464
4,0.07146816700696945,1766522406221
4,0.06172598898410797,1766522407204
4,0.20521259307861328,1766522407832
4,0.2181267887353897,1766522408660
4,0.2591039836406708,1766522409449
4,0.14400921761989594,1766522410140
4,0.15904080867767334,1766522411006
4,0.15415717661380768,1766522411625
4,0.166547030210495,1766522412487
4,0.4144704341888428,1766522413212
4,0.37867289781570435,1766522413916
4,0.11582714319229126,1766522414810
4,0.11400040239095688,1766522415492
4,0.10679639875888824,1766522416285
4,0.22648751735687256,1766522417066
4,0.1838347613811493,1766522417891
4,0.14258092641830444,1766522418726
4,0.26534509658813477,1766522419511
4,0.18459609150886536,1766522420421
4,0.020205624401569366,1766522421132
4,0.14921778440475464,1766522422045
4,0.0579284243285656,1766522422753
4,0.11632215231657028,1766522423540
4,0.19584548473358154,1766522424409
4,0.16608233749866486,1766522425137
4,0.08891476690769196,1766522426065
4,0.3038533926010132,1766522426778
4,0.10552690178155899,1766522427658
4,0.06833244860172272,1766522428417
4,0.03534344211220741,1766522429192
4,0.08971814811229706,1766522430005
4,0.2375335693359375,1766522430770
4,0.1303728222846985,1766522431576
4,0.10509747266769409,1766522432284
4,0.23200641572475433,1766522433126
4,0.12501302361488342,1766522433834
4,0.0950925350189209,1766522434641
4,0.1605648398399353,1766522435410
4,0.13245663046836853,1766522436137
4,0.10177480429410934,1766522437017
4,0.08702780306339264,1766522437800
4,0.13486653566360474,1766522438620
4,0.10227446258068085,1766522439368
4,0.0441913902759552,1766522440140
4,0.36764630675315857,1766522440944
4,0.10162338614463806,1766522441658
4,0.37493982911109924,1766522442507
4,0.24740226566791534,1766522443254
4,0.08747858554124832,1766522444047
4,0.2524442970752716,1766522444797
4,0.07325004041194916,1766522445520
4,0.18220919370651245,1766522446336
4,0.19041591882705688,1766522447056
4,0.14662685990333557,1766522447843
4,0.17973315715789795,1766522448536
4,0.3124534487724304,1766522449275
4,0.08974246680736542,1766522450036
4,0.19556112587451935,1766522450705
4,0.1935293972492218,1766522451523
4,0.2856193780899048,1766522452301
4,0.15910549461841583,1766522453122
4,0.11794859170913696,1766522453937
4,0.25344035029411316,1766522454653
4,0.17762510478496552,1766522455513
4,0.16768665611743927,1766522456198
4,0.18605700135231018,1766522456948
4,0.18410196900367737,1766522457809
4,0.1216445341706276,1766522458583
4,0.1450663059949875,1766522459420
4,0.12652137875556946,1766522460155
4,0.15221554040908813,1766522460920
4,0.1680571436882019,1766522461676
4,0.1876891851425171,1766522462474
4,0.18816661834716797,1766522463269
4,0.3014340102672577,1766522464028
4,0.3520164489746094,1766522464851
4,0.24012675881385803,1766522465598
4,0.09866214543581009,1766522466509
4,0.22233042120933533,1766522467284
4,0.08061882108449936,1766522468058
4,0.15873505175113678,1766522468916
4,0.18082119524478912,1766522469688
4,0.08686524629592896,1766522470584
4,0.24895532429218292,1766522471333
4,0.1541459560394287,1766522472120
4,0.10501207411289215,1766522472957
4,0.15346914529800415,1766522473730
4,0.039630088955163956,1766522474613
4,0.35170719027519226,1766522475407
4,0.018435534089803696,1766522476261
4,0.48028433322906494,1766522477044
4,0.16170823574066162,1766522477875
4,0.19315311312675476,1766522478598
4,0.15260574221611023,1766522479396
4,0.3120306134223938,1766522480222
4,0.0966770350933075,1766522481023
4,0.1223737895488739,1766522481958
4,0.2557145953178406,1766522482675
4,0.3241502642631531,1766522483511
4,0.10771395266056061,1766522484331
4,0.1422063410282135,1766522485134
4,0.07839333266019821,1766522485895
4,0.12456238269805908,1766522486673
4,0.04813069850206375,1766522487520
4,0.12361282855272293,1766522488263
4,0.17393961548805237,1766522489094
4,0.19884273409843445,1766522489916
4,0.24194541573524475,1766522490684
4,0.09974861145019531,1766522491526
4,0.07360172271728516,1766522492343
4,0.18541838228702545,1766522493191
4,0.16143187880516052,1766522494004
4,0.12435738742351532,1766522494803
4,0.15148824453353882,1766522495508
4,0.10086601227521896,1766522496355
4,0.03377176821231842,1766522497121
4,0.05189897492527962,1766522497911
4,0.17503656446933746,1766522498775
4,0.14895950257778168,1766522499572
4,0.18149054050445557,1766522500374
4,0.1413155496120453,1766522501181
4,0.04979125037789345,1766522502032
4,0.18961627781391144,1766522502838
4,0.17931920289993286,1766522503591
4,0.12406735122203827,1766522504430
4,0.15935692191123962,1766522505192
4,0.29296284914016724,1766522506026
4,0.2744874060153961,1766522506834
4,0.22759222984313965,1766522507660
4,0.11449451744556427,1766522508528
4,0.2694767117500305,1766522509282
4,0.05409161001443863,1766522510098
4,0.1543651968240738,1766522510807
4,0.051379356533288956,1766522511633
4,0.10868023335933685,1766522512431
4,0.1344182938337326,1766522513230
4,0.16815321147441864,1766522514058
4,0.10048936307430267,1766522514811
4,0.0933617576956749,1766522515680
4,0.10251122713088989,1766522516435
4,0.16267243027687073,1766522517261
4,0.1836494505405426,1766522518000
4,0.47068917751312256,1766522518825
4,0.064376100897789,1766522519638
4,0.1934560239315033,1766522520404
4,0.12761190533638,1766522521256
4,0.22372999787330627,1766522522051
4,0.09464208781719208,1766522522866
4,0.16793394088745117,1766522523572
4,0.08663029968738556,1766522524426
4,0.35787275433540344,1766522525187
4,0.14384165406227112,1766522526018
4,0.08814164996147156,1766522526823
4,0.19463731348514557,1766522527602
4,0.05607485771179199,1766522528405
4,0.07947400957345963,1766522529157
4,0.32889872789382935,1766522529941
4,0.0821135938167572,1766522530830
4,0.2844367027282715,1766522531593
4,0.09885478019714355,1766522532452
4,0.3348517119884491,1766522533209
4,0.08896942436695099,1766522533965
4,0.03757317364215851,1766522534735
4,0.10102106630802155,1766522535534
4,0.15685991942882538,1766522536378
4,0.10096748173236847,1766522537145
4,0.16399437189102173,1766522538055
4,0.30273082852363586,1766522538772
4,0.18822872638702393,1766522539598
4,0.1431981921195984,1766522540318
4,0.3876153528690338,1766522540986
4,0.126276433467865,1766522541827
4,0.13860350847244263,1766522542558
4,0.13894373178482056,1766522543420
4,0.0846358984708786,1766522544132
4,0.09157223999500275,1766522544887
4,0.060266222804784775,1766522545745
4,0.057974956929683685,1766522546434
4,0.18724223971366882,1766522547343
4,0.05362138897180557,1766522548082
4,0.1687958836555481,1766522548878
4,0.11455121636390686,1766522549661
4,0.14032097160816193,1766522550388
4,0.15237805247306824,1766522551269
4,0.2640492916107178,1766522552064
4,0.03545695170760155,1766522552918
4,0.0867677628993988,1766522553672
4,0.03854949772357941,1766522554381
4,0.13291853666305542,1766522555262
4,0.14895497262477875,1766522555990
4,0.058551281690597534,1766522556874
4,0.07264961302280426,1766522557625
4,0.12515458464622498,1766522558514
4,0.2699280083179474,1766522559290
4,0.07123179733753204,1766522560075
4,0.2648324966430664,1766522560912
4,0.22044889628887177,1766522561658
4,0.12809565663337708,1766522562429
4,0.08898255228996277,1766522563169
4,0.11624333262443542,1766522563989
4,0.21935045719146729,1766522564763
4,0.10807371884584427,1766522565533
4,0.1747060865163803,1766522566325
4,0.2980898916721344,1766522567064
4,0.14289206266403198,1766522567908
4,0.1903194934129715,1766522568684
4,0.2540387511253357,1766522569496
4,0.3869161605834961,1766522570258
4,0.13291926681995392,1766522571024
4,0.33165839314460754,1766522571858
4,0.16769197583198547,1766522572571
4,0.2815845310688019,1766522573373
4,0.0700683742761612,1766522574082
4,0.1529834270477295,1766522574872
4,0.14251574873924255,1766522575667
4,0.15045008063316345,1766522576414
4,0.2419908195734024,1766522577255
4,0.11267726123332977,1766522577956
4,0.1952766478061676,1766522578767
4,0.12154588103294373,1766522579499
4,0.16819314658641815,1766522580259
4,0.1808905005455017,1766522581072
4,0.12222575396299362,1766522581850
4,0.18909171223640442,1766522582712
4,0.13619917631149292,1766522583476
4,0.17809955775737762,1766522584282
4,0.16059862077236176,1766522584969
4,0.09125666320323944,1766522585803
4,0.1783972978591919,1766522586668
4,0.2595256268978119,1766522587390
4,0.2693617045879364,1766522588225
4,0.15589216351509094,1766522588939
4,0.136065274477005,1766522589779
4,0.33602267503738403,1766522590651
4,0.14636988937854767,1766522591473
4,0.13204023241996765,1766522592298
4,0.12889552116394043,1766522593039
4,0.1546677052974701,1766522593944
4,0.38416269421577454,1766522594645
4,0.048781804740428925,1766522595451
4,0.07192321866750717,1766522596197
4,0.1003594696521759,1766522596978
4,0.15338176488876343,1766522597871
4,0.226554274559021,1766522598573
4,0.16017009317874908,1766522599399
4,0.12529411911964417,1766522600127
4,0.08742041140794754,1766522600878
4,0.11679987609386444,1766522601713
4,0.10324926674365997,1766522602485
4,0.05490516126155853,1766522603380
4,0.124943308532238,1766522604142
4,0.27666494250297546,1766522604951
4,0.29317325353622437,1766522605749
4,0.12355280667543411,1766522606528
4,0.23977556824684143,1766522607367
4,0.15812484920024872,1766522608081
4,0.17167462408542633,1766522608832
4,0.08229692280292511,1766522609573
4,0.21605797111988068,1766522610358
4,0.060982607305049896,1766522611132
4,0.15796008706092834,1766522611952
4,0.20809996128082275,1766522612735
4,0.06042828410863876,1766522613396
4,0.173311248421669,1766522614255
4,0.16308969259262085,1766522615042
4,0.11485393345355988,1766522615850
4,0.1567307412624359,1766522616698
4,0.16703802347183228,1766522617451
4,0.14619888365268707,1766522618296
4,0.11049109697341919,1766522619061
4,0.18454711139202118,1766522619857
4,0.06615421921014786,1766522620694
4,0.07215595990419388,1766522621441
4,0.13387569785118103,1766522622273
4,0.031554874032735825,1766522623060
4,0.036112986505031586,1766522623873
4,0.021984031423926353,1766522624670
4,0.0673089325428009,1766522625451
4,0.22532980144023895,1766522626158
4,0.023169556632637978,1766522626911
4,0.10371360927820206,1766522627726
4,0.07877419888973236,1766522628520
4,0.012281141243875027,1766522629329
4,0.3278188109397888,1766522630198
4,0.11307096481323242,1766522630971
4,0.06349239498376846,1766522631765
4,0.03467514365911484,1766522632563
4,0.0861404687166214,1766522633348
4,0.2704783082008362,1766522634145
4,0.108699269592762,1766522634979
4,0.02690960094332695,1766522635715
4,0.07820026576519012,1766522636563
4,0.05026334524154663,1766522637309
4,0.07424885034561157,1766522638139
4,0.14251306653022766,1766522638983
4,0.38067418336868286,1766522639756
4,0.2777436375617981,1766522640577
4,0.12608569860458374,1766522641301
4,0.007703156676143408,1766522642139
4,0.05693779140710831,1766522642858
4,0.09848154336214066,1766522643679
4,0.1702275425195694,1766522644481
4,0.18035276234149933,1766522645225
4,0.14935970306396484,1766522646110
4,0.12710446119308472,1766522646887
4,0.21845825016498566,1766522647727
4,0.06575845927000046,1766522648512
4,0.20132985711097717,1766522649403
4,0.15081018209457397,1766522650183
4,0.1200786903500557,1766522650938
4,0.07163485884666443,1766522651732
4,0.10950347781181335,1766522652483
4,0.14763298630714417,1766522653325
4,0.06254665553569794,1766522654090
4,0.1901840716600418,1766522654968
4,0.07332960516214371,1766522655663
4,0.03349634259939194,1766522656454
4,0.09543672949075699,1766522657295
4,0.07854890823364258,1766522657994
4,0.04239586368203163,1766522658853
4,0.05100740119814873,1766522659561
4,0.1633492410182953,1766522660373
4,0.027903156355023384,1766522661189
4,0.21314671635627747,1766522661956
4,0.14095567166805267,1766522662757
4,0.039578668773174286,1766522663503
4,0.1437155157327652,1766522664347
4,0.1224168986082077,1766522665068
4,0.15874850749969482,1766522665836
4,0.07361236959695816,1766522666693
4,0.22811438143253326,1766522667429
4,0.15954595804214478,1766522668301
4,0.061230480670928955,1766522668986
4,0.06778404861688614,1766522669804
4,0.11191661655902863,1766522670589
4,0.0827704519033432,1766522671314
4,0.18576380610466003,1766522672165
4,0.3200664222240448,1766522672918
4,0.19586607813835144,1766522673787
4,0.2935065031051636,1766522674526
4,0.07503367960453033,1766522675311
4,0.05350836366415024,1766522676136
4,0.2426045835018158,1766522676909
4,0.09552673995494843,1766522677783
4,0.18538238108158112,1766522678543
4,0.13574975728988647,1766522679423
4,0.20658837258815765,1766522680118
4,0.21105599403381348,1766522680949
4,0.08743038773536682,1766522681696
4,0.3377692997455597,1766522682482
4,0.013123986311256886,1766522683318
4,0.032486557960510254,1766522684010
4,0.16753020882606506,1766522684800
4,0.07074761390686035,1766522685611
4,0.014187349006533623,1766522686409
4,0.2656964361667633,1766522687299
4,0.24637776613235474,1766522688042
4,0.22036632895469666,1766522689001
4,0.10753215104341507,1766522689705
4,0.06562013924121857,1766522690506
4,0.22495731711387634,1766522691330
4,0.23392939567565918,1766522692024
4,0.19351458549499512,1766522692900
4,0.06355296075344086,1766522693631
4,0.19591550529003143,1766522694540
4,0.1404544711112976,1766522695283
4,0.09951197355985641,1766522696112
4,0.13724066317081451,1766522696937
4,0.18274573981761932,1766522697650
4,0.17571161687374115,1766522698514
4,0.1532324254512787,1766522699272
4,0.12638996541500092,1766522700170
4,0.21886157989501953,1766522700908
4,0.265934020280838,1766522701636
4,0.06253035366535187,1766522702439
4,0.06770729273557663,1766522703144
4,0.019141044467687607,1766522704081
4,0.17410293221473694,1766522704797
4,0.1885516494512558,1766522705579
4,0.21187983453273773,1766522706434
4,0.11157383769750595,1766522707062
4,0.10254707932472229,1766522707973
4,0.025479767471551895,1766522708705
4,0.38646209239959717,1766522709388
4,0.024706345051527023,1766522710251
4,0.16471602022647858,1766522711460
4,0.11263618618249893,1766522712324
4,0.05306170508265495,1766522712955
4,0.1415027678012848,1766522713963
4,0.1320059895515442,1766522714635
4,0.09093786776065826,1766522715471
4,0.04617238789796829,1766522716300
4,0.12706711888313293,1766522717012
4,0.04960114136338234,1766522717950
4,0.056990720331668854,1766522718579
4,0.18251493573188782,1766522719561
4,0.21872079372406006,1766522720200
4,0.02361186221241951,1766522720929
4,0.3082270622253418,1766522721748
4,0.2350884974002838,1766522722431
4,0.16100585460662842,1766522723367
4,0.0025457122828811407,1766522724118
