Loss,Context.TRAINING,None
0,2.310189723968506,1766520106810
0,5.669246673583984,1766520107708
0,6.969730377197266,1766520108388
0,6.310819625854492,1766520109130
0,4.512024879455566,1766520110023
0,3.622225284576416,1766520110701
0,2.516695976257324,1766520111654
0,2.3371076583862305,1766520112399
0,2.3044984340667725,1766520113219
0,2.17693829536438,1766520114080
0,2.1422266960144043,1766520114754
0,2.206937551498413,1766520115641
0,1.9532077312469482,1766520116359
0,1.9980133771896362,1766520117101
0,1.826495885848999,1766520118009
0,1.9429991245269775,1766520118693
0,1.893099069595337,1766520119544
0,1.670020341873169,1766520120317
0,1.7485874891281128,1766520121052
0,1.679598093032837,1766520121961
0,1.7017074823379517,1766520122658
0,1.4009102582931519,1766520123592
0,1.3945343494415283,1766520124349
0,1.4892377853393555,1766520125056
0,1.372800588607788,1766520125992
0,1.3133997917175293,1766520126719
0,1.4371323585510254,1766520127651
0,1.0656588077545166,1766520128404
0,1.0665199756622314,1766520129237
0,0.9143639802932739,1766520130147
0,1.1954947710037231,1766520130935
0,1.096888542175293,1766520131862
0,1.0260894298553467,1766520132565
0,0.9978432655334473,1766520133355
0,0.6606611013412476,1766520134140
0,1.062520980834961,1766520134847
0,0.6780023574829102,1766520135746
0,0.7862735986709595,1766520136410
0,0.6894566416740417,1766520137315
0,0.5948821306228638,1766520138066
0,0.8204176425933838,1766520138827
0,0.6626794934272766,1766520139762
0,0.735032856464386,1766520140482
0,0.47332701086997986,1766520141362
0,0.5298008322715759,1766520142096
0,0.8233469128608704,1766520142843
0,0.44996994733810425,1766520143786
0,0.5801545977592468,1766520144428
0,0.7609052062034607,1766520145378
0,0.5527002811431885,1766520146061
0,0.654125452041626,1766520146746
0,0.3420284688472748,1766520147674
0,0.5546740293502808,1766520148338
0,0.4376434087753296,1766520149287
0,0.6019723415374756,1766520150101
0,0.5449930429458618,1766520150849
0,0.49640733003616333,1766520151797
0,0.43740421533584595,1766520152499
0,0.45469242334365845,1766520153370
0,0.43424293398857117,1766520154064
0,0.4241260588169098,1766520154871
0,0.426727294921875,1766520155748
0,0.40297889709472656,1766520156402
0,0.42152631282806396,1766520157270
0,0.2977633476257324,1766520158056
0,0.44757992029190063,1766520158794
0,0.35831218957901,1766520159735
0,0.2512482702732086,1766520160380
0,0.28807973861694336,1766520161361
0,0.20341625809669495,1766520162115
0,0.3700820505619049,1766520162887
0,0.3440307676792145,1766520163830
0,0.28112369775772095,1766520164462
0,0.34614139795303345,1766520165469
0,0.06592071056365967,1766520166145
0,0.2595614790916443,1766520166885
0,0.3732110261917114,1766520167788
0,0.34563684463500977,1766520168434
0,0.2476329505443573,1766520169317
0,0.359427809715271,1766520170078
0,0.41254422068595886,1766520170755
0,0.43591076135635376,1766520171714
0,0.2929801940917969,1766520172383
0,0.3447056710720062,1766520173247
0,0.23825007677078247,1766520174109
0,0.2910802662372589,1766520174765
0,0.1905428171157837,1766520175719
0,0.1536511778831482,1766520176379
0,0.38550513982772827,1766520177250
0,0.4177843928337097,1766520178154
0,0.2911185920238495,1766520178832
0,0.17172910273075104,1766520179740
0,0.25710171461105347,1766520180423
0,0.1562967598438263,1766520181163
0,0.19352659583091736,1766520182026
0,0.31168997287750244,1766520182679
0,0.3318283259868622,1766520183497
0,0.4837448000907898,1766520184280
0,0.2999032735824585,1766520184958
0,0.2824239134788513,1766520185981
0,0.2787959575653076,1766520186673
0,0.3124396800994873,1766520187486
0,0.14495253562927246,1766520188370
0,0.12010684609413147,1766520189038
0,0.22476442158222198,1766520190037
0,0.13774526119232178,1766520190694
0,0.16426444053649902,1766520191412
0,0.090683214366436,1766520192271
0,0.22470307350158691,1766520192856
0,0.17469912767410278,1766520193759
0,0.12381699681282043,1766520194520
0,0.12411508709192276,1766520195158
0,0.06867999583482742,1766520196218
0,0.3004058599472046,1766520196860
0,0.13386309146881104,1766520197707
0,0.21496142446994781,1766520198489
0,0.11371785402297974,1766520199152
0,0.194418802857399,1766520200159
0,0.33438369631767273,1766520200829
0,0.12180794030427933,1766520201610
0,0.054656993597745895,1766520202496
0,0.26437047123908997,1766520203121
0,0.0984654426574707,1766520204060
0,0.2306656837463379,1766520204804
0,0.22755448520183563,1766520205502
0,0.35567164421081543,1766520206538
0,0.0986846387386322,1766520207148
0,0.24244649708271027,1766520208026
0,0.35784712433815,1766520208772
0,0.2610102593898773,1766520209446
0,0.19849684834480286,1766520210373
0,0.28169071674346924,1766520211059
0,0.23120197653770447,1766520211870
0,0.27733683586120605,1766520212743
0,0.033890724182128906,1766520213420
0,0.27728527784347534,1766520214425
0,0.1493927538394928,1766520215109
0,0.3906533718109131,1766520215928
0,0.2521054744720459,1766520216809
0,0.36927855014801025,1766520217448
0,0.17958611249923706,1766520218383
0,0.09845831990242004,1766520219107
0,0.18022628128528595,1766520219972
0,0.36456647515296936,1766520220806
0,0.0975932776927948,1766520221433
0,0.1475841999053955,1766520222449
0,0.18389590084552765,1766520223130
0,0.28467297554016113,1766520223860
0,0.11955194175243378,1766520224810
0,0.13647298514842987,1766520225433
0,0.21363431215286255,1766520226315
0,0.42636677622795105,1766520227051
0,0.23952817916870117,1766520227688
0,0.09808477759361267,1766520228680
0,0.28049522638320923,1766520229327
0,0.21772129833698273,1766520230079
0,0.5133951902389526,1766520230882
0,0.1338178813457489,1766520231485
0,0.08700902760028839,1766520232342
0,0.1098601371049881,1766520233130
0,0.2353900521993637,1766520233844
0,0.109670490026474,1766520234803
0,0.2136722207069397,1766520235443
0,0.21409185230731964,1766520236276
0,0.15261676907539368,1766520237137
0,0.22526362538337708,1766520237786
0,0.18451130390167236,1766520238808
0,0.1487349271774292,1766520239490
0,0.20444880425930023,1766520240332
0,0.18035003542900085,1766520241205
0,0.19096076488494873,1766520241874
0,0.11482849717140198,1766520242881
0,0.21319712698459625,1766520243542
0,0.21908310055732727,1766520244355
0,0.27233046293258667,1766520245192
0,0.18924857676029205,1766520245837
0,0.06907594203948975,1766520246827
0,0.17464669048786163,1766520247452
0,0.07179049402475357,1766520248152
0,0.13997642695903778,1766520249121
0,0.373938649892807,1766520249747
0,0.10830701142549515,1766520250722
0,0.09130850434303284,1766520251447
0,0.3003321886062622,1766520252153
0,0.39000117778778076,1766520253141
0,0.07006263732910156,1766520253777
0,0.1673433482646942,1766520254664
0,0.11309610307216644,1766520255408
0,0.2583933174610138,1766520256129
0,0.2861086130142212,1766520257106
0,0.06019306182861328,1766520257755
0,0.2549940347671509,1766520258683
0,0.1667347252368927,1766520259509
0,0.06327296793460846,1766520260152
0,0.0692647397518158,1766520261110
0,0.4370613992214203,1766520261758
0,0.2067607045173645,1766520262560
0,0.6022403240203857,1766520263428
0,0.1256258189678192,1766520264127
0,0.2631258964538574,1766520265118
0,0.16258516907691956,1766520265790
0,0.051946744322776794,1766520266587
0,0.29264581203460693,1766520267428
0,0.16413572430610657,1766520268044
0,0.1711934357881546,1766520268937
0,0.2499447762966156,1766520269658
0,0.0704655796289444,1766520270326
0,0.25088393688201904,1766520271282
0,0.13901053369045258,1766520271892
0,0.19291023910045624,1766520272915
0,0.11582361161708832,1766520273636
0,0.2701449394226074,1766520274352
0,0.06952787190675735,1766520275297
0,0.16957829892635345,1766520275957
0,0.1883580982685089,1766520276809
0,0.35714173316955566,1766520277610
0,0.5282983779907227,1766520278237
0,0.13786545395851135,1766520279239
0,0.2569049000740051,1766520279915
0,0.14330656826496124,1766520280649
0,0.22006157040596008,1766520281535
0,0.1821560561656952,1766520282121
0,0.06529312580823898,1766520283001
0,0.024400783702731133,1766520283702
0,0.1977645307779312,1766520284394
0,0.1925656795501709,1766520285325
0,0.4725305140018463,1766520286020
0,0.14053039252758026,1766520286738
0,0.3653334975242615,1766520287631
0,0.13148006796836853,1766520288208
0,0.2927548587322235,1766520289119
0,0.054484397172927856,1766520289810
0,0.2567782402038574,1766520290471
0,0.17379647493362427,1766520291399
0,0.27602508664131165,1766520292070
0,0.29949694871902466,1766520292861
0,0.15198370814323425,1766520293779
0,0.47983452677726746,1766520294451
0,0.24101966619491577,1766520295401
0,0.285993754863739,1766520296060
0,0.11470246315002441,1766520296783
0,0.09198478609323502,1766520297674
0,0.1383478045463562,1766520298319
0,0.2127651870250702,1766520299327
0,0.42861610651016235,1766520300016
0,0.31016895174980164,1766520300748
0,0.447633296251297,1766520301631
0,0.05883099511265755,1766520302295
0,0.2063855230808258,1766520303144
0,0.15514373779296875,1766520303850
0,0.2874011993408203,1766520304430
0,0.3432750701904297,1766520305366
0,0.29285579919815063,1766520306161
0,0.11259974539279938,1766520306841
0,0.2363377809524536,1766520307841
0,0.15898644924163818,1766520308464
0,0.23063889145851135,1766520309271
0,0.15704235434532166,1766520310136
0,0.07090917974710464,1766520310765
0,0.17649635672569275,1766520311693
0,0.10692604631185532,1766520312368
0,0.12271158397197723,1766520313110
0,0.16709783673286438,1766520314074
0,0.10033945739269257,1766520314709
0,0.3542017340660095,1766520315587
0,0.26491260528564453,1766520316343
0,0.22701376676559448,1766520317022
0,0.21023377776145935,1766520317939
0,0.1911739706993103,1766520318626
0,0.15921244025230408,1766520319350
0,0.2043238878250122,1766520320232
0,0.09304846823215485,1766520320910
0,0.23562130331993103,1766520321879
0,0.05702169984579086,1766520322599
0,0.05512341484427452,1766520323390
0,0.21799615025520325,1766520324322
0,0.40988513827323914,1766520324951
0,0.14942896366119385,1766520325931
0,0.43167388439178467,1766520326702
0,0.28495359420776367,1766520327485
0,0.2785138487815857,1766520328435
0,0.11967351287603378,1766520329050
0,0.5136632919311523,1766520329897
0,0.18860220909118652,1766520330687
0,0.2313937395811081,1766520331375
0,0.1066952645778656,1766520332400
0,0.25198960304260254,1766520333026
0,0.19166848063468933,1766520333876
0,0.1074749305844307,1766520334756
0,0.12982293963432312,1766520335495
0,0.183982253074646,1766520336475
0,0.15354733169078827,1766520337093
0,0.14318370819091797,1766520337938
0,0.20283520221710205,1766520338739
0,0.12301026284694672,1766520339428
0,0.3991622030735016,1766520340405
0,0.06179836392402649,1766520341008
0,0.08767445385456085,1766520341675
0,0.25330695509910583,1766520342575
0,0.28697189688682556,1766520343203
0,0.37392231822013855,1766520344051
0,0.34657296538352966,1766520344928
0,0.030277490615844727,1766520345641
0,0.07689303904771805,1766520346567
0,0.14851021766662598,1766520347138
0,0.26270604133605957,1766520347839
0,0.24520277976989746,1766520348767
0,0.20802903175354004,1766520349347
0,0.07322625815868378,1766520350164
0,0.09202922880649567,1766520350880
0,0.1182839572429657,1766520351505
0,0.11404971033334732,1766520352401
0,0.0898793414235115,1766520353043
0,0.18516424298286438,1766520353619
0,0.023129183799028397,1766520354461
0,0.12984485924243927,1766520354987
0,0.23415608704090118,1766520355584
0,0.2920384109020233,1766520356451
0,0.10751217603683472,1766520357040
0,0.09493256360292435,1766520357683
0,0.11339392513036728,1766520358625
0,0.18838340044021606,1766520359286
0,0.15588676929473877,1766520360104
0,0.1426849663257599,1766520360761
0,0.14094936847686768,1766520361409
0,0.2474302500486374,1766520362313
0,0.08637261390686035,1766520362953
0,0.036452751606702805,1766520363702
0,0.09532774239778519,1766520364583
0,0.12756076455116272,1766520365248
0,0.1778746396303177,1766520366235
0,0.19097375869750977,1766520366915
0,0.3616276979446411,1766520367595
0,0.09810200333595276,1766520368588
0,0.13219955563545227,1766520369221
0,0.14470002055168152,1766520370216
0,0.053751297295093536,1766520370943
0,0.39259323477745056,1766520371666
0,0.3901139199733734,1766520372612
0,0.07907252013683319,1766520373268
0,0.0327010378241539,1766520374146
0,0.0945362001657486,1766520374946
0,0.14787599444389343,1766520375614
0,0.27215713262557983,1766520376548
0,0.2722361087799072,1766520377160
0,0.19161231815814972,1766520377927
0,0.08043786883354187,1766520378853
0,0.27377578616142273,1766520379489
0,0.09347279369831085,1766520380509
0,0.20860858261585236,1766520381224
0,0.18314576148986816,1766520381950
0,0.13875064253807068,1766520382920
0,0.19196496903896332,1766520383577
0,0.3047714829444885,1766520384477
0,0.1422215849161148,1766520385284
0,0.1149149239063263,1766520385934
0,0.1282154768705368,1766520386810
0,0.037493132054805756,1766520387475
0,0.19667579233646393,1766520388231
0,0.0560842864215374,1766520389111
0,0.30023497343063354,1766520389731
0,0.1681777834892273,1766520390589
0,0.12598472833633423,1766520391298
0,0.1552121341228485,1766520391938
0,0.19370953738689423,1766520392888
0,0.045798834413290024,1766520393548
0,0.1385304033756256,1766520394245
0,0.13512730598449707,1766520395145
0,0.16956458985805511,1766520395777
0,0.09814395755529404,1766520396748
0,0.07805315405130386,1766520397508
0,0.19931040704250336,1766520398186
0,0.2656756341457367,1766520399175
0,0.049442365765571594,1766520399770
0,0.22784510254859924,1766520400638
0,0.13807284832000732,1766520401507
0,0.1338694989681244,1766520402200
0,0.05314327031373978,1766520403155
0,0.061911944299936295,1766520403840
0,0.10876352339982986,1766520404612
0,0.15250879526138306,1766520405440
0,0.12877100706100464,1766520406053
0,0.2330211102962494,1766520407075
0,0.2688431143760681,1766520407805
0,0.065989188849926,1766520408542
0,0.1624428927898407,1766520409418
0,0.13058678805828094,1766520410018
0,0.3166109323501587,1766520410882
0,0.07497696578502655,1766520411639
0,0.26141053438186646,1766520412286
0,0.17600318789482117,1766520413211
0,0.22900904715061188,1766520413838
0,0.16951441764831543,1766520414577
0,0.07092710584402084,1766520415487
0,0.07541804015636444,1766520416103
0,0.03023761324584484,1766520417082
0,0.06479088962078094,1766520417807
0,0.05689868703484535,1766520418584
0,0.1322997361421585,1766520419506
0,0.33514145016670227,1766520420146
0,0.2757346034049988,1766520421179
0,0.39151835441589355,1766520421888
0,0.13569968938827515,1766520422602
0,0.14451608061790466,1766520423458
0,0.05551964044570923,1766520424102
0,0.13396626710891724,1766520424944
0,0.07176440954208374,1766520425779
0,0.17719194293022156,1766520426486
0,0.1044774204492569,1766520427478
0,0.23601451516151428,1766520428168
0,0.3677739202976227,1766520429035
0,0.2867897152900696,1766520429856
0,0.1155133843421936,1766520430475
0,0.14993268251419067,1766520431461
0,0.16124530136585236,1766520432178
0,0.1179916188120842,1766520432924
0,0.07739243656396866,1766520433802
0,0.019578969106078148,1766520434443
0,0.1782589554786682,1766520435298
0,0.05788395553827286,1766520436052
0,0.13023485243320465,1766520436647
0,0.18850558996200562,1766520437648
0,0.04311978071928024,1766520438375
0,0.23880600929260254,1766520439122
0,0.07584097981452942,1766520440077
0,0.13513360917568207,1766520440714
0,0.07962775975465775,1766520441679
0,0.06658946722745895,1766520442370
0,0.10166554152965546,1766520443095
0,0.15932978689670563,1766520444065
0,0.08021165430545807,1766520444716
0,0.16165611147880554,1766520445704
0,0.1126452162861824,1766520446369
0,0.03398453816771507,1766520447112
0,0.0755317434668541,1766520448107
0,0.09105673432350159,1766520448739
0,0.16128748655319214,1766520449703
0,0.22978928685188293,1766520450408
0,0.16472682356834412,1766520451135
0,0.19832223653793335,1766520452118
0,0.25301796197891235,1766520452769
0,0.16667944192886353,1766520453794
0,0.11400656402111053,1766520454529
0,0.10873335599899292,1766520455371
0,0.2424735724925995,1766520456229
0,0.058059342205524445,1766520456838
0,0.2257581502199173,1766520457847
0,0.1219792291522026,1766520458593
0,0.2133309245109558,1766520459415
0,0.23017658293247223,1766520460257
0,0.18106567859649658,1766520460898
0,0.0996711254119873,1766520461883
0,0.03426487743854523,1766520462574
0,0.12565988302230835,1766520463318
0,0.1811227798461914,1766520464282
0,0.02895417995750904,1766520464919
0,0.21271362900733948,1766520465876
0,0.24855656921863556,1766520466578
0,0.18685382604599,1766520467285
0,0.3178301453590393,1766520468250
0,0.11500558257102966,1766520468856
0,0.22250930964946747,1766520469687
0,0.36804258823394775,1766520470491
0,0.1589551568031311,1766520471146
0,0.1882469207048416,1766520472151
0,0.1563824713230133,1766520472830
0,0.3639644980430603,1766520473653
0,0.1819036304950714,1766520474504
0,0.014201766811311245,1766520475130
0,0.08263043314218521,1766520476093
0,0.12087836861610413,1766520476801
0,0.2384604513645172,1766520477597
0,0.29646167159080505,1766520478440
0,0.43757420778274536,1766520479094
0,0.06344234943389893,1766520480052
0,0.03954334929585457,1766520480734
0,0.13108722865581512,1766520481397
0,0.05626162141561508,1766520482370
0,0.14541323482990265,1766520483002
0,0.23313310742378235,1766520483890
0,0.0580919049680233,1766520484627
0,0.19474942982196808,1766520485287
0,0.08558152616024017,1766520486288
0,0.11391789466142654,1766520486979
0,0.22682663798332214,1766520487751
0,0.15157446265220642,1766520488590
0,0.1784985065460205,1766520489191
0,0.04803312569856644,1766520490124
0,0.2604975700378418,1766520490856
0,0.26296886801719666,1766520491527
0,0.11994846165180206,1766520492577
0,0.20902082324028015,1766520493200
0,0.14275383949279785,1766520494008
0,0.16664044559001923,1766520494839
0,0.11996681243181229,1766520495492
0,0.027572713792324066,1766520496439
0,0.02387562021613121,1766520497188
0,0.04219556972384453,1766520497901
0,0.13922151923179626,1766520498786
0,0.07937176525592804,1766520499392
0,0.07354197651147842,1766520500258
0,0.09030717611312866,1766520501050
0,0.07676544785499573,1766520501756
0,0.06351755559444427,1766520502706
0,0.027363259345293045,1766520503369
0,0.13859893381595612,1766520504223
0,0.05779353529214859,1766520505127
0,0.1450655460357666,1766520505757
0,0.08520308136940002,1766520506725
0,0.009883653372526169,1766520507375
0,0.28941187262535095,1766520508117
0,0.1507490575313568,1766520509062
0,0.02578694000840187,1766520509689
0,0.12018369138240814,1766520510643
0,0.04766705632209778,1766520511372
0,0.22904926538467407,1766520512038
0,0.04746226221323013,1766520512969
0,0.08077666908502579,1766520513598
0,0.30174100399017334,1766520514268
0,0.22880780696868896,1766520515182
0,0.03963099420070648,1766520515798
0,0.09610775113105774,1766520516515
0,0.6274574995040894,1766520517420
0,0.04566429927945137,1766520518079
0,0.07744835317134857,1766520519018
0,0.01825517788529396,1766520519735
0,0.009877912700176239,1766520520438
0,0.18757900595664978,1766520521391
0,0.32973137497901917,1766520522028
0,0.039397016167640686,1766520522847
0,0.13487248122692108,1766520523666
0,0.20109769701957703,1766520524309
0,0.14791172742843628,1766520525231
0,0.08403904736042023,1766520525944
0,0.36450228095054626,1766520526731
0,0.21097595989704132,1766520527610
0,0.0736185684800148,1766520528256
0,0.10983271151781082,1766520529245
0,0.0196666456758976,1766520529929
0,0.08385763317346573,1766520530662
0,0.26897406578063965,1766520531655
0,0.1384090781211853,1766520532268
0,0.07452218234539032,1766520533188
0,0.2753457725048065,1766520533886
0,0.12907284498214722,1766520534625
0,0.22382910549640656,1766520535642
0,0.06573347747325897,1766520536238
0,0.13589444756507874,1766520537160
0,0.05404357984662056,1766520537870
0,0.04303868114948273,1766520538578
0,0.14325909316539764,1766520539542
0,0.08597694337368011,1766520540164
0,0.2304701954126358,1766520540990
0,0.05860503017902374,1766520541831
0,0.13004149496555328,1766520542501
0,0.14395777881145477,1766520543477
0,0.09374970942735672,1766520544127
0,0.2804999351501465,1766520544987
0,0.06072511151432991,1766520545884
0,0.09780874103307724,1766520546656
0,0.11572861671447754,1766520547582
0,0.06176071614027023,1766520548227
0,0.08781943470239639,1766520549071
0,0.07487169653177261,1766520549943
0,0.20318473875522614,1766520550619
0,0.08408850431442261,1766520551602
0,0.0412323959171772,1766520552278
0,0.14275158941745758,1766520553127
0,0.1324952244758606,1766520553996
0,0.07726887613534927,1766520554617
0,0.033666737377643585,1766520555566
0,0.22499743103981018,1766520556234
0,0.030366702005267143,1766520556905
0,0.1722652167081833,1766520557877
0,0.08301489800214767,1766520558519
0,0.05069731920957565,1766520559316
0,0.08724802732467651,1766520560131
0,0.09461051225662231,1766520560726
0,0.25393185019493103,1766520561666
0,0.03389124572277069,1766520562395
0,0.26660287380218506,1766520563084
0,0.08337609469890594,1766520564092
0,0.18931615352630615,1766520564706
0,0.11815985292196274,1766520565568
0,0.058020610362291336,1766520566327
0,0.15943194925785065,1766520567011
0,0.18552064895629883,1766520568008
0,0.14684471487998962,1766520568674
0,0.05059881880879402,1766520569479
0,0.08010027557611465,1766520570316
0,0.1622103452682495,1766520570923
0,0.13108016550540924,1766520571883
0,0.24683967232704163,1766520572567
0,0.2781643569469452,1766520573214
0,0.10726092010736465,1766520574196
0,0.007833675481379032,1766520574796
0,0.05745349079370499,1766520575695
0,0.26372694969177246,1766520576502
0,0.09360768646001816,1766520577210
0,0.36211544275283813,1766520578106
0,0.18097570538520813,1766520578769
0,0.08993963897228241,1766520579510
0,0.2045389711856842,1766520580392
0,0.09605511277914047,1766520580988
0,0.1794823408126831,1766520581849
0,0.31611135601997375,1766520582594
0,0.036127492785453796,1766520583268
0,0.07660756260156631,1766520584204
0,0.24546901881694794,1766520584802
0,0.1353527456521988,1766520585542
0,0.1443343460559845,1766520586416
0,0.12910257279872894,1766520587036
0,0.12627556920051575,1766520587862
0,0.1843055933713913,1766520588610
0,0.18124869465827942,1766520589244
0,0.14549078047275543,1766520590179
0,0.009160647168755531,1766520590863
0,0.15345315635204315,1766520591563
0,0.3644999861717224,1766520592476
0,0.12554389238357544,1766520593072
0,0.07292189449071884,1766520593903
0,0.3090938329696655,1766520594767
0,0.09267637133598328,1766520595416
0,0.308834046125412,1766520596378
0,0.08156025409698486,1766520597011
0,0.10045851767063141,1766520597719
0,0.1326971799135208,1766520598619
0,0.14041845500469208,1766520599247
0,0.2323109358549118,1766520600178
0,0.19697313010692596,1766520600934
0,0.1762130856513977,1766520601692
0,0.14517509937286377,1766520602601
0,0.03855869546532631,1766520603199
0,0.12577541172504425,1766520603895
0,0.02569255419075489,1766520604757
0,0.15568004548549652,1766520605393
0,0.17168159782886505,1766520606448
0,0.189604252576828,1766520607093
0,0.18828825652599335,1766520607828
0,0.1704210489988327,1766520608811
0,0.08454875648021698,1766520609471
0,0.06788793206214905,1766520610413
0,0.08048200607299805,1766520611147
0,0.006431249435991049,1766520611862
0,0.2228969931602478,1766520612855
0,0.07194029539823532,1766520613473
0,0.05414343625307083,1766520614389
0,0.05426672473549843,1766520615148
0,0.036434367299079895,1766520615845
0,0.1610087752342224,1766520616810
0,0.06708397716283798,1766520617482
0,0.035747215151786804,1766520618295
0,0.03641906753182411,1766520619138
0,0.16037380695343018,1766520619813
0,0.0566885843873024,1766520620760
0,0.3091263175010681,1766520621446
0,0.15592660009860992,1766520622141
0,0.11861522495746613,1766520623119
0,0.07494719326496124,1766520623746
0,0.05301903933286667,1766520624665
0,0.23739813268184662,1766520625404
0,0.03330972045660019,1766520626093
0,0.20138974487781525,1766520627054
0,0.03364109992980957,1766520627669
0,0.10349846631288528,1766520628486
0,0.1800849884748459,1766520629292
0,0.1303909569978714,1766520629931
0,0.22147227823734283,1766520631001
0,0.14981228113174438,1766520631662
0,0.30302271246910095,1766520632483
0,0.09700486809015274,1766520633346
0,0.09196455776691437,1766520633951
0,0.15451115369796753,1766520634872
0,0.12569692730903625,1766520635557
0,0.2517382502555847,1766520636261
0,0.012686342000961304,1766520637207
0,0.07964292913675308,1766520637822
0,0.0450010672211647,1766520638517
0,0.027707120403647423,1766520639406
0,0.027050107717514038,1766520640020
0,0.19068306684494019,1766520640971
0,0.39025887846946716,1766520641674
0,0.10882715880870819,1766520642387
0,0.11615069210529327,1766520643303
0,0.22757941484451294,1766520643883
0,0.1250009834766388,1766520644670
0,0.09233725070953369,1766520645508
0,0.14001882076263428,1766520646090
0,0.11890742927789688,1766520647068
0,0.025822162628173828,1766520647751
0,0.08864782750606537,1766520648478
0,0.20137089490890503,1766520649447
0,0.08698287606239319,1766520650040
0,0.11413156241178513,1766520650986
0,0.08829448372125626,1766520651779
0,0.12218715250492096,1766520652506
0,0.026350485160946846,1766520653465
0,0.03352392837405205,1766520654123
0,0.1211736649274826,1766520655026
0,0.022583983838558197,1766520655823
0,0.09249123185873032,1766520656505
0,0.1609973907470703,1766520657455
0,0.09289827942848206,1766520658077
0,0.018264882266521454,1766520658784
0,0.1257062703371048,1766520659755
0,0.006027076859027147,1766520660416
0,0.20661380887031555,1766520661407
0,0.028949463739991188,1766520662114
0,0.042801324278116226,1766520662784
0,0.09639179706573486,1766520663819
0,0.2325258105993271,1766520664449
0,0.015056599862873554,1766520665324
0,0.016315283253788948,1766520666138
0,0.056238021701574326,1766520666780
0,0.08687228709459305,1766520667783
0,0.04155806452035904,1766520668472
0,0.14882642030715942,1766520669286
0,0.07471548020839691,1766520670127
0,0.05302400141954422,1766520670845
0,0.15947076678276062,1766520671812
0,0.05656614154577255,1766520672455
0,0.1489638388156891,1766520673281
0,0.19843119382858276,1766520674220
0,0.06044558063149452,1766520674913
0,0.11015968024730682,1766520675838
0,0.07803992927074432,1766520676535
0,0.010721729137003422,1766520677270
0,0.2080097794532776,1766520678139
0,0.020055023953318596,1766520678809
0,0.03595300391316414,1766520679834
0,0.04643568396568298,1766520680533
0,0.11125007271766663,1766520681290
0,0.02738318219780922,1766520682257
0,0.05393248423933983,1766520682910
0,0.15938974916934967,1766520683891
0,0.26654478907585144,1766520684574
0,0.1822587102651596,1766520685268
0,0.3801771104335785,1766520686251
0,0.08282112330198288,1766520686906
0,0.03245445340871811,1766520687814
0,0.09078952670097351,1766520688626
0,0.14814648032188416,1766520689353
0,0.09047028422355652,1766520690320
0,0.20090627670288086,1766520690977
0,0.09247134625911713,1766520691942
0,0.07783012837171555,1766520692611
0,0.06852877140045166,1766520693345
0,0.1268191933631897,1766520694318
0,0.0461038276553154,1766520695011
0,0.39545053243637085,1766520696030
0,0.034282952547073364,1766520696737
0,0.07596171647310257,1766520697446
0,0.08027837425470352,1766520698381
0,0.07875584065914154,1766520699047
0,0.09531216323375702,1766520699996
0,0.01498816441744566,1766520700794
0,0.19378893077373505,1766520701486
0,0.26457810401916504,1766520702432
0,0.10275797545909882,1766520703063
0,0.07794167101383209,1766520703888
0,0.07346772402524948,1766520704721
0,0.020884744822978973,1766520705383
0,0.12262625992298126,1766520706350
0,0.11897626519203186,1766520707034
0,0.44491297006607056,1766520707826
0,0.0870392918586731,1766520708681
0,0.15657886862754822,1766520709313
0,0.05450731888413429,1766520710279
0,0.09803241491317749,1766520710980
0,0.07268369197845459,1766520711729
0,0.0959547609090805,1766520712707
0,0.06195002794265747,1766520713340
0,0.02168404683470726,1766520714298
0,0.0653931051492691,1766520714987
0,0.28056690096855164,1766520715735
0,0.2895468771457672,1766520716698
0,0.04636882245540619,1766520717374
0,0.0788024291396141,1766520718301
0,0.04679480195045471,1766520719049
0,0.25548744201660156,1766520719797
0,0.216703400015831,1766520720733
0,0.058011315762996674,1766520721354
0,0.12154953926801682,1766520722278
0,0.17859643697738647,1766520723074
0,0.10242042690515518,1766520723729
0,0.05707646161317825,1766520724720
0,0.11228322982788086,1766520725469
0,0.19686874747276306,1766520726317
0,0.23758777976036072,1766520727122
0,0.011040063574910164,1766520727820
0,0.13441778719425201,1766520728843
0,0.15127871930599213,1766520729550
0,0.2559281587600708,1766520730485
0,0.1528397649526596,1766520731267
0,0.045389194041490555,1766520732044
0,0.06436637043952942,1766520732965
0,0.1182514876127243,1766520733573
0,0.09760493785142899,1766520734478
0,0.07621707767248154,1766520735291
0,0.07718291878700256,1766520736080
0,0.09144285321235657,1766520737011
0,0.08974524587392807,1766520738519
0,0.1631726622581482,1766520739294
0,0.1293240785598755,1766520739941
0,0.05697910487651825,1766520740999
0,0.10511849820613861,1766520741595
0,0.18207047879695892,1766520742378
0,0.23964491486549377,1766520743306
0,0.05233342945575714,1766520743959
0,0.06705139577388763,1766520744968
0,0.1461210548877716,1766520745651
0,0.2607323229312897,1766520746320
0,0.4383697807788849,1766520747300
0,0.03990194573998451,1766520747860
0,0.0645713061094284,1766520748730
0,0.3149384558200836,1766520749502
0,0.06382086873054504,1766520750145
0,0.11630205810070038,1766520751133
0,0.10470911860466003,1766520751810
0,0.07941094040870667,1766520752513
0,0.07721395790576935,1766520753433
0,0.1165187656879425,1766520754053
0,0.20780020952224731,1766520754983
0,0.07743639498949051,1766520755649
0,0.007310323417186737,1766520756307
0,0.197135791182518,1766520757194
0,0.09590321779251099,1766520757852
0,0.0746057778596878,1766520758583
0,0.027683593332767487,1766520759502
0,0.1980162262916565,1766520760123
0,0.011525940150022507,1766520761096
0,0.03989039361476898,1766520761775
0,0.14365597069263458,1766520762486
0,0.05261717364192009,1766520763462
0,0.1569182276725769,1766520764093
0,0.04607253149151802,1766520765068
0,0.1350657343864441,1766520765836
0,0.037098657339811325,1766520766524
0,0.09184792637825012,1766520767539
0,0.06846591830253601,1766520768177
0,0.03586191684007645,1766520769128
0,0.09110354632139206,1766520769837
0,0.02021186240017414,1766520770576
0,0.11001142859458923,1766520771537
0,0.12071944028139114,1766520772175
0,0.07388979196548462,1766520773018
0,0.16480877995491028,1766520773777
0,0.09105964004993439,1766520774415
0,0.00781202781945467,1766520775348
0,0.10790874809026718,1766520776007
0,0.34396371245384216,1766520776731
0,0.11687276512384415,1766520777653
0,0.02303631417453289,1766520778230
0,0.07390646636486053,1766520779108
0,0.19642874598503113,1766520779874
0,0.039883047342300415,1766520780524
0,0.04569274187088013,1766520781470
0,0.136930912733078,1766520782086
0,0.11104322224855423,1766520782861
0,0.19416150450706482,1766520783723
0,0.08989952504634857,1766520784306
0,0.034588269889354706,1766520785223
0,0.04130227491259575,1766520786070
0,0.08730050921440125,1766520786700
0,0.09099084883928299,1766520787708
0,0.016999155282974243,1766520788357
0,0.028623368591070175,1766520789216
0,0.13930100202560425,1766520790052
0,0.12085112184286118,1766520790694
0,0.07815637439489365,1766520791686
0,0.05330679938197136,1766520792373
0,0.04097964987158775,1766520793079
0,0.220998615026474,1766520794056
0,0.047630179673433304,1766520794694
0,0.21692857146263123,1766520795695
0,0.13664264976978302,1766520796432
0,0.1742108166217804,1766520797180
0,0.04813804477453232,1766520798145
0,0.016792824491858482,1766520798767
0,0.04107603430747986,1766520799712
0,0.07472307980060577,1766520800470
0,0.040199100971221924,1766520801116
0,0.051063839346170425,1766520802110
0,0.0387762077152729,1766520802809
0,0.19248227775096893,1766520803732
0,0.12668904662132263,1766520804504
0,0.054987307637929916,1766520805156
0,0.10338491201400757,1766520806198
0,0.11960149556398392,1766520806865
0,0.007952839136123657,1766520807668
0,0.34269458055496216,1766520808531
0,0.07407532632350922,1766520809191
0,0.05061039701104164,1766520810139
0,0.1561865508556366,1766520810830
0,0.18510952591896057,1766520811565
0,0.333403080701828,1766520812494
0,0.19120338559150696,1766520813158
0,0.08463077247142792,1766520814055
0,0.07980306446552277,1766520814775
0,0.043576888740062714,1766520815467
0,0.2230866551399231,1766520816466
0,0.058239731937646866,1766520817077
0,0.1418944001197815,1766520818022
0,0.12114094197750092,1766520818815
0,0.009833529591560364,1766520819480
0,0.03670571744441986,1766520820457
0,0.015578733757138252,1766520821068
0,0.005659930408000946,1766520821904
0,0.10230310261249542,1766520822743
0,0.026271408423781395,1766520823480
0,0.16696640849113464,1766520824436
0,0.04654592275619507,1766520825093
0,0.2100621908903122,1766520825902
0,0.07554706931114197,1766520826764
0,0.08769979327917099,1766520827454
0,0.36235159635543823,1766520828349
0,0.06003091484308243,1766520829009
0,0.1454075574874878,1766520829781
0,0.084690161049366,1766520830742
0,0.04182891175150871,1766520831422
0,0.07771293818950653,1766520832346
0,0.07012050598859787,1766520833152
0,0.061229050159454346,1766520833892
0,0.19788981974124908,1766520834873
0,0.10461221635341644,1766520835485
0,0.15776151418685913,1766520836445
0,0.030520634725689888,1766520837166
0,0.027688993141055107,1766520837916
0,0.08878074586391449,1766520838831
0,0.118715301156044,1766520839443
0,0.02651740424335003,1766520840413
0,0.1514412760734558,1766520841224
0,0.05185822397470474,1766520841886
0,0.19827990233898163,1766520842838
0,0.09672626107931137,1766520843484
0,0.04076168313622475,1766520844289
0,0.2969187796115875,1766520845173
0,0.06201668083667755,1766520845807
1,0.013923394493758678,1766520846812
1,0.005367460194975138,1766520847448
1,0.09193561971187592,1766520848095
1,0.09280643612146378,1766520849059
1,0.14768680930137634,1766520849653
1,0.017551932483911514,1766520850532
1,0.10635606199502945,1766520851390
1,0.06952939182519913,1766520852079
1,0.2928895056247711,1766520853034
1,0.09885065257549286,1766520853717
1,0.012260479852557182,1766520854485
1,0.059478916227817535,1766520855356
1,0.013391024433076382,1766520856008
1,0.2117806077003479,1766520856980
1,0.17741607129573822,1766520857730
1,0.012623582035303116,1766520858474
1,0.033049557358026505,1766520859423
1,0.018191654235124588,1766520860031
1,0.05744517967104912,1766520861010
1,0.015029501169919968,1766520861707
1,0.08544325828552246,1766520862431
1,0.09355834871530533,1766520863395
1,0.03199063241481781,1766520864049
1,0.2529698312282562,1766520865018
1,0.05165643244981766,1766520865693
1,0.1496918499469757,1766520866424
1,0.02120986394584179,1766520867402
1,0.004676623269915581,1766520868031
1,0.054166603833436966,1766520868941
1,0.0073067741468548775,1766520869729
1,0.05677018314599991,1766520870451
1,0.27004966139793396,1766520871460
1,0.06890561431646347,1766520872115
1,0.09648595750331879,1766520873075
1,0.13525211811065674,1766520873780
1,0.028558790683746338,1766520874464
1,0.316584050655365,1766520875453
1,0.212558314204216,1766520876068
1,0.17751772701740265,1766520876893
1,0.1473427414894104,1766520877785
1,0.08118467032909393,1766520878434
1,0.09002621471881866,1766520879342
1,0.22055160999298096,1766520879989
1,0.02426115609705448,1766520880768
1,0.02296752855181694,1766520881689
1,0.0491490475833416,1766520882365
1,0.03439273312687874,1766520883308
1,0.0805908590555191,1766520883997
1,0.13241425156593323,1766520884690
1,0.22091832756996155,1766520885645
1,0.11319320648908615,1766520886249
1,0.20383396744728088,1766520887197
1,0.05767456442117691,1766520887942
1,0.11240458488464355,1766520888601
1,0.278380811214447,1766520889570
1,0.059439778327941895,1766520890230
1,0.002924347296357155,1766520891014
1,0.1481368988752365,1766520891857
1,0.1215234324336052,1766520892443
1,0.04191795736551285,1766520893480
1,0.03516741842031479,1766520894212
1,0.06316272914409637,1766520894877
1,0.02027428150177002,1766520895821
1,0.14887499809265137,1766520896484
1,0.015810813754796982,1766520897494
1,0.022050123661756516,1766520898182
1,0.08089718222618103,1766520898864
1,0.08688943833112717,1766520899800
1,0.15012767910957336,1766520900413
1,0.04191620647907257,1766520901301
1,0.2502884864807129,1766520902122
1,0.024660972878336906,1766520902820
1,0.021438857540488243,1766520903773
1,0.01555243693292141,1766520904438
1,0.12385525554418564,1766520905202
1,0.30233630537986755,1766520906165
1,0.007029415108263493,1766520906824
1,0.06774143129587173,1766520907717
1,0.20654945075511932,1766520908379
1,0.024980077520012856,1766520909112
1,0.05982695892453194,1766520910006
1,0.06395907700061798,1766520910607
1,0.009381270967423916,1766520911372
1,0.034042492508888245,1766520912190
1,0.027038410305976868,1766520912812
1,0.04439931362867355,1766520913744
1,0.11763510853052139,1766520914460
1,0.009619093500077724,1766520915180
1,0.18626776337623596,1766520916122
1,0.005989654455333948,1766520916761
1,0.14811623096466064,1766520917719
1,0.052342645823955536,1766520918422
1,0.005690419115126133,1766520919110
1,0.050056181848049164,1766520920064
1,0.06374621391296387,1766520920716
1,0.050538599491119385,1766520921585
1,0.20242427289485931,1766520922392
1,0.009842614643275738,1766520923025
1,0.01054293755441904,1766520924009
1,0.03144622966647148,1766520924715
1,0.13905102014541626,1766520925437
1,0.10400375723838806,1766520926355
1,0.08016099780797958,1766520927007
1,0.11067137867212296,1766520927970
1,0.13954555988311768,1766520928670
1,0.14639568328857422,1766520929306
1,0.052426017820835114,1766520930272
1,0.07243741303682327,1766520930966
1,0.22523728013038635,1766520931747
1,0.05775025486946106,1766520932619
1,0.23334336280822754,1766520933287
1,0.36818766593933105,1766520934247
1,0.12461318075656891,1766520934947
1,0.007133662700653076,1766520935695
1,0.16797244548797607,1766520936600
1,0.01989869773387909,1766520937206
1,0.012521404772996902,1766520938226
1,0.04951539263129234,1766520938930
1,0.012195481918752193,1766520939623
1,0.05905678868293762,1766520940586
1,0.02339283749461174,1766520941207
1,0.013867080211639404,1766520942077
1,0.18094360828399658,1766520942844
1,0.11744259297847748,1766520943457
1,0.059015531092882156,1766520944409
1,0.06359667330980301,1766520945062
1,0.1526564061641693,1766520945766
1,0.0808042362332344,1766520946710
1,0.045628856867551804,1766520947370
1,0.03212474659085274,1766520948393
1,0.047242172062397,1766520949079
1,0.06912826001644135,1766520949775
1,0.015352901071310043,1766520950786
1,0.13901229202747345,1766520951431
1,0.0887010246515274,1766520952366
1,0.03520168364048004,1766520953056
1,0.07968343794345856,1766520953712
1,0.011371130123734474,1766520954610
1,0.1536731719970703,1766520955265
1,0.1487143635749817,1766520956099
1,0.03062869980931282,1766520957004
1,0.19103528559207916,1766520957650
1,0.09570574760437012,1766520958670
1,0.048068732023239136,1766520959336
1,0.1697448194026947,1766520960093
1,0.11036919057369232,1766520961030
1,0.07269424200057983,1766520961731
1,0.08699826896190643,1766520962708
1,0.05299840867519379,1766520963405
1,0.09991943091154099,1766520964222
1,0.05566541478037834,1766520965170
1,0.11466600745916367,1766520965841
1,0.031453222036361694,1766520966849
1,0.08356931060552597,1766520967531
1,0.34519466757774353,1766520968315
1,0.06886444985866547,1766520969279
1,0.05400790646672249,1766520969894
1,0.14152216911315918,1766520970840
1,0.12194061279296875,1766520971543
1,0.28263789415359497,1766520972285
1,0.052858103066682816,1766520973257
1,0.1060446947813034,1766520973895
1,0.06900531053543091,1766520974885
1,0.1261860877275467,1766520975612
1,0.06153130158782005,1766520976371
1,0.09575070440769196,1766520977320
1,0.033568210899829865,1766520977982
1,0.03207011520862579,1766520978996
1,0.08129747956991196,1766520979682
1,0.15754334628582,1766520980406
1,0.00232050777412951,1766520981371
1,0.030367739498615265,1766520982021
1,0.0494527593255043,1766520982916
1,0.009487811475992203,1766520983651
1,0.0332009419798851,1766520984295
1,0.04484439641237259,1766520985249
1,0.3224974274635315,1766520985938
1,0.026564961299300194,1766520986641
1,0.11736765503883362,1766520987569
1,0.05199601873755455,1766520988163
1,0.06730043888092041,1766520989158
1,0.011151050217449665,1766520989856
1,0.055265817791223526,1766520990570
1,0.08278109133243561,1766520991511
1,0.15244951844215393,1766520992108
1,0.21733540296554565,1766520993009
1,0.1498846709728241,1766520993777
1,0.20149536430835724,1766520994488
1,0.02660171315073967,1766520995488
1,0.17713722586631775,1766520996125
1,0.035125911235809326,1766520997050
1,0.07168538868427277,1766520997861
1,0.16872535645961761,1766520998553
1,0.046622514724731445,1766520999517
1,0.1181941106915474,1766521000168
1,0.17922812700271606,1766521001024
1,0.11955200135707855,1766521001840
1,0.13423718512058258,1766521002468
1,0.08838935196399689,1766521003441
1,0.3511451482772827,1766521004125
1,0.5330448746681213,1766521004914
1,0.009742313995957375,1766521005798
1,0.06957817077636719,1766521006452
1,0.07168357074260712,1766521007342
1,0.005647551268339157,1766521008063
1,0.014230087399482727,1766521008764
1,0.05572430044412613,1766521009781
1,0.01173870824277401,1766521010380
1,0.08152814954519272,1766521011275
1,0.13921938836574554,1766521012066
1,0.15570853650569916,1766521012840
1,0.13172371685504913,1766521013790
1,0.05776999518275261,1766521014440
1,0.08953352272510529,1766521015366
1,0.07190927118062973,1766521016107
1,0.06555510312318802,1766521016795
1,0.05199316143989563,1766521017754
1,0.2552585005760193,1766521018393
1,0.08148438483476639,1766521019160
1,0.27232682704925537,1766521020007
1,0.050723847001791,1766521020624
1,0.03322761505842209,1766521021593
1,0.03658754751086235,1766521022286
1,0.01858624257147312,1766521022998
1,0.09605830907821655,1766521023997
1,0.04769129306077957,1766521024649
1,0.08642250299453735,1766521025522
1,0.06691068410873413,1766521026300
1,0.26003798842430115,1766521026961
1,0.11885125935077667,1766521027867
1,0.08400257676839828,1766521028476
1,0.11666476726531982,1766521029258
1,0.19763432443141937,1766521030068
1,0.24390681087970734,1766521030644
1,0.106414794921875,1766521031508
1,0.07844475656747818,1766521032244
1,0.030559193342924118,1766521032942
1,0.024250449612736702,1766521033854
1,0.027201887220144272,1766521034555
1,0.10568967461585999,1766521035431
1,0.10457305610179901,1766521036263
1,0.08152804523706436,1766521036911
1,0.0931466743350029,1766521037836
1,0.10738284885883331,1766521038506
1,0.014405148103833199,1766521039372
1,0.09778709709644318,1766521040214
1,0.035403937101364136,1766521040836
1,0.0979958027601242,1766521041863
1,0.01824313960969448,1766521042514
1,0.030164575204253197,1766521043267
1,0.054539624601602554,1766521044142
1,0.06884726881980896,1766521044793
1,0.26824378967285156,1766521045711
1,0.015121333301067352,1766521046372
1,0.03664824366569519,1766521047128
1,0.0575629323720932,1766521048078
1,0.04964190348982811,1766521048690
1,0.08255013078451157,1766521049522
1,0.08340945839881897,1766521050273
1,0.017743965610861778,1766521050895
1,0.039383769035339355,1766521051766
1,0.09341683238744736,1766521052489
1,0.005674575921148062,1766521053167
1,0.08881557732820511,1766521054103
1,0.021960755810141563,1766521054741
1,0.04893798753619194,1766521055623
1,0.09756790846586227,1766521056410
1,0.23578879237174988,1766521057118
1,0.05478136986494064,1766521058115
1,0.08454764634370804,1766521058749
1,0.25571194291114807,1766521059538
1,0.07226799428462982,1766521060386
1,0.12745463848114014,1766521060977
1,0.040225036442279816,1766521062007
1,0.08457893878221512,1766521062680
1,0.05512372404336929,1766521063347
1,0.12889477610588074,1766521064313
1,0.07828296720981598,1766521064919
1,0.22131147980690002,1766521065730
1,0.1078052967786789,1766521066496
1,0.043877094984054565,1766521067166
1,0.14940467476844788,1766521068092
1,0.0020616729743778706,1766521068742
1,0.011655121110379696,1766521069440
1,0.15697763860225677,1766521070374
1,0.02260747179389,1766521070975
1,0.1567516326904297,1766521071856
1,0.06982135027647018,1766521072627
1,0.05509192869067192,1766521073195
1,0.03235737234354019,1766521074171
1,0.15174677968025208,1766521074844
1,0.13594645261764526,1766521075547
1,0.06462833285331726,1766521076534
1,0.03173179551959038,1766521077200
1,0.09130271524190903,1766521078206
1,0.3578965961933136,1766521078896
1,0.021121248602867126,1766521079602
1,0.039670974016189575,1766521080573
1,0.030435115098953247,1766521081213
1,0.22144253551959991,1766521082239
1,0.11889283359050751,1766521082962
1,0.2802191972732544,1766521083699
1,0.01100212149322033,1766521084591
1,0.059841498732566833,1766521085208
1,0.1532113254070282,1766521086142
1,0.02503388002514839,1766521086883
1,0.12633967399597168,1766521087543
1,0.023462532088160515,1766521088593
1,0.015570958144962788,1766521089278
1,0.11532585322856903,1766521090222
1,0.02267121523618698,1766521091003
1,0.12234589457511902,1766521091701
1,0.045481689274311066,1766521092671
1,0.15730202198028564,1766521093285
1,0.0757773146033287,1766521094156
1,0.048303283751010895,1766521094991
1,0.008540228009223938,1766521095630
1,0.019832702353596687,1766521096567
1,0.1235470101237297,1766521097231
1,0.011999458074569702,1766521097933
1,0.24556362628936768,1766521098815
1,0.11433807015419006,1766521099439
1,0.0065078348852694035,1766521100331
1,0.06492111831903458,1766521101115
1,0.11716151237487793,1766521101845
1,0.057876043021678925,1766521102805
1,0.13988935947418213,1766521103440
1,0.10040222108364105,1766521104292
1,0.014118591323494911,1766521105138
1,0.127909317612648,1766521105834
1,0.05511626601219177,1766521106829
1,0.11799967288970947,1766521107481
1,0.11514381319284439,1766521108199
1,0.015212954953312874,1766521109183
1,0.07882170379161835,1766521109843
1,0.29754406213760376,1766521110861
1,0.058492328971624374,1766521111520
1,0.0207389947026968,1766521112219
1,0.04455118998885155,1766521113185
1,0.03938031569123268,1766521113858
1,0.04273134842514992,1766521114845
1,0.04991499334573746,1766521115561
1,0.2915310859680176,1766521116249
1,0.023102369159460068,1766521117174
1,0.1832447052001953,1766521117817
1,0.04366360977292061,1766521118624
1,0.06459631770849228,1766521119515
1,0.02085581049323082,1766521120204
1,0.00430173147469759,1766521121152
1,0.10520213842391968,1766521121834
1,0.1445474773645401,1766521122648
1,0.05916621536016464,1766521123504
1,0.2523958683013916,1766521124172
1,0.03597410023212433,1766521125216
1,0.01839255727827549,1766521125870
1,0.5361596941947937,1766521126653
1,0.02003082074224949,1766521127532
1,0.030535327270627022,1766521128221
1,0.1645699292421341,1766521129156
1,0.0438244491815567,1766521129849
1,0.04984947293996811,1766521130509
1,0.020101189613342285,1766521131505
1,0.05584031343460083,1766521132150
1,0.01019967906177044,1766521133108
1,0.0011467161821201444,1766521133795
1,0.02971404790878296,1766521134642
1,0.07596023380756378,1766521135497
1,0.05764344707131386,1766521136107
1,0.016282958909869194,1766521137060
1,0.013653690926730633,1766521137750
1,0.14724498987197876,1766521138469
1,0.07219310849905014,1766521139465
1,0.03536146879196167,1766521140107
1,0.013728569261729717,1766521141125
1,0.11376632750034332,1766521141867
1,0.17664110660552979,1766521142517
1,0.0662565752863884,1766521143505
1,0.033541981130838394,1766521144147
1,0.11220914870500565,1766521145101
1,0.01849178411066532,1766521145907
1,0.002953038550913334,1766521146669
1,0.19630208611488342,1766521147562
1,0.32871106266975403,1766521148243
1,0.05802656337618828,1766521149180
1,0.14144061505794525,1766521149926
1,0.08213991671800613,1766521150598
1,0.15078561007976532,1766521151531
1,0.08716224133968353,1766521152217
1,0.15228423476219177,1766521153027
1,0.019032660871744156,1766521153834
1,0.01768217794597149,1766521154491
1,0.1792311668395996,1766521155381
1,0.023010972887277603,1766521156095
1,0.13819293677806854,1766521156816
1,0.1742502748966217,1766521157785
1,0.04640444368124008,1766521158375
1,0.12937581539154053,1766521159211
1,0.08507420122623444,1766521160012
1,0.19586367905139923,1766521160618
1,0.04003866761922836,1766521161589
1,0.1916331946849823,1766521162320
1,0.18261069059371948,1766521163003
1,0.05881001800298691,1766521163956
1,0.030416660010814667,1766521164634
1,0.03283552825450897,1766521165524
1,0.17233453691005707,1766521166310
1,0.10893629491329193,1766521167030
1,0.04015784710645676,1766521168031
1,0.04869111254811287,1766521168676
1,0.0312676765024662,1766521169512
1,0.017143890261650085,1766521170325
1,0.03750910609960556,1766521171023
1,0.15175893902778625,1766521172028
1,0.09354624152183533,1766521172713
1,0.06584785878658295,1766521173640
1,0.006849217228591442,1766521174432
1,0.1274198293685913,1766521175157
1,0.042942654341459274,1766521176183
1,0.013790596276521683,1766521176823
1,0.002541358582675457,1766521177699
1,0.10976018011569977,1766521178501
1,0.09037060290575027,1766521179194
1,0.11477045714855194,1766521180238
1,0.0037600742653012276,1766521180875
1,0.17093060910701752,1766521181754
1,0.1980936974287033,1766521182573
1,0.01772632822394371,1766521183280
1,0.05426425114274025,1766521184244
1,0.009624296799302101,1766521184897
1,0.0742291733622551,1766521185732
1,0.46178704500198364,1766521186636
1,0.014817915856838226,1766521187329
1,0.013584645465016365,1766521188351
1,0.1295255571603775,1766521188978
1,0.037881772965192795,1766521189760
1,0.08984030783176422,1766521190684
1,0.18229293823242188,1766521191331
1,0.014257579110562801,1766521192304
1,0.09351466596126556,1766521193011
1,0.15979674458503723,1766521193756
1,0.03350690007209778,1766521194646
1,0.05960370600223541,1766521195316
1,0.05013052374124527,1766521196357
1,0.08299554884433746,1766521197049
1,0.03598671779036522,1766521197858
1,0.13490743935108185,1766521198753
1,0.13125967979431152,1766521199426
1,0.10000161826610565,1766521200408
1,0.06714103370904922,1766521201025
1,0.257416695356369,1766521201751
1,0.010388805530965328,1766521202694
1,0.08354306221008301,1766521203311
1,0.05748298764228821,1766521204292
1,0.08624445647001266,1766521205067
1,0.16705146431922913,1766521205786
1,0.06777335703372955,1766521206780
1,0.026600074023008347,1766521207404
1,0.17686611413955688,1766521208323
1,0.18784457445144653,1766521209058
1,0.01922013983130455,1766521209699
1,0.11427871882915497,1766521210639
1,0.025094442069530487,1766521211302
1,0.006709153298288584,1766521212061
1,0.21243280172348022,1766521212934
1,0.0707416906952858,1766521213589
1,0.032055795192718506,1766521214519
1,0.07327444106340408,1766521215218
1,0.014159614220261574,1766521215889
1,0.011386179365217686,1766521216804
1,0.11089389026165009,1766521217415
1,0.13138017058372498,1766521218309
1,0.029249712824821472,1766521219066
1,0.028160611167550087,1766521219716
1,0.13254132866859436,1766521220696
1,0.05119697377085686,1766521221354
1,0.025232911109924316,1766521222209
1,0.0671081617474556,1766521223086
1,0.04053356498479843,1766521223786
1,0.11365075409412384,1766521224810
1,0.007302301470190287,1766521225471
1,0.1120608001947403,1766521226389
1,0.135270357131958,1766521227239
1,0.0029485782142728567,1766521227935
1,0.091642826795578,1766521228932
1,0.13590426743030548,1766521229560
1,0.05211970955133438,1766521230324
1,0.13367851078510284,1766521231198
1,0.13726702332496643,1766521231844
1,0.026295576244592667,1766521232844
1,0.12172514200210571,1766521233533
1,0.2219628095626831,1766521234272
1,0.13162095844745636,1766521235211
1,0.023340847343206406,1766521235918
1,0.047170162200927734,1766521236907
1,0.16111454367637634,1766521237602
1,0.09273965656757355,1766521238398
1,0.13143648207187653,1766521239252
1,0.018677186220884323,1766521239905
1,0.04228316992521286,1766521240867
1,0.15537868440151215,1766521241552
1,0.17495054006576538,1766521242364
1,0.059481389820575714,1766521243222
1,0.2783159911632538,1766521243876
1,0.22057616710662842,1766521244829
1,0.18183530867099762,1766521245526
1,0.1058676540851593,1766521246285
1,0.07741191238164902,1766521247110
1,0.034530527889728546,1766521247778
1,0.156626358628273,1766521248718
1,0.07776737213134766,1766521249492
1,0.15905512869358063,1766521250161
1,0.0039038253016769886,1766521251030
1,0.06113962084054947,1766521251671
1,0.027235504239797592,1766521252550
1,0.0667591243982315,1766521253417
1,0.02448546513915062,1766521254103
1,0.15733006596565247,1766521255065
1,0.008210401050746441,1766521255746
1,0.04751347750425339,1766521256599
1,0.006386874243617058,1766521257436
1,0.06549101322889328,1766521258027
1,0.01495582889765501,1766521258930
1,0.012781580910086632,1766521259591
1,0.16287735104560852,1766521260363
1,0.1666916310787201,1766521261260
1,0.16574731469154358,1766521261910
1,0.01749241352081299,1766521262866
1,0.06936537474393845,1766521263582
1,0.003972876351326704,1766521264373
1,0.13162103295326233,1766521265307
1,0.13285617530345917,1766521265986
1,0.020688939839601517,1766521266986
1,0.15870703756809235,1766521267684
1,0.00429934449493885,1766521268514
1,0.10486937314271927,1766521269376
1,0.08766564726829529,1766521269992
1,0.02128058485686779,1766521270965
1,0.12950272858142853,1766521271646
1,0.07035195082426071,1766521272444
1,0.08375604450702667,1766521273396
1,0.14493483304977417,1766521274100
1,0.07395534217357635,1766521275059
1,0.003140863962471485,1766521275743
1,0.0264296755194664,1766521276505
1,0.04421885311603546,1766521277412
1,0.01600390113890171,1766521278033
1,0.17946921288967133,1766521278920
1,0.06920738518238068,1766521279638
1,0.01506699901074171,1766521280265
1,0.030584929510951042,1766521281235
1,0.0033669795375317335,1766521281865
1,0.18878893554210663,1766521282644
1,0.1305481493473053,1766521283526
1,0.08568602800369263,1766521284230
1,0.1845807582139969,1766521285218
1,0.01840614527463913,1766521285863
1,0.21094480156898499,1766521286601
1,0.03641754016280174,1766521287588
1,0.08508765697479248,1766521288241
1,0.03195318579673767,1766521289271
1,0.15224328637123108,1766521289956
1,0.06842274963855743,1766521290743
1,0.035975564271211624,1766521291667
1,0.07541313767433167,1766521292283
1,0.07099802792072296,1766521293168
1,0.13470548391342163,1766521293843
1,0.033481791615486145,1766521294494
1,0.13073691725730896,1766521295503
1,0.21748265624046326,1766521296182
1,0.2126885950565338,1766521297039
1,0.0395132452249527,1766521297863
1,0.0492345467209816,1766521298514
1,0.01529756747186184,1766521299506
1,0.08193451166152954,1766521300227
1,0.05026343837380409,1766521300974
1,0.010419320315122604,1766521301876
1,0.09722900390625,1766521302547
1,0.07890652865171432,1766521303560
1,0.1217464730143547,1766521304231
1,0.13725465536117554,1766521304931
1,0.055411677807569504,1766521305889
1,0.07909566909074783,1766521306490
1,0.16014425456523895,1766521307392
1,0.06712795794010162,1766521308157
1,0.19810983538627625,1766521308835
1,0.178413987159729,1766521309773
1,0.12957978248596191,1766521310444
1,0.040868259966373444,1766521311260
1,0.04737815633416176,1766521312166
1,0.1638578176498413,1766521312789
1,0.17519979178905487,1766521313753
1,0.007891088724136353,1766521314427
1,0.06838482618331909,1766521315146
1,0.05462903529405594,1766521316095
1,0.1295849233865738,1766521316735
1,0.20631632208824158,1766521317623
1,0.10953374207019806,1766521318443
1,0.04078692942857742,1766521319162
1,0.0014868512516841292,1766521320099
1,0.08068104833364487,1766521320791
1,0.03536403179168701,1766521321651
1,0.02853616699576378,1766521322496
1,0.07613610476255417,1766521323128
1,0.06912548840045929,1766521324027
1,0.029719291254878044,1766521324741
1,0.03321598842740059,1766521325444
1,0.008397010155022144,1766521326454
1,0.08768432587385178,1766521327092
1,0.013724030926823616,1766521328056
1,0.025008413940668106,1766521328745
1,0.007567329332232475,1766521329452
1,0.0589052177965641,1766521330401
1,0.028441788628697395,1766521331053
1,0.020856648683547974,1766521332002
1,0.04152022302150726,1766521332764
1,0.03309163451194763,1766521333481
1,0.0444844551384449,1766521334493
1,0.01504078134894371,1766521335164
1,0.08893024176359177,1766521336022
1,0.03649985045194626,1766521336787
1,0.04470500349998474,1766521337459
1,0.005815132055431604,1766521338402
1,0.01782096177339554,1766521339038
1,0.042895276099443436,1766521339730
1,0.08509428799152374,1766521340647
1,0.04216814041137695,1766521341267
1,0.0004698543925769627,1766521342290
1,0.1112247109413147,1766521343011
1,0.020218290388584137,1766521343784
1,0.06947430223226547,1766521344745
1,0.10630837082862854,1766521345403
1,0.06447233259677887,1766521346388
1,0.04593430459499359,1766521347089
1,0.10058718919754028,1766521347906
1,0.005195519886910915,1766521348848
1,0.002961192512884736,1766521349475
1,0.290283739566803,1766521350446
1,0.06213736534118652,1766521351149
1,0.04197009280323982,1766521351981
1,0.009924447163939476,1766521352914
1,0.04929908365011215,1766521353572
1,0.04756013676524162,1766521354598
1,0.03383447229862213,1766521355270
1,0.047425366938114166,1766521356103
1,0.008546893484890461,1766521356972
1,0.022267360240221024,1766521357605
1,0.10812735557556152,1766521358546
1,0.004997976124286652,1766521359212
1,0.09587497264146805,1766521359945
1,0.006629953160881996,1766521360840
1,0.10255710780620575,1766521361505
1,0.07782775908708572,1766521362381
1,0.019853264093399048,1766521363197
1,0.29383379220962524,1766521363848
1,0.02568017691373825,1766521364847
1,0.002615393605083227,1766521365519
1,0.23396241664886475,1766521366448
1,0.06572279334068298,1766521367219
1,0.27890267968177795,1766521367846
1,0.05074918270111084,1766521368829
1,0.08104091137647629,1766521369479
1,0.08673170208930969,1766521370197
1,0.027466092258691788,1766521371159
1,0.11110543459653854,1766521371741
1,0.2680222690105438,1766521372603
1,0.25280922651290894,1766521373389
1,0.16915826499462128,1766521374105
1,0.20967409014701843,1766521375089
1,0.45111697912216187,1766521375752
1,0.05623554438352585,1766521376582
1,0.043237149715423584,1766521377468
1,0.009761485271155834,1766521378146
1,0.09508642554283142,1766521379130
1,0.054848767817020416,1766521379825
1,0.0717107355594635,1766521380615
1,0.13446900248527527,1766521381454
1,0.09792213886976242,1766521382116
1,0.08665823936462402,1766521383115
1,0.08281625807285309,1766521383830
1,0.039960458874702454,1766521384472
1,0.10027092695236206,1766521385459
1,0.11532603204250336,1766521386122
1,0.04711470752954483,1766521386986
1,0.02672334760427475,1766521387696
1,0.043868690729141235,1766521388348
1,0.03369465842843056,1766521389289
1,0.23776018619537354,1766521389974
1,0.09161634743213654,1766521390809
1,0.0058974213898181915,1766521391685
1,0.1005438044667244,1766521392344
1,0.18181052803993225,1766521393257
1,0.12669464945793152,1766521393956
1,0.0676642581820488,1766521394688
1,0.0944947898387909,1766521395664
1,0.05810479074716568,1766521396310
1,0.1351603865623474,1766521397337
1,0.09738258272409439,1766521398044
1,0.147140234708786,1766521398801
1,0.1038351058959961,1766521399708
1,0.07558134198188782,1766521400362
1,0.07762148231267929,1766521401270
1,0.07278548926115036,1766521401999
1,0.20292586088180542,1766521402761
1,0.0284326933324337,1766521403748
1,0.13572049140930176,1766521404370
1,0.05108553543686867,1766521405306
1,0.010667175054550171,1766521406028
1,0.17964647710323334,1766521406671
1,0.1208745688199997,1766521407608
1,0.04184452444314957,1766521408238
1,0.019481461495161057,1766521409047
1,0.06360337883234024,1766521409940
1,0.13243001699447632,1766521410558
1,0.32312315702438354,1766521411519
1,0.08641493320465088,1766521412218
1,0.013847649097442627,1766521412961
1,0.005934231448918581,1766521413839
1,0.06773074716329575,1766521414514
1,0.05662462115287781,1766521415503
1,0.39386966824531555,1766521416258
1,0.10507861524820328,1766521416948
1,0.013262301683425903,1766521417876
1,0.16940701007843018,1766521418537
1,0.1043265163898468,1766521419452
1,0.01386220846325159,1766521420217
1,0.1228661984205246,1766521420908
1,0.038854680955410004,1766521421905
1,0.017116526141762733,1766521422567
1,0.12668374180793762,1766521423555
1,0.06882217526435852,1766521424260
1,0.008819995447993279,1766521424960
1,0.054011020809412,1766521425946
1,0.2284255176782608,1766521426560
1,0.051549047231674194,1766521427415
1,0.058786287903785706,1766521428220
1,0.10865098983049393,1766521428843
1,0.03868206962943077,1766521429800
1,0.009203627705574036,1766521430456
1,0.05814959853887558,1766521431088
1,0.06008853763341904,1766521432090
1,0.10184517502784729,1766521432710
1,0.06153247877955437,1766521433544
1,0.14742682874202728,1766521434388
1,0.2091999351978302,1766521435030
1,0.07954397797584534,1766521436024
1,0.07562023401260376,1766521436722
1,0.04482162743806839,1766521437533
1,0.10171134769916534,1766521438471
1,0.040064748376607895,1766521439116
1,0.02690182253718376,1766521440185
1,0.066506028175354,1766521440863
1,0.023828499019145966,1766521441668
1,0.013712797313928604,1766521442558
1,0.029788415879011154,1766521443159
1,0.017856311053037643,1766521444137
1,0.008544566109776497,1766521444862
1,0.33596569299697876,1766521445551
1,0.15280653536319733,1766521446538
1,0.13303032517433167,1766521447145
1,0.029631156474351883,1766521447965
1,0.07533913850784302,1766521448834
1,0.1818850338459015,1766521449487
1,0.00441933237016201,1766521450431
1,0.008101426996290684,1766521451106
1,0.19119927287101746,1766521451924
1,0.0027978585567325354,1766521452846
1,0.06303352862596512,1766521453481
1,0.036819349974393845,1766521454455
1,0.0048172310926020145,1766521455162
1,0.14765410125255585,1766521455890
1,0.05605996027588844,1766521456810
1,0.05041282996535301,1766521457472
1,0.040038373321294785,1766521458413
1,0.0065627191215753555,1766521459134
1,0.08130913227796555,1766521459835
1,0.04486720263957977,1766521460825
1,0.03280293196439743,1766521461487
1,0.039002157747745514,1766521462300
1,0.14135012030601501,1766521463096
1,0.11006894707679749,1766521463726
1,0.019051633775234222,1766521464669
1,0.008754667825996876,1766521465330
1,0.21895813941955566,1766521466024
1,0.1039036214351654,1766521466964
1,0.027682814747095108,1766521467533
1,0.021982988342642784,1766521468282
1,0.19279839098453522,1766521469184
1,0.031691137701272964,1766521469883
1,0.00920158252120018,1766521470849
1,0.051627498120069504,1766521471531
1,0.15007947385311127,1766521472265
1,0.07914991676807404,1766521473188
1,0.008106295019388199,1766521473772
1,0.07480005919933319,1766521474752
1,0.08847589790821075,1766521475435
1,0.10811568796634674,1766521476159
1,0.33697909116744995,1766521477034
1,0.23618292808532715,1766521477651
1,0.16658824682235718,1766521478468
1,0.07051839679479599,1766521479377
1,0.03476246818900108,1766521480027
1,0.10930462926626205,1766521480997
1,0.07717245817184448,1766521481703
1,0.024108463898301125,1766521482484
1,0.0707378163933754,1766521483416
1,0.2613857090473175,1766521484057
1,0.08732184767723083,1766521485011
1,0.0562032088637352,1766521485727
1,0.13655152916908264,1766521486439
1,0.061532653868198395,1766521487415
1,0.1942487210035324,1766521488010
1,0.18125295639038086,1766521488901
1,0.03996126353740692,1766521489717
1,0.03734640032052994,1766521490456
1,0.055983997881412506,1766521491425
1,0.009187928400933743,1766521492062
1,0.03597557917237282,1766521492991
1,0.1015152633190155,1766521493781
1,0.03760781139135361,1766521494479
1,0.05677620694041252,1766521495416
1,0.022025857120752335,1766521496068
1,0.03625956550240517,1766521496907
1,0.03737621381878853,1766521497776
1,0.028437934815883636,1766521498450
1,0.09150626510381699,1766521499396
1,0.0032923519611358643,1766521500034
1,0.23470062017440796,1766521500839
1,0.020743634551763535,1766521501658
1,0.11838693171739578,1766521502250
1,0.08708611875772476,1766521503251
1,0.12064497172832489,1766521503957
1,0.03724733367562294,1766521504602
1,0.004131739027798176,1766521505602
1,0.009282071143388748,1766521506297
1,0.006442886311560869,1766521507097
1,0.21173906326293945,1766521507895
1,0.09483306109905243,1766521508657
1,0.05023811757564545,1766521509581
1,0.05309288203716278,1766521510266
1,0.13094466924667358,1766521511039
1,0.10645505040884018,1766521511903
1,0.07424294203519821,1766521512576
1,0.1564600020647049,1766521513470
1,0.2140558511018753,1766521514243
1,0.19558987021446228,1766521515067
1,0.08158509433269501,1766521515986
1,0.019809763878583908,1766521516636
1,0.107772096991539,1766521517637
1,0.20772016048431396,1766521518286
1,0.029888885095715523,1766521518950
1,0.03113936074078083,1766521519943
1,0.1628238409757614,1766521520567
1,0.07086353749036789,1766521521412
1,0.08180519938468933,1766521522261
1,0.23313170671463013,1766521522927
1,0.025239061564207077,1766521523938
1,0.07707950472831726,1766521524627
1,0.08498523384332657,1766521525543
1,0.20904378592967987,1766521526336
1,0.09641440212726593,1766521526976
1,0.011022957973182201,1766521527934
1,0.005109987687319517,1766521528617
1,0.04274904355406761,1766521529427
1,0.008354808203876019,1766521530314
1,0.05681706219911575,1766521530975
1,0.0033303452655673027,1766521531989
1,0.26443302631378174,1766521532682
1,0.019165445119142532,1766521533478
1,0.1738828718662262,1766521534333
1,0.09987877309322357,1766521534959
1,0.06830568611621857,1766521535866
1,0.08358766883611679,1766521536609
1,0.03545023128390312,1766521537261
1,0.11460348963737488,1766521538271
1,0.05710761621594429,1766521538903
1,0.04751477390527725,1766521539813
1,0.05409511923789978,1766521540601
1,0.10253264755010605,1766521541244
1,0.07270964235067368,1766521542220
1,0.015686076134443283,1766521542860
1,0.04762369766831398,1766521543599
1,0.05827192962169647,1766521544561
1,0.003458179999142885,1766521545193
1,0.11465972661972046,1766521546180
1,0.01574617624282837,1766521546873
1,0.003213112708181143,1766521547662
1,0.01654632017016411,1766521548639
1,0.1229616180062294,1766521549270
1,0.019268875941634178,1766521550275
1,0.038807205855846405,1766521550941
1,0.024673454463481903,1766521551637
1,0.03479117527604103,1766521552606
1,0.02990233711898327,1766521553243
1,0.008774273097515106,1766521554284
1,0.08459874242544174,1766521554950
1,0.006152519956231117,1766521555704
1,0.010713513009250164,1766521556620
1,0.002085450803861022,1766521557254
1,0.20677465200424194,1766521558279
1,0.1822245568037033,1766521559029
1,0.11319120228290558,1766521559762
1,0.01061254646629095,1766521560674
1,0.0874316394329071,1766521561291
1,0.014877161011099815,1766521562133
1,0.030383508652448654,1766521562889
1,0.08790774643421173,1766521563580
1,0.008234678767621517,1766521564565
1,0.008871844038367271,1766521565230
1,0.09305550158023834,1766521566201
1,0.09556319564580917,1766521566940
1,0.20285624265670776,1766521567666
1,0.11402185261249542,1766521568648
1,0.27364811301231384,1766521569253
1,0.04718194901943207,1766521570176
1,0.04435979574918747,1766521570942
1,0.11746019870042801,1766521571573
1,0.11912510544061661,1766521572536
1,0.07049604505300522,1766521573190
1,0.026286626234650612,1766521573959
1,0.03547076880931854,1766521574840
1,0.08325470238924026,1766521575510
1,0.1151781678199768,1766521576533
1,0.07906638085842133,1766521577214
1,0.11170689016580582,1766521577902
1,0.09638366103172302,1766521578836
1,0.11649641394615173,1766521579491
1,0.12150761485099792,1766521580405
1,0.050063684582710266,1766521581264
1,0.07188278436660767,1766521582011
1,0.02642117440700531,1766521583002
1,0.04054851457476616,1766521583622
1,0.08257004618644714,1766521584532
1,0.014390776865184307,1766521585320
1,0.08369025588035583,1766521585995
1,0.06155358999967575,1766521586971
1,0.04851573333144188,1766521587671
1,0.004651343449950218,1766521588545
1,0.20590195059776306,1766521589381
2,0.03480835258960724,1766521590037
2,0.030521951615810394,1766521591026
2,0.04615837335586548,1766521591692
2,0.048252981156110764,1766521592512
2,0.1127273365855217,1766521593284
2,0.006949479226022959,1766521593861
2,0.12734688818454742,1766521594783
2,0.06833013147115707,1766521595487
2,0.06962738931179047,1766521596180
2,0.13775195181369781,1766521597109
2,0.19312798976898193,1766521597706
2,0.22276754677295685,1766521598496
2,0.02571767382323742,1766521599402
2,0.04397769272327423,1766521600103
2,0.056181203573942184,1766521601100
2,0.04212799668312073,1766521601753
2,0.07000149041414261,1766521602483
2,0.05983777344226837,1766521603298
2,0.11024533212184906,1766521603929
2,0.23839348554611206,1766521604911
2,0.006349914241582155,1766521605575
2,0.0008792674634605646,1766521606301
2,0.01206755917519331,1766521607261
2,0.08132953196763992,1766521607895
2,0.010198138654232025,1766521608654
2,0.012887903489172459,1766521609478
2,0.12221705168485641,1766521610150
2,0.06995903700590134,1766521611101
2,0.006113583222031593,1766521611767
2,0.031409796327352524,1766521612473
2,0.05957826226949692,1766521613419
2,0.022038983181118965,1766521614020
2,0.07825693488121033,1766521614962
2,0.0236178208142519,1766521615658
2,0.03892512246966362,1766521616353
2,0.0034311234485358,1766521617339
2,0.04582497477531433,1766521617978
2,0.04395653307437897,1766521618868
2,0.04923360422253609,1766521619635
2,0.02137019671499729,1766521620300
2,0.005288614891469479,1766521621252
2,0.12588031589984894,1766521621955
2,0.021351158618927002,1766521622693
2,0.048778049647808075,1766521623642
2,0.004902626853436232,1766521624292
2,0.0048025320284068584,1766521625233
2,0.10250911861658096,1766521625987
2,0.007547908462584019,1766521626741
2,0.06002424657344818,1766521627714
2,0.09346067160367966,1766521628359
2,0.040793873369693756,1766521629332
2,0.2547515332698822,1766521630032
2,0.022749369964003563,1766521630820
2,0.036134716123342514,1766521631756
2,0.14632222056388855,1766521632402
2,0.13307838141918182,1766521633371
2,0.25311726331710815,1766521634037
2,0.01645914651453495,1766521634737
2,0.012137099169194698,1766521635728
2,0.04468509554862976,1766521636365
2,0.07383739948272705,1766521637350
2,0.13516226410865784,1766521638085
2,0.02981363795697689,1766521638821
2,0.0075638326816260815,1766521639783
2,0.07485458254814148,1766521640455
2,0.004037516191601753,1766521641451
2,0.12500408291816711,1766521642180
2,0.059895023703575134,1766521642885
2,0.10211822390556335,1766521643855
2,0.08332525938749313,1766521644497
2,0.14143505692481995,1766521645365
2,0.006382249295711517,1766521646199
2,0.021838925778865814,1766521646820
2,0.01787528023123741,1766521647745
2,0.0027553346008062363,1766521648386
2,0.077088363468647,1766521649140
2,0.5876145958900452,1766521650008
2,0.06178086996078491,1766521650667
2,0.047612182796001434,1766521651654
2,0.16274958848953247,1766521652321
2,0.02900659292936325,1766521653039
2,0.07743809372186661,1766521654006
2,0.23697331547737122,1766521654689
2,0.08092399686574936,1766521655619
2,0.05024106800556183,1766521656315
2,0.01804080791771412,1766521657044
2,0.022073209285736084,1766521657929
2,0.1430298537015915,1766521658552
2,0.01815277710556984,1766521659481
2,0.1050751581788063,1766521660240
2,0.10610970854759216,1766521660986
2,0.004957410506904125,1766521661980
2,0.2200825810432434,1766521662625
2,0.33465519547462463,1766521663540
2,0.05387425050139427,1766521664302
2,0.13472291827201843,1766521665030
2,0.06718496978282928,1766521666037
2,0.037442632019519806,1766521666656
2,0.12223252654075623,1766521667544
2,0.12549889087677002,1766521668384
2,0.009418939240276814,1766521669036
2,0.007945511490106583,1766521670037
2,0.10064633190631866,1766521670692
2,0.006449639797210693,1766521671536
2,0.04859728366136551,1766521672362
2,0.022552674636244774,1766521673045
2,0.15349118411540985,1766521673990
2,0.005376317538321018,1766521674602
2,0.08448372781276703,1766521675623
2,0.05515674129128456,1766521676375
2,0.024700108915567398,1766521676977
2,0.20992255210876465,1766521677946
2,0.031577177345752716,1766521678624
2,0.008354060351848602,1766521679306
2,0.013027925975620747,1766521680288
2,0.08758760988712311,1766521680921
2,0.005421793088316917,1766521681884
2,0.023803245276212692,1766521682598
2,0.025164894759655,1766521683339
2,0.01836218684911728,1766521684254
2,0.0327712818980217,1766521684874
2,0.025205299258232117,1766521685765
2,0.009997114539146423,1766521686641
2,0.0005632680840790272,1766521687329
2,0.10238400846719742,1766521688290
2,0.08726358413696289,1766521688849
2,0.025738682597875595,1766521689486
2,0.015899550169706345,1766521690405
2,0.07810797542333603,1766521690996
2,0.02908923663198948,1766521691814
2,0.09505662322044373,1766521692624
2,0.0996711328625679,1766521693260
2,0.061513155698776245,1766521694155
2,0.00856438186019659,1766521694818
2,0.002522821305319667,1766521695655
2,0.04886842519044876,1766521696476
2,0.05051363632082939,1766521697094
2,0.004870808683335781,1766521698103
2,0.008799999952316284,1766521698750
2,0.1541999727487564,1766521699470
2,0.024684494361281395,1766521700402
2,0.028324296697974205,1766521701029
2,0.02470213733613491,1766521702004
2,0.02393883280456066,1766521702760
2,0.09713438898324966,1766521703499
2,0.16752609610557556,1766521704477
2,0.054384831339120865,1766521705116
2,0.001595057314261794,1766521706125
2,0.19235734641551971,1766521706881
2,0.006189026404172182,1766521707618
2,0.09523357450962067,1766521708567
2,0.0066139367409050465,1766521709210
2,0.050767622888088226,1766521710100
2,0.04714536294341087,1766521710901
2,0.032899826765060425,1766521711593
2,0.07145294547080994,1766521712528
2,0.012494643218815327,1766521713184
2,0.03720974177122116,1766521714044
2,0.10629140585660934,1766521714857
2,0.12182220071554184,1766521715547
2,0.06549067050218582,1766521716536
2,0.01632462814450264,1766521717172
2,0.2160806506872177,1766521718042
2,0.012775410898029804,1766521718880
2,0.02129117213189602,1766521719546
2,0.043886031955480576,1766521720525
2,0.028337959200143814,1766521721213
2,0.014415967278182507,1766521721978
2,0.005031002219766378,1766521722745
2,0.11762122064828873,1766521723354
2,0.09684699773788452,1766521724326
2,0.023499611765146255,1766521725044
2,0.16308240592479706,1766521725744
2,0.03662917762994766,1766521726736
2,0.0423438735306263,1766521727385
2,0.09090373665094376,1766521728342
2,0.04037756472826004,1766521729110
2,0.06254297494888306,1766521729771
2,0.0950162336230278,1766521730677
2,0.025354912504553795,1766521731373
2,0.0496964193880558,1766521732229
2,0.02595060132443905,1766521733023
2,0.03174475207924843,1766521733674
2,0.059194739907979965,1766521734664
2,0.011015242896974087,1766521735291
2,0.0014883533585816622,1766521736115
2,0.2160801738500595,1766521737029
2,0.01501745916903019,1766521737670
2,0.012792197987437248,1766521738610
2,0.03018830344080925,1766521739266
2,0.06591673195362091,1766521740003
2,0.009260579012334347,1766521740883
2,0.008840305730700493,1766521741445
2,0.01890469528734684,1766521742217
2,0.01803785189986229,1766521743050
2,0.01823301985859871,1766521743655
2,0.08309004455804825,1766521744658
2,0.0009374911314807832,1766521745316
2,0.014393080957233906,1766521746128
2,0.33661413192749023,1766521747049
2,0.03934850916266441,1766521747678
2,0.002203292679041624,1766521748592
2,0.04151761159300804,1766521749331
2,0.0566503070294857,1766521749969
2,0.0128098139539361,1766521750961
2,0.324820876121521,1766521751675
2,0.022906053811311722,1766521752534
2,0.10465434193611145,1766521753378
2,0.034829750657081604,1766521754097
2,0.00724090076982975,1766521755098
2,0.0036620802711695433,1766521755779
2,0.05032193660736084,1766521756585
2,0.021010149270296097,1766521757397
2,0.10191109031438828,1766521757996
2,0.028037214651703835,1766521758953
2,0.10923989862203598,1766521759671
2,0.11713884025812149,1766521760361
2,0.12021613866090775,1766521761350
2,0.06488100439310074,1766521762004
2,0.04915197566151619,1766521763019
2,0.017310289666056633,1766521763695
2,0.04274360090494156,1766521764395
2,0.13962748646736145,1766521765291
2,0.06566174328327179,1766521765880
2,0.04620303213596344,1766521766651
2,0.025819949805736542,1766521767456
2,0.01525954157114029,1766521768070
2,0.015195365995168686,1766521769064
2,0.039743196219205856,1766521769764
2,0.029141273349523544,1766521770420
2,0.0886564552783966,1766521771399
2,0.06673189997673035,1766521772070
2,0.003984914161264896,1766521772853
2,0.01066636759787798,1766521773710
2,0.004349857568740845,1766521774391
2,0.06774181127548218,1766521775410
2,0.22221356630325317,1766521776061
2,0.055315107107162476,1766521776867
2,0.0352267250418663,1766521777764
2,0.05714787542819977,1766521778437
2,0.049606747925281525,1766521779416
2,0.026223743334412575,1766521780093
2,0.004882577806711197,1766521780806
2,0.05286729708313942,1766521781755
2,0.005372241139411926,1766521782365
2,0.03744972124695778,1766521783280
2,0.02695859968662262,1766521784065
2,0.0071378736756742,1766521784727
2,0.006077362224459648,1766521785666
2,0.12320105731487274,1766521786363
2,0.009450046345591545,1766521787132
2,0.003530010348185897,1766521787974
2,0.11888869851827621,1766521788627
2,0.030754484236240387,1766521789657
2,0.12395260483026505,1766521790340
2,0.07439957559108734,1766521791108
2,0.03792942315340042,1766521791979
2,0.09999871253967285,1766521792590
2,0.08006329834461212,1766521793528
2,0.04485723003745079,1766521794192
2,0.08312613517045975,1766521794854
2,0.03585007041692734,1766521795816
2,0.04559308663010597,1766521796426
2,0.07172461599111557,1766521797227
2,0.008692266419529915,1766521798043
2,0.05579521507024765,1766521798682
2,0.000534147722646594,1766521799723
2,0.3163653612136841,1766521800431
2,0.08420362323522568,1766521801194
2,0.1019388735294342,1766521802112
2,0.07542922347784042,1766521802716
2,0.011599548161029816,1766521803687
2,0.005097600631415844,1766521804362
2,0.02465318888425827,1766521805080
2,0.4106995463371277,1766521806092
2,0.037044137716293335,1766521806726
2,0.14721152186393738,1766521807698
2,0.0023375777527689934,1766521808429
2,0.0040130154229700565,1766521809151
2,0.15139850974082947,1766521810119
2,0.03778612241148949,1766521810776
2,0.07497072964906693,1766521811587
2,0.16783080995082855,1766521812412
2,0.08292156457901001,1766521813093
2,0.008458130061626434,1766521814093
2,0.008197354152798653,1766521814732
2,0.27301836013793945,1766521815463
2,0.07189656049013138,1766521816317
2,0.042225275188684464,1766521817044
2,0.06477753818035126,1766521818009
2,0.023748094215989113,1766521818655
2,0.07331134378910065,1766521819662
2,0.04964229092001915,1766521820401
2,0.1050388440489769,1766521821207
2,0.03774365782737732,1766521822104
2,0.019996218383312225,1766521822808
2,0.020147712901234627,1766521823791
2,0.07817643135786057,1766521824478
2,0.006092480383813381,1766521825338
2,0.047714218497276306,1766521826161
2,0.18498629331588745,1766521826931
2,0.03687247261404991,1766521827891
2,0.04656301438808441,1766521828629
2,0.04426930844783783,1766521829531
2,0.14291812479496002,1766521830323
2,0.14219491183757782,1766521831200
2,0.009898088872432709,1766521832041
2,0.010140908882021904,1766521832816
2,0.013142945244908333,1766521833746
2,0.019075356423854828,1766521834456
2,0.050608184188604355,1766521835383
2,0.10789206624031067,1766521836139
2,0.013572296127676964,1766521837007
2,0.04851960018277168,1766521837877
2,0.0014033842599019408,1766521838626
2,0.02690841816365719,1766521839484
2,0.017943592742085457,1766521840219
2,0.03943941742181778,1766521841124
2,0.003032459644600749,1766521841864
2,0.012021830305457115,1766521842797
2,0.04864012449979782,1766521843642
2,0.030846068635582924,1766521844488
2,0.03615081310272217,1766521845374
2,0.004509616177529097,1766521846053
2,0.22255024313926697,1766521846994
2,0.03592634201049805,1766521847754
2,0.06473725289106369,1766521848567
2,0.03726663812994957,1766521849447
2,0.024033889174461365,1766521850107
2,0.12007539719343185,1766521850980
2,0.0010078179184347391,1766521851658
2,0.0047370814718306065,1766521852474
2,0.019261814653873444,1766521853348
2,0.001406462979502976,1766521854063
2,0.05298009142279625,1766521855011
2,0.047055818140506744,1766521855703
2,0.10078956931829453,1766521856563
2,0.0016471430426463485,1766521857426
2,0.1252083033323288,1766521858123
2,0.0020179455168545246,1766521859055
2,0.019981026649475098,1766521859786
2,0.06106869876384735,1766521860683
2,0.13063457608222961,1766521861492
2,0.08786410838365555,1766521862366
2,0.12235667556524277,1766521863206
2,0.08568538725376129,1766521863932
2,0.06427966058254242,1766521864871
2,0.035393569618463516,1766521865587
2,0.10050245374441147,1766521866582
2,0.03659112751483917,1766521867345
2,0.007808580528944731,1766521868187
2,0.05342964828014374,1766521869036
2,0.12020159512758255,1766521869723
2,0.07678517699241638,1766521870683
2,0.09703323245048523,1766521871324
2,0.07672109454870224,1766521872215
2,0.20393280684947968,1766521873045
2,0.0026431961450725794,1766521873840
2,0.16043707728385925,1766521874724
2,0.001732131582684815,1766521875432
2,0.031046856194734573,1766521876302
2,0.0763329267501831,1766521877087
2,0.10297779738903046,1766521877951
2,0.01597036048769951,1766521878734
2,0.22502560913562775,1766521879517
2,0.012187076732516289,1766521880388
2,0.0037080510519444942,1766521881107
2,0.09196662157773972,1766521881976
2,0.08000755310058594,1766521882760
2,0.0871480256319046,1766521883535
2,0.030159063637256622,1766521884346
2,0.09120357036590576,1766521885113
2,0.11967974901199341,1766521886010
2,0.01895696297287941,1766521886800
2,0.020631343126296997,1766521887700
2,0.14843441545963287,1766521888514
2,0.012505288235843182,1766521889369
2,0.1449684500694275,1766521890260
2,0.007872525602579117,1766521891048
2,0.06737525761127472,1766521891855
2,0.09862373024225235,1766521892552
2,0.010685781948268414,1766521893444
2,0.00558170210570097,1766521894191
2,0.07924339175224304,1766521895022
2,0.060210760682821274,1766521895885
2,0.00934604275971651,1766521896596
2,0.0351884663105011,1766521897507
2,0.04730973020195961,1766521898289
2,0.11483422666788101,1766521899175
2,0.003720828564837575,1766521899997
2,0.02404499612748623,1766521900838
2,0.0512470006942749,1766521901730
2,0.19287516176700592,1766521902576
2,0.2459685504436493,1766521903456
2,0.08391576260328293,1766521904299
2,0.026751825585961342,1766521905193
2,0.047768138349056244,1766521905969
2,0.18547727167606354,1766521906789
2,0.023300111293792725,1766521907619
2,0.031010843813419342,1766521908386
2,0.06442055851221085,1766521909276
2,0.008504593744874,1766521910039
2,0.00026728014927357435,1766521910864
2,0.1564558744430542,1766521911721
2,0.06756473332643509,1766521912666
2,0.05614689737558365,1766521913426
2,0.11951667070388794,1766521914234
2,0.00868610106408596,1766521915086
2,0.0184134840965271,1766521915903
2,0.043001458048820496,1766521916770
2,0.024290557950735092,1766521917568
2,0.05269668623805046,1766521918402
2,0.11493974924087524,1766521919250
2,0.025190092623233795,1766521920129
2,0.30447009205818176,1766521920959
2,0.048413511365652084,1766521921710
2,0.01635761931538582,1766521922545
2,0.04787185788154602,1766521923298
2,0.1891103982925415,1766521924110
2,0.022714555263519287,1766521924922
2,0.1170293316245079,1766521925769
2,0.05041344091296196,1766521926613
2,0.017926976084709167,1766521927380
2,0.015077079646289349,1766521928147
2,0.02622789330780506,1766521929047
2,0.0008454686612822115,1766521929911
2,0.034716956317424774,1766521930802
2,0.15346641838550568,1766521931688
2,0.008693777024745941,1766521932482
2,0.04238324239850044,1766521933347
2,0.0027699724305421114,1766521934089
2,0.020967084914445877,1766521935048
2,0.04128539562225342,1766521935791
2,0.0014880041126161814,1766521936655
2,0.02760232985019684,1766521937487
2,0.0613335520029068,1766521938273
2,0.05470294877886772,1766521939173
2,0.1371399164199829,1766521939832
2,0.00804782472550869,1766521940775
2,0.03712303936481476,1766521941502
2,0.022361980751156807,1766521942351
2,0.03354436531662941,1766521943212
2,0.00018172874115407467,1766521943869
2,0.22632059454917908,1766521944799
2,0.0541832260787487,1766521945496
2,0.11795660853385925,1766521946406
2,0.10901340842247009,1766521947250
2,0.3304261565208435,1766521947916
2,0.0040489365346729755,1766521948834
2,0.008650192059576511,1766521949492
2,0.43073570728302,1766521950348
2,0.002383560175076127,1766521951148
2,0.07426463067531586,1766521951856
2,0.029058728367090225,1766521952836
2,0.05602817237377167,1766521953488
2,0.30993014574050903,1766521954260
2,0.23598513007164001,1766521955180
2,0.14744603633880615,1766521955872
2,0.13069716095924377,1766521956861
2,0.24727846682071686,1766521957550
2,0.028859393671154976,1766521958431
2,0.05458241328597069,1766521959208
2,0.043637990951538086,1766521959867
2,0.0829273983836174,1766521960847
2,0.10659609735012054,1766521961555
2,0.215620756149292,1766521962364
2,0.06361883878707886,1766521963242
2,0.1191912293434143,1766521963885
2,0.07680089771747589,1766521964906
2,0.05134711414575577,1766521965606
2,0.09536150097846985,1766521966373
2,0.06681407988071442,1766521967299
2,0.06051962450146675,1766521967949
2,0.0033125984482467175,1766521968907
2,0.029464922845363617,1766521969601
2,0.01898530311882496,1766521970313
2,0.0036376877687871456,1766521971311
2,0.0802522748708725,1766521971991
2,0.08373437821865082,1766521972954
2,0.0641145259141922,1766521973616
2,0.05515700578689575,1766521974332
2,0.09082981944084167,1766521975317
2,0.11433866620063782,1766521975965
2,0.10815703123807907,1766521976989
2,0.013307858258485794,1766521977645
2,0.05003076046705246,1766521978317
2,0.004168191459029913,1766521979190
2,0.07380208373069763,1766521979810
2,0.02911553904414177,1766521980464
2,0.11921746283769608,1766521981416
2,0.04925988242030144,1766521982072
2,0.003152849618345499,1766521983050
2,0.03863418102264404,1766521983771
2,0.11513593047857285,1766521984402
2,0.07425631582736969,1766521985239
2,0.14359745383262634,1766521985910
2,0.17332258820533752,1766521986714
2,0.0239655002951622,1766521987531
2,0.261643648147583,1766521988209
2,0.004282508045434952,1766521989207
2,0.13958176970481873,1766521989896
2,0.007573625072836876,1766521990616
2,0.01037999615073204,1766521991535
2,0.07420005649328232,1766521992158
2,0.013467740267515182,1766521993157
2,0.11904268711805344,1766521993827
2,0.03688320890069008,1766521994508
2,0.10339158773422241,1766521995493
2,0.07396623492240906,1766521996145
2,0.00687266793102026,1766521997003
2,0.009674075059592724,1766521997835
2,0.0453534796833992,1766521998606
2,0.007936527952551842,1766521999571
2,0.03880041465163231,1766522000236
2,0.142991840839386,1766522001038
2,0.07482254505157471,1766522001903
2,0.017768817022442818,1766522002550
2,0.3107650578022003,1766522003494
2,0.16068783402442932,1766522004094
2,0.03995794057846069,1766522004776
2,0.16214177012443542,1766522005721
2,0.09281576424837112,1766522006319
2,0.0012147891102358699,1766522007178
2,0.07121725380420685,1766522007920
2,0.05576062202453613,1766522008571
2,0.03570781648159027,1766522009528
2,0.007707592099905014,1766522010157
2,0.1277523934841156,1766522010890
2,0.019719989970326424,1766522011777
2,0.02570915035903454,1766522012423
2,0.02366509661078453,1766522013348
2,0.332887202501297,1766522014135
2,0.1250625103712082,1766522014918
2,0.05900204926729202,1766522015828
2,0.012664351612329483,1766522016484
2,0.08720963448286057,1766522017367
2,0.012173959985375404,1766522018116
2,0.03421369940042496,1766522018799
2,0.04412652924656868,1766522019735
2,0.058273568749427795,1766522020399
2,0.03433026000857353,1766522021236
2,0.13627678155899048,1766522022082
2,0.15845763683319092,1766522022750
2,0.025418274104595184,1766522023684
2,0.1919214427471161,1766522024359
2,0.0035668150521814823,1766522025195
2,0.16159258782863617,1766522026063
2,0.27408367395401,1766522026709
2,0.06393802165985107,1766522027676
2,0.00344073842279613,1766522028357
2,0.09743209183216095,1766522029056
2,0.02871863916516304,1766522030011
2,0.03042672947049141,1766522030620
2,0.0736662745475769,1766522031470
2,0.19345566630363464,1766522032282
2,0.2907029688358307,1766522032889
2,0.006378632504492998,1766522033855
2,0.05021502822637558,1766522034514
2,0.15490223467350006,1766522035375
2,0.020633969455957413,1766522036277
2,0.09898066520690918,1766522036922
2,0.16634267568588257,1766522037867
2,0.030110303312540054,1766522038523
2,0.023538680747151375,1766522039199
2,0.049904536455869675,1766522040177
2,0.049718163907527924,1766522040839
2,0.0073839593678712845,1766522041773
2,0.039892278611660004,1766522042592
2,0.16028620302677155,1766522043314
2,0.061169400811195374,1766522044201
2,0.05225657299160957,1766522044878
2,0.07423572242259979,1766522045779
2,0.16938713192939758,1766522046582
2,0.04838469624519348,1766522047191
2,0.013124573975801468,1766522048142
2,0.0038699477445334196,1766522048827
2,0.10774901509284973,1766522049562
2,0.0028077976312488317,1766522050522
2,0.07874051481485367,1766522051151
2,0.10452219098806381,1766522052118
2,0.16041940450668335,1766522052810
2,0.020648019388318062,1766522053567
2,0.05183969438076019,1766522054528
2,0.0868949443101883,1766522055137
2,0.02855868451297283,1766522055978
2,0.03410814702510834,1766522056799
2,0.0360378697514534,1766522057507
2,0.05552666261792183,1766522058453
2,0.044548869132995605,1766522059123
2,0.01124311238527298,1766522059990
2,0.06888741999864578,1766522060852
2,0.04179386794567108,1766522061494
2,0.18058621883392334,1766522062408
2,0.07954587042331696,1766522063046
2,0.005360097158700228,1766522063821
2,0.00974566861987114,1766522064746
2,0.026814717799425125,1766522065434
2,0.009785931557416916,1766522066399
2,0.08904772996902466,1766522067059
2,0.19601814448833466,1766522067809
2,0.05792277678847313,1766522068772
2,0.18680459260940552,1766522069525
2,0.001327200559899211,1766522070505
2,0.0555533692240715,1766522071168
2,0.006766985636204481,1766522071940
2,0.07919470965862274,1766522072853
2,0.006564012728631496,1766522073513
2,0.019986432045698166,1766522074527
2,0.04865306615829468,1766522075178
2,0.003422672627493739,1766522075885
2,0.12201717495918274,1766522076823
2,0.3557133078575134,1766522077408
2,0.0035279765725135803,1766522078224
2,0.005010982509702444,1766522079020
2,0.004892023280262947,1766522079667
2,0.10005360841751099,1766522080640
2,0.09493695199489594,1766522081289
2,0.13625937700271606,1766522082060
2,0.0005937084788456559,1766522082987
2,0.12234897911548615,1766522083635
2,0.025050701573491096,1766522084595
2,0.0921366885304451,1766522085332
2,0.05747998505830765,1766522086050
2,0.11512474715709686,1766522087015
2,0.010999663732945919,1766522087680
2,0.09595596045255661,1766522088589
2,0.10592392086982727,1766522089336
2,0.029327088966965675,1766522090010
2,0.022232111543416977,1766522090978
2,0.020248036831617355,1766522091639
2,0.04726152494549751,1766522092511
2,0.10327903926372528,1766522093356
2,0.14784835278987885,1766522094014
2,0.09309008717536926,1766522094995
2,0.06653693318367004,1766522095687
2,0.031430453062057495,1766522096482
2,0.06974832713603973,1766522097386
2,0.050402771681547165,1766522098059
2,0.10073913633823395,1766522099023
2,0.020392199978232384,1766522099657
2,0.024917157366871834,1766522100411
2,0.051259301602840424,1766522101291
2,0.07756944745779037,1766522101972
2,0.08604851365089417,1766522102979
2,0.002455247100442648,1766522103703
2,0.06024790182709694,1766522104415
2,0.013535503298044205,1766522105334
2,0.07803905755281448,1766522105969
2,0.006008625961840153,1766522106864
2,0.05400768667459488,1766522107675
2,0.034742556512355804,1766522108359
2,0.01647067256271839,1766522109282
2,0.017590884119272232,1766522109874
2,0.027642767876386642,1766522110684
2,0.01889508031308651,1766522111628
2,0.13067953288555145,1766522112320
2,0.0269006434828043,1766522113321
2,0.008488612249493599,1766522114006
2,0.0028213225305080414,1766522114902
2,0.07228928804397583,1766522115677
2,0.10085973888635635,1766522116388
2,0.08180835098028183,1766522117381
2,0.010079325176775455,1766522118012
2,0.08317498862743378,1766522118916
2,0.02794387936592102,1766522119745
2,0.02527468465268612,1766522120393
2,0.021535459905862808,1766522121348
2,0.02385447546839714,1766522121955
2,0.05721822381019592,1766522122634
2,0.08454462885856628,1766522123586
2,0.05556386709213257,1766522124189
2,0.008464278653264046,1766522125075
2,0.048685040324926376,1766522125847
2,0.012821605429053307,1766522126531
2,0.004936701618134975,1766522127545
2,0.030908845365047455,1766522128172
2,0.007080253213644028,1766522128935
2,0.0018998016603291035,1766522129862
2,0.032607123255729675,1766522130501
2,0.007559292949736118,1766522131529
2,0.028050869703292847,1766522132175
2,0.023848211392760277,1766522133008
2,0.005110727623105049,1766522133871
2,0.08014540374279022,1766522134553
2,0.04650581628084183,1766522135552
2,0.027279315516352654,1766522136239
2,0.01594502478837967,1766522137141
2,0.01531350426375866,1766522137879
2,0.04895751550793648,1766522138483
2,0.02787613496184349,1766522139369
2,0.00655243918299675,1766522140088
2,0.05697174370288849,1766522140756
2,0.011518361046910286,1766522141723
2,0.021935012191534042,1766522142335
2,0.15200990438461304,1766522143134
2,0.1523047238588333,1766522143984
2,0.02423030696809292,1766522144615
2,0.03575184941291809,1766522145619
2,0.09681465476751328,1766522146275
2,0.010230835527181625,1766522147070
2,0.08153951168060303,1766522147873
2,0.04724915698170662,1766522148470
2,0.03726699948310852,1766522149321
2,0.02855588123202324,1766522150071
2,0.07248077541589737,1766522150737
2,0.09058358520269394,1766522151710
2,0.07780341804027557,1766522152353
2,0.12556327879428864,1766522153115
2,0.010012716054916382,1766522154049
2,0.007335714530199766,1766522154702
2,0.025867769494652748,1766522155681
2,0.014559207484126091,1766522156349
2,0.18367061018943787,1766522157075
2,0.060133323073387146,1766522158023
2,0.047975603491067886,1766522158633
2,0.0657346174120903,1766522159554
2,0.0030790355522185564,1766522160291
2,0.02461172267794609,1766522160981
2,0.04830952733755112,1766522161973
2,0.09955400228500366,1766522162617
2,0.053359124809503555,1766522163451
2,0.013573775999248028,1766522164347
2,0.06199229881167412,1766522165002
2,0.0054796356707811356,1766522165968
2,0.02933070994913578,1766522166665
2,0.025802092626690865,1766522167406
2,0.020795010030269623,1766522168347
2,0.0030991723760962486,1766522169007
2,0.01695963367819786,1766522169999
2,0.008698693476617336,1766522170655
2,0.05281106382608414,1766522171383
2,0.0220915786921978,1766522172323
2,0.06375283002853394,1766522172940
2,0.39990416169166565,1766522174002
2,0.004554464481770992,1766522174731
2,0.029238391667604446,1766522175493
2,0.2003636658191681,1766522176412
2,0.02239207550883293,1766522177072
2,0.00308666517958045,1766522177986
2,0.08866383880376816,1766522178747
2,0.004929971881210804,1766522179450
2,0.0072081610560417175,1766522180328
2,0.018018819391727448,1766522180921
2,0.04421742260456085,1766522181645
2,0.018410738557577133,1766522182591
2,0.12498215585947037,1766522183207
2,0.32549840211868286,1766522184144
2,0.033183109015226364,1766522184872
2,0.00834817998111248,1766522185623
2,0.01487993635237217,1766522186543
2,0.10351309180259705,1766522187192
2,0.00605486985296011,1766522188093
2,0.10516791045665741,1766522188893
2,0.1670450121164322,1766522189562
2,0.1444479525089264,1766522190538
2,0.005770260468125343,1766522191204
2,0.11848033219575882,1766522192006
2,0.017824700102210045,1766522192891
2,0.03697389364242554,1766522193611
2,0.012088589370250702,1766522194587
2,0.6563053131103516,1766522195300
2,0.04202476516366005,1766522196198
2,0.0245287474244833,1766522197012
2,0.06552305072546005,1766522197675
2,0.08970661461353302,1766522198614
2,0.10097716748714447,1766522199278
2,0.05363091826438904,1766522200050
2,0.006362090352922678,1766522200942
2,0.07300183922052383,1766522201609
2,0.31053829193115234,1766522202643
2,0.1101900041103363,1766522203310
2,0.04538106173276901,1766522204044
2,0.2740783989429474,1766522204956
2,0.012308559380471706,1766522205603
2,0.01355588249862194,1766522206533
2,0.037381306290626526,1766522207277
2,0.04986933618783951,1766522207970
2,0.01451084017753601,1766522208969
2,0.03031858429312706,1766522209614
2,0.0009220201172865927,1766522210468
2,0.019174497574567795,1766522211285
2,0.020738951861858368,1766522211943
2,0.01575562357902527,1766522212921
2,0.02124064788222313,1766522213631
2,0.010948093608021736,1766522214337
2,0.015614074654877186,1766522215317
2,0.023296592757105827,1766522215918
2,0.03715699166059494,1766522216805
2,0.02454068511724472,1766522217492
2,0.048474736511707306,1766522218166
2,0.01443973183631897,1766522219116
2,0.00965119432657957,1766522219753
2,0.026326065883040428,1766522220571
2,0.0383039265871048,1766522221463
2,0.08619870990514755,1766522222078
2,0.004295728635042906,1766522223054
2,0.0018784364219754934,1766522223694
2,0.0650305524468422,1766522224429
2,0.00384036498144269,1766522225385
2,0.04966311901807785,1766522225987
2,0.06618466228246689,1766522226879
2,0.11738231033086777,1766522227660
2,0.04289258271455765,1766522228317
2,0.011689087375998497,1766522229291
2,0.0015353945782408118,1766522229960
2,0.009653543122112751,1766522230730
2,0.013076024129986763,1766522231592
2,0.0235842764377594,1766522232220
2,0.016878347843885422,1766522233234
2,0.01472628302872181,1766522233938
2,0.007741658482700586,1766522234660
2,0.007375305984169245,1766522235589
2,0.08154603838920593,1766522236229
2,0.012064029462635517,1766522237188
2,0.11613913625478745,1766522237901
2,0.00387790659442544,1766522238548
2,0.0008375633042305708,1766522239493
2,0.005486869253218174,1766522240080
2,0.43963900208473206,1766522240742
2,0.2182457596063614,1766522241717
2,0.1294122189283371,1766522242347
2,0.00046406695037148893,1766522243307
2,0.014234768226742744,1766522244076
2,0.013165673241019249,1766522244774
2,0.02516210451722145,1766522245829
2,0.029796337708830833,1766522246505
2,0.010516720823943615,1766522247498
2,0.171026349067688,1766522248228
2,0.0006677465862594545,1766522248956
2,0.1534736454486847,1766522249917
2,0.02984258159995079,1766522250569
2,0.050511714071035385,1766522251464
2,0.1787959784269333,1766522252225
2,0.0077228303998708725,1766522252904
2,0.02939784526824951,1766522253890
2,0.03948327153921127,1766522254508
2,0.005804171785712242,1766522255263
2,0.024828586727380753,1766522256174
2,0.0501147024333477,1766522256775
2,0.03260922431945801,1766522257689
2,0.05735879763960838,1766522258425
2,0.025754380971193314,1766522259121
2,0.10424990206956863,1766522260114
2,0.07302825152873993,1766522260739
2,0.0005755816819146276,1766522261590
2,0.08173519372940063,1766522262426
2,0.25366705656051636,1766522263093
2,0.0036502161528915167,1766522264067
2,0.016920093446969986,1766522264708
2,0.20197857916355133,1766522265436
2,0.07124858349561691,1766522266356
2,0.059088144451379776,1766522266963
2,0.02827063947916031,1766522267856
2,0.12532489001750946,1766522268623
2,0.07183133065700531,1766522269267
2,0.021084364503622055,1766522270145
2,0.00677200872451067,1766522270829
2,0.15548428893089294,1766522271534
2,0.046611346304416656,1766522272401
2,0.21942409873008728,1766522273030
2,0.0947459489107132,1766522273850
2,0.0326148197054863,1766522274671
2,0.02331947162747383,1766522275308
2,0.005999437998980284,1766522276250
2,0.1296715885400772,1766522276864
2,0.011145331896841526,1766522277487
2,0.20278319716453552,1766522278456
2,0.005546520464122295,1766522279147
2,0.059956490993499756,1766522279980
2,0.03444554656744003,1766522280864
2,0.0186168160289526,1766522281533
2,0.1173774003982544,1766522282495
2,0.06651049852371216,1766522283146
2,0.017359696328639984,1766522283892
2,0.07347508519887924,1766522284796
2,0.02118510566651821,1766522285416
2,0.008735639974474907,1766522286454
2,0.005019167438149452,1766522287101
2,0.07309429347515106,1766522287865
2,0.05941127613186836,1766522288769
2,0.03218674659729004,1766522289337
2,0.003389837685972452,1766522290225
2,0.11917577683925629,1766522290965
2,0.00673326849937439,1766522291658
2,0.11697815358638763,1766522292622
2,0.021980449557304382,1766522293275
2,0.05927763879299164,1766522294169
2,0.047325249761343,1766522295002
2,0.06045904383063316,1766522295664
2,0.037987709045410156,1766522296587
2,0.0836433619260788,1766522297259
2,0.006373282056301832,1766522298007
2,0.0012927857460454106,1766522298908
2,0.07842645049095154,1766522299521
2,0.045416127890348434,1766522300391
2,0.0019189068116247654,1766522301093
2,0.05158744007349014,1766522301766
2,0.13087525963783264,1766522302697
2,0.06721648573875427,1766522303339
2,0.23169076442718506,1766522304079
2,0.021650711074471474,1766522304983
2,0.09163970500230789,1766522305627
2,0.10436642169952393,1766522306583
2,0.19147509336471558,1766522307312
2,0.10742498934268951,1766522307958
2,0.13729679584503174,1766522308869
2,0.13091810047626495,1766522309588
2,0.0856291726231575,1766522310457
2,0.0641852468252182,1766522311264
2,0.06157299876213074,1766522311894
2,0.09253817051649094,1766522312836
2,0.001992579782381654,1766522313546
2,0.10312507301568985,1766522314234
2,0.13205531239509583,1766522315148
2,0.056775353848934174,1766522315780
2,0.18074272572994232,1766522316684
2,0.02957254834473133,1766522317436
2,0.01116817258298397,1766522318074
2,0.10596348345279694,1766522319061
2,0.013230886310338974,1766522319746
2,0.15753120183944702,1766522320489
2,0.06920470297336578,1766522321428
2,0.026043785735964775,1766522322077
2,0.036596447229385376,1766522323110
2,0.3287953734397888,1766522323816
2,0.14628542959690094,1766522324546
2,0.1466492861509323,1766522325473
2,0.013841206207871437,1766522326164
2,0.009288555942475796,1766522327185
2,0.06801825016736984,1766522327828
2,0.008860461413860321,1766522328460
2,0.11835414916276932,1766522329389
2,0.31111088395118713,1766522330053
2,0.036233410239219666,1766522330874
2,0.10083573311567307,1766522331717
2,0.12947499752044678,1766522332390
2,0.042753495275974274,1766522333345
2,0.0012454986572265625,1766522334011
3,0.08123862743377686,1766522334706
3,0.032143160700798035,1766522335642
3,0.0125912856310606,1766522336240
3,0.015176740474998951,1766522337136
3,0.17666059732437134,1766522337905
3,0.01660434901714325,1766522338633
3,0.06491589546203613,1766522339586
3,0.02249075099825859,1766522340219
3,0.02182118408381939,1766522340988
3,0.004823255818337202,1766522341894
3,0.09618108719587326,1766522342541
3,0.029259368777275085,1766522343486
3,0.03796103224158287,1766522344145
3,0.17612777650356293,1766522344823
3,0.07435007393360138,1766522345787
3,0.06331290304660797,1766522346427
3,0.0746045708656311,1766522347303
3,0.06821735203266144,1766522348014
3,0.13123318552970886,1766522348647
3,0.01394661795347929,1766522349627
3,0.015405844897031784,1766522350281
3,0.017969775944948196,1766522351042
3,0.17751429975032806,1766522351971
3,0.03111206367611885,1766522352605
3,0.27264317870140076,1766522353561
3,0.008239894174039364,1766522354274
3,0.022778520360589027,1766522354938
3,0.22181561589241028,1766522355898
3,0.004455007612705231,1766522356536
3,0.0010464151855558157,1766522357379
3,0.0956510603427887,1766522358203
3,0.18563470244407654,1766522358840
3,0.007531881332397461,1766522359803
3,0.03606662154197693,1766522360498
3,0.003876125207170844,1766522361231
3,0.07980260998010635,1766522362204
3,0.03733862563967705,1766522362833
3,0.06177031621336937,1766522363758
3,0.04026035964488983,1766522364477
3,0.018148697912693024,1766522365199
3,0.006082497537136078,1766522366152
3,0.01342143677175045,1766522366808
3,0.06341983377933502,1766522367746
3,0.03279304876923561,1766522368504
3,0.06921201199293137,1766522369212
3,0.043055251240730286,1766522370183
3,0.038836393505334854,1766522370833
3,0.010178344324231148,1766522371748
3,0.0026060519739985466,1766522372558
3,0.035713568329811096,1766522373240
3,0.1689116358757019,1766522374238
3,0.08247687667608261,1766522374929
3,0.008983197622001171,1766522375670
3,0.0075930943712592125,1766522376560
3,0.012470670975744724,1766522377207
3,0.10200044512748718,1766522378170
3,0.01530347391963005,1766522378827
3,0.016261018812656403,1766522379520
3,0.07666982710361481,1766522380469
3,0.07905156910419464,1766522381092
3,0.0009761659894138575,1766522381942
3,0.005136155989021063,1766522382753
3,0.023976989090442657,1766522383377
3,0.04344603046774864,1766522384207
3,0.003119605826213956,1766522384878
3,0.03980987146496773,1766522385502
3,0.017611948773264885,1766522386333
3,0.006151220295578241,1766522386936
3,0.02168731577694416,1766522387647
3,0.011175598949193954,1766522388454
3,0.08280329406261444,1766522389131
3,0.013956394046545029,1766522389973
3,0.11233334243297577,1766522390504
3,0.07247781753540039,1766522391059
3,0.14894184470176697,1766522391803
3,0.0021820790134370327,1766522392356
3,0.024769559502601624,1766522392862
3,0.25080567598342896,1766522393660
3,0.0018110289238393307,1766522394201
3,0.5079154968261719,1766522394711
3,0.03473426401615143,1766522395457
3,0.024101903662085533,1766522396030
3,0.05270110070705414,1766522396564
3,0.22146032750606537,1766522397340
3,0.09332277625799179,1766522397930
3,0.07356204092502594,1766522398488
3,0.009569640271365643,1766522399345
3,0.03739718347787857,1766522399902
3,0.01679244637489319,1766522400517
3,0.04313384369015694,1766522401436
3,0.06619462370872498,1766522401971
3,0.010611394420266151,1766522402706
3,0.04471985250711441,1766522403597
3,0.02155964821577072,1766522404122
3,0.015816688537597656,1766522405042
3,0.005387607030570507,1766522405671
3,0.07706724852323532,1766522406358
3,0.03184860199689865,1766522407213
3,0.036649931222200394,1766522407769
3,0.012869741767644882,1766522408503
3,0.06011274456977844,1766522409336
3,0.0063576120883226395,1766522409885
3,0.20641370117664337,1766522410664
3,0.0028985696844756603,1766522411352
3,0.1827174574136734,1766522411949
3,0.0032525190617889166,1766522412792
3,0.15873786807060242,1766522413368
3,0.032470572739839554,1766522414079
3,0.03172307461500168,1766522414917
3,0.1306934505701065,1766522415493
3,0.16280430555343628,1766522416269
3,0.005541476421058178,1766522416930
3,0.039715323597192764,1766522417609
3,0.030573058873414993,1766522418378
3,0.06877902150154114,1766522418968
3,0.18573187291622162,1766522419717
3,0.025287538766860962,1766522420463
3,0.02647458016872406,1766522421070
3,0.07251253724098206,1766522421841
3,0.00513603538274765,1766522422575
3,0.03283446282148361,1766522423246
3,0.003929418046027422,1766522424029
3,0.07881882786750793,1766522424689
3,0.00309367966838181,1766522425388
3,0.14106321334838867,1766522426223
3,0.03181493654847145,1766522426897
3,0.029186349362134933,1766522427645
3,0.018826842308044434,1766522428313
3,0.050887901335954666,1766522428983
3,0.14191360771656036,1766522429679
3,0.006855187006294727,1766522430306
3,0.05308952182531357,1766522431041
3,0.08667747676372528,1766522431778
3,0.003977546934038401,1766522432478
3,0.03164307773113251,1766522433252
3,0.09409277886152267,1766522433925
3,0.09885232895612717,1766522434592
3,0.062384024262428284,1766522435362
3,0.07274468243122101,1766522436042
3,0.047167859971523285,1766522436855
3,0.007388202007859945,1766522437576
3,0.017953168600797653,1766522438293
3,0.004872658755630255,1766522439059
3,0.04600819945335388,1766522439776
3,0.018674246966838837,1766522440508
3,0.021066702902317047,1766522441162
3,0.038643766194581985,1766522441869
3,0.05241452157497406,1766522442644
3,0.04997310787439346,1766522443344
3,0.0754755437374115,1766522444101
3,0.010155639611184597,1766522444843
3,0.004293578211218119,1766522445547
3,0.07015517354011536,1766522446301
3,0.011883042752742767,1766522446911
3,0.040426239371299744,1766522447676
3,0.006937296129763126,1766522448373
3,0.04706701636314392,1766522449065
3,0.020256593823432922,1766522449845
3,0.007475376129150391,1766522450504
3,0.18070247769355774,1766522451226
3,0.025515763089060783,1766522452025
3,0.016220811754465103,1766522452696
3,0.015930751338601112,1766522453484
3,0.09789562225341797,1766522454115
3,0.020970983430743217,1766522454826
3,0.1029854267835617,1766522455626
3,0.058663737028837204,1766522456233
3,0.006678814999759197,1766522456953
3,0.04904184862971306,1766522457697
3,0.05896065756678581,1766522458413
3,0.09193642437458038,1766522459219
3,0.038853440433740616,1766522459895
3,0.00017541073611937463,1766522460602
3,0.1218145489692688,1766522461357
3,0.17669948935508728,1766522462026
3,0.0554155595600605,1766522462788
3,0.0020150532945990562,1766522463449
3,0.009906275197863579,1766522464121
3,0.13265007734298706,1766522464887
3,0.052042391151189804,1766522465517
3,0.007817702367901802,1766522466323
3,0.09830447286367416,1766522467130
3,0.1449093520641327,1766522467869
3,0.04011530429124832,1766522468727
3,0.00861571729183197,1766522469429
3,0.025527212768793106,1766522470136
3,0.09223264455795288,1766522470960
3,0.05369498208165169,1766522471659
3,0.07608893513679504,1766522472407
3,0.043772511184215546,1766522473107
3,0.006192262750118971,1766522473804
3,0.0475027859210968,1766522474563
3,0.05987972021102905,1766522475260
3,0.07240060716867447,1766522476009
3,0.005774900317192078,1766522476710
3,0.39902475476264954,1766522477396
3,0.0026820325292646885,1766522478189
3,0.01952727884054184,1766522478828
3,0.001296657370403409,1766522479532
3,0.038481224328279495,1766522480225
3,0.007261092308908701,1766522480846
3,0.1323634684085846,1766522481621
3,0.21788325905799866,1766522482332
3,0.010544361546635628,1766522483081
3,0.006458469200879335,1766522483818
3,0.12646329402923584,1766522484485
3,0.03565457463264465,1766522485271
3,0.029355233535170555,1766522485986
3,0.025912711396813393,1766522486659
3,0.06092337146401405,1766522487436
3,0.235707625746727,1766522488118
3,0.054601140320301056,1766522488801
3,0.00785360299050808,1766522489519
3,0.030432043597102165,1766522490150
3,0.083672896027565,1766522490884
3,0.026358556002378464,1766522491623
3,0.010435905307531357,1766522492351
3,0.08450216054916382,1766522493151
3,0.0037129553966224194,1766522493880
3,0.06506514549255371,1766522494615
3,0.04992154240608215,1766522495315
3,0.15701401233673096,1766522495991
3,0.018477756530046463,1766522496721
3,0.07540096342563629,1766522497335
3,0.006391413044184446,1766522497993
3,0.025675076991319656,1766522498761
3,0.022799396887421608,1766522499446
3,0.04669792950153351,1766522500134
3,0.02149859070777893,1766522500866
3,0.1716027855873108,1766522501581
3,0.06361286342144012,1766522502369
3,0.027677813544869423,1766522503051
3,0.02852570451796055,1766522503810
3,0.01934419944882393,1766522504608
3,0.028621699661016464,1766522505296
3,0.02955385483801365,1766522506076
3,0.01953124813735485,1766522506801
3,0.05349460244178772,1766522507547
3,0.05489639565348625,1766522508330
3,0.012075156904757023,1766522509059
3,0.1353902965784073,1766522509777
3,0.014359593391418457,1766522510493
3,0.05244031175971031,1766522511229
3,0.15155921876430511,1766522512026
3,0.01666196808218956,1766522512688
3,0.15293163061141968,1766522513465
3,0.19706010818481445,1766522514210
3,0.075741246342659,1766522514949
3,0.09364554286003113,1766522515729
3,0.02382199838757515,1766522516476
3,0.030417274683713913,1766522517182
3,0.038134004920721054,1766522517922
3,0.052361130714416504,1766522518593
3,0.028576036915183067,1766522519370
3,0.006437789183109999,1766522520110
3,0.3910772204399109,1766522520874
3,0.009596582502126694,1766522521610
3,0.015325795859098434,1766522522329
3,0.010172155685722828,1766522523055
3,0.007727307267487049,1766522523717
3,0.10052546858787537,1766522524501
3,0.07058548927307129,1766522525184
3,0.011430802755057812,1766522525858
3,0.022680148482322693,1766522526696
3,0.08190739154815674,1766522527385
3,0.011226417496800423,1766522528074
3,0.04354260489344597,1766522528901
3,0.02933521568775177,1766522529565
3,0.05175551027059555,1766522530303
3,0.09132327139377594,1766522531026
3,0.09272825717926025,1766522531697
3,0.01767493411898613,1766522532477
3,0.024395402520895004,1766522533123
3,0.021342657506465912,1766522533812
3,0.008809352293610573,1766522534575
3,0.029675152152776718,1766522535220
3,0.019331948831677437,1766522535910
3,0.0030771810561418533,1766522536562
3,0.045472368597984314,1766522537252
3,0.06136351078748703,1766522538055
3,0.06042751669883728,1766522538678
3,0.04785759747028351,1766522539432
3,0.08720093965530396,1766522540180
3,0.014266462065279484,1766522540799
3,0.18784603476524353,1766522541519
3,0.0026076720096170902,1766522542244
3,0.006081528030335903,1766522542943
3,0.002316277241334319,1766522543771
3,0.053300995379686356,1766522544388
3,0.018254807218909264,1766522545165
3,0.0932549312710762,1766522545898
3,0.005760685540735722,1766522546564
3,0.0068061803467571735,1766522547396
3,0.006870155222713947,1766522548106
3,0.0007949812570586801,1766522548782
3,0.020708883181214333,1766522549587
3,0.022547541186213493,1766522550259
3,0.11850162595510483,1766522551070
3,0.1492750644683838,1766522551773
3,0.09153097122907639,1766522552501
3,0.00814463198184967,1766522553347
3,0.03980216011404991,1766522553993
3,0.006177796982228756,1766522554739
3,0.021490097045898438,1766522555457
3,0.2216569483280182,1766522556107
3,0.10190395265817642,1766522556953
3,0.01759791001677513,1766522557665
3,0.029384946450591087,1766522558405
3,0.007061586249619722,1766522559097
3,0.025903845205903053,1766522559748
3,0.0010016399901360273,1766522560585
3,0.04658195376396179,1766522561292
3,0.04550699144601822,1766522561972
3,0.044028155505657196,1766522562699
3,0.04086548462510109,1766522563324
3,0.046890564262866974,1766522564093
3,0.04229244962334633,1766522564796
3,0.003729939926415682,1766522565544
3,0.015528683550655842,1766522566267
3,0.0029607475735247135,1766522566950
3,0.006843092851340771,1766522567705
3,0.009071720764040947,1766522568369
3,0.0003930836101062596,1766522569015
3,0.005572347901761532,1766522569783
3,0.04775846004486084,1766522570462
3,0.012087066657841206,1766522571162
3,0.04830513894557953,1766522571940
3,0.028358357027173042,1766522572616
3,0.024760182946920395,1766522573380
3,0.10427189618349075,1766522574074
3,0.05914512276649475,1766522574811
3,0.001328814309090376,1766522575572
3,0.002285546623170376,1766522576268
3,0.024836966767907143,1766522577008
3,0.020909147337079048,1766522577684
3,0.10146709531545639,1766522578390
3,0.07267401367425919,1766522579155
3,0.005161953624337912,1766522579830
3,0.09352617710828781,1766522580477
3,0.0020601951982825994,1766522581247
3,0.03125830367207527,1766522581890
3,0.10902043431997299,1766522582648
3,0.02795816957950592,1766522583348
3,0.07372233271598816,1766522584032
3,0.014888827688992023,1766522584700
3,0.15911976993083954,1766522585347
3,0.0007807789370417595,1766522586178
3,0.009231663309037685,1766522586851
3,0.01118463184684515,1766522587572
3,0.10255944728851318,1766522588340
3,0.007633781060576439,1766522588977
3,0.04689373821020126,1766522589709
3,0.019189609214663506,1766522590495
3,0.14354649186134338,1766522591145
3,0.009890420362353325,1766522591969
3,0.09703071415424347,1766522592639
3,0.0777270570397377,1766522593337
3,0.10773642361164093,1766522594134
3,0.01315305195748806,1766522594743
3,0.07252614200115204,1766522595541
3,0.022004470229148865,1766522596231
3,0.02117452584207058,1766522596955
3,0.08037077635526657,1766522597708
3,0.025157146155834198,1766522598377
3,0.01367262564599514,1766522599094
3,0.12780606746673584,1766522599853
3,0.06689547747373581,1766522600533
3,0.10524903237819672,1766522601289
3,0.04449640214443207,1766522601924
3,0.016955379396677017,1766522602682
3,0.0689476951956749,1766522603504
3,0.038523152470588684,1766522604144
3,0.08982659876346588,1766522604951
3,0.11523579061031342,1766522605624
3,0.07214915752410889,1766522606324
3,0.08486604690551758,1766522607121
3,0.007065853103995323,1766522607832
3,0.012054301798343658,1766522608566
3,0.0027993200346827507,1766522609256
3,0.09660215675830841,1766522609976
3,0.06889322400093079,1766522610755
3,0.004686802159994841,1766522611475
3,0.00714575732126832,1766522612243
3,0.011029530316591263,1766522612938
3,0.05732826888561249,1766522613582
3,0.021768907085061073,1766522614370
3,0.06557930260896683,1766522615066
3,0.0017562615685164928,1766522615776
3,0.04050001502037048,1766522616524
3,0.02923789620399475,1766522617208
3,0.09777770191431046,1766522617872
3,0.07558419555425644,1766522618625
3,0.019530557096004486,1766522619305
3,0.028446435928344727,1766522620040
3,0.06103329733014107,1766522620784
3,0.0170228723436594,1766522621540
3,0.04726266860961914,1766522622275
3,0.010667023248970509,1766522622946
3,0.08367510139942169,1766522623680
3,0.010928342118859291,1766522624390
3,0.042077165096998215,1766522625130
3,0.06691716611385345,1766522625965
3,0.028489533811807632,1766522626557
3,0.006499040871858597,1766522627361
3,0.040090613067150116,1766522628119
3,0.2364734560251236,1766522628831
3,0.0025472186971455812,1766522629570
3,0.01442862767726183,1766522630342
3,0.13039450347423553,1766522631064
3,0.08174149692058563,1766522631818
3,0.058787912130355835,1766522632606
3,0.0017654264811426401,1766522633348
3,0.12740710377693176,1766522634096
3,0.0015376973897218704,1766522634880
3,0.0009599014883860946,1766522635560
3,0.07578021287918091,1766522636293
3,0.09629900008440018,1766522637021
3,0.12323114275932312,1766522637736
3,0.04194369539618492,1766522638533
3,0.02121143229305744,1766522639235
3,0.08379758894443512,1766522640006
3,0.04287789762020111,1766522640747
3,0.088530533015728,1766522641441
3,0.003197159618139267,1766522642204
3,0.2441999316215515,1766522642933
3,0.0315161868929863,1766522643679
3,0.028245259076356888,1766522644451
3,0.04387091100215912,1766522645139
3,0.13161949813365936,1766522645917
3,0.01772078312933445,1766522646654
3,0.015573026612401009,1766522647432
3,0.15974624454975128,1766522648203
3,0.009028702974319458,1766522648942
3,0.009824112057685852,1766522649622
3,0.02569073624908924,1766522650287
3,0.05184480920433998,1766522651031
3,0.011837064288556576,1766522651787
3,0.13441336154937744,1766522652441
3,0.07134082913398743,1766522653154
3,0.05738431587815285,1766522653792
3,0.009029046632349491,1766522654509
3,0.03332725167274475,1766522655261
3,0.15673403441905975,1766522655903
3,0.05844498053193092,1766522656605
3,0.04842957854270935,1766522657319
3,0.05597325786948204,1766522657952
3,0.07768568396568298,1766522658681
3,0.0019861175678670406,1766522659392
3,0.07128020375967026,1766522660124
3,0.0016357807908207178,1766522660861
3,0.11238136887550354,1766522661506
3,0.01375291496515274,1766522662308
3,0.04462091624736786,1766522663034
3,0.19786059856414795,1766522663721
3,0.09280971437692642,1766522664530
3,0.06551028043031693,1766522665218
3,0.07348572462797165,1766522665940
3,0.3268532156944275,1766522666693
3,0.08192376792430878,1766522667308
3,0.015495317988097668,1766522668097
3,0.0024294829927384853,1766522668709
3,0.037718646228313446,1766522669376
3,0.025294214487075806,1766522670241
3,0.09762467443943024,1766522670896
3,0.09071958065032959,1766522671518
3,0.06774904578924179,1766522672241
3,0.059314481914043427,1766522672983
3,0.06325134634971619,1766522673766
3,0.11317548155784607,1766522674399
3,0.008639362640678883,1766522675116
3,0.2250770926475525,1766522675934
3,0.04089333117008209,1766522676563
3,0.15362855792045593,1766522677275
3,0.032861530780792236,1766522677978
3,0.011608820408582687,1766522678650
3,0.00569330807775259,1766522679497
3,0.045185066759586334,1766522680142
3,0.029379159212112427,1766522680863
3,0.03947291895747185,1766522681592
3,0.0008354203891940415,1766522682293
3,0.008597170934081078,1766522683148
3,0.018896671012043953,1766522683823
3,0.03538329899311066,1766522684525
3,0.001303864293731749,1766522685264
3,0.08872877061367035,1766522685957
3,0.005492576397955418,1766522686671
3,0.02104705199599266,1766522687425
3,0.04093927517533302,1766522688093
3,0.0011929008178412914,1766522688974
3,0.05260879546403885,1766522689589
3,0.03279673308134079,1766522690267
3,0.06396327912807465,1766522691103
3,0.004573546350002289,1766522691763
3,0.018265172839164734,1766522692510
3,0.004496678244322538,1766522693251
3,0.022566907107830048,1766522693926
3,0.09421863406896591,1766522694726
3,0.003035296220332384,1766522695394
3,0.0035121056716889143,1766522696108
3,0.011063691228628159,1766522696869
3,0.036701008677482605,1766522697549
3,0.12925246357917786,1766522698441
3,0.038141898810863495,1766522699125
3,0.02556745335459709,1766522699782
3,0.007759852334856987,1766522700521
3,0.14890414476394653,1766522701134
3,0.0014156023971736431,1766522701945
3,0.001502246130257845,1766522702604
3,0.05063120648264885,1766522703262
3,0.004770372528582811,1766522704109
3,0.012875671498477459,1766522704775
3,0.058427050709724426,1766522705388
3,0.005793020129203796,1766522706311
3,0.20099985599517822,1766522706915
3,0.01761203072965145,1766522707668
3,0.002113100839778781,1766522708428
3,0.03294014558196068,1766522709010
3,0.026158316060900688,1766522709864
3,0.004708726890385151,1766522711520
3,0.09094969928264618,1766522712300
3,0.0454489141702652,1766522712852
3,0.004712499678134918,1766522713832
3,0.02476111799478531,1766522714491
3,0.025461770594120026,1766522715147
3,0.00535069964826107,1766522715990
3,0.08633705973625183,1766522716538
3,0.01944057084619999,1766522717279
3,0.0051134489476680756,1766522718037
3,0.027476206421852112,1766522718609
3,0.03525277599692345,1766522719406
3,0.2075541764497757,1766522720061
3,0.001760153565555811,1766522720662
3,0.04574044048786163,1766522721486
3,0.044306837022304535,1766522722074
3,0.013832255266606808,1766522722763
3,0.003287625266239047,1766522723580
3,0.06199340149760246,1766522724217
3,0.01343971211463213,1766522724913
3,0.06004893779754639,1766522725620
3,0.012031018733978271,1766522726185
3,0.08466560393571854,1766522726884
3,0.00872341450303793,1766522727550
3,0.002832720521837473,1766522728159
3,0.0012331082252785563,1766522728903
3,0.08062135428190231,1766522729513
3,0.11297453194856644,1766522730111
3,0.031175529584288597,1766522730879
3,0.0019336958648636937,1766522731387
3,0.027413146570324898,1766522732029
3,0.01116279698908329,1766522732663
3,0.0011797866318374872,1766522733178
3,0.1399635672569275,1766522733770
3,0.07878588885068893,1766522734380
3,0.00948643870651722,1766522734971
3,0.018250368535518646,1766522735506
3,0.004398672841489315,1766522736101
3,0.09923186898231506,1766522736772
3,0.009433378465473652,1766522737283
3,0.00841142050921917,1766522737943
3,0.14589710533618927,1766522738611
3,0.000374159193597734,1766522739181
3,0.003249220550060272,1766522739834
3,0.18355219066143036,1766522740466
3,0.0009377999231219292,1766522740987
3,0.0005714363651350141,1766522741631
3,0.026139996945858,1766522742295
3,0.14710858464241028,1766522742842
3,0.00019122520461678505,1766522743440
3,0.07298853993415833,1766522744071
3,0.02705993875861168,1766522744574
3,0.19908350706100464,1766522745180
3,0.0011788960546255112,1766522745893
3,0.03187369927763939,1766522746530
3,0.05265030264854431,1766522747106
3,0.02364577353000641,1766522747784
3,0.15799005329608917,1766522748341
3,0.05362675338983536,1766522748942
3,0.1081317886710167,1766522749601
3,0.0039107417687773705,1766522750168
3,0.016987429931759834,1766522750736
3,0.009967433288693428,1766522751440
3,0.011211301200091839,1766522752037
3,0.10052262991666794,1766522752610
3,0.09590005874633789,1766522753253
3,0.0700739175081253,1766522753805
3,0.007933803834021091,1766522754417
3,0.02865605242550373,1766522755046
3,0.03468407317996025,1766522755666
3,0.0010818826267495751,1766522756236
3,0.0740756019949913,1766522756891
3,0.005513553041964769,1766522757497
3,0.004463029559701681,1766522758110
3,0.004809140227735043,1766522758756
3,0.006949898321181536,1766522759391
3,0.07638497650623322,1766522759984
3,0.036879733204841614,1766522760573
3,0.017295826226472855,1766522761215
3,0.07193595170974731,1766522761787
3,0.00530567392706871,1766522762481
3,0.03760816529393196,1766522763080
3,0.14960235357284546,1766522763620
3,0.05520549789071083,1766522764268
3,0.03240233287215233,1766522764930
3,0.0027087563648819923,1766522765493
3,0.0013019915204495192,1766522766183
3,0.2971114218235016,1766522766874
3,0.0041474271565675735,1766522767463
3,0.00030265923123806715,1766522768094
3,0.06837781518697739,1766522768728
3,0.006779278162866831,1766522769264
3,0.010919759050011635,1766522769824
3,0.007400913164019585,1766522770512
3,0.007655252702534199,1766522771041
3,0.03592262417078018,1766522771637
3,0.0744972676038742,1766522772251
3,0.02168874815106392,1766522772832
3,0.03487720340490341,1766522773430
3,0.07296695560216904,1766522774091
3,0.001879304414615035,1766522774638
3,0.043202955275774,1766522775246
3,0.002506938762962818,1766522775934
3,0.0690935030579567,1766522776535
3,0.011543779633939266,1766522777156
3,0.08564337342977524,1766522777823
3,0.00150687072891742,1766522778430
3,0.015376712195575237,1766522779014
3,0.3044857680797577,1766522779730
3,0.11009862273931503,1766522780313
3,0.007993454113602638,1766522780935
3,0.010077191516757011,1766522781621
3,0.010666471906006336,1766522782183
3,0.0009354904759675264,1766522782784
3,0.1560288667678833,1766522783520
3,0.03494754433631897,1766522784076
3,0.126511350274086,1766522784692
3,0.010173815302550793,1766522785351
3,0.01737971603870392,1766522785931
3,0.0655367374420166,1766522786570
3,0.032568179070949554,1766522787277
3,0.024954751133918762,1766522787826
3,0.004395326133817434,1766522788416
3,0.035722993314266205,1766522789141
3,0.003955357242375612,1766522789675
3,0.12719595432281494,1766522790270
3,0.012589688412845135,1766522790977
3,0.05578615516424179,1766522791481
3,0.022691328078508377,1766522792073
3,0.011272942647337914,1766522792798
3,0.007274910341948271,1766522793320
3,0.061090290546417236,1766522793927
3,0.012547126039862633,1766522794657
3,0.06333759427070618,1766522795100
3,0.024835269898176193,1766522795685
3,0.008236998692154884,1766522796413
3,0.01834731549024582,1766522796903
3,0.0005365659017115831,1766522797480
3,0.25959503650665283,1766522798225
3,0.07955848425626755,1766522798767
3,0.010769084095954895,1766522799340
3,0.0015529440715909004,1766522800073
3,0.028809770941734314,1766522800597
3,0.1408383846282959,1766522801214
3,0.0038860454224050045,1766522801936
3,0.008739848621189594,1766522802453
3,0.08443896472454071,1766522803054
3,0.032359808683395386,1766522803775
3,0.007903682067990303,1766522804314
3,0.0077415164560079575,1766522804915
3,0.002360224723815918,1766522805635
3,0.007892865687608719,1766522806104
3,0.0024440153501927853,1766522806671
3,0.056846681982278824,1766522807354
3,0.023059990257024765,1766522807837
3,0.00127988844178617,1766522808385
3,0.003412474412471056,1766522809070
3,0.04653679579496384,1766522809671
3,0.017117109149694443,1766522810238
3,0.008790524676442146,1766522810928
3,0.10950058698654175,1766522811547
3,0.008489588275551796,1766522812095
3,0.008327706716954708,1766522812745
3,0.002628880552947521,1766522813390
3,0.15386223793029785,1766522813944
3,0.00028992517036385834,1766522814562
3,0.07839898765087128,1766522815205
3,0.43381816148757935,1766522815779
3,0.006286374293267727,1766522816387
3,0.038037609308958054,1766522817059
3,0.0064608375541865826,1766522817601
3,0.11486747115850449,1766522818239
3,0.038491979241371155,1766522818909
3,0.006587511859834194,1766522819450
3,0.009972808882594109,1766522820048
3,0.12380936741828918,1766522820765
3,0.02725614607334137,1766522821324
3,0.003397071035578847,1766522821921
3,0.07251346111297607,1766522822597
3,0.017886819317936897,1766522823202
3,0.05210258066654205,1766522823794
3,0.023015182465314865,1766522824445
3,0.011439362540841103,1766522825022
3,0.020628489553928375,1766522825607
3,0.0015501654706895351,1766522826375
3,0.02442585490643978,1766522826957
3,0.15005072951316833,1766522827574
3,0.007355324923992157,1766522828238
3,0.011553880758583546,1766522828836
3,0.36595702171325684,1766522829481
3,0.01740938238799572,1766522830084
3,0.01979723572731018,1766522830671
3,0.02613329142332077,1766522831319
3,0.06515151262283325,1766522831926
3,0.022182362154126167,1766522832513
3,0.004292503464967012,1766522833179
3,0.04880986735224724,1766522833833
3,0.04631601646542549,1766522834415
3,0.03144844248890877,1766522835014
3,0.04500283673405647,1766522835687
3,0.015277627855539322,1766522836268
3,0.04954254627227783,1766522836886
3,0.02376115322113037,1766522837527
3,0.041447341442108154,1766522838094
3,0.0023328254465013742,1766522838672
3,0.02724885195493698,1766522839372
3,0.1989361047744751,1766522839955
3,0.020953595638275146,1766522840553
3,0.13147418200969696,1766522841227
3,0.029248135164380074,1766522841807
3,0.013256902806460857,1766522842410
3,0.01642461307346821,1766522843115
3,0.004762096330523491,1766522843688
3,0.11649104207754135,1766522844311
3,0.08369271457195282,1766522844963
3,0.008462831377983093,1766522845593
3,0.07927689701318741,1766522846186
3,0.03196629136800766,1766522846811
3,0.19537819921970367,1766522847381
3,0.00369387399405241,1766522847954
3,0.025224441662430763,1766522848635
3,0.00852956436574459,1766522849257
3,0.06996726989746094,1766522849832
3,0.011576843447983265,1766522850493
3,0.0004535139596555382,1766522851084
3,0.003618835471570492,1766522851688
3,0.0501842238008976,1766522852362
3,0.004011333920061588,1766522852995
3,0.042811691761016846,1766522853538
3,0.055571652948856354,1766522854172
3,0.062450654804706573,1766522854805
3,0.04465912654995918,1766522855426
3,0.07508376985788345,1766522856055
3,0.0009941156022250652,1766522856670
3,0.008326373063027859,1766522857265
3,0.012748236767947674,1766522857885
3,0.15185481309890747,1766522858475
3,0.0011869712034240365,1766522859132
3,0.03912476822733879,1766522859731
3,0.0965195894241333,1766522860323
3,0.03807593882083893,1766522860976
3,0.011333283968269825,1766522861608
3,0.03460080921649933,1766522862229
3,0.17341051995754242,1766522862816
3,0.09150882810354233,1766522863407
3,0.008019678294658661,1766522864014
3,0.0022371665108948946,1766522864582
3,0.047130484133958817,1766522865228
3,0.1028711125254631,1766522865842
3,0.009052079170942307,1766522866410
3,0.02452976629137993,1766522866994
3,0.05368870869278908,1766522867654
3,0.06068805605173111,1766522868240
3,0.06516801565885544,1766522868834
3,0.10711202770471573,1766522869460
3,0.11112760007381439,1766522870046
3,0.009153125807642937,1766522870574
3,0.05366180092096329,1766522871230
3,0.14866045117378235,1766522871831
3,0.00026736228028312325,1766522872404
3,0.02876131236553192,1766522873063
3,0.003964527975767851,1766522873646
3,0.01039345096796751,1766522874179
3,0.0475371815264225,1766522874811
3,0.0007357878494076431,1766522875389
3,0.013877407647669315,1766522875978
3,0.030476175248622894,1766522876644
3,0.10067540407180786,1766522877241
3,0.030231177806854248,1766522877832
3,0.008230727165937424,1766522878495
3,0.11165375262498856,1766522879097
3,0.10503178834915161,1766522879668
3,0.07968207448720932,1766522880341
3,0.13544175028800964,1766522880980
3,0.017389558255672455,1766522881544
3,0.000445723591838032,1766522882248
3,0.004857832565903664,1766522882876
3,0.024626603350043297,1766522883412
3,0.06523831188678741,1766522884077
3,0.04126396030187607,1766522884773
3,0.08371603488922119,1766522885292
3,0.0035103927366435528,1766522885978
3,0.02598714455962181,1766522886597
3,0.02716589905321598,1766522887160
3,0.19712579250335693,1766522887820
3,0.011415504850447178,1766522888412
3,0.14034269750118256,1766522888936
3,0.009054564870893955,1766522889571
3,0.061225831508636475,1766522890226
3,0.044568199664354324,1766522890763
3,0.04371356964111328,1766522891409
3,0.005268055479973555,1766522892077
3,0.014331864193081856,1766522892608
3,0.048552367836236954,1766522893273
3,0.017025025561451912,1766522893919
3,0.0012346359435468912,1766522894435
3,0.022284721955657005,1766522895008
3,0.003750820644199848,1766522895648
3,0.015093434602022171,1766522896179
3,0.08292534947395325,1766522896753
3,0.017978820949792862,1766522897473
3,0.10329310595989227,1766522898038
3,0.06609521061182022,1766522898627
3,0.003510694485157728,1766522899356
3,0.039124444127082825,1766522899894
3,0.02428470365703106,1766522900512
3,0.03294042870402336,1766522901223
3,0.016286345198750496,1766522901756
3,0.0017204463947564363,1766522902357
3,0.009192951023578644,1766522903081
3,0.00031400006264448166,1766522903595
3,0.004255187697708607,1766522904198
3,0.16831430792808533,1766522904948
3,0.0025144806131720543,1766522905453
3,0.028423776850104332,1766522906021
3,0.041941460222005844,1766522906793
3,0.1615801304578781,1766522907293
3,0.05998475104570389,1766522907882
3,0.018543662503361702,1766522908642
3,0.01864800602197647,1766522909151
3,0.008439330384135246,1766522909766
3,0.055362503975629807,1766522910481
3,0.081546351313591,1766522910998
3,0.028134414926171303,1766522911611
3,0.009171456098556519,1766522912356
3,0.0678543895483017,1766522912903
3,0.04443170502781868,1766522913502
3,0.020636379718780518,1766522914255
3,0.060369692742824554,1766522914757
3,0.1588648110628128,1766522915387
3,0.009117133915424347,1766522916137
3,0.00462429691106081,1766522916630
3,0.022537557408213615,1766522917275
3,0.05069407820701599,1766522918032
3,0.04363458603620529,1766522918527
3,0.1611187607049942,1766522919217
3,0.04365968331694603,1766522919964
3,0.025834526866674423,1766522920425
3,0.013071793131530285,1766522921166
3,0.01983373984694481,1766522921888
3,0.0069789462722837925,1766522922341
3,0.0041783833876252174,1766522923040
3,0.0006157812895253301,1766522923795
3,0.1851971447467804,1766522924271
3,0.015404444187879562,1766522925049
3,0.01053798757493496,1766522925665
3,0.015560014173388481,1766522926111
3,0.1407216489315033,1766522927115
3,0.00266035133972764,1766522927659
3,0.1520019769668579,1766522928091
3,0.051470786333084106,1766522928938
3,0.0192718543112278,1766522929522
3,0.12452320009469986,1766522929985
3,0.1285901665687561,1766522930725
3,0.05999879911541939,1766522931351
3,0.1356508433818817,1766522931790
3,0.0504755899310112,1766522932367
3,0.06866887211799622,1766522933141
3,0.051059093326330185,1766522933556
3,0.03787589818239212,1766522934000
3,0.0036149255465716124,1766522934905
3,0.014069512486457825,1766522935380
3,0.0023986641317605972,1766522935818
3,0.08516906201839447,1766522936697
3,0.013739575631916523,1766522937210
3,0.058073341846466064,1766522937645
3,0.08139758557081223,1766522938306
3,0.025041349232196808,1766522938994
3,0.003581460565328598,1766522939432
3,0.0004368046938907355,1766522939956
3,0.021221792325377464,1766522940804
3,0.12988689541816711,1766522941226
3,0.03956007584929466,1766522941662
3,0.13967767357826233,1766522942496
3,0.004655661527067423,1766522943052
3,0.10423562675714493,1766522943504
3,0.08488750457763672,1766522944231
3,0.010900515131652355,1766522944913
3,0.021802227944135666,1766522945349
3,0.09386533498764038,1766522945929
3,0.0030742697417736053,1766522946785
3,0.06270910054445267,1766522947227
3,0.046364348381757736,1766522947732
3,0.09397546947002411,1766522948578
3,0.007416944485157728,1766522949041
3,0.00011169828940182924,1766522949509
3,0.09204304218292236,1766522950326
3,0.09016425907611847,1766522950815
3,0.07887773960828781,1766522951254
3,0.01755690760910511,1766522951892
3,0.04462524875998497,1766522952590
3,0.005891087464988232,1766522952993
3,0.06694385409355164,1766522953562
3,0.008665909059345722,1766522954374
3,0.005846434738487005,1766522954816
3,0.00315292552113533,1766522955269
3,0.04322141036391258,1766522956111
3,0.037158116698265076,1766522956631
3,0.047546789050102234,1766522957101
3,0.12369292974472046,1766522957910
3,0.0036823481786996126,1766522958418
3,0.04903778061270714,1766522958903
3,0.0032444957178086042,1766522959675
3,0.030459674075245857,1766522960276
3,0.10848423093557358,1766522960738
3,0.018759582191705704,1766522961403
3,0.024283377453684807,1766522962125
3,0.21073849499225616,1766522962580
3,0.0029190750792622566,1766522963253
3,0.00807199627161026,1766522963974
3,0.0079555194824934,1766522964431
3,0.10412155091762543,1766522965144
3,0.003748027142137289,1766522965866
3,0.017394308000802994,1766522966326
3,0.0034625681582838297,1766522966961
3,0.017284851521253586,1766522967688
3,0.0024534945841878653,1766522968156
3,0.06371947377920151,1766522968844
3,0.0034135503228753805,1766522969543
3,0.0022710799239575863,1766522970018
4,0.0003546708030626178,1766522970646
4,0.002831313293427229,1766522971401
4,0.05872247740626335,1766522971851
4,0.024174433201551437,1766522972521
4,0.03590044751763344,1766522973255
4,0.024923454970121384,1766522973741
4,0.006354772951453924,1766522974408
4,0.015287387184798717,1766522975112
4,0.00047016568714752793,1766522975594
4,0.005635274574160576,1766522976269
4,0.061422690749168396,1766522976947
4,0.018504105508327484,1766522977452
4,0.02051895670592785,1766522978132
4,0.07574737071990967,1766522978852
4,0.012634851038455963,1766522979341
4,0.00571802444756031,1766522980003
4,0.05035429075360298,1766522980710
4,0.012441204860806465,1766522981201
4,0.01192531082779169,1766522981820
4,0.18269892036914825,1766522982532
4,0.0915011614561081,1766522983015
4,0.0420222170650959,1766522983687
4,0.04865162819623947,1766522984391
4,0.03641035780310631,1766522984908
4,0.00684477761387825,1766522985586
4,0.0078102643601596355,1766522986269
4,0.028000086545944214,1766522986758
4,0.0014229974476620555,1766522987428
4,0.006878502666950226,1766522988099
4,0.03311271220445633,1766522988602
4,0.07321954518556595,1766522989256
4,0.0001917597692226991,1766522989954
4,0.010634608566761017,1766522990454
4,0.011862270534038544,1766522991128
4,0.035856205970048904,1766522991794
4,0.0016523711383342743,1766522992331
4,0.0047586397267878056,1766522993031
4,0.0064431228674948215,1766522993711
4,0.1070188656449318,1766522994234
4,0.011949893087148666,1766522994862
4,0.008286582306027412,1766522995511
4,0.00540592847391963,1766522996026
4,0.0014566852478310466,1766522996646
4,0.10019727051258087,1766522997351
4,0.02848735637962818,1766522997867
4,0.0021160489413887262,1766522998520
4,0.013130266219377518,1766522999243
4,0.0014488131273537874,1766522999825
4,0.0030636279843747616,1766523000468
4,0.001125447335653007,1766523001154
4,0.0010897339088842273,1766523001692
4,0.009955120272934437,1766523002331
4,0.0032093191985040903,1766523002985
4,0.039371516555547714,1766523003549
4,0.06382407248020172,1766523004225
4,0.06883855164051056,1766523004861
4,0.0007228017202578485,1766523005433
4,0.05102279409766197,1766523006159
4,0.030403926968574524,1766523006811
4,0.040598370134830475,1766523007415
4,0.0073646605014801025,1766523008024
4,0.014463146217167377,1766523008620
4,0.012308531440794468,1766523009220
4,0.024221858009696007,1766523009850
4,0.002776536624878645,1766523010485
4,0.04403147101402283,1766523011064
4,0.020415587350726128,1766523011666
4,0.0015092100948095322,1766523012311
4,0.1499025821685791,1766523012921
4,0.0019479948095977306,1766523013554
4,0.020824067294597626,1766523014177
4,0.0029761504847556353,1766523014832
4,0.005897659808397293,1766523015450
4,0.06307288259267807,1766523016051
4,0.006093837786465883,1766523016644
4,0.007026833947747946,1766523017258
4,0.08926829695701599,1766523017907
4,0.048243165016174316,1766523018476
4,0.1139790415763855,1766523019055
4,0.0007463281508535147,1766523019721
4,0.013764793053269386,1766523020358
4,0.02479271963238716,1766523020945
4,0.0010645632864907384,1766523021615
4,0.006854463834315538,1766523022218
4,0.0021772286854684353,1766523022844
4,0.031238703057169914,1766523023443
4,0.0028503735084086657,1766523023987
4,0.006188743747770786,1766523024615
4,4.236217500874773e-05,1766523025238
4,0.0025735609233379364,1766523025803
4,0.0691084936261177,1766523026453
4,0.016201110556721687,1766523027091
4,0.09344495832920074,1766523027670
4,0.0063692377880215645,1766523028278
4,0.013990262523293495,1766523028878
4,0.0010478794574737549,1766523029443
4,0.014419958926737309,1766523030103
4,0.03731854259967804,1766523030716
4,0.011467999778687954,1766523031325
4,0.015605292282998562,1766523031879
4,0.06148042529821396,1766523032446
4,0.003792133182287216,1766523033095
4,0.02222069911658764,1766523033683
4,0.100459985435009,1766523034346
4,0.10828451812267303,1766523035002
4,0.006410087924450636,1766523035621
4,0.08822332322597504,1766523036231
4,0.0025828713551163673,1766523036808
4,0.019207410514354706,1766523037363
4,0.041943490505218506,1766523037998
4,0.0006176562164910138,1766523038608
4,0.1861191689968109,1766523039188
4,0.024061575531959534,1766523039812
4,0.0014578882837668061,1766523040500
4,0.004268054850399494,1766523041126
4,0.042042575776576996,1766523041749
4,0.04914501681923866,1766523042384
4,0.006628481671214104,1766523042976
4,0.02766573615372181,1766523043602
4,0.1003221869468689,1766523044269
4,0.0025700563564896584,1766523044899
4,0.034368786960840225,1766523045507
4,0.029399380087852478,1766523046151
4,0.004374676384031773,1766523046779
4,0.0004499646893236786,1766523047352
4,0.23911206424236298,1766523048004
4,0.07412035763263702,1766523048605
4,0.00150510563980788,1766523049192
4,0.04111725464463234,1766523049836
4,0.059678807854652405,1766523050444
4,0.011631700210273266,1766523051045
4,0.006834886036813259,1766523051692
4,0.016896819695830345,1766523052274
4,0.0028825607150793076,1766523052794
4,0.010395134799182415,1766523053414
4,0.45845428109169006,1766523054024
4,0.07910601049661636,1766523054611
4,0.3095649778842926,1766523055246
4,0.010179790668189526,1766523055874
4,0.010491551831364632,1766523056427
4,0.09440095722675323,1766523057082
4,0.03515090048313141,1766523057664
4,0.0008555790409445763,1766523058259
4,0.20856167376041412,1766523058912
4,0.04917437210679054,1766523059499
4,0.004758805967867374,1766523060085
4,0.059200458228588104,1766523060712
4,0.05720572546124458,1766523061308
4,0.055442534387111664,1766523061942
4,0.014971978962421417,1766523062596
4,0.08388615399599075,1766523063240
4,0.008967039175331593,1766523063864
4,0.0037863387260586023,1766523064529
4,0.05156613141298294,1766523065141
4,0.004979811608791351,1766523065704
4,0.09710969775915146,1766523066356
4,0.004258155357092619,1766523066953
4,0.014747736975550652,1766523067539
4,0.026433585211634636,1766523068187
4,0.06625659763813019,1766523068830
4,0.02560322917997837,1766523069401
4,0.011347011663019657,1766523070046
4,0.004989191889762878,1766523070713
4,0.004014161415398121,1766523071308
4,0.016381334513425827,1766523071996
4,0.018561653792858124,1766523072640
4,0.0018343387637287378,1766523073210
4,0.000997488503344357,1766523073912
4,0.03269623965024948,1766523074552
4,0.012764176353812218,1766523075070
4,0.014503218233585358,1766523075849
4,0.004388489760458469,1766523076440
4,0.011162405833601952,1766523076982
4,0.026015261188149452,1766523077695
4,0.006938987411558628,1766523078298
4,0.03337078168988228,1766523078805
4,0.0017671399982646108,1766523079490
4,0.011772917583584785,1766523080065
4,0.0018187969690188766,1766523080599
4,0.0030113467946648598,1766523081318
4,0.0180058516561985,1766523081983
4,0.0030462811700999737,1766523082477
4,0.10363743454217911,1766523083214
4,0.09582618623971939,1766523083851
4,0.07621610909700394,1766523084380
4,0.11542010307312012,1766523085067
4,0.1958179473876953,1766523085661
4,0.015473603270947933,1766523086175
4,0.11109516024589539,1766523086822
4,0.1518341302871704,1766523087437
4,0.002481424016878009,1766523087972
4,0.0832546278834343,1766523088604
4,0.013247073628008366,1766523089266
4,0.12182047963142395,1766523089795
4,0.05364138260483742,1766523090393
4,0.008067958056926727,1766523091092
4,0.0718267560005188,1766523091633
4,0.0001098782304325141,1766523092224
4,0.007498204708099365,1766523092954
4,0.0008453892078250647,1766523093507
4,0.09241246432065964,1766523094108
4,0.07011721283197403,1766523094776
4,0.10386189818382263,1766523095323
4,0.050340067595243454,1766523095872
4,0.005234673619270325,1766523096601
4,0.032531511038541794,1766523097174
4,0.049200672656297684,1766523097737
4,0.0077058058232069016,1766523098494
4,0.002017493825405836,1766523099021
4,0.00697692995890975,1766523099629
4,0.0037786653265357018,1766523100381
4,0.2358607053756714,1766523100936
4,0.000561374006792903,1766523101542
4,0.0005263795610517263,1766523102260
4,0.02134116366505623,1766523102789
4,0.0039388141594827175,1766523103389
4,0.01931156776845455,1766523104152
4,0.048882029950618744,1766523104656
4,0.0938611626625061,1766523105258
4,0.009968552738428116,1766523106006
4,0.006958101876080036,1766523106510
4,0.18102772533893585,1766523107088
4,0.009047292172908783,1766523107919
4,0.05570584908127785,1766523108415
4,0.06262459605932236,1766523109025
4,0.00809067115187645,1766523109751
4,0.20886589586734772,1766523110251
4,0.006904147565364838,1766523110905
4,0.033993855118751526,1766523111691
4,0.007656935602426529,1766523112176
4,0.025100747123360634,1766523112838
4,0.05209067091345787,1766523113544
4,0.018879204988479614,1766523114010
4,0.034464262425899506,1766523114611
4,0.016125258058309555,1766523115368
4,0.002610508818179369,1766523115826
4,0.03842742741107941,1766523116380
4,0.3106437921524048,1766523117169
4,0.010702475905418396,1766523117688
4,0.007798279635608196,1766523118207
4,0.003322192467749119,1766523118956
4,0.09085507690906525,1766523119510
4,0.061076998710632324,1766523120011
4,0.478618860244751,1766523120794
4,0.021431520581245422,1766523121343
4,0.024378236383199692,1766523121860
4,0.006048219278454781,1766523122653
4,0.22491919994354248,1766523123213
4,0.1044716089963913,1766523123741
4,0.010388776659965515,1766523124536
4,0.002750824671238661,1766523125109
4,0.25133371353149414,1766523125689
4,0.01934744231402874,1766523126522
4,0.033866360783576965,1766523127014
4,0.17562401294708252,1766523127622
4,0.11918932944536209,1766523128430
4,0.01232817117124796,1766523128947
4,0.06741557270288467,1766523129579
4,0.012183068320155144,1766523130379
4,0.10959622263908386,1766523130892
4,0.01809096895158291,1766523131494
4,0.06352456659078598,1766523132232
4,0.06157741695642471,1766523132684
4,0.0639302209019661,1766523133205
4,0.015940945595502853,1766523133964
4,0.04186403378844261,1766523134494
4,0.03271561488509178,1766523135127
4,0.18002545833587646,1766523135913
4,0.00467938557267189,1766523136368
4,0.0734269917011261,1766523136879
4,0.061694785952568054,1766523137617
4,0.05300584435462952,1766523138108
4,0.10660986602306366,1766523138597
4,0.02137555368244648,1766523139304
4,0.004078919067978859,1766523139957
4,0.0073820846155285835,1766523140458
4,0.031909696757793427,1766523141178
4,0.0514332540333271,1766523141812
4,0.006805503275245428,1766523142309
4,0.0031090262345969677,1766523143098
4,0.035182155668735504,1766523143696
4,0.0029492871835827827,1766523144182
4,0.0442141592502594,1766523144827
4,0.002382950857281685,1766523145525
4,0.07119767367839813,1766523146010
4,0.05355742946267128,1766523146642
4,0.04041241109371185,1766523147350
4,0.14574065804481506,1766523147814
4,0.019767336547374725,1766523148496
4,0.00216644536703825,1766523149198
4,0.02444637008011341,1766523149687
4,0.0006534382700920105,1766523150269
4,0.07300372421741486,1766523151023
4,0.0024571851827204227,1766523151484
4,0.005749292206019163,1766523152127
4,0.08168382942676544,1766523152895
4,0.008244111202657223,1766523153377
4,0.11282715946435928,1766523153964
4,0.0006814100779592991,1766523154748
4,0.029962118715047836,1766523155209
4,0.0035377121530473232,1766523155840
4,0.0034094376023858786,1766523156570
4,0.24083904922008514,1766523157086
4,0.008740617893636227,1766523157713
4,0.051047489047050476,1766523158451
4,0.12786456942558289,1766523158927
4,0.01278166938573122,1766523159540
4,0.007886016741394997,1766523160291
4,0.08145229518413544,1766523160735
4,0.08651366084814072,1766523161356
4,0.0642271637916565,1766523162141
4,0.029649268835783005,1766523162639
4,0.01473264116793871,1766523163251
4,0.06375281512737274,1766523163934
4,0.004193093627691269,1766523164424
4,0.030155926942825317,1766523165059
4,0.019100792706012726,1766523165799
4,0.06799504160881042,1766523166310
4,0.009813390672206879,1766523166929
4,0.02533426322042942,1766523167631
4,0.03520025312900543,1766523168137
4,0.0006890830118209124,1766523168729
4,0.008668793365359306,1766523169384
4,0.0028545972891151905,1766523169951
4,0.1365814357995987,1766523170538
4,0.009076905436813831,1766523171196
4,0.0094826715067029,1766523171764
4,0.001603742246516049,1766523172339
4,0.0012294615153223276,1766523173031
4,0.007553686387836933,1766523173606
4,0.03764147311449051,1766523174177
4,0.05910106375813484,1766523174852
4,0.001955950865522027,1766523175416
4,0.6086060404777527,1766523176021
4,0.03899625688791275,1766523176693
4,0.09949078410863876,1766523177244
4,0.05122409760951996,1766523177835
4,0.2413179874420166,1766523178522
4,0.022832632064819336,1766523179161
4,0.07722920924425125,1766523179729
4,0.0031519620679318905,1766523180351
4,0.0369022898375988,1766523180992
4,0.004853349179029465,1766523181608
4,0.028021126985549927,1766523182269
4,0.27457934617996216,1766523182899
4,0.042292021214962006,1766523183538
4,0.09075672179460526,1766523184194
4,0.1420072615146637,1766523184786
4,0.019128497689962387,1766523185357
4,0.22611695528030396,1766523186112
4,0.0584045834839344,1766523186720
4,0.06338442116975784,1766523187325
4,0.06001219153404236,1766523187952
4,0.002504080068320036,1766523188537
4,0.01631356216967106,1766523189180
4,0.10241781175136566,1766523189842
4,0.14541181921958923,1766523190388
4,0.015078239142894745,1766523190984
4,0.023049069568514824,1766523191650
4,0.039787657558918,1766523192244
4,0.006006286945194006,1766523192844
4,0.19881442189216614,1766523193475
4,0.021774113178253174,1766523194079
4,0.08724496513605118,1766523194694
4,0.0077522192150354385,1766523195338
4,0.059528104960918427,1766523195934
4,0.004711770452558994,1766523196531
4,0.06188332289457321,1766523197188
4,0.033096663653850555,1766523197770
4,0.09084714204072952,1766523198381
4,0.032241031527519226,1766523199027
4,0.034958068281412125,1766523199654
4,0.17526637017726898,1766523200232
4,0.04819608852267265,1766523200887
4,0.013116275891661644,1766523201518
4,0.04630489647388458,1766523202136
4,0.026656996458768845,1766523202727
4,0.002648618072271347,1766523203362
4,0.012650745920836926,1766523204004
4,0.0011011301539838314,1766523204608
4,0.02158118225634098,1766523205245
4,0.03805655241012573,1766523205894
4,0.14011220633983612,1766523206454
4,0.01240692101418972,1766523206982
4,0.010576452128589153,1766523207591
4,0.012543942779302597,1766523208245
4,0.023727521300315857,1766523208817
4,0.026655597612261772,1766523209398
4,0.004035450518131256,1766523210107
4,0.04523959755897522,1766523210678
4,0.008991517126560211,1766523211231
4,0.04264888912439346,1766523211949
4,0.24364785850048065,1766523212482
4,0.006336703896522522,1766523213071
4,0.21113130450248718,1766523213804
4,0.0032199635170400143,1766523214381
4,0.002798535395413637,1766523215025
4,0.1725183129310608,1766523215724
4,0.05941236764192581,1766523216261
4,0.005784236826002598,1766523216883
4,0.05442565307021141,1766523217569
4,0.018016114830970764,1766523218085
4,0.06805366277694702,1766523218697
4,0.005854466464370489,1766523219359
4,0.02360304445028305,1766523219906
4,0.11483603715896606,1766523220501
4,0.07466340810060501,1766523221231
4,0.015591111965477467,1766523221786
4,0.03773316740989685,1766523222443
4,0.010741259902715683,1766523223157
4,0.04886314272880554,1766523223731
4,0.0025671229232102633,1766523224334
4,0.013418775983154774,1766523224981
4,0.02120441198348999,1766523225534
4,0.07470451295375824,1766523226176
4,0.011773820035159588,1766523226838
4,0.05464114993810654,1766523227407
4,0.000783876923378557,1766523228088
4,0.006088076159358025,1766523228749
4,0.07704456150531769,1766523229320
4,0.006906535476446152,1766523229941
4,0.009706873446702957,1766523230555
4,0.031833894550800323,1766523231098
4,0.0015618521720170975,1766523231725
4,0.0735466331243515,1766523232348
4,0.017056211829185486,1766523232846
4,0.017021747305989265,1766523233479
4,0.05813148245215416,1766523234130
4,0.047215536236763,1766523234563
4,0.0029189607594162226,1766523235164
4,0.0137122618034482,1766523235852
4,0.07513809204101562,1766523236368
4,0.0005824886029586196,1766523236966
4,0.015019036829471588,1766523237656
4,0.006245886906981468,1766523238187
4,0.10182934999465942,1766523238775
4,0.012857051566243172,1766523239517
4,0.004881047643721104,1766523240035
4,0.012077288702130318,1766523240646
4,0.04327170178294182,1766523241375
4,0.007470512762665749,1766523241884
4,0.06364937871694565,1766523242471
4,0.14376075565814972,1766523243234
4,0.0003156153252348304,1766523243751
4,0.1014769896864891,1766523244340
4,0.00913434661924839,1766523245063
4,0.11405418813228607,1766523245592
4,0.0038313339464366436,1766523246294
4,0.014658762142062187,1766523247008
4,0.0018711959710344672,1766523247443
4,0.07007527351379395,1766523248068
4,0.016998399049043655,1766523248784
4,0.03608468919992447,1766523249278
4,0.0010034425649791956,1766523249861
4,0.24621637165546417,1766523250616
4,0.006640935782343149,1766523251129
4,0.00610883766785264,1766523251769
4,0.2430805116891861,1766523252467
4,0.006660416256636381,1766523252972
4,0.0375964529812336,1766523253544
4,0.19743868708610535,1766523254332
4,0.09282521158456802,1766523254825
4,0.192851722240448,1766523255389
4,0.07292435318231583,1766523256225
4,0.051758307963609695,1766523256701
4,0.02891550399363041,1766523257265
4,0.09670992940664291,1766523258089
4,0.005250339861959219,1766523258573
4,0.00047135347267612815,1766523259143
4,0.06534186750650406,1766523259939
4,0.038843803107738495,1766523260403
4,0.016184166073799133,1766523261028
4,0.03340135142207146,1766523261842
4,0.0008623115136288106,1766523262277
4,0.07555043697357178,1766523262839
4,0.041778381913900375,1766523263680
4,0.003985937684774399,1766523264166
4,0.027221165597438812,1766523264813
4,0.035795193165540695,1766523265568
4,0.003968555945903063,1766523266006
4,0.018873225897550583,1766523266594
4,0.12911057472229004,1766523267389
4,0.07764440774917603,1766523267857
4,0.029760153964161873,1766523268446
4,0.00037687766598537564,1766523269252
4,0.07208916544914246,1766523269696
4,0.013703698292374611,1766523270254
4,0.05098956078290939,1766523271053
4,0.11433384567499161,1766523271553
4,0.031106049194931984,1766523272081
4,0.008866492658853531,1766523272858
4,0.004225193057209253,1766523273366
4,0.011508905328810215,1766523273907
4,0.001959665911272168,1766523274689
4,0.03030557744204998,1766523275202
4,0.05354003980755806,1766523275754
4,0.011181439273059368,1766523276581
4,0.09745912998914719,1766523277097
4,0.026898030191659927,1766523277561
4,0.13834130764007568,1766523278357
4,0.12444853782653809,1766523278874
4,0.38880136609077454,1766523279332
4,0.0016217182856053114,1766523280067
4,0.06762862950563431,1766523280713
4,0.07695390284061432,1766523281153
4,0.0456526093184948,1766523281723
4,0.0008283343049697578,1766523282509
4,0.02344052866101265,1766523282979
4,0.07537320256233215,1766523283601
4,0.01167311705648899,1766523284315
4,0.02438044734299183,1766523284823
4,0.004258846398442984,1766523285471
4,0.023744389414787292,1766523286193
4,0.05454995110630989,1766523286656
4,0.058686766773462296,1766523287272
4,0.030441900715231895,1766523288018
4,0.044578392058610916,1766523288498
4,0.13461795449256897,1766523289136
4,0.06371542066335678,1766523289867
4,0.01059859711676836,1766523290334
4,0.013184506446123123,1766523290986
4,0.006246891804039478,1766523291749
4,0.05269848182797432,1766523292201
4,0.04032273590564728,1766523292815
4,0.015234866179525852,1766523293568
4,0.0015932382084429264,1766523294041
4,0.005569490138441324,1766523294664
4,0.005466208793222904,1766523295431
4,0.0066050998866558075,1766523295906
4,0.1204882264137268,1766523296532
4,0.004563072230666876,1766523297303
4,0.023012826219201088,1766523297762
4,0.03460192680358887,1766523298358
4,0.036865849047899246,1766523299143
4,0.011301018297672272,1766523299606
4,0.07189038395881653,1766523300213
4,0.09704433381557465,1766523300991
4,0.016237029805779457,1766523301453
4,0.006109043024480343,1766523302051
4,0.016829581931233406,1766523302842
4,0.033226631581783295,1766523303292
4,0.02492622472345829,1766523303969
4,0.004895702004432678,1766523304705
4,0.004755106754601002,1766523305157
4,0.001315050758421421,1766523305788
4,0.01371451374143362,1766523306603
4,0.003593601519241929,1766523307060
4,0.0022564814426004887,1766523307677
4,0.003685473697260022,1766523308453
4,0.0026308787055313587,1766523308915
4,0.001076986314728856,1766523309567
4,0.018486779183149338,1766523310346
4,0.08776886761188507,1766523310808
4,0.09357669204473495,1766523311499
4,0.0009718738147057593,1766523312221
4,0.15116001665592194,1766523312676
4,0.010303055867552757,1766523313324
4,0.009193654172122478,1766523314036
4,0.0007727763149887323,1766523314523
4,0.18126437067985535,1766523315165
4,0.11863768845796585,1766523315901
4,0.02733057178556919,1766523316353
4,0.14471125602722168,1766523316976
4,0.005788285750895739,1766523317766
4,0.18264459073543549,1766523318214
4,0.003927736543118954,1766523318831
4,0.013008810579776764,1766523319610
4,0.025029659271240234,1766523320081
4,0.019366832450032234,1766523320726
4,0.0018732146127149463,1766523321496
4,0.07342176139354706,1766523321966
4,0.14030519127845764,1766523322680
4,0.0010443285573273897,1766523323350
4,0.10132284462451935,1766523323839
4,0.013859851285815239,1766523324478
4,0.02814350090920925,1766523325175
4,0.009279927238821983,1766523325650
4,0.011729528196156025,1766523326296
4,0.07481247186660767,1766523327026
4,0.001728319562971592,1766523327489
4,0.06103338673710823,1766523328157
4,0.11240984499454498,1766523328875
4,0.03316476196050644,1766523329349
4,0.023780718445777893,1766523329980
4,0.006074019707739353,1766523330753
4,0.007163279689848423,1766523331236
4,0.0005693755229003727,1766523331861
4,0.0031533732544630766,1766523332617
4,0.03231200575828552,1766523333114
4,0.008760390803217888,1766523333714
4,0.23510214686393738,1766523334521
4,0.04634466394782066,1766523335002
4,0.0524359829723835,1766523335649
4,0.02304673194885254,1766523336348
4,0.21922844648361206,1766523336799
4,0.006235192529857159,1766523337437
4,0.0011585495667532086,1766523338184
4,0.052962057292461395,1766523338651
4,0.02084718458354473,1766523339238
4,0.00223435927182436,1766523340027
4,0.1532280445098877,1766523340492
4,0.0024898527190089226,1766523341148
4,0.028254598379135132,1766523341882
4,0.008831387385725975,1766523342331
4,0.01218569464981556,1766523343001
4,0.020730139687657356,1766523343754
4,0.021765753626823425,1766523344194
4,0.017787063494324684,1766523344839
4,0.011357935145497322,1766523345600
4,0.0019028520910069346,1766523346046
4,0.049641866236925125,1766523346668
4,0.03260330483317375,1766523347431
4,0.05500601977109909,1766523347853
4,0.03136469051241875,1766523348375
4,0.009875142015516758,1766523349143
4,0.005602387711405754,1766523349614
4,0.10390376299619675,1766523350111
4,0.06292757391929626,1766523350853
4,0.041312605142593384,1766523351384
4,0.021413523703813553,1766523351861
4,0.029559366405010223,1766523352628
4,0.03261882811784744,1766523353188
4,0.12052562087774277,1766523353694
4,0.0017768105026334524,1766523354421
4,0.017877575010061264,1766523355039
4,0.008331909775733948,1766523355518
4,0.02552872709929943,1766523356157
4,0.03626950830221176,1766523356816
4,0.019906526431441307,1766523357237
4,0.0015550085809081793,1766523357838
4,0.000733624619897455,1766523358566
4,0.056498944759368896,1766523359023
4,0.002942904131487012,1766523359590
4,0.06545931100845337,1766523360383
4,0.07813898473978043,1766523360855
4,0.023166457191109657,1766523361437
4,0.0007994398474693298,1766523362177
4,0.0310983844101429,1766523362674
4,0.0046883029863238335,1766523363259
4,0.0007250345079228282,1766523364034
4,0.0779847726225853,1766523364534
4,0.0017016248311847448,1766523365120
4,0.02619282156229019,1766523365884
4,0.0032728170044720173,1766523366411
4,0.019555144011974335,1766523367015
4,0.01162206381559372,1766523367769
4,0.037740327417850494,1766523368259
4,0.005334951914846897,1766523368848
4,0.0684809461236,1766523369620
4,0.037939634174108505,1766523370099
4,0.09729360044002533,1766523370661
4,0.04482661187648773,1766523371439
4,0.005119862966239452,1766523371927
4,0.06644183397293091,1766523372453
4,0.0227152518928051,1766523373156
4,0.03371620923280716,1766523373726
4,0.003491266630589962,1766523374251
4,0.01414400152862072,1766523374969
4,0.0022406873758882284,1766523375503
4,0.00011518112296471372,1766523376016
4,0.014897741377353668,1766523376712
4,0.004477004054933786,1766523377305
4,0.008553856983780861,1766523377825
4,0.0007968769641593099,1766523378543
4,0.00855576153844595,1766523379157
4,0.002573171863332391,1766523379697
4,0.010620376095175743,1766523380391
4,0.024956995621323586,1766523381012
4,0.0006363067077472806,1766523381516
4,0.02739042602479458,1766523382217
4,0.013800402171909809,1766523382887
4,0.0077891238033771515,1766523383378
4,0.00025865653879009187,1766523384049
4,0.00047663127770647407,1766523384668
4,0.003734743222594261,1766523385142
4,0.10338802635669708,1766523385830
4,0.055085841566324234,1766523386515
4,0.03774784505367279,1766523387009
4,0.2338111698627472,1766523387702
4,0.0008150477660819888,1766523388389
4,0.0017591322539374232,1766523388878
4,0.11279769241809845,1766523389510
4,0.0016784928739070892,1766523390170
4,0.012478874064981937,1766523390647
4,0.050322506576776505,1766523391376
4,0.0075024934485554695,1766523392047
4,0.013674418441951275,1766523392511
4,0.09977945685386658,1766523393156
4,0.1703486293554306,1766523393863
4,0.03800925612449646,1766523394330
4,0.17436790466308594,1766523394983
4,0.1729779839515686,1766523395705
4,0.04732445627450943,1766523396173
4,0.0179758183658123,1766523396773
4,0.0020705703645944595,1766523397516
4,0.053923673927783966,1766523398055
4,0.056426916271448135,1766523398640
4,0.04486636817455292,1766523399390
4,0.022921284660696983,1766523399881
4,0.03526400402188301,1766523400505
4,0.01355758123099804,1766523401244
4,0.11252880841493607,1766523401762
4,0.04467254504561424,1766523402376
4,0.11621890962123871,1766523403139
4,0.01730375550687313,1766523403625
4,0.0809682309627533,1766523404247
4,0.02567785233259201,1766523404938
4,0.00566957239061594,1766523405450
4,0.061114244163036346,1766523406046
4,0.005469732917845249,1766523406824
4,0.014023834839463234,1766523407312
4,0.09138253331184387,1766523407927
4,0.02565925195813179,1766523408707
4,0.04651236534118652,1766523409185
4,0.0009359377436339855,1766523409854
4,0.13174423575401306,1766523410591
4,0.037833072245121,1766523411094
4,0.033917248249053955,1766523411837
4,0.08237416297197342,1766523412522
4,0.002501118229702115,1766523413038
4,0.0015808653552085161,1766523413700
4,0.05927501618862152,1766523414338
4,0.0021125408820807934,1766523414823
4,0.009087427519261837,1766523415472
4,0.17056740820407867,1766523416168
4,0.008709226734936237,1766523416644
4,0.03436591476202011,1766523417317
4,0.016224434599280357,1766523417991
4,0.021660950034856796,1766523418474
4,0.009263484738767147,1766523419073
4,0.05492406338453293,1766523419848
4,0.026228683069348335,1766523420341
4,0.0003208164416719228,1766523420973
4,0.003900823649019003,1766523421706
4,0.003310888074338436,1766523422207
4,0.000959032098762691,1766523422804
4,0.007961023598909378,1766523423574
4,0.16594386100769043,1766523424039
4,0.0041620731353759766,1766523424614
4,0.07459632307291031,1766523425379
4,0.000900526880286634,1766523425864
4,0.019626162946224213,1766523426425
4,0.02653985656797886,1766523427229
4,0.001045504119247198,1766523427662
4,0.17319004237651825,1766523428241
4,0.06480906903743744,1766523428973
4,0.18817894160747528,1766523429439
4,0.010594685561954975,1766523429994
4,0.10390350222587585,1766523430723
4,0.002922194078564644,1766523431264
4,0.0784991979598999,1766523431837
4,0.03221334517002106,1766523432533
4,0.023886986076831818,1766523433093
4,0.016177790239453316,1766523433641
4,0.002413098467513919,1766523434367
4,0.022652368992567062,1766523434917
4,0.06061490252614021,1766523435449
4,0.006638896651566029,1766523436144
4,0.09696392714977264,1766523436706
4,0.03912782296538353,1766523437214
4,0.05689986050128937,1766523437858
4,0.008789705112576485,1766523438529
4,0.01819789782166481,1766523439037
4,0.13137571513652802,1766523439759
4,0.0014009615406394005,1766523440391
4,0.014175481162965298,1766523440918
4,0.01903359964489937,1766523441601
4,0.0056636822409927845,1766523442240
4,0.005973752588033676,1766523442760
4,0.0027272081933915615,1766523443347
4,0.021838057786226273,1766523444049
4,0.0008461640682071447,1766523444498
4,0.02784115821123123,1766523445089
4,0.0066186548210680485,1766523445850
4,0.006906204856932163,1766523446311
4,0.00019658528617583215,1766523446929
4,0.0941745713353157,1766523447682
4,0.031163260340690613,1766523448176
4,0.004756488837301731,1766523448796
4,0.15614832937717438,1766523449527
4,0.010495124384760857,1766523450003
4,0.012410175055265427,1766523450616
4,0.06220633536577225,1766523451278
4,0.01613338105380535,1766523451755
4,0.02547943778336048,1766523452337
4,0.053787246346473694,1766523452979
4,0.013719387352466583,1766523453520
4,0.002069932408630848,1766523454093
4,0.00390163017436862,1766523454759
4,0.0499265193939209,1766523455283
4,0.0019680943805724382,1766523455886
4,0.130828395485878,1766523456479
4,0.13551928102970123,1766523457057
4,0.25457313656806946,1766523457609
4,0.0005088665056973696,1766523458280
4,0.14196372032165527,1766523458879
4,0.08840246498584747,1766523459421
4,0.0328819565474987,1766523460010
4,0.00344968494027853,1766523460596
4,0.011119295842945576,1766523461078
4,0.12904338538646698,1766523461718
4,0.15770657360553741,1766523462345
4,0.007143224589526653,1766523462854
4,0.028692767024040222,1766523463512
4,0.07914222031831741,1766523464152
4,0.01844390481710434,1766523464601
4,0.1270456314086914,1766523465241
4,0.028023961931467056,1766523465918
4,0.045112863183021545,1766523466434
4,0.010312669910490513,1766523466981
4,0.025947898626327515,1766523467678
4,0.03194519877433777,1766523468210
4,0.004694631323218346,1766523468817
4,0.08073066920042038,1766523469558
4,0.023953011259436607,1766523470083
4,0.0074521880596876144,1766523470669
4,0.01197741087526083,1766523471325
4,0.10891521722078323,1766523471879
4,0.012500791810452938,1766523472431
4,0.0024749627336859703,1766523473093
4,0.01327086053788662,1766523473671
4,0.0009169484255835414,1766523474197
4,0.042151909321546555,1766523474860
4,0.014443159103393555,1766523475490
4,0.04089368134737015,1766523476004
4,0.02985992096364498,1766523476659
4,0.028692178428173065,1766523477281
4,0.06467822939157486,1766523477772
4,0.002846667543053627,1766523478437
4,0.007007110398262739,1766523479075
4,0.00300493068061769,1766523479590
4,0.0010044081136584282,1766523480263
4,0.015849780291318893,1766523480935
4,0.0016115158796310425,1766523481436
4,0.0023166798055171967,1766523482101
4,0.03039548546075821,1766523482774
4,0.1708800196647644,1766523483244
4,0.015520039945840836,1766523483875
4,0.08669356256723404,1766523484604
4,0.015177750959992409,1766523485114
4,0.01916925050318241,1766523485729
4,0.020042072981595993,1766523486468
4,0.016428636386990547,1766523486924
4,0.04060355946421623,1766523487577
4,0.09147362411022186,1766523488225
4,0.008763305842876434,1766523488742
4,0.08300494402647018,1766523489307
4,0.005455049220472574,1766523490051
4,0.022983524948358536,1766523490549
4,0.0009993730345740914,1766523491147
4,0.14185334742069244,1766523491882
4,0.010055567137897015,1766523492386
4,0.005043461918830872,1766523493004
4,0.028722455725073814,1766523493728
4,0.03573071211576462,1766523494243
4,0.01061919517815113,1766523494794
4,0.03938467055559158,1766523495560
4,0.0005660444730892777,1766523496087
4,0.05139744281768799,1766523496643
4,0.062087733298540115,1766523497360
4,0.0016171017196029425,1766523497917
4,0.012992776930332184,1766523498410
4,0.08351267874240875,1766523499168
4,0.08704327046871185,1766523499706
4,0.17082397639751434,1766523500251
4,0.0004481024807319045,1766523500971
4,0.020553428679704666,1766523501528
4,0.0029106975998729467,1766523502032
4,0.12950921058654785,1766523502793
4,0.028988415375351906,1766523503324
4,0.0022839498706161976,1766523503838
4,0.09052274376153946,1766523504537
4,0.029662972316145897,1766523505119
4,0.0314473994076252,1766523505571
4,0.04030304402112961,1766523506223
4,0.07252725213766098,1766523506898
4,0.0077134291641414165,1766523507381
4,0.018671507015824318,1766523508028
4,0.00432584248483181,1766523508776
4,0.0013038646429777145,1766523509278
4,0.21707336604595184,1766523509930
4,0.004232523962855339,1766523510620
4,0.011728376150131226,1766523511081
4,0.025561869144439697,1766523511684
4,0.0005364210228435695,1766523512394
4,0.032639045268297195,1766523512867
4,0.011913403868675232,1766523513437
4,0.004808065947145224,1766523514206
4,0.0644075945019722,1766523514664
4,0.03052087128162384,1766523515257
4,0.04292028769850731,1766523516018
4,0.06838774681091309,1766523516511
4,0.061911437660455704,1766523517011
4,0.03991789370775223,1766523517793
4,0.04500077664852142,1766523518315
4,0.02091887779533863,1766523518843
4,0.1464041918516159,1766523519620
4,0.053130559623241425,1766523520147
4,0.025123564526438713,1766523520613
4,0.05155985802412033,1766523521288
4,0.00021071625815238804,1766523521864
4,0.08217068016529083,1766523522371
4,0.10816413909196854,1766523523077
4,0.018972134217619896,1766523523731
4,0.21063891053199768,1766523524214
4,0.015375365503132343,1766523524932
4,0.02074074000120163,1766523525574
4,0.005650728940963745,1766523527163
4,0.00012041813170071691,1766523527625
4,0.04580181464552879,1766523528108
4,0.016283422708511353,1766523528773
4,0.1242971271276474,1766523529495
4,0.006152728106826544,1766523529978
4,0.11128770560026169,1766523530567
4,0.00032252020901069045,1766523531313
4,0.006262704264372587,1766523531768
4,0.001101515837945044,1766523532310
4,0.04611809179186821,1766523533067
4,0.008630359545350075,1766523533508
4,0.1099473088979721,1766523534001
4,0.04265817999839783,1766523534770
4,0.1955127865076065,1766523535313
4,0.0002735524903982878,1766523535798
4,0.04187910631299019,1766523536500
4,0.02796722576022148,1766523537034
4,0.013593891635537148,1766523537531
4,0.017949657514691353,1766523538151
4,0.0015757785877212882,1766523538858
4,0.10087036341428757,1766523539322
4,0.026542790234088898,1766523539920
4,0.017146902158856392,1766523540672
4,0.017466602846980095,1766523541168
4,0.19528362154960632,1766523541741
4,0.05705453082919121,1766523542515
4,0.012091310694813728,1766523542990
4,0.04191900044679642,1766523543601
4,0.24544382095336914,1766523544335
4,0.04255516454577446,1766523544790
5,0.015401867218315601,1766523545322
5,0.07566727697849274,1766523546172
5,0.00607188418507576,1766523546656
5,0.05014706403017044,1766523547206
5,0.021551568061113358,1766523548027
5,0.029436513781547546,1766523548546
5,0.012542865239083767,1766523549052
5,0.07585459202528,1766523549838
5,0.029020195826888084,1766523550344
5,0.01356655266135931,1766523550851
5,0.012180613353848457,1766523551674
5,0.005451721139252186,1766523552188
5,0.20445063710212708,1766523552724
5,0.009190087206661701,1766523553534
5,0.12922468781471252,1766523554053
5,0.13828106224536896,1766523554611
5,0.12362983822822571,1766523555386
5,0.002629394643008709,1766523555866
5,0.06581466645002365,1766523556367
5,0.022990496829152107,1766523557152
5,0.030973702669143677,1766523557673
5,0.002101035788655281,1766523558201
5,0.026345718652009964,1766523558968
5,0.004735754802823067,1766523559474
5,0.01569240726530552,1766523559981
5,0.005298634525388479,1766523560697
5,0.08615727722644806,1766523561275
5,0.004582690075039864,1766523561712
5,0.03429536148905754,1766523562321
5,0.24124199151992798,1766523562936
5,0.051492463797330856,1766523563325
5,0.007730894722044468,1766523563755
5,0.013359379023313522,1766523564502
5,0.10556843131780624,1766523564991
5,0.020786665380001068,1766523565432
5,0.02433505840599537,1766523565980
5,0.0397927351295948,1766523566597
5,0.002885024528950453,1766523567015
5,0.003809882327914238,1766523567486
5,0.0217954833060503,1766523568140
5,0.00396968238055706,1766523568662
5,0.03931327164173126,1766523569107
5,0.008554160594940186,1766523569684
5,0.010798432864248753,1766523570295
5,0.0020336629822850227,1766523570713
5,0.0180123932659626,1766523571168
5,0.001638814457692206,1766523571731
5,0.0035328567028045654,1766523572262
5,0.0035692364908754826,1766523572659
5,0.041050247848033905,1766523573128
5,0.023466112092137337,1766523573757
5,0.0006438662530854344,1766523574266
5,0.01108317356556654,1766523574683
5,0.019403286278247833,1766523575246
5,0.028086429461836815,1766523575862
5,0.0017449752194806933,1766523576296
5,0.07690853625535965,1766523576761
5,0.03474663943052292,1766523577424
5,0.06476237624883652,1766523577935
5,0.047696929425001144,1766523578358
5,0.0002235114952782169,1766523578945
5,0.001581793650984764,1766523579572
5,0.00032978918170556426,1766523580025
5,0.00035773334093391895,1766523580526
5,0.00548698753118515,1766523581142
5,0.00506253307685256,1766523581665
5,0.00428458396345377,1766523582093
5,0.18784169852733612,1766523582667
5,0.004455578047782183,1766523583299
5,0.04106074571609497,1766523583739
5,0.012913797982037067,1766523584200
5,0.01005221251398325,1766523584835
5,0.0006032417877577245,1766523585369
5,0.0019267051247879863,1766523585796
5,0.029275380074977875,1766523586341
5,0.11785075068473816,1766523586951
5,0.0116881700232625,1766523587411
5,0.017025085166096687,1766523587882
5,0.012031051330268383,1766523588508
5,0.05175062268972397,1766523589062
5,0.053611673414707184,1766523589496
5,0.005205314606428146,1766523590063
5,0.054829102009534836,1766523590653
5,0.15253318846225739,1766523591118
5,0.021490447223186493,1766523591596
5,0.017817972227931023,1766523592201
5,0.010385402478277683,1766523592770
5,0.0014188046334311366,1766523593191
5,0.026697250083088875,1766523593720
5,0.005916039925068617,1766523594278
5,0.0052345828153193,1766523594718
5,0.0957881435751915,1766523595138
5,0.004684430081397295,1766523595698
5,0.027294112369418144,1766523596305
5,0.0047412896528840065,1766523596759
5,0.12540040910243988,1766523597206
5,0.09230053424835205,1766523597816
5,0.03052148036658764,1766523598345
5,0.014293909072875977,1766523598776
5,0.0006619705818593502,1766523599283
5,0.005222895182669163,1766523599936
5,0.0006896910490468144,1766523600419
5,0.029641350731253624,1766523600897
5,0.00040777321555651724,1766523601439
5,0.0035158570390194654,1766523602026
5,0.14950193464756012,1766523602613
5,0.003652572864666581,1766523603055
5,0.006632382515817881,1766523603595
5,0.0018836570670828223,1766523604157
5,0.0008865187992341816,1766523604700
5,0.05857626721262932,1766523605182
5,0.04711785539984703,1766523605775
5,0.0011421957751736045,1766523606402
5,0.00044840038754045963,1766523606890
5,0.03225921094417572,1766523607403
5,0.019261116161942482,1766523607959
5,0.09770027548074722,1766523608451
5,0.01778191141784191,1766523608978
5,0.05639400705695152,1766523609516
5,0.008810458704829216,1766523610097
5,0.10036158561706543,1766523610581
5,0.007258730009198189,1766523611103
5,0.0021176422014832497,1766523611629
5,0.0021530911326408386,1766523612161
5,0.2889041006565094,1766523612695
5,0.030217574909329414,1766523613218
5,0.028445517644286156,1766523613762
5,0.006361945066601038,1766523614263
5,0.042969606816768646,1766523614798
5,0.0007168864831328392,1766523615335
5,0.0027092108502984047,1766523615883
5,0.11927922070026398,1766523616406
5,0.005641397088766098,1766523616933
5,0.009838603436946869,1766523617503
5,0.007955925539135933,1766523617980
5,0.04737981781363487,1766523618515
5,0.06247750297188759,1766523619080
5,0.02429145574569702,1766523619606
5,0.09793888032436371,1766523620151
5,0.05815896764397621,1766523620685
5,0.016394583508372307,1766523621242
5,0.005686534568667412,1766523621734
5,0.010353405959904194,1766523622244
5,0.1589571088552475,1766523622773
5,0.021592045202851295,1766523623318
5,0.011469699442386627,1766523623867
5,0.00281039928086102,1766523624391
5,0.008706219494342804,1766523624960
5,0.056780535727739334,1766523625458
5,0.008065915666520596,1766523625976
5,0.015783244743943214,1766523626503
5,0.004314284771680832,1766523627044
5,0.06819813698530197,1766523627568
5,0.027039702981710434,1766523628068
5,0.0021851814817637205,1766523628654
5,0.3529881238937378,1766523629178
5,0.02803751826286316,1766523629708
5,0.0774424597620964,1766523630269
5,0.009041370823979378,1766523630780
5,0.0009209619020111859,1766523631311
5,0.03570717200636864,1766523631835
5,0.0036426433362066746,1766523632416
5,0.0016048301476985216,1766523632894
5,0.017901819199323654,1766523633456
5,0.02395681105554104,1766523634029
5,0.0008659320301376283,1766523634534
5,0.006142925005406141,1766523635102
5,0.009515257552266121,1766523635616
5,0.05002380535006523,1766523636185
5,0.0003993991995230317,1766523636664
5,0.002731081796810031,1766523637232
5,0.0033082759473472834,1766523637803
5,0.06200084462761879,1766523638271
5,0.0003518210432957858,1766523638804
5,0.037381842732429504,1766523639334
5,0.0010774002876132727,1766523639904
5,0.0019246538868173957,1766523640396
5,0.00512420479208231,1766523640955
5,0.10174376517534256,1766523641510
5,0.013160491362214088,1766523641994
5,0.07043930888175964,1766523642555
5,0.007143349386751652,1766523643090
5,0.06055808067321777,1766523643626
5,0.010753048583865166,1766523644117
5,0.03063366562128067,1766523644653
5,0.0005726529634557664,1766523645156
5,0.013005870394408703,1766523645685
5,0.023532871156930923,1766523646230
5,0.0035351738333702087,1766523646776
5,0.03474124148488045,1766523647339
5,0.007096867077052593,1766523647803
5,0.050862498581409454,1766523648329
5,0.005811656359583139,1766523648808
5,0.0006789088947698474,1766523649322
5,0.071998730301857,1766523649824
5,0.0008990796050056815,1766523650317
5,0.021491270512342453,1766523650878
5,0.009740454144775867,1766523651389
5,0.0952792540192604,1766523651909
5,0.0019000034080818295,1766523652437
5,0.03067951090633869,1766523652957
5,0.00522193219512701,1766523653448
5,0.03212348744273186,1766523653969
5,0.04046177491545677,1766523654492
5,9.728773147799075e-05,1766523654999
5,0.0008939959807321429,1766523655526
5,0.007614816538989544,1766523656073
5,0.0716121569275856,1766523656610
5,0.007131162099540234,1766523657074
5,0.0012546931393444538,1766523657616
5,0.014885875396430492,1766523658187
5,0.012091878801584244,1766523658701
5,0.0010180467506870627,1766523659262
5,0.052046552300453186,1766523659757
5,0.017204344272613525,1766523660326
5,0.04191924259066582,1766523660833
5,0.013391555286943913,1766523661381
5,0.007603256497532129,1766523661937
5,0.04185209423303604,1766523662431
5,0.15491877496242523,1766523662969
5,0.05515173077583313,1766523663449
5,0.03885688632726669,1766523664018
5,0.0007927048136480153,1766523664553
5,0.04639282077550888,1766523665084
5,0.004052856937050819,1766523665612
5,0.0020021796226501465,1766523666166
5,0.0356859490275383,1766523666722
5,0.0016625814605504274,1766523667233
5,0.004771075211465359,1766523667783
5,0.01602150686085224,1766523668270
5,0.004315467551350594,1766523668798
5,0.010307369753718376,1766523669296
5,0.0589672289788723,1766523669762
5,0.08082589507102966,1766523670288
5,0.25247013568878174,1766523670792
5,0.06767279654741287,1766523671352
5,0.02354605868458748,1766523671812
5,0.0016747466288506985,1766523672336
5,0.019053203985095024,1766523672837
5,0.23151536285877228,1766523673378
5,0.012015649117529392,1766523673834
5,0.03944617509841919,1766523674332
5,0.04675152152776718,1766523674879
5,0.12126927077770233,1766523675393
5,0.008836634457111359,1766523675925
5,0.0023919863160699606,1766523676444
5,0.020885281264781952,1766523677012
5,0.0021294092293828726,1766523677474
5,0.014270681887865067,1766523678023
5,0.03369496762752533,1766523678564
5,0.01995445229113102,1766523679065
5,0.0003417949774302542,1766523679586
5,0.02278478443622589,1766523680111
5,0.022781314328312874,1766523680660
5,0.0009350485634058714,1766523681151
5,0.06261475384235382,1766523681710
5,0.041792575269937515,1766523682290
5,0.10041219741106033,1766523682784
5,0.1669692099094391,1766523683272
5,0.005588028114289045,1766523683869
5,0.02147163264453411,1766523684438
5,0.010371608659625053,1766523684923
5,0.005302472971379757,1766523685504
5,0.17005708813667297,1766523686076
5,0.003122206311672926,1766523686523
5,0.005214541684836149,1766523687021
5,0.09077082574367523,1766523687568
5,0.0049664173275232315,1766523688061
5,0.04065363481640816,1766523688532
5,0.021400919184088707,1766523689033
5,0.08773314952850342,1766523689597
5,0.001658849767409265,1766523690114
5,0.047693293541669846,1766523690563
5,0.00232927268370986,1766523691146
5,0.012984992936253548,1766523691718
5,0.0011433367617428303,1766523692167
5,0.013975918292999268,1766523692688
5,0.0045938086695969105,1766523693212
5,0.08956687897443771,1766523693791
5,0.004829239100217819,1766523694230
5,0.008901242166757584,1766523694774
5,0.013089368119835854,1766523695336
5,0.00927775353193283,1766523695778
5,0.010802514851093292,1766523696267
5,0.1603005826473236,1766523696845
5,0.012570967897772789,1766523697406
5,0.019349852576851845,1766523697847
5,0.004426525440067053,1766523698374
5,0.09064988046884537,1766523698944
5,0.0019418025622144341,1766523699422
5,0.13708697259426117,1766523699866
5,0.10390333831310272,1766523700452
5,0.04257912188768387,1766523700978
5,0.0019576619379222393,1766523701408
5,0.15048711001873016,1766523701893
5,0.016288593411445618,1766523702475
5,0.08360952883958817,1766523702990
5,0.06849721074104309,1766523703437
5,0.022834178060293198,1766523703987
5,0.17543096840381622,1766523704573
5,0.010398291982710361,1766523705070
5,0.035530462861061096,1766523705555
5,0.027686117216944695,1766523706165
5,0.0030392054468393326,1766523706811
5,0.04334701597690582,1766523707222
5,0.10967007279396057,1766523707776
5,0.28301185369491577,1766523708354
5,0.011770631186664104,1766523708842
5,0.07866214960813522,1766523709337
5,0.005545325577259064,1766523709933
5,0.0038542402908205986,1766523710436
5,0.05498841404914856,1766523710911
5,0.001179295126348734,1766523711464
5,0.029580166563391685,1766523712053
5,0.007487875409424305,1766523712575
5,0.003844614839181304,1766523713033
5,0.000815380597487092,1766523713578
5,0.04014649614691734,1766523714140
5,0.0004239987174514681,1766523714570
5,0.03796067833900452,1766523715089
5,0.0035666991025209427,1766523715661
5,0.0019254565704613924,1766523716193
5,0.004208611790090799,1766523716641
5,0.05585747957229614,1766523717174
5,0.10462184250354767,1766523717672
5,0.0006351370830088854,1766523718170
5,0.0044595543295145035,1766523718644
5,0.08253824710845947,1766523719243
5,0.04992278665304184,1766523719780
5,0.09957803785800934,1766523720208
5,0.0015954930568113923,1766523720756
5,0.0014665218768641353,1766523721350
5,0.022014040499925613,1766523721820
5,0.003207447938621044,1766523722245
5,0.0069883838295936584,1766523722811
5,0.01799079030752182,1766523723417
5,0.015095576643943787,1766523723851
5,0.004324354697018862,1766523724341
5,0.007945196703076363,1766523724898
5,0.002146485960111022,1766523725461
5,0.0735451728105545,1766523725947
5,0.0017428017454221845,1766523726524
5,0.0008155290270224214,1766523727106
5,0.03181825578212738,1766523727531
5,0.058618295937776566,1766523728080
5,0.04315886273980141,1766523728689
5,0.19557780027389526,1766523729198
5,0.02573981136083603,1766523729647
5,0.0682326927781105,1766523730223
5,0.07270903140306473,1766523730803
5,0.09089626371860504,1766523731248
5,0.07856319844722748,1766523731759
5,0.06535141915082932,1766523732323
5,0.01564026065170765,1766523732868
5,0.1373288333415985,1766523733301
5,0.07208295166492462,1766523733883
5,0.024117713794112206,1766523734478
5,0.008193220011889935,1766523734911
5,0.026432760059833527,1766523735337
5,0.04915310814976692,1766523735908
5,0.00901069212704897,1766523736442
5,0.1281166672706604,1766523736879
5,0.045406874269247055,1766523737372
5,0.007667114958167076,1766523737932
5,0.03502969071269035,1766523738460
5,0.009906385093927383,1766523738907
5,0.00517476350069046,1766523739473
5,0.002273675985634327,1766523740058
5,0.0014374768361449242,1766523740522
5,0.09352296590805054,1766523740990
5,0.19076530635356903,1766523741552
5,0.0010486954124644399,1766523742062
5,0.0003128353855572641,1766523742458
5,0.013562755659222603,1766523742942
5,0.004026454873383045,1766523743571
5,0.008558465167880058,1766523744090
5,0.022018156945705414,1766523744536
5,0.01776309683918953,1766523745109
5,0.017588989809155464,1766523745699
5,0.04404818266630173,1766523746163
5,0.002638275735080242,1766523746643
5,0.014114606194198132,1766523747257
5,0.09257012605667114,1766523747776
5,0.06629195064306259,1766523748202
5,0.055731672793626785,1766523748744
5,0.01426833774894476,1766523749297
5,0.002169143408536911,1766523749764
5,0.0018422077409923077,1766523750237
5,0.008800391107797623,1766523750751
5,0.001163196167908609,1766523751316
5,0.010616444051265717,1766523751743
5,0.00041014672024175525,1766523752234
5,0.025953508913517,1766523752852
5,0.20033374428749084,1766523753330
5,0.002667334396392107,1766523753766
5,0.028900664299726486,1766523754285
5,0.05389857292175293,1766523754883
5,0.17381343245506287,1766523755313
5,0.012617338448762894,1766523755760
5,0.0004431591078173369,1766523756376
5,0.013489716686308384,1766523756961
5,0.04578110948204994,1766523757402
5,0.007879265584051609,1766523757954
5,0.048334553837776184,1766523758595
5,0.006120704114437103,1766523759051
5,0.06945133954286575,1766523759508
5,0.0010525659890845418,1766523760112
5,0.016543813049793243,1766523760653
5,0.01379396766424179,1766523761083
5,0.06563656032085419,1766523761596
5,0.030771002173423767,1766523762217
5,0.06719896197319031,1766523762692
5,0.025736292824149132,1766523763147
5,0.07621733844280243,1766523763712
5,0.006310534197837114,1766523764294
5,0.006741708144545555,1766523764728
5,0.008506573736667633,1766523765213
5,0.20152831077575684,1766523765861
5,0.09132704138755798,1766523766405
5,0.08878832310438156,1766523766876
5,0.06280074268579483,1766523767445
5,0.004499646369367838,1766523768016
5,0.04253328964114189,1766523768467
5,0.008289589546620846,1766523768942
5,0.002757496200501919,1766523769590
5,0.3487241864204407,1766523770075
5,0.05173696205019951,1766523770494
5,0.003926810808479786,1766523771042
5,0.0005640835734084249,1766523771631
5,0.06887680292129517,1766523772072
5,0.12074821442365646,1766523772534
5,0.0025358805432915688,1766523773189
5,0.01595463417470455,1766523773703
5,0.05454622581601143,1766523774136
5,0.018351756036281586,1766523774661
5,0.021996689960360527,1766523775269
5,0.1366845667362213,1766523775742
5,0.04603022709488869,1766523776175
5,0.06566981971263885,1766523776750
5,0.03838207945227623,1766523777317
5,0.0027608892414718866,1766523777764
5,0.022626789286732674,1766523778236
5,0.11142153292894363,1766523778892
5,0.05300049111247063,1766523779392
5,0.08851165324449539,1766523779819
5,0.02409786731004715,1766523780390
5,0.0018162683118134737,1766523780963
5,0.00217614253051579,1766523781407
5,0.17891231179237366,1766523781844
5,0.017423134297132492,1766523782491
5,0.21968749165534973,1766523783026
5,0.0066044507548213005,1766523783463
5,0.014573539607226849,1766523783965
5,0.04558262601494789,1766523784609
5,0.03555086627602577,1766523785028
5,0.0756215825676918,1766523785462
5,0.020487859845161438,1766523786074
5,0.009034626185894012,1766523786671
5,0.08523232489824295,1766523787079
5,0.0018041068688035011,1766523787552
5,0.08247873932123184,1766523788234
5,0.06674490123987198,1766523788719
5,0.13303330540657043,1766523789154
5,0.01117316447198391,1766523789774
5,0.0049354457296431065,1766523790342
5,0.013998310081660748,1766523790756
5,0.14396484196186066,1766523791181
5,0.0767703503370285,1766523791864
5,0.012750595808029175,1766523792361
5,0.0008163041202351451,1766523792811
5,0.048193059861660004,1766523793406
5,0.06311497092247009,1766523794051
5,0.020497215911746025,1766523794460
5,0.06871840357780457,1766523794889
5,0.003226802684366703,1766523795512
5,0.0008864137926138937,1766523796039
5,0.04587627202272415,1766523796474
5,0.07956741750240326,1766523797006
5,0.10341986268758774,1766523797642
5,0.011045186780393124,1766523798108
5,0.1102902963757515,1766523798543
5,0.023113913834095,1766523799144
5,0.0039660315960645676,1766523799689
5,0.005362329073250294,1766523800106
5,0.019182799383997917,1766523800575
5,0.015835002064704895,1766523801195
5,0.006006123963743448,1766523801680
5,0.005263164173811674,1766523802114
5,0.005996624939143658,1766523802656
5,0.0033314076717942953,1766523803246
5,0.023486509919166565,1766523803694
5,0.05841384455561638,1766523804138
5,0.002303098328411579,1766523804767
5,0.001614745706319809,1766523805320
5,0.041366904973983765,1766523805764
5,0.002141091041266918,1766523806246
5,0.005103148519992828,1766523806900
5,0.051460422575473785,1766523807347
5,0.0012934664264321327,1766523807770
5,0.08486410230398178,1766523808391
5,0.00041141605470329523,1766523808948
5,0.03886877000331879,1766523809383
5,0.057448312640190125,1766523809847
5,0.016602635383605957,1766523810546
5,0.04734053835272789,1766523811032
5,0.003721293993294239,1766523811457
5,0.12382146716117859,1766523812058
5,0.0016309574712067842,1766523812646
5,0.01632114127278328,1766523813087
5,0.004178853239864111,1766523813606
5,0.034474365413188934,1766523814300
5,0.1708471179008484,1766523814779
5,0.07836903631687164,1766523815235
5,0.002757737413048744,1766523815855
5,0.009112035855650902,1766523816413
5,0.006914564874023199,1766523816844
5,0.039569515734910965,1766523817326
5,0.06850773841142654,1766523817996
5,0.013926791027188301,1766523818492
5,0.0018900258000940084,1766523818915
5,0.06866656988859177,1766523819500
5,0.0006428121123462915,1766523820112
5,0.0034906757064163685,1766523820537
5,0.01719689927995205,1766523821034
5,0.0028628651052713394,1766523821674
5,0.07584409415721893,1766523822145
5,0.010326124727725983,1766523822564
5,0.010051707737147808,1766523823143
5,0.008967336267232895,1766523823795
5,0.0017002539243549109,1766523824203
5,0.00369470426812768,1766523824727
5,0.01679873652756214,1766523825376
5,0.006180020980536938,1766523825860
5,0.04615688696503639,1766523826296
5,0.004764662589877844,1766523827272
5,0.011060106568038464,1766523827775
5,0.002526248572394252,1766523828179
5,0.001981019740924239,1766523828704
5,0.04634678363800049,1766523829424
5,0.06595785170793533,1766523829863
5,0.0046749478206038475,1766523830328
5,0.004546906799077988,1766523831030
5,0.07137341797351837,1766523831486
5,0.0652492344379425,1766523831890
5,0.010909552685916424,1766523832409
5,0.06434064358472824,1766523833081
5,0.07055824249982834,1766523833485
5,0.011337588541209698,1766523833923
5,0.013389953412115574,1766523834566
5,0.0061997282318770885,1766523835123
5,0.0006096628494560719,1766523835530
5,0.0011515048099681735,1766523836006
5,0.013558057136833668,1766523836728
5,0.013762978836894035,1766523837173
5,0.00895275641232729,1766523837598
5,0.06154710054397583,1766523838206
5,0.001313625369220972,1766523838802
5,0.10984207689762115,1766523839221
5,0.004327624104917049,1766523839727
5,0.026544593274593353,1766523840447
5,0.02730865776538849,1766523840899
5,0.006365145556628704,1766523841329
5,0.07856088876724243,1766523841938
5,0.0009860573336482048,1766523842504
5,0.03283291310071945,1766523842905
5,0.10291138291358948,1766523843383
5,0.026724450290203094,1766523844060
5,0.0616750568151474,1766523844518
5,0.005719930864870548,1766523844944
5,0.0009523213957436383,1766523845492
5,0.01895635388791561,1766523846223
5,0.004440754186362028,1766523846634
5,0.003202706342563033,1766523847137
5,0.036452893167734146,1766523847848
5,0.1465313881635666,1766523848299
5,0.024936141446232796,1766523848722
5,0.014868069440126419,1766523849397
5,0.01314538810402155,1766523849954
5,0.009505059570074081,1766523850368
5,0.040388934314250946,1766523850812
5,0.0011661779135465622,1766523851555
5,0.08135194331407547,1766523851991
5,0.001276547322049737,1766523852409
5,0.0013208836317062378,1766523852957
5,0.02877657860517502,1766523853579
5,0.0006545799551531672,1766523854007
5,0.0356103852391243,1766523854435
5,0.0022399737499654293,1766523855146
5,0.049707744270563126,1766523855680
5,0.15709079802036285,1766523856091
5,0.016564399003982544,1766523856638
5,0.002043977379798889,1766523857239
5,0.017145389690995216,1766523857665
5,0.001600156188942492,1766523858069
5,0.00044589510071091354,1766523858704
5,0.028215747326612473,1766523859295
5,0.00014119646220933646,1766523859722
5,0.004832121077924967,1766523860203
5,0.016165034845471382,1766523860915
5,0.00261052162386477,1766523861339
5,0.030928049236536026,1766523861728
5,0.1229066550731659,1766523862286
5,0.013047277927398682,1766523862945
5,0.015575936064124107,1766523863354
5,0.07194429636001587,1766523863806
5,0.0073238275945186615,1766523864493
5,0.04995901137590408,1766523864970
5,0.020311003550887108,1766523865388
5,0.001362846465781331,1766523865989
5,0.0045788949355483055,1766523866629
5,0.042211566120386124,1766523867055
5,0.04100878909230232,1766523867510
5,0.001398864551447332,1766523868229
5,0.007062964141368866,1766523868686
5,0.005611942615360022,1766523869090
5,0.004732564091682434,1766523869616
5,0.001975700492039323,1766523870296
5,0.04873548448085785,1766523870731
5,0.002121398691087961,1766523871203
5,0.06522529572248459,1766523871900
5,0.008136331103742123,1766523872391
5,0.014321413822472095,1766523872797
5,0.0033409264869987965,1766523873340
5,0.0019492957508191466,1766523874048
5,0.004460098221898079,1766523874470
5,0.07522802799940109,1766523874913
5,0.001211356371641159,1766523875555
5,0.009057557210326195,1766523876065
5,0.08150379359722137,1766523876460
5,0.028969528153538704,1766523876937
5,0.008384563028812408,1766523877671
5,0.0034898531157523394,1766523878081
5,0.10384812951087952,1766523878499
5,0.07213635742664337,1766523879045
5,0.0030888596083968878,1766523879697
5,0.002551756799221039,1766523880113
5,0.0788453072309494,1766523880566
5,0.09956222772598267,1766523881241
5,0.022800784558057785,1766523881719
5,0.053217872977256775,1766523882091
5,0.035309623926877975,1766523882577
5,0.002484508790075779,1766523883261
5,0.056696806102991104,1766523883694
5,0.12236159294843674,1766523884134
5,0.021158268675208092,1766523884727
5,0.05747056007385254,1766523885323
5,0.03418310359120369,1766523885752
5,0.017395731061697006,1766523886244
5,0.022408150136470795,1766523886937
5,0.014259894378483295,1766523887414
5,0.030030550435185432,1766523887849
5,0.006748368497937918,1766523888475
5,0.0003138139145448804,1766523889032
5,0.0013317296979948878,1766523889455
5,0.005861394107341766,1766523889932
5,8.189458458218724e-05,1766523890601
5,0.0009155840962193906,1766523891056
5,0.017202841117978096,1766523891492
5,0.00234234775416553,1766523892038
5,0.002989403670653701,1766523892678
5,0.10026945173740387,1766523893106
5,0.006263837218284607,1766523893587
5,0.06505247205495834,1766523894313
5,0.09165997803211212,1766523894794
5,0.006465128157287836,1766523895213
5,0.2910439968109131,1766523895803
5,0.0052567641250789165,1766523896411
5,0.03440886363387108,1766523896838
5,0.037351612001657486,1766523897293
5,0.036358125507831573,1766523897957
5,0.009593901224434376,1766523898455
5,0.011164022609591484,1766523898860
5,0.014622500166296959,1766523899399
5,0.07607562839984894,1766523900080
5,0.04871920496225357,1766523900493
5,0.15512406826019287,1766523900954
5,0.057662464678287506,1766523901621
5,0.00854981504380703,1766523902148
5,0.18225884437561035,1766523902549
5,0.03467753529548645,1766523903116
5,0.0009202953660860658,1766523903779
5,0.005158480256795883,1766523904203
5,0.1496380865573883,1766523904678
5,0.02309923805296421,1766523905297
5,0.005469373427331448,1766523905849
5,0.0133245550096035,1766523906279
5,0.0037668696604669094,1766523906804
5,0.02023916319012642,1766523907433
5,0.0021464996971189976,1766523907870
5,0.02949032187461853,1766523908284
5,0.025005627423524857,1766523908919
5,0.010077012702822685,1766523909484
5,0.003753123339265585,1766523909890
5,0.1460145264863968,1766523910355
5,0.11286963522434235,1766523910946
5,0.02967117168009281,1766523911453
5,0.017279483377933502,1766523911851
5,0.003318584058433771,1766523912393
5,0.024364102631807327,1766523913010
5,0.11904565244913101,1766523913454
5,0.09720125049352646,1766523913881
5,0.009643345139920712,1766523914537
5,0.007227375637739897,1766523915077
5,0.0007666443125344813,1766523915515
5,0.001050537801347673,1766523916022
5,0.128910094499588,1766523916671
5,0.014279954135417938,1766523917152
5,0.1885167807340622,1766523917587
5,0.006910879164934158,1766523918202
5,0.008973414078354836,1766523918803
5,0.06110088899731636,1766523919259
5,0.001682518981397152,1766523919798
5,0.046072766184806824,1766523920437
5,0.007122972514480352,1766523920903
5,0.03054167702794075,1766523921356
5,0.014658681116998196,1766523921939
5,0.0034078462049365044,1766523922489
5,0.00039150562952272594,1766523922926
5,0.03607422485947609,1766523923391
5,0.041504014283418655,1766523924021
5,0.07930418848991394,1766523924477
5,0.0010087217669934034,1766523924881
5,0.010935298167169094,1766523925415
5,0.0015985299833118916,1766523926051
5,0.045538194477558136,1766523926540
5,0.10365475714206696,1766523926971
5,0.11832224577665329,1766523927528
5,0.1713930070400238,1766523928089
5,0.0466470830142498,1766523928524
5,0.11243143677711487,1766523929061
5,0.0618179552257061,1766523929715
5,0.060933053493499756,1766523930210
5,0.14108037948608398,1766523930672
5,0.03066759929060936,1766523931253
5,0.0017199312569573522,1766523931836
5,0.006813717074692249,1766523932248
5,0.0082576097920537,1766523932720
5,0.03201615437865257,1766523933348
5,0.0428764782845974,1766523933844
5,0.13654479384422302,1766523934330
5,0.0414712019264698,1766523934900
5,0.028896894305944443,1766523935451
5,0.003912251442670822,1766523935904
5,0.0008202422177419066,1766523936386
5,0.003217871766537428,1766523936998
5,0.046272050589323044,1766523937509
5,0.02846667543053627,1766523937935
5,0.009069180116057396,1766523938473
5,0.016412505879998207,1766523939055
5,0.006208264268934727,1766523939482
5,0.0403730571269989,1766523939964
5,0.019241951406002045,1766523940566
5,0.01864689588546753,1766523941102
5,0.00022109344718046486,1766523941522
5,0.0036383646074682474,1766523942068
5,0.03342078626155853,1766523942670
5,0.11791607737541199,1766523943178
5,0.01864541508257389,1766523943662
5,0.005330582149326801,1766523944263
5,0.0031956483144313097,1766523944833
5,0.017264556139707565,1766523945250
5,0.006464685779064894,1766523945774
5,0.00536048598587513,1766523946394
5,0.04123684763908386,1766523946899
5,0.012490525841712952,1766523947318
5,0.014068284071981907,1766523947943
5,0.007381948176771402,1766523948492
5,0.004331421107053757,1766523948925
5,0.012359694577753544,1766523949423
5,0.06817517429590225,1766523950048
5,0.277657151222229,1766523950564
5,0.16244001686573029,1766523951031
5,0.005939275957643986,1766523951595
5,0.011062759906053543,1766523952164
5,0.03633444383740425,1766523952594
5,0.008605452254414558,1766523953088
5,0.05746864899992943,1766523953707
5,0.030396852642297745,1766523954226
5,0.01963650994002819,1766523954665
5,0.27105653285980225,1766523955200
5,0.027330584824085236,1766523955806
5,0.03864295780658722,1766523956268
5,0.028260329738259315,1766523956745
5,0.006168742664158344,1766523957364
5,0.005972547456622124,1766523957901
5,0.006466343067586422,1766523958334
5,0.058482591062784195,1766523958875
5,0.0015958575531840324,1766523959461
5,0.07124780863523483,1766523959898
5,0.11768990010023117,1766523960355
5,0.03262563794851303,1766523960969
5,0.04725971817970276,1766523961526
5,0.02500627562403679,1766523961924
5,0.06664766371250153,1766523962396
5,0.043414585292339325,1766523963038
5,0.0021401825360953808,1766523963536
5,0.029107781127095222,1766523964019
5,0.008162878453731537,1766523964608
5,0.0030776371713727713,1766523965147
5,0.00910586304962635,1766523965610
5,0.011249594390392303,1766523966157
5,0.0009118226007558405,1766523966767
5,0.000893954245839268,1766523967241
5,0.10975316166877747,1766523967698
5,0.002388780703768134,1766523968312
5,0.026342391967773438,1766523968877
5,0.009806016460061073,1766523969307
5,0.002886945614591241,1766523969809
5,0.07360277324914932,1766523970399
5,0.033232804387807846,1766523970930
5,0.02805856056511402,1766523971360
5,0.0010374326957389712,1766523971916
5,0.0022280714474618435,1766523972542
5,0.01100916601717472,1766523972979
5,0.0006706282147206366,1766523973478
5,0.04337133839726448,1766523974039
5,0.1774337738752365,1766523974566
5,0.054807085543870926,1766523974989
5,0.012738092802464962,1766523975554
5,0.06737298518419266,1766523976166
5,0.023466678336262703,1766523976620
5,8.003362745512277e-05,1766523977095
5,0.16080521047115326,1766523977725
5,0.047096431255340576,1766523978282
5,0.0217292457818985,1766523978722
5,0.012263900600373745,1766523979262
5,0.03628501296043396,1766523979850
5,0.0003830907808151096,1766523980316
5,0.09719380736351013,1766523980765
5,0.05201707407832146,1766523981353
5,0.06969908624887466,1766523981926
5,0.07694979012012482,1766523982351
5,0.0010647138115018606,1766523982854
5,0.0034847245551645756,1766523983478
5,0.030046893283724785,1766523983997
5,0.009995169937610626,1766523984406
5,0.026326101273298264,1766523984959
5,0.1540808081626892,1766523985571
5,0.003952124156057835,1766523986031
5,0.0076801045797765255,1766523986547
5,0.019183717668056488,1766523987162
5,0.08036072552204132,1766523987696
5,0.0036682053469121456,1766523988112
5,0.0017112370114773512,1766523988645
5,0.01807853952050209,1766523989260
5,0.0019193438347429037,1766523989726
5,0.028273263946175575,1766523990208
5,0.0017676206771284342,1766523990794
5,0.037786033004522324,1766523991340
5,0.08201956003904343,1766523991780
5,0.05083659291267395,1766523992329
5,0.05923495069146156,1766523992911
5,0.06729106605052948,1766523993360
5,0.001207748893648386,1766523993798
5,0.033929575234651566,1766523994410
5,0.1019667237997055,1766523994993
5,0.011417588219046593,1766523995418
5,0.010116827674210072,1766523995960
5,0.09876699000597,1766523996556
5,0.011358455754816532,1766523997044
5,0.009610881097614765,1766523997517
5,0.04259034991264343,1766523998129
5,0.0480317547917366,1766523998689
5,0.02238483913242817,1766523999134
5,0.0158514566719532,1766523999673
5,0.011387514881789684,1766524000291
5,0.0009408670593984425,1766524000773
5,0.038001470267772675,1766524001251
5,0.01720210164785385,1766524001856
5,0.04324955865740776,1766524002417
5,0.09001889079809189,1766524002844
5,0.02837650664150715,1766524003378
5,0.003976554609835148,1766524004001
5,0.0008456775103695691,1766524004526
5,0.08513274043798447,1766524004977
5,0.05597301945090294,1766524005557
5,0.0048687513917684555,1766524006110
5,0.004384820815175772,1766524006541
5,0.0005896856891922653,1766524007025
5,0.0003290153690613806,1766524007654
5,0.02880821004509926,1766524008157
5,0.00010852878767764196,1766524008594
5,0.41994014382362366,1766524009140
5,0.07962708175182343,1766524009697
5,0.006262419745326042,1766524010147
5,0.13465255498886108,1766524010609
5,0.09908594191074371,1766524011235
5,0.006094411015510559,1766524011786
5,0.0268725398927927,1766524012225
5,0.025489749386906624,1766524012751
5,0.059277769178152084,1766524013355
5,0.00548844039440155,1766524013822
5,0.04648827388882637,1766524014298
5,0.11305664479732513,1766524014926
5,0.0025744393933564425,1766524015458
5,0.06223910301923752,1766524015883
5,0.016492776572704315,1766524016398
5,0.01505754329264164,1766524016962
5,0.01045493595302105,1766524017426
5,0.008078595623373985,1766524017829
5,0.00011112924403278157,1766524018382
5,0.013443220406770706,1766524019005
5,0.06791038066148758,1766524019426
5,0.03473164513707161,1766524019883
5,0.017044266685843468,1766524020479
5,0.002187603386119008,1766524020983
5,0.0016206605359911919,1766524021391
5,0.00035595151712186635,1766524021896
5,0.019245993345975876,1766524022520
5,0.01143084280192852,1766524023011
5,0.00826088897883892,1766524023444
5,0.03792562335729599,1766524024009
5,0.0070435889065265656,1766524024612
5,0.09136773645877838,1766524025044
5,0.013957014307379723,1766524025515
5,0.0003986092342529446,1766524026219
5,0.003687706310302019,1766524026719
5,0.1767159402370453,1766524027132
5,0.001576700946316123,1766524027653
5,0.00045517447870224714,1766524028190
5,0.011922999285161495,1766524028707
5,0.00862041860818863,1766524029171
5,0.00021644550724886358,1766524029801
5,0.004572116304188967,1766524030335
5,0.0011870680609717965,1766524030764
5,0.049132052809000015,1766524031296
5,0.0007258736295625567,1766524031862
5,0.0010482454672455788,1766524032395
5,0.026481594890356064,1766524032845
5,0.0034891758114099503,1766524033437
5,0.002901253057643771,1766524033998
5,0.0018742411630228162,1766524034424
5,0.1416304111480713,1766524034892
5,0.1291535645723343,1766524035447
5,0.0032811639830470085,1766524035973
5,0.007382557261735201,1766524036390
5,0.07674916833639145,1766524036912
5,0.008153565227985382,1766524037440
6,0.0767359584569931,1766524037927
6,0.01684165559709072,1766524038372
6,0.018948540091514587,1766524038943
6,0.009209041483700275,1766524039533
6,0.01687200926244259,1766524039965
6,0.003133875783532858,1766524040430
6,0.003907200414687395,1766524041023
6,0.07052851468324661,1766524041548
6,0.08702631294727325,1766524042015
6,0.016511188820004463,1766524042549
6,0.052486881613731384,1766524043174
6,0.0056033991277217865,1766524043655
6,0.007116225082427263,1766524044133
6,0.002259720116853714,1766524044697
6,0.010783808305859566,1766524045227
6,0.17307411134243011,1766524045651
6,0.010951556265354156,1766524046195
6,0.019203193485736847,1766524046829
6,0.00144049315713346,1766524047308
6,0.03568374365568161,1766524047766
6,0.08085548877716064,1766524048344
6,0.005340494681149721,1766524048894
6,0.039525266736745834,1766524049304
6,0.0061641838401556015,1766524049795
6,0.029834995046257973,1766524050405
6,0.03660598769783974,1766524050920
6,0.060656625777482986,1766524051357
6,0.0008723756182007492,1766524051892
6,0.03499047830700874,1766524052470
6,0.09744235873222351,1766524052892
6,0.001223864732310176,1766524053340
6,0.014636180363595486,1766524053939
6,0.016748907044529915,1766524054518
6,0.008977833203971386,1766524054964
6,0.00142146204598248,1766524055519
6,0.05752888694405556,1766524056151
6,0.04207391291856766,1766524056619
6,0.012253472581505775,1766524057068
6,0.001953094033524394,1766524057651
6,0.10283863544464111,1766524058222
6,0.012327823787927628,1766524058655
6,0.029867850244045258,1766524059132
6,0.005941951181739569,1766524059780
6,0.001679440843872726,1766524060280
6,0.0542718805372715,1766524060726
6,0.0008597055566497147,1766524061284
6,0.0017349253175780177,1766524061894
6,0.005915727466344833,1766524062323
6,0.008512538857758045,1766524062775
6,0.1275692731142044,1766524063442
6,0.04482804611325264,1766524063947
6,0.0051975855603814125,1766524064386
6,0.008454735390841961,1766524064867
6,0.005651718936860561,1766524065471
6,0.002137086121365428,1766524065914
6,0.023124713450670242,1766524066343
6,0.0029744566418230534,1766524066935
6,0.011881865561008453,1766524067510
6,0.24347446858882904,1766524067923
6,0.04470040276646614,1766524068387
6,0.0013644013088196516,1766524069067
6,0.09089615941047668,1766524069566
6,0.16854995489120483,1766524069982
6,0.0012713484466075897,1766524070533
6,0.03765017166733742,1766524071134
6,0.0014587456826120615,1766524071613
6,0.09206807613372803,1766524072093
6,0.037065256386995316,1766524072726
6,0.02314717322587967,1766524073241
6,0.022032376378774643,1766524073677
6,0.008183437399566174,1766524074163
6,0.02306562289595604,1766524074758
6,0.01022981945425272,1766524075226
6,0.0030775300692766905,1766524075650
6,0.03211824223399162,1766524076187
6,0.04993274435400963,1766524076727
6,0.003293609945103526,1766524077163
6,0.0003437006089370698,1766524077634
6,0.03259231150150299,1766524078239
6,0.003540205070748925,1766524078770
6,0.010201876051723957,1766524079213
6,0.013123161159455776,1766524079733
6,0.004635038785636425,1766524080345
6,0.09065011888742447,1766524080850
6,0.02240108512341976,1766524081314
6,0.007199978455901146,1766524081865
6,0.005853678099811077,1766524082402
6,0.0015904196770861745,1766524082848
6,0.01149773970246315,1766524083399
6,0.0006137908203527331,1766524084009
6,0.049761176109313965,1766524084484
6,0.1075965017080307,1766524084957
6,0.0017216242849826813,1766524085515
6,0.21875834465026855,1766524086124
6,0.024504225701093674,1766524086559
6,0.004169190768152475,1766524087069
6,0.0029897845815867186,1766524087693
6,0.0018643902149051428,1766524088203
6,0.00755786057561636,1766524088664
6,0.003374972613528371,1766524089245
6,0.0019522192887961864,1766524089814
6,0.05067400634288788,1766524090252
6,0.014177036471664906,1766524090782
6,0.0006529777892865241,1766524091371
6,0.006059020757675171,1766524091882
6,0.051592037081718445,1766524092334
6,0.012017792090773582,1766524092907
6,0.001301197917200625,1766524093518
6,0.02936459146440029,1766524093950
6,0.0003214957541786134,1766524094504
6,0.002837172942236066,1766524095095
6,0.07057619094848633,1766524095610
6,0.01282836776226759,1766524096104
6,0.04911141097545624,1766524096703
6,0.0009051983361132443,1766524097260
6,0.02732899971306324,1766524097706
6,0.07078294456005096,1766524098279
6,0.009361276403069496,1766524098872
6,0.0019096842734143138,1766524099402
6,0.06843462586402893,1766524099883
6,0.006034594029188156,1766524100450
6,0.17545780539512634,1766524100999
6,0.0006561335758306086,1766524101431
6,0.01130542904138565,1766524101973
6,0.057805974036455154,1766524102509
6,0.00033512746449559927,1766524103012
6,0.0898805484175682,1766524103477
6,0.07554904371500015,1766524104037
6,0.010201889090240002,1766524104617
6,0.1728866994380951,1766524105094
6,0.03974538668990135,1766524105646
6,0.0003998694010078907,1766524106238
6,0.058557286858558655,1766524106777
6,0.004648270085453987,1766524107276
6,0.0030283136293292046,1766524107814
6,0.0003936821303796023,1766524108359
6,0.1147788017988205,1766524108816
6,0.004584141541272402,1766524109367
6,0.020224345847964287,1766524109880
6,0.10328217595815659,1766524110401
6,0.0009897334966808558,1766524110870
6,0.08778006583452225,1766524111417
6,0.02744070626795292,1766524111958
6,0.02309730090200901,1766524112426
6,0.005348709411919117,1766524112964
6,0.003329884959384799,1766524113503
6,0.06705056875944138,1766524114027
6,0.03511739522218704,1766524114526
6,0.003342347452417016,1766524115074
6,0.047588929533958435,1766524115594
6,0.04297063872218132,1766524116086
6,0.032233964651823044,1766524116574
6,0.09678106009960175,1766524117130
6,0.013278404250741005,1766524117665
6,0.017818743363022804,1766524118124
6,0.0007274632807821035,1766524118705
6,0.006556990090757608,1766524119224
6,0.037218306213617325,1766524119748
6,0.0439397469162941,1766524120204
6,0.08984868228435516,1766524120732
6,0.0012009349884465337,1766524121237
6,0.005372110288590193,1766524121694
6,0.0032304220367223024,1766524122230
6,0.0015912537928670645,1766524122721
6,0.00035805933293886483,1766524123280
6,0.007146327290683985,1766524123752
6,0.002001062035560608,1766524124276
6,0.030458997935056686,1766524124750
6,0.009737576358020306,1766524125251
6,0.0054288567043840885,1766524125687
6,0.010631303302943707,1766524126225
6,0.022980500012636185,1766524126736
6,0.012180179357528687,1766524127236
6,0.037053074687719345,1766524127728
6,0.0011780457571148872,1766524128282
6,0.03748423606157303,1766524128792
6,0.000114535512693692,1766524129276
6,0.06547089666128159,1766524129812
6,0.0035079731605947018,1766524130302
6,0.0008157841512002051,1766524130841
6,0.003957007080316544,1766524131314
6,0.005940177943557501,1766524131883
6,0.011387106962502003,1766524132404
6,0.11473635584115982,1766524132856
6,0.07158518582582474,1766524133432
6,0.1138492301106453,1766524134028
6,0.0011839269427582622,1766524134543
6,0.0031577502377331257,1766524135013
6,0.0012965828645974398,1766524135615
6,0.013788563199341297,1766524136147
6,0.007371580693870783,1766524136588
6,0.005851323250681162,1766524137152
6,0.042336542159318924,1766524137756
6,0.0009169440600089729,1766524138247
6,0.047750987112522125,1766524138716
6,0.003991045523434877,1766524139292
6,0.08694661408662796,1766524139870
6,0.0011978327529504895,1766524140307
6,0.003295452566817403,1766524140846
6,0.09959356486797333,1766524141400
6,0.0007645748555660248,1766524141915
6,0.054767314344644547,1766524142381
6,0.019136274233460426,1766524142956
6,0.07530692964792252,1766524143508
6,0.006784419994801283,1766524143965
6,0.0016888820100575686,1766524144514
6,0.02479805052280426,1766524145092
6,0.0038502728566527367,1766524145614
6,0.007454909384250641,1766524146096
6,0.0008369431598111987,1766524146693
6,0.002298935316503048,1766524147204
6,0.13559716939926147,1766524147643
6,0.011573527939617634,1766524148238
6,0.015923352912068367,1766524148883
6,0.0583282895386219,1766524149299
6,0.010863939300179482,1766524149768
6,0.06579149514436722,1766524150487
6,0.00132385001052171,1766524150924
6,0.0033156578429043293,1766524151338
6,0.12743768095970154,1766524151867
6,0.048982441425323486,1766524152523
6,0.052680134773254395,1766524152963
6,0.044026464223861694,1766524153421
6,0.03113366663455963,1766524154160
6,0.000512510712724179,1766524154575
6,0.07146065682172775,1766524155014
6,0.027170279994606972,1766524155541
6,0.01596185192465782,1766524156198
6,0.003657147753983736,1766524156626
6,0.008570264093577862,1766524157063
6,0.017354857176542282,1766524157747
6,0.10750999301671982,1766524158261
6,0.05603966489434242,1766524158692
6,0.03656287118792534,1766524159183
6,0.04837641492486,1766524159907
6,0.014034892432391644,1766524160323
6,0.13836784660816193,1766524160735
6,0.012021269649267197,1766524161350
6,0.0008361825603060424,1766524161929
6,0.006224483251571655,1766524162355
6,0.008874726481735706,1766524162828
6,0.0032633570954203606,1766524163524
6,0.02490280009806156,1766524163935
6,0.02223135158419609,1766524164367
6,0.0032616746611893177,1766524164910
6,0.003909279592335224,1766524165585
6,0.00010015688894782215,1766524166041
6,0.018848665058612823,1766524166504
6,0.020882556214928627,1766524167175
6,0.09650148451328278,1766524167660
6,0.003314119065180421,1766524168087
6,0.01157030276954174,1766524168576
6,0.0006457586423493922,1766524169236
6,0.008969000540673733,1766524169646
6,0.027667125687003136,1766524170053
6,0.007660567760467529,1766524170620
6,0.07770322263240814,1766524171166
6,0.0069634318351745605,1766524171573
6,0.002709566615521908,1766524172003
6,0.008417597971856594,1766524172725
6,0.004348663613200188,1766524173171
6,0.0027003996074199677,1766524173581
6,0.0005971418577246368,1766524174099
6,0.0036175879649817944,1766524174815
6,0.0004789225640706718,1766524175231
6,0.040969368070364,1766524175677
6,0.041027627885341644,1766524176420
6,0.00728897238150239,1766524176925
6,0.21203240752220154,1766524177341
6,0.007743301801383495,1766524177841
6,6.688995199510828e-05,1766524178494
6,0.0008617833955213428,1766524178942
6,0.12391820549964905,1766524179344
6,0.0009804352885112166,1766524179981
6,0.06215648353099823,1766524180569
6,0.0008277246379293501,1766524180984
6,0.08722565323114395,1766524181530
6,0.05184365063905716,1766524182201
6,0.0036376563366502523,1766524182636
6,0.0011535650119185448,1766524183081
6,0.0007519538048654795,1766524183651
6,0.06220943480730057,1766524184243
6,0.009906210005283356,1766524184669
6,0.02806539088487625,1766524185179
6,0.0009117841836996377,1766524185859
6,0.06944692134857178,1766524186289
6,0.0007352541433647275,1766524186736
6,0.020106874406337738,1766524187393
6,0.170632004737854,1766524187951
6,0.0015436679823324084,1766524188363
6,0.054557234048843384,1766524188845
6,0.04334307461977005,1766524189503
6,0.013865853659808636,1766524189941
6,0.027827024459838867,1766524190341
6,0.002380589721724391,1766524190884
6,0.0039133052341639996,1766524191515
6,0.0017029354348778725,1766524191953
6,0.03469254821538925,1766524192402
6,0.0032067378051579,1766524193119
6,0.0011351385619491339,1766524193607
6,0.027187515050172806,1766524194036
6,0.03983961418271065,1766524194582
6,0.04228706657886505,1766524195233
6,0.012781314551830292,1766524195666
6,0.0841502919793129,1766524196135
6,0.005794546566903591,1766524196812
6,0.06698106229305267,1766524197324
6,0.00477384589612484,1766524197747
6,0.023930680006742477,1766524198288
6,0.014528018422424793,1766524198962
6,0.0020056478679180145,1766524199384
6,0.02128775231540203,1766524199856
6,0.21142712235450745,1766524200557
6,0.006933160126209259,1766524201079
6,0.004934988915920258,1766524201492
6,0.001107631716877222,1766524202005
6,0.23487278819084167,1766524202694
6,0.034526240080595016,1766524203118
6,0.015190440230071545,1766524203578
6,0.007424362003803253,1766524204247
6,0.00044221204007044435,1766524204764
6,0.002515902742743492,1766524205178
6,0.03643178939819336,1766524205712
6,0.05633058026432991,1766524206452
6,0.11423134058713913,1766524206879
6,0.023374877870082855,1766524207343
6,0.006847991142421961,1766524208007
6,0.045218877494335175,1766524208489
6,0.15459206700325012,1766524208921
6,0.060097336769104004,1766524209428
6,0.04970934987068176,1766524210115
6,0.01837031915783882,1766524210559
6,0.023989856243133545,1766524211018
6,0.02720373310148716,1766524211695
6,0.003561647143214941,1766524212195
6,0.0018264318350702524,1766524212615
6,0.15561681985855103,1766524213167
6,0.01813041791319847,1766524213842
6,0.018524132668972015,1766524214266
6,0.01707211509346962,1766524214713
6,0.01783311553299427,1766524215319
6,0.0006329809548333287,1766524215870
6,0.0008152655209414661,1766524216296
6,0.013778052292764187,1766524216785
6,0.03778982162475586,1766524217455
6,0.013225813396275043,1766524217939
6,0.08248347789049149,1766524218381
6,0.01277420949190855,1766524218979
6,0.004894909914582968,1766524219579
6,0.0306476391851902,1766524220004
6,0.02294393628835678,1766524220512
6,0.01657251827418804,1766524221235
6,0.00031290343031287193,1766524221688
6,0.0030360675882548094,1766524222113
6,0.0024684483651071787,1766524222779
6,0.011516561731696129,1766524223339
6,0.0368829183280468,1766524223767
6,0.002596861682832241,1766524224275
6,0.10895762592554092,1766524224937
6,0.010699242353439331,1766524225380
6,0.00019051780691370368,1766524225797
6,0.03506236895918846,1766524226360
6,0.0020320110488682985,1766524226926
6,0.009590852074325085,1766524227339
6,0.018501833081245422,1766524227780
6,0.023212652653455734,1766524228458
6,0.0010681054554879665,1766524228978
6,0.0006393776857294142,1766524229384
6,0.02862076461315155,1766524229899
6,0.021777033805847168,1766524230540
6,0.0506662018597126,1766524230969
6,0.0024742544628679752,1766524231392
6,0.03819030523300171,1766524231976
6,0.14834171533584595,1766524232602
6,0.08919013291597366,1766524233035
6,0.012302965857088566,1766524233510
6,0.08338825404644012,1766524234234
6,0.08813519775867462,1766524234655
6,0.016646232455968857,1766524235099
6,0.0011107950704172254,1766524235644
6,0.0004708115884568542,1766524236242
6,0.008130830712616444,1766524236654
6,0.0029691446106880903,1766524237106
6,0.15379691123962402,1766524237789
6,0.017532872036099434,1766524238293
6,0.012955142185091972,1766524238732
6,0.09340952336788177,1766524239266
6,0.10600878298282623,1766524239926
6,0.002894498873502016,1766524240376
6,0.02683994546532631,1766524240824
6,0.0026066703721880913,1766524241516
6,0.01827634684741497,1766524241997
6,0.14693236351013184,1766524242415
6,0.05981580913066864,1766524242952
6,0.010419607162475586,1766524243626
6,0.006435663904994726,1766524244043
6,0.01171382050961256,1766524244476
6,0.15893889963626862,1766524245124
6,0.004735661670565605,1766524245694
6,0.002372228540480137,1766524246139
6,0.024950385093688965,1766524246654
6,0.022925272583961487,1766524247337
6,0.1396878957748413,1766524247760
6,0.010490628890693188,1766524248176
6,0.026068145409226418,1766524248825
6,0.10511157661676407,1766524249358
6,0.02873077057301998,1766524249793
6,0.05365616828203201,1766524250284
6,0.08236478269100189,1766524250988
6,0.010788697749376297,1766524251423
6,0.02010027877986431,1766524251853
6,0.021312160417437553,1766524252472
6,0.1362525075674057,1766524253042
6,0.0022025289945304394,1766524253469
6,0.04347327724099159,1766524253931
6,0.005095922388136387,1766524254663
6,0.026465637609362602,1766524255105
6,0.016779467463493347,1766524255530
6,0.001693975180387497,1766524256095
6,0.021059401333332062,1766524256677
6,0.006075780838727951,1766524257106
6,0.025956962257623672,1766524257541
6,0.0060381158255040646,1766524258161
6,0.014745600521564484,1766524258662
6,0.0011900791432708502,1766524259087
6,0.0008388347923755646,1766524259551
6,0.0012332253390923142,1766524260245
6,0.005255039315670729,1766524260696
6,0.07001960277557373,1766524261117
6,0.00531722093001008,1766524261731
6,0.012040908448398113,1766524262314
6,0.07023125141859055,1766524262746
6,0.07589199393987656,1766524263237
6,0.024776432663202286,1766524263952
6,0.01364365965127945,1766524264391
6,0.06886719167232513,1766524264827
6,0.010887051932513714,1766524265397
6,0.0007827673107385635,1766524266015
6,0.00703245447948575,1766524266470
6,0.09140144288539886,1766524266966
6,0.005579054821282625,1766524267676
6,0.054296158254146576,1766524268123
6,0.05738046392798424,1766524268546
6,0.10378813743591309,1766524269154
6,0.006010020151734352,1766524269747
6,0.08125703781843185,1766524270170
6,0.1858779937028885,1766524270662
6,0.0048392959870398045,1766524271394
6,0.0336090549826622,1766524271838
6,0.167890727519989,1766524272278
6,0.0004843357019126415,1766524272921
6,0.07188686728477478,1766524273517
6,0.02937326952815056,1766524273937
6,0.07273434847593307,1766524274462
6,0.07309630513191223,1766524275148
6,0.05497370660305023,1766524275584
6,0.020211627706885338,1766524276003
6,0.01869710348546505,1766524276575
6,0.004513466265052557,1766524277181
6,0.0389593206346035,1766524277594
6,0.007444065995514393,1766524278074
6,0.0898001566529274,1766524278791
6,0.0027962527237832546,1766524279234
6,0.003405296243727207,1766524279674
6,0.034494753926992416,1766524280221
6,0.005566464737057686,1766524280889
6,0.06473390012979507,1766524281302
6,0.00012150195834692568,1766524281747
6,0.0005326348473317921,1766524282437
6,0.0705963522195816,1766524282918
6,0.0011736946180462837,1766524283358
6,0.01945011131465435,1766524283901
6,0.07731732726097107,1766524284546
6,0.0406363345682621,1766524284971
6,0.10138469934463501,1766524285407
6,0.08033889532089233,1766524286072
6,0.021514249965548515,1766524286611
6,0.08180909603834152,1766524287040
6,0.007460999768227339,1766524287516
6,0.06319478154182434,1766524288155
6,0.005270788446068764,1766524288567
6,0.0031414353288710117,1766524288982
6,0.0013902205973863602,1766524289490
6,0.002666266867890954,1766524290164
6,0.00178618635982275,1766524290574
6,0.004626105539500713,1766524290986
6,0.033245332539081573,1766524291587
6,0.0022745379246771336,1766524292152
6,0.031373031437397,1766524292574
6,0.018403703346848488,1766524293015
6,0.040260426700115204,1766524293711
6,0.04212465509772301,1766524294160
6,0.03939220681786537,1766524294615
6,0.04839351400732994,1766524295204
6,0.029904237017035484,1766524295841
6,0.007596246898174286,1766524296297
6,0.014881923794746399,1766524296800
6,0.008976804092526436,1766524297449
6,0.12057696282863617,1766524297888
6,0.030121399089694023,1766524298333
6,0.003886386752128601,1766524298867
6,0.09060290455818176,1766524299495
6,0.0056472462601959705,1766524299922
6,0.16739219427108765,1766524300381
6,0.0032548834569752216,1766524301074
6,0.08239372074604034,1766524301550
6,0.13393069803714752,1766524301964
6,0.0002651719842106104,1766524302534
6,0.000837240251712501,1766524303185
6,0.00786510668694973,1766524303599
6,0.049466680735349655,1766524304066
6,0.14250385761260986,1766524304702
6,0.001493919175118208,1766524305208
6,0.027469787746667862,1766524305620
6,0.024266667664051056,1766524306146
6,0.002795491134747863,1766524306813
6,0.00293139205314219,1766524307250
6,0.03259311616420746,1766524307683
6,0.005837076343595982,1766524308336
6,0.028015002608299255,1766524308890
6,0.04855325445532799,1766524309305
6,0.008066265843808651,1766524309728
6,0.002373373368754983,1766524310430
6,0.0008057505474425852,1766524310914
6,0.0033893194049596786,1766524311311
6,0.13898228108882904,1766524311841
6,0.14538897573947906,1766524312511
6,0.00694147776812315,1766524312945
6,0.0018759358208626509,1766524313370
6,0.0005739488988183439,1766524314048
6,0.0037669658195227385,1766524314559
6,0.0010208630701527,1766524314973
6,0.012103069573640823,1766524315532
6,0.0593019537627697,1766524316210
6,0.008016927167773247,1766524316652
6,0.009980360046029091,1766524317085
6,0.04680103808641434,1766524317821
6,0.011901946738362312,1766524318315
6,0.008336465805768967,1766524318728
6,0.00028603029204532504,1766524319291
6,0.001049829414114356,1766524319968
6,0.0001225846935994923,1766524320367
6,0.0006648686248809099,1766524320812
6,0.003608848201110959,1766524321470
6,0.004138109274208546,1766524321996
6,0.00023629600764252245,1766524322426
6,0.0032957999501377344,1766524322947
6,0.055428002029657364,1766524323618
6,0.07978544384241104,1766524324055
6,0.03189737722277641,1766524324468
6,0.01289670541882515,1766524325123
6,0.0176748875528574,1766524325680
6,0.04911651462316513,1766524326098
6,0.08956875652074814,1766524326568
6,0.0011507889721542597,1766524327204
6,0.0003801450948230922,1766524327653
6,0.0005456589278765023,1766524328072
6,0.11146686971187592,1766524328618
6,0.0507068857550621,1766524329244
6,0.008902586065232754,1766524329649
6,0.1782311499118805,1766524330082
6,0.00015792364138178527,1766524330768
6,0.0107288658618927,1766524331278
6,0.002831557998433709,1766524331707
6,0.0010617097141221166,1766524332273
6,0.04368223994970322,1766524332939
6,0.0018375619547441602,1766524333360
6,0.018387241289019585,1766524333801
6,0.028363078832626343,1766524334528
6,0.09347479045391083,1766524334994
6,0.002895273268222809,1766524335431
6,0.2957312762737274,1766524335934
6,0.0442124679684639,1766524336626
6,0.0034000487066805363,1766524337067
6,0.03287631645798683,1766524337491
6,0.004390597343444824,1766524338167
6,0.002641133964061737,1766524338727
6,0.02237476222217083,1766524339149
6,0.018175430595874786,1766524339707
6,0.3381313681602478,1766524340400
6,0.07914531975984573,1766524340813
6,0.006584804505109787,1766524341242
6,0.025247907266020775,1766524341939
6,0.05572821944952011,1766524342460
6,0.021103229373693466,1766524342906
6,0.07515192031860352,1766524343478
6,0.01457314845174551,1766524344163
6,0.04429628700017929,1766524344588
6,0.0335494801402092,1766524345033
6,0.015229379758238792,1766524345724
6,0.019019659608602524,1766524346209
6,0.0009490684024058282,1766524346653
6,0.010233795270323753,1766524347213
6,0.03391794487833977,1766524347859
6,0.06490694731473923,1766524348263
6,0.00522495387122035,1766524348679
6,0.0019166995771229267,1766524349408
6,0.007095602340996265,1766524349902
6,0.0577266663312912,1766524350352
6,0.0031934590078890324,1766524350905
6,0.002778285648673773,1766524351548
6,0.003150979056954384,1766524351977
6,0.03421368449926376,1766524352411
6,0.019588958472013474,1766524353116
6,0.0013726018369197845,1766524353613
6,0.011038780212402344,1766524354068
6,0.009787473827600479,1766524354639
6,0.10501289367675781,1766524355318
6,0.017092283815145493,1766524355735
6,0.0018034878885373473,1766524356168
6,0.3222992718219757,1766524356841
6,0.08633144199848175,1766524357355
6,0.032621126621961594,1766524357790
6,0.022484343498945236,1766524358355
6,0.022237125784158707,1766524358986
6,0.0019540335051715374,1766524359381
6,0.013222691603004932,1766524359808
6,0.0030069472268223763,1766524360475
6,0.02214137837290764,1766524361020
6,0.006253194995224476,1766524361455
6,0.01162488479167223,1766524361976
6,0.0006859765853732824,1766524362673
6,0.013232583180069923,1766524363099
6,0.008028236217796803,1766524363530
6,0.05122345685958862,1766524364224
6,0.034327439963817596,1766524364745
6,0.012203660793602467,1766524365179
6,0.009781441651284695,1766524365692
6,0.008382421918213367,1766524366412
6,0.005222814157605171,1766524366852
6,0.0025539116468280554,1766524367287
6,0.09481814503669739,1766524368289
6,0.08660394698381424,1766524368741
6,0.010098286904394627,1766524369156
6,0.01685674488544464,1766524369739
6,0.056817781180143356,1766524370375
6,0.02281949296593666,1766524370795
6,0.021539784967899323,1766524371250
6,0.0005028995801694691,1766524371924
6,0.028061727061867714,1766524372377
6,0.09168356657028198,1766524372823
6,0.0015651569701731205,1766524373350
6,0.06173814833164215,1766524374003
6,0.001257394440472126,1766524374410
6,0.01763477548956871,1766524374844
6,0.0032367384992539883,1766524375521
6,0.010592473670840263,1766524376079
6,0.13631483912467957,1766524376507
6,0.08691621571779251,1766524377045
6,0.00335664302110672,1766524377750
6,0.006723254919052124,1766524378181
6,0.006257088389247656,1766524378610
6,0.04082247614860535,1766524379309
6,0.033092617988586426,1766524379818
6,0.014686914160847664,1766524380244
6,0.07446438074111938,1766524380839
6,0.10694003105163574,1766524381496
6,0.017288140952587128,1766524381930
6,0.02288885787129402,1766524382392
6,0.0005835069459863007,1766524383151
6,0.003130335360765457,1766524383579
6,0.05618826672434807,1766524383989
6,0.04963536188006401,1766524384583
6,0.033067017793655396,1766524385211
6,0.020567279309034348,1766524385638
6,0.026832951232790947,1766524386156
6,0.026894710958003998,1766524386865
6,0.043122630566358566,1766524387305
6,0.0011486703297123313,1766524387739
6,0.005018899217247963,1766524388363
6,0.03506660461425781,1766524388956
6,0.0022430189419537783,1766524389393
6,0.02939971722662449,1766524389888
6,0.0010002683848142624,1766524390569
6,0.0222400464117527,1766524390988
6,0.0015861674910411239,1766524391411
6,0.08489246666431427,1766524392050
6,0.13678902387619019,1766524392619
6,0.00280473823659122,1766524393032
6,0.05583269149065018,1766524393452
6,0.0005215672426857054,1766524394091
6,0.09151927381753922,1766524394595
6,0.027377832680940628,1766524395010
6,0.07312733680009842,1766524395522
6,0.022281821817159653,1766524396243
6,0.052624598145484924,1766524396693
6,0.004530464299023151,1766524397132
6,0.01689382828772068,1766524397756
6,0.05879787355661392,1766524398302
6,0.0014025766868144274,1766524398744
6,0.16742734611034393,1766524399251
6,0.01752803660929203,1766524399997
6,0.08464804291725159,1766524400442
6,0.03782954439520836,1766524400886
6,0.0033486986067146063,1766524401538
6,0.007722462527453899,1766524402069
6,0.010718123987317085,1766524402487
6,0.059065449982881546,1766524402978
6,0.009833600372076035,1766524403698
6,0.052527930587530136,1766524404114
6,0.0009691535960882902,1766524404544
6,0.022378919646143913,1766524405123
6,0.0001746289781294763,1766524405716
6,0.002603104105219245,1766524406145
6,0.011682694777846336,1766524406634
6,0.048379089683294296,1766524407372
6,0.003289518877863884,1766524407788
6,0.006160353776067495,1766524408218
6,0.15130947530269623,1766524408796
6,0.0780186653137207,1766524409434
6,0.01185588352382183,1766524409864
6,0.04645741730928421,1766524410317
6,0.048723042011260986,1766524411035
6,0.00889574084430933,1766524411480
6,0.003489072434604168,1766524411922
6,0.10688276588916779,1766524412522
6,0.07390595972537994,1766524413137
6,0.013514487072825432,1766524413561
6,0.046849336475133896,1766524414042
6,0.05021318793296814,1766524414736
6,0.1283600777387619,1766524415212
6,0.08433738350868225,1766524415631
6,0.013220595195889473,1766524416218
6,0.1534716784954071,1766524416829
6,0.02974487654864788,1766524417238
6,0.000498484296258539,1766524417689
6,0.032137736678123474,1766524418390
6,0.08492022752761841,1766524418859
6,0.00011862923565786332,1766524419280
6,0.0076468586921691895,1766524419811
6,0.0027290417347103357,1766524420481
6,0.015090487897396088,1766524420920
6,0.06443473696708679,1766524421337
6,0.03181694820523262,1766524422046
6,0.009754807688295841,1766524422583
6,0.035874221473932266,1766524423006
6,0.015853196382522583,1766524423560
6,0.04479024186730385,1766524424207
6,0.005763924680650234,1766524424635
6,0.00023029971634969115,1766524425065
6,0.05456338822841644,1766524425737
6,0.02871728129684925,1766524426317
6,0.010253021493554115,1766524426758
6,0.01886427029967308,1766524427280
6,0.045474302023649216,1766524427954
6,0.030743146315217018,1766524428363
6,0.004103492479771376,1766524428820
6,0.0017805458046495914,1766524429401
6,0.04582943022251129,1766524429951
6,0.03563515841960907,1766524430357
6,0.011871186085045338,1766524430807
6,0.007598512805998325,1766524431438
6,0.00026068289298564196,1766524431927
6,0.021618260070681572,1766524432350
6,0.010265056975185871,1766524432889
6,0.02595440484583378,1766524433512
6,0.06898155063390732,1766524433965
6,0.00793925579637289,1766524434405
6,0.0015012869844213128,1766524435035
6,1.9796765627688728e-05,1766524435576
6,0.009028698317706585,1766524435990
6,0.003960224334150553,1766524436503
6,0.00010068304982269183,1766524437163
6,0.05474792793393135,1766524437661
6,0.0005225078202784061,1766524438122
6,0.008860842324793339,1766524438732
6,0.1938682347536087,1766524439301
6,0.2473282516002655,1766524439725
6,0.001361096859909594,1766524440258
6,0.09774625301361084,1766524440907
6,0.00019196391804143786,1766524441361
6,0.08126413077116013,1766524441823
6,0.044672708958387375,1766524442411
6,0.001593772554770112,1766524442969
6,0.023148464038968086,1766524443388
6,0.006208425387740135,1766524443891
6,0.002508837031200528,1766524444544
6,0.011919255368411541,1766524445015
6,0.007345488294959068,1766524445465
6,0.10058779269456863,1766524446055
6,0.04259736090898514,1766524446629
6,0.07506982982158661,1766524447037
6,0.003047351026907563,1766524447504
6,0.06598442047834396,1766524448158
6,0.03744259104132652,1766524448657
6,0.06325992941856384,1766524449082
6,0.04448781907558441,1766524449657
6,0.0003900685696862638,1766524450299
6,0.0014848561258986592,1766524450739
6,0.004741997923702002,1766524451252
6,0.009895655326545238,1766524451903
6,0.003936560824513435,1766524452405
6,0.009775320068001747,1766524452838
6,0.13264310359954834,1766524453419
6,0.04249463975429535,1766524454034
6,0.0008326767710968852,1766524454451
6,0.02424377202987671,1766524454942
6,0.002546559553593397,1766524455602
6,0.06863115727901459,1766524456079
6,0.06857869774103165,1766524456540
6,0.024320853874087334,1766524457119
6,0.003959543537348509,1766524457686
6,0.028988614678382874,1766524458108
6,0.07306070625782013,1766524458590
6,0.26972711086273193,1766524459226
6,0.050528526306152344,1766524459737
6,0.30832773447036743,1766524460167
6,0.026593243703246117,1766524460727
6,0.0024964441545307636,1766524461319
6,0.006118665914982557,1766524461796
6,0.00977081898599863,1766524462247
6,0.04512324184179306,1766524462881
6,0.012467872351408005,1766524463410
6,0.14086231589317322,1766524463848
6,0.034092292189598083,1766524464411
6,0.005034376867115498,1766524465005
6,0.026799704879522324,1766524465490
6,0.06283386796712875,1766524465931
6,0.011103635653853416,1766524466505
6,0.049419205635786057,1766524467075
6,0.012821823358535767,1766524467507
6,0.037913985550403595,1766524467983
6,0.047193512320518494,1766524468601
6,0.015006806701421738,1766524469075
6,0.02361927181482315,1766524469501
6,0.008217579685151577,1766524470049
6,0.0033059902489185333,1766524470641
6,0.006953960284590721,1766524471072
6,0.13770297169685364,1766524471515
6,0.0038188877515494823,1766524472129
6,0.000530924298800528,1766524472654
6,0.01849278062582016,1766524473098
6,0.006838228553533554,1766524473632
6,0.01745491474866867,1766524474264
6,0.10980428010225296,1766524474727
6,0.04003182053565979,1766524475201
6,0.015711037442088127,1766524475775
6,0.01275750994682312,1766524476329
6,0.002859123283997178,1766524476754
6,0.1033109799027443,1766524477269
6,0.010093593038618565,1766524477866
6,0.002094727009534836,1766524478343
6,0.0007372278487309813,1766524478793
6,0.005026541650295258,1766524479334
6,0.021086575463414192,1766524479930
6,0.08834788203239441,1766524480368
6,0.0007362790638580918,1766524480825
6,0.00655208807438612,1766524481444
6,0.024524834007024765,1766524481936
6,0.003017033915966749,1766524482373
6,0.0015860984567552805,1766524482908
6,0.0035477778874337673,1766524483502
6,0.015819178894162178,1766524483960
6,0.018608402460813522,1766524484369
6,0.022321516647934914,1766524484879
6,0.0011097982060164213,1766524485469
6,0.008946413174271584,1766524485934
6,0.0016676504164934158,1766524486414
6,0.004321074578911066,1766524486961
6,0.000655109528452158,1766524487696
6,0.16320888698101044,1766524488227
6,0.0006061788299120963,1766524488818
6,0.03250528872013092,1766524489360
6,0.011024979874491692,1766524489808
6,0.04199402779340744,1766524490308
6,0.0045725153759121895,1766524490868
6,0.24279223382472992,1766524491384
6,0.12811261415481567,1766524491856
6,0.0008300881017930806,1766524492437
6,0.0008218304719775915,1766524493014
6,0.013164352625608444,1766524493460
6,0.001555242924951017,1766524493993
6,0.0002865093410946429,1766524494603
6,0.09469572454690933,1766524495155
6,0.013382107019424438,1766524495608
6,0.0020958418026566505,1766524496197
6,0.06075287610292435,1766524496743
6,0.014465279877185822,1766524497184
6,0.0030872919596731663,1766524497701
6,0.013728786259889603,1766524498293
6,0.16077588498592377,1766524498797
6,0.0007900166674517095,1766524499232
6,0.02303292416036129,1766524499787
6,0.0025117213372141123,1766524500353
6,0.03079868108034134,1766524500820
6,0.039443980902433395,1766524501300
6,0.01237470656633377,1766524501864
6,0.011555786244571209,1766524502473
6,0.0025680328253656626,1766524502911
6,0.002667154185473919,1766524503506
6,0.02354384772479534,1766524504059
6,0.01954503543674946,1766524504561
6,0.003413761965930462,1766524505023
6,0.003610182786360383,1766524505581
6,0.0010433110874146223,1766524506167
6,0.006679397542029619,1766524506601
6,0.005255678668618202,1766524507115
6,0.002059126505628228,1766524507720
6,0.004933594726026058,1766524508181
6,0.022636685520410538,1766524508631
6,0.0627322867512703,1766524509221
6,0.0008415814372710884,1766524509753
6,0.002369713271036744,1766524510221
6,0.0015286847483366728,1766524510767
6,0.03936648741364479,1766524511341
6,0.030332988128066063,1766524511871
6,0.05398174002766609,1766524512351
6,0.028186917304992676,1766524512927
6,0.022782674059271812,1766524513483
6,0.017917264252901077,1766524513918
6,0.04274745285511017,1766524514440
6,0.0075310757383704185,1766524514964
6,0.0005345344543457031,1766524515496
6,0.06568480283021927,1766524515944
6,0.0847947970032692,1766524516484
6,0.004728318192064762,1766524517036
6,0.00036075658863410354,1766524517474
6,0.0034136921167373657,1766524517904
6,0.00228837295435369,1766524518467
6,0.00012849568156525493,1766524519036
6,0.027686966583132744,1766524519470
6,0.007949521765112877,1766524519951
6,0.03802470490336418,1766524520520
6,0.009509432129561901,1766524521010
6,0.01255741249769926,1766524521452
6,0.0987321138381958,1766524521969
6,0.07922188192605972,1766524522532
6,0.04448830708861351,1766524523047
6,0.008160696364939213,1766524523541
6,0.004556708037853241,1766524524111
6,0.024654781445860863,1766524524682
6,0.02177445963025093,1766524525126
6,0.09355294704437256,1766524525681
6,0.06986968219280243,1766524526259
6,0.04830244183540344,1766524526775
6,0.008617980405688286,1766524527283
6,0.08482790738344193,1766524527848
6,0.004148122388869524,1766524528392
