Loss,Context.TRAINING,None
0,2.3098716735839844,1766517858705
0,5.260892391204834,1766517859491
0,6.43461799621582,1766517860200
0,5.239867210388184,1766517860823
0,5.25042724609375,1766517861676
0,3.703747510910034,1766517862450
0,2.8558523654937744,1766517863112
0,2.2624316215515137,1766517864093
0,2.179227352142334,1766517864789
0,2.3313331604003906,1766517865654
0,2.424328327178955,1766517866463
0,2.213533878326416,1766517867115
0,2.2232775688171387,1766517868088
0,1.9767117500305176,1766517868708
0,2.06443452835083,1766517869535
0,1.9024138450622559,1766517870332
0,1.9776585102081299,1766517870967
0,1.9132368564605713,1766517871929
0,1.7463592290878296,1766517872617
0,1.5191264152526855,1766517873379
0,1.4555506706237793,1766517874216
0,1.5329430103302002,1766517874851
0,1.560287594795227,1766517875773
0,1.4472382068634033,1766517876493
0,1.4161039590835571,1766517877298
0,1.216684341430664,1766517878165
0,1.1792595386505127,1766517878847
0,1.1195478439331055,1766517879860
0,1.2749650478363037,1766517880511
0,1.282818078994751,1766517881316
0,1.0062505006790161,1766517882150
0,0.9915866255760193,1766517882836
0,1.0399149656295776,1766517883819
0,0.9378726482391357,1766517884504
0,0.7861994504928589,1766517885437
0,0.9313634634017944,1766517886208
0,0.8276045918464661,1766517886897
0,0.7140204906463623,1766517887810
0,0.9036561846733093,1766517888452
0,0.6797918081283569,1766517889248
0,0.7086098790168762,1766517890067
0,0.578430712223053,1766517890699
0,0.7813642024993896,1766517891712
0,0.7205123901367188,1766517892377
0,0.658405601978302,1766517893261
0,0.5709133148193359,1766517894100
0,0.762947678565979,1766517894832
0,0.7790158987045288,1766517895832
0,0.5171619653701782,1766517896512
0,0.5340158939361572,1766517897422
0,0.759536862373352,1766517898209
0,0.640717625617981,1766517898933
0,0.5155134201049805,1766517899874
0,0.6423805356025696,1766517900564
0,0.6019431352615356,1766517901516
0,0.7745592594146729,1766517902200
0,0.6516988277435303,1766517902898
0,0.4607156813144684,1766517903808
0,0.5354440808296204,1766517904481
0,0.5058550834655762,1766517905362
0,0.6085956692695618,1766517906241
0,0.5118023157119751,1766517906932
0,0.5051809549331665,1766517907887
0,0.4315779209136963,1766517908568
0,0.25059816241264343,1766517909468
0,0.3371785879135132,1766517910213
0,0.2932576537132263,1766517910947
0,0.3157958984375,1766517911878
0,0.4122052788734436,1766517912520
0,0.3169845640659332,1766517913441
0,0.173973947763443,1766517914224
0,0.3713611960411072,1766517914903
0,0.4757004380226135,1766517915830
0,0.36357730627059937,1766517916478
0,0.31711187958717346,1766517917328
0,0.6596130132675171,1766517918148
0,0.2716836929321289,1766517918851
0,0.18388479948043823,1766517919866
0,0.48792222142219543,1766517920517
0,0.29701051115989685,1766517921407
0,0.7060303092002869,1766517922226
0,0.1625479906797409,1766517922963
0,0.15020667016506195,1766517923924
0,0.34824496507644653,1766517924578
0,0.28086939454078674,1766517925518
0,0.4180715084075928,1766517926251
0,0.3315557837486267,1766517926874
0,0.2672199606895447,1766517927827
0,0.3359505534172058,1766517928497
0,0.3793734908103943,1766517929347
0,0.35803738236427307,1766517930115
0,0.23794765770435333,1766517930704
0,0.2983279228210449,1766517931522
0,0.5805885195732117,1766517932300
0,0.37676480412483215,1766517933033
0,0.6988250017166138,1766517933983
0,0.29835245013237,1766517934612
0,0.26698869466781616,1766517935438
0,0.22840964794158936,1766517936224
0,0.4637276530265808,1766517936890
0,0.4866102635860443,1766517937858
0,0.23419548571109772,1766517938512
0,0.26684656739234924,1766517939200
0,0.28281956911087036,1766517940052
0,0.33977144956588745,1766517940714
0,0.23880510032176971,1766517941753
0,0.37005627155303955,1766517942465
0,0.40315335988998413,1766517943178
0,0.20282623171806335,1766517944104
0,0.27242550253868103,1766517944733
0,0.28862640261650085,1766517945733
0,0.10135725885629654,1766517946396
0,0.17016342282295227,1766517947139
0,0.17057885229587555,1766517948052
0,0.27884340286254883,1766517948715
0,0.32542145252227783,1766517949647
0,0.2576560974121094,1766517950341
0,0.22797363996505737,1766517950984
0,0.08692670613527298,1766517951838
0,0.23598790168762207,1766517952416
0,0.20724281668663025,1766517953176
0,0.2706635296344757,1766517954043
0,0.29952195286750793,1766517954714
0,0.13822194933891296,1766517955718
0,0.2749674618244171,1766517956402
0,0.259071946144104,1766517957103
0,0.25092750787734985,1766517957976
0,0.35912376642227173,1766517958601
0,0.32810407876968384,1766517959411
0,0.13914433121681213,1766517960295
0,0.16238029301166534,1766517960939
0,0.1771136075258255,1766517961898
0,0.1933448314666748,1766517962616
0,0.2286895215511322,1766517963499
0,0.2274298220872879,1766517964317
0,0.18845334649085999,1766517965001
0,0.08012942969799042,1766517966059
0,0.1969512701034546,1766517966734
0,0.18936997652053833,1766517967551
0,0.14094196259975433,1766517968403
0,0.16958799958229065,1766517969086
0,0.3541727364063263,1766517970052
0,0.03657255321741104,1766517970750
0,0.1466066539287567,1766517971510
0,0.16749504208564758,1766517972380
0,0.03951624780893326,1766517973031
0,0.24013082683086395,1766517973972
0,0.2728955149650574,1766517974597
0,0.3655782639980316,1766517975317
0,0.16733995079994202,1766517976276
0,0.11150151491165161,1766517976914
0,0.29236626625061035,1766517977802
0,0.19561851024627686,1766517978549
0,0.17216208577156067,1766517979168
0,0.21158558130264282,1766517980155
0,0.24849550426006317,1766517980860
0,0.23926275968551636,1766517981642
0,0.36610013246536255,1766517982514
0,0.2910360097885132,1766517983275
0,0.29309147596359253,1766517984240
0,0.31202423572540283,1766517984880
0,0.23961864411830902,1766517985765
0,0.2957245707511902,1766517986573
0,0.17799006402492523,1766517987240
0,0.32203298807144165,1766517988199
0,0.2602694630622864,1766517988914
0,0.19213853776454926,1766517989783
0,0.26439785957336426,1766517990631
0,0.16563597321510315,1766517991305
0,0.2857883870601654,1766517992273
0,0.3024103045463562,1766517992971
0,0.46037954092025757,1766517993722
0,0.1258571594953537,1766517994623
0,0.14478059113025665,1766517995191
0,0.3922419548034668,1766517996110
0,0.25030946731567383,1766517996828
0,0.06512956321239471,1766517997502
0,0.21925948560237885,1766517998475
0,0.23611235618591309,1766517999138
0,0.3788985013961792,1766517999995
0,0.0769360214471817,1766518000864
0,0.22022727131843567,1766518001574
0,0.09854060411453247,1766518002494
0,0.0746351107954979,1766518003139
0,0.1824856698513031,1766518003841
0,0.10072095692157745,1766518004806
0,0.2932635545730591,1766518005475
0,0.30747127532958984,1766518006416
0,0.24281127750873566,1766518007122
0,0.20213742554187775,1766518007933
0,0.10619601607322693,1766518008883
0,0.09528049826622009,1766518009543
0,0.4096137285232544,1766518010520
0,0.21685385704040527,1766518011251
0,0.10744167119264603,1766518011936
0,0.13022206723690033,1766518012860
0,0.19534267485141754,1766518013504
0,0.06754633784294128,1766518014494
0,0.19538401067256927,1766518015239
0,0.16783344745635986,1766518015943
0,0.22891917824745178,1766518016914
0,0.1465868055820465,1766518017508
0,0.1545744389295578,1766518018308
0,0.11396220326423645,1766518019154
0,0.13079658150672913,1766518019841
0,0.15355181694030762,1766518020760
0,0.08704982697963715,1766518021427
0,0.20463018119335175,1766518022205
0,0.26685482263565063,1766518023130
0,0.1170804351568222,1766518023750
0,0.0736997202038765,1766518024715
0,0.149261012673378,1766518025467
0,0.20521318912506104,1766518026285
0,0.2938249707221985,1766518027258
0,0.059856727719306946,1766518027935
0,0.39997726678848267,1766518028924
0,0.6869450807571411,1766518029577
0,0.02792338654398918,1766518030324
0,0.15522247552871704,1766518031239
0,0.3490598797798157,1766518031865
0,0.09762132912874222,1766518032772
0,0.13755373656749725,1766518033545
0,0.2704521417617798,1766518034199
0,0.1761004477739334,1766518035239
0,0.27654165029525757,1766518035924
0,0.18798375129699707,1766518036906
0,0.3659142553806305,1766518037692
0,0.3071606755256653,1766518038347
0,0.27723437547683716,1766518039311
0,0.21075373888015747,1766518040016
0,0.3073008358478546,1766518040890
0,0.13202035427093506,1766518041732
0,0.17141607403755188,1766518042453
0,0.20319700241088867,1766518043440
0,0.09564675390720367,1766518044076
0,0.05870627984404564,1766518044889
0,0.08884274959564209,1766518045775
0,0.23439987003803253,1766518046426
0,0.06503820419311523,1766518047388
0,0.19545197486877441,1766518048039
0,0.13643136620521545,1766518048746
0,0.10145887732505798,1766518049666
0,0.14617431163787842,1766518050297
0,0.07294270396232605,1766518051243
0,0.31953030824661255,1766518052007
0,0.26955050230026245,1766518052778
0,0.3664763569831848,1766518053701
0,0.3753620386123657,1766518054334
0,0.14494264125823975,1766518055189
0,0.14321208000183105,1766518056016
0,0.1470208466053009,1766518056720
0,0.15855099260807037,1766518057681
0,0.1970585733652115,1766518058330
0,0.16459009051322937,1766518059092
0,0.12007980793714523,1766518059994
0,0.031758084893226624,1766518060530
0,0.1288573443889618,1766518061454
0,0.08674698323011398,1766518062208
0,0.146534264087677,1766518062889
0,0.14479148387908936,1766518063850
0,0.15775027871131897,1766518064520
0,0.13615824282169342,1766518065306
0,0.20163187384605408,1766518066174
0,0.2553914189338684,1766518066829
0,0.14211267232894897,1766518067851
0,0.041874565184116364,1766518068506
0,0.09779766201972961,1766518069378
0,0.25236350297927856,1766518070221
0,0.16537639498710632,1766518070912
0,0.1266985535621643,1766518071879
0,0.18773087859153748,1766518072547
0,0.20539265871047974,1766518073294
0,0.09344086050987244,1766518074121
0,0.13180352747440338,1766518074752
0,0.1836344599723816,1766518075742
0,0.0671236515045166,1766518076451
0,0.2811478078365326,1766518077113
0,0.1870427429676056,1766518078058
0,0.10095734894275665,1766518078746
0,0.12036491930484772,1766518079658
0,0.13191308081150055,1766518080450
0,0.10954850912094116,1766518081065
0,0.165021151304245,1766518081984
0,0.2463628053665161,1766518082649
0,0.22376401722431183,1766518083330
0,0.03315892815589905,1766518084276
0,0.08336219191551208,1766518084876
0,0.049407508224248886,1766518085770
0,0.18349602818489075,1766518086644
0,0.13822868466377258,1766518087297
0,0.07433620095252991,1766518088193
0,0.2955474853515625,1766518088887
0,0.20310749113559723,1766518089767
0,0.07659821212291718,1766518090633
0,0.10604839771986008,1766518091299
0,0.2233579307794571,1766518092311
0,0.24190589785575867,1766518092968
0,0.20526714622974396,1766518093742
0,0.13626518845558167,1766518094705
0,0.1642453372478485,1766518095330
0,0.3569358289241791,1766518096297
0,0.17790700495243073,1766518096978
0,0.06978242099285126,1766518097758
0,0.177397221326828,1766518098690
0,0.3363538384437561,1766518099314
0,0.1521536111831665,1766518100190
0,0.19053912162780762,1766518100915
0,0.2773597240447998,1766518101566
0,0.09557261317968369,1766518102554
0,0.23812225461006165,1766518103206
0,0.04143708571791649,1766518104061
0,0.2533605098724365,1766518104915
0,0.1301337629556656,1766518105568
0,0.07089968770742416,1766518106531
0,0.16549289226531982,1766518107168
0,0.050794363021850586,1766518107924
0,0.20745927095413208,1766518108879
0,0.11375477910041809,1766518109507
0,0.039655134081840515,1766518110489
0,0.054431114345788956,1766518111241
0,0.11373579502105713,1766518111950
0,0.057244375348091125,1766518112901
0,0.1294482946395874,1766518113538
0,0.115397609770298,1766518114587
0,0.1615554690361023,1766518115306
0,0.13558638095855713,1766518116006
0,0.16665717959403992,1766518116912
0,0.3225119709968567,1766518117544
0,0.23371045291423798,1766518118279
0,0.27289247512817383,1766518119140
0,0.04037938266992569,1766518119799
0,0.10718654096126556,1766518120762
0,0.19516001641750336,1766518121454
0,0.05903422832489014,1766518122150
0,0.27796024084091187,1766518123120
0,0.2322036623954773,1766518123751
0,0.034823350608348846,1766518124653
0,0.13266044855117798,1766518125332
0,0.05260613188147545,1766518125955
0,0.27519676089286804,1766518126927
0,0.1182272657752037,1766518127561
0,0.25818824768066406,1766518128294
0,0.14119842648506165,1766518129179
0,0.2914288640022278,1766518129797
0,0.08268865942955017,1766518130663
0,0.21209147572517395,1766518131445
0,0.025163203477859497,1766518132045
0,0.21809320151805878,1766518133071
0,0.25409969687461853,1766518133731
0,0.137559711933136,1766518134509
0,0.363362193107605,1766518135406
0,0.07215087115764618,1766518136057
0,0.06788680702447891,1766518137020
0,0.44815513491630554,1766518137737
0,0.18201889097690582,1766518138496
0,0.3024197816848755,1766518139434
0,0.13381049036979675,1766518140056
0,0.2235591858625412,1766518141027
0,0.10345570743083954,1766518141763
0,0.09436710178852081,1766518142452
0,0.2935837507247925,1766518143412
0,0.2654328942298889,1766518144025
0,0.21405455470085144,1766518144908
0,0.17513048648834229,1766518145746
0,0.07673389464616776,1766518146429
0,0.08422556519508362,1766518147372
0,0.03394988551735878,1766518147996
0,0.05850102752447128,1766518148808
0,0.0714663714170456,1766518149715
0,0.4142398238182068,1766518150391
0,0.061765797436237335,1766518151427
0,0.2765463888645172,1766518152119
0,0.08883681893348694,1766518152873
0,0.2313513159751892,1766518153821
0,0.08302866667509079,1766518154440
0,0.2580490708351135,1766518155430
0,0.12607088685035706,1766518156092
0,0.01914546824991703,1766518156832
0,0.052739836275577545,1766518157762
0,0.0875215232372284,1766518158386
0,0.1688368022441864,1766518159367
0,0.06525178998708725,1766518160108
0,0.3263680338859558,1766518160917
0,0.1899298131465912,1766518161805
0,0.29495322704315186,1766518162462
0,0.21065402030944824,1766518163422
0,0.1652277410030365,1766518164109
0,0.13272099196910858,1766518164844
0,0.20454740524291992,1766518165820
0,0.0639481469988823,1766518166432
0,0.3808571696281433,1766518167354
0,0.12558473646640778,1766518168137
0,0.25257498025894165,1766518168785
0,0.2258816957473755,1766518169759
0,0.06683800369501114,1766518170409
0,0.07138405740261078,1766518171212
0,0.06524607539176941,1766518172047
0,0.06247638165950775,1766518172677
0,0.01646335981786251,1766518173501
0,0.14712874591350555,1766518174234
0,0.12500308454036713,1766518174882
0,0.31242167949676514,1766518175828
0,0.10583959519863129,1766518176479
0,0.027700036764144897,1766518177258
0,0.0459250882267952,1766518178129
0,0.13610464334487915,1766518178780
0,0.02808871492743492,1766518179771
0,0.2155417799949646,1766518180488
0,0.25685980916023254,1766518181223
0,0.4038040339946747,1766518182153
0,0.07497067004442215,1766518182783
0,0.2142949104309082,1766518183715
0,0.18330952525138855,1766518184482
0,0.032457880675792694,1766518185176
0,0.06784756481647491,1766518186163
0,0.22465111315250397,1766518186782
0,0.14023004472255707,1766518187676
0,0.16756513714790344,1766518188458
0,0.11937488615512848,1766518189085
0,0.2817494869232178,1766518190031
0,0.12410691380500793,1766518190702
0,0.27673131227493286,1766518191480
0,0.09462513029575348,1766518192408
0,0.34437185525894165,1766518193032
0,0.10043805837631226,1766518194033
0,0.12788504362106323,1766518194725
0,0.13773947954177856,1766518195445
0,0.38939183950424194,1766518196416
0,0.20165729522705078,1766518197074
0,0.0884467363357544,1766518198087
0,0.0806308314204216,1766518198757
0,0.08317729085683823,1766518199521
0,0.09278644621372223,1766518200503
0,0.1451644003391266,1766518201148
0,0.26808997988700867,1766518202109
0,0.06128493323922157,1766518202824
0,0.18673741817474365,1766518203564
0,0.09868384897708893,1766518204537
0,0.03278294950723648,1766518205157
0,0.0489494726061821,1766518206017
0,0.3308372497558594,1766518206784
0,0.07544249296188354,1766518207430
0,0.11618300527334213,1766518208326
0,0.13785167038440704,1766518209030
0,0.12782491743564606,1766518209888
0,0.2611334025859833,1766518210737
0,0.07659682631492615,1766518211412
0,0.10664571821689606,1766518212393
0,0.1487187147140503,1766518213109
0,0.07651107758283615,1766518213881
0,0.06265142560005188,1766518214721
0,0.09390083700418472,1766518215305
0,0.12443462759256363,1766518216209
0,0.017259011045098305,1766518216943
0,0.07025549560785294,1766518217592
0,0.10767300426959991,1766518218580
0,0.31797847151756287,1766518219207
0,0.1706937700510025,1766518220088
0,0.03974257409572601,1766518220875
0,0.058264583349227905,1766518221562
0,0.12280149012804031,1766518222547
0,0.07344713062047958,1766518223215
0,0.07294303923845291,1766518223839
0,0.21852850914001465,1766518224791
0,0.0748104453086853,1766518225371
0,0.10190330445766449,1766518226186
0,0.07558561116456985,1766518226999
0,0.058106742799282074,1766518227716
0,0.11283206939697266,1766518228726
0,0.2004280686378479,1766518229336
0,0.02014114335179329,1766518230057
0,0.1339486837387085,1766518230950
0,0.2069619596004486,1766518231572
0,0.051720112562179565,1766518232556
0,0.20781424641609192,1766518233238
0,0.35237178206443787,1766518234034
0,0.05369400605559349,1766518234919
0,0.0883694738149643,1766518235584
0,0.09067855775356293,1766518236495
0,0.04005885869264603,1766518237201
0,0.0485878512263298,1766518237882
0,0.02114243060350418,1766518238856
0,0.10816231369972229,1766518239473
0,0.12376158684492111,1766518240260
0,0.038443587720394135,1766518241101
0,0.4678957760334015,1766518241807
0,0.23724187910556793,1766518242782
0,0.03344517573714256,1766518243391
0,0.08407944440841675,1766518244184
0,0.14185938239097595,1766518245114
0,0.10721676796674728,1766518245779
0,0.12217780947685242,1766518246783
0,0.03169936314225197,1766518247494
0,0.21224094927310944,1766518248232
0,0.19116713106632233,1766518249147
0,0.14847613871097565,1766518249760
0,0.10417164117097855,1766518250590
0,0.09283652901649475,1766518251375
0,0.13304921984672546,1766518252054
0,0.19821897149085999,1766518253083
0,0.13182008266448975,1766518253752
0,0.16328339278697968,1766518254654
0,0.20263037085533142,1766518255444
0,0.09633791446685791,1766518256104
0,0.24301598966121674,1766518257087
0,0.08400523662567139,1766518257725
0,0.1256384253501892,1766518258488
0,0.2439998984336853,1766518259370
0,0.1997920125722885,1766518259986
0,0.06115187704563141,1766518260943
0,0.06192637234926224,1766518261685
0,0.13902805745601654,1766518262445
0,0.23095984756946564,1766518263374
0,0.23195457458496094,1766518264079
0,0.20680785179138184,1766518265037
0,0.21511608362197876,1766518265769
0,0.0546097457408905,1766518266585
0,0.17549645900726318,1766518267519
0,0.15492282807826996,1766518268191
0,0.09223027527332306,1766518269167
0,0.3067062497138977,1766518269831
0,0.21729645133018494,1766518270550
0,0.1259041428565979,1766518271507
0,0.082063227891922,1766518272187
0,0.4092506170272827,1766518273108
0,0.07251963764429092,1766518273845
0,0.4165831506252289,1766518274508
0,0.26026177406311035,1766518275519
0,0.18344706296920776,1766518276185
0,0.204458549618721,1766518276997
0,0.1107826679944992,1766518277773
0,0.0988541692495346,1766518278400
0,0.06683642417192459,1766518279412
0,0.1308954805135727,1766518280127
0,0.10916941612958908,1766518280887
0,0.05862617492675781,1766518281811
0,0.11265639960765839,1766518282397
0,0.15667451918125153,1766518283286
0,0.15779128670692444,1766518283979
0,0.12971806526184082,1766518284641
0,0.11779077351093292,1766518285534
0,0.12746840715408325,1766518286229
0,0.04348745942115784,1766518287000
0,0.2040955275297165,1766518287934
0,0.12380023300647736,1766518288571
0,0.06067895144224167,1766518289554
0,0.060392893850803375,1766518290243
0,0.09709233045578003,1766518290952
0,0.14369989931583405,1766518291906
0,0.06671884655952454,1766518292497
0,0.12720490992069244,1766518293239
0,0.1162608191370964,1766518294060
0,0.09707649797201157,1766518294712
0,0.05912172049283981,1766518295674
0,0.12303762137889862,1766518296332
0,0.11415573954582214,1766518297036
0,0.10551148653030396,1766518297976
0,0.03214823082089424,1766518298604
0,0.13833720982074738,1766518299481
0,0.2576127350330353,1766518300288
0,0.030011598020792007,1766518300920
0,0.18997225165367126,1766518301949
0,0.19622664153575897,1766518302549
0,0.15809085965156555,1766518303270
0,0.27371007204055786,1766518304183
0,0.13589775562286377,1766518304858
0,0.026691371574997902,1766518305865
0,0.1405027210712433,1766518306552
0,0.12797385454177856,1766518307224
0,0.21678753197193146,1766518308134
0,0.21088919043540955,1766518308772
0,0.14414571225643158,1766518309595
0,0.08054128289222717,1766518310417
0,0.25134509801864624,1766518311042
0,0.07619776576757431,1766518312065
0,0.15512429177761078,1766518312775
0,0.10623637586832047,1766518313518
0,0.055101074278354645,1766518314470
0,0.15849392116069794,1766518315082
0,0.17881058156490326,1766518316039
0,0.10429438948631287,1766518316647
0,0.03377990424633026,1766518317323
0,0.08045487105846405,1766518318233
0,0.018043411895632744,1766518318896
0,0.031705453991889954,1766518319659
0,0.1907556653022766,1766518320525
0,0.06608057022094727,1766518321163
0,0.09336020052433014,1766518322130
0,0.1574857234954834,1766518322775
0,0.38099604845046997,1766518323520
0,0.35310572385787964,1766518324471
0,0.09347346425056458,1766518325095
0,0.16839748620986938,1766518326005
0,0.020161008462309837,1766518326831
0,0.17792539298534393,1766518327468
0,0.05741932988166809,1766518328404
0,0.23188883066177368,1766518329033
0,0.09671163558959961,1766518329780
0,0.1671702116727829,1766518330771
0,0.2081955224275589,1766518331441
0,0.144621342420578,1766518332418
0,0.3868846297264099,1766518333105
0,0.02714940905570984,1766518333847
0,0.03790001943707466,1766518334875
0,0.17313766479492188,1766518335496
0,0.08630510419607162,1766518336369
0,0.056293025612831116,1766518337117
0,0.03756233677268028,1766518337786
0,0.10460641235113144,1766518338726
0,0.09841567277908325,1766518339385
0,0.032738227397203445,1766518340217
0,0.07293526828289032,1766518341108
0,0.045972295105457306,1766518341776
0,0.20181336998939514,1766518342801
0,0.10360503941774368,1766518343459
0,0.15190711617469788,1766518344219
0,0.13689632713794708,1766518345102
0,0.006260268855839968,1766518345736
0,0.12715765833854675,1766518346738
0,0.2287846952676773,1766518347425
0,0.08228134363889694,1766518348144
0,0.1796230971813202,1766518349039
0,0.15356937050819397,1766518349656
0,0.16701751947402954,1766518350462
0,0.06367107480764389,1766518351233
0,0.09649427235126495,1766518351956
0,0.18374097347259521,1766518352920
0,0.11745329201221466,1766518353584
0,0.016751455143094063,1766518354532
0,0.07194053381681442,1766518355272
0,0.11830387264490128,1766518355956
0,0.05567724630236626,1766518356938
0,0.15743184089660645,1766518357614
0,0.08964366465806961,1766518358494
0,0.21843531727790833,1766518359336
0,0.16746273636817932,1766518360023
0,0.16501180827617645,1766518361042
0,0.21185995638370514,1766518361673
0,0.13506412506103516,1766518362600
0,0.1272323727607727,1766518363352
0,0.04576149955391884,1766518364036
0,0.06702561676502228,1766518365002
0,0.04271000251173973,1766518365638
0,0.07082675397396088,1766518366516
0,0.06601186841726303,1766518367339
0,0.1149609163403511,1766518367975
0,0.1269582211971283,1766518368957
0,0.08496513962745667,1766518369645
0,0.060509178787469864,1766518370424
0,0.0896880179643631,1766518371368
0,0.22359441220760345,1766518372007
0,0.06330982595682144,1766518372988
0,0.04525139927864075,1766518373675
0,0.059028156101703644,1766518374519
0,0.5072365999221802,1766518375457
0,0.29774367809295654,1766518376061
0,0.07759097218513489,1766518376971
0,0.07178959250450134,1766518377715
0,0.14486481249332428,1766518378503
0,0.032538846135139465,1766518379400
0,0.10111755132675171,1766518380047
0,0.04005458205938339,1766518380913
0,0.013490056619048119,1766518381652
0,0.1467445343732834,1766518382331
0,0.2536035478115082,1766518383317
0,0.0672694593667984,1766518383942
0,0.007740592584013939,1766518384840
0,0.049805499613285065,1766518385728
0,0.4131947159767151,1766518386429
0,0.1706676334142685,1766518387431
0,0.19263164699077606,1766518388082
0,0.027612201869487762,1766518388916
0,0.03267446160316467,1766518389718
0,0.058555252850055695,1766518390381
0,0.24554768204689026,1766518391357
0,0.09549307078123093,1766518392018
0,0.03703148290514946,1766518392817
0,0.11626417934894562,1766518393711
0,0.214889794588089,1766518394360
0,0.2104339301586151,1766518395312
0,0.15284846723079681,1766518396021
0,0.03960249200463295,1766518396764
0,0.038606926798820496,1766518397703
0,0.4375467896461487,1766518398328
0,0.13129597902297974,1766518399322
0,0.02495799958705902,1766518399974
0,0.021431969478726387,1766518400619
0,0.41295498609542847,1766518401524
0,0.12356162071228027,1766518402154
0,0.21232685446739197,1766518402939
0,0.13437792658805847,1766518403906
0,0.10519464313983917,1766518404527
0,0.09652193635702133,1766518405482
0,0.10921307653188705,1766518406174
0,0.06448624283075333,1766518406981
0,0.31915315985679626,1766518407889
0,0.08300939202308655,1766518408560
0,0.19107306003570557,1766518409534
0,0.1669272631406784,1766518410157
0,0.1918286383152008,1766518410873
0,0.10366595536470413,1766518411785
0,0.1366681456565857,1766518412400
0,0.07294753193855286,1766518413286
0,0.14445041120052338,1766518414092
0,0.18357473611831665,1766518414813
0,0.2428862452507019,1766518415795
0,0.06009466201066971,1766518416424
0,0.22239845991134644,1766518417352
0,0.16494405269622803,1766518418171
0,0.25715112686157227,1766518418940
0,0.026316508650779724,1766518419838
0,0.028051119297742844,1766518420477
0,0.02760523557662964,1766518421265
0,0.05971532315015793,1766518422090
0,0.14278945326805115,1766518422782
0,0.10429295152425766,1766518423806
0,0.1314418911933899,1766518424462
0,0.05497058853507042,1766518425274
0,0.33553361892700195,1766518426148
0,0.06231893599033356,1766518426793
0,0.2563071846961975,1766518427777
0,0.06523006409406662,1766518428456
0,0.08349121361970901,1766518429165
0,0.23143433034420013,1766518430076
0,0.15167507529258728,1766518430717
0,0.018879380077123642,1766518431646
0,0.22376331686973572,1766518432379
0,0.10286350548267365,1766518433011
0,0.10787419974803925,1766518433938
0,0.019080620259046555,1766518434590
0,0.10264319181442261,1766518435319
0,0.11970817297697067,1766518436195
0,0.05622997134923935,1766518436802
0,0.0836479663848877,1766518437655
0,0.19649186730384827,1766518438463
0,0.29090118408203125,1766518439130
0,0.016536613926291466,1766518440126
0,0.026953402906656265,1766518440820
0,0.01592893898487091,1766518441734
0,0.4066764712333679,1766518442480
0,0.1595182716846466,1766518443204
0,0.04959604889154434,1766518444227
0,0.09882839769124985,1766518444876
0,0.1299523562192917,1766518445776
0,0.09304064512252808,1766518446546
0,0.1258184313774109,1766518447283
0,0.2178860306739807,1766518448305
0,0.15076516568660736,1766518448929
0,0.12636388838291168,1766518449865
0,0.07581926137208939,1766518450642
0,0.21034064888954163,1766518451389
0,0.129511758685112,1766518452359
0,0.13298030197620392,1766518453000
0,0.14082607626914978,1766518453862
0,0.1006702110171318,1766518454644
0,0.19725802540779114,1766518455240
0,0.07510808110237122,1766518456231
0,0.008897903375327587,1766518456882
0,0.1218830943107605,1766518457603
0,0.1056356430053711,1766518458513
0,0.06600634008646011,1766518459110
0,0.02468610554933548,1766518460045
0,0.05562901124358177,1766518460780
0,0.18875980377197266,1766518461420
0,0.3855224847793579,1766518462398
0,0.11928518116474152,1766518463092
0,0.09726488590240479,1766518463971
0,0.07851484417915344,1766518464766
0,0.1429545283317566,1766518465479
0,0.06427512317895889,1766518466488
0,0.08549126237630844,1766518467131
0,0.12792611122131348,1766518467977
0,0.10490851104259491,1766518468834
0,0.11149105429649353,1766518469486
0,0.04007989913225174,1766518470471
0,0.019041605293750763,1766518471118
0,0.07284232974052429,1766518471841
0,0.23434175550937653,1766518472801
0,0.17084237933158875,1766518473437
0,0.1018199622631073,1766518474368
0,0.21401214599609375,1766518475148
0,0.058002814650535583,1766518475845
0,0.24884435534477234,1766518476824
0,0.08038030564785004,1766518477422
0,0.09204743802547455,1766518478296
0,0.04825875163078308,1766518479090
0,0.05381850525736809,1766518479757
0,0.08848429471254349,1766518480754
0,0.01074616052210331,1766518481408
0,0.09499213099479675,1766518482110
0,0.11953917145729065,1766518482950
0,0.4674296975135803,1766518483604
0,0.12426543235778809,1766518484608
0,0.19589339196681976,1766518485358
0,0.16863666474819183,1766518486033
0,0.13494691252708435,1766518486999
0,0.2093547284603119,1766518487692
0,0.20149029791355133,1766518488619
0,0.04743487760424614,1766518489416
0,0.02290906012058258,1766518490124
0,0.10651084780693054,1766518491132
0,0.11395727843046188,1766518491769
0,0.14749732613563538,1766518492648
0,0.06546145677566528,1766518493455
0,0.05154312402009964,1766518494157
0,0.12334615737199783,1766518495133
0,0.08086459338665009,1766518495782
0,0.15700219571590424,1766518496627
0,0.03707271069288254,1766518497445
0,0.14732897281646729,1766518498077
0,0.06612084060907364,1766518499024
0,0.11730070412158966,1766518499664
0,0.04957408085465431,1766518500395
0,0.11085738986730576,1766518501321
0,0.16879022121429443,1766518501973
0,0.1107790470123291,1766518502910
0,0.13352049887180328,1766518503677
0,0.15938881039619446,1766518504366
0,0.22088821232318878,1766518505330
0,0.01653444766998291,1766518506019
0,0.016098372638225555,1766518506823
0,0.14417347311973572,1766518507678
0,0.015340556390583515,1766518508345
0,0.07861451804637909,1766518509303
0,0.049880482256412506,1766518509972
0,0.12252368032932281,1766518510736
0,0.10570315271615982,1766518511730
0,0.19241228699684143,1766518512407
0,0.05027397722005844,1766518513396
0,0.22228029370307922,1766518514022
0,0.23144549131393433,1766518514770
0,0.11652088165283203,1766518515671
0,0.07080680131912231,1766518516320
0,0.08005011826753616,1766518517359
0,0.022591607645154,1766518518065
0,0.14854450523853302,1766518518825
0,0.009396257810294628,1766518519756
0,0.1907094419002533,1766518520412
0,0.017289388924837112,1766518521423
0,0.09467698633670807,1766518522051
0,0.18289294838905334,1766518522700
0,0.22479534149169922,1766518523654
0,0.11101704090833664,1766518524295
0,0.14861005544662476,1766518525187
0,0.13797283172607422,1766518525927
0,0.10315850377082825,1766518526577
0,0.06438041478395462,1766518527485
0,0.040271177887916565,1766518528169
0,0.012371936812996864,1766518528926
0,0.22262144088745117,1766518529839
0,0.060992058366537094,1766518530433
0,0.2302798181772232,1766518531438
0,0.2161671668291092,1766518532144
0,0.03990139812231064,1766518532849
0,0.08325289934873581,1766518533837
0,0.21264806389808655,1766518534477
0,0.07735898345708847,1766518535366
0,0.0526018887758255,1766518536174
0,0.02392401546239853,1766518536796
0,0.11734828352928162,1766518537874
0,0.073296919465065,1766518538561
0,0.2467484474182129,1766518539468
0,0.10134345293045044,1766518540297
0,0.019860435277223587,1766518540997
0,0.04775863513350487,1766518541928
0,0.23485706746578217,1766518542602
0,0.24473722279071808,1766518543288
0,0.09031061828136444,1766518544178
0,0.10535192489624023,1766518544756
0,0.04760057106614113,1766518545655
0,0.0669870376586914,1766518546373
0,0.015732690691947937,1766518547042
0,0.1837487816810608,1766518548040
0,0.11211646348237991,1766518548674
0,0.05541760474443436,1766518549403
0,0.20732106268405914,1766518550249
0,0.14453643560409546,1766518550843
0,0.030933255329728127,1766518551778
0,0.07117533683776855,1766518552549
0,0.08181409537792206,1766518553256
0,0.26383060216903687,1766518554258
0,0.02378265932202339,1766518554909
0,0.28707802295684814,1766518555808
0,0.1086936891078949,1766518556598
0,0.10236649215221405,1766518557357
0,0.23308362066745758,1766518558302
0,0.0324050635099411,1766518558934
0,0.0460590198636055,1766518559860
0,0.05108092725276947,1766518560639
0,0.030608607456088066,1766518561307
0,0.12943661212921143,1766518562328
0,0.07884573936462402,1766518563004
0,0.15864479541778564,1766518563931
0,0.1845489740371704,1766518564696
0,0.03562401607632637,1766518565390
0,0.009853452444076538,1766518566416
0,0.10685308277606964,1766518567074
0,0.18422502279281616,1766518567836
0,0.032948072999715805,1766518568691
0,0.19175490736961365,1766518569304
0,0.025371365249156952,1766518570254
0,0.03015400655567646,1766518570947
0,0.0043891253881156445,1766518571671
0,0.08355458080768585,1766518572613
0,0.15146806836128235,1766518573275
0,0.08320063352584839,1766518574178
0,0.120975561439991,1766518574988
0,0.03161700442433357,1766518575651
0,0.04430555924773216,1766518576640
0,0.050441496074199677,1766518577307
0,0.11664241552352905,1766518578175
0,0.195534348487854,1766518578977
0,0.08480382710695267,1766518579639
0,0.09491127729415894,1766518580590
0,0.06379624456167221,1766518581265
0,0.012059870176017284,1766518582037
0,0.24343371391296387,1766518582977
0,0.023168005049228668,1766518583626
0,0.18466617166996002,1766518584608
0,0.043164562433958054,1766518585270
0,0.0421387143433094,1766518585985
0,0.091896653175354,1766518586967
0,0.007922559045255184,1766518587590
0,0.05098307505249977,1766518588491
0,0.03277206048369408,1766518589260
0,0.06533144414424896,1766518589886
0,0.007024060003459454,1766518590821
0,0.01824057474732399,1766518591476
0,0.03386233001947403,1766518592220
0,0.05388670414686203,1766518593127
0,0.110306017100811,1766518593774
0,0.43074339628219604,1766518594743
0,0.07129453122615814,1766518595492
0,0.06100369244813919,1766518596242
0,0.0522359237074852,1766518597147
0,0.034191012382507324,1766518597759
0,0.18431320786476135,1766518598750
0,0.16018621623516083,1766518599540
1,0.04067442566156387,1766518600292
1,0.0844418853521347,1766518601233
1,0.18595190346240997,1766518601875
1,0.002373466268181801,1766518602761
1,0.05623872950673103,1766518603558
1,0.0365297868847847,1766518604249
1,0.14129796624183655,1766518605209
1,0.5252220034599304,1766518605789
1,0.00583889614790678,1766518606434
1,0.03438561037182808,1766518607380
1,0.1076260432600975,1766518607952
1,0.15482354164123535,1766518608606
1,0.026282984763383865,1766518609374
1,0.05269129201769829,1766518609910
1,0.1634938269853592,1766518610523
1,0.041248489171266556,1766518611212
1,0.015762479975819588,1766518611696
1,0.027519533410668373,1766518612279
1,0.004878785461187363,1766518613075
1,0.05811021104454994,1766518613583
1,0.07320232689380646,1766518614186
1,0.2301846295595169,1766518614950
1,0.0028959885239601135,1766518615440
1,0.05907294154167175,1766518616033
1,0.024953819811344147,1766518616804
1,0.15293170511722565,1766518617322
1,0.3556970953941345,1766518617929
1,0.18505249917507172,1766518618699
1,0.293745756149292,1766518619210
1,0.03360854089260101,1766518619851
1,0.1863274723291397,1766518620664
1,0.08656628429889679,1766518621130
1,0.047044068574905396,1766518621684
1,0.03271658346056938,1766518622490
1,0.3099355101585388,1766518623001
1,0.0992775484919548,1766518623609
1,0.1263694018125534,1766518624393
1,0.17119938135147095,1766518624881
1,0.06787186861038208,1766518625477
1,0.017807206138968468,1766518626337
1,0.1654779613018036,1766518626831
1,0.05117453634738922,1766518627461
1,0.17613761126995087,1766518628237
1,0.11142630875110626,1766518628726
1,0.04744981974363327,1766518629297
1,0.030747994780540466,1766518630090
1,0.07682004570960999,1766518630602
1,0.13492053747177124,1766518631198
1,0.10315153002738953,1766518631960
1,0.06234563887119293,1766518632459
1,0.05440763384103775,1766518633049
1,0.13735581934452057,1766518633855
1,0.07179684937000275,1766518634350
1,0.11850298196077347,1766518635242
1,0.019901715219020844,1766518635977
1,0.04475640878081322,1766518636481
1,0.062454305589199066,1766518637250
1,0.0010369386291131377,1766518638125
1,0.2940081059932709,1766518638810
1,0.08619578927755356,1766518639719
1,0.20517288148403168,1766518640375
1,0.28903454542160034,1766518641155
1,0.19439342617988586,1766518642000
1,0.1181025356054306,1766518642622
1,0.14274615049362183,1766518643643
1,0.09566444158554077,1766518644360
1,0.23122628033161163,1766518645123
1,0.2428167760372162,1766518646013
1,0.11379848420619965,1766518646612
1,0.12558907270431519,1766518647606
1,0.2462003529071808,1766518648266
1,0.12293864041566849,1766518648897
1,0.06308845430612564,1766518649914
1,0.05019540339708328,1766518650565
1,0.022686127573251724,1766518651415
1,0.3910914361476898,1766518652211
1,0.04857208952307701,1766518652879
1,0.1234293282032013,1766518653847
1,0.04047849029302597,1766518654494
1,0.017663365229964256,1766518655285
1,0.025923166424036026,1766518656172
1,0.06996840238571167,1766518656831
1,0.005878754425793886,1766518657833
1,0.138502299785614,1766518658570
1,0.11914165318012238,1766518659357
1,0.46830135583877563,1766518660307
1,0.053766243159770966,1766518660963
1,0.06672902405261993,1766518661910
1,0.02682032808661461,1766518662655
1,0.037695541977882385,1766518663451
1,0.09142232686281204,1766518664365
1,0.029520004987716675,1766518665030
1,0.11296327412128448,1766518665974
1,0.011936606839299202,1766518666657
1,0.002191048115491867,1766518667328
1,0.04962277412414551,1766518668199
1,0.06538619101047516,1766518668813
1,0.004823250696063042,1766518669636
1,0.19909276068210602,1766518670391
1,0.03856831416487694,1766518671016
1,0.027554430067539215,1766518671961
1,0.024934226647019386,1766518672576
1,0.043133389204740524,1766518673287
1,0.013178950175642967,1766518674160
1,0.04380452632904053,1766518674706
1,0.05009990558028221,1766518675374
1,0.17096880078315735,1766518676155
1,0.05983821675181389,1766518676734
1,0.008950268849730492,1766518677619
1,0.10662785917520523,1766518678370
1,0.057244762778282166,1766518679163
1,0.08605588972568512,1766518679941
1,0.08241669833660126,1766518680479
1,0.06129821017384529,1766518681299
1,0.021465865895152092,1766518682079
1,0.13432598114013672,1766518682846
1,0.022936295717954636,1766518683738
1,0.27967697381973267,1766518684423
1,0.1069074422121048,1766518685424
1,0.09268637001514435,1766518686139
1,0.18853244185447693,1766518686902
1,0.023759281262755394,1766518687723
1,0.08077216148376465,1766518688371
1,0.11772847175598145,1766518689260
1,0.028157658874988556,1766518690003
1,0.1250966340303421,1766518690851
1,0.2449885606765747,1766518691712
1,0.006251508370041847,1766518692345
1,0.02712947130203247,1766518693283
1,0.020498821511864662,1766518693984
1,0.11549980938434601,1766518694704
1,0.08592972159385681,1766518695596
1,0.06989321857690811,1766518696271
1,0.100776806473732,1766518697122
1,0.1179652214050293,1766518697885
1,0.06324585527181625,1766518698636
1,0.048144787549972534,1766518699599
1,0.028220651671290398,1766518700325
1,0.0794868916273117,1766518701224
1,0.025308050215244293,1766518701940
1,0.06914442032575607,1766518702732
1,0.03505591303110123,1766518703581
1,0.019795510917901993,1766518704219
1,0.07577104866504669,1766518705059
1,0.027833931148052216,1766518705796
1,0.4037609100341797,1766518706598
1,0.1881488412618637,1766518707472
1,0.0394870787858963,1766518708237
1,0.03433823958039284,1766518709111
1,0.0361492745578289,1766518709790
1,0.03289738669991493,1766518710683
1,0.03609125316143036,1766518711454
1,0.06052288040518761,1766518712256
1,0.0911487489938736,1766518713095
1,0.09123656153678894,1766518713738
1,0.013573577627539635,1766518714573
1,0.03050166368484497,1766518715277
1,0.23647944629192352,1766518716151
1,0.07728365063667297,1766518716904
1,0.06902745366096497,1766518717675
1,0.07746204733848572,1766518718585
1,0.05071850121021271,1766518719296
1,0.08612306416034698,1766518720118
1,0.13946183025836945,1766518720941
1,0.015587672591209412,1766518721851
1,0.18030399084091187,1766518722623
1,0.008698874153196812,1766518723323
1,0.02424013614654541,1766518724087
1,0.06860455870628357,1766518724871
1,0.20452836155891418,1766518725751
1,0.05104396492242813,1766518726603
1,0.0017549056792631745,1766518727376
1,0.1574697494506836,1766518728196
1,0.07242175191640854,1766518729030
1,0.06816186010837555,1766518729882
1,0.13306890428066254,1766518730765
1,0.04566572234034538,1766518731596
1,0.5303585529327393,1766518732458
1,0.005580172874033451,1766518733330
1,0.02072867937386036,1766518734199
1,0.2907533645629883,1766518734998
1,0.06851358711719513,1766518735801
1,0.3797592222690582,1766518736607
1,0.0874425545334816,1766518737292
1,0.15168814361095428,1766518738215
1,0.053963929414749146,1766518738928
1,0.024470116943120956,1766518739682
1,0.07054266333580017,1766518740446
1,0.11410441249608994,1766518741154
1,0.0968654528260231,1766518742065
1,0.1257181614637375,1766518742904
1,0.05850217863917351,1766518743744
1,0.06873837858438492,1766518744588
1,0.07888671010732651,1766518745330
1,0.07232578843832016,1766518746310
1,0.07560281455516815,1766518747030
1,0.037957437336444855,1766518747884
1,0.02497885376214981,1766518748656
1,0.04549935832619667,1766518749523
1,0.05486859381198883,1766518750404
1,0.09925144910812378,1766518751121
1,0.14925378561019897,1766518752067
1,0.04920466989278793,1766518752825
1,0.13164693117141724,1766518753692
1,0.16963279247283936,1766518754487
1,0.015214241109788418,1766518755356
1,0.046667344868183136,1766518756220
1,0.02296943962574005,1766518757017
1,0.13429468870162964,1766518757961
1,0.07943841814994812,1766518758712
1,0.10730147361755371,1766518759636
1,0.018989983946084976,1766518760453
1,0.002311145653948188,1766518761329
1,0.1756494641304016,1766518762122
1,0.003921731375157833,1766518762894
1,0.06854557991027832,1766518763804
1,0.13547779619693756,1766518764503
1,0.11060094088315964,1766518765504
1,0.021627265959978104,1766518766248
1,0.06644734740257263,1766518767149
1,0.019335374236106873,1766518767941
1,0.059114426374435425,1766518768690
1,0.18499597907066345,1766518769615
1,0.14681914448738098,1766518770304
1,0.13829325139522552,1766518771203
1,0.1179734319448471,1766518771990
1,0.07316123694181442,1766518772801
1,0.04196848347783089,1766518773655
1,0.04524369165301323,1766518774354
1,0.10276922583580017,1766518775343
1,0.04965074360370636,1766518776034
1,0.2712922692298889,1766518776766
1,0.03990069404244423,1766518777615
1,0.15145432949066162,1766518778223
1,0.07945354282855988,1766518779118
1,0.03406422585248947,1766518779859
1,0.028041154146194458,1766518780536
1,0.07432711124420166,1766518781546
1,0.06372194737195969,1766518782220
1,0.10103696584701538,1766518783022
1,0.0190541073679924,1766518783847
1,0.045471981167793274,1766518784484
1,0.03126072511076927,1766518785520
1,0.12171255797147751,1766518786237
1,0.08004625141620636,1766518786952
1,0.06174350529909134,1766518787904
1,0.08720166236162186,1766518788549
1,0.06403889507055283,1766518789559
1,0.06933866441249847,1766518790234
1,0.005934014916419983,1766518790919
1,0.43252578377723694,1766518791872
1,0.0027337465435266495,1766518792520
1,0.027539297938346863,1766518793452
1,0.009678113274276257,1766518794123
1,0.07433666288852692,1766518794898
1,0.053157709538936615,1766518795836
1,0.10043387860059738,1766518796492
1,0.17835944890975952,1766518797387
1,0.1622193157672882,1766518798156
1,0.1387854516506195,1766518798879
1,0.17980292439460754,1766518799909
1,0.0025591026060283184,1766518800601
1,0.01139091420918703,1766518801491
1,0.1336798071861267,1766518802282
1,0.08504367619752884,1766518802959
1,0.01280208956450224,1766518803900
1,0.06515336036682129,1766518804583
1,0.07482562959194183,1766518805415
1,0.14156107604503632,1766518806360
1,0.23541045188903809,1766518807071
1,0.0722951591014862,1766518808099
1,0.013921997509896755,1766518808802
1,0.12196257710456848,1766518809741
1,0.0905580073595047,1766518810531
1,0.026707395911216736,1766518811261
1,0.1353100687265396,1766518812257
1,0.02641160599887371,1766518812870
1,0.1646185964345932,1766518813745
1,0.10047530382871628,1766518814563
1,0.15042632818222046,1766518815189
1,0.28464606404304504,1766518816184
1,0.17527812719345093,1766518816874
1,0.0541829876601696,1766518817576
1,0.22808755934238434,1766518818545
1,0.08773300051689148,1766518819184
1,0.027764348313212395,1766518820166
1,0.12488596141338348,1766518820916
1,0.01704424060881138,1766518821560
1,0.0397050604224205,1766518822522
1,0.08934292942285538,1766518823197
1,0.0445210300385952,1766518824122
1,0.09946232289075851,1766518824890
1,0.052454572170972824,1766518825595
1,0.05142451077699661,1766518826519
1,0.055418334901332855,1766518827153
1,0.07051990926265717,1766518828016
1,0.007813036441802979,1766518828822
1,0.08204309642314911,1766518829452
1,0.1854369342327118,1766518830482
1,0.040458813309669495,1766518831185
1,0.044116243720054626,1766518831937
1,0.1065049096941948,1766518832885
1,0.08059664815664291,1766518833538
1,0.011154526844620705,1766518834499
1,0.0974767729640007,1766518835157
1,0.02858378365635872,1766518835848
1,0.5810582637786865,1766518836788
1,0.14089056849479675,1766518837413
1,0.0036190368700772524,1766518838211
1,0.02548111416399479,1766518839042
1,0.010005718097090721,1766518839670
1,0.14658765494823456,1766518840628
1,0.0065640537068247795,1766518841347
1,0.1414484977722168,1766518842111
1,0.1182934120297432,1766518843016
1,0.05190892145037651,1766518843653
1,0.09114707261323929,1766518844658
1,0.17964166402816772,1766518845350
1,0.18142351508140564,1766518846077
1,0.1324204057455063,1766518846979
1,0.029906071722507477,1766518847620
1,0.036176469177007675,1766518848487
1,0.08066646754741669,1766518849202
1,0.01259460486471653,1766518849950
1,0.12750709056854248,1766518850958
1,0.06950835138559341,1766518851599
1,0.10360561311244965,1766518852486
1,0.09919752180576324,1766518853317
1,0.07552284747362137,1766518854002
1,0.07464340329170227,1766518854947
1,0.03295326605439186,1766518855633
1,0.03854374215006828,1766518856510
1,0.16240929067134857,1766518857354
1,0.15620997548103333,1766518858035
1,0.059773825109004974,1766518859029
1,0.15292277932167053,1766518859677
1,0.041345447301864624,1766518860454
1,0.06303755193948746,1766518861342
1,0.22798016667366028,1766518861999
1,0.16000521183013916,1766518862965
1,0.09895831346511841,1766518863699
1,0.04396088421344757,1766518864485
1,0.028775732964277267,1766518865337
1,0.19393464922904968,1766518866030
1,0.0942375585436821,1766518866930
1,0.18150097131729126,1766518867689
1,0.12432035058736801,1766518868375
1,0.18859776854515076,1766518869379
1,0.1730089634656906,1766518870051
1,0.06312189996242523,1766518870989
1,0.1554664671421051,1766518871758
1,0.022495461627840996,1766518872506
1,0.18126150965690613,1766518873421
1,0.11772055923938751,1766518874011
1,0.04058552533388138,1766518874875
1,0.14285388588905334,1766518875634
1,0.06453243643045425,1766518876229
1,0.018833188340067863,1766518877181
1,0.09394949674606323,1766518877792
1,0.09863565862178802,1766518878488
1,0.05713433027267456,1766518879421
1,0.16397760808467865,1766518880067
1,0.1866011619567871,1766518880890
1,0.04715596139431,1766518881788
1,0.2057807445526123,1766518882453
1,0.030291136354207993,1766518883474
1,0.14018884301185608,1766518884139
1,0.04624712094664574,1766518884991
1,0.12686693668365479,1766518885893
1,0.19536620378494263,1766518886521
1,0.057339493185281754,1766518887474
1,0.03609653562307358,1766518888167
1,0.21347999572753906,1766518888953
1,0.006918073631823063,1766518889889
1,0.17791761457920074,1766518890552
1,0.12000945955514908,1766518891524
1,0.048066772520542145,1766518892199
1,0.011832406744360924,1766518892882
1,0.13758601248264313,1766518893792
1,0.042344074696302414,1766518894448
1,0.016099736094474792,1766518895304
1,0.004615243524312973,1766518896117
1,0.11686290055513382,1766518896817
1,0.11654066294431686,1766518897813
1,0.015949619933962822,1766518898429
1,0.13589391112327576,1766518899277
1,0.03243957459926605,1766518900072
1,0.07737264782190323,1766518900754
1,0.05614496022462845,1766518901709
1,0.1495460420846939,1766518902361
1,0.11623033136129379,1766518903086
1,0.10591913759708405,1766518903999
1,0.0028806037735193968,1766518904649
1,0.08855360746383667,1766518905605
1,0.025190405547618866,1766518906332
1,0.028915293514728546,1766518907112
1,0.012518159113824368,1766518908068
1,0.1299385279417038,1766518908659
1,0.0529644675552845,1766518909618
1,0.16528640687465668,1766518910305
1,0.008485755883157253,1766518911033
1,0.023304350674152374,1766518912029
1,0.0417131744325161,1766518912662
1,0.0046168542467057705,1766518913622
1,0.08061189949512482,1766518914320
1,0.028765585273504257,1766518915041
1,0.1287141889333725,1766518916017
1,0.019372865557670593,1766518916651
1,0.0432518795132637,1766518917608
1,0.06799077987670898,1766518918269
1,0.021348169073462486,1766518918936
1,0.0277072973549366,1766518919847
1,0.028301706537604332,1766518920520
1,0.22522187232971191,1766518921286
1,0.0409269854426384,1766518922161
1,0.06263597309589386,1766518922764
1,0.07337673753499985,1766518923733
1,0.09074512124061584,1766518924405
1,0.030443433672189713,1766518925042
1,0.01148240640759468,1766518925966
1,0.2517441213130951,1766518926643
1,0.019769961014389992,1766518927426
1,0.06519461423158646,1766518928310
1,0.054336708039045334,1766518928994
1,0.03700350224971771,1766518929924
1,0.03539513796567917,1766518930542
1,0.0941176563501358,1766518931268
1,0.1107611283659935,1766518932217
1,0.2390565425157547,1766518932869
1,0.05749032273888588,1766518933788
1,0.20677191019058228,1766518934573
1,0.07727023214101791,1766518935285
1,0.09144255518913269,1766518936260
1,0.07876802235841751,1766518936865
1,0.17500200867652893,1766518937754
1,0.23942036926746368,1766518938599
1,0.1433127224445343,1766518939264
1,0.026248030364513397,1766518940217
1,0.1518205851316452,1766518940911
1,0.10823626071214676,1766518941750
1,0.04041396826505661,1766518942661
1,0.026665130630135536,1766518943311
1,0.023099536076188087,1766518944352
1,0.045521728694438934,1766518945077
1,0.18550363183021545,1766518945975
1,0.07382090389728546,1766518946734
1,0.10633388161659241,1766518947348
1,0.0656760111451149,1766518948387
1,0.212975412607193,1766518949043
1,0.07990256696939468,1766518949800
1,0.05242246016860008,1766518950702
1,0.02773044817149639,1766518951321
1,0.009799107909202576,1766518952276
1,0.03665682300925255,1766518953036
1,0.01365798618644476,1766518953781
1,0.20259377360343933,1766518954743
1,0.03743115812540054,1766518955427
1,0.1438213288784027,1766518956422
1,0.0205055121332407,1766518957093
1,0.05059254169464111,1766518957835
1,0.01678752899169922,1766518958820
1,0.084037184715271,1766518959472
1,0.1460382044315338,1766518960381
1,0.15146411955356598,1766518961168
1,0.11493181437253952,1766518961837
1,0.16064374148845673,1766518962779
1,0.05115592107176781,1766518963439
1,0.10987250506877899,1766518964289
1,0.06343915313482285,1766518965145
1,0.0037734308280050755,1766518965821
1,0.018901363015174866,1766518966758
1,0.20687296986579895,1766518967453
1,0.0053951009176671505,1766518968199
1,0.16316086053848267,1766518969104
1,0.0632186084985733,1766518969731
1,0.1629735231399536,1766518970754
1,0.009405749849975109,1766518971441
1,0.126437708735466,1766518972127
1,0.13186755776405334,1766518973102
1,0.06413911283016205,1766518973732
1,0.035096317529678345,1766518974526
1,0.05619508773088455,1766518975367
1,0.019012637436389923,1766518976008
1,0.06578771770000458,1766518976989
1,0.11468473821878433,1766518977639
1,0.14563779532909393,1766518978396
1,0.03260360285639763,1766518979204
1,0.22768299281597137,1766518979790
1,0.22228766977787018,1766518980666
1,0.18071343004703522,1766518981437
1,0.15924574434757233,1766518982167
1,0.08569612354040146,1766518983150
1,0.14317771792411804,1766518983758
1,0.053408171981573105,1766518984690
1,0.16141676902770996,1766518985413
1,0.1266503483057022,1766518986090
1,0.10422087460756302,1766518987041
1,0.19278770685195923,1766518987685
1,0.19714084267616272,1766518988361
1,0.021426716819405556,1766518989283
1,0.10853703320026398,1766518989922
1,0.08937321603298187,1766518990880
1,0.13983656466007233,1766518991662
1,0.04745844751596451,1766518992344
1,0.0788363367319107,1766518993330
1,0.18046194314956665,1766518993949
1,0.1592831015586853,1766518994728
1,0.0878555178642273,1766518995604
1,0.3702765703201294,1766518996237
1,0.036917127668857574,1766518997231
1,0.09296020865440369,1766518997910
1,0.06348323822021484,1766518998677
1,0.09737637639045715,1766518999593
1,0.06494778394699097,1766519000247
1,0.023584183305501938,1766519001199
1,0.03857272118330002,1766519001992
1,0.03733622282743454,1766519002709
1,0.10726655274629593,1766519003638
1,0.3659793734550476,1766519004255
1,0.05319451540708542,1766519005089
1,0.07623307406902313,1766519005907
1,0.0489736832678318,1766519006550
1,0.17963141202926636,1766519007526
1,0.08346131443977356,1766519008218
1,0.10051378607749939,1766519008988
1,0.20923607051372528,1766519009889
1,0.03220754489302635,1766519010540
1,0.015171214006841183,1766519011560
1,0.0472186915576458,1766519012204
1,0.013586574234068394,1766519012912
1,0.22941739857196808,1766519013824
1,0.11771319806575775,1766519014499
1,0.06013396382331848,1766519015403
1,0.3267647624015808,1766519016236
1,0.11237206310033798,1766519016963
1,0.1315760314464569,1766519017865
1,0.09071561694145203,1766519018527
1,0.10196609795093536,1766519019429
1,0.053767092525959015,1766519020206
1,0.055999189615249634,1766519020926
1,0.07894838601350784,1766519021885
1,0.025710420683026314,1766519022560
1,0.1649317741394043,1766519023503
1,0.14685261249542236,1766519024290
1,0.026892762631177902,1766519025082
1,0.06312812119722366,1766519026010
1,0.11410128325223923,1766519026683
1,0.11125314235687256,1766519027552
1,0.034238897264003754,1766519028286
1,0.07733218371868134,1766519029046
1,0.07356072962284088,1766519029932
1,0.10648145526647568,1766519030651
1,0.1503491997718811,1766519031584
1,0.06972722709178925,1766519032211
1,0.007060917094349861,1766519032921
1,0.16298255324363708,1766519033840
1,0.18139244616031647,1766519034481
1,0.01819245144724846,1766519035312
1,0.3140677213668823,1766519036108
1,0.05700748786330223,1766519036748
1,0.09865963459014893,1766519037771
1,0.17178215086460114,1766519038473
1,0.19554835557937622,1766519039466
1,0.05750664323568344,1766519040249
1,0.1884135603904724,1766519041057
1,0.10116826742887497,1766519041977
1,0.04841156303882599,1766519042614
1,0.039452701807022095,1766519043524
1,0.20138207077980042,1766519044270
1,0.073161281645298,1766519044986
1,0.07559028267860413,1766519045926
1,0.031114976853132248,1766519046609
1,0.25071391463279724,1766519047430
1,0.06556577980518341,1766519048236
1,0.10618740320205688,1766519048850
1,0.09537563472986221,1766519049808
1,0.05639352649450302,1766519050480
1,0.08961758762598038,1766519051299
1,0.0437765046954155,1766519052247
1,0.10803309082984924,1766519052879
1,0.09461622685194016,1766519053810
1,0.08086790144443512,1766519054491
1,0.057845961302518845,1766519055180
1,0.2063269317150116,1766519056095
1,0.040590398013591766,1766519056715
1,0.1847866028547287,1766519057650
1,0.0153541574254632,1766519058426
1,0.1797487735748291,1766519059132
1,0.14822770655155182,1766519060102
1,0.06587368994951248,1766519060784
1,0.10379099100828171,1766519061638
1,0.0044073001481592655,1766519062413
1,0.1504286825656891,1766519063103
1,0.11995897442102432,1766519064123
1,0.005862934980541468,1766519064802
1,0.04314758628606796,1766519065565
1,0.1343289464712143,1766519066455
1,0.09377631545066833,1766519067046
1,0.036155298352241516,1766519067919
1,0.0341365747153759,1766519068697
1,0.007071714848279953,1766519069431
1,0.010767475701868534,1766519070396
1,0.10659707337617874,1766519071053
1,0.16262459754943848,1766519071928
1,0.05121428146958351,1766519072745
1,0.045926496386528015,1766519073387
1,0.07846332341432571,1766519074389
1,0.04519186168909073,1766519075054
1,0.01525657158344984,1766519075900
1,0.010143001563847065,1766519076763
1,0.003015370573848486,1766519077373
1,0.10452917218208313,1766519078328
1,0.04745914787054062,1766519079041
1,0.1400933712720871,1766519079797
1,0.04276609420776367,1766519080778
1,0.06362351775169373,1766519081391
1,0.09051497280597687,1766519082435
1,0.2857462763786316,1766519083113
1,0.13527050614356995,1766519083865
1,0.04649829864501953,1766519084817
1,0.010951019823551178,1766519085473
1,0.004571314435452223,1766519086442
1,0.12793408334255219,1766519087148
1,0.14441606402397156,1766519087854
1,0.023431742563843727,1766519088760
1,0.22903311252593994,1766519089415
1,0.03618127480149269,1766519090342
1,0.07261253148317337,1766519091055
1,0.05041808634996414,1766519091727
1,0.01017391961067915,1766519092674
1,0.07465384155511856,1766519093357
1,0.007484496105462313,1766519094190
1,0.04216523468494415,1766519095124
1,0.11344288289546967,1766519095737
1,0.010181969031691551,1766519096616
1,0.10899407416582108,1766519097300
1,0.07215975970029831,1766519097948
1,0.0600561797618866,1766519098896
1,0.011656967923045158,1766519099470
1,0.12067870795726776,1766519100273
1,0.04713210463523865,1766519101088
1,0.10833340883255005,1766519101733
1,0.0342426672577858,1766519102699
1,0.08569466322660446,1766519103446
1,0.0882190689444542,1766519104273
1,0.00390647491440177,1766519105171
1,0.04674743115901947,1766519105837
1,0.037237558513879776,1766519106852
1,0.030411478132009506,1766519107482
1,0.04463594779372215,1766519108203
1,0.004363901447504759,1766519109172
1,0.09342712163925171,1766519109800
1,0.05556420236825943,1766519110790
1,0.3670847415924072,1766519111538
1,0.0021856704261153936,1766519112308
1,0.008241424337029457,1766519113250
1,0.13494811952114105,1766519113873
1,0.03180767595767975,1766519114888
1,0.22374963760375977,1766519115609
1,0.05768900364637375,1766519116350
1,0.09617367386817932,1766519117282
1,0.1758878231048584,1766519117913
1,0.07810078561306,1766519118841
1,0.056909747421741486,1766519119587
1,0.008962095715105534,1766519120257
1,0.07507234811782837,1766519121178
1,0.07086903601884842,1766519121813
1,0.02310943976044655,1766519122607
1,0.09854397177696228,1766519123531
1,0.015515772625803947,1766519124185
1,0.01000195275992155,1766519125143
1,0.258915513753891,1766519125821
1,0.015242325142025948,1766519126528
1,0.03330269828438759,1766519127517
1,0.009979669004678726,1766519128111
1,0.11409205198287964,1766519128972
1,0.07559145241975784,1766519129762
1,0.21607130765914917,1766519130390
1,0.14312270283699036,1766519131344
1,0.09337598830461502,1766519132002
1,0.0345371775329113,1766519132721
1,0.07834359258413315,1766519133621
1,0.029050007462501526,1766519134229
1,0.02285180427134037,1766519135147
1,0.1010517030954361,1766519135918
1,0.03261375427246094,1766519136630
1,0.07916003465652466,1766519137628
1,0.014862751588225365,1766519138195
1,0.07557418942451477,1766519138942
1,0.0032620267011225224,1766519139839
1,0.05065257102251053,1766519140473
1,0.006544916424900293,1766519141417
1,0.030321869999170303,1766519142146
1,0.015112992376089096,1766519142884
1,0.04090176522731781,1766519143797
1,0.04252098500728607,1766519144426
1,0.027483943849802017,1766519145319
1,0.005106647033244371,1766519146088
1,0.00463887769728899,1766519146708
1,0.02628910541534424,1766519147656
1,0.09709135442972183,1766519148335
1,0.048284925520420074,1766519149048
1,0.0024403708521276712,1766519149989
1,0.1083778664469719,1766519150631
1,0.09430795907974243,1766519151554
1,0.057870928198099136,1766519152315
1,0.012107441201806068,1766519152984
1,0.09248217940330505,1766519154004
1,0.02956423908472061,1766519154613
1,0.09325160086154938,1766519155486
1,0.12541191279888153,1766519156306
1,0.08984598517417908,1766519156935
1,0.03508439660072327,1766519157880
1,0.3043805658817291,1766519158566
1,0.014207633212208748,1766519159296
1,0.008929884992539883,1766519160221
1,0.012240378186106682,1766519160894
1,0.008203436620533466,1766519161826
1,0.005625464022159576,1766519162603
1,0.6448051333427429,1766519163291
1,0.40318235754966736,1766519164245
1,0.1479303538799286,1766519164900
1,0.3830030560493469,1766519165824
1,0.24921494722366333,1766519166661
1,0.048304811120033264,1766519167289
1,0.10347414016723633,1766519168280
1,0.10630107671022415,1766519168871
1,0.2241719365119934,1766519169568
1,0.07280291616916656,1766519170524
1,0.07293204963207245,1766519171205
1,0.055141549557447433,1766519172185
1,0.05783103406429291,1766519172923
1,0.11831197142601013,1766519173661
1,0.08247265964746475,1766519174586
1,0.08478955179452896,1766519175224
1,0.03177030012011528,1766519176099
1,0.13313984870910645,1766519176912
1,0.04059809446334839,1766519177655
1,0.1040058434009552,1766519178625
1,0.08169589191675186,1766519179257
1,0.09797769784927368,1766519180189
1,0.07980398088693619,1766519181012
1,0.14542458951473236,1766519181676
1,0.0067887441255152225,1766519182670
1,0.17417365312576294,1766519183323
1,0.02362045645713806,1766519184174
1,0.01868736930191517,1766519185016
1,0.1169433519244194,1766519185715
1,0.05907261371612549,1766519186686
1,0.020897291600704193,1766519187338
1,0.013736976310610771,1766519188112
1,0.09957130253314972,1766519188907
1,0.10741250962018967,1766519189556
1,0.10338285565376282,1766519190481
1,0.0016958967316895723,1766519191231
1,0.16049928963184357,1766519192046
1,0.015007229521870613,1766519192984
1,0.1826176941394806,1766519193670
1,0.11431532353162766,1766519194653
1,0.023851504549384117,1766519195350
1,0.11370737850666046,1766519196186
1,0.05972136929631233,1766519197020
1,0.08115808665752411,1766519197661
1,0.050257936120033264,1766519198678
1,0.12165658921003342,1766519199326
1,0.04047812148928642,1766519200057
1,0.0374416708946228,1766519200978
1,0.0075467489659786224,1766519201626
1,0.09462295472621918,1766519202669
1,0.013324652798473835,1766519203385
1,0.10909724980592728,1766519204069
1,0.10296560823917389,1766519205027
1,0.00903157889842987,1766519205666
1,0.19532017409801483,1766519206649
1,0.09376436471939087,1766519207401
1,0.012928436510264874,1766519208068
1,0.05528198182582855,1766519209024
1,0.026428738608956337,1766519209658
1,0.044543635100126266,1766519210481
1,0.0421319417655468,1766519211364
1,0.017975278198719025,1766519212022
1,0.014657922089099884,1766519212979
1,0.043266113847494125,1766519213664
1,0.12447202205657959,1766519214491
1,0.013158272951841354,1766519215355
1,0.06735502183437347,1766519215991
1,0.02075011283159256,1766519216988
1,0.006941962521523237,1766519217696
1,0.13933824002742767,1766519218440
1,0.038170237094163895,1766519219325
1,0.12969748675823212,1766519219927
1,0.03029453568160534,1766519220776
1,0.07009148597717285,1766519221499
1,0.11258067190647125,1766519222186
1,0.07229964435100555,1766519223134
1,0.011846006847918034,1766519223789
1,0.06647778302431107,1766519224496
1,0.14562904834747314,1766519225453
1,0.08884632587432861,1766519226141
1,0.06932861357927322,1766519227102
1,0.15780675411224365,1766519227813
1,0.04235612601041794,1766519228503
1,0.04265489801764488,1766519229450
1,0.047592226415872574,1766519230079
1,0.17068544030189514,1766519230972
1,0.01901652105152607,1766519231663
1,0.009709144942462444,1766519232275
1,0.07245644181966782,1766519233225
1,0.007435888983309269,1766519233910
1,0.05693540722131729,1766519234641
1,0.0792931616306305,1766519235573
1,0.009510651230812073,1766519236181
1,0.16565415263175964,1766519237175
1,0.1218888983130455,1766519237892
1,0.05051947757601738,1766519238599
1,0.0004180176183581352,1766519239630
1,0.04502597823739052,1766519240227
1,0.10994812846183777,1766519241156
1,0.058139313012361526,1766519241881
1,0.06328947097063065,1766519242569
1,0.1577969640493393,1766519243482
1,0.028767744079232216,1766519244179
1,0.11812329292297363,1766519244947
1,0.011727436445653439,1766519245769
1,0.004020052030682564,1766519246407
1,0.04113312438130379,1766519247388
1,0.0650491714477539,1766519248021
1,0.03579266369342804,1766519248718
1,0.3916306495666504,1766519249676
1,0.09408949315547943,1766519250295
1,0.10499604791402817,1766519251198
1,0.08589215576648712,1766519252005
1,0.010063908994197845,1766519252719
1,0.07583620399236679,1766519253593
1,0.015321113169193268,1766519254252
1,0.24033820629119873,1766519255098
1,0.015032710507512093,1766519255999
1,0.014696288853883743,1766519256686
1,0.044103801250457764,1766519257611
1,0.04633937031030655,1766519258229
1,0.04470779001712799,1766519258985
1,0.16993343830108643,1766519259856
1,0.004721418488770723,1766519260466
1,0.013855036348104477,1766519261308
1,0.09011289477348328,1766519262068
1,0.21095195412635803,1766519262652
1,0.02280108444392681,1766519263599
1,0.08784962445497513,1766519264262
1,0.1301516592502594,1766519264971
1,0.04608722776174545,1766519265945
1,0.12596562504768372,1766519266571
1,0.0403049997985363,1766519267501
1,0.21249915659427643,1766519268302
1,0.23441606760025024,1766519269013
1,0.025534113869071007,1766519269982
1,0.06379400193691254,1766519270609
1,0.04663015902042389,1766519271432
1,0.02249518781900406,1766519272239
1,0.02085522934794426,1766519272878
1,0.00537549564614892,1766519273826
1,0.022212687879800797,1766519274486
1,0.010695366188883781,1766519275207
1,0.23544953763484955,1766519276181
1,0.15635424852371216,1766519276814
1,0.004481080919504166,1766519277775
1,0.03982284665107727,1766519278499
1,0.01606539636850357,1766519279211
1,0.007112111430615187,1766519280154
1,0.20596247911453247,1766519280775
1,0.006607394199818373,1766519281714
1,0.08406781405210495,1766519282454
1,0.20546959340572357,1766519283125
1,0.013096407055854797,1766519284079
1,0.17837916314601898,1766519284703
1,0.019423920661211014,1766519285492
1,0.1858953833580017,1766519286401
1,0.06610424071550369,1766519287067
1,0.06557241827249527,1766519288079
1,0.15495121479034424,1766519288735
1,0.05486968904733658,1766519289556
1,0.0653202161192894,1766519290411
1,0.039737679064273834,1766519291068
1,0.10395053029060364,1766519292030
1,0.003518967889249325,1766519292692
1,0.039221327751874924,1766519293408
1,0.0016088169068098068,1766519294392
1,0.17899617552757263,1766519295039
1,0.03916695713996887,1766519296026
1,0.14167830348014832,1766519296766
1,0.0490030013024807,1766519297531
1,0.16559718549251556,1766519298374
1,0.07366789877414703,1766519298987
1,0.32192760705947876,1766519299931
1,0.07140156626701355,1766519300628
1,0.0345153883099556,1766519301344
1,0.09781665354967117,1766519302299
1,0.07735121995210648,1766519302951
1,0.07825630903244019,1766519303866
1,0.07627755403518677,1766519304607
1,0.01233353279531002,1766519305241
1,0.04250752925872803,1766519306178
1,0.04838000610470772,1766519306875
1,0.1105542704463005,1766519307581
1,0.03288259357213974,1766519308569
1,0.23251527547836304,1766519309173
1,0.019785014912486076,1766519310043
1,0.012348389253020287,1766519310798
1,0.10254573822021484,1766519311458
1,0.16160306334495544,1766519312461
1,0.06705532222986221,1766519313166
1,0.0010457331081852317,1766519313948
1,0.11709102988243103,1766519314869
1,0.08899206668138504,1766519315487
1,0.04367110878229141,1766519316491
1,0.10109809041023254,1766519317164
1,0.022876989096403122,1766519317931
1,0.03662579879164696,1766519318902
1,0.024852070957422256,1766519319559
1,0.0012709280708804727,1766519320568
1,0.054635655134916306,1766519321269
1,0.0303350742906332,1766519321939
1,0.022357169538736343,1766519322928
1,0.11984717100858688,1766519323586
1,0.017091363668441772,1766519324531
1,0.02760612964630127,1766519325212
1,0.031104348599910736,1766519325876
1,0.09072356671094894,1766519326864
1,0.06754236668348312,1766519327557
1,0.020387571305036545,1766519328370
1,0.012827575206756592,1766519329155
1,0.055162448436021805,1766519329741
1,0.015460580587387085,1766519330698
1,0.006036428734660149,1766519331300
1,0.10980402678251266,1766519331953
1,0.07383836805820465,1766519332897
1,0.12298393994569778,1766519333524
1,0.07072257250547409,1766519334286
1,0.2799764573574066,1766519335165
2,0.3926330804824829,1766519335803
2,0.019003167748451233,1766519336746
2,0.0029197484254837036,1766519337455
2,0.013868252746760845,1766519338116
2,0.08351275324821472,1766519339105
2,0.059457045048475266,1766519339760
2,0.030437016859650612,1766519340821
2,0.08968555927276611,1766519341542
2,0.09850795567035675,1766519342247
2,0.07772277295589447,1766519343176
2,0.027086937800049782,1766519343835
2,0.020442385226488113,1766519344764
2,0.05885631591081619,1766519345475
2,0.0488353930413723,1766519346142
2,0.09172894805669785,1766519347061
2,0.142099529504776,1766519347704
2,0.1375287026166916,1766519348481
2,0.0762612372636795,1766519349416
2,0.03552505373954773,1766519350040
2,0.016808390617370605,1766519351027
2,0.12483132630586624,1766519351650
2,0.22622278332710266,1766519352334
2,0.04443037137389183,1766519353244
2,0.035198990255594254,1766519353957
2,0.013824565336108208,1766519354869
2,0.060858555138111115,1766519355678
2,0.1685679852962494,1766519356406
2,0.09466716647148132,1766519357359
2,0.08429782837629318,1766519358048
2,0.03218464180827141,1766519358864
2,0.16491658985614777,1766519359679
2,0.06092260032892227,1766519360370
2,0.05797392874956131,1766519361241
2,0.20520451664924622,1766519361943
2,0.016533276066184044,1766519362659
2,0.11991782486438751,1766519363624
2,0.015862485393881798,1766519364243
2,0.05495937913656235,1766519365197
2,0.0760740265250206,1766519365924
2,0.1085083931684494,1766519366660
2,0.019184298813343048,1766519367622
2,0.022479314357042313,1766519368236
2,0.10237719118595123,1766519369213
2,0.013025510124862194,1766519369909
2,0.02498619630932808,1766519370617
2,0.005862981081008911,1766519371594
2,0.01716308295726776,1766519372262
2,0.045811932533979416,1766519373116
2,0.021811867132782936,1766519373900
2,0.031219758093357086,1766519374531
2,0.04050005227327347,1766519375511
2,0.19169162213802338,1766519376193
2,0.027144281193614006,1766519376919
2,0.07413789629936218,1766519377875
2,0.021681878715753555,1766519378480
2,0.022003768011927605,1766519379502
2,0.04029182717204094,1766519380187
2,0.0006658757338300347,1766519380860
2,0.03193386271595955,1766519381733
2,0.015939489006996155,1766519382367
2,0.0029471139423549175,1766519383060
2,0.04974445328116417,1766519383906
2,0.03403904661536217,1766519384506
2,0.02617928385734558,1766519385423
2,0.12081582099199295,1766519386123
2,0.05556469410657883,1766519386831
2,0.1544344127178192,1766519387827
2,0.08019140362739563,1766519388481
2,0.018767401576042175,1766519389395
2,0.10403165221214294,1766519390256
2,0.0546136274933815,1766519390957
2,0.1216190755367279,1766519391844
2,0.004660013131797314,1766519392529
2,0.011613260954618454,1766519393409
2,0.18101662397384644,1766519394180
2,0.3872552514076233,1766519394757
2,0.03624386712908745,1766519395716
2,0.06604914367198944,1766519396409
2,0.12070892006158829,1766519397110
2,0.07234804332256317,1766519398012
2,0.03007572516798973,1766519398643
2,0.06067882850766182,1766519399501
2,0.22069168090820312,1766519400357
2,0.03171899914741516,1766519400988
2,0.10238980501890182,1766519401924
2,0.015616307966411114,1766519402622
2,0.13477100431919098,1766519403385
2,0.05502134561538696,1766519404237
2,0.014574337750673294,1766519404852
2,0.010551949962973595,1766519405816
2,0.059058114886283875,1766519406550
2,0.0013716784305870533,1766519407263
2,0.002927651396021247,1766519408232
2,0.04087219759821892,1766519408834
2,0.009381158277392387,1766519409714
2,0.06581522524356842,1766519410458
2,0.07658055424690247,1766519411150
2,0.030013365671038628,1766519412104
2,0.0550835058093071,1766519412756
2,0.10370207577943802,1766519413634
2,0.11776361614465714,1766519414450
2,0.10640466213226318,1766519415190
2,0.01691492646932602,1766519416160
2,0.030344048514962196,1766519416802
2,0.024852123111486435,1766519417535
2,0.00015811513003427535,1766519418399
2,0.03874395042657852,1766519419078
2,0.02829274721443653,1766519420005
2,0.03366490453481674,1766519420691
2,0.002733106492087245,1766519421425
2,0.060584381222724915,1766519422378
2,0.0843869224190712,1766519423042
2,0.04369139298796654,1766519423928
2,0.10446444153785706,1766519424695
2,0.10693944245576859,1766519425415
2,0.0588693767786026,1766519426410
2,0.297139048576355,1766519427053
2,0.06001364067196846,1766519428014
2,0.056367017328739166,1766519428801
2,0.0401000902056694,1766519429500
2,0.014684606343507767,1766519430492
2,0.0462014339864254,1766519431145
2,0.13389961421489716,1766519431954
2,0.14090292155742645,1766519432787
2,0.09155530482530594,1766519433423
2,0.07909170538187027,1766519434420
2,0.12332254648208618,1766519435108
2,0.1146261915564537,1766519435824
2,0.159347265958786,1766519436790
2,0.07152733206748962,1766519437442
2,0.0037904120981693268,1766519438486
2,0.0600590705871582,1766519439178
2,0.02989877015352249,1766519439919
2,0.030671171844005585,1766519440855
2,0.32788631319999695,1766519441497
2,0.08012554794549942,1766519442473
2,0.07820086926221848,1766519443189
2,0.15602946281433105,1766519443925
2,0.07286471128463745,1766519444896
2,0.15671883523464203,1766519445544
2,0.06130655109882355,1766519446535
2,0.00244594132527709,1766519447203
2,0.07052890956401825,1766519447846
2,0.013829606585204601,1766519448787
2,0.0020612943917512894,1766519449443
2,0.16400766372680664,1766519450268
2,0.17571505904197693,1766519451153
2,0.05035410448908806,1766519451810
2,0.11222821474075317,1766519452822
2,0.09036123752593994,1766519453507
2,0.06274044513702393,1766519454300
2,0.01603900082409382,1766519455223
2,0.014330405741930008,1766519455861
2,0.07731390744447708,1766519456865
2,0.18666329979896545,1766519457511
2,0.008477561175823212,1766519458235
2,0.017161302268505096,1766519459196
2,0.06311217695474625,1766519459814
2,0.20900288224220276,1766519460645
2,0.039582688361406326,1766519461410
2,0.0049339886754751205,1766519462008
2,0.11305734515190125,1766519462935
2,0.25703853368759155,1766519463652
2,0.1572440266609192,1766519464425
2,0.2597138285636902,1766519465404
2,0.043833084404468536,1766519466042
2,0.1310213804244995,1766519466965
2,0.11465848237276077,1766519467634
2,0.0804181769490242,1766519468340
2,0.05213610455393791,1766519469294
2,0.22431190311908722,1766519469984
2,0.12847663462162018,1766519470870
2,0.1076887920498848,1766519471681
2,0.23075774312019348,1766519472327
2,0.026392143219709396,1766519473297
2,0.006649607792496681,1766519473937
2,0.11652402579784393,1766519474709
2,0.01622278243303299,1766519475671
2,0.12133187800645828,1766519476254
2,0.14978402853012085,1766519477207
2,0.010528622195124626,1766519477891
2,0.21240323781967163,1766519478571
2,0.031070498749613762,1766519479476
2,0.018867172300815582,1766519480121
2,0.018262773752212524,1766519480997
2,0.08388029783964157,1766519481770
2,0.08414525538682938,1766519482369
2,0.23561066389083862,1766519483343
2,0.2392864227294922,1766519483971
2,0.07900958508253098,1766519484655
2,0.048725005239248276,1766519485576
2,0.06966336071491241,1766519486223
2,0.014532318338751793,1766519487073
2,0.035701651126146317,1766519487885
2,0.07516277581453323,1766519488557
2,0.10465380549430847,1766519489468
2,0.05853548273444176,1766519490144
2,0.13451842963695526,1766519490897
2,0.007379868999123573,1766519491804
2,0.006524509750306606,1766519492484
2,0.0351380780339241,1766519493491
2,0.046528324484825134,1766519494203
2,0.03537044674158096,1766519495015
2,0.036239199340343475,1766519495857
2,0.05911172926425934,1766519496499
2,0.05773157626390457,1766519497510
2,0.09113632887601852,1766519498210
2,0.014731016010046005,1766519498966
2,0.0023662284947931767,1766519499884
2,0.001964351860806346,1766519500528
2,0.0037609052378684282,1766519501508
2,0.0582936629652977,1766519502164
2,0.14257173240184784,1766519502897
2,0.03957444056868553,1766519503829
2,0.04342176765203476,1766519504439
2,0.007083273492753506,1766519505271
2,0.010383016429841518,1766519506086
2,0.13303250074386597,1766519506826
2,0.007143712602555752,1766519507776
2,0.012374761514365673,1766519508435
2,0.22641652822494507,1766519509352
2,0.0036605927161872387,1766519510162
2,0.03011244162917137,1766519510809
2,0.11033154278993607,1766519511762
2,0.058374375104904175,1766519512427
2,0.021253619343042374,1766519513224
2,0.09127309918403625,1766519514160
2,0.22199684381484985,1766519514784
2,0.0030816702637821436,1766519515807
2,0.00824627187103033,1766519516537
2,0.07688886672258377,1766519517304
2,0.003175906138494611,1766519518278
2,0.03434859961271286,1766519518853
2,0.011488747783005238,1766519519812
2,0.005057122558355331,1766519520527
2,0.015631631016731262,1766519521215
2,0.059136707335710526,1766519522164
2,0.06029697507619858,1766519522827
2,0.10428804904222488,1766519523772
2,0.04142358526587486,1766519524498
2,0.15236325562000275,1766519525187
2,0.008622605353593826,1766519526192
2,0.07669531553983688,1766519526882
2,0.01753057725727558,1766519527770
2,0.006696358323097229,1766519528569
2,0.1167590469121933,1766519529190
2,0.011129066348075867,1766519530153
2,0.027121059596538544,1766519530873
2,0.07326532900333405,1766519531616
2,0.08629593253135681,1766519532558
2,0.08902205526828766,1766519533189
2,0.10106845200061798,1766519534197
2,0.01435296330600977,1766519534868
2,0.0790744423866272,1766519535568
2,0.037547558546066284,1766519536554
2,0.07549078017473221,1766519537182
2,0.002215515123680234,1766519538105
2,0.15387094020843506,1766519538854
2,0.4107343852519989,1766519539570
2,0.005435998551547527,1766519540580
2,0.08575743436813354,1766519541242
2,0.01107210386544466,1766519542087
2,0.009500129148364067,1766519542892
2,0.07878647744655609,1766519543530
2,0.005478198174387217,1766519544582
2,0.011714177206158638,1766519545238
2,0.20281283557415009,1766519546015
2,0.07506583631038666,1766519546915
2,0.11560188233852386,1766519547589
2,0.026693806052207947,1766519548578
2,0.016762979328632355,1766519549221
2,0.08721692115068436,1766519550020
2,0.09208818525075912,1766519550939
2,0.02895386889576912,1766519551565
2,0.15269827842712402,1766519552582
2,0.036425910890102386,1766519553323
2,0.010503766126930714,1766519554023
2,0.0608348473906517,1766519554950
2,0.0464196652173996,1766519555603
2,0.118284210562706,1766519556619
2,0.05150528997182846,1766519557344
2,0.1466519683599472,1766519558076
2,0.05602012202143669,1766519559055
2,0.01649494096636772,1766519559660
2,0.1845647543668747,1766519560631
2,0.04485706984996796,1766519561333
2,0.08858299255371094,1766519562081
2,0.14800940454006195,1766519563053
2,0.016030101105570793,1766519563699
2,0.04299120604991913,1766519564622
2,0.013178868219256401,1766519565402
2,0.06066142022609711,1766519566090
2,0.029772646725177765,1766519567054
2,0.08391740918159485,1766519567729
2,0.04218069463968277,1766519568592
2,0.015383976511657238,1766519569369
2,0.043833740055561066,1766519570002
2,0.0187320988625288,1766519570921
2,0.07485315948724747,1766519571561
2,0.05973031744360924,1766519572284
2,0.02571864426136017,1766519573252
2,0.020158031955361366,1766519573841
2,0.09009359031915665,1766519574699
2,0.031942933797836304,1766519575534
2,0.37015461921691895,1766519576171
2,0.1258346289396286,1766519577086
2,0.29104477167129517,1766519577729
2,0.09689183533191681,1766519578416
2,0.010854631662368774,1766519579379
2,0.012315748259425163,1766519579996
2,0.03180568665266037,1766519580918
2,0.06671634316444397,1766519581741
2,0.053697291761636734,1766519582429
2,0.054638415575027466,1766519583406
2,0.14463454484939575,1766519584095
2,0.024778880178928375,1766519585045
2,0.0046441517770290375,1766519585847
2,0.05293671786785126,1766519586523
2,0.017863476648926735,1766519587410
2,0.024781545624136925,1766519588109
2,0.16743934154510498,1766519588878
2,0.015115722082555294,1766519589775
2,0.009704766795039177,1766519590467
2,0.03546906262636185,1766519591484
2,0.00987340696156025,1766519592178
2,0.0030204965732991695,1766519592968
2,0.011361541226506233,1766519593876
2,0.16494745016098022,1766519594529
2,0.0008715645526535809,1766519595507
2,0.04792249575257301,1766519596196
2,0.03055056557059288,1766519596925
2,0.014048254117369652,1766519597865
2,0.03718700259923935,1766519598508
2,0.1680608093738556,1766519599490
2,0.0367407351732254,1766519600213
2,0.06471014022827148,1766519600888
2,0.12435409426689148,1766519601892
2,0.422274649143219,1766519602538
2,0.0096619026735425,1766519603366
2,0.0354301743209362,1766519604161
2,0.016300037503242493,1766519604829
2,0.02032582275569439,1766519605830
2,0.060752011835575104,1766519606498
2,0.09964631497859955,1766519607174
2,0.056826017796993256,1766519608127
2,0.03462693840265274,1766519608765
2,0.0023685917258262634,1766519609732
2,0.048886988312006,1766519610416
2,0.061240434646606445,1766519611058
2,0.019998900592327118,1766519611971
2,0.024720139801502228,1766519612644
2,0.010731937363743782,1766519613423
2,0.008275208994746208,1766519614362
2,0.007043763995170593,1766519615024
2,0.0341828279197216,1766519616003
2,0.32610243558883667,1766519616637
2,0.05202244594693184,1766519617308
2,0.07350962609052658,1766519618260
2,0.0488385409116745,1766519618906
2,0.008572843857109547,1766519619841
2,0.05395280569791794,1766519620646
2,0.16475346684455872,1766519621301
2,0.07400032877922058,1766519622312
2,0.15685291588306427,1766519622956
2,0.11594857275485992,1766519623794
2,0.1522228717803955,1766519624646
2,0.0022361748851835728,1766519625211
2,0.014823985286056995,1766519626244
2,0.032766424119472504,1766519626913
2,0.11362943053245544,1766519627602
2,0.042797647416591644,1766519628589
2,0.09573612362146378,1766519629240
2,0.014378093183040619,1766519630157
2,0.09321071207523346,1766519630964
2,0.30748268961906433,1766519631661
2,0.08338561654090881,1766519632610
2,0.06701395660638809,1766519633255
2,0.05079318583011627,1766519634141
2,0.02836611494421959,1766519634902
2,0.15151125192642212,1766519635563
2,0.06694363057613373,1766519636572
2,0.03821609169244766,1766519637224
2,0.10322020202875137,1766519637954
2,0.13129766285419464,1766519638887
2,0.05846566706895828,1766519639485
2,0.07704079896211624,1766519640341
2,0.046252042055130005,1766519641160
2,0.009569596499204636,1766519641923
2,0.02898465096950531,1766519642906
2,0.041588202118873596,1766519643550
2,0.0009215358877554536,1766519644359
2,0.0021663287188857794,1766519645212
2,0.05362020432949066,1766519645870
2,0.009986809454858303,1766519646927
2,0.033889103680849075,1766519647548
2,0.02408391796052456,1766519648411
2,0.14340969920158386,1766519649174
2,0.041740190237760544,1766519649765
2,0.08110944926738739,1766519650774
2,0.09875248372554779,1766519651470
2,0.012063275091350079,1766519652191
2,0.01211540587246418,1766519653195
2,0.036075420677661896,1766519653800
2,0.030297910794615746,1766519654713
2,0.09410509467124939,1766519655428
2,0.08451428264379501,1766519656106
2,0.538687527179718,1766519657039
2,0.030665915459394455,1766519657705
2,0.003050474915653467,1766519658526
2,0.03913570195436478,1766519659389
2,0.045001234859228134,1766519660113
2,0.11674964427947998,1766519661034
2,0.29422396421432495,1766519661726
2,0.06727845966815948,1766519662610
2,0.12445446103811264,1766519663380
2,0.15910814702510834,1766519664033
2,0.06937462091445923,1766519665014
2,0.02159924991428852,1766519665725
2,0.01925319992005825,1766519666516
2,0.04148406907916069,1766519667435
2,0.020671525970101357,1766519668035
2,0.10782205313444138,1766519669015
2,0.14511306583881378,1766519669686
2,0.1968688666820526,1766519670396
2,0.02610001340508461,1766519671280
2,0.06684505939483643,1766519671885
2,0.005348296836018562,1766519672644
2,0.010745186358690262,1766519673561
2,0.013963216915726662,1766519674210
2,0.02328004129230976,1766519675218
2,0.06799100339412689,1766519675900
2,0.06406903266906738,1766519676619
2,0.0048942649737000465,1766519677571
2,0.15320691466331482,1766519678198
2,0.019233833998441696,1766519679179
2,0.023157989606261253,1766519679895
2,0.006584455259144306,1766519680608
2,0.019237736240029335,1766519681595
2,0.16171298921108246,1766519682185
2,0.23139142990112305,1766519683131
2,0.014105773530900478,1766519683832
2,0.1026485413312912,1766519684428
2,0.010150640271604061,1766519685387
2,0.023155739530920982,1766519686066
2,0.012787435203790665,1766519686706
2,0.04376302659511566,1766519687702
2,0.08389921486377716,1766519688311
2,0.12699496746063232,1766519689196
2,0.038262948393821716,1766519689930
2,0.10046829283237457,1766519690595
2,0.007852048613131046,1766519691492
2,0.13715685904026031,1766519692189
2,0.11628367751836777,1766519693021
2,0.06889909505844116,1766519693869
2,0.013416875153779984,1766519694534
2,0.016873996704816818,1766519695466
2,0.0040586767718195915,1766519696159
2,0.005655062384903431,1766519696907
2,0.11983685940504074,1766519697843
2,0.028310559689998627,1766519698456
2,0.05524838715791702,1766519699378
2,0.03915289416909218,1766519700077
2,0.08150488883256912,1766519700767
2,0.06322577595710754,1766519701678
2,0.05656418204307556,1766519702336
2,0.05601830407977104,1766519703037
2,0.035330042243003845,1766519703913
2,0.011102193035185337,1766519704560
2,0.010588356293737888,1766519705482
2,0.06319892406463623,1766519706302
2,0.04575059190392494,1766519706942
2,0.2206338346004486,1766519707891
2,0.06186439469456673,1766519708544
2,0.013167522847652435,1766519709464
2,0.09153492003679276,1766519710249
2,0.08096123486757278,1766519710910
2,0.03615894168615341,1766519711849
2,0.1343654990196228,1766519712549
2,0.06118704378604889,1766519713397
2,0.008858048357069492,1766519714228
2,0.05347335711121559,1766519714846
2,0.0673072338104248,1766519715808
2,0.015181864611804485,1766519716549
2,0.11644864082336426,1766519717269
2,0.021337032318115234,1766519718243
2,0.057808518409729004,1766519718867
2,0.0019617918878793716,1766519719745
2,0.022418521344661713,1766519720511
2,0.09248866885900497,1766519721165
2,0.07317180931568146,1766519722168
2,0.02661634236574173,1766519722851
2,0.08688810467720032,1766519723643
2,0.05524109676480293,1766519724562
2,0.08773569017648697,1766519725250
2,0.05100883170962334,1766519726265
2,0.0011999791022390127,1766519726927
2,0.03547360748052597,1766519727679
2,0.007764098234474659,1766519728615
2,0.02702556923031807,1766519729332
2,0.5500354170799255,1766519730371
2,0.06823759526014328,1766519731038
2,0.008269388228654861,1766519731816
2,0.004002491477876902,1766519732771
2,0.06973602622747421,1766519733369
2,0.14720305800437927,1766519734297
2,0.11646080017089844,1766519734983
2,0.07323615998029709,1766519735671
2,0.12545078992843628,1766519736671
2,0.04026922583580017,1766519737292
2,0.024855440482497215,1766519738182
2,0.01125667616724968,1766519739017
2,0.014168836176395416,1766519739634
2,0.09545937925577164,1766519740608
2,0.06766217947006226,1766519741301
2,0.003980828449130058,1766519742128
2,0.034756626933813095,1766519743050
2,0.008067903108894825,1766519743687
2,0.12279849499464035,1766519744642
2,0.14026549458503723,1766519745347
2,0.011110026389360428,1766519746017
2,0.007846655324101448,1766519746973
2,0.031070377677679062,1766519747640
2,0.007542255334556103,1766519748587
2,0.099718376994133,1766519749259
2,0.0567755326628685,1766519749948
2,0.0021500387229025364,1766519750812
2,0.12411542981863022,1766519751507
2,0.05676483362913132,1766519752416
2,0.1866551637649536,1766519753263
2,0.14696624875068665,1766519753941
2,0.003107089316472411,1766519754857
2,0.005328296683728695,1766519755519
2,0.1694948971271515,1766519756288
2,0.026403024792671204,1766519757045
2,0.18391115963459015,1766519757694
2,0.006290470249950886,1766519758455
2,0.12439724802970886,1766519759209
2,0.1671883761882782,1766519760148
2,0.04712952673435211,1766519760938
2,0.03477184474468231,1766519761738
2,0.007058689836412668,1766519762591
2,0.004981467500329018,1766519763347
2,0.025102613493800163,1766519764214
2,0.0043629491701722145,1766519764972
2,0.02142013981938362,1766519765753
2,0.019996589049696922,1766519766629
2,0.029232429340481758,1766519767305
2,0.10033397376537323,1766519768203
2,0.07427805662155151,1766519768961
2,0.09725424647331238,1766519769785
2,0.02010880783200264,1766519770602
2,0.0023428441490978003,1766519771385
2,0.18050406873226166,1766519772313
2,0.01741340570151806,1766519772991
2,0.030342623591423035,1766519773884
2,0.0664452388882637,1766519774583
2,0.014915769919753075,1766519775304
2,0.016648637130856514,1766519776116
2,0.08955676108598709,1766519776829
2,0.0021843581926077604,1766519777582
2,0.04354400932788849,1766519778414
2,0.01593552716076374,1766519779089
2,0.07284724712371826,1766519779973
2,0.08743678778409958,1766519780693
2,0.019467299804091454,1766519781499
2,0.03197547048330307,1766519782334
2,0.02540414407849312,1766519783023
2,0.04021143540740013,1766519783857
2,0.02063027024269104,1766519784609
2,0.03361544385552406,1766519785370
2,0.17181071639060974,1766519786167
2,0.05749879777431488,1766519786862
2,0.02236941270530224,1766519787696
2,0.03859157860279083,1766519788424
2,0.02118966169655323,1766519789258
2,0.03499557077884674,1766519790073
2,0.1162881851196289,1766519790782
2,0.015443451702594757,1766519791628
2,0.059317559003829956,1766519792401
2,0.14115360379219055,1766519793183
2,0.044661711901426315,1766519793993
2,0.11361030489206314,1766519794717
2,0.04102848470211029,1766519795685
2,0.24748799204826355,1766519796439
2,0.05021332949399948,1766519797234
2,0.040350474417209625,1766519798040
2,0.056894998997449875,1766519798760
2,0.30735963582992554,1766519799572
2,0.03145937621593475,1766519800296
2,0.01802176795899868,1766519801079
2,0.05427001044154167,1766519801926
2,0.0385313555598259,1766519802610
2,0.04723657667636871,1766519803467
2,0.07744383811950684,1766519804243
2,0.08845119923353195,1766519805046
2,0.03320420905947685,1766519805945
2,0.06867711246013641,1766519806618
2,0.02052377723157406,1766519807436
2,0.10528344660997391,1766519808209
2,0.169539213180542,1766519808974
2,0.1585206538438797,1766519809821
2,0.10649503767490387,1766519810564
2,0.2641814649105072,1766519811486
2,0.071207195520401,1766519812235
2,0.08744398504495621,1766519813056
2,0.014542099088430405,1766519813869
2,0.01763850636780262,1766519814579
2,0.12452351301908493,1766519815396
2,0.0792776569724083,1766519816154
2,0.03842270374298096,1766519816961
2,0.004475090652704239,1766519817751
2,0.0466674342751503,1766519818546
2,0.017271747812628746,1766519819418
2,0.0620780847966671,1766519820117
2,0.06401413679122925,1766519820918
2,0.002391621470451355,1766519821787
2,0.07505672425031662,1766519822474
2,0.021296147257089615,1766519823379
2,0.013292983174324036,1766519824101
2,0.044330935925245285,1766519824827
2,0.024222005158662796,1766519825627
2,0.09193859994411469,1766519826455
2,0.02680894359946251,1766519827354
2,0.2764406204223633,1766519828084
2,0.140758216381073,1766519828927
2,0.0688786655664444,1766519829705
2,0.07007560133934021,1766519830486
2,0.05775276571512222,1766519831387
2,0.0074041374027729034,1766519832095
2,0.014517448842525482,1766519832983
2,0.026238778606057167,1766519833760
2,0.059590961784124374,1766519834473
2,0.07075904309749603,1766519835357
2,0.056520700454711914,1766519836075
2,0.11679504811763763,1766519836967
2,0.1203565001487732,1766519837729
2,0.1051662266254425,1766519838517
2,0.014504925347864628,1766519839354
2,0.07231007516384125,1766519840053
2,0.14264973998069763,1766519840930
2,0.2031479775905609,1766519841699
2,0.015066281892359257,1766519842460
2,0.18777231872081757,1766519843279
2,0.02561027556657791,1766519844071
2,0.05274737626314163,1766519844917
2,0.07340706884860992,1766519845647
2,0.14012716710567474,1766519846442
2,0.006549249868839979,1766519847243
2,0.015483013354241848,1766519848016
2,0.19791793823242188,1766519848895
2,0.13424889743328094,1766519849637
2,0.09448167681694031,1766519850543
2,0.04404021054506302,1766519851380
2,0.16575688123703003,1766519852155
2,0.05253959447145462,1766519853086
2,0.034702107310295105,1766519853800
2,0.03246109187602997,1766519854699
2,0.19887009263038635,1766519855396
2,0.0039718905463814735,1766519856179
2,0.17568711936473846,1766519857030
2,0.07120446860790253,1766519857813
2,0.04726147651672363,1766519858635
2,0.035045310854911804,1766519859329
2,0.05211794748902321,1766519860021
2,0.13654200732707977,1766519860901
2,0.026126526296138763,1766519861570
2,0.003417277242988348,1766519862497
2,0.0009462708258070052,1766519863196
2,0.006060580722987652,1766519863954
2,0.008911785669624805,1766519864804
2,0.09571635723114014,1766519865544
2,0.13781562447547913,1766519866496
2,0.1139545887708664,1766519867254
2,0.03967306762933731,1766519868057
2,0.024275345727801323,1766519868823
2,0.04466577246785164,1766519869469
2,0.026998508721590042,1766519870300
2,0.07359464466571808,1766519870942
2,0.00122400326654315,1766519871568
2,0.022502629086375237,1766519872419
2,0.0756520926952362,1766519873012
2,0.10266980528831482,1766519873694
2,0.07484646886587143,1766519874451
2,0.05085841938853264,1766519875165
2,0.038919635117053986,1766519875987
2,0.02071525901556015,1766519876572
2,0.11947599798440933,1766519877207
2,0.09955249726772308,1766519878011
2,0.03176911920309067,1766519878668
2,0.08056017756462097,1766519879364
2,0.01503946352750063,1766519880104
2,0.023167593404650688,1766519880667
2,0.1138715073466301,1766519881403
2,0.05333783105015755,1766519882135
2,0.018381288275122643,1766519882797
2,0.01306574884802103,1766519883629
2,0.0021375950891524553,1766519884322
2,0.11220178753137589,1766519884996
2,0.034964703023433685,1766519885824
2,0.09190674126148224,1766519886518
2,0.022530212998390198,1766519887320
2,0.22921109199523926,1766519888019
2,0.006525586824864149,1766519888691
2,0.2540720999240875,1766519889492
2,0.06313023716211319,1766519890126
2,0.030439132824540138,1766519890848
2,0.16603800654411316,1766519891581
2,0.0038968471344560385,1766519892262
2,0.05628137290477753,1766519893099
2,0.07127934694290161,1766519893753
2,0.01053441222757101,1766519894436
2,0.13485276699066162,1766519895248
2,0.37186768651008606,1766519895867
2,0.015631968155503273,1766519896625
2,0.016218729317188263,1766519897361
2,0.004192601889371872,1766519898029
2,0.018748510628938675,1766519898778
2,0.11384376883506775,1766519899434
2,0.0019148887367919087,1766519900087
2,0.008849699050188065,1766519900890
2,0.0016982144443318248,1766519901507
2,0.1526675820350647,1766519902179
2,0.1556386500597,1766519902952
2,0.01800025813281536,1766519903636
2,0.1909593641757965,1766519904420
2,0.032433122396469116,1766519905115
2,0.12529000639915466,1766519905782
2,0.041710563004016876,1766519906567
2,0.08685572445392609,1766519907214
2,0.03884603828191757,1766519908004
2,0.11244622617959976,1766519908909
2,0.08298566192388535,1766519909653
2,0.07958304136991501,1766519910416
2,0.010345232672989368,1766519911041
2,0.10216116905212402,1766519911780
2,0.11287963390350342,1766519912564
2,0.09051182866096497,1766519913228
2,0.01228642649948597,1766519914006
2,0.06349234282970428,1766519914597
2,0.29604342579841614,1766519915250
2,0.015023506246507168,1766519916010
2,0.05429286137223244,1766519916641
2,0.031143540516495705,1766519917387
2,0.07591119408607483,1766519918131
2,0.08938713371753693,1766519918671
2,0.030541682615876198,1766519919377
2,0.16069594025611877,1766519920124
2,0.07080711424350739,1766519920806
2,0.08883517980575562,1766519921692
2,0.1117941290140152,1766519922388
2,0.038379792124032974,1766519923106
2,0.015931513160467148,1766519923899
2,0.07319028675556183,1766519924710
2,0.012227283790707588,1766519925553
2,0.06531626731157303,1766519926379
2,0.010632922872900963,1766519927147
2,0.024342887103557587,1766519928002
2,0.15063153207302094,1766519928741
2,0.019038349390029907,1766519929644
2,0.014118490740656853,1766519930327
2,0.0674050897359848,1766519931152
2,0.0019600344821810722,1766519931996
2,0.16047023236751556,1766519932670
2,0.008803797885775566,1766519933595
2,0.053065549582242966,1766519934286
2,0.15637660026550293,1766519935045
2,0.032385971397161484,1766519935939
2,0.05107098072767258,1766519936579
2,0.06017177924513817,1766519937566
2,0.02016906999051571,1766519938228
2,0.0010249558836221695,1766519938986
2,0.041129760444164276,1766519939938
2,0.00791110284626484,1766519940654
2,0.007957717403769493,1766519941535
2,0.10278818756341934,1766519942219
2,0.14594000577926636,1766519942972
2,0.07997509092092514,1766519943888
2,0.03759435936808586,1766519944540
2,0.09276195615530014,1766519945479
2,0.015589398331940174,1766519946259
2,0.11415114253759384,1766519947149
2,0.031912654638290405,1766519947958
2,0.015963219106197357,1766519948574
2,0.2202799916267395,1766519949560
2,0.10387933254241943,1766519950254
2,0.26380884647369385,1766519950921
2,0.03325899317860603,1766519951879
2,0.011439189314842224,1766519952525
2,0.051412150263786316,1766519953396
2,0.3104858696460724,1766519954144
2,0.022822408005595207,1766519954837
2,0.03469502180814743,1766519955815
2,0.02453000098466873,1766519956447
2,0.04794587567448616,1766519957239
2,0.009259366430342197,1766519958098
2,0.10069383680820465,1766519958694
2,0.06069798022508621,1766519959595
2,0.036651767790317535,1766519960314
2,0.04386694356799126,1766519961065
2,0.05949044227600098,1766519962024
2,0.2532689869403839,1766519962668
2,0.16553440690040588,1766519963557
2,0.041327133774757385,1766519964308
2,0.28198838233947754,1766519964960
2,0.01777675747871399,1766519965915
2,0.014532027766108513,1766519966616
2,0.02085758186876774,1766519967435
2,0.013613627292215824,1766519968272
2,0.08048546314239502,1766519968991
2,0.03831620514392853,1766519969981
2,0.07097672671079636,1766519970638
2,0.0451582632958889,1766519971546
2,0.034113023430109024,1766519972350
2,0.010890082456171513,1766519973044
2,0.10708574950695038,1766519974031
2,0.008778121322393417,1766519974663
2,0.07120911777019501,1766519975551
2,0.030452337116003036,1766519976351
2,0.11417780816555023,1766519977043
2,0.029989996924996376,1766519978025
2,0.14503774046897888,1766519978707
2,0.0427359864115715,1766519979452
2,0.03494376689195633,1766519980350
2,0.0046020206063985825,1766519981004
2,0.057674672454595566,1766519982007
2,0.11907856166362762,1766519982736
2,0.011019779369235039,1766519983597
2,0.04614795744419098,1766519984424
2,0.010212169028818607,1766519985164
2,0.024205980822443962,1766519986019
2,0.12178068608045578,1766519986721
2,0.061040930449962616,1766519987566
2,0.15967756509780884,1766519988310
2,0.007655763532966375,1766519989125
2,0.0215583648532629,1766519989967
2,0.014578031376004219,1766519990680
2,0.00024616054724901915,1766519991574
2,0.051284309476614,1766519992354
2,0.04418792203068733,1766519993139
2,0.024241017177700996,1766519993995
2,0.08703870326280594,1766519994887
2,0.1082591637969017,1766519995696
2,0.02712925150990486,1766519996414
2,0.08223463594913483,1766519997300
2,0.012623640708625317,1766519998096
2,0.24748161435127258,1766519998953
2,0.005058969371020794,1766519999768
2,0.2442064732313156,1766520000578
2,0.16042301058769226,1766520001410
2,0.19763876497745514,1766520002141
2,0.0442284531891346,1766520002995
2,0.003115797881036997,1766520003756
2,0.025153327733278275,1766520004630
2,0.007481634151190519,1766520005482
2,0.008784579113125801,1766520006386
2,0.0022748128976672888,1766520007273
2,0.008249635808169842,1766520008008
2,0.021974265575408936,1766520008930
2,0.14073540270328522,1766520009673
2,0.022453673183918,1766520010445
2,0.06125254929065704,1766520011271
2,0.04466824233531952,1766520011952
2,0.023954227566719055,1766520012812
2,0.05003488063812256,1766520013596
2,0.10445258021354675,1766520014478
2,0.08072242140769958,1766520015275
2,0.11427998542785645,1766520016114
2,0.05642623454332352,1766520016977
2,0.06960834562778473,1766520017727
2,0.3056665360927582,1766520018618
2,0.04213958978652954,1766520019373
2,0.030613068491220474,1766520020221
2,0.00872880034148693,1766520020971
2,0.004498089663684368,1766520021782
2,0.012951559387147427,1766520022538
2,0.16314630210399628,1766520023265
2,0.05115656554698944,1766520024015
2,0.13760757446289062,1766520024891
2,0.01485147699713707,1766520025696
2,0.06854450702667236,1766520026472
2,0.15199971199035645,1766520027303
2,0.07992495596408844,1766520028093
2,0.11297143995761871,1766520028884
2,0.13023260235786438,1766520029677
2,0.031161805614829063,1766520030535
2,0.21762531995773315,1766520031321
2,0.1839200258255005,1766520032036
2,0.000798062770627439,1766520032970
2,0.006952622905373573,1766520033646
2,0.08860942721366882,1766520034565
2,0.014629319310188293,1766520035342
2,0.05512987822294235,1766520036124
2,0.005980924237519503,1766520037043
2,0.046013977378606796,1766520037773
2,0.02678115852177143,1766520038694
2,0.03547808527946472,1766520039467
2,0.07485669106245041,1766520040330
2,0.0209711492061615,1766520041102
2,0.027136238291859627,1766520041844
2,0.0539427176117897,1766520042761
2,0.025891516357660294,1766520043529
2,0.007799908518791199,1766520044415
2,0.053156085312366486,1766520045197
2,0.0038461703807115555,1766520046062
2,0.017047308385372162,1766520046919
2,0.0006266599521040916,1766520047819
2,0.022237667813897133,1766520048638
2,0.05951276049017906,1766520049373
2,0.006371010560542345,1766520050308
2,0.028545692563056946,1766520051069
2,0.07532191276550293,1766520051990
2,0.008749876171350479,1766520052751
2,0.02568461187183857,1766520053568
2,0.05610217899084091,1766520054429
2,0.07450594007968903,1766520055142
2,0.043340954929590225,1766520056014
2,0.019725076854228973,1766520056710
2,0.016425441950559616,1766520057532
2,0.031381092965602875,1766520058295
2,0.15856193006038666,1766520059027
2,0.009229342453181744,1766520059977
2,0.09953101724386215,1766520060631
2,0.010670516639947891,1766520061473
2,0.08603673428297043,1766520062368
2,0.10455362498760223,1766520063085
2,0.06559208035469055,1766520064107
2,0.050684794783592224,1766520064761
2,0.019250012934207916,1766520065651
2,0.06881480664014816,1766520066459
2,0.03055671975016594,1766520067180
2,0.06568413972854614,1766520068148
2,0.11472304165363312,1766520068799
2,0.2712165415287018,1766520069597
2,0.007488446310162544,1766520070403
2,0.10016526281833649,1766520071099
2,0.023969478905200958,1766520072089
2,0.06057465448975563,1766520072750
2,0.00017032571486197412,1766520073529
