cpu_usage,Context.TRAINING,LoggingItemKind.SYSTEM_METRIC
0,6.1,1766706334775
0,5.4,1766706335932
0,6.0,1766706336824
0,5.6,1766706337806
0,5.4,1766706338831
0,5.8,1766706339820
0,5.8,1766706340802
0,5.9,1766706341800
0,5.3,1766706342741
0,5.8,1766706343685
0,5.4,1766706344737
0,5.8,1766706345690
0,5.6,1766706346695
0,5.4,1766706347816
0,6.5,1766706348796
0,5.1,1766706349913
0,5.7,1766706350796
0,5.9,1766706351707
0,5.0,1766706352675
0,6.0,1766706353547
0,5.5,1766706354603
0,5.1,1766706355610
0,6.5,1766706356508
0,5.0,1766706357525
0,5.7,1766706358387
0,6.3,1766706359291
0,4.7,1766706360504
0,6.0,1766706361394
0,6.1,1766706362337
0,5.0,1766706363479
0,6.4,1766706364282
0,5.7,1766706365253
0,5.2,1766706366240
0,6.4,1766706367061
0,5.0,1766706368175
0,5.5,1766706369177
0,6.3,1766706370091
0,4.4,1766706371383
0,6.3,1766706372204
0,5.5,1766706373260
0,5.0,1766706374416
0,6.7,1766706375175
0,4.9,1766706376355
0,5.4,1766706377317
0,6.2,1766706378172
0,4.8,1766706379411
0,6.2,1766706380255
0,5.8,1766706381130
0,4.7,1766706382257
0,6.3,1766706383163
0,5.4,1766706384202
0,5.1,1766706385265
0,6.5,1766706386155
0,4.8,1766706387297
0,5.8,1766706388244
0,6.0,1766706389169
0,4.8,1766706390323
0,6.2,1766706391155
0,5.6,1766706392194
0,5.0,1766706393307
0,6.5,1766706394218
0,4.8,1766706395284
0,5.7,1766706396199
0,6.2,1766706397097
0,4.7,1766706398251
0,6.2,1766706399192
0,5.8,1766706400071
0,5.0,1766706401078
0,6.2,1766706402020
0,5.4,1766706403138
0,5.8,1766706404053
0,6.0,1766706404962
0,5.1,1766706406113
0,6.1,1766706406930
0,5.9,1766706407958
0,5.2,1766706409063
0,6.5,1766706409946
0,4.9,1766706411050
0,5.8,1766706411985
0,6.2,1766706412816
0,4.7,1766706414014
0,6.2,1766706414914
0,5.9,1766706415951
0,4.9,1766706417030
0,6.6,1766706417872
0,5.2,1766706418960
0,5.5,1766706419890
0,6.3,1766706420784
0,4.9,1766706421907
0,6.0,1766706422794
0,6.1,1766706423691
0,4.7,1766706424825
0,6.4,1766706425730
0,5.6,1766706426730
0,5.1,1766706427712
0,6.6,1766706428568
0,5.1,1766706429649
0,5.4,1766706430602
0,6.4,1766706431460
0,4.8,1766706432621
0,6.0,1766706433440
0,6.1,1766706434340
0,4.6,1766706435521
0,6.3,1766706436357
0,5.8,1766706437317
0,4.7,1766706438369
0,6.3,1766706439174
0,5.4,1766706440181
0,5.1,1766706441222
0,6.7,1766706442082
0,4.7,1766706443219
0,5.7,1766706444157
0,6.4,1766706445004
0,4.7,1766706446227
0,6.3,1766706447105
0,5.9,1766706448031
0,4.9,1766706449074
0,6.6,1766706449892
0,5.4,1766706450906
0,4.9,1766706451926
0,6.5,1766706452657
0,5.3,1766706453656
0,5.1,1766706454652
0,6.5,1766706455528
0,4.7,1766706456656
0,5.8,1766706457498
0,6.6,1766706458314
0,4.5,1766706459499
0,6.0,1766706460381
0,6.4,1766706461336
0,4.5,1766706462524
0,6.7,1766706463230
0,6.5,1766706464009
0,4.4,1766706465203
0,6.5,1766706466059
0,5.5,1766706467040
0,4.9,1766706468213
0,6.7,1766706469042
0,5.1,1766706470112
0,5.3,1766706471095
0,6.5,1766706471957
0,4.6,1766706473215
0,6.1,1766706473995
0,6.4,1766706474920
0,4.3,1766706476083
0,6.4,1766706476968
0,6.0,1766706477870
0,4.8,1766706479007
0,6.5,1766706479847
0,5.3,1766706480892
0,5.2,1766706481943
0,6.6,1766706482800
0,4.6,1766706484074
0,6.2,1766706484925
0,6.0,1766706485832
0,4.4,1766706487039
0,6.5,1766706487799
0,6.1,1766706488719
0,4.7,1766706489860
0,6.5,1766706490699
0,5.4,1766706491773
0,5.2,1766706492855
0,6.3,1766706493654
0,4.6,1766706494717
0,5.6,1766706495674
0,6.6,1766706496363
0,4.8,1766706497405
0,5.5,1766706498386
0,6.5,1766706499214
0,4.5,1766706500380
0,6.2,1766706501266
0,6.3,1766706502194
0,4.4,1766706503308
0,6.5,1766706504094
0,6.0,1766706505058
0,4.5,1766706506192
0,6.6,1766706506982
0,5.6,1766706508005
0,4.7,1766706509072
0,6.5,1766706509884
0,5.3,1766706510834
0,4.9,1766706511903
0,6.5,1766706512706
0,4.9,1766706513803
0,5.6,1766706514779
0,6.6,1766706515588
0,4.5,1766706516694
0,5.8,1766706517621
0,6.6,1766706518380
0,4.4,1766706519606
0,6.2,1766706520515
0,6.3,1766706521341
0,4.1,1766706522444
0,6.5,1766706523268
0,6.2,1766706524175
0,4.4,1766706525367
0,6.7,1766706526117
0,6.1,1766706527001
0,5.0,1766706528178
0,6.7,1766706528972
0,5.1,1766706530039
0,5.2,1766706531174
0,6.6,1766706531992
0,4.7,1766706533085
0,5.7,1766706534049
0,6.7,1766706534770
0,4.5,1766706535880
0,5.8,1766706536785
0,6.4,1766706537701
0,4.4,1766706538892
0,6.4,1766706539708
0,5.9,1766706540631
0,4.5,1766706541672
0,6.6,1766706542395
0,6.1,1766706543300
0,4.4,1766706544424
0,6.4,1766706545261
0,5.5,1766706546254
0,4.9,1766706547267
0,6.7,1766706548079
0,5.2,1766706549116
0,5.1,1766706550126
0,6.7,1766706550840
0,5.8,1766706551630
0,4.7,1766706552733
0,6.5,1766706553519
0,5.6,1766706554438
0,5.0,1766706555446
0,6.6,1766706556250
0,5.2,1766706557272
0,5.4,1766706558225
0,6.6,1766706559096
0,4.6,1766706560277
0,6.1,1766706561204
0,6.4,1766706562074
0,4.4,1766706563247
0,6.5,1766706564061
0,6.0,1766706564972
0,4.6,1766706566203
0,6.7,1766706567007
0,5.1,1766706568048
0,4.9,1766706569107
0,6.7,1766706569928
0,5.0,1766706571018
0,5.4,1766706571979
0,6.5,1766706572835
0,4.6,1766706574101
0,6.4,1766706574835
0,6.4,1766706575662
0,4.5,1766706576821
0,6.5,1766706577555
0,6.5,1766706578445
0,4.2,1766706579696
0,6.5,1766706580505
0,5.9,1766706581399
0,4.4,1766706582587
0,6.6,1766706583384
0,5.6,1766706584351
0,4.7,1766706585360
0,6.6,1766706586156
0,5.5,1766706587064
0,5.0,1766706588081
0,6.9,1766706588852
0,5.5,1766706589882
0,5.1,1766706590908
0,6.7,1766706591711
0,4.9,1766706592760
0,5.5,1766706593698
0,6.6,1766706594576
0,4.3,1766706595754
0,5.8,1766706596719
0,6.5,1766706597621
0,4.1,1766706598747
0,6.5,1766706599514
0,6.3,1766706600405
0,4.2,1766706601572
0,6.5,1766706602396
0,5.8,1766706603355
0,4.6,1766706604609
0,6.4,1766706605397
0,5.2,1766706606465
0,4.8,1766706607541
0,6.7,1766706608360
0,5.0,1766706609461
0,5.4,1766706610441
0,6.5,1766706611265
0,4.5,1766706612471
0,5.9,1766706613386
0,6.5,1766706614176
0,4.3,1766706615456
0,6.5,1766706616251
0,6.3,1766706617169
0,4.1,1766706618322
0,6.5,1766706619104
0,6.5,1766706619943
0,4.2,1766706621065
0,6.6,1766706621889
0,6.0,1766706622838
0,4.6,1766706624095
0,6.3,1766706624791
0,5.7,1766706625757
0,4.7,1766706626845
0,6.7,1766706627552
0,6.1,1766706628344
0,4.4,1766706629496
0,6.3,1766706630302
0,5.5,1766706631275
0,4.7,1766706632442
0,6.5,1766706633314
0,4.9,1766706634365
0,5.6,1766706635346
0,6.5,1766706636094
0,4.7,1766706637224
0,5.9,1766706638068
0,6.6,1766706638895
0,4.5,1766706640096
0,6.0,1766706641004
0,6.4,1766706641845
0,4.4,1766706643044
0,6.5,1766706643901
0,6.2,1766706644791
0,4.5,1766706646012
0,6.5,1766706646819
0,5.5,1766706647817
0,5.3,1766706648858
0,6.6,1766706649671
0,5.0,1766706650777
0,5.6,1766706651800
0,6.4,1766706652638
0,4.5,1766706653851
0,6.1,1766706654685
0,6.3,1766706655560
0,4.4,1766706656790
0,6.3,1766706657701
0,5.6,1766706658708
0,4.8,1766706659801
0,6.3,1766706660609
0,5.1,1766706661655
0,5.1,1766706662733
0,6.6,1766706663558
0,4.6,1766706664737
0,5.9,1766706665616
0,6.3,1766706666505
0,4.6,1766706667648
0,6.5,1766706668484
0,5.8,1766706669453
0,4.7,1766706670573
0,6.5,1766706671366
0,5.6,1766706672324
0,4.8,1766706673405
0,6.6,1766706674196
0,5.2,1766706675295
0,5.2,1766706676241
0,6.4,1766706677096
0,4.6,1766706678271
0,6.0,1766706679166
0,6.4,1766706680019
0,4.6,1766706681207
0,6.3,1766706682072
0,5.5,1766706683093
0,4.9,1766706684164
0,6.5,1766706685003
0,5.0,1766706686186
0,5.6,1766706687097
0,6.4,1766706687954
0,4.7,1766706689048
0,6.1,1766706689869
0,6.5,1766706690721
0,4.9,1766706691908
0,6.3,1766706692788
0,5.9,1766706693762
0,5.0,1766706694860
0,6.4,1766706695617
0,5.2,1766706696660
0,5.1,1766706697672
0,6.6,1766706698541
0,4.8,1766706699661
0,5.8,1766706700668
0,6.1,1766706701561
0,5.0,1766706702698
0,6.1,1766706703589
0,5.9,1766706704624
0,5.1,1766706705648
0,6.3,1766706706440
0,5.6,1766706707378
0,5.6,1766706708475
0,6.1,1766706709351
0,5.3,1766706710419
0,5.6,1766706711489
0,5.9,1766706712456
0,5.7,1766706713347
0,5.7,1766706714360
0,5.7,1766706715439
0,5.7,1766706716442
0,5.5,1766706717467
0,5.7,1766706718419
0,5.5,1766706719403
0,5.5,1766706720489
0,6.1,1766706721436
0,5.4,1766706722542
0,5.7,1766706723570
0,5.7,1766706724558
0,5.4,1766706725499
0,6.1,1766706726393
0,5.7,1766706727362
0,5.4,1766706728367
0,6.0,1766706729310
0,5.4,1766706730345
0,5.6,1766706731252
0,6.2,1766706732117
0,4.9,1766706733175
0,6.0,1766706734053
0,5.9,1766706735048
0,4.8,1766706736165
0,6.6,1766706736895
0,5.8,1766706737834
0,4.8,1766706738967
0,6.6,1766706739735
0,5.3,1766706740769
0,5.1,1766706741747
0,6.7,1766706742487
0,5.2,1766706743597
0,5.6,1766706744672
0,6.5,1766706745443
0,4.5,1766706746609
0,6.0,1766706747472
0,6.3,1766706748328
0,4.3,1766706749445
0,6.4,1766706750306
0,6.3,1766706751220
0,4.2,1766706752417
0,6.5,1766706753225
0,5.6,1766706754188
0,4.6,1766706755322
0,6.6,1766706756070
0,5.7,1766706756969
0,5.0,1766706758128
0,6.6,1766706758964
0,5.2,1766706760003
0,5.2,1766706761084
0,6.5,1766706761894
0,4.5,1766706763005
0,5.8,1766706763935
0,6.6,1766706764751
0,4.5,1766706765863
0,6.1,1766706766707
0,6.6,1766706767466
0,4.6,1766706768838
0,6.2,1766706769701
0,6.1,1766706770524
0,4.2,1766706771657
0,6.4,1766706772517
0,6.0,1766706773480
0,4.5,1766706774706
0,6.5,1766706775479
0,5.6,1766706776392
0,4.5,1766706777444
0,6.6,1766706778234
0,5.6,1766706779179
0,4.7,1766706780296
0,6.5,1766706781124
0,5.0,1766706782203
0,5.2,1766706783213
0,6.6,1766706783986
0,4.7,1766706785203
0,5.7,1766706786108
0,6.6,1766706786965
0,4.5,1766706788269
0,6.5,1766706789082
0,6.2,1766706789946
0,4.4,1766706791190
0,6.5,1766706792041
0,5.8,1766706793009
0,4.7,1766706793987
0,6.8,1766706794696
0,5.9,1766706795629
0,4.7,1766706796815
0,6.4,1766706797612
0,5.4,1766706798663
0,5.0,1766706799733
0,6.6,1766706800529
0,5.0,1766706801712
0,5.6,1766706802627
0,6.6,1766706803425
0,4.6,1766706804676
0,5.8,1766706805583
0,6.3,1766706806442
0,4.3,1766706807631
0,6.5,1766706808448
0,6.0,1766706809368
0,4.6,1766706810534
0,6.6,1766706811387
0,5.5,1766706812324
0,5.1,1766706813293
0,6.5,1766706814152
0,4.7,1766706815316
0,5.6,1766706816272
0,6.7,1766706817106
0,4.5,1766706818364
0,6.0,1766706819255
0,6.3,1766706820097
0,4.3,1766706821165
0,6.2,1766706821961
0,6.5,1766706822849
0,4.1,1766706824062
0,6.3,1766706824902
0,6.0,1766706825796
0,4.4,1766706827053
0,6.9,1766706827908
0,5.6,1766706828988
0,5.3,1766706829951
0,6.6,1766706830755
0,5.0,1766706831853
0,5.7,1766706832759
0,6.4,1766706833671
0,4.5,1766706834875
0,6.3,1766706835637
0,6.3,1766706836419
0,4.4,1766706837654
0,6.5,1766706838436
0,6.1,1766706839330
0,4.5,1766706840379
0,6.5,1766706841148
0,5.8,1766706842090
0,4.8,1766706843159
0,6.7,1766706843944
0,5.2,1766706845006
0,5.2,1766706845991
0,6.5,1766706846838
0,4.7,1766706848018
0,5.9,1766706848947
0,6.4,1766706849779
0,4.6,1766706851026
0,6.3,1766706851914
0,5.7,1766706852902
0,4.6,1766706854012
0,6.6,1766706854799
0,5.4,1766706855805
0,5.0,1766706856853
0,6.7,1766706857620
0,5.1,1766706858604
0,5.2,1766706859635
0,6.5,1766706860448
0,4.7,1766706861460
0,5.9,1766706862316
0,6.6,1766706863136
0,4.8,1766706864124
0,5.9,1766706864944
0,6.6,1766706865740
0,5.0,1766706866919
0,5.9,1766706867807
0,6.0,1766706868677
0,4.9,1766706869777
0,6.1,1766706870620
0,6.1,1766706871468
0,4.9,1766706872588
0,6.2,1766706873516
0,5.5,1766706874564
0,5.0,1766706875633
0,6.6,1766706876429
0,5.2,1766706877395
0,5.4,1766706878498
0,6.3,1766706879374
0,5.3,1766706880418
0,5.8,1766706881388
0,5.8,1766706882308
0,5.0,1766706883438
0,6.2,1766706884238
0,5.6,1766706885246
0,5.3,1766706886294
0,6.4,1766706887140
0,5.5,1766706888285
0,6.0,1766706889220
0,6.2,1766706890140
0,5.4,1766706891226
0,6.0,1766706892136
0,5.6,1766706893114
0,5.2,1766706894164
0,6.4,1766706895084
0,5.3,1766706896104
0,5.3,1766706897130
0,6.1,1766706898024
0,5.4,1766706899032
0,5.5,1766706900098
0,5.6,1766706901064
0,5.5,1766706902007
0,5.8,1766706902894
0,5.6,1766706903930
0,5.4,1766706905043
0,6.2,1766706905986
0,5.5,1766706907027
0,5.6,1766706908071
0,5.8,1766706909055
0,5.8,1766706910110
0,6.1,1766706911098
0,5.6,1766706912170
0,5.5,1766706913230
0,5.9,1766706914156
0,5.7,1766706915190
0,5.5,1766706916202
0,5.6,1766706917165
0,6.0,1766706918036
0,5.4,1766706919159
0,5.6,1766706920199
0,5.9,1766706921148
0,5.4,1766706922148
0,5.8,1766706923106
0,5.5,1766706924142
0,5.5,1766706925267
0,6.4,1766706926130
0,5.3,1766706927172
0,5.7,1766706928084
0,6.3,1766706929004
0,5.1,1766706930028
0,6.1,1766706930928
0,5.9,1766706931909
0,5.0,1766706933004
0,6.5,1766706933819
0,5.4,1766706934906
0,5.3,1766706935876
0,6.7,1766706936607
0,5.2,1766706937696
0,5.4,1766706938706
0,6.6,1766706939551
0,4.6,1766706940778
0,6.0,1766706941651
0,6.6,1766706942461
0,4.4,1766706943644
0,6.2,1766706944552
0,6.3,1766706945518
0,4.3,1766706946736
0,6.6,1766706947578
0,5.9,1766706948668
0,5.0,1766706949761
0,6.5,1766706950487
0,5.4,1766706951400
0,4.8,1766706952443
0,6.7,1766706953245
0,5.2,1766706954318
0,5.4,1766706955390
0,6.6,1766706956160
0,4.7,1766706957332
0,5.3,1766706958261
0,6.6,1766706959117
0,4.5,1766706960356
0,6.1,1766706961193
0,6.4,1766706962046
0,4.3,1766706963227
0,6.5,1766706964057
0,6.2,1766706964979
0,4.7,1766706966118
0,6.7,1766706966875
0,6.1,1766706967811
0,4.6,1766706968985
0,6.5,1766706969863
0,5.2,1766706970925
0,5.4,1766706971902
0,6.6,1766706972786
0,4.7,1766706974009
0,6.2,1766706974825
0,6.2,1766706975780
0,4.4,1766706977001
0,6.5,1766706977823
0,6.0,1766706978759
0,4.8,1766706979792
0,6.4,1766706980627
0,5.3,1766706981732
0,5.2,1766706982752
0,6.6,1766706983605
0,4.8,1766706984777
0,5.8,1766706985763
0,6.3,1766706986652
0,4.8,1766706987922
0,6.6,1766706988716
0,5.9,1766706989666
0,4.9,1766706990725
0,6.6,1766706991512
0,5.2,1766706992590
0,5.3,1766706993616
0,6.6,1766706994533
0,4.6,1766706995787
0,6.2,1766706996655
0,6.2,1766706997571
0,4.6,1766706998750
0,6.3,1766706999586
0,5.7,1766707000573
0,4.7,1766707001712
0,6.4,1766707002551
0,5.0,1766707003708
0,5.6,1766707004735
0,6.3,1766707005552
0,4.8,1766707006702
0,6.1,1766707007590
0,6.4,1766707008651
0,4.7,1766707009868
0,6.4,1766707010656
0,5.1,1766707011744
0,5.4,1766707012840
0,6.3,1766707013738
0,4.9,1766707014943
0,6.1,1766707015889
0,5.9,1766707016822
0,5.0,1766707017893
0,6.4,1766707018820
0,5.1,1766707019865
0,5.4,1766707020988
0,6.3,1766707021801
0,5.1,1766707022940
0,5.8,1766707023892
0,5.8,1766707024911
0,5.2,1766707026000
0,6.2,1766707026867
0,5.5,1766707027932
0,5.4,1766707029001
0,6.2,1766707029802
0,5.3,1766707030849
0,5.6,1766707031907
0,5.9,1766707032877
0,5.3,1766707033977
0,6.1,1766707034821
0,5.5,1766707035819
0,5.4,1766707036906
0,6.3,1766707037755
0,5.3,1766707038785
0,5.5,1766707039828
0,5.8,1766707040820
0,5.6,1766707041837
0,6.1,1766707042837
0,5.3,1766707043884
0,5.5,1766707044915
0,6.1,1766707045795
0,5.3,1766707046826
0,5.9,1766707047772
0,5.9,1766707048644
0,5.4,1766707049704
0,6.2,1766707050673
0,5.3,1766707051731
0,5.4,1766707052709
0,6.1,1766707053685
0,5.5,1766707054777
0,5.7,1766707055734
0,5.7,1766707056696
0,5.8,1766707057708
0,5.7,1766707058716
0,5.7,1766707059693
0,5.8,1766707060612
0,5.7,1766707061603
0,6.0,1766707062615
0,5.5,1766707063711
0,5.5,1766707064755
0,6.4,1766707065619
0,5.2,1766707066691
0,5.7,1766707067675
0,6.4,1766707068686
0,5.0,1766707069856
0,6.3,1766707070702
0,5.6,1766707071663
0,5.1,1766707072723
0,6.7,1766707073623
0,5.1,1766707074799
0,6.0,1766707075674
0,6.2,1766707076581
0,4.7,1766707077798
0,6.3,1766707078675
0,5.9,1766707079703
0,5.0,1766707080809
0,6.6,1766707081660
0,5.0,1766707082792
0,5.6,1766707083743
0,6.4,1766707084655
0,4.7,1766707085854
0,6.4,1766707086694
0,5.9,1766707087668
0,4.7,1766707088830
0,6.5,1766707089625
0,5.5,1766707090622
0,5.2,1766707091760
0,6.6,1766707092604
0,4.6,1766707093835
0,6.2,1766707094700
0,6.3,1766707095593
0,4.6,1766707096733
0,6.5,1766707097556
0,5.5,1766707098635
0,5.0,1766707099748
0,6.6,1766707100554
0,5.3,1766707101630
0,5.6,1766707102597
0,6.6,1766707103434
0,4.5,1766707104698
0,5.9,1766707105564
0,6.3,1766707106501
0,4.5,1766707107713
0,6.5,1766707108555
0,5.7,1766707109492
0,4.7,1766707110592
0,6.5,1766707111402
0,5.4,1766707112454
0,5.1,1766707113529
0,6.6,1766707114330
0,4.9,1766707115556
0,5.7,1766707116458
0,6.5,1766707117293
0,4.4,1766707118561
0,6.2,1766707119414
0,6.7,1766707120177
0,4.4,1766707121411
0,6.6,1766707122207
0,6.5,1766707123082
0,4.3,1766707124284
0,6.6,1766707125110
0,5.8,1766707126047
0,4.7,1766707127208
0,7.0,1766707128021
0,5.5,1766707129170
0,5.3,1766707130137
0,6.6,1766707130969
0,4.7,1766707132227
0,5.9,1766707133143
0,6.2,1766707134062
0,4.5,1766707135213
0,6.6,1766707136007
0,6.1,1766707136927
0,4.5,1766707138082
0,6.6,1766707138912
0,5.5,1766707139914
0,5.1,1766707140943
0,6.7,1766707141791
0,5.0,1766707142937
0,5.5,1766707143939
0,6.6,1766707144731
0,4.6,1766707145911
0,6.2,1766707146786
0,6.2,1766707147747
0,4.5,1766707148955
0,6.6,1766707149749
0,5.7,1766707150757
0,5.0,1766707151923
0,6.4,1766707152606
0,5.3,1766707153605
0,5.0,1766707154724
0,6.6,1766707155564
0,4.9,1766707156692
0,5.7,1766707157686
0,6.3,1766707158588
0,4.7,1766707159826
0,6.4,1766707160703
0,5.8,1766707161732
0,4.9,1766707162882
0,6.6,1766707163650
0,5.2,1766707164743
0,5.3,1766707165799
0,6.6,1766707166675
0,4.7,1766707167839
0,6.0,1766707168760
0,6.2,1766707169641
0,4.8,1766707170795
0,6.3,1766707171684
0,5.4,1766707172724
0,5.0,1766707173719
0,6.6,1766707174591
0,5.1,1766707175696
0,5.7,1766707176647
0,6.3,1766707177557
0,4.9,1766707178699
0,6.2,1766707179557
0,6.2,1766707180467
0,4.9,1766707181595
0,6.0,1766707182502
0,5.8,1766707183481
0,5.1,1766707184549
0,6.6,1766707185430
0,4.9,1766707186553
0,5.9,1766707187581
0,6.6,1766707188498
0,5.2,1766707189644
0,6.2,1766707190480
0,5.7,1766707191427
0,5.2,1766707192446
0,6.3,1766707193390
0,5.4,1766707194424
0,5.4,1766707195395
0,6.0,1766707196308
0,5.3,1766707197424
0,6.1,1766707198367
0,5.6,1766707199364
0,5.4,1766707200404
0,6.0,1766707201359
0,5.9,1766707202371
0,5.5,1766707203420
0,5.5,1766707204410
0,6.1,1766707205238
0,5.8,1766707206177
0,5.5,1766707207149
0,6.0,1766707208104
0,5.7,1766707209099
0,5.6,1766707210162
0,5.4,1766707211238
0,5.6,1766707212245
0,5.6,1766707213297
0,5.7,1766707214274
0,5.6,1766707215239
0,5.9,1766707216242
0,5.8,1766707217201
0,5.7,1766707218210
0,5.5,1766707219253
0,5.7,1766707220211
0,6.1,1766707221169
0,5.5,1766707222276
0,5.6,1766707223234
0,6.0,1766707224178
0,5.5,1766707225310
0,6.1,1766707226202
0,5.8,1766707227233
0,5.2,1766707228303
0,6.3,1766707229209
0,5.5,1766707230312
0,5.7,1766707231311
0,5.9,1766707232187
0,5.6,1766707233191
0,5.9,1766707234221
0,5.4,1766707235279
0,5.6,1766707236269
0,6.3,1766707237181
0,5.5,1766707238259
0,5.8,1766707239257
0,5.7,1766707240235
0,5.4,1766707241327
0,5.9,1766707242219
0,5.7,1766707243193
0,5.4,1766707244239
0,6.3,1766707245145
0,5.3,1766707246263
0,5.5,1766707247294
0,6.7,1766707248320
0,5.2,1766707249324
0,5.8,1766707250171
0,5.9,1766707251271
1,5.0,1766707252410
1,6.6,1766707253281
1,5.2,1766707254422
1,5.9,1766707255316
1,6.2,1766707256170
1,5.0,1766707257430
1,6.2,1766707258264
1,6.1,1766707259102
1,4.9,1766707260237
1,6.4,1766707261052
1,5.9,1766707262034
1,4.9,1766707263141
1,6.6,1766707263856
1,5.4,1766707264854
1,4.9,1766707265983
1,6.6,1766707266850
1,4.8,1766707267950
1,5.8,1766707268932
1,6.3,1766707269845
1,4.8,1766707270891
1,6.5,1766707271789
1,5.9,1766707272810
1,4.9,1766707273957
1,6.4,1766707274755
1,5.3,1766707275798
1,5.4,1766707276901
1,6.5,1766707277768
1,4.9,1766707278941
1,6.0,1766707279862
1,6.1,1766707280750
1,4.9,1766707281909
1,6.4,1766707282716
1,5.7,1766707283747
1,5.0,1766707284846
1,6.4,1766707285622
1,5.2,1766707286706
1,5.5,1766707287736
1,6.4,1766707288626
1,4.7,1766707289698
1,6.2,1766707290643
1,6.1,1766707291606
1,4.6,1766707292654
1,6.3,1766707293532
1,5.7,1766707294582
1,4.9,1766707295717
1,6.6,1766707296547
1,4.9,1766707297678
1,5.7,1766707298704
1,6.3,1766707299616
1,4.6,1766707300831
1,6.4,1766707301676
1,6.1,1766707302572
1,4.6,1766707303644
1,6.5,1766707304419
1,5.8,1766707305412
1,5.0,1766707306602
1,6.8,1766707307415
1,5.5,1766707308562
1,5.7,1766707309515
1,6.7,1766707310427
1,4.5,1766707311470
1,6.2,1766707312395
1,6.1,1766707313391
1,4.5,1766707314542
1,6.5,1766707315358
1,5.6,1766707316379
1,5.0,1766707317467
1,6.7,1766707318332
1,4.8,1766707319462
1,5.5,1766707320408
1,6.5,1766707321285
1,4.6,1766707322552
1,6.7,1766707323380
1,5.9,1766707324339
1,4.6,1766707325583
1,6.5,1766707326397
1,5.3,1766707327452
1,5.1,1766707328490
1,6.6,1766707329325
1,5.0,1766707330452
1,5.5,1766707331386
1,6.5,1766707332244
1,4.6,1766707333519
1,6.6,1766707334303
1,6.5,1766707335239
1,4.2,1766707336449
1,6.7,1766707337285
1,5.9,1766707338222
1,4.5,1766707339407
1,6.7,1766707340202
1,5.9,1766707341005
1,4.5,1766707342058
1,6.5,1766707342886
1,5.5,1766707343907
1,5.1,1766707344938
1,6.5,1766707345756
1,5.1,1766707346787
1,5.3,1766707347784
1,6.6,1766707348597
1,4.7,1766707349772
1,5.8,1766707350609
1,6.6,1766707351402
1,4.5,1766707352569
1,6.2,1766707353445
1,6.4,1766707354366
1,4.7,1766707355584
1,6.5,1766707356349
1,6.1,1766707357312
1,4.4,1766707358450
1,6.5,1766707359272
1,5.6,1766707360290
1,5.0,1766707361426
1,6.7,1766707362284
1,4.8,1766707363394
1,5.5,1766707364363
1,6.6,1766707365263
1,4.6,1766707366459
1,6.1,1766707367337
1,6.6,1766707368344
1,4.7,1766707369596
1,6.5,1766707370415
1,5.5,1766707371454
1,5.3,1766707372553
1,6.6,1766707373416
1,4.7,1766707374468
1,6.0,1766707375388
1,6.2,1766707376321
1,4.8,1766707377472
1,6.3,1766707378275
1,6.1,1766707379252
1,4.8,1766707380496
1,6.4,1766707381351
1,5.0,1766707382461
1,5.6,1766707383403
1,6.5,1766707384232
1,4.8,1766707385316
1,5.7,1766707386305
1,6.0,1766707387258
1,5.2,1766707388381
1,6.2,1766707389313
1,5.6,1766707390383
1,5.2,1766707391408
1,6.4,1766707392260
1,5.3,1766707393338
1,5.8,1766707394236
1,6.4,1766707395028
1,5.2,1766707396106
1,5.8,1766707397084
1,6.0,1766707398077
1,5.2,1766707399251
1,6.4,1766707400188
1,5.5,1766707401241
1,5.5,1766707402307
1,6.3,1766707403224
1,5.2,1766707404331
1,5.8,1766707405315
1,5.7,1766707406324
1,5.5,1766707407443
1,6.2,1766707408323
1,5.5,1766707409373
1,5.4,1766707410418
1,5.9,1766707411419
1,5.6,1766707412419
1,5.9,1766707413413
1,5.5,1766707414361
1,5.5,1766707415344
1,6.1,1766707416260
1,5.4,1766707417279
1,5.4,1766707418379
1,6.1,1766707419321
1,5.7,1766707420366
1,5.8,1766707421426
1,5.4,1766707422447
1,5.5,1766707423476
1,5.9,1766707424498
1,5.7,1766707425547
1,5.7,1766707426639
1,5.8,1766707427688
1,6.5,1766707428615
1,5.6,1766707429616
1,5.6,1766707430643
1,5.8,1766707431659
1,5.4,1766707432725
1,6.3,1766707433625
1,5.4,1766707434663
1,5.3,1766707435656
1,6.5,1766707436532
1,4.9,1766707437684
1,5.9,1766707438633
1,6.3,1766707439504
1,4.9,1766707440686
1,6.1,1766707441550
1,5.8,1766707442594
1,4.9,1766707443789
1,6.6,1766707444660
1,4.9,1766707445679
1,5.5,1766707446628
1,6.6,1766707447483
1,4.6,1766707448643
1,5.9,1766707449582
1,6.4,1766707450453
1,4.7,1766707451730
1,6.6,1766707452586
1,5.6,1766707453568
1,5.1,1766707454640
1,6.5,1766707455389
1,5.4,1766707456399
1,5.3,1766707457444
1,6.6,1766707458258
1,5.1,1766707459353
1,5.7,1766707460239
1,6.7,1766707461066
1,4.7,1766707462338
1,6.3,1766707463179
1,6.4,1766707464003
1,4.4,1766707465219
1,6.6,1766707466033
1,5.9,1766707466994
1,4.7,1766707468108
1,6.5,1766707468933
1,5.4,1766707469910
1,5.0,1766707470994
1,6.7,1766707471823
1,5.0,1766707472909
1,5.3,1766707473923
1,6.6,1766707474731
1,4.9,1766707475851
1,5.8,1766707476743
1,6.6,1766707477620
1,4.7,1766707478804
1,6.0,1766707479662
1,6.6,1766707480574
1,4.2,1766707481736
1,6.5,1766707482559
1,6.0,1766707483481
1,4.6,1766707484774
1,6.6,1766707485563
1,5.6,1766707486516
1,5.0,1766707487582
1,7.0,1766707488482
1,4.8,1766707489674
1,5.7,1766707490569
1,6.5,1766707491373
1,4.6,1766707492592
1,6.0,1766707493506
1,6.7,1766707494284
1,4.5,1766707495435
1,6.1,1766707496336
1,6.6,1766707497214
1,4.5,1766707498394
1,6.6,1766707499121
1,6.3,1766707500006
1,4.6,1766707501174
1,6.7,1766707501993
1,5.9,1766707502830
1,4.5,1766707503967
1,6.6,1766707504818
1,5.4,1766707505873
1,5.1,1766707506926
1,6.7,1766707507755
1,5.0,1766707508835
1,5.6,1766707509828
1,6.7,1766707510678
1,4.7,1766707511868
1,6.4,1766707512761
1,6.3,1766707513640
1,4.5,1766707514845
1,6.6,1766707515607
1,6.0,1766707516544
1,4.7,1766707517640
1,6.5,1766707518461
1,5.4,1766707519547
1,5.2,1766707520618
1,6.6,1766707521442
1,4.8,1766707522554
1,5.9,1766707523448
1,6.6,1766707524259
1,4.5,1766707525418
1,6.2,1766707526272
1,6.1,1766707527215
1,4.7,1766707528311
1,6.7,1766707529104
1,5.9,1766707530076
1,4.9,1766707531250
1,6.7,1766707532044
1,5.2,1766707533091
1,5.2,1766707534122
1,6.7,1766707534836
1,5.3,1766707535874
1,5.3,1766707536862
1,6.5,1766707537692
1,4.8,1766707538934
1,6.0,1766707539801
1,6.5,1766707540630
1,4.5,1766707541869
1,6.3,1766707542640
1,6.3,1766707543524
1,4.6,1766707544664
1,6.3,1766707545561
1,5.7,1766707546592
1,4.8,1766707547772
1,6.9,1766707548608
1,5.2,1766707549655
1,5.5,1766707550593
1,6.7,1766707551417
1,4.7,1766707552605
1,6.0,1766707553562
1,6.5,1766707554458
1,4.5,1766707555626
1,6.3,1766707556474
1,6.1,1766707557439
1,4.5,1766707558397
1,6.5,1766707559261
1,5.7,1766707560271
1,5.0,1766707561427
1,6.7,1766707562257
1,5.1,1766707563364
1,5.7,1766707564368
1,6.6,1766707565184
1,4.7,1766707566405
1,6.1,1766707567287
1,6.1,1766707568253
1,4.6,1766707569366
1,6.4,1766707570242
1,5.4,1766707571291
1,5.2,1766707572331
1,6.5,1766707573241
1,4.9,1766707574362
1,6.1,1766707575267
1,6.1,1766707576212
1,4.7,1766707577296
1,6.3,1766707578184
1,5.7,1766707579125
1,5.0,1766707580204
1,6.6,1766707581055
1,5.0,1766707582186
1,5.8,1766707583206
1,6.2,1766707584140
1,5.3,1766707585196
1,6.1,1766707586167
1,5.5,1766707587213
1,5.4,1766707588255
1,5.9,1766707589161
1,5.9,1766707590131
1,5.7,1766707591124
1,5.6,1766707592139
1,5.7,1766707593131
1,6.0,1766707594099
1,5.6,1766707595214
1,5.6,1766707596138
1,6.3,1766707597069
1,5.2,1766707598152
1,5.9,1766707599112
1,5.7,1766707600057
1,5.5,1766707601124
1,6.1,1766707602067
1,5.3,1766707603072
1,5.5,1766707604038
1,6.2,1766707604927
1,5.4,1766707605881
1,5.7,1766707606822
1,5.8,1766707607820
1,5.4,1766707609053
1,6.4,1766707609899
1,5.2,1766707610987
1,5.6,1766707612066
1,6.0,1766707612996
1,5.4,1766707614022
1,5.7,1766707614950
1,5.6,1766707615984
1,5.4,1766707617027
1,6.4,1766707617931
1,5.1,1766707618996
1,5.6,1766707620011
1,5.9,1766707620992
1,5.4,1766707622067
1,6.1,1766707622950
1,5.5,1766707623992
1,5.2,1766707625005
1,6.5,1766707625859
1,5.0,1766707627045
1,5.8,1766707628000
1,6.0,1766707628895
1,5.2,1766707630053
1,6.3,1766707630973
1,5.8,1766707631896
1,5.3,1766707632937
1,6.2,1766707633862
1,5.4,1766707634960
1,5.6,1766707635952
1,5.7,1766707636899
1,5.5,1766707637915
1,5.9,1766707638864
1,5.5,1766707639890
1,5.4,1766707640848
1,6.5,1766707641686
1,5.4,1766707642779
1,5.6,1766707643800
1,6.1,1766707644754
1,5.4,1766707645864
1,6.1,1766707646775
1,5.5,1766707647782
1,5.3,1766707648928
1,6.4,1766707649825
1,5.4,1766707650908
1,5.6,1766707651967
1,5.9,1766707652862
1,5.5,1766707653903
1,6.0,1766707654838
1,5.5,1766707655810
1,5.3,1766707656846
1,6.3,1766707657684
1,5.4,1766707658775
1,5.6,1766707659821
1,5.9,1766707660748
1,6.0,1766707661605
1,5.7,1766707662613
1,5.6,1766707663673
1,5.7,1766707664731
1,5.8,1766707665737
1,6.1,1766707666662
1,5.0,1766707667810
1,6.2,1766707668775
1,6.3,1766707669712
1,4.8,1766707670679
1,6.1,1766707671612
1,5.8,1766707672606
1,5.1,1766707673723
1,6.4,1766707674556
1,5.4,1766707675591
1,5.6,1766707676628
1,6.0,1766707677603
1,5.2,1766707678688
1,5.9,1766707679617
1,5.8,1766707680638
1,5.1,1766707681752
1,6.3,1766707682619
1,5.5,1766707683690
1,5.5,1766707684645
1,6.3,1766707685559
1,5.3,1766707686668
1,5.6,1766707687575
1,6.2,1766707688546
1,5.1,1766707689781
1,6.2,1766707690631
1,5.6,1766707691600
1,5.2,1766707692620
1,6.5,1766707693440
1,5.1,1766707694488
1,5.6,1766707695501
1,6.6,1766707696269
1,4.9,1766707697394
1,5.9,1766707698340
1,6.3,1766707699251
1,4.8,1766707700394
1,6.2,1766707701289
1,5.8,1766707702263
1,4.9,1766707703328
1,6.4,1766707704215
1,5.0,1766707705294
1,5.4,1766707706284
1,6.5,1766707707198
1,4.7,1766707708440
1,6.0,1766707709271
1,6.1,1766707710140
1,4.7,1766707711252
1,6.5,1766707712004
1,6.1,1766707712914
1,4.6,1766707714128
1,6.6,1766707714941
1,5.5,1766707715980
1,5.3,1766707717058
1,6.5,1766707717812
1,5.0,1766707718918
1,5.8,1766707719847
1,6.5,1766707720683
1,4.6,1766707721880
1,6.4,1766707722796
1,6.3,1766707723624
1,4.5,1766707724819
1,6.5,1766707725586
1,6.1,1766707726507
1,4.7,1766707727620
1,7.2,1766707728408
1,5.5,1766707729461
1,5.0,1766707730512
1,6.5,1766707731386
1,4.9,1766707732466
1,5.5,1766707733434
1,6.6,1766707734304
1,4.5,1766707735544
1,6.1,1766707736370
1,6.7,1766707737087
1,4.5,1766707738308
1,6.0,1766707739204
1,6.6,1766707740055
1,4.2,1766707741307
1,6.5,1766707742119
1,6.4,1766707743041
1,4.5,1766707744200
1,6.5,1766707745007
1,5.7,1766707745906
1,4.7,1766707747068
1,6.6,1766707747918
1,5.5,1766707748976
1,5.0,1766707750040
1,6.6,1766707750835
1,5.0,1766707751980
1,5.4,1766707752902
1,6.6,1766707753691
1,4.8,1766707754814
1,5.5,1766707755663
1,6.6,1766707756520
1,4.7,1766707757754
1,6.0,1766707758637
1,6.6,1766707759469
1,4.6,1766707760693
1,6.5,1766707761502
1,6.2,1766707762446
1,4.4,1766707763560
1,6.7,1766707764283
1,6.0,1766707765233
1,4.7,1766707766357
1,6.5,1766707767185
1,5.4,1766707768226
1,5.5,1766707769246
1,6.6,1766707769983
1,4.9,1766707771201
1,5.6,1766707772074
1,6.5,1766707772908
1,4.4,1766707774183
1,6.3,1766707775025
1,6.5,1766707775887
1,4.4,1766707777091
1,6.6,1766707777943
1,6.0,1766707778914
1,4.7,1766707780080
1,6.5,1766707780898
1,5.5,1766707781863
1,5.0,1766707782913
1,6.6,1766707783739
1,5.2,1766707784750
1,5.4,1766707785714
1,6.6,1766707786559
1,5.0,1766707787701
1,6.2,1766707788603
1,6.6,1766707789431
1,4.8,1766707790716
1,6.0,1766707791583
1,6.5,1766707792401
1,4.4,1766707793597
1,6.7,1766707794368
1,6.4,1766707795292
1,4.7,1766707796504
1,6.7,1766707797253
1,5.8,1766707798123
1,4.7,1766707799296
1,6.5,1766707800127
1,5.4,1766707801142
1,5.3,1766707802123
1,6.7,1766707802956
1,4.7,1766707804144
1,6.0,1766707805046
1,6.5,1766707805857
1,4.7,1766707807077
1,6.2,1766707807939
1,6.0,1766707808904
1,4.6,1766707810041
1,6.5,1766707810868
1,5.3,1766707811954
1,5.4,1766707812906
1,6.8,1766707813694
1,5.1,1766707814830
1,5.7,1766707815831
1,6.6,1766707816644
1,4.7,1766707817750
1,6.3,1766707818631
1,6.3,1766707819557
1,4.4,1766707820794
1,6.5,1766707821595
1,6.0,1766707822517
1,4.8,1766707823676
1,6.7,1766707824449
1,5.4,1766707825433
1,5.1,1766707826382
1,6.7,1766707827093
1,5.4,1766707828106
1,5.1,1766707829173
1,6.5,1766707829991
1,4.8,1766707831113
1,5.7,1766707832068
1,6.6,1766707832940
1,4.7,1766707834085
1,6.3,1766707835021
1,6.1,1766707836000
1,4.5,1766707837167
1,6.6,1766707837923
1,5.5,1766707838999
1,5.0,1766707840084
1,6.7,1766707840922
1,5.0,1766707841931
1,5.7,1766707842901
1,6.5,1766707843734
1,4.9,1766707844859
1,6.1,1766707845812
1,6.2,1766707846758
1,5.0,1766707847951
1,6.8,1766707848865
1,5.1,1766707849915
1,5.2,1766707850938
1,6.9,1766707851682
1,5.1,1766707852655
1,5.4,1766707853704
1,6.6,1766707854497
1,4.9,1766707855673
1,5.8,1766707856656
1,5.9,1766707857615
1,5.1,1766707858703
1,6.3,1766707859592
1,5.5,1766707860652
1,5.2,1766707861702
1,6.5,1766707862582
1,5.2,1766707863795
1,5.9,1766707864753
1,5.8,1766707865660
1,5.1,1766707866730
1,6.1,1766707867547
1,5.7,1766707868505
1,5.3,1766707869583
1,6.4,1766707870477
1,5.2,1766707871521
1,5.5,1766707872494
1,6.4,1766707873300
1,5.3,1766707874446
1,5.8,1766707875291
1,6.0,1766707876183
1,5.1,1766707877262
1,6.2,1766707878182
1,5.6,1766707879163
1,5.5,1766707880217
1,6.2,1766707881180
1,5.5,1766707882205
1,5.6,1766707883251
1,6.0,1766707884186
1,5.7,1766707885111
1,5.9,1766707886151
1,5.5,1766707887138
1,5.7,1766707888104
1,5.9,1766707889036
1,5.5,1766707890104
1,5.7,1766707891136
1,5.9,1766707892049
1,5.7,1766707893028
1,6.0,1766707894016
1,5.4,1766707895029
1,5.4,1766707896133
1,6.2,1766707897018
1,5.6,1766707898065
1,5.8,1766707898953
1,6.0,1766707899865
1,5.1,1766707900882
1,5.9,1766707901806
1,5.7,1766707902791
1,5.2,1766707903872
1,6.4,1766707904800
1,5.1,1766707905967
1,5.7,1766707906955
1,6.1,1766707907860
1,5.2,1766707909071
1,6.4,1766707909904
1,5.6,1766707910895
1,5.0,1766707912020
1,6.7,1766707912871
1,4.8,1766707913946
1,5.6,1766707914916
1,6.0,1766707915808
1,4.9,1766707916996
1,6.1,1766707917894
1,5.7,1766707918935
1,5.2,1766707920030
1,6.5,1766707920925
1,5.1,1766707922080
1,5.7,1766707923048
1,6.1,1766707923915
1,5.2,1766707924976
1,6.0,1766707925866
1,5.8,1766707926848
1,5.1,1766707927804
1,6.4,1766707928664
1,4.6,1766707929865
1,6.0,1766707930768
1,6.4,1766707931678
1,4.3,1766707932994
1,6.6,1766707933830
1,5.9,1766707934787
1,4.9,1766707935966
1,6.7,1766707936748
1,5.3,1766707937670
1,5.0,1766707938717
1,6.5,1766707939486
1,5.3,1766707940466
1,5.1,1766707941392
1,6.5,1766707942239
1,5.1,1766707943365
1,5.7,1766707944430
1,6.3,1766707945279
1,4.5,1766707946500
1,6.3,1766707947342
1,6.1,1766707948299
1,4.6,1766707949372
1,6.6,1766707950248
1,5.3,1766707951298
1,5.1,1766707952380
1,6.6,1766707953207
1,4.9,1766707954438
1,6.1,1766707955336
1,6.4,1766707956133
1,4.5,1766707957306
1,6.4,1766707958173
1,6.1,1766707959144
1,4.6,1766707960217
1,6.6,1766707961050
1,5.5,1766707962161
1,5.2,1766707963151
1,6.6,1766707963934
1,5.1,1766707965024
1,5.4,1766707966083
1,6.5,1766707966958
1,4.7,1766707968146
1,6.6,1766707968986
1,6.1,1766707969944
1,4.6,1766707971167
1,6.6,1766707971962
1,5.6,1766707972967
1,5.4,1766707974053
1,6.4,1766707974907
1,4.9,1766707976034
1,5.9,1766707977013
1,6.0,1766707977915
1,5.1,1766707978899
1,6.3,1766707979770
1,5.9,1766707980708
1,5.1,1766707981854
1,6.3,1766707982786
1,5.5,1766707983797
1,5.3,1766707984811
1,6.4,1766707985746
1,5.3,1766707986783
1,6.0,1766707987663
1,6.1,1766707988660
1,4.9,1766707989820
1,6.4,1766707990566
1,5.7,1766707991608
1,5.1,1766707992691
1,6.6,1766707993518
1,4.9,1766707994594
1,5.8,1766707995560
1,6.2,1766707996415
1,4.9,1766707997641
1,6.1,1766707998475
1,5.8,1766707999511
1,5.0,1766708000644
1,6.4,1766708001575
1,5.1,1766708002673
1,5.8,1766708003639
1,6.1,1766708004513
1,5.2,1766708005528
1,5.8,1766708006500
1,6.0,1766708007420
1,5.1,1766708008590
1,6.2,1766708009538
1,5.4,1766708010590
1,5.6,1766708011643
1,6.3,1766708012548
1,5.3,1766708013637
1,6.0,1766708014648
1,5.7,1766708015615
1,5.0,1766708016728
1,6.6,1766708017590
1,5.1,1766708018707
1,5.6,1766708019664
1,6.5,1766708020503
1,5.0,1766708021588
1,5.8,1766708022559
1,6.1,1766708023492
1,4.9,1766708024676
1,6.3,1766708025512
1,5.4,1766708026545
1,5.3,1766708027620
1,6.8,1766708028534
1,4.9,1766708029695
1,6.0,1766708030563
1,6.1,1766708031487
1,5.1,1766708032592
1,6.5,1766708033456
1,5.7,1766708034454
1,5.0,1766708035501
1,6.7,1766708036336
1,5.1,1766708037377
1,5.7,1766708038272
1,6.4,1766708039125
1,5.0,1766708040337
1,6.1,1766708041247
1,5.9,1766708042262
1,5.0,1766708043314
1,6.7,1766708044155
1,5.4,1766708045162
1,5.5,1766708046233
1,6.6,1766708047024
1,5.0,1766708048154
1,5.9,1766708049065
1,6.0,1766708050072
1,5.2,1766708051208
1,6.2,1766708052078
1,5.6,1766708053104
1,5.0,1766708054135
1,6.4,1766708054976
1,5.2,1766708056122
1,5.7,1766708057129
1,6.0,1766708058061
1,5.3,1766708059184
1,6.3,1766708060024
1,5.6,1766708061110
1,5.3,1766708062244
1,6.5,1766708063128
1,5.1,1766708064200
1,5.8,1766708065071
1,5.9,1766708065947
1,5.0,1766708067109
1,6.1,1766708067979
1,5.8,1766708068952
1,4.9,1766708070032
1,6.4,1766708070924
1,5.4,1766708071987
1,5.2,1766708073036
1,6.3,1766708073976
1,5.1,1766708075079
1,6.1,1766708076065
1,5.8,1766708077005
1,5.4,1766708078061
1,6.2,1766708078977
1,5.4,1766708080044
1,5.5,1766708080966
1,6.4,1766708081858
1,5.2,1766708082942
1,5.8,1766708083913
1,6.0,1766708084899
1,5.1,1766708086017
1,6.4,1766708086884
1,5.6,1766708087985
1,5.5,1766708089169
1,6.1,1766708090074
1,5.2,1766708091179
1,5.9,1766708092152
1,5.8,1766708093143
1,5.3,1766708094266
1,6.3,1766708095203
1,5.4,1766708096227
1,5.6,1766708097306
1,6.0,1766708098273
1,5.6,1766708099315
1,6.0,1766708100303
1,5.4,1766708101359
1,5.4,1766708102466
1,6.1,1766708103378
1,5.4,1766708104358
1,5.7,1766708105399
1,5.8,1766708106372
1,5.6,1766708107336
1,6.0,1766708108339
1,5.5,1766708109332
1,5.5,1766708110407
1,6.1,1766708111380
1,5.3,1766708112472
1,5.9,1766708113459
1,5.6,1766708114391
1,5.2,1766708115476
1,6.5,1766708116331
1,5.2,1766708117412
1,5.6,1766708118439
1,6.0,1766708119382
1,5.3,1766708120423
1,6.0,1766708121395
1,5.7,1766708122414
1,5.6,1766708123448
1,6.1,1766708124374
1,5.3,1766708125427
1,5.7,1766708126467
1,6.0,1766708127375
1,5.5,1766708128436
1,6.0,1766708129423
1,5.5,1766708130447
1,5.4,1766708131556
1,6.3,1766708132485
1,5.2,1766708133557
1,5.6,1766708134507
1,6.0,1766708135425
1,5.4,1766708136494
1,6.2,1766708137267
1,5.6,1766708138287
1,5.1,1766708139374
1,6.3,1766708140332
1,5.3,1766708141416
1,5.8,1766708142296
1,6.0,1766708143208
1,5.1,1766708144301
1,6.3,1766708145188
1,5.6,1766708146218
1,4.9,1766708147231
1,7.1,1766708148160
1,5.0,1766708149273
1,6.0,1766708150213
1,6.2,1766708151128
1,4.8,1766708152265
1,6.1,1766708153132
1,5.9,1766708154040
1,4.9,1766708155178
1,6.6,1766708156012
1,5.4,1766708157096
1,5.4,1766708158222
1,6.3,1766708159104
1,5.1,1766708160212
1,6.0,1766708161166
1,5.8,1766708162028
1,5.1,1766708163078
1,6.2,1766708163901
1,6.0,1766708164883
1,5.1,1766708165923
1,6.5,1766708166796
1,5.5,1766708167833
1,5.4,1766708168833
1,6.4,1766708169758
1,5.0,1766708170946
1,6.1,1766708171846
1,5.7,1766708172841
1,5.3,1766708173978
1,6.5,1766708174912
1,5.5,1766708175867
2,5.5,1766708176941
2,6.0,1766708177835
2,5.7,1766708178886
2,5.8,1766708179906
2,5.6,1766708180931
2,5.8,1766708181909
2,5.8,1766708182861
2,5.7,1766708183884
2,5.5,1766708184964
2,5.7,1766708185915
2,6.0,1766708186936
2,5.7,1766708187857
2,5.8,1766708188913
2,5.6,1766708189858
2,5.8,1766708190845
2,5.7,1766708191895
2,5.4,1766708192943
2,5.7,1766708193911
2,5.9,1766708194865
2,5.7,1766708195842
2,5.7,1766708196871
2,5.8,1766708197882
2,5.7,1766708198926
2,6.1,1766708199791
2,5.6,1766708200809
2,5.6,1766708201833
2,6.3,1766708202748
2,5.5,1766708203818
2,5.5,1766708204870
2,5.9,1766708205858
2,5.2,1766708206897
2,6.1,1766708207867
2,6.1,1766708208834
2,5.4,1766708209883
2,6.2,1766708210796
2,5.2,1766708211892
2,5.6,1766708212890
2,6.5,1766708213751
2,5.2,1766708214818
2,5.7,1766708215721
2,5.8,1766708216652
2,5.3,1766708217724
2,6.0,1766708218609
2,5.8,1766708219493
2,5.4,1766708220588
2,6.3,1766708221532
2,5.5,1766708222519
2,5.3,1766708223617
2,6.6,1766708224385
2,5.1,1766708225498
2,5.8,1766708226464
2,6.2,1766708227348
2,5.2,1766708228388
2,6.1,1766708229293
2,5.9,1766708230243
2,5.3,1766708231302
2,6.4,1766708232175
2,5.3,1766708233304
2,5.7,1766708234338
2,6.1,1766708235154
2,5.3,1766708236216
2,6.0,1766708237210
2,5.5,1766708238236
2,5.3,1766708239299
2,6.7,1766708240167
2,5.4,1766708241170
2,5.4,1766708242179
2,6.3,1766708243079
2,5.0,1766708244218
2,5.9,1766708245183
2,6.0,1766708246151
2,4.8,1766708247253
2,6.3,1766708248195
2,5.4,1766708249222
2,5.3,1766708250302
2,6.3,1766708251160
2,5.1,1766708252244
2,5.9,1766708253196
2,6.1,1766708254172
2,5.1,1766708255318
2,6.5,1766708256128
2,5.5,1766708257203
2,5.4,1766708258295
2,6.4,1766708259144
2,4.7,1766708260356
2,6.1,1766708261314
2,6.2,1766708262269
2,4.7,1766708263494
2,6.6,1766708264371
2,5.4,1766708265458
2,5.2,1766708266535
2,6.6,1766708267341
2,5.4,1766708268591
2,6.0,1766708269564
2,6.3,1766708270449
2,5.0,1766708271534
2,6.2,1766708272481
2,5.6,1766708273494
2,5.0,1766708274637
2,6.6,1766708275469
2,5.2,1766708276471
2,5.8,1766708277318
2,6.5,1766708278190
2,4.9,1766708279306
2,6.0,1766708280260
2,6.2,1766708281205
2,4.7,1766708282375
2,6.4,1766708283251
2,5.8,1766708284254
2,5.1,1766708285326
2,6.5,1766708286192
2,5.2,1766708287242
2,5.4,1766708288240
2,6.7,1766708289062
2,4.8,1766708290185
2,5.9,1766708291068
2,6.5,1766708291964
2,4.7,1766708293198
2,6.4,1766708294068
2,5.9,1766708295051
2,4.7,1766708296237
2,6.7,1766708297058
2,5.4,1766708298108
2,5.5,1766708299035
2,6.6,1766708299785
2,5.3,1766708300837
2,5.4,1766708301863
2,6.4,1766708302696
2,4.6,1766708303926
2,6.2,1766708304773
2,6.6,1766708305608
2,4.6,1766708306812
2,6.4,1766708307663
2,5.7,1766708308667
2,4.8,1766708309843
2,6.6,1766708310632
2,5.4,1766708311622
2,5.1,1766708312768
2,6.7,1766708313535
2,4.8,1766708314623
2,5.5,1766708315631
2,6.6,1766708316465
2,4.7,1766708317670
2,6.1,1766708318577
2,6.4,1766708319526
2,4.4,1766708320706
2,6.8,1766708321565
2,5.9,1766708322512
2,4.6,1766708323656
2,6.5,1766708324482
2,5.5,1766708325520
2,5.2,1766708326549
2,6.8,1766708327308
2,5.2,1766708328544
2,5.6,1766708329363
2,6.8,1766708330141
2,4.8,1766708331216
2,5.5,1766708332180
2,6.7,1766708332926
2,4.8,1766708334086
2,5.7,1766708335015
2,6.6,1766708335881
2,4.4,1766708337109
2,6.4,1766708338047
2,6.6,1766708338891
2,4.2,1766708339995
2,6.6,1766708340747
2,6.3,1766708341672
2,4.5,1766708342870
2,6.7,1766708343701
2,5.6,1766708344695
2,5.0,1766708345717
2,6.7,1766708346553
2,5.3,1766708347536
2,4.9,1766708348538
2,6.7,1766708349352
2,5.1,1766708350502
2,5.8,1766708351413
2,6.7,1766708352204
2,4.9,1766708353352
2,5.9,1766708354264
2,6.7,1766708355152
2,4.5,1766708356362
2,6.6,1766708357080
2,6.6,1766708357881
2,4.3,1766708359056
2,6.4,1766708359819
2,6.7,1766708360544
2,4.4,1766708361792
2,6.2,1766708362676
2,6.5,1766708363518
2,4.4,1766708364663
2,6.6,1766708365506
2,6.2,1766708366433
2,4.7,1766708367700
2,6.6,1766708368488
2,5.8,1766708369377
2,4.7,1766708370510
2,6.6,1766708371356
2,5.2,1766708372467
2,5.3,1766708373513
2,6.6,1766708374428
2,4.4,1766708375642
2,6.2,1766708376495
2,6.6,1766708377308
2,4.5,1766708378466
2,6.4,1766708379345
2,6.2,1766708380226
2,4.5,1766708381447
2,6.5,1766708382271
2,5.8,1766708383293
2,4.8,1766708384431
2,6.8,1766708385248
2,5.3,1766708386202
2,5.0,1766708387240
2,7.2,1766708388069
2,5.2,1766708389125
2,5.2,1766708390099
2,6.6,1766708390940
2,4.7,1766708392184
2,5.9,1766708393114
2,6.3,1766708393976
2,4.5,1766708395143
2,6.4,1766708396040
2,6.0,1766708396979
2,4.7,1766708398088
2,6.7,1766708398883
2,5.4,1766708400000
2,5.4,1766708400934
2,6.7,1766708401784
2,5.1,1766708402763
2,5.4,1766708403731
2,6.6,1766708404608
2,4.8,1766708405807
2,6.2,1766708406656
2,6.3,1766708407569
2,4.5,1766708408760
2,6.5,1766708409558
2,6.1,1766708410484
2,4.6,1766708411567
2,6.6,1766708412385
2,5.7,1766708413364
2,5.0,1766708414486
2,6.6,1766708415278
2,5.2,1766708416256
2,5.2,1766708417285
2,6.7,1766708418120
2,4.9,1766708419144
2,5.7,1766708420135
2,6.6,1766708420969
2,4.7,1766708422172
2,6.0,1766708423047
2,6.3,1766708423935
2,4.5,1766708425127
2,6.3,1766708426021
2,5.9,1766708427056
2,4.8,1766708428245
2,6.5,1766708429030
2,5.1,1766708430148
2,5.6,1766708431098
2,6.6,1766708431995
2,4.4,1766708433207
2,6.3,1766708434086
2,6.3,1766708434939
2,4.5,1766708436185
2,6.7,1766708436995
2,5.9,1766708437966
2,4.8,1766708439112
2,6.6,1766708439921
2,5.2,1766708441021
2,5.1,1766708442079
2,6.7,1766708442858
2,5.0,1766708443999
2,5.7,1766708444928
2,6.6,1766708445727
2,4.7,1766708446918
2,6.2,1766708447862
2,6.6,1766708448754
2,4.3,1766708449948
2,6.4,1766708450807
2,5.9,1766708451824
2,4.5,1766708452838
2,6.7,1766708453597
2,5.7,1766708454590
2,5.1,1766708455653
2,6.5,1766708456406
2,5.4,1766708457438
2,5.0,1766708458547
2,6.6,1766708459372
2,5.0,1766708460526
2,6.0,1766708461524
2,6.5,1766708462373
2,4.6,1766708463612
2,6.3,1766708464400
2,6.1,1766708465352
2,5.2,1766708466506
2,7.6,1766708467140
2,7.2,1766708467863
2,5.4,1766708468989
2,7.1,1766708469734
2,7.3,1766708470481
2,5.9,1766708471417
2,6.8,1766708472131
2,7.2,1766708472795
2,5.7,1766708473699
2,5.5,1766708474783
2,7.5,1766708475416
2,5.6,1766708476409
2,5.5,1766708477277
2,7.6,1766708477902
2,7.2,1766708478757
2,5.3,1766708479877
2,6.5,1766708480686
2,5.9,1766708481606
2,4.9,1766708482674
2,6.7,1766708483456
2,5.3,1766708484472
2,5.4,1766708485509
2,6.7,1766708486335
2,4.7,1766708487498
2,6.1,1766708488379
2,6.2,1766708489354
2,4.5,1766708490518
2,6.5,1766708491352
2,5.6,1766708492323
2,4.7,1766708493379
2,6.8,1766708494173
2,5.3,1766708495236
2,5.2,1766708496304
2,6.7,1766708497125
2,4.8,1766708498275
2,5.7,1766708499224
2,6.6,1766708500134
2,4.5,1766708501373
2,6.4,1766708502235
2,6.0,1766708503198
2,4.8,1766708504308
2,6.7,1766708505139
2,5.4,1766708506195
2,5.2,1766708507265
2,7.0,1766708508188
2,4.7,1766708509386
2,6.2,1766708510174
2,6.6,1766708511035
2,4.7,1766708512228
2,6.4,1766708513099
2,6.2,1766708514015
2,4.9,1766708515083
2,6.8,1766708515880
2,5.9,1766708516795
2,4.9,1766708517896
2,6.6,1766708518741
2,5.3,1766708519814
2,5.5,1766708520815
2,6.6,1766708521656
2,4.7,1766708522818
2,6.3,1766708523687
2,6.4,1766708524595
2,4.8,1766708525746
2,6.8,1766708526492
2,5.7,1766708527453
2,4.5,1766708528566
2,6.6,1766708529399
2,5.5,1766708530437
2,5.1,1766708531531
2,6.7,1766708532302
2,4.9,1766708533395
2,6.0,1766708534388
2,6.5,1766708535236
2,5.0,1766708536321
2,6.5,1766708537044
2,6.2,1766708537895
2,5.1,1766708539040
2,6.4,1766708539940
2,5.9,1766708540944
2,5.3,1766708542076
2,6.6,1766708542909
2,5.1,1766708544018
2,5.8,1766708544961
2,6.5,1766708545797
2,5.2,1766708546978
2,6.3,1766708547809
2,6.1,1766708548627
2,5.1,1766708549634
2,6.4,1766708550557
2,5.7,1766708551507
2,5.0,1766708552591
2,6.7,1766708553438
2,5.4,1766708554518
2,5.7,1766708555476
2,6.7,1766708556301
2,5.4,1766708557428
2,6.0,1766708558402
2,6.1,1766708559158
2,5.1,1766708560320
2,6.1,1766708561155
2,6.0,1766708562052
2,4.9,1766708563208
2,6.4,1766708564077
2,5.7,1766708565143
2,5.3,1766708566267
2,6.7,1766708567024
2,5.2,1766708568258
2,5.9,1766708569251
2,6.3,1766708570039
2,4.9,1766708571071
2,6.1,1766708571908
2,6.4,1766708572720
2,5.0,1766708573872
2,6.3,1766708574647
2,6.2,1766708575644
2,4.8,1766708576807
2,6.6,1766708577645
2,5.3,1766708578729
2,5.4,1766708579792
2,6.7,1766708580662
2,5.0,1766708581795
2,6.2,1766708582724
2,6.3,1766708583554
2,4.8,1766708584690
2,6.4,1766708585493
2,5.9,1766708586484
2,5.0,1766708587579
2,6.6,1766708588352
2,5.1,1766708589484
2,5.4,1766708590488
2,6.7,1766708591288
2,5.0,1766708592374
2,6.1,1766708593212
2,6.6,1766708594094
2,4.7,1766708595312
2,6.2,1766708596155
2,6.2,1766708597113
2,4.6,1766708598217
2,6.4,1766708599013
2,6.2,1766708599867
2,5.0,1766708600984
2,6.7,1766708601779
2,5.5,1766708602828
2,5.0,1766708603910
2,6.6,1766708604706
2,5.0,1766708605814
2,6.0,1766708606757
2,6.3,1766708607644
2,4.8,1766708608799
2,6.3,1766708609662
2,5.9,1766708610688
2,4.9,1766708611783
2,6.7,1766708612627
2,5.3,1766708613650
2,5.6,1766708614666
2,6.6,1766708615533
2,5.0,1766708616660
2,6.1,1766708617534
2,6.1,1766708618528
2,4.6,1766708619680
2,6.4,1766708620532
2,5.5,1766708621500
2,5.1,1766708622571
2,6.6,1766708623397
2,5.2,1766708624491
2,5.7,1766708625497
2,6.5,1766708626377
2,4.8,1766708627454
2,6.5,1766708628485
2,5.9,1766708629487
2,4.8,1766708630627
2,6.5,1766708631433
2,5.8,1766708632322
2,5.2,1766708633366
2,6.7,1766708634234
2,5.1,1766708635371
2,5.6,1766708636378
2,6.2,1766708637313
2,5.3,1766708638422
2,5.9,1766708639361
2,5.4,1766708640324
2,5.5,1766708641400
2,6.4,1766708642287
2,5.4,1766708643289
2,5.4,1766708644289
2,6.3,1766708645177
2,5.5,1766708646160
2,5.6,1766708647165
2,5.8,1766708648180
2,5.6,1766708649226
2,5.9,1766708650178
2,5.7,1766708651106
2,5.7,1766708652059
2,6.1,1766708652982
2,5.7,1766708654015
2,5.6,1766708655045
2,6.0,1766708655965
2,5.6,1766708656889
2,5.5,1766708657910
2,5.8,1766708658816
2,5.9,1766708659782
2,5.8,1766708660812
2,5.6,1766708661856
2,5.9,1766708662848
2,6.0,1766708663715
2,5.8,1766708664766
2,5.5,1766708665787
2,5.9,1766708666716
2,6.0,1766708667724
2,5.8,1766708668675
2,5.6,1766708669605
2,5.6,1766708670551
2,6.2,1766708671414
2,5.7,1766708672460
2,5.5,1766708673498
2,6.4,1766708674394
2,5.5,1766708675478
2,5.8,1766708676477
2,6.3,1766708677319
2,5.5,1766708678430
2,5.7,1766708679311
2,5.8,1766708680249
2,5.3,1766708681394
2,6.4,1766708682317
2,5.3,1766708683257
2,5.4,1766708684295
2,6.4,1766708685188
2,5.5,1766708686290
2,5.7,1766708687194
2,6.4,1766708688188
2,5.2,1766708689215
2,6.4,1766708690138
2,5.6,1766708691067
2,5.2,1766708692182
2,6.5,1766708693011
2,5.3,1766708694174
2,5.8,1766708695129
2,6.3,1766708696003
2,5.2,1766708697087
2,5.9,1766708698030
2,6.0,1766708699003
2,5.4,1766708700037
2,6.4,1766708700913
2,5.5,1766708701934
2,5.4,1766708702947
2,6.6,1766708703758
2,5.2,1766708704809
2,5.9,1766708705715
2,6.5,1766708706584
2,4.7,1766708707802
2,6.2,1766708708665
2,6.1,1766708709640
2,4.6,1766708710730
2,6.5,1766708711568
2,5.8,1766708712556
2,5.0,1766708713622
2,6.7,1766708714392
2,5.2,1766708715477
2,5.4,1766708716418
2,6.7,1766708717228
2,5.0,1766708718291
2,5.7,1766708719356
2,6.6,1766708720164
2,4.6,1766708721384
2,6.1,1766708722260
2,6.3,1766708723175
2,4.7,1766708724284
2,6.6,1766708725133
2,5.8,1766708726084
2,5.1,1766708727172
2,6.7,1766708727932
2,5.4,1766708728971
2,5.3,1766708730026
2,6.7,1766708730851
2,5.0,1766708731974
2,5.6,1766708732956
2,6.7,1766708733788
2,4.6,1766708734892
2,6.4,1766708735756
2,6.3,1766708736673
2,4.5,1766708737874
2,6.9,1766708738660
2,6.2,1766708739604
2,4.6,1766708740704
2,6.8,1766708741531
2,5.5,1766708742543
2,5.1,1766708743656
2,6.6,1766708744475
2,4.9,1766708745561
2,5.6,1766708746513
2,6.8,1766708747293
2,5.3,1766708748477
2,5.9,1766708749467
2,6.6,1766708750337
2,4.4,1766708751399
2,6.5,1766708752253
2,6.4,1766708753081
2,4.6,1766708754187
2,6.5,1766708754959
2,6.3,1766708755864
2,4.7,1766708757040
2,6.6,1766708757832
2,5.7,1766708758816
2,4.9,1766708759951
2,6.8,1766708760709
2,5.2,1766708761769
2,5.0,1766708762785
2,6.6,1766708763609
2,5.0,1766708764707
2,5.7,1766708765700
2,6.6,1766708766516
2,4.8,1766708767532
2,6.3,1766708768296
2,6.5,1766708769090
2,4.5,1766708770283
2,6.1,1766708771128
2,6.4,1766708772037
2,4.6,1766708773291
2,6.5,1766708774066
2,5.9,1766708775067
2,4.7,1766708776184
2,6.8,1766708777003
2,5.5,1766708778018
2,4.9,1766708779119
2,6.7,1766708779886
2,5.6,1766708780840
2,5.2,1766708781863
2,6.5,1766708782723
2,4.9,1766708783849
2,6.3,1766708784668
2,6.7,1766708785441
2,5.0,1766708786510
2,6.1,1766708787353
2,6.3,1766708788268
2,5.0,1766708789390
2,6.3,1766708790279
2,5.6,1766708791371
2,5.3,1766708792405
2,6.6,1766708793249
2,5.4,1766708794228
2,5.7,1766708795180
2,6.3,1766708795962
2,5.4,1766708797016
2,6.0,1766708797936
2,5.9,1766708798848
2,5.4,1766708799808
2,6.3,1766708800714
2,5.6,1766708801702
2,5.2,1766708802810
2,6.6,1766708803658
2,5.3,1766708804756
2,5.9,1766708805653
2,6.3,1766708806502
2,5.1,1766708807501
2,6.3,1766708808510
2,5.8,1766708809399
2,5.3,1766708810474
2,6.4,1766708811332
2,5.6,1766708812296
2,5.5,1766708813279
2,6.2,1766708814286
2,5.6,1766708815266
2,5.6,1766708816189
2,5.7,1766708817143
2,5.5,1766708818139
2,5.9,1766708819091
2,5.8,1766708819992
2,5.5,1766708821027
2,5.9,1766708822003
2,5.7,1766708822952
2,5.8,1766708823847
2,5.8,1766708824786
2,6.0,1766708825766
2,5.4,1766708826662
2,5.6,1766708827579
2,6.2,1766708828489
2,5.3,1766708829466
2,5.7,1766708830447
2,6.0,1766708831424
2,5.5,1766708832492
2,5.6,1766708833413
2,6.1,1766708834366
2,5.6,1766708835464
2,5.8,1766708836359
2,5.5,1766708837368
2,5.5,1766708838432
2,6.1,1766708839363
2,5.8,1766708840308
2,5.4,1766708841292
2,5.9,1766708842265
2,6.0,1766708843112
2,5.7,1766708844138
2,5.8,1766708845015
2,5.9,1766708845940
2,5.6,1766708846924
2,5.6,1766708847934
2,6.0,1766708848855
2,5.6,1766708849899
2,6.1,1766708850800
2,5.7,1766708851814
2,5.7,1766708852898
2,6.2,1766708853795
2,5.6,1766708854753
2,5.7,1766708855701
2,6.1,1766708856554
2,5.6,1766708857627
2,5.7,1766708858601
2,5.9,1766708859558
2,5.4,1766708860680
2,6.2,1766708861606
2,5.3,1766708862611
2,5.6,1766708863609
2,6.4,1766708864467
2,5.2,1766708865581
2,5.8,1766708866561
2,6.0,1766708867577
2,5.8,1766708868734
2,6.2,1766708869708
2,5.3,1766708870776
2,5.5,1766708871776
2,6.2,1766708872660
2,5.6,1766708873607
2,5.8,1766708874608
2,6.0,1766708875491
2,5.9,1766708876445
2,5.6,1766708877429
2,5.5,1766708878483
2,5.8,1766708879443
2,5.8,1766708880500
2,6.0,1766708881440
2,5.6,1766708882484
2,5.4,1766708883565
2,6.5,1766708884380
2,5.5,1766708885385
2,5.6,1766708886422
2,6.1,1766708887330
2,5.6,1766708888303
2,6.0,1766708889272
2,5.5,1766708890312
2,5.7,1766708891284
2,5.9,1766708892282
2,5.6,1766708893368
2,5.7,1766708894411
2,6.0,1766708895401
2,5.3,1766708896486
2,6.2,1766708897384
2,5.8,1766708898332
2,5.4,1766708899389
2,6.1,1766708900345
2,5.6,1766708901274
2,5.6,1766708902272
2,5.9,1766708903253
2,6.0,1766708904177
2,5.6,1766708905210
2,5.7,1766708906217
2,6.0,1766708907195
2,5.8,1766708908221
2,6.1,1766708909075
2,5.6,1766708909941
2,5.6,1766708910949
2,6.3,1766708911808
2,5.4,1766708912901
2,5.6,1766708913977
2,6.4,1766708914801
2,5.3,1766708915920
2,6.1,1766708916809
2,6.0,1766708917804
2,5.3,1766708918847
2,6.3,1766708919622
2,5.7,1766708920668
2,5.1,1766708921747
2,6.5,1766708922651
2,5.6,1766708923692
2,5.6,1766708924702
2,6.0,1766708925630
2,5.7,1766708926692
2,6.2,1766708927634
2,5.9,1766708928707
2,5.8,1766708929675
2,6.1,1766708930544
2,5.8,1766708931414
2,5.6,1766708932420
2,6.1,1766708933328
2,5.5,1766708934434
2,5.8,1766708935376
2,5.8,1766708936228
2,5.8,1766708937294
2,5.8,1766708938312
2,5.4,1766708939304
2,5.9,1766708940234
2,6.1,1766708941244
2,5.8,1766708942226
2,5.6,1766708943267
2,6.0,1766708944268
2,6.0,1766708945206
2,5.4,1766708946133
2,5.8,1766708947178
2,6.0,1766708948059
2,5.6,1766708949068
2,5.8,1766708950028
2,5.6,1766708950958
2,5.9,1766708951864
2,5.7,1766708952904
2,5.6,1766708953914
2,5.8,1766708954891
2,6.0,1766708955885
2,5.8,1766708956838
2,5.4,1766708957870
2,5.7,1766708958787
2,6.2,1766708959705
2,5.5,1766708960743
2,5.7,1766708961672
2,6.0,1766708962596
2,5.6,1766708963584
2,5.9,1766708964578
2,5.5,1766708965492
2,5.9,1766708966405
2,5.7,1766708967363
2,5.7,1766708968282
2,6.0,1766708969251
2,5.6,1766708970327
2,5.8,1766708971284
2,5.4,1766708972309
2,5.8,1766708973225
2,6.1,1766708974077
2,5.7,1766708975187
2,5.7,1766708976169
2,6.1,1766708977071
2,6.1,1766708978032
2,5.5,1766708979057
2,5.7,1766708980035
2,6.0,1766708980938
2,5.4,1766708981958
2,5.9,1766708982943
2,5.8,1766708983960
2,5.8,1766708984962
2,6.0,1766708985874
2,5.7,1766708986807
2,5.6,1766708987968
2,6.7,1766708988845
2,5.3,1766708990014
2,5.7,1766708990987
2,6.0,1766708991860
2,5.4,1766708992988
2,6.2,1766708993887
2,5.8,1766708994864
2,5.5,1766708995899
2,6.0,1766708996860
2,5.6,1766708997861
2,5.5,1766708998877
2,6.1,1766708999842
2,5.5,1766709000888
2,5.7,1766709001891
2,5.6,1766709002791
2,6.0,1766709003776
2,5.8,1766709004754
2,6.0,1766709005685
2,5.7,1766709006709
2,5.3,1766709007752
2,6.3,1766709008559
2,5.6,1766709009599
2,5.5,1766709010666
2,6.0,1766709011496
2,5.4,1766709012476
2,5.8,1766709013306
2,6.6,1766709014114
2,5.3,1766709015231
2,6.1,1766709016093
2,6.1,1766709017022
2,4.9,1766709018126
2,6.5,1766709018974
2,5.7,1766709019996
2,5.1,1766709021061
2,6.8,1766709021877
2,5.2,1766709022874
2,5.5,1766709023932
2,6.4,1766709024761
2,4.8,1766709025954
2,6.2,1766709026830
2,6.1,1766709027747
2,4.8,1766709028875
2,6.5,1766709029731
2,5.5,1766709030718
2,5.4,1766709031695
2,6.6,1766709032523
2,5.4,1766709033492
2,5.6,1766709034524
2,6.1,1766709035482
2,5.3,1766709036549
2,5.9,1766709037399
2,6.0,1766709038295
2,5.4,1766709039386
2,6.4,1766709040246
2,5.6,1766709041174
2,5.3,1766709042207
2,6.6,1766709042989
2,5.4,1766709044015
2,5.6,1766709044942
2,6.2,1766709045828
2,5.3,1766709046874
2,6.2,1766709047854
2,6.2,1766709048818
2,5.2,1766709049852
2,6.3,1766709050722
2,5.4,1766709051808
2,5.9,1766709052868
2,6.2,1766709053713
2,5.4,1766709054824
2,6.2,1766709055753
2,5.8,1766709056700
2,5.5,1766709057693
2,6.4,1766709058576
2,5.6,1766709059635
2,5.3,1766709060687
2,6.6,1766709061494
2,5.4,1766709062528
2,5.5,1766709063570
2,6.3,1766709064457
2,5.2,1766709065644
2,6.2,1766709066521
2,6.1,1766709067463
2,4.9,1766709068451
2,6.7,1766709069232
2,6.2,1766709070119
2,5.3,1766709070976
2,6.7,1766709071822
2,5.0,1766709072899
2,5.3,1766709073868
2,6.7,1766709074680
2,4.6,1766709075798
2,5.9,1766709076713
2,6.5,1766709077564
2,4.8,1766709078752
2,6.4,1766709079613
2,6.1,1766709080534
2,4.8,1766709081638
2,6.6,1766709082428
2,5.5,1766709083374
2,5.2,1766709084497
2,6.5,1766709085348
2,4.9,1766709086451
2,5.9,1766709087322
3,6.6,1766709088164
3,4.8,1766709089297
3,6.0,1766709090214
3,6.4,1766709091115
3,4.5,1766709092258
3,6.2,1766709093020
3,6.1,1766709093965
3,4.8,1766709095113
3,6.6,1766709095939
3,5.7,1766709096931
3,5.0,1766709098052
3,6.5,1766709098847
3,5.1,1766709099951
3,5.6,1766709100944
3,6.6,1766709101810
3,4.6,1766709102970
3,6.5,1766709103850
3,6.3,1766709104662
3,4.6,1766709105912
3,6.7,1766709106776
3,5.7,1766709107852
3,5.4,1766709108921
3,6.5,1766709109716
3,5.2,1766709110739
3,5.3,1766709111699
3,6.7,1766709112492
3,5.0,1766709113604
3,5.5,1766709114620
3,6.6,1766709115462
3,4.7,1766709116607
3,6.2,1766709117508
3,6.4,1766709118390
3,4.4,1766709119590
3,6.5,1766709120430
3,6.1,1766709121303
3,4.9,1766709122358
3,6.7,1766709123169
3,5.4,1766709124161
3,5.1,1766709125254
3,6.6,1766709125982
3,5.1,1766709126976
3,5.7,1766709127925
3,6.9,1766709128722
3,5.1,1766709129761
3,5.7,1766709130733
3,6.6,1766709131566
3,4.6,1766709132665
3,6.1,1766709133535
3,6.3,1766709134371
3,4.6,1766709135542
3,7.5,1766709136218
3,7.6,1766709136869
3,6.1,1766709137874
3,6.9,1766709138748
3,7.2,1766709139410
3,6.4,1766709140238
3,6.0,1766709141253
3,7.4,1766709141904
3,7.2,1766709142615
3,5.4,1766709143647
3,6.9,1766709144400
3,7.4,1766709145146
3,5.2,1766709146092
3,6.1,1766709146797
3,7.4,1766709147357
3,6.9,1766709148077
3,6.2,1766709148836
3,7.7,1766709149465
3,7.9,1766709150137
3,5.9,1766709151154
3,6.9,1766709151991
3,7.8,1766709152673
3,6.3,1766709153704
3,6.9,1766709154617
3,7.8,1766709155312
3,6.5,1766709156237
3,6.5,1766709157198
3,7.4,1766709157973
3,6.6,1766709158839
3,6.2,1766709159832
3,7.5,1766709160465
3,6.9,1766709161183
3,5.9,1766709162272
3,7.0,1766709163077
3,7.3,1766709163902
3,5.0,1766709165167
3,6.8,1766709166068
3,6.9,1766709166818
3,5.8,1766709167904
3,7.2,1766709168754
3,6.9,1766709169575
3,5.5,1766709170757
3,7.2,1766709171532
3,6.5,1766709172421
3,5.4,1766709173549
3,7.7,1766709174246
3,6.4,1766709175160
3,4.9,1766709176305
3,7.9,1766709176961
3,7.2,1766709177719
3,4.6,1766709178860
3,7.7,1766709179511
3,7.6,1766709180247
3,4.8,1766709181439
3,7.3,1766709182185
3,7.5,1766709182898
3,4.9,1766709184080
3,7.1,1766709184833
3,7.8,1766709185439
3,5.1,1766709186641
3,6.2,1766709187471
3,7.8,1766709188195
3,5.4,1766709189151
3,5.5,1766709190085
3,7.7,1766709190786
3,6.5,1766709191601
3,4.8,1766709192833
3,7.8,1766709193526
3,6.9,1766709194377
3,4.7,1766709195597
3,7.5,1766709196263
3,7.0,1766709197145
3,4.6,1766709198312
3,7.7,1766709198965
3,7.3,1766709199783
3,4.5,1766709201087
3,7.5,1766709201749
3,7.6,1766709202517
3,4.5,1766709203668
3,7.0,1766709204449
3,7.8,1766709205128
3,5.0,1766709206330
3,6.3,1766709207111
3,7.7,1766709207792
3,5.3,1766709208945
3,5.9,1766709209909
3,7.5,1766709210588
3,5.9,1766709211519
3,5.3,1766709212577
3,7.8,1766709213254
3,6.3,1766709214222
3,5.0,1766709215257
3,7.5,1766709215927
3,6.7,1766709216790
3,4.6,1766709218029
3,8.0,1766709218705
3,7.2,1766709219528
3,4.7,1766709220756
3,7.6,1766709221426
3,7.2,1766709222194
3,5.0,1766709223572
3,7.6,1766709224189
3,7.3,1766709224891
3,4.6,1766709226192
3,7.4,1766709226925
3,7.9,1766709227747
3,4.8,1766709228924
3,7.6,1766709229626
3,7.7,1766709230368
3,4.5,1766709231540
3,7.2,1766709232301
3,7.5,1766709232999
3,4.8,1766709234329
3,7.0,1766709235111
3,7.8,1766709235822
3,4.9,1766709236968
3,7.0,1766709237644
3,7.6,1766709238325
3,5.2,1766709239380
3,5.9,1766709240349
3,7.7,1766709241019
3,6.0,1766709241903
3,5.3,1766709242953
3,7.7,1766709243633
3,6.5,1766709244454
3,5.0,1766709245555
3,7.8,1766709246257
3,7.1,1766709247056
3,4.7,1766709248204
3,7.7,1766709248936
3,7.1,1766709249776
3,4.6,1766709251042
3,7.7,1766709251711
3,7.5,1766709252535
3,4.6,1766709253746
3,7.8,1766709254441
3,7.6,1766709255211
3,4.5,1766709256458
3,7.3,1766709257165
3,7.7,1766709257805
3,5.0,1766709258966
3,6.5,1766709259816
3,7.8,1766709260523
3,5.1,1766709261703
3,6.1,1766709262620
3,7.7,1766709263317
3,5.5,1766709264390
3,5.8,1766709265364
3,7.5,1766709266014
3,5.7,1766709267052
3,5.7,1766709268024
3,7.8,1766709268701
3,6.0,1766709269717
3,5.3,1766709270630
3,7.8,1766709271297
3,6.5,1766709272212
3,5.0,1766709273369
3,7.5,1766709274012
3,7.3,1766709274765
3,4.7,1766709276044
3,7.7,1766709276737
3,7.3,1766709277544
3,4.5,1766709278764
3,7.7,1766709279412
3,7.5,1766709280156
3,4.5,1766709281286
3,7.3,1766709282111
3,7.5,1766709282838
3,4.8,1766709284116
3,7.3,1766709284870
3,7.4,1766709285595
3,5.0,1766709286692
3,6.9,1766709287388
3,8.4,1766709288147
3,5.1,1766709289250
3,6.3,1766709290095
3,7.6,1766709290819
3,5.4,1766709291816
3,5.9,1766709292773
3,7.7,1766709293460
3,5.3,1766709294579
3,6.0,1766709295492
3,7.7,1766709296130
3,5.9,1766709297147
3,5.4,1766709298180
3,7.7,1766709298874
3,6.2,1766709299810
3,5.0,1766709300981
3,7.9,1766709301668
3,6.4,1766709302526
3,5.0,1766709303648
3,7.8,1766709304317
3,6.5,1766709305241
3,5.1,1766709306472
3,7.6,1766709307108
3,6.8,1766709307930
3,4.9,1766709309044
3,7.7,1766709309732
3,7.0,1766709310587
3,4.9,1766709311808
3,7.4,1766709312521
3,6.6,1766709313479
3,5.3,1766709314624
3,7.6,1766709315327
3,6.2,1766709316283
3,5.4,1766709317413
3,7.5,1766709318157
3,6.2,1766709319208
3,6.1,1766709320239
3,7.2,1766709320942
3,6.0,1766709322011
3,6.1,1766709322976
3,7.1,1766709323744
3,6.2,1766709324705
3,6.1,1766709325453
3,7.0,1766709326339
3,6.3,1766709327280
3,6.4,1766709328258
3,6.8,1766709329065
3,6.1,1766709330107
3,6.9,1766709330960
3,6.4,1766709331875
3,6.3,1766709332881
3,7.2,1766709333666
3,6.2,1766709334626
3,5.9,1766709335745
3,7.3,1766709336550
3,5.8,1766709337679
3,6.3,1766709338573
3,7.2,1766709339374
3,6.1,1766709340429
3,6.2,1766709341378
3,6.9,1766709342307
3,6.1,1766709343311
3,6.9,1766709344187
3,6.6,1766709345029
3,6.2,1766709345979
3,6.7,1766709346778
3,7.0,1766709347662
3,6.5,1766709348660
3,6.8,1766709349539
3,6.6,1766709350421
3,6.2,1766709351372
3,6.7,1766709352218
3,6.0,1766709353282
3,7.0,1766709354097
3,6.9,1766709354861
3,6.0,1766709355961
3,6.7,1766709356835
3,6.5,1766709357767
3,5.7,1766709358887
3,7.3,1766709359634
3,6.8,1766709360510
3,5.5,1766709361598
3,6.9,1766709362483
3,7.1,1766709363330
3,6.2,1766709364315
3,6.4,1766709365118
3,6.8,1766709366001
3,5.5,1766709367132
3,7.2,1766709367971
3,6.6,1766709368817
3,5.7,1766709369936
3,7.4,1766709370647
3,6.8,1766709371500
3,5.5,1766709372522
3,7.2,1766709373326
3,6.8,1766709374200
3,5.6,1766709375283
3,7.0,1766709376102
3,6.8,1766709376850
3,5.6,1766709377958
3,7.2,1766709378756
3,6.3,1766709379688
3,5.7,1766709380782
3,7.2,1766709381589
3,6.0,1766709382592
3,6.3,1766709383546
3,7.3,1766709384285
3,6.0,1766709385285
3,6.5,1766709386210
3,7.0,1766709387072
3,5.9,1766709388114
3,6.5,1766709389060
3,6.9,1766709389907
3,5.8,1766709390888
3,6.8,1766709391755
3,6.9,1766709392569
3,6.1,1766709393520
3,7.1,1766709394308
3,6.7,1766709395149
3,5.8,1766709396198
3,6.8,1766709397055
3,6.8,1766709397918
3,5.8,1766709398900
3,6.7,1766709399754
3,7.0,1766709400633
3,6.0,1766709401561
3,6.9,1766709402500
3,6.5,1766709403359
3,6.1,1766709404309
3,6.8,1766709405160
3,6.1,1766709406144
3,6.3,1766709407000
3,7.3,1766709407898
3,6.2,1766709408794
3,6.6,1766709409695
3,7.0,1766709410621
3,5.5,1766709411648
3,6.9,1766709412519
3,7.1,1766709413378
3,5.8,1766709414528
3,6.6,1766709415425
3,7.4,1766709416138
3,5.6,1766709417274
3,6.5,1766709418086
3,7.4,1766709418852
3,5.6,1766709419959
3,6.6,1766709420861
3,6.8,1766709421759
3,6.2,1766709422844
3,6.8,1766709423682
3,6.7,1766709424513
3,6.4,1766709425520
3,6.6,1766709426422
3,6.2,1766709427339
3,6.6,1766709428210
3,6.8,1766709428991
3,6.3,1766709429907
3,6.5,1766709430847
3,6.6,1766709431791
3,6.2,1766709432767
3,6.5,1766709433682
3,6.6,1766709434524
3,6.5,1766709435477
3,6.5,1766709436424
3,6.6,1766709437251
3,6.7,1766709438009
3,6.9,1766709438968
3,6.1,1766709440003
3,6.4,1766709440790
3,6.9,1766709441603
3,5.8,1766709442722
3,6.7,1766709443565
3,6.8,1766709444491
3,5.9,1766709445555
3,6.8,1766709446446
3,6.8,1766709447336
3,6.0,1766709448272
3,6.9,1766709449110
3,6.5,1766709449925
3,6.2,1766709450915
3,6.7,1766709451804
3,6.4,1766709452694
3,6.3,1766709453658
3,7.1,1766709454510
3,5.9,1766709455498
3,6.5,1766709456429
3,6.9,1766709457297
3,5.8,1766709458326
3,7.0,1766709459070
3,6.8,1766709460072
3,5.5,1766709461180
3,6.8,1766709462039
3,7.0,1766709462906
3,6.0,1766709463976
3,6.9,1766709464837
3,6.7,1766709465689
3,6.2,1766709466560
3,7.0,1766709467463
3,6.5,1766709468526
3,6.7,1766709469436
3,6.4,1766709470316
3,6.6,1766709471322
3,7.0,1766709472179
3,6.0,1766709473113
3,6.4,1766709474007
3,7.5,1766709474721
3,6.0,1766709475649
3,6.1,1766709476703
3,7.4,1766709477489
3,6.1,1766709478598
3,6.2,1766709479483
3,7.4,1766709480242
3,6.0,1766709481189
3,6.4,1766709482104
3,7.2,1766709482900
3,5.7,1766709484082
3,6.7,1766709484906
3,7.2,1766709485733
3,5.7,1766709486634
3,6.6,1766709487440
3,7.3,1766709488326
3,5.6,1766709489328
3,6.9,1766709490092
3,6.9,1766709490928
3,5.9,1766709491934
3,6.9,1766709492771
3,6.9,1766709493622
3,5.9,1766709494614
3,7.0,1766709495454
3,6.3,1766709496516
3,6.2,1766709497501
3,7.0,1766709498368
3,5.8,1766709499496
3,6.9,1766709500270
3,7.2,1766709501040
3,5.7,1766709502148
3,7.2,1766709502952
3,6.9,1766709503779
3,5.4,1766709504854
3,7.2,1766709505658
3,6.6,1766709506606
3,5.3,1766709507656
3,7.8,1766709508280
3,6.6,1766709509192
3,5.2,1766709510313
3,7.5,1766709511020
3,7.2,1766709511677
3,5.6,1766709512711
3,7.0,1766709513482
3,7.4,1766709514228
3,5.5,1766709515315
3,6.6,1766709516135
3,6.9,1766709516963
3,5.5,1766709518192
3,7.2,1766709519017
3,6.9,1766709519839
3,5.3,1766709520987
3,7.4,1766709521747
3,6.4,1766709522778
3,5.8,1766709523896
3,7.5,1766709524613
3,6.4,1766709525610
3,5.9,1766709526612
3,7.3,1766709527361
3,6.5,1766709528464
3,6.2,1766709529374
3,7.2,1766709530192
3,5.8,1766709531204
3,6.3,1766709532071
3,7.2,1766709532837
3,5.6,1766709533900
3,6.3,1766709534808
3,7.2,1766709535648
3,5.7,1766709536753
3,6.6,1766709537582
3,7.1,1766709538426
3,5.5,1766709539515
3,6.9,1766709540353
3,7.2,1766709541065
3,5.4,1766709542185
3,6.7,1766709543048
3,7.3,1766709543855
3,5.3,1766709544938
3,7.1,1766709545689
3,7.2,1766709546462
3,5.0,1766709547690
3,7.0,1766709548449
3,7.5,1766709549127
3,5.0,1766709550418
3,7.2,1766709551174
3,7.6,1766709551861
3,5.0,1766709553123
3,7.1,1766709553933
3,7.5,1766709554673
3,5.0,1766709555952
3,7.1,1766709556747
3,7.3,1766709557442
3,5.0,1766709558632
3,7.2,1766709559416
3,7.4,1766709560180
3,4.9,1766709561487
3,7.2,1766709562249
3,7.5,1766709563014
3,4.9,1766709564253
3,7.0,1766709565059
3,7.1,1766709565920
3,5.0,1766709567170
3,7.1,1766709567933
3,6.8,1766709568749
3,5.2,1766709569945
3,7.5,1766709570682
3,7.2,1766709571484
3,4.9,1766709572744
3,7.5,1766709573448
3,6.9,1766709574339
3,5.1,1766709575459
3,7.6,1766709576158
3,6.9,1766709577038
3,4.9,1766709578226
3,7.9,1766709578892
3,7.2,1766709579668
3,5.0,1766709580898
3,7.7,1766709581586
3,6.9,1766709582425
3,5.2,1766709583611
3,7.6,1766709584300
3,6.4,1766709585273
3,5.2,1766709586456
3,7.8,1766709587098
3,6.8,1766709588107
3,5.8,1766709589152
3,7.5,1766709589799
3,6.5,1766709590685
3,5.2,1766709591840
3,7.8,1766709592489
3,6.7,1766709593357
3,4.8,1766709594539
3,7.8,1766709595196
3,7.5,1766709595923
3,4.3,1766709597170
3,7.6,1766709597814
3,7.7,1766709598340
3,5.5,1766709599394
3,5.8,1766709600411
3,7.6,1766709601096
3,5.3,1766709602167
3,5.7,1766709603150
3,7.7,1766709603835
3,6.1,1766709604790
3,4.9,1766709605853
3,7.6,1766709606518
3,6.7,1766709607405
3,4.7,1766709608615
3,7.7,1766709609333
3,6.8,1766709610211
3,4.6,1766709611335
3,7.8,1766709612042
3,7.5,1766709612801
3,4.2,1766709614113
3,7.6,1766709614792
3,7.5,1766709615516
3,4.6,1766709616671
3,7.4,1766709617332
3,7.8,1766709617996
3,5.1,1766709619254
3,6.3,1766709620086
3,7.7,1766709620763
3,5.3,1766709621825
3,6.1,1766709622716
3,7.8,1766709623378
3,5.9,1766709624273
3,5.2,1766709625335
3,7.7,1766709626067
3,6.3,1766709626955
3,4.9,1766709628113
3,7.6,1766709628701
3,7.3,1766709629396
3,4.6,1766709630683
3,7.7,1766709631326
3,7.8,1766709632041
3,4.6,1766709633230
3,6.9,1766709633985
3,7.7,1766709634666
3,5.1,1766709635742
3,6.2,1766709636643
3,7.7,1766709637356
3,5.3,1766709638476
3,6.0,1766709639440
3,7.7,1766709640125
3,5.6,1766709641225
3,5.8,1766709642200
3,7.5,1766709642871
3,6.0,1766709643822
3,5.2,1766709644891
3,7.7,1766709645563
3,6.9,1766709646373
3,5.0,1766709647529
3,8.4,1766709648254
3,7.0,1766709649013
3,4.6,1766709650265
3,7.4,1766709650946
3,7.5,1766709651699
3,4.2,1766709652863
3,7.6,1766709653508
3,7.7,1766709654186
3,5.1,1766709655265
3,6.0,1766709656097
3,7.7,1766709656778
3,5.8,1766709657778
3,5.5,1766709658766
3,7.7,1766709659470
3,6.1,1766709660332
3,5.0,1766709661461
3,7.7,1766709662173
3,6.7,1766709663011
3,4.8,1766709664273
3,7.6,1766709664954
3,7.1,1766709665741
3,4.5,1766709667020
3,7.9,1766709667681
3,7.7,1766709668401
3,4.4,1766709669734
3,7.6,1766709670421
3,7.8,1766709671120
3,4.7,1766709672346
3,6.7,1766709673160
3,7.8,1766709673819
3,5.3,1766709674956
3,6.3,1766709675726
3,7.7,1766709676444
3,5.5,1766709677482
3,5.4,1766709678371
3,7.8,1766709679033
3,6.3,1766709679985
3,4.9,1766709681079
3,7.7,1766709681772
3,6.7,1766709682633
3,4.7,1766709683930
3,7.8,1766709684612
3,7.8,1766709685257
3,4.3,1766709686469
3,7.7,1766709687216
3,7.6,1766709687992
3,4.4,1766709689244
3,7.3,1766709689961
3,7.8,1766709690589
3,5.0,1766709691807
3,6.5,1766709692640
3,7.8,1766709693323
3,5.3,1766709694470
3,5.8,1766709695358
3,7.7,1766709696041
3,5.9,1766709696970
3,5.1,1766709698028
3,7.9,1766709698669
3,6.9,1766709699502
3,4.6,1766709700740
3,7.8,1766709701339
3,7.7,1766709701921
3,4.9,1766709703015
3,6.3,1766709703905
3,7.7,1766709704586
3,5.5,1766709705668
3,5.9,1766709706546
3,7.8,1766709707250
3,5.8,1766709708474
3,5.8,1766709709412
3,7.6,1766709710099
3,6.0,1766709710931
3,4.9,1766709712048
3,7.9,1766709712670
3,7.7,1766709713365
3,4.4,1766709714600
3,7.5,1766709715258
3,7.5,1766709715954
3,4.9,1766709717142
3,6.5,1766709717907
3,7.7,1766709718595
3,5.4,1766709719722
3,5.9,1766709720674
3,7.7,1766709721344
3,5.7,1766709722412
3,5.6,1766709723426
3,7.8,1766709724078
3,6.0,1766709725120
3,5.4,1766709726135
3,7.8,1766709726792
3,6.5,1766709727668
3,4.9,1766709728877
3,7.7,1766709729517
3,7.1,1766709730344
3,4.8,1766709731421
3,7.7,1766709732112
3,7.1,1766709732978
3,4.5,1766709734169
3,7.7,1766709734820
3,7.7,1766709735548
3,4.5,1766709736659
3,6.6,1766709737377
3,7.7,1766709738010
3,5.7,1766709739020
3,5.5,1766709739939
3,7.8,1766709740600
3,6.5,1766709741502
3,4.8,1766709742710
3,7.6,1766709743403
3,6.9,1766709744193
3,4.6,1766709745417
3,7.8,1766709746081
3,7.4,1766709746877
3,4.4,1766709748051
3,7.4,1766709748778
3,7.6,1766709749519
3,4.7,1766709750745
3,7.2,1766709751517
3,7.5,1766709752252
3,4.8,1766709753386
3,7.1,1766709754131
3,7.8,1766709754791
3,5.1,1766709755908
3,6.6,1766709756680
3,7.8,1766709757379
3,5.2,1766709758569
3,6.2,1766709759409
3,7.8,1766709760066
3,6.0,1766709761057
3,5.3,1766709762030
3,7.6,1766709762763
3,5.9,1766709763824
3,5.2,1766709764804
3,7.7,1766709765516
3,6.7,1766709766299
3,4.8,1766709767383
3,8.5,1766709768106
3,7.5,1766709768874
3,4.9,1766709770041
3,7.6,1766709770725
3,7.2,1766709771569
3,4.9,1766709772816
3,7.8,1766709773509
3,7.0,1766709774280
3,4.7,1766709775436
3,7.8,1766709776135
3,8.3,1766709776748
3,6.0,1766709777879
3,7.5,1766709778632
3,8.5,1766709779271
3,6.5,1766709780267
3,7.2,1766709781163
3,8.4,1766709781748
3,7.7,1766709782564
3,6.3,1766709783670
3,8.4,1766709784275
3,8.0,1766709784969
3,6.3,1766709786083
3,8.0,1766709786709
3,7.4,1766709787375
3,5.4,1766709788274
3,5.6,1766709789191
3,7.3,1766709789740
3,6.6,1766709790455
3,5.1,1766709791444
3,6.7,1766709792146
3,7.2,1766709792712
3,5.6,1766709793532
3,5.4,1766709794433
3,7.1,1766709795043
3,6.8,1766709795724
3,5.4,1766709796696
3,6.6,1766709797375
3,7.1,1766709797924
3,6.0,1766709798621
3,5.7,1766709799457
3,6.7,1766709800188
3,6.6,1766709800905
3,5.7,1766709801846
3,6.3,1766709802575
3,7.2,1766709803265
3,5.6,1766709804165
3,6.6,1766709804835
3,6.7,1766709805595
3,6.3,1766709806387
3,5.9,1766709807266
3,6.3,1766709808024
3,6.8,1766709808735
3,5.7,1766709809653
3,6.8,1766709810339
3,6.5,1766709811130
3,5.4,1766709812085
3,7.0,1766709812731
3,6.4,1766709813540
3,5.4,1766709814434
3,6.7,1766709815198
3,6.4,1766709815926
3,6.8,1766709816572
3,5.5,1766709817408
3,7.1,1766709818061
3,6.3,1766709818921
3,5.7,1766709819926
3,6.9,1766709820586
3,6.4,1766709821408
3,5.7,1766709822377
3,6.7,1766709823081
3,6.9,1766709823737
3,6.1,1766709824565
3,6.2,1766709825391
3,6.9,1766709826069
3,5.8,1766709826958
3,6.4,1766709827894
3,7.4,1766709828641
3,5.9,1766709829539
3,6.1,1766709830455
3,6.7,1766709831049
3,6.8,1766709831769
3,5.4,1766709832764
3,6.4,1766709833548
3,6.7,1766709834159
3,5.8,1766709835108
3,6.3,1766709835918
3,7.1,1766709836554
3,5.8,1766709837408
3,6.1,1766709838226
3,6.6,1766709838890
3,6.2,1766709839701
3,5.8,1766709840523
3,6.3,1766709841230
3,6.8,1766709841924
3,5.6,1766709842870
3,6.3,1766709843658
3,7.0,1766709844369
3,5.7,1766709845290
3,6.4,1766709846061
3,6.8,1766709846778
3,5.8,1766709847643
3,5.9,1766709848523
3,6.6,1766709849251
3,6.4,1766709850050
3,5.8,1766709850914
3,6.3,1766709851670
3,7.1,1766709852296
3,5.4,1766709853298
3,6.4,1766709854065
3,7.0,1766709854744
3,6.0,1766709855534
3,6.1,1766709856421
3,6.4,1766709857170
3,6.5,1766709857896
3,5.9,1766709858787
3,6.4,1766709859537
3,7.1,1766709860181
3,5.6,1766709861041
3,6.5,1766709861729
3,6.5,1766709862437
3,5.9,1766709863263
3,6.1,1766709864086
3,6.3,1766709864906
3,6.6,1766709865648
3,5.7,1766709866545
3,6.6,1766709867292
3,6.4,1766709868137
3,5.7,1766709868992
3,6.9,1766709869724
3,6.1,1766709870626
3,5.9,1766709871411
3,6.8,1766709872103
3,5.8,1766709872979
3,5.8,1766709873890
3,6.9,1766709874547
3,6.6,1766709875305
3,5.8,1766709876267
3,6.4,1766709877068
3,6.8,1766709877740
3,5.6,1766709878709
3,6.2,1766709879509
3,7.1,1766709880107
3,6.0,1766709880961
3,5.8,1766709881929
3,6.9,1766709882597
3,6.2,1766709883437
3,5.7,1766709884361
3,6.5,1766709885099
3,6.9,1766709885775
3,5.5,1766709886744
3,6.3,1766709887653
3,7.6,1766709888342
3,5.7,1766709889333
3,6.1,1766709890183
3,7.1,1766709890823
3,5.6,1766709891828
3,6.4,1766709892594
3,7.0,1766709893253
3,6.3,1766709893976
3,6.0,1766709894835
3,6.2,1766709895559
3,7.0,1766709896170
3,5.3,1766709897306
3,6.4,1766709898130
3,7.2,1766709898682
3,5.9,1766709899580
3,6.2,1766709900420
3,6.9,1766709901037
3,6.9,1766709901696
3,5.4,1766709902737
3,6.3,1766709903497
3,7.3,1766709904082
3,5.5,1766709905006
3,6.5,1766709905792
3,6.6,1766709906473
3,5.9,1766709907245
3,6.1,1766709908076
3,6.4,1766709908894
3,6.3,1766709909655
3,6.1,1766709910506
3,6.6,1766709911256
3,6.4,1766709912089
3,5.8,1766709912985
4,6.9,1766709913634
4,6.2,1766709914521
4,5.8,1766709915381
4,7.1,1766709916049
4,6.6,1766709916720
4,5.7,1766709917687
4,6.2,1766709918417
4,7.3,1766709918984
4,5.7,1766709919833
4,5.9,1766709920711
4,7.1,1766709921336
4,6.5,1766709922114
4,5.1,1766709923005
4,6.8,1766709923573
4,7.4,1766709924179
4,5.5,1766709925088
4,6.1,1766709925902
4,7.1,1766709926592
4,6.0,1766709927413
4,5.5,1766709928355
4,7.0,1766709928952
4,7.3,1766709929566
4,5.0,1766709930543
4,6.3,1766709931257
4,7.3,1766709931849
4,5.7,1766709932719
4,5.1,1766709933710
4,7.4,1766709934272
4,6.8,1766709934954
4,4.5,1766709936164
4,7.1,1766709936774
4,7.2,1766709937377
4,5.0,1766709938361
4,5.9,1766709939212
4,7.3,1766709939757
4,6.6,1766709940504
4,4.8,1766709941602
4,7.3,1766709942198
4,7.1,1766709942836
4,4.8,1766709943903
4,6.1,1766709944667
4,7.1,1766709945280
4,5.8,1766709946134
4,5.4,1766709947098
4,7.2,1766709947630
4,7.3,1766709948365
4,5.0,1766709949421
4,6.9,1766709950064
4,6.7,1766709950741
4,5.6,1766709951663
4,6.1,1766709952443
4,7.1,1766709953039
4,6.0,1766709953865
4,5.2,1766709954823
4,7.3,1766709955444
4,6.1,1766709956177
4,5.7,1766709957050
4,6.4,1766709957826
4,6.7,1766709958500
4,6.3,1766709959295
4,6.0,1766709960213
4,6.7,1766709960864
4,6.3,1766709961699
4,5.8,1766709962550
4,7.0,1766709963133
4,6.3,1766709963878
4,5.4,1766709964821
4,6.8,1766709965547
4,6.6,1766709966313
4,5.8,1766709967206
4,6.3,1766709968051
4,6.5,1766709968795
4,6.2,1766709969529
4,6.2,1766709970327
4,6.3,1766709971108
4,6.4,1766709971876
4,6.2,1766709972736
4,6.7,1766709973511
4,6.2,1766709974344
4,6.2,1766709975228
4,6.3,1766709976011
4,6.5,1766709976822
4,6.1,1766709977694
4,6.5,1766709978494
4,6.3,1766709979298
4,6.4,1766709980029
4,6.0,1766709980919
4,6.6,1766709981655
4,6.2,1766709982457
4,6.1,1766709983352
4,6.4,1766709984150
4,6.8,1766709984806
4,6.2,1766709985636
4,5.9,1766709986518
4,6.7,1766709987211
4,6.6,1766709988065
4,5.8,1766709988970
4,6.6,1766709989713
4,6.3,1766709990389
4,6.2,1766709991204
4,6.0,1766709992148
4,6.5,1766709992918
4,6.6,1766709993713
4,5.6,1766709994666
4,6.7,1766709995401
4,6.8,1766709996178
4,5.2,1766709997041
4,6.9,1766709997686
4,6.6,1766709998484
4,5.5,1766709999318
4,6.8,1766709999968
4,6.4,1766710000730
4,6.0,1766710001595
4,6.0,1766710002406
4,6.9,1766710003020
4,6.3,1766710003918
4,5.6,1766710004801
4,7.1,1766710005391
4,6.3,1766710006160
4,5.4,1766710007127
4,7.3,1766710007838
4,6.4,1766710008715
4,5.2,1766710009766
4,7.1,1766710010379
4,6.7,1766710011080
4,5.1,1766710012170
4,6.7,1766710012807
4,7.0,1766710013500
4,5.6,1766710014479
4,6.1,1766710015273
4,7.3,1766710015851
4,5.9,1766710016676
4,5.2,1766710017699
4,7.1,1766710018272
4,7.0,1766710018958
4,4.7,1766710020037
4,6.7,1766710020698
4,7.1,1766710021235
4,5.6,1766710022087
4,5.0,1766710023062
4,7.3,1766710023632
4,7.2,1766710024246
4,4.5,1766710025360
4,6.6,1766710026051
4,7.2,1766710026624
4,5.7,1766710027450
4,4.9,1766710028417
4,7.3,1766710028989
4,7.3,1766710029551
4,4.4,1766710030603
4,6.2,1766710031293
4,7.1,1766710031849
4,6.5,1766710032603
4,4.5,1766710033706
4,7.2,1766710034296
4,7.1,1766710034912
4,4.8,1766710035910
4,6.1,1766710036655
4,7.3,1766710037232
4,6.6,1766710037925
4,4.2,1766710039091
4,7.3,1766710039660
4,7.2,1766710040280
4,4.9,1766710041294
4,5.9,1766710042086
4,7.3,1766710042635
4,6.9,1766710043277
4,4.5,1766710044400
4,7.1,1766710045016
4,7.2,1766710045638
4,4.6,1766710046729
4,6.3,1766710047414
4,7.2,1766710047925
4,6.8,1766710048581
4,4.6,1766710049723
4,7.2,1766710050324
4,7.3,1766710050968
4,4.5,1766710052035
4,6.3,1766710052797
4,7.1,1766710053367
4,5.8,1766710054244
4,5.2,1766710055136
4,7.2,1766710055724
4,7.0,1766710056428
4,4.6,1766710057445
4,6.7,1766710058180
4,7.2,1766710058726
4,5.6,1766710059698
4,5.8,1766710060566
4,7.2,1766710061123
4,6.4,1766710061904
4,5.2,1766710062856
4,6.9,1766710063517
4,7.0,1766710064178
4,5.1,1766710065141
4,6.3,1766710065911
4,7.1,1766710066512
4,5.8,1766710067403
4,6.3,1766710068408
4,7.0,1766710069066
4,6.2,1766710069770
4,6.0,1766710070593
4,6.3,1766710071401
4,6.5,1766710072134
4,6.0,1766710073000
4,6.3,1766710073843
4,6.7,1766710074579
4,6.3,1766710075337
4,6.6,1766710076064
4,6.3,1766710076983
4,6.1,1766710077902
4,6.8,1766710078581
4,6.1,1766710079414
4,6.3,1766710080233
4,6.5,1766710080996
4,5.9,1766710081811
4,6.4,1766710082642
4,6.4,1766710083356
4,6.8,1766710084039
4,5.6,1766710085031
4,6.2,1766710085735
4,7.1,1766710086424
4,5.5,1766710087487
4,6.3,1766710088273
4,6.9,1766710088952
4,5.7,1766710089878
4,6.4,1766710090653
4,6.8,1766710091455
4,5.5,1766710092358
4,6.8,1766710093047
4,6.3,1766710093841
4,6.2,1766710094618
4,5.8,1766710095460
4,6.6,1766710096180
4,6.6,1766710096936
4,5.4,1766710097811
4,6.7,1766710098471
4,6.4,1766710099218
4,5.3,1766710100103
4,6.4,1766710100898
4,6.5,1766710101611
4,6.5,1766710102338
4,5.9,1766710103208
4,6.6,1766710103888
4,6.2,1766710104698
4,5.8,1766710105547
4,6.5,1766710106335
4,6.3,1766710107187
4,6.2,1766710108042
4,6.5,1766710108798
4,6.1,1766710109647
4,6.6,1766710110453
4,6.6,1766710111113
4,6.1,1766710112014
4,6.4,1766710112847
4,6.8,1766710113461
4,6.6,1766710114200
4,6.1,1766710115055
4,6.8,1766710115692
4,6.0,1766710116575
4,5.7,1766710117409
4,6.8,1766710118095
4,7.0,1766710118701
4,5.4,1766710119648
4,6.2,1766710120392
4,7.2,1766710120956
4,6.4,1766710121661
4,4.8,1766710122847
4,7.1,1766710123485
4,6.8,1766710124152
4,5.3,1766710125136
4,6.6,1766710125821
4,6.9,1766710126508
4,5.5,1766710127478
4,6.7,1766710128369
4,7.3,1766710128897
4,6.1,1766710129670
4,5.1,1766710130756
4,7.0,1766710131307
4,6.7,1766710132017
4,5.4,1766710133040
4,6.6,1766710133732
4,6.7,1766710134450
4,5.7,1766710135371
4,6.0,1766710136232
4,6.9,1766710136830
4,6.2,1766710137684
4,5.5,1766710138637
4,6.9,1766710139322
4,6.3,1766710140140
4,5.5,1766710141064
4,7.1,1766710141744
4,6.5,1766710142533
4,5.5,1766710143476
4,6.7,1766710144151
4,7.0,1766710144773
4,5.3,1766710145861
4,6.2,1766710146571
4,7.2,1766710147111
4,6.2,1766710147898
4,4.9,1766710148948
4,7.2,1766710149540
4,7.2,1766710150161
4,4.7,1766710151228
4,6.7,1766710151967
4,7.3,1766710152553
4,5.5,1766710153420
4,5.2,1766710154364
4,7.2,1766710154929
4,6.5,1766710155669
4,4.5,1766710156744
4,7.1,1766710157353
4,7.3,1766710157930
4,5.6,1766710158808
4,5.2,1766710159806
4,7.2,1766710160382
4,6.7,1766710161122
4,4.3,1766710162318
4,7.1,1766710162929
4,7.2,1766710163512
4,4.9,1766710164514
4,5.9,1766710165334
4,7.3,1766710165914
4,6.6,1766710166684
4,4.4,1766710167717
4,7.1,1766710168308
4,7.2,1766710168930
4,4.6,1766710170038
4,6.4,1766710170767
4,7.3,1766710171335
4,6.1,1766710172159
4,4.6,1766710173160
4,7.2,1766710173742
4,7.2,1766710174285
4,4.7,1766710175372
4,6.1,1766710176160
4,7.2,1766710176702
4,6.5,1766710177411
4,4.4,1766710178598
4,7.3,1766710179134
4,7.2,1766710179713
4,4.9,1766710180796
4,6.2,1766710181545
4,7.2,1766710182074
4,6.5,1766710182746
4,4.4,1766710183913
4,7.2,1766710184536
4,7.0,1766710185135
4,4.8,1766710186281
4,6.8,1766710186927
4,7.2,1766710187583
4,5.4,1766710188630
4,5.7,1766710189462
4,7.2,1766710190065
4,6.2,1766710190834
4,4.6,1766710191954
4,7.3,1766710192559
4,7.2,1766710193194
4,4.6,1766710194268
4,6.5,1766710194920
4,7.0,1766710195489
4,5.9,1766710196307
4,4.7,1766710197413
4,7.2,1766710197978
4,7.2,1766710198598
4,4.6,1766710199749
4,6.7,1766710200431
4,7.1,1766710201039
4,5.6,1766710201912
4,5.1,1766710202805
4,7.1,1766710203393
4,7.2,1766710204040
4,4.6,1766710205197
4,7.2,1766710205779
4,7.2,1766710206408
4,5.3,1766710207322
4,5.3,1766710208193
4,7.2,1766710208751
4,7.2,1766710209263
4,4.8,1766710210376
4,6.3,1766710211135
4,6.9,1766710211708
4,5.9,1766710212548
4,5.1,1766710213583
4,7.2,1766710214154
4,7.0,1766710214819
4,4.9,1766710215876
4,6.9,1766710216553
4,7.1,1766710217192
4,4.8,1766710218332
4,6.2,1766710219112
4,7.2,1766710219673
4,6.3,1766710220394
4,4.6,1766710221378
4,7.0,1766710221964
4,7.0,1766710222557
4,5.0,1766710223546
4,5.8,1766710224355
4,7.4,1766710224935
4,6.4,1766710225689
4,4.8,1766710226766
4,7.2,1766710227363
4,7.1,1766710227942
4,4.7,1766710229015
4,6.1,1766710229718
4,7.1,1766710230291
4,6.4,1766710231037
4,5.0,1766710232184
4,7.2,1766710232783
4,7.0,1766710233409
4,5.2,1766710234371
4,6.3,1766710235062
4,7.2,1766710235644
4,6.1,1766710236387
4,5.1,1766710237418
4,7.0,1766710238074
4,6.9,1766710238709
4,5.0,1766710239745
4,6.7,1766710240430
4,7.2,1766710241001
4,5.4,1766710241992
4,5.3,1766710242987
4,7.2,1766710243585
4,6.3,1766710244321
4,4.7,1766710245442
4,7.1,1766710246032
4,7.3,1766710246631
4,5.1,1766710247497
4,6.4,1766710248390
4,7.3,1766710248917
4,6.3,1766710249674
4,5.1,1766710250626
4,6.8,1766710251254
4,7.0,1766710251863
4,4.7,1766710253007
4,6.1,1766710253812
4,7.3,1766710254356
4,6.0,1766710255215
4,4.9,1766710256236
4,7.1,1766710256856
4,6.9,1766710257501
4,4.7,1766710258603
4,6.8,1766710259300
4,7.2,1766710259856
4,5.5,1766710260839
4,5.6,1766710261754
4,7.3,1766710262315
4,6.4,1766710263108
4,5.2,1766710264081
4,7.0,1766710264720
4,7.0,1766710265353
4,5.1,1766710266384
4,6.4,1766710267203
4,7.3,1766710267816
4,5.7,1766710268701
4,5.9,1766710269632
4,7.0,1766710270259
4,6.3,1766710270973
4,5.7,1766710271971
4,6.7,1766710272677
4,6.8,1766710273397
4,6.0,1766710274214
4,6.3,1766710275114
4,6.6,1766710275872
4,6.2,1766710276759
4,6.6,1766710277502
4,6.3,1766710278367
4,6.5,1766710279142
4,6.6,1766710279889
4,6.0,1766710280698
4,6.1,1766710281602
4,6.4,1766710282341
4,6.5,1766710283040
4,5.8,1766710283977
4,6.5,1766710284776
4,7.3,1766710285396
4,5.7,1766710286292
4,6.3,1766710287032
4,6.9,1766710287716
4,6.4,1766710288475
4,5.5,1766710289393
4,6.4,1766710290132
4,7.3,1766710290697
4,5.9,1766710291502
4,6.1,1766710292249
4,6.5,1766710293024
4,6.3,1766710293746
4,5.7,1766710294643
4,6.6,1766710295381
4,7.0,1766710296029
4,5.3,1766710296972
4,6.3,1766710297789
4,6.9,1766710298530
4,5.7,1766710299398
4,6.5,1766710300134
4,6.9,1766710300847
4,5.6,1766710301781
4,6.7,1766710302469
4,6.4,1766710303266
4,6.2,1766710304064
4,6.2,1766710304782
4,6.6,1766710305486
4,5.9,1766710306391
4,6.3,1766710307180
4,7.3,1766710307894
4,6.5,1766710308733
4,5.6,1766710309657
4,6.8,1766710310381
4,6.0,1766710311288
4,5.9,1766710312205
4,7.3,1766710312769
4,6.4,1766710313503
4,5.6,1766710314504
4,6.7,1766710315228
4,6.5,1766710315940
4,5.9,1766710316809
4,6.1,1766710317691
4,6.8,1766710318328
4,5.8,1766710319336
4,6.1,1766710320192
4,7.2,1766710320785
4,5.7,1766710321716
4,5.8,1766710322641
4,6.9,1766710323299
4,6.0,1766710324014
4,5.7,1766710324886
4,6.6,1766710325551
4,7.1,1766710326188
4,5.4,1766710327177
4,6.4,1766710328016
4,6.9,1766710328631
4,5.7,1766710329417
4,6.4,1766710330206
4,6.5,1766710331034
4,5.8,1766710331919
4,6.4,1766710332654
4,6.4,1766710333408
4,6.0,1766710334252
4,5.6,1766710335062
4,6.5,1766710335767
4,6.8,1766710336521
4,5.4,1766710337409
4,7.2,1766710337970
4,6.4,1766710338761
4,5.3,1766710339724
4,6.7,1766710340400
4,6.4,1766710341152
4,6.2,1766710341958
4,6.2,1766710342687
4,7.1,1766710343340
4,5.9,1766710344293
4,5.6,1766710345222
4,7.1,1766710345822
4,6.2,1766710346600
4,5.6,1766710347491
4,7.0,1766710348126
4,6.5,1766710348889
4,5.4,1766710349957
4,6.7,1766710350647
4,7.0,1766710351244
4,4.9,1766710352385
4,6.4,1766710353125
4,7.1,1766710353666
4,6.2,1766710354514
4,5.0,1766710355491
4,7.3,1766710356096
4,6.9,1766710356735
4,4.9,1766710357746
4,6.5,1766710358504
4,7.2,1766710359048
4,6.4,1766710359780
4,4.8,1766710360730
4,7.2,1766710361392
4,7.0,1766710362052
4,4.6,1766710363112
4,6.5,1766710363880
4,7.1,1766710364459
4,5.7,1766710365332
4,5.2,1766710366324
4,7.2,1766710366905
4,6.9,1766710367547
4,5.0,1766710368737
4,6.8,1766710369326
4,7.2,1766710369939
4,5.3,1766710370798
4,5.2,1766710371747
4,7.3,1766710372254
4,7.0,1766710372952
4,4.3,1766710374181
4,7.0,1766710374801
4,7.3,1766710375386
4,5.0,1766710376376
4,5.6,1766710377321
4,7.2,1766710377879
4,6.6,1766710378648
4,4.8,1766710379650
4,7.0,1766710380238
4,7.0,1766710380877
4,5.4,1766710381813
4,6.2,1766710382620
4,6.8,1766710383349
4,6.2,1766710384233
4,5.9,1766710385103
4,6.8,1766710385764
4,6.6,1766710386556
4,5.2,1766710387585
4,6.9,1766710388280
4,6.8,1766710388915
4,6.4,1766710389730
4,6.0,1766710390574
4,6.4,1766710391322
4,6.8,1766710392035
4,5.5,1766710393129
4,6.3,1766710393868
4,7.0,1766710394473
4,5.4,1766710395479
4,6.0,1766710396324
4,7.2,1766710396931
4,6.1,1766710397791
4,5.6,1766710398719
4,6.6,1766710399401
4,7.1,1766710399968
4,5.0,1766710400931
4,6.2,1766710401735
4,7.2,1766710402315
4,6.2,1766710403127
4,4.9,1766710404129
4,7.0,1766710404722
4,7.2,1766710405313
4,4.6,1766710406434
4,6.2,1766710407208
4,7.3,1766710407806
4,6.0,1766710408557
4,4.7,1766710409610
4,7.1,1766710410229
4,6.9,1766710410857
4,4.6,1766710411998
4,6.8,1766710412625
4,7.2,1766710413192
4,5.9,1766710414052
4,5.0,1766710415016
4,7.2,1766710415620
4,6.8,1766710416252
4,4.9,1766710417214
4,6.4,1766710417892
4,7.3,1766710418387
4,6.9,1766710419037
4,4.5,1766710420191
4,6.9,1766710420765
4,7.1,1766710421372
4,5.5,1766710422320
4,5.8,1766710423140
4,7.3,1766710423743
4,6.3,1766710424557
4,5.4,1766710425529
4,7.0,1766710426171
4,6.3,1766710426906
4,5.7,1766710427929
4,6.9,1766710428713
4,6.9,1766710429341
4,6.3,1766710430173
4,5.5,1766710431111
4,7.1,1766710431770
4,5.8,1766710432570
4,6.0,1766710433413
4,6.8,1766710434132
4,6.3,1766710434862
4,5.9,1766710435768
4,6.5,1766710436559
4,6.8,1766710437201
4,6.0,1766710438103
4,6.1,1766710438976
4,6.6,1766710439742
4,5.7,1766710440594
4,6.7,1766710441302
4,6.8,1766710441994
4,5.5,1766710442930
4,6.4,1766710443756
4,6.8,1766710444501
4,6.0,1766710445390
4,6.1,1766710446147
4,6.4,1766710446823
4,7.2,1766710447455
4,5.3,1766710448470
4,6.9,1766710449156
4,6.6,1766710449907
4,5.5,1766710450691
4,6.5,1766710451402
4,6.6,1766710452078
4,6.0,1766710452963
4,6.1,1766710453756
4,7.2,1766710454369
4,6.2,1766710455194
4,5.3,1766710456136
4,7.2,1766710456711
4,6.5,1766710457388
4,5.9,1766710458246
4,5.8,1766710459103
4,7.2,1766710459692
4,7.0,1766710460314
4,5.4,1766710461393
4,7.0,1766710462064
4,7.3,1766710462691
4,6.4,1766710463443
4,5.9,1766710464391
4,7.1,1766710465001
4,7.0,1766710465684
4,5.6,1766710466761
4,7.3,1766710467404
4,7.4,1766710467980
4,6.0,1766710468864
4,6.3,1766710469754
4,7.2,1766710470313
4,7.1,1766710470987
4,5.4,1766710472050
4,7.2,1766710472720
4,7.2,1766710473333
4,6.1,1766710474233
4,6.3,1766710475076
4,7.2,1766710475685
4,6.7,1766710476364
4,5.5,1766710477281
4,7.1,1766710477916
4,7.2,1766710478570
4,5.9,1766710479534
4,6.6,1766710480328
4,7.1,1766710480924
4,6.4,1766710481709
4,6.2,1766710482584
4,7.2,1766710483229
4,7.0,1766710483924
4,6.0,1766710484853
4,6.8,1766710485599
4,7.3,1766710486269
4,6.1,1766710487044
4,6.6,1766710487912
4,7.5,1766710488638
4,6.5,1766710489490
4,6.4,1766710490283
4,7.0,1766710490975
4,6.8,1766710491762
4,6.3,1766710492617
4,6.8,1766710493381
4,7.0,1766710493991
4,6.4,1766710494799
4,6.2,1766710495641
4,7.2,1766710496223
4,6.7,1766710496995
4,6.0,1766710497942
4,7.1,1766710498632
4,7.0,1766710499366
4,6.0,1766710500164
4,6.6,1766710500956
4,7.3,1766710501550
4,6.6,1766710502298
4,6.0,1766710503234
4,7.0,1766710503930
4,6.8,1766710504646
4,6.4,1766710505495
4,6.8,1766710506258
4,7.2,1766710506881
4,6.4,1766710507728
4,6.4,1766710508486
4,7.0,1766710509149
4,6.8,1766710509874
4,6.5,1766710510720
4,6.7,1766710511452
4,7.4,1766710512096
4,6.3,1766710512933
4,6.5,1766710513757
4,7.1,1766710514422
4,6.7,1766710515188
4,6.6,1766710515977
4,6.7,1766710516849
4,6.6,1766710517558
4,6.9,1766710518352
4,6.5,1766710519186
4,6.6,1766710520046
4,6.9,1766710520800
4,7.0,1766710521419
4,6.4,1766710522203
4,6.4,1766710523001
4,6.9,1766710523630
4,6.7,1766710524341
4,6.3,1766710525178
4,6.7,1766710525937
4,7.5,1766710526577
4,6.3,1766710527345
4,6.5,1766710528157
4,7.0,1766710528842
4,7.0,1766710529508
4,6.2,1766710530429
4,6.7,1766710531245
4,7.2,1766710531857
4,6.5,1766710532739
4,6.4,1766710533497
4,7.2,1766710534065
4,7.3,1766710534651
4,6.4,1766710535440
4,6.5,1766710536264
4,7.2,1766710536896
4,6.8,1766710537561
4,6.2,1766710538426
4,6.8,1766710539136
4,7.3,1766710539717
4,6.3,1766710540570
4,6.4,1766710541462
4,7.2,1766710542072
4,7.1,1766710542776
4,5.6,1766710543799
4,7.1,1766710544417
4,7.2,1766710545021
4,6.2,1766710545797
4,6.0,1766710546635
4,7.2,1766710547275
4,7.5,1766710548026
4,5.5,1766710548986
4,7.2,1766710549577
4,7.1,1766710550197
4,6.6,1766710550959
4,5.7,1766710551896
4,7.2,1766710552530
4,7.1,1766710553185
4,5.7,1766710554246
4,6.9,1766710554931
4,7.3,1766710555482
4,6.7,1766710556268
4,6.0,1766710557123
4,7.2,1766710557765
4,7.2,1766710558400
4,6.1,1766710559360
4,6.5,1766710560209
4,7.4,1766710560794
4,6.8,1766710561528
4,6.1,1766710562400
4,6.6,1766710563097
4,7.0,1766710563762
4,6.1,1766710564650
4,6.8,1766710565397
4,7.2,1766710565999
4,6.8,1766710566697
4,5.9,1766710567638
4,7.0,1766710568242
4,7.1,1766710568882
4,6.3,1766710569706
4,6.4,1766710570481
4,7.3,1766710571116
4,6.9,1766710571789
4,5.9,1766710572823
4,7.0,1766710573543
4,7.3,1766710574187
4,6.2,1766710575083
4,6.6,1766710575835
4,7.3,1766710576393
4,6.9,1766710577165
4,6.2,1766710578053
4,6.7,1766710578779
4,7.1,1766710579428
4,5.9,1766710580309
4,6.7,1766710581111
4,7.4,1766710581737
4,6.9,1766710582475
4,6.1,1766710583364
4,6.9,1766710584097
4,6.7,1766710584795
4,6.5,1766710585608
4,6.5,1766710586438
4,7.2,1766710587040
4,6.4,1766710587841
4,6.7,1766710588605
4,6.8,1766710589395
4,6.6,1766710590132
4,6.7,1766710590919
4,6.6,1766710591655
4,7.3,1766710592247
4,6.6,1766710592986
4,6.5,1766710593787
4,6.5,1766710594555
4,7.2,1766710595180
4,6.3,1766710596021
4,6.5,1766710596824
4,7.3,1766710597459
4,6.8,1766710598212
4,6.3,1766710599153
4,7.0,1766710599832
4,7.2,1766710600396
4,6.6,1766710601186
4,6.4,1766710601999
4,7.1,1766710602707
4,7.0,1766710603361
4,6.0,1766710604281
4,7.0,1766710605003
4,7.2,1766710605577
4,6.7,1766710606352
4,5.8,1766710607190
4,7.8,1766710607912
4,7.3,1766710608639
4,5.4,1766710609692
4,7.2,1766710610373
4,7.1,1766710610994
4,6.2,1766710611829
4,6.2,1766710612637
4,7.3,1766710613234
4,7.2,1766710613892
4,5.5,1766710614983
4,7.2,1766710615656
4,7.1,1766710616256
4,6.1,1766710617113
4,5.9,1766710617930
4,7.3,1766710618501
4,7.1,1766710619148
4,5.3,1766710620159
4,7.0,1766710620746
4,7.3,1766710621313
4,6.8,1766710621960
4,5.9,1766710622964
4,7.3,1766710623516
4,7.1,1766710624132
4,5.8,1766710624976
4,4.9,1766710625847
4,5.9,1766710626380
4,6.0,1766710626954
4,4.3,1766710627824
4,5.2,1766710628507
4,5.9,1766710629053
4,5.8,1766710629677
4,4.3,1766710630610
4,5.8,1766710631244
4,5.9,1766710631797
4,5.9,1766710632410
4,3.9,1766710633349
4,5.8,1766710633989
4,6.0,1766710634519
4,5.9,1766710635088
4,4.0,1766710636027
4,5.7,1766710636643
4,6.0,1766710637222
4,5.9,1766710637756
5,4.1,1766710638591
5,5.3,1766710639283
5,6.1,1766710639857
5,5.9,1766710640468
5,4.2,1766710641405
5,5.9,1766710641978
5,6.0,1766710642561
5,5.1,1766710643328
5,4.7,1766710644225
5,6.0,1766710644798
5,6.0,1766710645403
5,4.5,1766710646298
5,5.1,1766710647110
5,5.9,1766710647684
5,5.9,1766710648299
5,4.3,1766710649260
5,5.8,1766710649889
5,5.9,1766710650480
5,5.0,1766710651264
5,4.5,1766710652225
5,6.0,1766710652813
5,6.0,1766710653392
5,4.5,1766710654318
5,5.2,1766710655075
5,6.0,1766710655679
5,5.7,1766710656298
5,4.0,1766710657263
5,5.7,1766710657913
5,6.1,1766710658480
5,5.7,1766710659139
5,4.1,1766710660155
5,5.8,1766710660783
5,5.9,1766710661392
5,5.0,1766710662173
5,4.9,1766710663030
5,6.0,1766710663609
5,6.0,1766710664207
5,4.7,1766710665099
5,5.2,1766710665824
5,5.8,1766710666422
5,6.2,1766710666993
5,4.4,1766710667832
5,5.9,1766710668563
5,5.9,1766710669076
5,5.6,1766710669756
5,4.4,1766710670609
5,5.6,1766710671319
5,5.9,1766710671921
5,5.1,1766710672708
5,4.7,1766710673529
5,5.9,1766710674127
5,6.0,1766710674795
5,4.2,1766710675614
5,5.6,1766710676230
5,5.9,1766710676805
5,5.6,1766710677492
5,4.5,1766710678356
5,5.8,1766710679000
5,5.9,1766710679638
5,4.6,1766710680423
5,4.9,1766710681187
5,5.9,1766710681785
5,6.0,1766710682339
5,4.5,1766710683204
5,5.2,1766710683916
5,5.8,1766710684508
5,5.8,1766710685152
5,4.2,1766710686166
5,5.9,1766710686760
5,5.9,1766710687316
5,5.0,1766710688150
5,4.6,1766710688972
5,5.9,1766710689543
5,5.9,1766710690164
5,4.3,1766710691129
5,5.6,1766710691830
5,6.0,1766710692388
5,5.3,1766710693033
5,4.5,1766710693956
5,5.8,1766710694604
5,6.0,1766710695225
5,4.7,1766710696057
5,5.1,1766710696885
5,5.8,1766710697469
5,5.4,1766710698158
5,5.0,1766710698964
5,5.6,1766710699587
5,5.8,1766710700229
5,4.8,1766710701129
5,5.3,1766710701957
5,5.9,1766710702575
5,5.3,1766710703285
5,4.8,1766710704163
5,5.7,1766710704832
5,5.9,1766710705444
5,5.2,1766710706305
5,5.1,1766710707041
5,6.0,1766710707647
5,5.6,1766710708322
5,5.0,1766710709140
5,5.4,1766710709804
5,5.9,1766710710389
5,5.3,1766710711165
5,4.8,1766710712027
5,5.9,1766710712619
5,5.7,1766710713307
5,4.4,1766710714211
5,5.7,1766710714948
5,5.9,1766710715562
5,5.0,1766710716369
5,5.1,1766710717249
5,6.0,1766710717838
5,5.3,1766710718555
5,5.2,1766710719385
5,5.5,1766710720104
5,5.6,1766710720699
5,5.3,1766710721464
5,5.2,1766710722217
5,5.8,1766710722893
5,5.0,1766710723632
5,5.8,1766710724356
5,5.0,1766710725098
5,5.9,1766710725731
5,5.2,1766710726552
5,5.6,1766710727146
5,5.7,1766710728036
5,5.5,1766710728740
5,5.8,1766710729398
5,5.1,1766710730055
5,5.3,1766710730774
5,5.4,1766710731540
5,5.5,1766710732216
5,5.5,1766710733012
5,5.2,1766710733770
5,6.0,1766710734408
5,5.0,1766710735139
5,5.8,1766710735794
5,5.1,1766710736508
5,5.7,1766710737154
5,5.2,1766710737994
5,5.5,1766710738711
5,5.5,1766710739370
5,5.5,1766710740093
5,5.5,1766710740732
5,5.1,1766710741455
5,5.4,1766710742114
5,5.2,1766710742929
5,5.4,1766710743642
5,5.5,1766710744259
5,5.4,1766710744893
5,5.3,1766710745642
5,5.0,1766710746411
5,6.1,1766710746992
5,5.6,1766710747659
5,4.9,1766710748473
5,5.4,1766710749166
5,6.0,1766710749786
5,4.9,1766710750551
5,4.8,1766710751400
5,5.9,1766710752013
5,5.9,1766710752614
5,4.2,1766710753582
5,5.5,1766710754211
5,6.1,1766710754804
5,5.4,1766710755543
5,4.7,1766710756419
5,6.0,1766710757001
5,6.0,1766710757587
5,4.9,1766710758340
5,5.0,1766710759165
5,5.9,1766710759729
5,5.8,1766710760354
5,4.5,1766710761228
5,5.3,1766710761932
5,5.8,1766710762465
5,6.0,1766710763034
5,4.2,1766710763968
5,5.5,1766710764705
5,6.0,1766710765301
5,5.6,1766710765901
5,4.2,1766710766943
5,5.8,1766710767505
5,6.0,1766710768052
5,5.0,1766710768786
5,4.7,1766710769650
5,6.0,1766710770192
5,5.8,1766710770791
5,4.5,1766710771680
5,5.2,1766710772444
5,5.9,1766710773020
5,6.0,1766710773636
5,4.2,1766710774574
5,5.8,1766710775219
5,5.9,1766710775819
5,4.8,1766710776644
5,4.8,1766710777469
5,6.0,1766710778012
5,5.9,1766710778566
5,4.5,1766710779449
5,5.1,1766710780197
5,5.8,1766710780721
5,5.9,1766710781339
5,4.2,1766710782325
5,5.4,1766710783023
5,6.1,1766710783588
5,5.4,1766710784369
5,4.4,1766710785233
5,5.8,1766710785787
5,6.0,1766710786375
5,4.9,1766710787208
5,5.1,1766710788098
5,6.0,1766710788743
5,5.9,1766710789402
5,4.1,1766710790309
5,5.9,1766710790924
5,6.0,1766710791512
5,5.5,1766710792214
5,4.4,1766710793180
5,5.7,1766710793750
5,6.0,1766710794359
5,4.6,1766710795227
5,5.2,1766710796006
5,6.0,1766710796575
5,5.6,1766710797258
5,4.4,1766710798122
5,5.6,1766710798793
5,5.9,1766710799411
5,5.0,1766710800170
5,4.9,1766710800941
5,6.0,1766710801500
5,5.7,1766710802177
5,4.4,1766710803073
5,5.6,1766710803783
5,5.9,1766710804361
5,5.7,1766710804929
5,4.3,1766710805848
5,5.6,1766710806515
5,5.9,1766710807087
5,5.4,1766710807812
5,4.6,1766710808737
5,6.0,1766710809307
5,6.1,1766710809877
5,4.8,1766710810754
5,5.0,1766710811586
5,5.8,1766710812156
5,5.7,1766710812784
5,4.3,1766710813771
5,5.9,1766710814366
5,5.9,1766710814933
5,5.2,1766710815722
5,4.8,1766710816539
5,5.9,1766710817098
5,5.6,1766710817737
5,5.0,1766710818540
5,5.2,1766710819312
5,5.9,1766710819934
5,5.5,1766710820617
5,4.7,1766710821535
5,5.6,1766710822197
5,5.9,1766710822778
5,5.4,1766710823536
5,4.7,1766710824429
5,5.9,1766710825000
5,5.9,1766710825611
5,4.9,1766710826429
5,5.1,1766710827259
5,5.9,1766710827846
5,5.4,1766710828529
5,5.3,1766710829351
5,5.5,1766710830042
5,6.0,1766710830530
5,5.5,1766710831197
5,5.0,1766710832036
5,5.3,1766710832768
5,5.7,1766710833339
5,5.1,1766710834061
5,5.5,1766710834828
5,5.7,1766710835432
5,5.5,1766710836112
5,5.3,1766710836827
5,5.3,1766710837488
5,5.6,1766710838176
5,5.1,1766710838960
5,5.8,1766710839598
5,5.1,1766710840404
5,5.4,1766710841110
5,5.4,1766710841841
5,6.0,1766710842452
5,5.1,1766710843281
5,5.3,1766710844018
5,5.5,1766710844670
5,5.3,1766710845472
5,5.7,1766710846191
5,5.0,1766710846987
5,5.8,1766710847611
5,5.7,1766710848482
5,5.3,1766710849167
5,5.7,1766710849849
5,5.5,1766710850593
5,5.3,1766710851402
5,5.2,1766710852190
5,5.9,1766710852810
5,5.0,1766710853596
5,5.4,1766710854317
5,5.4,1766710855024
5,5.6,1766710855658
5,5.3,1766710856459
5,5.1,1766710857291
5,5.7,1766710857979
5,5.3,1766710858742
5,5.2,1766710859458
5,5.6,1766710860151
5,5.5,1766710860840
5,5.5,1766710861595
5,5.1,1766710862366
5,6.0,1766710862978
5,5.4,1766710863677
5,5.6,1766710864332
5,5.3,1766710865044
5,5.5,1766710865743
5,5.4,1766710866498
5,5.5,1766710867210
5,5.6,1766710867908
5,5.2,1766710868660
5,5.5,1766710869377
5,5.1,1766710870117
5,6.0,1766710870758
5,5.2,1766710871524
5,5.7,1766710872198
5,5.1,1766710873004
5,5.7,1766710873693
5,5.2,1766710874475
5,5.1,1766710875230
5,5.9,1766710875804
5,5.3,1766710876508
5,5.3,1766710877303
5,5.3,1766710878061
5,6.0,1766710878664
5,5.0,1766710879451
5,5.0,1766710880252
5,5.6,1766710880918
5,5.9,1766710881500
5,5.2,1766710882282
5,5.2,1766710883078
5,5.9,1766710883726
5,5.4,1766710884434
5,5.5,1766710885133
5,5.2,1766710885804
5,5.8,1766710886434
5,5.4,1766710887229
5,5.8,1766710887824
5,5.0,1766710888647
5,5.5,1766710889305
5,5.4,1766710890044
5,5.2,1766710890788
5,5.6,1766710891440
5,5.4,1766710892179
5,5.6,1766710892909
5,5.1,1766710893631
5,6.0,1766710894273
5,5.0,1766710894970
5,5.7,1766710895597
5,5.2,1766710896332
5,5.6,1766710897037
5,5.4,1766710897697
5,5.6,1766710898312
5,5.2,1766710898988
5,5.3,1766710899719
5,5.2,1766710900501
5,5.4,1766710901280
5,5.8,1766710901886
5,5.1,1766710902711
5,5.7,1766710903468
5,5.5,1766710904205
5,5.6,1766710904852
5,5.0,1766710905696
5,5.3,1766710906466
5,6.1,1766710907011
5,5.6,1766710907682
5,5.2,1766710908633
5,5.4,1766710909303
5,5.9,1766710909892
5,5.2,1766710910633
5,4.7,1766710911496
5,5.9,1766710912075
5,5.7,1766710912712
5,4.4,1766710913619
5,5.6,1766710914297
5,6.1,1766710914868
5,5.6,1766710915545
5,4.3,1766710916478
5,5.9,1766710917117
5,6.0,1766710917743
5,4.9,1766710918590
5,5.0,1766710919447
5,5.8,1766710920004
5,6.0,1766710920530
5,4.2,1766710921427
5,5.1,1766710922123
5,6.1,1766710922710
5,5.7,1766710923391
5,3.9,1766710924355
5,5.9,1766710924961
5,5.9,1766710925523
5,5.6,1766710926169
5,4.4,1766710927010
5,5.9,1766710927569
5,6.0,1766710928149
5,4.9,1766710928997
5,4.5,1766710929823
5,6.1,1766710930452
5,5.9,1766710931132
5,3.9,1766710932074
5,5.7,1766710932726
5,6.0,1766710933293
5,5.0,1766710934032
5,4.4,1766710935000
5,6.1,1766710935565
5,5.9,1766710936164
5,4.4,1766710937052
5,5.5,1766710937768
5,5.9,1766710938357
5,5.6,1766710938981
5,4.5,1766710939967
5,5.8,1766710940630
5,6.0,1766710941237
5,4.8,1766710942106
5,5.3,1766710942860
5,5.8,1766710943474
5,5.4,1766710944164
5,4.8,1766710945084
5,5.7,1766710945714
5,6.1,1766710946287
5,5.0,1766710946985
5,5.0,1766710947818
5,5.8,1766710948461
5,5.4,1766710949160
5,5.4,1766710949873
5,5.2,1766710950680
5,6.0,1766710951258
5,4.9,1766710951964
5,5.4,1766710952659
5,5.5,1766710953403
5,5.2,1766710954109
5,5.7,1766710954757
5,5.5,1766710955442
5,5.3,1766710956266
5,5.2,1766710956989
5,6.0,1766710957584
5,5.1,1766710958317
5,5.2,1766710959129
5,5.6,1766710959812
5,5.7,1766710960435
5,4.8,1766710961335
5,5.3,1766710962021
5,5.9,1766710962537
5,5.8,1766710963123
5,4.6,1766710964056
5,5.4,1766710964756
5,5.8,1766710965365
5,5.4,1766710966114
5,4.6,1766710966982
5,6.1,1766710967581
5,6.5,1766710968247
5,4.6,1766710969156
5,5.3,1766710969921
5,6.0,1766710970506
5,5.5,1766710971208
5,4.5,1766710972075
5,6.0,1766710972672
5,5.9,1766710973280
5,4.3,1766710974145
5,5.4,1766710974861
5,6.0,1766710975466
5,5.7,1766710976085
5,4.5,1766710977023
5,5.5,1766710977696
5,6.0,1766710978342
5,5.3,1766710979044
5,4.5,1766710979969
5,6.0,1766710980530
5,6.0,1766710981101
5,4.8,1766710981888
5,5.0,1766710982739
5,5.9,1766710983328
5,5.8,1766710983943
5,4.3,1766710984833
5,5.8,1766710985452
5,5.9,1766710986041
5,5.1,1766710986808
5,4.7,1766710987610
5,5.9,1766710988216
5,6.1,1766710988813
5,5.2,1766710989547
5,5.0,1766710990387
5,6.0,1766710990971
5,6.0,1766710991597
5,4.3,1766710992497
5,5.5,1766710993176
5,5.9,1766710993758
5,5.6,1766710994422
5,4.2,1766710995406
5,6.1,1766710996005
5,5.8,1766710996588
5,4.8,1766710997361
5,4.9,1766710998198
5,5.9,1766710998762
5,6.0,1766710999381
5,4.3,1766711000278
5,5.7,1766711000944
5,5.8,1766711001503
5,5.5,1766711002178
5,4.5,1766711003101
5,5.9,1766711003729
5,6.0,1766711004354
5,5.1,1766711005089
5,4.7,1766711005905
5,6.0,1766711006506
5,5.6,1766711007149
5,4.9,1766711007941
5,5.3,1766711008547
5,5.9,1766711009205
5,5.3,1766711009861
5,5.1,1766711010647
5,5.4,1766711011348
5,5.9,1766711011948
5,5.2,1766711012742
5,5.4,1766711013453
5,5.6,1766711014129
5,5.2,1766711014874
5,5.7,1766711015576
5,5.0,1766711016359
5,5.9,1766711017016
5,5.1,1766711017804
5,5.7,1766711018455
5,5.1,1766711019291
5,5.6,1766711019899
5,5.3,1766711020665
5,5.4,1766711021374
5,5.5,1766711022068
5,5.2,1766711022791
5,5.7,1766711023481
5,5.1,1766711024285
5,5.4,1766711024978
5,5.3,1766711025743
5,6.0,1766711026374
5,5.2,1766711027145
5,5.7,1766711027874
5,5.8,1766711028563
5,5.8,1766711029262
5,5.1,1766711030034
5,5.2,1766711030772
5,6.0,1766711031360
5,5.6,1766711032053
5,4.7,1766711032985
5,5.6,1766711033643
5,5.9,1766711034236
5,5.0,1766711034949
5,4.8,1766711035745
5,5.8,1766711036376
5,5.9,1766711036946
5,4.8,1766711037773
5,4.9,1766711038607
5,5.8,1766711039183
5,5.7,1766711039824
5,4.8,1766711040716
5,5.5,1766711041436
5,5.9,1766711042009
5,5.4,1766711042736
5,4.4,1766711043664
5,5.7,1766711044223
5,5.9,1766711044830
5,4.8,1766711045628
5,4.7,1766711046411
5,6.0,1766711046930
5,5.8,1766711047560
5,4.5,1766711048427
5,5.3,1766711049118
5,6.0,1766711049685
5,5.8,1766711050305
5,4.1,1766711051314
5,6.0,1766711051904
5,5.9,1766711052538
5,4.9,1766711053321
5,4.8,1766711054199
5,5.9,1766711054776
5,5.9,1766711055370
5,4.4,1766711056317
5,5.3,1766711057056
5,6.0,1766711057595
5,5.9,1766711058248
5,4.0,1766711059173
5,5.6,1766711059857
5,5.9,1766711060419
5,5.9,1766711061068
5,4.0,1766711062078
5,5.9,1766711062656
5,5.9,1766711063270
5,4.9,1766711064082
5,4.7,1766711064943
5,6.0,1766711065557
5,5.9,1766711066180
5,4.3,1766711067056
5,5.4,1766711067737
5,6.0,1766711068352
5,5.4,1766711069034
5,4.5,1766711069902
5,5.8,1766711070548
5,5.9,1766711071151
5,5.1,1766711071933
5,4.9,1766711072679
5,5.8,1766711073317
5,5.1,1766711074032
5,5.4,1766711074725
5,5.1,1766711075508
5,5.9,1766711076094
5,5.4,1766711076842
5,5.3,1766711077621
5,5.3,1766711078365
5,5.9,1766711078975
5,5.1,1766711079767
5,5.1,1766711080615
5,5.8,1766711081274
5,5.4,1766711081985
5,5.4,1766711082699
5,5.2,1766711083480
5,5.5,1766711084125
5,5.5,1766711084761
5,5.3,1766711085409
5,5.6,1766711086098
5,5.1,1766711086859
5,5.5,1766711087623
5,5.6,1766711088387
5,5.4,1766711089118
5,5.3,1766711089894
5,5.2,1766711090690
5,5.7,1766711091274
5,5.3,1766711091994
5,5.4,1766711092673
5,5.0,1766711093440
5,5.6,1766711094150
5,5.3,1766711094913
5,5.5,1766711095601
5,5.3,1766711096361
5,5.2,1766711097080
5,5.6,1766711097763
5,5.2,1766711098455
5,5.4,1766711099240
5,5.5,1766711099954
5,6.1,1766711100536
5,5.1,1766711101364
5,5.0,1766711102157
5,5.8,1766711102738
5,5.8,1766711103399
5,4.3,1766711104300
5,5.5,1766711105037
5,6.0,1766711105605
5,5.2,1766711106368
5,4.7,1766711107251
5,6.1,1766711107825
5,5.7,1766711108461
5,4.2,1766711109369
5,5.3,1766711110116
5,6.0,1766711110724
5,5.5,1766711111367
5,4.5,1766711112314
5,6.0,1766711112863
5,6.0,1766711113492
5,5.4,1766711114157
5,4.2,1766711115067
5,6.0,1766711115628
5,5.9,1766711116199
5,5.1,1766711116909
5,4.6,1766711117819
5,5.8,1766711118425
5,5.9,1766711119000
5,4.7,1766711119848
5,5.0,1766711120628
5,5.9,1766711121217
5,6.0,1766711121822
5,4.3,1766711122800
5,5.6,1766711123460
5,5.9,1766711124075
5,5.4,1766711124744
5,4.2,1766711125665
5,6.0,1766711126238
5,6.0,1766711126851
5,4.9,1766711127676
5,4.6,1766711128498
5,6.1,1766711129035
5,6.0,1766711129629
5,4.4,1766711130569
5,5.5,1766711131239
5,5.8,1766711131835
5,5.6,1766711132531
5,4.5,1766711133388
5,5.6,1766711134025
5,6.0,1766711134631
5,5.0,1766711135452
5,5.0,1766711136260
5,5.8,1766711136882
5,5.6,1766711137508
5,4.8,1766711138407
5,5.5,1766711139103
5,6.0,1766711139702
5,5.2,1766711140469
5,5.2,1766711141312
5,5.7,1766711141904
5,5.7,1766711142573
5,4.8,1766711143472
5,5.6,1766711144174
5,5.9,1766711144735
5,5.2,1766711145445
5,5.0,1766711146268
5,5.8,1766711146948
5,5.6,1766711147605
5,5.6,1766711148471
5,5.2,1766711149207
5,6.0,1766711149813
5,5.0,1766711150499
5,5.0,1766711151306
5,5.7,1766711152009
5,5.4,1766711152699
5,5.4,1766711153465
5,5.3,1766711154262
5,5.9,1766711154846
5,5.0,1766711155657
5,5.6,1766711156340
5,5.3,1766711157035
5,5.3,1766711157749
5,5.7,1766711158403
5,5.4,1766711159114
5,5.4,1766711159920
5,5.2,1766711160628
5,5.9,1766711161205
5,5.3,1766711161970
5,5.1,1766711162753
5,5.5,1766711163415
5,6.0,1766711164002
5,5.0,1766711164840
5,4.9,1766711165639
5,5.8,1766711166226
5,6.1,1766711166787
5,4.9,1766711167609
5,5.3,1766711168379
5,6.1,1766711168964
5,5.6,1766711169607
5,4.4,1766711170436
5,5.7,1766711171005
5,6.0,1766711171578
5,5.6,1766711172270
5,4.2,1766711173259
5,6.0,1766711173817
5,6.0,1766711174451
5,4.6,1766711175219
5,4.8,1766711176054
5,6.0,1766711176604
5,5.9,1766711177166
5,4.4,1766711178077
5,5.3,1766711178744
5,5.9,1766711179342
5,5.8,1766711179937
5,4.2,1766711180968
5,5.8,1766711181599
5,6.0,1766711182163
5,5.1,1766711182989
5,4.6,1766711183849
5,5.8,1766711184428
5,5.9,1766711185034
5,4.5,1766711185926
5,5.5,1766711186639
5,6.0,1766711187219
5,5.3,1766711187977
5,4.6,1766711188834
5,5.9,1766711189472
5,5.8,1766711190105
5,5.0,1766711190926
5,5.3,1766711191693
5,5.9,1766711192312
5,5.1,1766711193100
5,5.2,1766711193868
5,5.4,1766711194613
5,5.4,1766711195292
5,5.4,1766711196127
5,5.0,1766711196826
5,5.9,1766711197422
5,5.1,1766711198211
5,5.3,1766711198974
5,5.7,1766711199627
5,5.5,1766711200235
5,5.0,1766711200956
5,5.3,1766711201729
5,6.0,1766711202340
5,5.4,1766711203036
5,5.1,1766711203806
5,5.4,1766711204566
5,6.0,1766711205164
5,5.0,1766711205908
5,5.3,1766711206604
5,5.5,1766711207285
5,5.8,1766711208061
5,5.6,1766711208816
5,5.1,1766711209558
5,6.0,1766711210173
5,5.2,1766711210916
5,5.5,1766711211623
5,5.3,1766711212365
5,5.9,1766711213021
5,5.0,1766711213729
5,5.5,1766711214389
5,5.4,1766711215145
5,5.4,1766711215814
5,5.4,1766711216578
5,5.3,1766711217211
5,5.5,1766711217824
5,5.3,1766711218490
5,5.6,1766711219240
5,5.1,1766711219978
5,5.9,1766711220633
5,5.3,1766711221290
5,5.4,1766711222025
5,5.1,1766711222865
5,5.7,1766711223434
5,5.3,1766711224187
5,5.6,1766711224865
5,5.4,1766711225656
5,5.2,1766711226469
5,5.7,1766711227022
5,5.4,1766711227672
5,5.4,1766711228390
5,5.2,1766711229148
5,5.7,1766711229805
5,5.2,1766711230564
5,5.6,1766711231257
5,5.4,1766711231920
5,5.4,1766711232623
5,5.4,1766711233372
5,5.3,1766711234141
5,5.7,1766711234827
5,5.0,1766711235669
5,5.4,1766711236423
5,5.4,1766711237117
5,5.8,1766711237748
5,5.3,1766711238396
5,5.0,1766711239105
5,5.8,1766711239707
5,5.7,1766711240346
5,4.5,1766711241299
5,5.6,1766711241891
5,6.0,1766711242422
5,5.7,1766711243050
5,4.4,1766711243959
5,5.7,1766711244514
5,5.8,1766711245112
5,5.4,1766711245817
5,4.3,1766711246728
5,6.0,1766711247336
5,6.0,1766711247912
5,4.5,1766711248781
5,4.9,1766711249578
5,6.1,1766711250125
5,5.8,1766711250761
5,4.2,1766711251751
5,5.8,1766711252383
5,6.1,1766711252984
5,5.2,1766711253618
5,4.8,1766711254402
5,5.9,1766711255011
5,5.9,1766711255665
5,4.8,1766711256497
5,5.3,1766711257240
5,5.9,1766711257885
5,5.2,1766711258611
5,5.1,1766711259333
5,5.5,1766711259997
5,5.6,1766711260635
5,5.4,1766711261359
5,5.0,1766711262132
5,5.8,1766711262874
5,5.0,1766711263651
5,5.5,1766711264297
5,5.3,1766711265089
5,5.4,1766711265776
5,5.5,1766711266435
5,5.6,1766711267107
5,5.5,1766711267957
5,5.4,1766711268793
5,5.8,1766711269384
5,5.1,1766711270066
5,5.0,1766711270869
5,5.8,1766711271548
5,5.9,1766711272181
5,4.6,1766711273070
5,5.2,1766711273830
5,5.8,1766711274434
5,5.5,1766711275118
5,4.5,1766711276062
5,5.9,1766711276645
5,6.0,1766711277237
5,4.8,1766711277995
5,4.6,1766711278880
5,5.8,1766711279470
5,5.8,1766711280087
5,4.2,1766711281046
5,5.7,1766711281652
5,6.0,1766711282213
5,5.6,1766711282917
5,4.0,1766711283965
5,6.0,1766711284519
5,5.8,1766711285105
5,5.2,1766711285830
5,4.4,1766711286731
5,5.9,1766711287355
5,5.9,1766711287993
5,4.1,1766711288862
5,5.3,1766711289633
5,6.0,1766711290229
5,5.6,1766711290919
5,4.1,1766711291844
5,5.9,1766711292431
5,5.8,1766711293028
5,5.1,1766711293749
5,4.6,1766711294665
5,5.9,1766711295270
5,6.0,1766711295871
5,4.4,1766711296795
5,5.4,1766711297503
5,5.8,1766711298086
5,5.3,1766711298788
5,4.4,1766711299677
5,6.0,1766711300295
5,6.0,1766711300901
5,4.6,1766711301734
5,5.3,1766711302477
5,5.9,1766711303005
5,5.8,1766711303635
5,4.5,1766711304550
5,5.9,1766711305118
6,6.0,1766711305651
6,4.9,1766711306414
6,4.8,1766711307336
6,5.9,1766711307906
6,6.0,1766711308521
6,4.6,1766711309401
6,5.5,1766711310051
6,5.9,1766711310628
6,5.9,1766711311248
6,4.3,1766711312249
6,5.7,1766711312901
6,6.0,1766711313514
6,5.1,1766711314322
6,4.7,1766711315165
6,5.9,1766711315768
6,5.9,1766711316366
6,4.2,1766711317290
6,5.3,1766711318043
6,5.9,1766711318631
6,5.9,1766711319296
6,4.1,1766711320317
6,5.9,1766711320926
6,6.0,1766711321535
6,5.2,1766711322284
6,4.3,1766711323150
6,6.0,1766711323736
6,5.9,1766711324349
6,4.3,1766711325326
6,5.3,1766711326077
6,5.8,1766711326636
6,5.9,1766711327242
6,4.5,1766711328184
6,5.9,1766711328810
6,6.0,1766711329404
6,4.8,1766711330211
6,4.6,1766711331148
6,6.0,1766711331737
6,5.9,1766711332297
6,4.6,1766711333056
6,4.9,1766711333840
6,5.8,1766711334397
6,5.9,1766711335052
6,4.0,1766711335986
6,5.8,1766711336590
6,6.0,1766711337183
6,5.0,1766711337935
6,4.7,1766711338809
6,5.7,1766711339331
6,5.9,1766711339895
6,4.7,1766711340717
6,5.2,1766711341445
6,5.9,1766711342007
6,5.7,1766711342767
6,4.4,1766711343648
6,5.8,1766711344259
6,6.0,1766711344831
6,4.9,1766711345620
6,5.0,1766711346445
6,6.0,1766711347047
6,5.5,1766711347763
6,5.0,1766711348615
6,5.6,1766711349355
6,5.6,1766711350027
6,5.2,1766711350816
6,5.1,1766711351598
6,6.0,1766711352206
6,5.4,1766711352896
6,5.8,1766711353491
6,5.2,1766711354253
6,5.6,1766711354862
6,5.3,1766711355656
6,5.2,1766711356403
6,5.7,1766711357078
6,5.4,1766711357794
6,5.4,1766711358461
6,5.2,1766711359229
6,5.4,1766711359915
6,5.4,1766711360664
6,5.1,1766711361377
6,5.9,1766711361984
6,5.6,1766711362612
6,5.3,1766711363376
6,4.9,1766711364175
6,5.9,1766711364864
6,5.0,1766711365573
6,5.8,1766711366216
6,5.2,1766711367036
6,5.9,1766711367619
6,5.2,1766711368457
6,5.4,1766711369099
6,5.3,1766711369853
6,5.3,1766711370555
6,5.7,1766711371207
6,5.5,1766711371934
6,5.5,1766711372719
6,4.9,1766711373425
6,5.8,1766711374053
6,5.2,1766711374800
6,5.4,1766711375551
6,5.5,1766711376277
6,5.9,1766711376895
6,5.1,1766711377721
6,5.3,1766711378423
6,5.6,1766711379045
6,5.8,1766711379667
6,5.0,1766711380609
6,5.3,1766711381366
6,5.9,1766711381919
6,5.6,1766711382642
6,4.8,1766711383526
6,5.5,1766711384214
6,6.1,1766711384784
6,5.1,1766711385508
6,5.3,1766711386336
6,5.7,1766711386988
6,6.0,1766711387666
6,5.4,1766711388560
6,5.0,1766711389394
6,5.9,1766711389936
6,5.5,1766711390601
6,4.9,1766711391519
6,5.7,1766711392128
6,6.1,1766711392749
6,5.2,1766711393430
6,4.4,1766711394289
6,6.0,1766711394873
6,5.9,1766711395495
6,4.4,1766711396364
6,5.3,1766711397134
6,5.9,1766711397665
6,5.6,1766711398291
6,4.3,1766711399264
6,5.9,1766711399831
6,6.0,1766711400419
6,4.9,1766711401268
6,4.6,1766711402124
6,5.9,1766711402710
6,5.8,1766711403312
6,4.3,1766711404244
6,5.3,1766711404960
6,6.0,1766711405564
6,5.9,1766711406227
6,4.1,1766711407109
6,5.8,1766711407706
6,6.0,1766711408292
6,4.8,1766711409091
6,4.7,1766711409936
6,6.0,1766711410514
6,6.0,1766711411134
6,4.0,1766711412112
6,5.6,1766711412789
6,6.0,1766711413349
6,5.5,1766711414022
6,4.4,1766711414969
6,6.0,1766711415528
6,5.8,1766711416147
6,4.6,1766711416958
6,4.8,1766711417773
6,5.9,1766711418352
6,5.9,1766711418980
6,4.2,1766711419874
6,5.8,1766711420537
6,5.9,1766711421104
6,5.2,1766711421842
6,4.5,1766711422826
6,5.9,1766711423402
6,6.0,1766711424024
6,4.3,1766711424927
6,5.5,1766711425639
6,5.8,1766711426230
6,5.3,1766711426932
6,4.7,1766711427832
6,6.0,1766711428396
6,6.0,1766711428969
6,4.8,1766711429850
6,5.0,1766711430677
6,5.8,1766711431291
6,5.4,1766711431975
6,4.4,1766711432885
6,5.8,1766711433548
6,6.0,1766711434089
6,5.5,1766711434872
6,4.5,1766711435744
6,5.9,1766711436364
6,5.8,1766711436932
6,5.0,1766711437673
6,4.8,1766711438577
6,5.9,1766711439173
6,6.6,1766711439674
6,5.6,1766711440374
6,5.9,1766711440997
6,6.8,1766711441451
6,6.1,1766711441965
6,5.2,1766711442478
6,4.6,1766711443145
6,5.0,1766711443709
6,5.3,1766711444176
6,5.3,1766711444641
6,4.8,1766711445273
6,5.0,1766711445824
6,4.8,1766711446418
6,5.4,1766711446868
6,5.4,1766711447339
6,5.3,1766711448013
6,5.2,1766711448530
6,5.0,1766711448991
6,5.4,1766711449419
6,5.4,1766711449888
6,4.8,1766711450482
6,4.7,1766711451096
6,5.3,1766711451556
6,5.5,1766711451972
6,5.1,1766711452472
6,5.0,1766711453077
6,4.8,1766711453673
6,5.2,1766711454203
6,5.5,1766711454661
6,5.2,1766711455204
6,4.9,1766711455830
6,4.5,1766711456388
6,5.4,1766711456913
6,5.4,1766711457386
6,4.8,1766711458015
6,5.1,1766711458603
6,4.7,1766711459213
6,5.4,1766711459679
6,5.3,1766711460166
6,4.7,1766711460842
6,4.7,1766711461501
6,5.4,1766711461993
6,5.5,1766711462476
6,4.7,1766711463054
6,5.1,1766711463672
6,4.9,1766711464306
6,5.2,1766711464800
6,5.0,1766711465333
6,5.0,1766711465940
6,4.7,1766711466539
6,5.2,1766711467094
6,5.2,1766711467615
6,4.8,1766711468246
6,5.5,1766711468737
6,4.7,1766711469339
6,5.5,1766711469856
6,5.0,1766711470404
6,5.1,1766711470976
6,5.3,1766711471451
6,4.8,1766711472004
6,5.3,1766711472534
6,4.8,1766711473117
6,5.4,1766711473645
6,5.2,1766711474134
6,4.8,1766711474791
6,5.4,1766711475300
6,4.8,1766711475852
6,5.2,1766711476399
6,5.2,1766711476911
6,4.9,1766711477518
6,5.3,1766711478054
6,4.6,1766711478654
6,5.4,1766711479186
6,5.1,1766711479681
6,5.0,1766711480243
6,5.3,1766711480760
6,4.7,1766711481358
6,5.5,1766711481818
6,5.0,1766711482396
6,5.1,1766711483008
6,4.7,1766711483572
6,5.3,1766711484116
6,5.5,1766711484568
6,5.0,1766711485115
6,5.1,1766711485713
6,4.6,1766711486287
6,5.5,1766711486752
6,5.2,1766711487231
6,4.8,1766711487863
6,5.2,1766711488428
6,4.9,1766711489054
6,5.3,1766711489544
6,4.8,1766711490186
6,5.5,1766711490680
6,4.6,1766711491293
6,5.3,1766711491854
6,5.1,1766711492355
6,4.8,1766711493017
6,5.1,1766711493555
6,5.0,1766711494129
6,5.3,1766711494619
6,4.9,1766711495173
6,5.0,1766711495822
6,4.7,1766711496432
6,5.4,1766711496888
6,5.4,1766711497370
6,4.8,1766711497931
6,4.6,1766711498665
6,5.3,1766711499199
6,5.5,1766711499647
6,5.1,1766711500187
6,4.8,1766711500771
6,4.8,1766711501416
6,5.4,1766711501877
6,5.3,1766711502378
6,4.9,1766711502942
6,4.3,1766711503654
6,5.1,1766711504188
6,5.4,1766711504636
6,5.4,1766711505135
6,4.2,1766711505814
6,4.7,1766711506450
6,5.5,1766711506916
6,5.4,1766711507370
6,6.0,1766711507949
6,4.2,1766711508718
6,5.2,1766711509232
6,5.5,1766711509658
6,5.4,1766711510118
6,5.0,1766711510643
6,4.0,1766711511511
6,5.5,1766711511988
6,5.5,1766711512448
6,5.4,1766711512926
6,4.3,1766711513544
6,4.5,1766711514135
6,5.5,1766711514586
6,5.6,1766711515048
6,5.0,1766711515668
6,4.1,1766711516522
6,5.5,1766711516955
6,5.5,1766711517404
6,5.4,1766711517899
6,4.1,1766711518597
6,4.7,1766711519266
6,5.4,1766711519719
6,5.4,1766711520182
6,4.8,1766711520856
6,4.5,1766711521610
6,5.4,1766711522132
6,5.4,1766711522582
6,5.4,1766711523036
6,4.7,1766711523643
6,4.6,1766711524322
6,5.3,1766711524814
6,5.5,1766711525265
6,5.0,1766711525820
6,4.9,1766711526434
6,4.7,1766711527083
6,5.4,1766711527551
6,5.2,1766711528053
6,4.9,1766711528714
6,4.8,1766711529339
6,5.4,1766711529845
6,5.2,1766711530304
6,4.7,1766711530876
6,5.4,1766711531410
6,4.7,1766711531986
6,5.4,1766711532528
6,5.3,1766711533029
6,4.8,1766711533682
6,5.4,1766711534169
6,4.9,1766711534740
6,5.4,1766711535257
6,4.9,1766711535810
6,4.9,1766711536357
6,5.5,1766711536853
6,4.8,1766711537506
6,5.1,1766711538071
6,5.0,1766711538633
6,5.5,1766711539096
6,5.2,1766711539589
6,5.0,1766711540231
6,4.6,1766711540848
6,5.4,1766711541369
6,5.4,1766711541841
6,4.8,1766711542471
6,4.8,1766711543110
6,5.2,1766711543665
6,5.3,1766711544128
6,5.5,1766711544603
6,4.7,1766711545238
6,4.6,1766711545924
6,5.4,1766711546410
6,5.4,1766711546870
6,5.4,1766711547341
6,4.2,1766711548064
6,5.0,1766711548705
6,5.3,1766711549163
6,5.5,1766711549631
6,5.3,1766711550141
6,4.0,1766711550933
6,5.1,1766711551474
6,5.4,1766711551953
6,5.5,1766711552416
6,4.5,1766711553070
6,4.5,1766711553780
6,5.4,1766711554263
6,5.4,1766711554737
6,5.4,1766711555240
6,3.9,1766711556028
6,5.2,1766711556550
6,5.4,1766711557048
6,5.2,1766711557534
6,4.7,1766711558123
6,4.4,1766711558896
6,5.4,1766711559375
6,5.5,1766711559872
6,4.7,1766711560453
6,4.7,1766711561102
6,5.2,1766711561605
6,5.5,1766711562072
6,5.2,1766711562606
6,4.5,1766711563276
6,4.8,1766711563896
6,5.4,1766711564362
6,5.4,1766711564804
6,5.1,1766711565321
6,4.4,1766711566082
6,5.1,1766711566654
6,5.5,1766711567098
6,5.7,1766711567596
6,5.2,1766711568316
6,4.7,1766711568905
6,5.2,1766711569402
6,5.5,1766711569828
6,5.2,1766711570394
6,5.0,1766711570984
6,4.7,1766711571587
6,5.4,1766711572132
6,5.5,1766711572577
6,4.9,1766711573174
6,5.4,1766711573726
6,4.6,1766711574374
6,5.4,1766711574911
6,5.4,1766711575386
6,4.7,1766711576008
6,5.4,1766711576502
6,4.5,1766711577058
6,5.5,1766711577538
6,5.0,1766711578072
6,5.0,1766711578702
6,5.2,1766711579190
6,4.8,1766711579766
6,5.4,1766711580279
6,4.7,1766711580855
6,5.3,1766711581356
6,5.3,1766711581841
6,4.7,1766711582417
6,5.1,1766711582994
6,5.0,1766711583506
6,5.4,1766711583998
6,5.3,1766711584487
6,4.8,1766711585102
6,4.9,1766711585736
6,5.5,1766711586218
6,5.5,1766711586731
6,4.7,1766711587283
6,4.8,1766711587938
6,5.1,1766711588506
6,5.5,1766711588962
6,5.2,1766711589511
6,4.8,1766711590139
6,4.7,1766711590761
6,5.4,1766711591214
6,5.5,1766711591678
6,4.9,1766711592237
6,4.5,1766711592938
6,5.1,1766711593534
6,5.5,1766711593963
6,5.5,1766711594447
6,4.8,1766711595033
6,4.3,1766711595806
6,5.5,1766711596285
6,5.5,1766711596761
6,5.4,1766711597269
6,4.2,1766711597973
6,4.7,1766711598645
6,5.5,1766711599105
6,5.2,1766711599638
6,4.6,1766711600372
6,5.0,1766711601028
6,5.3,1766711601493
6,5.4,1766711601955
6,5.0,1766711602498
6,4.5,1766711603248
6,5.1,1766711603767
6,5.4,1766711604195
6,5.4,1766711604727
6,5.0,1766711605323
6,4.7,1766711605936
6,5.2,1766711606446
6,5.4,1766711606917
6,4.8,1766711607503
6,5.4,1766711607966
6,4.7,1766711608643
6,5.2,1766711609143
6,5.0,1766711609663
6,5.1,1766711610157
6,5.5,1766711610659
6,4.6,1766711611272
6,5.3,1766711611815
6,4.6,1766711612394
6,5.3,1766711612854
6,5.4,1766711613372
6,4.6,1766711613970
6,4.9,1766711614539
6,5.1,1766711615094
6,5.3,1766711615583
6,5.4,1766711616056
6,4.7,1766711616663
6,4.6,1766711617265
6,5.4,1766711617754
6,5.3,1766711618217
6,5.4,1766711618651
6,4.7,1766711619306
6,4.5,1766711620040
6,5.4,1766711620499
6,5.2,1766711620949
6,5.5,1766711621396
6,4.2,1766711622107
6,4.9,1766711622702
6,5.4,1766711623173
6,5.4,1766711623624
6,5.2,1766711624168
6,4.0,1766711624982
6,5.4,1766711625514
6,5.4,1766711625972
6,5.4,1766711626427
6,5.0,1766711627010
6,4.7,1766711627749
6,6.0,1766711628272
6,5.3,1766711628731
6,5.4,1766711629215
6,4.1,1766711629930
6,4.7,1766711630542
6,5.3,1766711631017
6,5.5,1766711631443
6,5.5,1766711631927
6,3.8,1766711632702
6,5.5,1766711633214
6,5.2,1766711633683
6,5.5,1766711634159
6,4.4,1766711634862
6,4.9,1766711635480
6,5.5,1766711635965
6,5.4,1766711636427
6,5.1,1766711636946
6,4.6,1766711637697
6,5.1,1766711638245
6,5.4,1766711638749
6,5.0,1766711639269
6,4.8,1766711639934
6,4.7,1766711640539
6,5.5,1766711641015
6,5.4,1766711641508
6,4.7,1766711642093
6,5.0,1766711642673
6,4.9,1766711643286
6,5.4,1766711643764
6,5.3,1766711644286
6,4.6,1766711644963
6,5.0,1766711645530
6,5.1,1766711646101
6,5.5,1766711646569
6,5.2,1766711647105
6,4.7,1766711647760
6,4.7,1766711648403
6,5.4,1766711648913
6,5.4,1766711649378
6,4.9,1766711650004
6,5.1,1766711650550
6,4.8,1766711651183
6,5.4,1766711651653
6,5.1,1766711652222
6,5.1,1766711652817
6,4.9,1766711653365
6,5.0,1766711653938
6,5.3,1766711654450
6,4.8,1766711655155
6,5.5,1766711655645
6,4.9,1766711656256
6,5.1,1766711656795
6,5.2,1766711657303
6,5.1,1766711657863
6,5.4,1766711658327
6,4.9,1766711658971
6,5.1,1766711659539
6,4.9,1766711660180
6,5.4,1766711660629
6,5.5,1766711661134
6,4.8,1766711661767
6,4.7,1766711662415
6,5.2,1766711662925
6,5.4,1766711663372
6,5.3,1766711663846
6,4.5,1766711664622
6,4.8,1766711665255
6,5.3,1766711665733
6,5.4,1766711666156
6,5.0,1766711666729
6,4.5,1766711667406
6,5.3,1766711667964
6,5.3,1766711668437
6,5.4,1766711668906
6,4.6,1766711669588
6,4.4,1766711670323
6,5.5,1766711670806
6,5.2,1766711671276
6,5.4,1766711671744
6,4.4,1766711672443
6,5.0,1766711673003
6,5.4,1766711673486
6,5.5,1766711673911
6,5.4,1766711674375
6,4.5,1766711675061
6,4.7,1766711675687
6,5.5,1766711676155
6,5.4,1766711676598
6,5.4,1766711677108
6,4.5,1766711677780
6,4.8,1766711678439
6,5.4,1766711678896
6,5.5,1766711679361
6,5.2,1766711679930
6,4.1,1766711680703
6,5.2,1766711681241
6,5.5,1766711681692
6,5.5,1766711682151
6,4.7,1766711682842
6,4.3,1766711683631
6,5.3,1766711684094
6,5.4,1766711684543
6,5.5,1766711685022
6,4.0,1766711685820
6,5.0,1766711686409
6,5.3,1766711686875
6,5.4,1766711687335
6,5.2,1766711688009
6,4.6,1766711688674
6,5.2,1766711689115
6,5.5,1766711689564
6,5.4,1766711690059
6,4.3,1766711690737
6,4.9,1766711691336
6,5.3,1766711691803
6,5.4,1766711692258
6,5.0,1766711692813
6,4.6,1766711693492
6,5.0,1766711694040
6,5.4,1766711694490
6,5.5,1766711694949
6,4.7,1766711695592
6,4.7,1766711696267
6,5.3,1766711696767
6,5.5,1766711697209
6,5.0,1766711697762
6,5.0,1766711698322
6,4.7,1766711699016
6,5.3,1766711699494
6,5.5,1766711699941
6,5.0,1766711700478
6,5.1,1766711701003
6,4.8,1766711701605
6,5.3,1766711702097
6,5.2,1766711702595
6,4.9,1766711703208
6,5.4,1766711703690
6,4.7,1766711704342
6,5.4,1766711704826
6,4.7,1766711705446
6,5.4,1766711705997
6,4.8,1766711706609
6,5.4,1766711707124
6,5.0,1766711707646
6,5.0,1766711708221
6,5.4,1766711708694
6,4.8,1766711709328
6,5.3,1766711709846
6,4.8,1766711710448
6,5.2,1766711710968
6,5.4,1766711711443
6,4.9,1766711712073
6,5.1,1766711712626
6,5.0,1766711713237
6,5.3,1766711713724
6,5.1,1766711714266
6,4.9,1766711714837
6,5.2,1766711715375
6,4.9,1766711715979
6,5.2,1766711716439
6,4.9,1766711716998
6,5.1,1766711717605
6,4.8,1766711718307
6,5.3,1766711718794
6,5.4,1766711719268
6,4.8,1766711719893
6,4.8,1766711720540
6,5.1,1766711721072
6,5.4,1766711721556
6,5.1,1766711722085
6,4.7,1766711722790
6,4.9,1766711723479
6,5.5,1766711723947
6,5.5,1766711724406
6,4.9,1766711724973
6,4.5,1766711725692
6,5.1,1766711726238
6,5.4,1766711726699
6,5.4,1766711727170
6,4.4,1766711727936
6,4.6,1766711728569
6,5.3,1766711729042
6,5.4,1766711729490
6,5.5,1766711729981
6,4.0,1766711730813
6,5.3,1766711731309
6,5.3,1766711731781
6,5.5,1766711732252
6,4.2,1766711733005
6,4.8,1766711733633
6,5.5,1766711734126
6,5.2,1766711734609
6,4.9,1766711735155
6,4.6,1766711735814
6,5.3,1766711736362
6,5.3,1766711736828
6,5.1,1766711737325
6,5.0,1766711737883
6,4.7,1766711738492
6,5.3,1766711739039
6,5.4,1766711739507
6,4.6,1766711740053
6,5.3,1766711740551
6,4.9,1766711741146
6,5.3,1766711741676
6,5.1,1766711742216
6,5.0,1766711742796
6,5.4,1766711743290
6,4.7,1766711743921
6,5.3,1766711744419
6,5.0,1766711744956
6,5.0,1766711745568
6,5.3,1766711746059
6,4.7,1766711746725
6,5.3,1766711747255
6,5.1,1766711747850
6,6.1,1766711748324
6,5.1,1766711748879
6,4.9,1766711749442
6,4.9,1766711749963
6,5.1,1766711750531
6,5.5,1766711750976
6,5.0,1766711751560
6,4.5,1766711752256
6,5.1,1766711752866
6,5.4,1766711753331
6,5.4,1766711753791
6,4.9,1766711754406
6,4.8,1766711755045
6,5.2,1766711755602
6,5.5,1766711756026
6,5.5,1766711756502
6,4.8,1766711757099
6,4.6,1766711757796
6,5.4,1766711758276
6,5.5,1766711758709
6,5.5,1766711759164
6,4.5,1766711759792
6,4.7,1766711760416
6,5.4,1766711760881
6,5.4,1766711761344
6,5.4,1766711761837
6,4.3,1766711762524
6,4.8,1766711763188
6,5.4,1766711763618
6,5.5,1766711764109
6,5.4,1766711764591
6,4.1,1766711765243
6,5.0,1766711765843
6,5.4,1766711766298
6,5.4,1766711766795
6,5.1,1766711767315
6,4.0,1766711768178
6,5.5,1766711768625
6,5.5,1766711769103
6,5.3,1766711769563
6,4.7,1766711770128
6,4.4,1766711770887
6,5.4,1766711771322
6,5.4,1766711771792
6,5.3,1766711772253
6,4.0,1766711772952
6,4.9,1766711773500
6,5.5,1766711773980
6,5.3,1766711774416
6,5.2,1766711774906
6,3.8,1766711775727
6,5.4,1766711776198
6,5.3,1766711776692
6,5.3,1766711777156
6,4.5,1766711777754
6,4.2,1766711778558
6,5.4,1766711779003
6,5.4,1766711779453
6,5.5,1766711779911
6,4.1,1766711780663
6,4.7,1766711781295
6,5.4,1766711781786
6,5.2,1766711782232
6,5.0,1766711782769
6,4.1,1766711783522
6,5.3,1766711784062
6,5.3,1766711784517
6,5.3,1766711785004
6,4.6,1766711785748
6,4.9,1766711786338
6,5.4,1766711786826
6,5.3,1766711787323
6,4.6,1766711787871
6,4.8,1766711788547
6,5.3,1766711789035
6,5.5,1766711789519
6,5.1,1766711790043
6,4.9,1766711790655
6,4.9,1766711791257
6,5.4,1766711791780
6,5.4,1766711792275
6,4.6,1766711792833
6,5.5,1766711793318
6,4.7,1766711793935
6,5.4,1766711794483
6,4.7,1766711795036
6,5.2,1766711795605
6,5.5,1766711796057
6,4.9,1766711796669
6,5.2,1766711797214
6,4.7,1766711797838
6,5.5,1766711798303
6,5.3,1766711798812
6,4.7,1766711799411
6,4.7,1766711799990
6,5.1,1766711800555
6,5.5,1766711801005
6,5.2,1766711801559
6,4.9,1766711802222
6,4.6,1766711802869
6,5.5,1766711803333
6,5.4,1766711803762
6,5.0,1766711804373
6,4.8,1766711805027
6,4.9,1766711805609
6,5.5,1766711806038
6,5.4,1766711806485
6,4.8,1766711807119
6,4.7,1766711807862
6,5.8,1766711808392
6,5.5,1766711808844
6,5.3,1766711809328
6,4.0,1766711810064
6,5.0,1766711810614
6,5.5,1766711811072
6,5.5,1766711811521
6,5.3,1766711812041
6,3.9,1766711812909
6,5.4,1766711813391
6,5.3,1766711813860
6,5.5,1766711814321
6,4.4,1766711814987
6,4.3,1766711815713
6,5.2,1766711816178
6,5.3,1766711816606
6,5.5,1766711817114
6,4.0,1766711817860
6,5.3,1766711818387
6,5.3,1766711818851
6,5.5,1766711819305
6,5.1,1766711819843
6,4.0,1766711820620
6,5.3,1766711821118
6,5.3,1766711821577
6,5.6,1766711822046
6,4.3,1766711822730
6,4.5,1766711823396
6,5.2,1766711823870
6,5.4,1766711824330
6,5.0,1766711824872
6,4.7,1766711825521
6,5.0,1766711826080
6,5.3,1766711826560
6,5.3,1766711827047
6,4.8,1766711827686
6,4.9,1766711828269
6,5.2,1766711828830
6,5.2,1766711829306
6,5.0,1766711829855
6,5.1,1766711830500
6,4.7,1766711831087
6,5.4,1766711831599
6,5.2,1766711832093
6,4.7,1766711832682
6,5.1,1766711833207
6,5.0,1766711833864
6,5.4,1766711834352
6,5.2,1766711834870
6,5.1,1766711835411
6,5.2,1766711835908
6,4.7,1766711836562
6,5.4,1766711837066
6,4.7,1766711837689
6,5.4,1766711838186
6,5.1,1766711838737
6,5.0,1766711839360
6,5.2,1766711839865
6,4.8,1766711840496
6,5.5,1766711840970
6,4.9,1766711841562
6,5.1,1766711842098
6,5.0,1766711842644
6,5.3,1766711843154
6,5.4,1766711843604
6,4.9,1766711844172
6,5.0,1766711844797
6,4.9,1766711845400
6,5.5,1766711845832
6,5.4,1766711846310
6,4.7,1766711846867
6,4.6,1766711847535
6,5.4,1766711848057
6,5.4,1766711848517
6,5.4,1766711849001
6,4.7,1766711849580
6,4.7,1766711850276
6,5.3,1766711850779
6,5.5,1766711851225
6,5.5,1766711851735
6,4.2,1766711852436
6,4.7,1766711853108
6,5.4,1766711853558
6,5.4,1766711854038
