gpu_usage,Context.TRAINING,LoggingItemKind.SYSTEM_METRIC
0,0.99,1766706335094
0,0.87,1766706336275
0,0.98,1766706337142
0,0.85,1766706338111
0,1.0,1766706339154
0,0.98,1766706340174
0,0.85,1766706341131
0,0.86,1766706342101
0,0.83,1766706343017
0,1.0,1766706344054
0,0.85,1766706345080
0,1.0,1766706346016
0,0.86,1766706347079
0,0.86,1766706348159
0,0.84,1766706349135
0,0.83,1766706350219
0,1.0,1766706351067
0,0.83,1766706352043
0,0.92,1766706352977
0,1.0,1766706353870
0,1.0,1766706354991
0,1.0,1766706355893
0,1.0,1766706356814
0,0.85,1766706357837
0,0.84,1766706358652
0,1.0,1766706359657
0,0.82,1766706360793
0,0.86,1766706361646
0,0.84,1766706362789
0,0.85,1766706363774
0,0.85,1766706364595
0,0.84,1766706365632
0,1.0,1766706366484
0,0.84,1766706367371
0,0.86,1766706368571
0,1.0,1766706369464
0,1.0,1766706370469
0,1.0,1766706371667
0,0.82,1766706372495
0,0.83,1766706373685
0,1.0,1766706374685
0,0.84,1766706375457
0,0.84,1766706376710
0,1.0,1766706377577
0,1.0,1766706378541
0,1.0,1766706379729
0,1.0,1766706380486
0,1.0,1766706381492
0,0.84,1766706382614
0,1.0,1766706383458
0,0.96,1766706384572
0,1.0,1766706385523
0,1.0,1766706386486
0,1.0,1766706387645
0,1.0,1766706388520
0,1.0,1766706389527
0,1.0,1766706390615
0,0.84,1766706391444
0,0.99,1766706392614
0,1.0,1766706393592
0,1.0,1766706394531
0,0.84,1766706395639
0,0.86,1766706396466
0,0.98,1766706397511
0,0.83,1766706398595
0,1.0,1766706399487
0,1.0,1766706400373
0,1.0,1766706401381
0,0.85,1766706402346
0,0.83,1766706403443
0,1.0,1766706404327
0,0.81,1766706405369
0,1.0,1766706406438
0,0.85,1766706407228
0,1.0,1766706408364
0,0.85,1766706409339
0,0.84,1766706410273
0,0.96,1766706411405
0,1.0,1766706412232
0,0.85,1766706413176
0,1.0,1766706414347
0,0.99,1766706415213
0,0.84,1766706416351
0,0.99,1766706417306
0,1.0,1766706418216
0,1.0,1766706419311
0,0.96,1766706420192
0,1.0,1766706421154
0,1.0,1766706422231
0,0.97,1766706423064
0,0.87,1766706424071
0,0.87,1766706425157
0,1.0,1766706426014
0,0.01,1766706427069
0,0.82,1766706427990
0,0.86,1766706428895
0,0.84,1766706430037
0,0.81,1766706430872
0,1.0,1766706431853
0,1.0,1766706432933
0,0.98,1766706433694
0,1.0,1766706434744
0,1.0,1766706435840
0,0.84,1766706436638
0,1.0,1766706437750
0,1.0,1766706438642
0,1.0,1766706439471
0,1.0,1766706440572
0,0.85,1766706441501
0,1.0,1766706442380
0,1.0,1766706443581
0,0.96,1766706444387
0,0.84,1766706445379
0,0.84,1766706446581
0,0.98,1766706447358
0,0.83,1766706448454
0,0.92,1766706449341
0,1.0,1766706450159
0,1.0,1766706451300
0,1.0,1766706452151
0,1.0,1766706452919
0,0.85,1766706454060
0,1.0,1766706454939
0,0.99,1766706455885
0,0.84,1766706457012
0,0.85,1766706457765
0,0.84,1766706458645
0,0.84,1766706459846
0,0.85,1766706460673
0,1.0,1766706461754
0,1.0,1766706462753
0,1.0,1766706463483
0,0.83,1766706464381
0,1.0,1766706465471
0,0.85,1766706466322
0,0.84,1766706467450
0,0.83,1766706468479
0,0.85,1766706469367
0,1.0,1766706470492
0,0.84,1766706471369
0,0.86,1766706472324
0,0.86,1766706473504
0,1.0,1766706474284
0,1.0,1766706475263
0,1.0,1766706476393
0,0.99,1766706477233
0,0.85,1766706478253
0,0.84,1766706479261
0,0.85,1766706480127
0,1.0,1766706481320
0,1.0,1766706482210
0,1.0,1766706483169
0,0.84,1766706484369
0,1.0,1766706485197
0,1.0,1766706486237
0,0.98,1766706487315
0,0.85,1766706488069
0,1.0,1766706489140
0,0.97,1766706490140
0,1.0,1766706491015
0,0.85,1766706492213
0,1.0,1766706493119
0,0.86,1766706493903
0,1.0,1766706495086
0,0.92,1766706495899
0,0.94,1766706496640
0,1.0,1766706497803
0,1.0,1766706498632
0,1.0,1766706499526
0,0.84,1766706500713
0,1.0,1766706501536
0,0.99,1766706502550
0,0.84,1766706503557
0,1.0,1766706504376
0,0.86,1766706505462
0,1.0,1766706506426
0,0.86,1766706507238
0,0.95,1766706508471
0,0.84,1766706509330
0,0.86,1766706510131
0,1.0,1766706511245
0,0.83,1766706512146
0,0.85,1766706513046
0,1.0,1766706514191
0,1.0,1766706515049
0,0.86,1766706515910
0,0.86,1766706517098
0,0.89,1766706517873
0,1.0,1766706518741
0,0.98,1766706519925
0,1.0,1766706520765
0,0.99,1766706521673
0,1.0,1766706522717
0,0.86,1766706523521
0,1.0,1766706524564
0,0.89,1766706525622
0,1.0,1766706526393
0,1.0,1766706527382
0,0.8,1766706528431
0,1.0,1766706529266
0,1.0,1766706530537
0,0.89,1766706531416
0,1.0,1766706532319
0,0.85,1766706533463
0,1.0,1766706534309
0,1.0,1766706535085
0,0.85,1766706536254
0,1.0,1766706537063
0,1.0,1766706538063
0,1.0,1766706539186
0,1.0,1766706539935
0,0.84,1766706541034
0,0.86,1766706541905
0,0.85,1766706542633
0,1.0,1766706543702
0,0.86,1766706544677
0,0.84,1766706545529
0,1.0,1766706546623
0,1.0,1766706547494
0,0.83,1766706548376
0,0.85,1766706549522
0,0.95,1766706550333
0,1.0,1766706551079
0,0.96,1766706552023
0,0.84,1766706552988
0,1.0,1766706553754
0,1.0,1766706554816
0,1.0,1766706555717
0,1.0,1766706556543
0,1.0,1766706557673
0,0.97,1766706558530
0,0.86,1766706559481
0,0.95,1766706560627
0,1.0,1766706561437
0,0.99,1766706562459
0,0.97,1766706563508
0,0.9,1766706564319
0,1.0,1766706565381
0,1.0,1766706566469
0,1.0,1766706567272
0,0.85,1766706568467
0,0.9,1766706569381
0,1.0,1766706570230
0,1.0,1766706571438
0,1.0,1766706572242
0,0.89,1766706573173
0,1.0,1766706574380
0,1.0,1766706575104
0,1.0,1766706576030
0,0.84,1766706577069
0,1.0,1766706577801
0,1.0,1766706578825
0,0.94,1766706579967
0,0.84,1766706580735
0,1.0,1766706581825
0,0.85,1766706582833
0,1.0,1766706583642
0,0.99,1766706584806
0,0.85,1766706585638
0,0.84,1766706586381
0,1.0,1766706587381
0,0.98,1766706588349
0,0.83,1766706589123
0,0.84,1766706590270
0,0.91,1766706591198
0,1.0,1766706592033
0,0.85,1766706593138
0,1.0,1766706593973
0,0.86,1766706594929
0,0.85,1766706596136
0,0.88,1766706596982
0,1.0,1766706597958
0,1.0,1766706599003
0,1.0,1766706599787
0,0.83,1766706600784
0,0.85,1766706601842
0,0.89,1766706602683
0,0.85,1766706603788
0,0.84,1766706604870
0,1.0,1766706605706
0,1.0,1766706606888
0,0.85,1766706607825
0,0.98,1766706608666
0,0.83,1766706609931
0,1.0,1766706610735
0,0.89,1766706611627
0,1.0,1766706612849
0,0.86,1766706613625
0,0.99,1766706614569
0,0.84,1766706615747
0,1.0,1766706616506
0,0.92,1766706617543
0,0.83,1766706618579
0,1.0,1766706619352
0,0.83,1766706620306
0,0.83,1766706621325
0,0.85,1766706622161
0,1.0,1766706623317
0,0.79,1766706624298
0,0.86,1766706625034
0,1.0,1766706626180
0,1.0,1766706627059
0,1.0,1766706627777
0,0.83,1766706628745
0,1.0,1766706629746
0,0.97,1766706630533
0,0.83,1766706631729
0,1.0,1766706632709
0,0.85,1766706633622
0,0.84,1766706634775
0,1.0,1766706635553
0,0.91,1766706636409
0,0.84,1766706637581
0,0.85,1766706638329
0,0.83,1766706639268
0,1.0,1766706640441
0,1.0,1766706641264
0,0.83,1766706642217
0,0.84,1766706643298
0,1.0,1766706644133
0,0.92,1766706645243
0,1.0,1766706646254
0,1.0,1766706647077
0,0.84,1766706648235
0,0.84,1766706649111
0,1.0,1766706649982
0,1.0,1766706651174
0,0.82,1766706652041
0,1.0,1766706653009
0,0.86,1766706654161
0,0.83,1766706654950
0,1.0,1766706655954
0,0.99,1766706657108
0,0.83,1766706657961
0,1.0,1766706659093
0,1.0,1766706660072
0,0.99,1766706660889
0,1.0,1766706662074
0,0.85,1766706663014
0,1.0,1766706663926
0,1.0,1766706665090
0,1.0,1766706665891
0,0.91,1766706666883
0,0.83,1766706667937
0,0.99,1766706668754
0,0.79,1766706669884
0,0.84,1766706670842
0,0.85,1766706671641
0,1.0,1766706672731
0,0.83,1766706673677
0,0.85,1766706674518
0,0.84,1766706675710
0,0.84,1766706676520
0,0.84,1766706677454
0,0.89,1766706678637
0,1.0,1766706679456
0,0.85,1766706680418
0,1.0,1766706681503
0,1.0,1766706682364
0,1.0,1766706683487
0,0.99,1766706684469
0,1.0,1766706685321
0,0.98,1766706686571
0,1.0,1766706687357
0,1.0,1766706688322
0,1.0,1766706689345
0,1.0,1766706690129
0,1.0,1766706691108
0,0.89,1766706692230
0,0.93,1766706693045
0,0.84,1766706694200
0,1.0,1766706695119
0,1.0,1766706695916
0,1.0,1766706697020
0,1.0,1766706697933
0,1.0,1766706698865
0,1.0,1766706700013
0,0.97,1766706700972
0,0.85,1766706701941
0,1.0,1766706703061
0,1.0,1766706703895
0,0.98,1766706705005
0,0.83,1766706705970
0,0.84,1766706706700
0,1.0,1766706707732
0,0.82,1766706708789
0,0.84,1766706709689
0,0.85,1766706710777
0,1.0,1766706711786
0,1.0,1766706712739
0,0.85,1766706713678
0,0.95,1766706714701
0,0.83,1766706715737
0,1.0,1766706716797
0,1.0,1766706717790
0,0.84,1766706718708
0,0.93,1766706719783
0,0.85,1766706720808
0,1.0,1766706721792
0,0.84,1766706722916
0,1.0,1766706723853
0,1.0,1766706724879
0,1.0,1766706725794
0,0.85,1766706726706
0,1.0,1766706727685
0,0.83,1766706728671
0,0.85,1766706729635
0,1.0,1766706730622
0,0.84,1766706731525
0,1.0,1766706732453
0,0.92,1766706733467
0,1.0,1766706734373
0,0.85,1766706735454
0,1.0,1766706736351
0,1.0,1766706737129
0,0.85,1766706738231
0,1.0,1766706739181
0,0.85,1766706739996
0,1.0,1766706741157
0,0.83,1766706741996
0,1.0,1766706742782
0,0.86,1766706744012
0,0.83,1766706744900
0,1.0,1766706745738
0,0.85,1766706746913
0,0.83,1766706747722
0,0.85,1766706748673
0,0.83,1766706749770
0,0.84,1766706750565
0,1.0,1766706751641
0,1.0,1766706752660
0,0.83,1766706753457
0,1.0,1766706754567
0,0.85,1766706755567
0,0.83,1766706756298
0,0.85,1766706757385
0,0.86,1766706758387
0,0.83,1766706759236
0,1.0,1766706760470
0,1.0,1766706761353
0,0.83,1766706762205
0,1.0,1766706763367
0,0.84,1766706764181
0,1.0,1766706765068
0,0.87,1766706766190
0,0.86,1766706766977
0,0.83,1766706767883
0,1.0,1766706769117
0,0.84,1766706769946
0,1.0,1766706770826
0,1.0,1766706771949
0,0.91,1766706772770
0,0.84,1766706773959
0,1.0,1766706774919
0,0.85,1766706775747
0,0.84,1766706776804
0,1.0,1766706777707
0,1.0,1766706778464
0,1.0,1766706779571
0,0.85,1766706780553
0,1.0,1766706781409
0,1.0,1766706782600
0,1.0,1766706783483
0,0.85,1766706784325
0,0.84,1766706785561
0,0.85,1766706786377
0,1.0,1766706787315
0,0.82,1766706788538
0,1.0,1766706789316
0,0.94,1766706790377
0,0.84,1766706791470
0,1.0,1766706792304
0,1.0,1766706793402
0,0.99,1766706794222
0,0.85,1766706794937
0,0.95,1766706796051
0,0.83,1766706797045
0,0.85,1766706797883
0,1.0,1766706799103
0,1.0,1766706799993
0,0.85,1766706800845
0,1.0,1766706802101
0,0.83,1766706802864
0,0.85,1766706803770
0,0.85,1766706805054
0,0.83,1766706805876
0,1.0,1766706806777
0,0.84,1766706807925
0,1.0,1766706808731
0,0.99,1766706809791
0,0.85,1766706810805
0,1.0,1766706811620
0,0.86,1766706812685
0,0.85,1766706813581
0,0.84,1766706814505
0,0.83,1766706815734
0,1.0,1766706816542
0,1.0,1766706817487
0,1.0,1766706818714
0,1.0,1766706819523
0,1.0,1766706820420
0,0.83,1766706821487
0,1.0,1766706822229
0,0.83,1766706823233
0,0.99,1766706824350
0,0.85,1766706825148
0,0.83,1766706826234
0,1.0,1766706827331
0,0.84,1766706828220
0,0.98,1766706829360
0,0.98,1766706830226
0,1.0,1766706831083
0,0.99,1766706832205
0,0.84,1766706833041
0,0.85,1766706834018
0,1.0,1766706835112
0,0.92,1766706835854
0,1.0,1766706836818
0,0.84,1766706837931
0,1.0,1766706838702
0,1.0,1766706839733
0,1.0,1766706840625
0,1.0,1766706841420
0,1.0,1766706842429
0,0.83,1766706843450
0,0.84,1766706844242
0,1.0,1766706845357
0,0.83,1766706846260
0,0.85,1766706847178
0,0.85,1766706848397
0,0.99,1766706849204
0,0.82,1766706850178
0,0.85,1766706851340
0,1.0,1766706852153
0,0.97,1766706853301
0,1.0,1766706854256
0,0.83,1766706855097
0,0.96,1766706856177
0,1.0,1766706857111
0,0.84,1766706857901
0,1.0,1766706859004
0,0.99,1766706859885
0,0.82,1766706860731
0,0.92,1766706861783
0,0.92,1766706862568
0,0.84,1766706863451
0,1.0,1766706864427
0,1.0,1766706865208
0,1.0,1766706866068
0,1.0,1766706867320
0,1.0,1766706868017
0,0.85,1766706869029
0,1.0,1766706870093
0,0.83,1766706870867
0,0.85,1766706871833
0,0.99,1766706872937
0,1.0,1766706873841
0,1.0,1766706874951
0,1.0,1766706875887
0,0.83,1766706876707
0,0.98,1766706877791
0,0.85,1766706878771
0,0.83,1766706879707
0,1.0,1766706880786
0,0.85,1766706881661
0,0.83,1766706882701
0,0.91,1766706883735
0,0.85,1766706884549
0,0.89,1766706885606
0,0.99,1766706886571
0,1.0,1766706887497
0,0.78,1766706888617
0,1.0,1766706889486
0,0.82,1766706890549
0,0.85,1766706891540
0,0.83,1766706892418
0,0.83,1766706893487
0,1.0,1766706894522
0,0.99,1766706895372
0,1.0,1766706896456
0,0.85,1766706897410
0,0.83,1766706898326
0,0.88,1766706899393
0,0.84,1766706900375
0,0.84,1766706901342
0,1.0,1766706902324
0,0.99,1766706903176
0,1.0,1766706904306
0,0.99,1766706905313
0,1.0,1766706906313
0,1.0,1766706907376
0,1.0,1766706908358
0,1.0,1766706909398
0,0.99,1766706910464
0,0.84,1766706911457
0,0.98,1766706912525
0,0.99,1766706913539
0,1.0,1766706914520
0,0.97,1766706915525
0,1.0,1766706916495
0,0.84,1766706917452
0,0.96,1766706918408
0,0.85,1766706919496
0,1.0,1766706920456
0,0.84,1766706921454
0,1.0,1766706922491
0,0.86,1766706923440
0,1.0,1766706924516
0,1.0,1766706925543
0,0.97,1766706926436
0,0.84,1766706927477
0,0.86,1766706928345
0,1.0,1766706929389
0,0.99,1766706930353
0,0.85,1766706931204
0,0.83,1766706932281
0,1.0,1766706933256
0,0.99,1766706934163
0,1.0,1766706935286
0,1.0,1766706936098
0,0.85,1766706936893
0,0.84,1766706938099
0,1.0,1766706938978
0,0.99,1766706939893
0,1.0,1766706941108
0,1.0,1766706941888
0,1.0,1766706942814
0,0.84,1766706943974
0,1.0,1766706944838
0,1.0,1766706945922
0,1.0,1766706947014
0,1.0,1766706947861
0,1.0,1766706949106
0,1.0,1766706950022
0,1.0,1766706950688
0,1.0,1766706951758
0,1.0,1766706952711
0,0.84,1766706953540
0,0.84,1766706954808
0,1.0,1766706955631
0,1.0,1766706956483
0,0.86,1766706957718
0,1.0,1766706958548
0,0.92,1766706959478
0,1.0,1766706960679
0,0.84,1766706961422
0,0.85,1766706962412
0,1.0,1766706963519
0,1.0,1766706964349
0,1.0,1766706965366
0,0.85,1766706966375
0,0.9,1766706967138
0,0.99,1766706968217
0,0.99,1766706969238
0,1.0,1766706970183
0,0.85,1766706971259
0,1.0,1766706972190
0,0.99,1766706973222
0,1.0,1766706974313
0,0.86,1766706975133
0,0.83,1766706976150
0,1.0,1766706977268
0,0.85,1766706978102
0,1.0,1766706979087
0,0.89,1766706980049
0,0.96,1766706980935
0,1.0,1766706982189
0,0.85,1766706983029
0,0.86,1766706983936
0,0.86,1766706985194
0,1.0,1766706986058
0,1.0,1766706987048
0,1.0,1766706988203
0,0.86,1766706988976
0,1.0,1766706990039
0,1.0,1766706990970
0,0.85,1766706991794
0,0.86,1766706992995
0,1.0,1766706993907
0,1.0,1766706994901
0,0.85,1766706996124
0,1.0,1766706996912
0,1.0,1766706997959
0,1.0,1766706999036
0,1.0,1766706999891
0,1.0,1766707000981
0,1.0,1766707001952
0,1.0,1766707002875
0,1.0,1766707004132
0,0.86,1766707004972
0,1.0,1766707005916
0,0.84,1766707007026
0,0.85,1766707007918
0,1.0,1766707009069
0,1.0,1766707010119
0,1.0,1766707010949
0,0.85,1766707012155
0,1.0,1766707013103
0,0.98,1766707014124
0,1.0,1766707015303
0,1.0,1766707016170
0,1.0,1766707017200
0,1.0,1766707018215
0,1.0,1766707019133
0,0.84,1766707020280
0,1.0,1766707021201
0,1.0,1766707022150
0,0.84,1766707023276
0,1.0,1766707024188
0,0.99,1766707025281
0,0.83,1766707026295
0,1.0,1766707027203
0,0.98,1766707028280
0,0.83,1766707029202
0,0.85,1766707030097
0,0.85,1766707031208
0,0.84,1766707032189
0,0.9,1766707033282
0,1.0,1766707034342
0,1.0,1766707035102
0,0.96,1766707036194
0,1.0,1766707037195
0,1.0,1766707038039
0,1.0,1766707039119
0,0.84,1766707040090
0,0.83,1766707041153
0,0.87,1766707042215
0,0.85,1766707043164
0,1.0,1766707044201
0,0.83,1766707045178
0,0.83,1766707046137
0,1.0,1766707047179
0,0.83,1766707048042
0,1.0,1766707048971
0,0.85,1766707050060
0,0.99,1766707051012
0,1.0,1766707052046
0,0.98,1766707052994
0,1.0,1766707054036
0,0.94,1766707055127
0,0.97,1766707056027
0,0.84,1766707057044
0,1.0,1766707058041
0,0.97,1766707059039
0,1.0,1766707059992
0,0.87,1766707060935
0,1.0,1766707061969
0,1.0,1766707062941
0,0.83,1766707064080
0,0.83,1766707065027
0,0.9,1766707065960
0,0.84,1766707067045
0,1.0,1766707067994
0,0.83,1766707069099
0,0.84,1766707070190
0,0.85,1766707070993
0,0.98,1766707072042
0,0.84,1766707073004
0,0.83,1766707074003
0,1.0,1766707075131
0,1.0,1766707075937
0,0.99,1766707076971
0,1.0,1766707078113
0,0.84,1766707078977
0,0.89,1766707080073
0,0.85,1766707081096
0,0.84,1766707082004
0,1.0,1766707083123
0,1.0,1766707084019
0,0.94,1766707085078
0,0.84,1766707086172
0,0.85,1766707086975
0,0.85,1766707088088
0,1.0,1766707089101
0,0.85,1766707089919
0,1.0,1766707091041
0,1.0,1766707092043
0,0.85,1766707092923
0,1.0,1766707094154
0,0.84,1766707094998
0,1.0,1766707095954
0,1.0,1766707097016
0,1.0,1766707097843
0,0.99,1766707099057
0,1.0,1766707099999
0,1.0,1766707100877
0,0.91,1766707101989
0,0.85,1766707102868
0,0.84,1766707103806
0,0.84,1766707105010
0,0.85,1766707105826
0,1.0,1766707106902
0,0.82,1766707107994
0,1.0,1766707108815
0,1.0,1766707109890
0,1.0,1766707110853
0,0.85,1766707111681
0,1.0,1766707112966
0,0.83,1766707113803
0,0.96,1766707114682
0,0.85,1766707115965
0,1.0,1766707116715
0,1.0,1766707117689
0,0.85,1766707118901
0,1.0,1766707119664
0,0.97,1766707120534
0,0.99,1766707121699
0,1.0,1766707122468
0,0.85,1766707123487
0,0.97,1766707124539
0,0.97,1766707125396
0,0.85,1766707126471
0,1.0,1766707127482
0,0.81,1766707128334
0,1.0,1766707129529
0,0.99,1766707130406
0,1.0,1766707131306
0,0.85,1766707132587
0,0.85,1766707133428
0,1.0,1766707134451
0,0.91,1766707135482
0,0.93,1766707136258
0,1.0,1766707137327
0,1.0,1766707138387
0,0.97,1766707139195
0,0.01,1766707140301
0,0.89,1766707141238
0,0.99,1766707142094
0,1.0,1766707143319
0,1.0,1766707144191
0,0.91,1766707145100
0,1.0,1766707146251
0,0.83,1766707147077
0,1.0,1766707148203
0,0.83,1766707149234
0,1.0,1766707150030
0,0.85,1766707151196
0,1.0,1766707152154
0,1.0,1766707152869
0,1.0,1766707154047
0,0.85,1766707154976
0,0.85,1766707155895
0,0.85,1766707157092
0,0.83,1766707157965
0,1.0,1766707159002
0,0.85,1766707160140
0,0.82,1766707160988
0,1.0,1766707162147
0,0.84,1766707163143
0,1.0,1766707163943
0,0.84,1766707165179
0,0.85,1766707166079
0,1.0,1766707167020
0,0.85,1766707168212
0,0.85,1766707169026
0,0.84,1766707170030
0,0.83,1766707171140
0,0.85,1766707171998
0,0.98,1766707173101
0,0.84,1766707173985
0,1.0,1766707174923
0,0.99,1766707176066
0,0.83,1766707176939
0,0.85,1766707177920
0,1.0,1766707179018
0,0.82,1766707179824
0,1.0,1766707180858
0,1.0,1766707181922
0,0.83,1766707182807
0,0.85,1766707183914
0,0.84,1766707184826
0,1.0,1766707185743
0,0.82,1766707186922
0,0.85,1766707187873
0,1.0,1766707188898
0,0.86,1766707189975
0,1.0,1766707190780
0,0.85,1766707191776
0,1.0,1766707192772
0,0.85,1766707193689
0,0.84,1766707194743
0,0.85,1766707195678
0,0.85,1766707196667
0,0.83,1766707197763
0,0.85,1766707198695
0,1.0,1766707199711
0,1.0,1766707200751
0,0.94,1766707201692
0,1.0,1766707202717
0,0.82,1766707203738
0,0.95,1766707204670
0,1.0,1766707205587
0,1.0,1766707206495
0,0.85,1766707207440
0,0.87,1766707208476
0,1.0,1766707209466
0,1.0,1766707210494
0,1.0,1766707211546
0,0.82,1766707212623
0,1.0,1766707213595
0,1.0,1766707214558
0,0.83,1766707215536
0,0.9,1766707216566
0,0.83,1766707217538
0,0.85,1766707218572
0,0.83,1766707219594
0,0.85,1766707220561
0,0.87,1766707221530
0,0.84,1766707222622
0,1.0,1766707223483
0,1.0,1766707224558
0,1.0,1766707225660
0,1.0,1766707226536
0,0.85,1766707227611
0,1.0,1766707228637
0,1.0,1766707229551
0,0.85,1766707230659
0,0.83,1766707231577
0,0.85,1766707232510
0,0.88,1766707233523
0,1.0,1766707234570
0,1.0,1766707235574
0,1.0,1766707236579
0,0.83,1766707237534
0,1.0,1766707238610
0,1.0,1766707239538
0,1.0,1766707240602
0,1.0,1766707241660
0,0.86,1766707242502
0,0.82,1766707243603
0,0.96,1766707244540
0,0.96,1766707245479
0,0.85,1766707246623
0,1.0,1766707247587
0,0.82,1766707248682
0,0.97,1766707249621
0,1.0,1766707250477
0,0.85,1766707251702
1,1.0,1766707252679
1,0.84,1766707253616
1,0.97,1766707254744
1,0.99,1766707255548
1,0.84,1766707256566
1,0.84,1766707257795
1,0.86,1766707258572
1,1.0,1766707259486
1,1.0,1766707260545
1,1.0,1766707261347
1,0.84,1766707262430
1,1.0,1766707263382
1,0.83,1766707264139
1,1.0,1766707265282
1,0.86,1766707266259
1,0.93,1766707267144
1,0.84,1766707268325
1,0.84,1766707269208
1,1.0,1766707270202
1,0.84,1766707271214
1,0.83,1766707272091
1,1.0,1766707273228
1,1.0,1766707274196
1,0.85,1766707275029
1,0.85,1766707276223
1,0.84,1766707277192
1,0.85,1766707278135
1,0.85,1766707279288
1,0.83,1766707280122
1,1.0,1766707281135
1,0.86,1766707282211
1,1.0,1766707283014
1,1.0,1766707284141
1,1.0,1766707285080
1,0.85,1766707285913
1,0.87,1766707287118
1,0.85,1766707288018
1,0.83,1766707288946
1,0.96,1766707290064
1,1.0,1766707290930
1,0.83,1766707291932
1,1.0,1766707292963
1,0.85,1766707293843
1,1.0,1766707295029
1,0.95,1766707295950
1,0.85,1766707296856
1,1.0,1766707298083
1,0.88,1766707298969
1,0.86,1766707299996
1,1.0,1766707301126
1,0.83,1766707301939
1,1.0,1766707302950
1,1.0,1766707303884
1,0.97,1766707304698
1,0.84,1766707305876
1,1.0,1766707306869
1,0.97,1766707307732
1,0.86,1766707308924
1,0.83,1766707309790
1,0.85,1766707310768
1,0.86,1766707311797
1,0.98,1766707312664
1,1.0,1766707313803
1,0.92,1766707314775
1,0.96,1766707315653
1,0.85,1766707316815
1,1.0,1766707317746
1,0.87,1766707318646
1,1.0,1766707319884
1,1.0,1766707320686
1,0.85,1766707321659
1,1.0,1766707322838
1,1.0,1766707323642
1,1.0,1766707324777
1,1.0,1766707325815
1,0.99,1766707326695
1,0.86,1766707327864
1,0.83,1766707328757
1,0.93,1766707329663
1,0.85,1766707330870
1,0.84,1766707331663
1,1.0,1766707332610
1,1.0,1766707333800
1,0.83,1766707334550
1,1.0,1766707335657
1,1.0,1766707336728
1,1.0,1766707337540
1,1.0,1766707338656
1,0.85,1766707339674
1,1.0,1766707340471
1,1.0,1766707341379
1,0.93,1766707342308
1,1.0,1766707343175
1,1.0,1766707344315
1,0.85,1766707345202
1,1.0,1766707346042
1,0.85,1766707347177
1,1.0,1766707348040
1,0.84,1766707348908
1,1.0,1766707350147
1,0.84,1766707350848
1,1.0,1766707351760
1,0.85,1766707352917
1,0.84,1766707353707
1,1.0,1766707354744
1,0.84,1766707355845
1,1.0,1766707356622
1,0.89,1766707357734
1,0.97,1766707358726
1,0.84,1766707359563
1,0.84,1766707360722
1,1.0,1766707361703
1,1.0,1766707362573
1,0.83,1766707363755
1,0.85,1766707364642
1,0.82,1766707365597
1,1.0,1766707366756
1,0.85,1766707367611
1,0.91,1766707368761
1,1.0,1766707369848
1,1.0,1766707370712
1,0.86,1766707371873
1,1.0,1766707372819
1,0.84,1766707373727
1,0.97,1766707374816
1,0.82,1766707375664
1,0.89,1766707376708
1,0.01,1766707377795
1,0.84,1766707378556
1,1.0,1766707379671
1,1.0,1766707380769
1,1.0,1766707381642
1,0.84,1766707382760
1,0.85,1766707383613
1,1.0,1766707384532
1,1.0,1766707385640
1,1.0,1766707386568
1,1.0,1766707387644
1,0.84,1766707388734
1,1.0,1766707389627
1,1.0,1766707390731
1,0.83,1766707391647
1,1.0,1766707392578
1,0.83,1766707393594
1,1.0,1766707394483
1,0.86,1766707395352
1,1.0,1766707396450
1,1.0,1766707397378
1,0.85,1766707398468
1,0.88,1766707399602
1,0.83,1766707400519
1,1.0,1766707401580
1,0.85,1766707402563
1,0.84,1766707403531
1,0.85,1766707404666
1,0.99,1766707405634
1,0.84,1766707406722
1,0.98,1766707407754
1,1.0,1766707408658
1,0.83,1766707409716
1,0.89,1766707410686
1,1.0,1766707411753
1,1.0,1766707412778
1,0.83,1766707413679
1,0.86,1766707414714
1,0.85,1766707415705
1,1.0,1766707416597
1,0.86,1766707417600
1,0.95,1766707418663
1,0.83,1766707419654
1,1.0,1766707420734
1,0.99,1766707421735
1,1.0,1766707422790
1,1.0,1766707423845
1,0.85,1766707424843
1,0.84,1766707425917
1,1.0,1766707426962
1,0.85,1766707428011
1,1.0,1766707428971
1,1.0,1766707429968
1,0.86,1766707430938
1,0.84,1766707432047
1,1.0,1766707433060
1,0.97,1766707433941
1,1.0,1766707435023
1,0.83,1766707435919
1,0.85,1766707436878
1,1.0,1766707438026
1,0.82,1766707438895
1,1.0,1766707439882
1,0.86,1766707441039
1,0.84,1766707441832
1,1.0,1766707443026
1,1.0,1766707444070
1,0.84,1766707444927
1,1.0,1766707446026
1,1.0,1766707446903
1,1.0,1766707447837
1,0.83,1766707449008
1,1.0,1766707449859
1,0.89,1766707450847
1,0.84,1766707452054
1,1.0,1766707452877
1,0.93,1766707454012
1,0.83,1766707454873
1,1.0,1766707455650
1,1.0,1766707456866
1,1.0,1766707457726
1,1.0,1766707458607
1,0.84,1766707459693
1,1.0,1766707460494
1,1.0,1766707461492
1,1.0,1766707462636
1,1.0,1766707463441
1,0.84,1766707464367
1,1.0,1766707465516
1,1.0,1766707466299
1,0.85,1766707467395
1,1.0,1766707468363
1,0.83,1766707469195
1,0.99,1766707470357
1,0.83,1766707471269
1,1.0,1766707472100
1,0.85,1766707473363
1,0.84,1766707474178
1,0.86,1766707475069
1,0.86,1766707476244
1,0.84,1766707477014
1,1.0,1766707477982
1,1.0,1766707479144
1,1.0,1766707479926
1,1.0,1766707480942
1,0.86,1766707481990
1,0.84,1766707482815
1,0.86,1766707483951
1,1.0,1766707485016
1,0.84,1766707485832
1,0.86,1766707486874
1,0.99,1766707487887
1,1.0,1766707488828
1,0.85,1766707490052
1,0.86,1766707490823
1,1.0,1766707491693
1,1.0,1766707492951
1,0.86,1766707493767
1,1.0,1766707494609
1,1.0,1766707495796
1,1.0,1766707496612
1,1.0,1766707497580
1,0.85,1766707498654
1,0.82,1766707499384
1,1.0,1766707500394
1,1.0,1766707501439
1,1.0,1766707502220
1,1.0,1766707503205
1,1.0,1766707504235
1,1.0,1766707505124
1,0.99,1766707506289
1,0.85,1766707507194
1,1.0,1766707508042
1,0.84,1766707509235
1,1.0,1766707510075
1,1.0,1766707511060
1,0.84,1766707512191
1,1.0,1766707513018
1,1.0,1766707514027
1,0.84,1766707515110
1,0.97,1766707515879
1,0.83,1766707516944
1,0.99,1766707517919
1,1.0,1766707518758
1,0.9,1766707519956
1,1.0,1766707520909
1,1.0,1766707521776
1,0.98,1766707522909
1,1.0,1766707523711
1,0.85,1766707524630
1,0.84,1766707525721
1,1.0,1766707526556
1,0.85,1766707527588
1,0.84,1766707528561
1,0.85,1766707529378
1,1.0,1766707530508
1,1.0,1766707531522
1,0.86,1766707532332
1,1.0,1766707533509
1,1.0,1766707534354
1,1.0,1766707535126
1,1.0,1766707536260
1,1.0,1766707537138
1,1.0,1766707538001
1,0.99,1766707539228
1,0.83,1766707540052
1,0.85,1766707541039
1,0.85,1766707542169
1,0.84,1766707542926
1,0.84,1766707543890
1,1.0,1766707544995
1,0.84,1766707545827
1,1.0,1766707547017
1,0.91,1766707548039
1,0.84,1766707548888
1,0.99,1766707550021
1,1.0,1766707550871
1,0.97,1766707551774
1,1.0,1766707552997
1,1.0,1766707553826
1,1.0,1766707554848
1,0.99,1766707555927
1,0.85,1766707556762
1,0.84,1766707557762
1,1.0,1766707558707
1,0.85,1766707559551
1,1.0,1766707560750
1,1.0,1766707561692
1,0.85,1766707562544
1,1.0,1766707563793
1,0.99,1766707564632
1,0.97,1766707565543
1,0.84,1766707566730
1,0.95,1766707567559
1,0.85,1766707568620
1,0.87,1766707569653
1,1.0,1766707570552
1,0.84,1766707571689
1,0.99,1766707572615
1,1.0,1766707573579
1,1.0,1766707574686
1,1.0,1766707575538
1,0.84,1766707576587
1,1.0,1766707577595
1,0.98,1766707578461
1,0.84,1766707579510
1,0.85,1766707580472
1,0.83,1766707581393
1,1.0,1766707582556
1,0.86,1766707583491
1,1.0,1766707584492
1,1.0,1766707585551
1,1.0,1766707586503
1,1.0,1766707587554
1,0.84,1766707588559
1,0.85,1766707589491
1,1.0,1766707590463
1,0.83,1766707591450
1,0.99,1766707592490
1,1.0,1766707593487
1,0.83,1766707594456
1,0.9,1766707595462
1,1.0,1766707596405
1,0.84,1766707597397
1,0.84,1766707598498
1,1.0,1766707599375
1,1.0,1766707600425
1,0.84,1766707601484
1,0.85,1766707602367
1,1.0,1766707603364
1,0.98,1766707604301
1,1.0,1766707605255
1,1.0,1766707606206
1,1.0,1766707607110
1,0.85,1766707608255
1,0.85,1766707609357
1,0.99,1766707610218
1,0.85,1766707611333
1,0.84,1766707612350
1,0.83,1766707613342
1,1.0,1766707614353
1,0.01,1766707615259
1,0.83,1766707616356
1,1.0,1766707617310
1,0.95,1766707618240
1,1.0,1766707619358
1,0.95,1766707620303
1,0.85,1766707621331
1,1.0,1766707622367
1,1.0,1766707623249
1,1.0,1766707624386
1,1.0,1766707625268
1,0.99,1766707626211
1,0.85,1766707627408
1,0.84,1766707628260
1,0.91,1766707629268
1,1.0,1766707630381
1,0.85,1766707631272
1,0.84,1766707632243
1,1.0,1766707633234
1,1.0,1766707634185
1,0.83,1766707635292
1,1.0,1766707636210
1,1.0,1766707637266
1,0.83,1766707638272
1,0.84,1766707639180
1,1.0,1766707640217
1,1.0,1766707641130
1,1.0,1766707642052
1,0.99,1766707643160
1,0.85,1766707644065
1,0.85,1766707645134
1,1.0,1766707646192
1,0.85,1766707647078
1,1.0,1766707648174
1,1.0,1766707649181
1,1.0,1766707650170
1,1.0,1766707651266
1,1.0,1766707652246
1,0.83,1766707653237
1,1.0,1766707654274
1,1.0,1766707655105
1,1.0,1766707656162
1,1.0,1766707657116
1,1.0,1766707658023
1,1.0,1766707659092
1,0.93,1766707660102
1,0.94,1766707661016
1,1.0,1766707661911
1,0.85,1766707662946
1,1.0,1766707664005
1,0.85,1766707665054
1,1.0,1766707666016
1,0.99,1766707666966
1,1.0,1766707668170
1,0.86,1766707669024
1,0.84,1766707670032
1,1.0,1766707671007
1,1.0,1766707671915
1,1.0,1766707673032
1,1.0,1766707674011
1,1.0,1766707674888
1,0.99,1766707675938
1,1.0,1766707676902
1,0.98,1766707677952
1,1.0,1766707679018
1,1.0,1766707679943
1,0.85,1766707681062
1,1.0,1766707682020
1,0.92,1766707682944
1,1.0,1766707683980
1,0.86,1766707684929
1,0.86,1766707685907
1,1.0,1766707686969
1,1.0,1766707687854
1,0.84,1766707688948
1,1.0,1766707690111
1,0.84,1766707690879
1,1.0,1766707691930
1,1.0,1766707692879
1,0.86,1766707693739
1,1.0,1766707694836
1,1.0,1766707695750
1,0.86,1766707696614
1,0.86,1766707697730
1,0.84,1766707698587
1,1.0,1766707699658
1,0.86,1766707700719
1,1.0,1766707701593
1,1.0,1766707702638
1,1.0,1766707703624
1,0.99,1766707704531
1,1.0,1766707705663
1,1.0,1766707706566
1,0.84,1766707707568
1,1.0,1766707708722
1,0.99,1766707709526
1,1.0,1766707710520
1,0.86,1766707711520
1,1.0,1766707712241
1,1.0,1766707713383
1,1.0,1766707714385
1,0.99,1766707715229
1,0.84,1766707716404
1,0.86,1766707717279
1,1.0,1766707718110
1,0.84,1766707719303
1,0.85,1766707720115
1,0.84,1766707721040
1,1.0,1766707722207
1,1.0,1766707723023
1,0.82,1766707724046
1,0.9,1766707725071
1,0.86,1766707725858
1,1.0,1766707726916
1,1.0,1766707727880
1,0.86,1766707728702
1,1.0,1766707729864
1,0.86,1766707730783
1,0.85,1766707731696
1,1.0,1766707732845
1,0.08,1766707733698
1,0.85,1766707734674
1,1.0,1766707735903
1,1.0,1766707736584
1,1.0,1766707737425
1,1.0,1766707738686
1,0.85,1766707739482
1,0.99,1766707740449
1,1.0,1766707741579
1,1.0,1766707742388
1,1.0,1766707743432
1,1.0,1766707744475
1,0.84,1766707745238
1,0.85,1766707746321
1,1.0,1766707747350
1,1.0,1766707748203
1,0.85,1766707749388
1,1.0,1766707750290
1,1.0,1766707751175
1,0.85,1766707752376
1,0.83,1766707753160
1,1.0,1766707754028
1,0.85,1766707755151
1,0.83,1766707755950
1,0.85,1766707756911
1,1.0,1766707758121
1,1.0,1766707758915
1,0.84,1766707759820
1,1.0,1766707760966
1,0.84,1766707761759
1,1.0,1766707762841
1,1.0,1766707763779
1,0.84,1766707764546
1,1.0,1766707765654
1,0.86,1766707766631
1,0.99,1766707767486
1,1.0,1766707768683
1,0.84,1766707769478
1,0.96,1766707770348
1,0.85,1766707771570
1,0.84,1766707772332
1,0.96,1766707773272
1,1.0,1766707774521
1,1.0,1766707775275
1,1.0,1766707776244
1,1.0,1766707777374
1,0.84,1766707778223
1,1.0,1766707779352
1,1.0,1766707780339
1,0.84,1766707781156
1,0.97,1766707782258
1,1.0,1766707783187
1,0.81,1766707784017
1,0.84,1766707785142
1,1.0,1766707785977
1,1.0,1766707786911
1,1.0,1766707788094
1,0.85,1766707788863
1,0.83,1766707789796
1,0.84,1766707791054
1,0.98,1766707791844
1,0.8,1766707792793
1,0.97,1766707793850
1,1.0,1766707794646
1,0.83,1766707795760
1,0.88,1766707796750
1,0.91,1766707797504
1,0.83,1766707798519
1,0.85,1766707799564
1,1.0,1766707800396
1,0.83,1766707801498
1,1.0,1766707802389
1,1.0,1766707803308
1,1.0,1766707804491
1,1.0,1766707805306
1,1.0,1766707806238
1,0.83,1766707807374
1,0.85,1766707808218
1,0.85,1766707809266
1,0.83,1766707810301
1,1.0,1766707811201
1,0.85,1766707812372
1,0.84,1766707813155
1,0.86,1766707814020
1,0.85,1766707815264
1,1.0,1766707816092
1,0.84,1766707817022
1,0.85,1766707818073
1,0.84,1766707818890
1,1.0,1766707819968
1,0.85,1766707821039
1,0.99,1766707821841
1,1.0,1766707822939
1,0.98,1766707823950
1,0.84,1766707824739
1,1.0,1766707825842
1,0.82,1766707826624
1,1.0,1766707827390
1,0.85,1766707828503
1,0.84,1766707829436
1,0.85,1766707830304
1,0.85,1766707831519
1,0.82,1766707832364
1,1.0,1766707833257
1,0.84,1766707834446
1,1.0,1766707835276
1,0.93,1766707836425
1,1.0,1766707837430
1,0.84,1766707838233
1,0.84,1766707839407
1,1.0,1766707840350
1,1.0,1766707841275
1,1.0,1766707842297
1,1.0,1766707843174
1,0.98,1766707844056
1,1.0,1766707845203
1,0.98,1766707846080
1,0.84,1766707847135
1,0.85,1766707848319
1,1.0,1766707849166
1,0.89,1766707850294
1,0.84,1766707851194
1,1.0,1766707851961
1,1.0,1766707853024
1,0.88,1766707853969
1,1.0,1766707854821
1,1.0,1766707856018
1,0.84,1766707856942
1,1.0,1766707857982
1,0.94,1766707859069
1,0.85,1766707859903
1,1.0,1766707861018
1,0.97,1766707861963
1,0.83,1766707862927
1,1.0,1766707864143
1,1.0,1766707864989
1,1.0,1766707866082
1,1.0,1766707867019
1,1.0,1766707867822
1,1.0,1766707868878
1,1.0,1766707869894
1,0.84,1766707870794
1,1.0,1766707871834
1,1.0,1766707872750
1,1.0,1766707873694
1,0.83,1766707874736
1,1.0,1766707875558
1,1.0,1766707876522
1,1.0,1766707877648
1,1.0,1766707878492
1,0.85,1766707879502
1,0.89,1766707880552
1,1.0,1766707881527
1,0.83,1766707882554
1,0.84,1766707883554
1,0.85,1766707884491
1,0.9,1766707885492
1,0.99,1766707886462
1,0.85,1766707887444
1,1.0,1766707888382
1,0.96,1766707889407
1,0.85,1766707890464
1,0.84,1766707891399
1,0.89,1766707892407
1,1.0,1766707893396
1,1.0,1766707894318
1,0.99,1766707895377
1,0.85,1766707896415
1,0.9,1766707897356
1,0.85,1766707898384
1,1.0,1766707899216
1,0.82,1766707900198
1,1.0,1766707901224
1,1.0,1766707902111
1,0.83,1766707903189
1,0.86,1766707904162
1,1.0,1766707905125
1,0.97,1766707906355
1,1.0,1766707907187
1,1.0,1766707908309
1,0.86,1766707909403
1,0.83,1766707910199
1,0.86,1766707911301
1,1.0,1766707912287
1,0.84,1766707913170
1,1.0,1766707914279
1,0.86,1766707915187
1,0.84,1766707916156
1,0.88,1766707917344
1,0.85,1766707918220
1,0.87,1766707919319
1,0.84,1766707920315
1,0.98,1766707921264
1,0.86,1766707922420
1,1.0,1766707923304
1,0.86,1766707924263
1,1.0,1766707925308
1,0.88,1766707926180
1,1.0,1766707927152
1,1.0,1766707928131
1,0.98,1766707929000
1,1.0,1766707930228
1,1.0,1766707931039
1,1.0,1766707932082
1,0.85,1766707933260
1,0.94,1766707934111
1,1.0,1766707935250
1,0.85,1766707936215
1,0.82,1766707936990
1,1.0,1766707938070
1,1.0,1766707938970
1,1.0,1766707939800
1,0.96,1766707940857
1,1.0,1766707941662
1,0.84,1766707942553
1,1.0,1766707943797
1,1.0,1766707944706
1,1.0,1766707945678
1,0.99,1766707946790
1,0.85,1766707947608
1,1.0,1766707948663
1,0.82,1766707949658
1,0.99,1766707950542
1,1.0,1766707951735
1,0.82,1766707952658
1,1.0,1766707953544
1,0.99,1766707954790
1,1.0,1766707955586
1,0.85,1766707956500
1,0.83,1766707957624
1,0.85,1766707958462
1,1.0,1766707959521
1,1.0,1766707960492
1,0.83,1766707961342
1,0.85,1766707962507
1,0.89,1766707963435
1,0.98,1766707964226
1,0.86,1766707965452
1,1.0,1766707966332
1,0.98,1766707967329
1,0.91,1766707968484
1,0.96,1766707969263
1,1.0,1766707970352
1,0.01,1766707971416
1,1.0,1766707972280
1,0.84,1766707973347
1,0.83,1766707974332
1,0.97,1766707975207
1,1.0,1766707976392
1,0.99,1766707977274
1,0.84,1766707978284
1,0.83,1766707979226
1,0.83,1766707980075
1,1.0,1766707981135
1,0.85,1766707982184
1,0.89,1766707983096
1,1.0,1766707984108
1,1.0,1766707985073
1,0.84,1766707986122
1,0.85,1766707987078
1,0.85,1766707987950
1,1.0,1766707989058
1,1.0,1766707990082
1,1.0,1766707990887
1,0.84,1766707991993
1,0.96,1766707992967
1,0.87,1766707993828
1,0.84,1766707994951
1,0.84,1766707995815
1,1.0,1766707996803
1,1.0,1766707997957
1,0.99,1766707998783
1,0.98,1766707999922
1,0.95,1766708000947
1,0.84,1766708001921
1,0.85,1766708003014
1,0.96,1766708003894
1,0.87,1766708004845
1,0.86,1766708005866
1,0.89,1766708006774
1,0.84,1766708007800
1,0.98,1766708008956
1,0.85,1766708009815
1,1.0,1766708010928
1,0.97,1766708011903
1,1.0,1766708012877
1,0.81,1766708014027
1,0.84,1766708014928
1,0.85,1766708015994
1,0.97,1766708016982
1,0.84,1766708017908
1,0.85,1766708019048
1,0.97,1766708019940
1,0.99,1766708020831
1,1.0,1766708021928
1,0.99,1766708022854
1,0.83,1766708023908
1,1.0,1766708025004
1,0.84,1766708025804
1,1.0,1766708026973
1,0.99,1766708027923
1,1.0,1766708028884
1,0.85,1766708030047
1,0.84,1766708030862
1,1.0,1766708031842
1,1.0,1766708032910
1,1.0,1766708033780
1,0.85,1766708034806
1,0.95,1766708035765
1,1.0,1766708036642
1,0.84,1766708037689
1,1.0,1766708038534
1,0.95,1766708039515
1,1.0,1766708040695
1,0.83,1766708041539
1,0.98,1766708042680
1,1.0,1766708043598
1,1.0,1766708044457
1,1.0,1766708045539
1,1.0,1766708046486
1,0.81,1766708047357
1,1.0,1766708048461
1,0.85,1766708049354
1,0.9,1766708050470
1,1.0,1766708051572
1,0.86,1766708052379
1,0.85,1766708053460
1,1.0,1766708054386
1,0.89,1766708055328
1,1.0,1766708056461
1,1.0,1766708057400
1,1.0,1766708058478
1,1.0,1766708059514
1,0.83,1766708060326
1,1.0,1766708061519
1,0.94,1766708062526
1,0.86,1766708063438
1,1.0,1766708064554
1,1.0,1766708065304
1,0.97,1766708066353
1,0.85,1766708067455
1,1.0,1766708068270
1,0.97,1766708069329
1,1.0,1766708070357
1,1.0,1766708071247
1,0.95,1766708072382
1,0.84,1766708073308
1,0.85,1766708074317
1,1.0,1766708075442
1,0.82,1766708076318
1,0.89,1766708077410
1,0.84,1766708078410
1,0.85,1766708079279
1,0.99,1766708080367
1,1.0,1766708081233
1,1.0,1766708082187
1,0.97,1766708083292
1,0.85,1766708084186
1,0.96,1766708085274
1,0.83,1766708086340
1,0.85,1766708087207
1,0.97,1766708088412
1,1.0,1766708089432
1,0.01,1766708090422
1,1.0,1766708091523
1,0.86,1766708092460
1,1.0,1766708093560
1,0.96,1766708094599
1,1.0,1766708095534
1,0.96,1766708096588
1,1.0,1766708097595
1,0.84,1766708098642
1,1.0,1766708099656
1,0.82,1766708100617
1,0.92,1766708101709
1,0.84,1766708102743
1,1.0,1766708103651
1,0.84,1766708104722
1,0.85,1766708105724
1,1.0,1766708106700
1,1.0,1766708107705
1,0.85,1766708108642
1,1.0,1766708109678
1,0.83,1766708110700
1,1.0,1766708111728
1,0.86,1766708112842
1,0.83,1766708113708
1,1.0,1766708114774
1,0.86,1766708115790
1,1.0,1766708116622
1,1.0,1766708117758
1,0.98,1766708118689
1,0.84,1766708119712
1,0.99,1766708120743
1,1.0,1766708121713
1,0.85,1766708122773
1,0.94,1766708123765
1,1.0,1766708124658
1,0.95,1766708125759
1,0.83,1766708126710
1,0.83,1766708127764
1,0.83,1766708128822
1,0.81,1766708129713
1,0.87,1766708130854
1,1.0,1766708131830
1,1.0,1766708132837
1,0.96,1766708133855
1,0.83,1766708134787
1,1.0,1766708135807
1,1.0,1766708136850
1,0.85,1766708137594
1,0.85,1766708138648
1,1.0,1766708139699
1,1.0,1766708140682
1,0.81,1766708141717
1,1.0,1766708142523
1,0.96,1766708143596
1,0.96,1766708144611
1,1.0,1766708145518
1,0.85,1766708146599
1,0.81,1766708147498
1,0.77,1766708148518
1,0.85,1766708149611
1,0.86,1766708150489
1,1.0,1766708151513
1,0.88,1766708152574
1,0.87,1766708153394
1,1.0,1766708154391
1,1.0,1766708155437
1,1.0,1766708156311
1,1.0,1766708157499
1,0.99,1766708158486
1,1.0,1766708159493
1,1.0,1766708160586
1,0.88,1766708161426
1,0.84,1766708162388
1,0.84,1766708163375
1,1.0,1766708164202
1,0.84,1766708165238
1,0.84,1766708166239
1,1.0,1766708167111
1,0.99,1766708168168
1,1.0,1766708169111
1,1.0,1766708170111
1,1.0,1766708171272
1,1.0,1766708172167
1,0.84,1766708173246
1,0.85,1766708174309
1,1.0,1766708175184
1,0.83,1766708176226
2,1.0,1766708177222
2,1.0,1766708178207
2,0.98,1766708179222
2,0.81,1766708180232
2,0.99,1766708181246
2,1.0,1766708182193
2,0.98,1766708183219
2,1.0,1766708184236
2,0.77,1766708185251
2,1.0,1766708186275
2,1.0,1766708187255
2,1.0,1766708188226
2,0.83,1766708189223
2,1.0,1766708190157
2,0.95,1766708191183
2,1.0,1766708192211
2,0.82,1766708193248
2,0.86,1766708194210
2,0.84,1766708195199
2,0.93,1766708196199
2,1.0,1766708197200
2,1.0,1766708198243
2,0.97,1766708199227
2,0.98,1766708200085
2,1.0,1766708201171
2,1.0,1766708202168
2,1.0,1766708203076
2,1.0,1766708204150
2,1.0,1766708205174
2,0.85,1766708206211
2,0.98,1766708207240
2,0.99,1766708208225
2,1.0,1766708209226
2,1.0,1766708210215
2,0.84,1766708211136
2,0.89,1766708212220
2,0.85,1766708213176
2,0.84,1766708214082
2,1.0,1766708215109
2,0.85,1766708215987
2,0.99,1766708217028
2,0.87,1766708218035
2,1.0,1766708218902
2,0.85,1766708219867
2,0.93,1766708220939
2,0.92,1766708221801
2,1.0,1766708222903
2,1.0,1766708223864
2,0.86,1766708224718
2,0.83,1766708225842
2,0.93,1766708226720
2,0.86,1766708227682
2,1.0,1766708228750
2,1.0,1766708229582
2,1.0,1766708230630
2,0.82,1766708231598
2,1.0,1766708232518
2,1.0,1766708233660
2,0.82,1766708234587
2,1.0,1766708235477
2,1.0,1766708236583
2,0.84,1766708237523
2,0.84,1766708238652
2,0.85,1766708239551
2,0.84,1766708240509
2,0.87,1766708241448
2,0.99,1766708242453
2,0.95,1766708243460
2,0.83,1766708244603
2,1.0,1766708245484
2,0.97,1766708246516
2,0.83,1766708247597
2,0.92,1766708248507
2,0.85,1766708249605
2,1.0,1766708250577
2,1.0,1766708251464
2,0.85,1766708252588
2,1.0,1766708253494
2,0.99,1766708254556
2,0.86,1766708255600
2,1.0,1766708256438
2,0.83,1766708257597
2,0.86,1766708258535
2,0.99,1766708259521
2,1.0,1766708260694
2,0.82,1766708261589
2,0.89,1766708262647
2,0.83,1766708263782
2,0.99,1766708264671
2,1.0,1766708265890
2,1.0,1766708266775
2,0.99,1766708267698
2,0.97,1766708268959
2,1.0,1766708269816
2,1.0,1766708270822
2,1.0,1766708271895
2,1.0,1766708272769
2,1.0,1766708273944
2,1.0,1766708274903
2,0.84,1766708275746
2,0.85,1766708276803
2,0.83,1766708277590
2,1.0,1766708278576
2,0.82,1766708279662
2,0.85,1766708280523
2,1.0,1766708281592
2,1.0,1766708282714
2,0.9,1766708283574
2,0.86,1766708284653
2,0.83,1766708285597
2,1.0,1766708286490
2,1.0,1766708287610
2,0.84,1766708288486
2,1.0,1766708289391
2,0.98,1766708290527
2,0.84,1766708291339
2,0.88,1766708292371
2,0.86,1766708293507
2,1.0,1766708294347
2,0.95,1766708295406
2,0.85,1766708296494
2,1.0,1766708297358
2,0.98,1766708298480
2,1.0,1766708299247
2,0.82,1766708300080
2,0.93,1766708301218
2,0.84,1766708302137
2,0.83,1766708303051
2,0.84,1766708304234
2,1.0,1766708305052
2,1.0,1766708305991
2,1.0,1766708307096
2,0.84,1766708307924
2,0.84,1766708309134
2,1.0,1766708310094
2,0.86,1766708310893
2,0.87,1766708312077
2,0.83,1766708313017
2,0.99,1766708313840
2,0.98,1766708315062
2,0.98,1766708315920
2,1.0,1766708316796
2,1.0,1766708318035
2,1.0,1766708318859
2,1.0,1766708319903
2,1.0,1766708320995
2,0.85,1766708321843
2,1.0,1766708322915
2,0.84,1766708323918
2,1.0,1766708324765
2,0.89,1766708325975
2,1.0,1766708326832
2,0.84,1766708327614
2,1.0,1766708328904
2,1.0,1766708329601
2,0.92,1766708330425
2,0.85,1766708331625
2,0.83,1766708332398
2,0.86,1766708333221
2,0.84,1766708334468
2,1.0,1766708335286
2,1.0,1766708336267
2,0.86,1766708337450
2,1.0,1766708338304
2,1.0,1766708339246
2,1.0,1766708340229
2,1.0,1766708341006
2,0.85,1766708342059
2,1.0,1766708343118
2,1.0,1766708343958
2,1.0,1766708345090
2,0.98,1766708345985
2,1.0,1766708346827
2,0.86,1766708347914
2,0.99,1766708348804
2,1.0,1766708349672
2,1.0,1766708350889
2,1.0,1766708351676
2,1.0,1766708352550
2,0.85,1766708353734
2,0.83,1766708354546
2,0.98,1766708355512
2,1.0,1766708356590
2,1.0,1766708357306
2,1.0,1766708358216
2,0.86,1766708359360
2,0.94,1766708360046
2,1.0,1766708360917
2,0.83,1766708362141
2,0.88,1766708362945
2,0.99,1766708363886
2,0.86,1766708364970
2,1.0,1766708365767
2,0.85,1766708366866
2,0.93,1766708367954
2,0.87,1766708368724
2,1.0,1766708369849
2,0.84,1766708370803
2,0.96,1766708371690
2,0.85,1766708372873
2,0.84,1766708373779
2,0.84,1766708374779
2,1.0,1766708375941
2,0.85,1766708376758
2,1.0,1766708377671
2,1.0,1766708378780
2,1.0,1766708379625
2,1.0,1766708380635
2,0.85,1766708381701
2,0.85,1766708382554
2,0.96,1766708383720
2,0.85,1766708384702
2,1.0,1766708385495
2,0.92,1766708386606
2,0.85,1766708387496
2,0.98,1766708388374
2,1.0,1766708389498
2,0.99,1766708390386
2,0.84,1766708391309
2,1.0,1766708392536
2,1.0,1766708393354
2,1.0,1766708394352
2,1.0,1766708395458
2,0.85,1766708396288
2,1.0,1766708397353
2,0.94,1766708398359
2,1.0,1766708399202
2,1.0,1766708400389
2,1.0,1766708401220
2,0.98,1766708402055
2,1.0,1766708403171
2,1.0,1766708404022
2,1.0,1766708404980
2,1.0,1766708406109
2,1.0,1766708406940
2,0.99,1766708407939
2,0.85,1766708409071
2,1.0,1766708409828
2,0.84,1766708410866
2,0.85,1766708411791
2,0.85,1766708412645
2,0.88,1766708413750
2,1.0,1766708414723
2,1.0,1766708415570
2,0.84,1766708416654
2,1.0,1766708417552
2,0.98,1766708418390
2,1.0,1766708419505
2,0.88,1766708420400
2,0.97,1766708421323
2,1.0,1766708422505
2,1.0,1766708423328
2,0.91,1766708424323
2,1.0,1766708425477
2,1.0,1766708426302
2,1.0,1766708427494
2,1.0,1766708428490
2,1.0,1766708429347
2,1.0,1766708430494
2,0.85,1766708431372
2,1.0,1766708432384
2,0.86,1766708433513
2,0.84,1766708434345
2,1.0,1766708435340
2,0.85,1766708436454
2,1.0,1766708437255
2,0.99,1766708438356
2,1.0,1766708439379
2,1.0,1766708440228
2,0.84,1766708441462
2,1.0,1766708442359
2,0.85,1766708443198
2,0.84,1766708444387
2,1.0,1766708445175
2,1.0,1766708446065
2,0.99,1766708447291
2,0.99,1766708448142
2,1.0,1766708449136
2,1.0,1766708450251
2,0.85,1766708451087
2,0.96,1766708452174
2,1.0,1766708453098
2,0.85,1766708453870
2,0.84,1766708454968
2,0.9,1766708455900
2,0.88,1766708456658
2,1.0,1766708457852
2,1.0,1766708458814
2,0.91,1766708459694
2,0.84,1766708460938
2,1.0,1766708461795
2,1.0,1766708462785
2,1.0,1766708463926
2,0.85,1766708464659
2,0.85,1766708465792
2,0.85,1766708466722
2,1.0,1766708467364
2,0.83,1766708468186
2,0.97,1766708469283
2,1.0,1766708469957
2,0.81,1766708470813
2,0.89,1766708471705
2,0.95,1766708472353
2,0.95,1766708473021
2,0.83,1766708474092
2,0.96,1766708474989
2,0.96,1766708475678
2,1.0,1766708476762
2,0.82,1766708477467
2,1.0,1766708478141
2,0.83,1766708479175
2,0.84,1766708480123
2,0.85,1766708480916
2,0.85,1766708482009
2,0.85,1766708482930
2,0.98,1766708483769
2,1.0,1766708484946
2,1.0,1766708485809
2,0.85,1766708486671
2,1.0,1766708487823
2,0.97,1766708488664
2,0.85,1766708489809
2,1.0,1766708490763
2,0.99,1766708491602
2,0.85,1766708492729
2,1.0,1766708493624
2,0.91,1766708494505
2,0.85,1766708495669
2,1.0,1766708496585
2,0.99,1766708497454
2,1.0,1766708498643
2,1.0,1766708499511
2,0.84,1766708500550
2,0.85,1766708501671
2,0.99,1766708502485
2,1.0,1766708503550
2,1.0,1766708504601
2,0.9,1766708505450
2,0.85,1766708506630
2,0.82,1766708507530
2,0.89,1766708508565
2,0.84,1766708509671
2,0.95,1766708510437
2,0.85,1766708511412
2,0.84,1766708512537
2,1.0,1766708513363
2,0.97,1766708514391
2,0.81,1766708515354
2,1.0,1766708516124
2,0.98,1766708517174
2,0.83,1766708518174
2,0.86,1766708519024
2,0.98,1766708520219
2,0.84,1766708521088
2,1.0,1766708521967
2,0.85,1766708523125
2,0.8,1766708523948
2,0.99,1766708524998
2,0.99,1766708526001
2,0.83,1766708526750
2,0.92,1766708527868
2,0.85,1766708528860
2,1.0,1766708529677
2,1.0,1766708530862
2,1.0,1766708531778
2,0.81,1766708532657
2,1.0,1766708533782
2,0.85,1766708534658
2,0.82,1766708535598
2,1.0,1766708536610
2,1.0,1766708537292
2,0.97,1766708538256
2,1.0,1766708539366
2,1.0,1766708540242
2,1.0,1766708541375
2,1.0,1766708542337
2,0.86,1766708543238
2,0.84,1766708544340
2,0.92,1766708545217
2,0.99,1766708546179
2,1.0,1766708547309
2,1.0,1766708548051
2,1.0,1766708548963
2,1.0,1766708549984
2,0.85,1766708550865
2,0.93,1766708551860
2,1.0,1766708552853
2,1.0,1766708553774
2,0.84,1766708554845
2,0.83,1766708555746
2,1.0,1766708556606
2,0.85,1766708557790
2,1.0,1766708558617
2,1.0,1766708559493
2,0.91,1766708560617
2,0.99,1766708561417
2,1.0,1766708562429
2,1.0,1766708563534
2,1.0,1766708564398
2,0.88,1766708565575
2,0.99,1766708566496
2,0.85,1766708567330
2,0.92,1766708568617
2,0.85,1766708569487
2,0.98,1766708570344
2,0.84,1766708571337
2,1.0,1766708572169
2,0.83,1766708573117
2,1.0,1766708574148
2,0.87,1766708574932
2,0.99,1766708576019
2,1.0,1766708577096
2,0.86,1766708578002
2,0.84,1766708579174
2,1.0,1766708580055
2,1.0,1766708580985
2,0.82,1766708582138
2,0.92,1766708582952
2,0.98,1766708583963
2,0.85,1766708584992
2,0.86,1766708585764
2,1.0,1766708586905
2,1.0,1766708587831
2,0.85,1766708588666
2,1.0,1766708589851
2,1.0,1766708590752
2,1.0,1766708591627
2,1.0,1766708592654
2,0.84,1766708593486
2,1.0,1766708594490
2,0.99,1766708595648
2,1.0,1766708596428
2,0.86,1766708597459
2,0.85,1766708598512
2,1.0,1766708599229
2,0.85,1766708600294
2,1.0,1766708601244
2,0.83,1766708602093
2,0.85,1766708603262
2,0.85,1766708604157
2,1.0,1766708605013
2,1.0,1766708606155
2,1.0,1766708607044
2,0.84,1766708607984
2,0.85,1766708609132
2,0.94,1766708610000
2,0.83,1766708611067
2,1.0,1766708612056
2,1.0,1766708612930
2,1.0,1766708614029
2,1.0,1766708614953
2,1.0,1766708615875
2,0.83,1766708616963
2,0.85,1766708617813
2,0.87,1766708618912
2,1.0,1766708619985
2,0.85,1766708620784
2,0.85,1766708621924
2,0.83,1766708622830
2,1.0,1766708623747
2,0.86,1766708624838
2,1.0,1766708625768
2,0.86,1766708626718
2,0.85,1766708627854
2,1.0,1766708628772
2,1.0,1766708629861
2,1.0,1766708630930
2,1.0,1766708631681
2,0.85,1766708632723
2,1.0,1766708633661
2,1.0,1766708634577
2,0.84,1766708635711
2,1.0,1766708636641
2,0.99,1766708637680
2,1.0,1766708638797
2,0.85,1766708639645
2,1.0,1766708640678
2,0.85,1766708641742
2,0.85,1766708642629
2,1.0,1766708643644
2,1.0,1766708644605
2,0.84,1766708645498
2,1.0,1766708646483
2,1.0,1766708647505
2,1.0,1766708648495
2,0.99,1766708649553
2,0.84,1766708650490
2,0.86,1766708651421
2,0.94,1766708652397
2,0.84,1766708653326
2,1.0,1766708654342
2,1.0,1766708655361
2,0.98,1766708656279
2,0.86,1766708657216
2,0.91,1766708658170
2,0.82,1766708659134
2,1.0,1766708660133
2,0.85,1766708661183
2,1.0,1766708662162
2,1.0,1766708663178
2,0.98,1766708664054
2,0.84,1766708665073
2,1.0,1766708666078
2,1.0,1766708667030
2,0.84,1766708668073
2,1.0,1766708668960
2,1.0,1766708669921
2,1.0,1766708670891
2,1.0,1766708671721
2,0.87,1766708672829
2,1.0,1766708673757
2,0.84,1766708674744
2,1.0,1766708675824
2,0.84,1766708676746
2,0.85,1766708677673
2,1.0,1766708678817
2,1.0,1766708679612
2,0.85,1766708680649
2,0.85,1766708681732
2,1.0,1766708682637
2,1.0,1766708683599
2,0.22,1766708684583
2,1.0,1766708685549
2,1.0,1766708686571
2,1.0,1766708687482
2,0.81,1766708688548
2,1.0,1766708689549
2,1.0,1766708690396
2,0.85,1766708691449
2,0.89,1766708692447
2,1.0,1766708693372
2,0.86,1766708694530
2,0.85,1766708695409
2,1.0,1766708696327
2,1.0,1766708697410
2,1.0,1766708698333
2,0.86,1766708699430
2,1.0,1766708700352
2,1.0,1766708701221
2,1.0,1766708702331
2,1.0,1766708703194
2,0.98,1766708704110
2,1.0,1766708705112
2,1.0,1766708705991
2,0.96,1766708706949
2,1.0,1766708708134
2,1.0,1766708708936
2,1.0,1766708710015
2,1.0,1766708711017
2,1.0,1766708711859
2,0.99,1766708712993
2,0.85,1766708713893
2,0.84,1766708714687
2,1.0,1766708715822
2,0.86,1766708716694
2,0.83,1766708717526
2,0.85,1766708718683
2,0.86,1766708719610
2,0.84,1766708720547
2,1.0,1766708721700
2,0.99,1766708722529
2,1.0,1766708723542
2,1.0,1766708724560
2,0.9,1766708725414
2,0.85,1766708726494
2,0.86,1766708727423
2,1.0,1766708728189
2,0.84,1766708729415
2,1.0,1766708730294
2,0.87,1766708731146
2,1.0,1766708732401
2,1.0,1766708733209
2,0.96,1766708734133
2,0.99,1766708735183
2,1.0,1766708736019
2,0.98,1766708737088
2,0.84,1766708738111
2,0.84,1766708738941
2,0.95,1766708739939
2,0.99,1766708740974
2,1.0,1766708741767
2,0.85,1766708743027
2,1.0,1766708743903
2,0.85,1766708744769
2,1.0,1766708745951
2,1.0,1766708746782
2,0.85,1766708747620
2,1.0,1766708748893
2,1.0,1766708749719
2,0.85,1766708750625
2,0.99,1766708751704
2,0.83,1766708752489
2,0.86,1766708753417
2,0.88,1766708754437
2,1.0,1766708755197
2,0.86,1766708756286
2,0.83,1766708757294
2,1.0,1766708758081
2,0.86,1766708759253
2,1.0,1766708760201
2,0.84,1766708761025
2,0.86,1766708762199
2,0.83,1766708763043
2,1.0,1766708763930
2,0.86,1766708765140
2,1.0,1766708765946
2,1.0,1766708766825
2,0.96,1766708767849
2,0.98,1766708768567
2,0.85,1766708769412
2,1.0,1766708770639
2,0.84,1766708771409
2,0.86,1766708772420
2,0.87,1766708773578
2,1.0,1766708774327
2,0.86,1766708775477
2,1.0,1766708776451
2,0.87,1766708777283
2,0.86,1766708778428
2,0.98,1766708779368
2,1.0,1766708780150
2,0.85,1766708781242
2,1.0,1766708782143
2,0.95,1766708783048
2,0.85,1766708784147
2,0.84,1766708784904
2,1.0,1766708785753
2,0.88,1766708786823
2,0.84,1766708787630
2,1.0,1766708788657
2,0.85,1766708789712
2,1.0,1766708790585
2,1.0,1766708791708
2,1.0,1766708792667
2,0.84,1766708793524
2,0.85,1766708794549
2,1.0,1766708795417
2,0.95,1766708796293
2,0.84,1766708797363
2,0.83,1766708798204
2,1.0,1766708799158
2,0.85,1766708800133
2,1.0,1766708801013
2,0.99,1766708802106
2,0.99,1766708803089
2,1.0,1766708803986
2,0.97,1766708805058
2,1.0,1766708805916
2,0.83,1766708806793
2,1.0,1766708807901
2,0.82,1766708808793
2,1.0,1766708809756
2,1.0,1766708810807
2,1.0,1766708811638
2,1.0,1766708812629
2,0.87,1766708813593
2,1.0,1766708814621
2,0.85,1766708815553
2,1.0,1766708816475
2,1.0,1766708817488
2,0.83,1766708818475
2,0.85,1766708819358
2,0.98,1766708820345
2,1.0,1766708821369
2,0.92,1766708822298
2,0.93,1766708823200
2,0.82,1766708824158
2,0.85,1766708825124
2,1.0,1766708826049
2,0.99,1766708826949
2,1.0,1766708827885
2,1.0,1766708828798
2,1.0,1766708829770
2,1.0,1766708830810
2,1.0,1766708831762
2,0.84,1766708832795
2,0.86,1766708833690
2,0.91,1766708834710
2,1.0,1766708835795
2,1.0,1766708836655
2,0.85,1766708837733
2,1.0,1766708838773
2,1.0,1766708839642
2,0.99,1766708840630
2,0.98,1766708841592
2,0.85,1766708842581
2,0.91,1766708843444
2,1.0,1766708844423
2,1.0,1766708845316
2,0.84,1766708846291
2,1.0,1766708847209
2,1.0,1766708848213
2,1.0,1766708849190
2,0.84,1766708850217
2,0.94,1766708851110
2,1.0,1766708852213
2,0.84,1766708853206
2,1.0,1766708854091
2,0.92,1766708855073
2,0.84,1766708855990
2,0.85,1766708856885
2,0.83,1766708857970
2,1.0,1766708858891
2,0.85,1766708859950
2,1.0,1766708861000
2,0.83,1766708861922
2,0.85,1766708862926
2,0.97,1766708863852
2,0.83,1766708864838
2,1.0,1766708865936
2,1.0,1766708866875
2,0.84,1766708867999
2,1.0,1766708869083
2,1.0,1766708870020
2,0.99,1766708871077
2,0.85,1766708872046
2,1.0,1766708872915
2,0.86,1766708873939
2,0.84,1766708874865
2,1.0,1766708875817
2,1.0,1766708876752
2,1.0,1766708877749
2,0.85,1766708878789
2,0.99,1766708879798
2,0.84,1766708880822
2,0.86,1766708881752
2,0.99,1766708882847
2,0.83,1766708883865
2,1.0,1766708884671
2,1.0,1766708885717
2,0.84,1766708886702
2,1.0,1766708887678
2,1.0,1766708888613
2,0.85,1766708889619
2,1.0,1766708890619
2,1.0,1766708891645
2,0.84,1766708892689
2,1.0,1766708893692
2,0.86,1766708894731
2,0.84,1766708895789
2,0.99,1766708896817
2,0.85,1766708897683
2,0.84,1766708898700
2,0.99,1766708899682
2,1.0,1766708900623
2,0.83,1766708901578
2,0.99,1766708902609
2,0.85,1766708903593
2,1.0,1766708904497
2,1.0,1766708905556
2,0.85,1766708906492
2,0.84,1766708907552
2,0.97,1766708908585
2,0.84,1766708909310
2,0.83,1766708910311
2,0.99,1766708911239
2,0.86,1766708912120
2,1.0,1766708913284
2,0.86,1766708914244
2,0.84,1766708915150
2,1.0,1766708916224
2,0.97,1766708917089
2,0.85,1766708918155
2,0.83,1766708919106
2,0.91,1766708919931
2,1.0,1766708921054
2,1.0,1766708922064
2,0.89,1766708922977
2,0.85,1766708923993
2,1.0,1766708925002
2,0.84,1766708925997
2,0.84,1766708927036
2,0.98,1766708928030
2,0.84,1766708928993
2,0.83,1766708929955
2,0.98,1766708930821
2,0.83,1766708931763
2,0.84,1766708932684
2,0.9,1766708933674
2,0.99,1766708934769
2,1.0,1766708935659
2,1.0,1766708936567
2,1.0,1766708937634
2,1.0,1766708938636
2,0.97,1766708939568
2,0.83,1766708940612
2,0.85,1766708941576
2,0.85,1766708942552
2,0.83,1766708943597
2,1.0,1766708944568
2,1.0,1766708945526
2,0.84,1766708946457
2,1.0,1766708947421
2,1.0,1766708948393
2,0.84,1766708949391
2,1.0,1766708950338
2,1.0,1766708951277
2,0.84,1766708952215
2,1.0,1766708953254
2,0.9,1766708954217
2,0.84,1766708955218
2,1.0,1766708956181
2,0.85,1766708957154
2,1.0,1766708958149
2,0.96,1766708959085
2,1.0,1766708960034
2,0.83,1766708961102
2,1.0,1766708961963
2,1.0,1766708962893
2,1.0,1766708963911
2,1.0,1766708964856
2,1.0,1766708965756
2,1.0,1766708966770
2,0.85,1766708967643
2,1.0,1766708968572
2,0.83,1766708969616
2,1.0,1766708970654
2,1.0,1766708971571
2,0.84,1766708972556
2,1.0,1766708973518
2,1.0,1766708974422
2,1.0,1766708975496
2,1.0,1766708976445
2,1.0,1766708977457
2,0.84,1766708978392
2,0.84,1766708979349
2,0.84,1766708980353
2,0.84,1766708981250
2,1.0,1766708982264
2,0.98,1766708983229
2,1.0,1766708984329
2,1.0,1766708985323
2,0.85,1766708986160
2,0.82,1766708987210
2,0.96,1766708988290
2,1.0,1766708989212
2,0.89,1766708990370
2,0.81,1766708991221
2,0.84,1766708992237
2,0.85,1766708993337
2,1.0,1766708994179
2,1.0,1766708995239
2,0.85,1766708996259
2,1.0,1766708997196
2,0.96,1766708998203
2,1.0,1766708999166
2,1.0,1766709000162
2,1.0,1766709001213
2,1.0,1766709002145
2,1.0,1766709003120
2,1.0,1766709004126
2,1.0,1766709005065
2,0.91,1766709006019
2,0.83,1766709007059
2,0.85,1766709008054
2,1.0,1766709008887
2,0.85,1766709009975
2,0.85,1766709010904
2,1.0,1766709011738
2,0.83,1766709012761
2,0.85,1766709013527
2,1.0,1766709014488
2,0.89,1766709015529
2,0.99,1766709016379
2,1.0,1766709017405
2,0.99,1766709018411
2,0.85,1766709019288
2,1.0,1766709020395
2,0.88,1766709021331
2,1.0,1766709022173
2,1.0,1766709023249
2,1.0,1766709024208
2,0.85,1766709025102
2,1.0,1766709026293
2,1.0,1766709027113
2,0.85,1766709028057
2,0.9,1766709029155
2,1.0,1766709030059
2,0.99,1766709031076
2,0.83,1766709031961
2,0.85,1766709032805
2,1.0,1766709033840
2,0.81,1766709034808
2,1.0,1766709035843
2,1.0,1766709036869
2,0.83,1766709037628
2,1.0,1766709038675
2,1.0,1766709039700
2,1.0,1766709040553
2,0.86,1766709041537
2,0.85,1766709042534
2,1.0,1766709043346
2,1.0,1766709044318
2,0.99,1766709045217
2,0.83,1766709046123
2,1.0,1766709047184
2,0.96,1766709048163
2,0.83,1766709049169
2,0.84,1766709050155
2,0.84,1766709051052
2,1.0,1766709052173
2,1.0,1766709053133
2,0.84,1766709054058
2,1.0,1766709055170
2,0.83,1766709056035
2,0.85,1766709056998
2,0.85,1766709058059
2,1.0,1766709058881
2,0.85,1766709059996
2,1.0,1766709060960
2,0.82,1766709061805
2,0.85,1766709062911
2,0.84,1766709063835
2,0.84,1766709064818
2,0.91,1766709065961
2,0.99,1766709066805
2,0.83,1766709067796
2,0.85,1766709068720
2,1.0,1766709069509
2,0.82,1766709070429
2,1.0,1766709071263
2,1.0,1766709072125
2,1.0,1766709073275
2,1.0,1766709074153
2,0.84,1766709074980
2,0.99,1766709076118
2,0.99,1766709076994
2,0.83,1766709077912
2,0.97,1766709079091
2,0.85,1766709079901
2,1.0,1766709080945
2,0.99,1766709081888
2,0.85,1766709082694
2,0.83,1766709083763
2,0.95,1766709084737
2,0.85,1766709085673
2,1.0,1766709086792
2,0.99,1766709087581
3,0.85,1766709088489
3,1.0,1766709089645
3,0.88,1766709090486
3,1.0,1766709091441
3,1.0,1766709092507
3,1.0,1766709093294
3,0.85,1766709094335
3,0.85,1766709095403
3,0.97,1766709096237
3,0.85,1766709097360
3,1.0,1766709098322
3,0.85,1766709099144
3,1.0,1766709100345
3,1.0,1766709101205
3,0.95,1766709102180
3,1.0,1766709103303
3,1.0,1766709104100
3,1.0,1766709105086
3,0.85,1766709106221
3,1.0,1766709107066
3,0.83,1766709108311
3,1.0,1766709109162
3,0.95,1766709110051
3,1.0,1766709111114
3,0.84,1766709111946
3,0.82,1766709112810
3,0.84,1766709114028
3,1.0,1766709114895
3,0.96,1766709115832
3,0.84,1766709116930
3,1.0,1766709117755
3,1.0,1766709118786
3,0.83,1766709119857
3,0.85,1766709120650
3,0.86,1766709121671
3,1.0,1766709122630
3,0.85,1766709123473
3,1.0,1766709124599
3,1.0,1766709125478
3,0.85,1766709126241
3,1.0,1766709127324
3,0.99,1766709128187
3,1.0,1766709128979
3,0.87,1766709130162
3,1.0,1766709131007
3,0.84,1766709131947
3,0.83,1766709132973
3,1.0,1766709133765
3,1.0,1766709134725
3,1.0,1766709135805
3,0.84,1766709136421
3,0.84,1766709137150
3,1.0,1766709138209
3,0.77,1766709138971
3,0.96,1766709139634
3,1.0,1766709140626
3,0.85,1766709141445
3,0.82,1766709142121
3,0.99,1766709142935
3,1.0,1766709143860
3,0.84,1766709144689
3,0.97,1766709145421
3,0.81,1766709146327
3,1.0,1766709146986
3,0.83,1766709147555
3,0.84,1766709148368
3,0.84,1766709149059
3,0.98,1766709149659
3,1.0,1766709150392
3,0.85,1766709151483
3,1.0,1766709152204
3,1.0,1766709152974
3,0.85,1766709154082
3,0.83,1766709154871
3,1.0,1766709155555
3,1.0,1766709156626
3,0.94,1766709157528
3,0.91,1766709158191
3,1.0,1766709159236
3,0.82,1766709160039
3,0.01,1766709160654
3,0.85,1766709161540
3,1.0,1766709162562
3,1.0,1766709163362
3,1.0,1766709164437
3,0.9,1766709165431
3,1.0,1766709166269
3,0.85,1766709167113
3,0.83,1766709168214
3,0.97,1766709168989
3,1.0,1766709169929
3,1.0,1766709171031
3,1.0,1766709171784
3,0.85,1766709172831
3,0.84,1766709173778
3,1.0,1766709174485
3,1.0,1766709175580
3,0.83,1766709176529
3,0.97,1766709177183
3,1.0,1766709178063
3,0.94,1766709179073
3,0.94,1766709179722
3,0.85,1766709180593
3,1.0,1766709181720
3,1.0,1766709182422
3,0.83,1766709183277
3,0.86,1766709184405
3,1.0,1766709185023
3,1.0,1766709185718
3,0.84,1766709187010
3,1.0,1766709187694
3,1.0,1766709188399
3,1.0,1766709189589
3,1.0,1766709190306
3,0.84,1766709190987
3,0.85,1766709192086
3,0.96,1766709193066
3,0.83,1766709193715
3,1.0,1766709194812
3,0.9,1766709195815
3,0.88,1766709196473
3,0.85,1766709197603
3,1.0,1766709198527
3,0.82,1766709199217
3,0.85,1766709200219
3,0.83,1766709201321
3,0.85,1766709201956
3,0.83,1766709202804
3,0.83,1766709203991
3,1.0,1766709204681
3,0.87,1766709205406
3,0.88,1766709206664
3,0.86,1766709207336
3,0.85,1766709208029
3,1.0,1766709209373
3,0.84,1766709210134
3,0.85,1766709210811
3,1.0,1766709211977
3,1.0,1766709212826
3,1.0,1766709213513
3,1.0,1766709214627
3,0.81,1766709215490
3,0.85,1766709216168
3,1.0,1766709217254
3,0.85,1766709218253
3,0.84,1766709218943
3,0.84,1766709219919
3,1.0,1766709220967
3,0.83,1766709221658
3,0.94,1766709222613
3,1.0,1766709223766
3,0.84,1766709224372
3,0.99,1766709225257
3,0.85,1766709226450
3,0.99,1766709227174
3,1.0,1766709228141
3,0.82,1766709229194
3,0.96,1766709229847
3,0.85,1766709230689
3,1.0,1766709231813
3,1.0,1766709232526
3,1.0,1766709233380
3,1.0,1766709234629
3,1.0,1766709235323
3,1.0,1766709236131
3,0.82,1766709237225
3,0.85,1766709237846
3,0.86,1766709238501
3,0.92,1766709239800
3,0.91,1766709240561
3,0.83,1766709241251
3,0.85,1766709242339
3,1.0,1766709243159
3,0.86,1766709243828
3,1.0,1766709244847
3,1.0,1766709245764
3,0.97,1766709246481
3,0.83,1766709247465
3,1.0,1766709248447
3,1.0,1766709249175
3,0.96,1766709250237
3,1.0,1766709251237
3,1.0,1766709251955
3,0.86,1766709252937
3,0.84,1766709253968
3,0.84,1766709254645
3,1.0,1766709255572
3,0.85,1766709256734
3,0.93,1766709257375
3,1.0,1766709258096
3,0.82,1766709259293
3,1.0,1766709260047
3,1.0,1766709260812
3,1.0,1766709262075
3,1.0,1766709262835
3,0.83,1766709263576
3,1.0,1766709264839
3,0.85,1766709265591
3,0.84,1766709266270
3,0.89,1766709267515
3,1.0,1766709268241
3,1.0,1766709268982
3,0.85,1766709270171
3,1.0,1766709270828
3,0.85,1766709271537
3,0.85,1766709272685
3,1.0,1766709273569
3,0.85,1766709274210
3,0.83,1766709275267
3,0.83,1766709276263
3,0.85,1766709276956
3,0.84,1766709277921
3,0.9,1766709278952
3,0.01,1766709279639
3,1.0,1766709280515
3,0.86,1766709281589
3,0.84,1766709282322
3,0.86,1766709283263
3,1.0,1766709284415
3,0.84,1766709285105
3,0.83,1766709285898
3,0.84,1766709286975
3,1.0,1766709287627
3,1.0,1766709288443
3,1.0,1766709289664
3,0.85,1766709290329
3,1.0,1766709291027
3,1.0,1766709292251
3,0.84,1766709293009
3,0.85,1766709293689
3,1.0,1766709294986
3,0.93,1766709295731
3,0.86,1766709296404
3,0.99,1766709297600
3,1.0,1766709298401
3,1.0,1766709299115
3,1.0,1766709300330
3,1.0,1766709301202
3,1.0,1766709301899
3,0.84,1766709302939
3,0.84,1766709303862
3,0.85,1766709304561
3,0.99,1766709305752
3,1.0,1766709306677
3,0.97,1766709307363
3,0.97,1766709308359
3,1.0,1766709309289
3,1.0,1766709309946
3,0.91,1766709310994
3,1.0,1766709312057
3,1.0,1766709312783
3,0.82,1766709313895
3,1.0,1766709314834
3,0.98,1766709315619
3,0.86,1766709316649
3,0.98,1766709317651
3,0.84,1766709318465
3,1.0,1766709319563
3,0.98,1766709320430
3,1.0,1766709321237
3,1.0,1766709322401
3,0.91,1766709323227
3,0.84,1766709324077
3,0.86,1766709324988
3,0.85,1766709325706
3,0.84,1766709326639
3,1.0,1766709327644
3,0.98,1766709328467
3,0.85,1766709329425
3,0.83,1766709330375
3,0.85,1766709331213
3,0.85,1766709332218
3,1.0,1766709333145
3,1.0,1766709333914
3,1.0,1766709335048
3,0.96,1766709336045
3,1.0,1766709336870
3,0.91,1766709337977
3,0.84,1766709338831
3,0.98,1766709339716
3,0.84,1766709340731
3,0.98,1766709341679
3,0.85,1766709342649
3,0.83,1766709343600
3,1.0,1766709344485
3,1.0,1766709345357
3,0.96,1766709346237
3,1.0,1766709347073
3,1.0,1766709348053
3,1.0,1766709348931
3,0.86,1766709349787
3,1.0,1766709350791
3,1.0,1766709351601
3,0.85,1766709352590
3,0.83,1766709353637
3,0.85,1766709354336
3,1.0,1766709355201
3,0.84,1766709356294
3,1.0,1766709357114
3,0.82,1766709358097
3,0.95,1766709359114
3,0.98,1766709359936
3,1.0,1766709360825
3,1.0,1766709361884
3,0.85,1766709362766
3,0.84,1766709363672
3,0.85,1766709364542
3,1.0,1766709365339
3,1.0,1766709366359
3,1.0,1766709367422
3,1.0,1766709368157
3,0.88,1766709369253
3,1.0,1766709370190
3,0.83,1766709370887
3,0.86,1766709371857
3,1.0,1766709372784
3,0.89,1766709373530
3,0.96,1766709374539
3,1.0,1766709375598
3,1.0,1766709376286
3,0.81,1766709377221
3,0.97,1766709378223
3,0.86,1766709378985
3,0.83,1766709380101
3,0.85,1766709381040
3,1.0,1766709381874
3,1.0,1766709382965
3,0.85,1766709383804
3,1.0,1766709384576
3,1.0,1766709385637
3,1.0,1766709386513
3,0.83,1766709387357
3,1.0,1766709388417
3,0.85,1766709389338
3,1.0,1766709390233
3,0.85,1766709391151
3,1.0,1766709392014
3,1.0,1766709392924
3,0.85,1766709393785
3,1.0,1766709394577
3,1.0,1766709395502
3,0.96,1766709396420
3,0.84,1766709397289
3,0.85,1766709398272
3,0.84,1766709399187
3,1.0,1766709400005
3,0.97,1766709400966
3,0.83,1766709401859
3,1.0,1766709402732
3,0.9,1766709403710
3,1.0,1766709404577
3,1.0,1766709405465
3,1.0,1766709406441
3,0.96,1766709407312
3,0.97,1766709408153
3,0.84,1766709409131
3,0.85,1766709409995
3,0.88,1766709410889
3,0.84,1766709411957
3,1.0,1766709412826
3,1.0,1766709413731
3,0.84,1766709414845
3,1.0,1766709415667
3,0.84,1766709416495
3,1.0,1766709417587
3,1.0,1766709418304
3,0.98,1766709419204
3,0.85,1766709420245
3,1.0,1766709421146
3,1.0,1766709422188
3,0.85,1766709423175
3,0.84,1766709423978
3,0.85,1766709424866
3,0.85,1766709425796
3,1.0,1766709426641
3,1.0,1766709427684
3,0.93,1766709428416
3,0.84,1766709429265
3,0.85,1766709430215
3,1.0,1766709431147
3,1.0,1766709432071
3,1.0,1766709433053
3,1.0,1766709433993
3,1.0,1766709434814
3,1.0,1766709435802
3,0.99,1766709436761
3,1.0,1766709437484
3,1.0,1766709438345
3,1.0,1766709439285
3,1.0,1766709440293
3,1.0,1766709441046
3,0.84,1766709441955
3,1.0,1766709442953
3,0.98,1766709443842
3,0.82,1766709444866
3,0.83,1766709445845
3,1.0,1766709446721
3,1.0,1766709447697
3,0.83,1766709448566
3,0.85,1766709449323
3,1.0,1766709450259
3,0.83,1766709451219
3,1.0,1766709452061
3,1.0,1766709453103
3,0.85,1766709453956
3,1.0,1766709454792
3,0.83,1766709455869
3,1.0,1766709456751
3,1.0,1766709457559
3,1.0,1766709458588
3,0.85,1766709459375
3,0.83,1766709460407
3,0.83,1766709461500
3,0.97,1766709462302
3,0.84,1766709463306
3,0.89,1766709464233
3,1.0,1766709465109
3,1.0,1766709465999
3,1.0,1766709466861
3,0.98,1766709467838
3,1.0,1766709468785
3,1.0,1766709469691
3,1.0,1766709470657
3,0.84,1766709471603
3,1.0,1766709472469
3,0.86,1766709473421
3,1.0,1766709474306
3,1.0,1766709475001
3,1.0,1766709475979
3,1.0,1766709476990
3,1.0,1766709477849
3,0.83,1766709478875
3,0.86,1766709479760
3,1.0,1766709480531
3,1.0,1766709481518
3,1.0,1766709482390
3,0.84,1766709483282
3,1.0,1766709484317
3,1.0,1766709485155
3,1.0,1766709486039
3,1.0,1766709486895
3,1.0,1766709487732
3,1.0,1766709488649
3,1.0,1766709489551
3,1.0,1766709490363
3,0.99,1766709491257
3,1.0,1766709492158
3,1.0,1766709493074
3,0.96,1766709493961
3,0.84,1766709494865
3,1.0,1766709495772
3,0.85,1766709496928
3,0.84,1766709497757
3,0.85,1766709498744
3,0.97,1766709499831
3,1.0,1766709500509
3,0.85,1766709501391
3,1.0,1766709502466
3,1.0,1766709503216
3,0.88,1766709504116
3,0.83,1766709505166
3,0.85,1766709505921
3,1.0,1766709506970
3,0.91,1766709507855
3,0.89,1766709508556
3,0.83,1766709509567
3,0.85,1766709510599
3,0.83,1766709511217
3,0.83,1766709511988
3,0.99,1766709513030
3,0.99,1766709513703
3,0.97,1766709514590
3,1.0,1766709515657
3,1.0,1766709516361
3,0.13,1766709517363
3,0.82,1766709518523
3,1.0,1766709519244
3,1.0,1766709520181
3,0.84,1766709521245
3,1.0,1766709522046
3,1.0,1766709523182
3,0.97,1766709524122
3,1.0,1766709524916
3,1.0,1766709525980
3,0.9,1766709526822
3,1.0,1766709527676
3,1.0,1766709528828
3,0.89,1766709529606
3,0.83,1766709530532
3,1.0,1766709531524
3,1.0,1766709532244
3,1.0,1766709533123
3,0.84,1766709534228
3,0.99,1766709535064
3,0.88,1766709536017
3,0.84,1766709537069
3,0.99,1766709537839
3,1.0,1766709538778
3,0.84,1766709539844
3,0.86,1766709540532
3,0.9,1766709541372
3,0.86,1766709542540
3,1.0,1766709543303
3,0.83,1766709544201
3,1.0,1766709545247
3,1.0,1766709545920
3,1.0,1766709546836
3,0.99,1766709547972
3,0.85,1766709548627
3,1.0,1766709549470
3,1.0,1766709550741
3,0.86,1766709551395
3,1.0,1766709552235
3,1.0,1766709553464
3,0.85,1766709554158
3,0.97,1766709555025
3,0.85,1766709556249
3,0.86,1766709556936
3,0.85,1766709557803
3,0.87,1766709558937
3,0.86,1766709559636
3,0.84,1766709560602
3,1.0,1766709561790
3,0.85,1766709562491
3,0.99,1766709563366
3,0.85,1766709564553
3,1.0,1766709565294
3,0.84,1766709566294
3,0.93,1766709567431
3,1.0,1766709568137
3,1.0,1766709569157
3,1.0,1766709570235
3,1.0,1766709570927
3,1.0,1766709571885
3,1.0,1766709573020
3,0.97,1766709573662
3,0.82,1766709574750
3,0.85,1766709575696
3,0.84,1766709576402
3,0.86,1766709577436
3,0.91,1766709578443
3,0.85,1766709579120
3,0.98,1766709580023
3,0.83,1766709581121
3,1.0,1766709581828
3,0.9,1766709582812
3,0.84,1766709583825
3,1.0,1766709584537
3,1.0,1766709585743
3,1.0,1766709586650
3,0.98,1766709587349
3,0.99,1766709588542
3,1.0,1766709589353
3,0.82,1766709590023
3,1.0,1766709591128
3,0.81,1766709592061
3,1.0,1766709592669
3,0.83,1766709593802
3,1.0,1766709594749
3,0.85,1766709595390
3,1.0,1766709596280
3,0.93,1766709597432
3,1.0,1766709597986
3,0.85,1766709598565
3,0.84,1766709599861
3,1.0,1766709600627
3,1.0,1766709601344
3,0.97,1766709602614
3,1.0,1766709603373
3,1.0,1766709604073
3,1.0,1766709605231
3,0.83,1766709606051
3,1.0,1766709606749
3,1.0,1766709607876
3,0.83,1766709608817
3,1.0,1766709609549
3,1.0,1766709610624
3,0.82,1766709611558
3,0.99,1766709612259
3,1.0,1766709613231
3,1.0,1766709614312
3,1.0,1766709615002
3,0.82,1766709615877
3,1.0,1766709616933
3,0.98,1766709617560
3,0.81,1766709618335
3,0.84,1766709619630
3,1.0,1766709620287
3,1.0,1766709621035
3,0.99,1766709622240
3,0.89,1766709622931
3,0.95,1766709623616
3,0.84,1766709624674
3,1.0,1766709625569
3,1.0,1766709626305
3,0.84,1766709627406
3,0.85,1766709628296
3,1.0,1766709628861
3,1.0,1766709629812
3,1.0,1766709630887
3,1.0,1766709631563
3,1.0,1766709632354
3,0.84,1766709633517
3,1.0,1766709634197
3,1.0,1766709634941
3,0.99,1766709636123
3,0.84,1766709636886
3,0.84,1766709637637
3,0.93,1766709638912
3,0.94,1766709639674
3,1.0,1766709640397
3,1.0,1766709641683
3,0.81,1766709642377
3,0.85,1766709643113
3,0.99,1766709644278
3,1.0,1766709645094
3,0.86,1766709645801
3,0.83,1766709646791
3,0.85,1766709647787
3,0.85,1766709648444
3,0.84,1766709649457
3,0.92,1766709650442
3,0.89,1766709651149
3,0.87,1766709652076
3,0.84,1766709653049
3,0.84,1766709653725
3,0.85,1766709654493
3,1.0,1766709655667
3,0.92,1766709656321
3,0.93,1766709657005
3,0.84,1766709658206
3,1.0,1766709659003
3,1.0,1766709659681
3,0.99,1766709660774
3,0.85,1766709661685
3,0.85,1766709662400
3,0.86,1766709663497
3,0.85,1766709664505
3,0.9,1766709665167
3,1.0,1766709666214
3,1.0,1766709667210
3,0.85,1766709667889
3,1.0,1766709668772
3,0.83,1766709669981
3,0.86,1766709670633
3,0.85,1766709671465
3,1.0,1766709672665
3,1.0,1766709673358
3,1.0,1766709674133
3,1.0,1766709675315
3,0.83,1766709675954
3,1.0,1766709676716
3,0.85,1766709677848
3,1.0,1766709678570
3,0.85,1766709679277
3,1.0,1766709680424
3,1.0,1766709681293
3,0.86,1766709681990
3,0.84,1766709683138
3,1.0,1766709684156
3,1.0,1766709684858
3,1.0,1766709685634
3,1.0,1766709686697
3,1.0,1766709687422
3,1.0,1766709688368
3,1.0,1766709689505
3,0.92,1766709690142
3,0.94,1766709690909
3,0.84,1766709692169
3,0.84,1766709692864
3,1.0,1766709693623
3,0.83,1766709694885
3,0.98,1766709695550
3,0.99,1766709696274
3,1.0,1766709697379
3,0.85,1766709698248
3,0.83,1766709698894
3,0.99,1766709699941
3,0.89,1766709700916
3,1.0,1766709701507
3,1.0,1766709702135
3,1.0,1766709703422
3,0.87,1766709704111
3,0.99,1766709704863
3,1.0,1766709706083
3,0.82,1766709706779
3,1.0,1766709707550
3,0.83,1766709708897
3,1.0,1766709709633
3,0.85,1766709710283
3,0.94,1766709711319
3,0.99,1766709712258
3,0.85,1766709712874
3,1.0,1766709713746
3,0.94,1766709714833
3,1.0,1766709715450
3,0.84,1766709716287
3,0.85,1766709717479
3,0.83,1766709718128
3,0.85,1766709718891
3,1.0,1766709720156
3,1.0,1766709720898
3,1.0,1766709721575
3,0.84,1766709722853
3,0.88,1766709723623
3,1.0,1766709724342
3,1.0,1766709725539
3,0.82,1766709726373
3,1.0,1766709727040
3,0.97,1766709728140
3,0.85,1766709729081
3,0.85,1766709729717
3,1.0,1766709730711
3,1.0,1766709731626
3,0.85,1766709732351
3,1.0,1766709733421
3,0.85,1766709734390
3,0.85,1766709735050
3,1.0,1766709735871
3,1.0,1766709737005
3,0.83,1766709737553
3,0.86,1766709738257
3,0.99,1766709739445
3,1.0,1766709740173
3,0.85,1766709740824
3,0.84,1766709741994
3,0.97,1766709742929
3,0.87,1766709743585
3,0.85,1766709744611
3,0.83,1766709745637
3,0.84,1766709746289
3,0.95,1766709747238
3,0.84,1766709748331
3,0.83,1766709748997
3,1.0,1766709749842
3,0.85,1766709751053
3,0.91,1766709751716
3,1.0,1766709752613
3,0.84,1766709753687
3,1.0,1766709754359
3,0.01,1766709755114
3,0.89,1766709756186
3,1.0,1766709756891
3,0.97,1766709757685
3,1.0,1766709758952
3,1.0,1766709759608
3,1.0,1766709760322
3,0.99,1766709761480
3,0.82,1766709762271
3,0.85,1766709763000
3,1.0,1766709764256
3,1.0,1766709765006
3,1.0,1766709765698
3,0.84,1766709766688
3,1.0,1766709767601
3,0.85,1766709768338
3,1.0,1766709769252
3,1.0,1766709770278
3,0.83,1766709770943
3,0.83,1766709771975
3,0.85,1766709773022
3,0.83,1766709773747
3,1.0,1766709774627
3,1.0,1766709775706
3,1.0,1766709776327
3,0.82,1766709777065
3,1.0,1766709778222
3,0.85,1766709778819
3,0.82,1766709779495
3,0.86,1766709780633
3,1.0,1766709781350
3,0.82,1766709781983
3,0.8,1766709782994
3,0.84,1766709783886
3,0.92,1766709784457
3,0.84,1766709785295
3,1.0,1766709786337
3,0.83,1766709786884
3,0.83,1766709787636
3,0.95,1766709788605
3,1.0,1766709789390
3,0.82,1766709789934
3,1.0,1766709790793
3,0.99,1766709791714
3,0.88,1766709792302
3,0.94,1766709792937
3,0.98,1766709793886
3,1.0,1766709794665
3,1.0,1766709795218
3,0.85,1766709796017
3,1.0,1766709796922
3,0.85,1766709797542
3,0.95,1766709798145
3,1.0,1766709798971
3,0.84,1766709799726
3,0.85,1766709800382
3,1.0,1766709801224
3,0.85,1766709802078
3,1.0,1766709802759
3,1.0,1766709803554
3,0.84,1766709804377
3,0.85,1766709805113
3,1.0,1766709805827
3,1.0,1766709806754
3,1.0,1766709807515
3,0.85,1766709808205
3,1.0,1766709809064
3,0.99,1766709809856
3,0.98,1766709810610
3,0.97,1766709811405
3,1.0,1766709812314
3,0.97,1766709812958
3,0.85,1766709813831
3,0.84,1766709814689
3,0.84,1766709815437
3,0.82,1766709816130
3,1.0,1766709816857
3,1.0,1766709817601
3,1.0,1766709818301
3,1.0,1766709819251
3,0.9,1766709820181
3,0.92,1766709820837
3,1.0,1766709821716
3,1.0,1766709822638
3,0.84,1766709823277
3,1.0,1766709823952
3,1.0,1766709824848
3,0.85,1766709825623
3,0.84,1766709826318
3,0.83,1766709827262
3,0.85,1766709828196
3,0.84,1766709828890
3,1.0,1766709829844
3,1.0,1766709830664
3,0.85,1766709831249
3,1.0,1766709832108
3,0.85,1766709833020
3,0.83,1766709833740
3,0.85,1766709834425
3,0.85,1766709835389
3,0.91,1766709836129
3,0.93,1766709836801
3,0.84,1766709837735
3,0.85,1766709838449
3,0.83,1766709839118
3,0.85,1766709840029
3,0.84,1766709840722
3,0.85,1766709841461
3,1.0,1766709842230
3,1.0,1766709843124
3,0.79,1766709843905
3,1.0,1766709844657
3,0.94,1766709845533
3,1.0,1766709846304
3,1.0,1766709847037
3,0.82,1766709848009
3,0.85,1766709848794
3,0.84,1766709849444
3,1.0,1766709850368
3,1.0,1766709851172
3,1.0,1766709851844
3,1.0,1766709852611
3,1.0,1766709853561
3,0.9,1766709854337
3,1.0,1766709854940
3,1.0,1766709855881
3,1.0,1766709856695
3,0.85,1766709857341
3,1.0,1766709858201
3,0.85,1766709859019
3,1.0,1766709859775
3,0.85,1766709860435
3,0.84,1766709861307
3,1.0,1766709861978
3,0.84,1766709862646
3,1.0,1766709863563
3,0.83,1766709864313
3,1.0,1766709865125
3,0.84,1766709865990
3,1.0,1766709866764
3,0.85,1766709867577
3,1.0,1766709868453
3,0.85,1766709869231
3,1.0,1766709870001
3,0.85,1766709870879
3,0.83,1766709871694
3,1.0,1766709872353
3,1.0,1766709873254
3,1.0,1766709874130
3,1.0,1766709874758
3,0.98,1766709875622
3,0.84,1766709876550
3,0.84,1766709877266
3,1.0,1766709878030
3,1.0,1766709878977
3,1.0,1766709879736
3,0.84,1766709880323
3,1.0,1766709881322
3,1.0,1766709882178
3,0.84,1766709882806
3,0.93,1766709883803
3,1.0,1766709884614
3,1.0,1766709885318
3,1.0,1766709886080
3,1.0,1766709887064
3,1.0,1766709887858
3,0.85,1766709888657
3,1.0,1766709889588
3,1.0,1766709890372
3,0.99,1766709891130
3,0.83,1766709892092
3,0.85,1766709892854
3,1.0,1766709893418
3,0.98,1766709894267
3,1.0,1766709895047
3,0.85,1766709895723
3,0.84,1766709896488
3,0.86,1766709897599
3,0.82,1766709898289
3,1.0,1766709898923
3,0.96,1766709899909
3,0.87,1766709900621
3,1.0,1766709901193
3,0.85,1766709902044
3,1.0,1766709902965
3,0.89,1766709903693
3,0.91,1766709904325
3,0.83,1766709905304
3,0.85,1766709906028
3,0.85,1766709906661
3,1.0,1766709907566
3,1.0,1766709908354
3,0.84,1766709909131
3,0.84,1766709909944
3,1.0,1766709910728
3,1.0,1766709911537
3,1.0,1766709912449
3,1.0,1766709913151
4,1.0,1766709913899
4,0.99,1766709914782
4,0.84,1766709915636
4,1.0,1766709916238
4,1.0,1766709917019
4,1.0,1766709917937
4,0.98,1766709918568
4,1.0,1766709919250
4,0.84,1766709920145
4,1.0,1766709920956
4,1.0,1766709921553
4,0.84,1766709922429
4,1.0,1766709923198
4,0.86,1766709923748
4,0.99,1766709924472
4,0.86,1766709925382
4,1.0,1766709926155
4,1.0,1766709926831
4,1.0,1766709927789
4,0.83,1766709928545
4,1.0,1766709929137
4,0.85,1766709929814
4,0.85,1766709930846
4,0.85,1766709931449
4,1.0,1766709932093
4,1.0,1766709933065
4,0.94,1766709933885
4,1.0,1766709934473
4,0.84,1766709935308
4,0.85,1766709936418
4,0.87,1766709936947
4,0.88,1766709937634
4,0.99,1766709938754
4,1.0,1766709939371
4,0.81,1766709939986
4,1.0,1766709940972
4,0.86,1766709941801
4,0.83,1766709942411
4,0.98,1766709943140
4,0.83,1766709944250
4,1.0,1766709944836
4,0.83,1766709945506
4,0.85,1766709946495
4,1.0,1766709947291
4,1.0,1766709947855
4,0.99,1766709948702
4,0.84,1766709949671
4,1.0,1766709950267
4,1.0,1766709951007
4,0.85,1766709951996
4,0.83,1766709952626
4,0.97,1766709953279
4,0.83,1766709954180
4,1.0,1766709955033
4,0.83,1766709955657
4,0.85,1766709956405
4,0.85,1766709957374
4,1.0,1766709958050
4,0.83,1766709958796
4,0.85,1766709959631
4,1.0,1766709960421
4,1.0,1766709961113
4,1.0,1766709961968
4,1.0,1766709962765
4,0.95,1766709963327
4,1.0,1766709964207
4,1.0,1766709965097
4,1.0,1766709965777
4,1.0,1766709966637
4,0.83,1766709967505
4,1.0,1766709968291
4,0.83,1766709969036
4,0.85,1766709969774
4,1.0,1766709970610
4,1.0,1766709971389
4,1.0,1766709972190
4,0.85,1766709973011
4,0.97,1766709973759
4,1.0,1766709974627
4,1.0,1766709975484
4,0.83,1766709976272
4,1.0,1766709977086
4,0.84,1766709977954
4,0.87,1766709978772
4,0.88,1766709979518
4,1.0,1766709980367
4,0.84,1766709981175
4,0.88,1766709981882
4,0.85,1766709982750
4,0.83,1766709983643
4,0.85,1766709984391
4,0.84,1766709985055
4,1.0,1766709985948
4,0.83,1766709986778
4,0.86,1766709987493
4,0.99,1766709988337
4,0.99,1766709989245
4,0.85,1766709989892
4,0.91,1766709990669
4,0.98,1766709991529
4,1.0,1766709992375
4,0.85,1766709993180
4,1.0,1766709994049
4,1.0,1766709994889
4,0.83,1766709995661
4,0.85,1766709996468
4,1.0,1766709997217
4,0.92,1766709997956
4,0.96,1766709998771
4,0.99,1766709999581
4,1.0,1766710000188
4,1.0,1766710001023
4,0.9,1766710001869
4,0.84,1766710002593
4,1.0,1766710003274
4,1.0,1766710004214
4,1.0,1766710005002
4,0.82,1766710005609
4,0.85,1766710006474
4,1.0,1766710007363
4,1.0,1766710008093
4,1.0,1766710009103
4,0.84,1766710009977
4,0.9,1766710010591
4,1.0,1766710011434
4,0.85,1766710012447
4,0.84,1766710013008
4,0.85,1766710013760
4,1.0,1766710014814
4,1.0,1766710015453
4,0.83,1766710016067
4,1.0,1766710017106
4,0.89,1766710017887
4,1.0,1766710018471
4,0.84,1766710019278
4,1.0,1766710020327
4,1.0,1766710020860
4,0.85,1766710021461
4,0.92,1766710022541
4,0.84,1766710023254
4,0.99,1766710023820
4,1.0,1766710024575
4,1.0,1766710025636
4,0.84,1766710026215
4,1.0,1766710026836
4,0.96,1766710027884
4,1.0,1766710028609
4,1.0,1766710029153
4,0.87,1766710029857
4,0.84,1766710030897
4,0.86,1766710031477
4,0.83,1766710032053
4,0.85,1766710032986
4,1.0,1766710033883
4,0.85,1766710034485
4,1.0,1766710035162
4,1.0,1766710036254
4,0.84,1766710036828
4,1.0,1766710037433
4,1.0,1766710038312
4,1.0,1766710039275
4,0.81,1766710039863
4,0.84,1766710040530
4,0.86,1766710041644
4,0.96,1766710042269
4,0.85,1766710042817
4,1.0,1766710043627
4,0.85,1766710044635
4,0.9,1766710045198
4,0.91,1766710045901
4,0.84,1766710047066
4,0.85,1766710047565
4,1.0,1766710048105
4,0.87,1766710048936
4,0.84,1766710049956
4,0.85,1766710050521
4,0.84,1766710051257
4,1.0,1766710052333
4,1.0,1766710052954
4,1.0,1766710053603
4,1.0,1766710054659
4,0.85,1766710055362
4,1.0,1766710055927
4,1.0,1766710056700
4,0.88,1766710057690
4,0.85,1766710058326
4,0.83,1766710058981
4,1.0,1766710060055
4,0.99,1766710060772
4,0.85,1766710061333
4,1.0,1766710062236
4,0.84,1766710063075
4,0.86,1766710063718
4,0.96,1766710064450
4,1.0,1766710065479
4,0.84,1766710066126
4,0.85,1766710066754
4,1.0,1766710067771
4,1.0,1766710068649
4,0.84,1766710069280
4,0.86,1766710070073
4,0.8,1766710070868
4,1.0,1766710071653
4,0.99,1766710072431
4,0.98,1766710073261
4,0.85,1766710074089
4,0.84,1766710074785
4,0.85,1766710075559
4,1.0,1766710076343
4,0.99,1766710077294
4,1.0,1766710078149
4,1.0,1766710078824
4,0.83,1766710079675
4,1.0,1766710080487
4,0.89,1766710081211
4,1.0,1766710082094
4,1.0,1766710082860
4,1.0,1766710083550
4,0.98,1766710084345
4,0.84,1766710085280
4,1.0,1766710085947
4,0.83,1766710086756
4,0.86,1766710087747
4,1.0,1766710088507
4,1.0,1766710089226
4,1.0,1766710090176
4,1.0,1766710090937
4,0.86,1766710091737
4,0.84,1766710092654
4,1.0,1766710093291
4,0.84,1766710094038
4,0.86,1766710094865
4,1.0,1766710095681
4,1.0,1766710096440
4,0.99,1766710097200
4,1.0,1766710098042
4,0.84,1766710098679
4,1.0,1766710099379
4,1.0,1766710100402
4,0.85,1766710101153
4,0.85,1766710101814
4,1.0,1766710102627
4,0.94,1766710103427
4,0.86,1766710104165
4,1.0,1766710104959
4,0.84,1766710105805
4,1.0,1766710106614
4,0.85,1766710107497
4,0.84,1766710108316
4,0.84,1766710109046
4,0.86,1766710109933
4,0.83,1766710110666
4,1.0,1766710111371
4,0.93,1766710112305
4,1.0,1766710113021
4,0.82,1766710113703
4,1.0,1766710114477
4,0.84,1766710115292
4,0.94,1766710115944
4,0.9,1766710116817
4,0.84,1766710117643
4,0.85,1766710118281
4,1.0,1766710118990
4,1.0,1766710119870
4,0.83,1766710120564
4,0.91,1766710121109
4,1.0,1766710122059
4,0.85,1766710123082
4,1.0,1766710123691
4,1.0,1766710124450
4,0.89,1766710125373
4,1.0,1766710126029
4,1.0,1766710126773
4,0.84,1766710127815
4,0.83,1766710128531
4,0.98,1766710129125
4,1.0,1766710130027
4,1.0,1766710130949
4,1.0,1766710131524
4,0.97,1766710132352
4,1.0,1766710133326
4,1.0,1766710133929
4,0.85,1766710134722
4,0.84,1766710135719
4,1.0,1766710136406
4,1.0,1766710137091
4,0.88,1766710137994
4,1.0,1766710138843
4,1.0,1766710139585
4,1.0,1766710140384
4,1.0,1766710141298
4,1.0,1766710141969
4,0.83,1766710142894
4,0.85,1766710143715
4,1.0,1766710144328
4,0.85,1766710145117
4,0.97,1766710146161
4,0.88,1766710146718
4,1.0,1766710147323
4,1.0,1766710148334
4,1.0,1766710149161
4,0.98,1766710149727
4,0.97,1766710150404
4,1.0,1766710151524
4,1.0,1766710152151
4,0.82,1766710152772
4,1.0,1766710153796
4,1.0,1766710154544
4,0.85,1766710155121
4,0.84,1766710155986
4,0.85,1766710156941
4,0.84,1766710157539
4,1.0,1766710158173
4,0.99,1766710159244
4,0.92,1766710160013
4,0.89,1766710160588
4,1.0,1766710161525
4,0.85,1766710162520
4,1.0,1766710163093
4,1.0,1766710163782
4,0.84,1766710164862
4,1.0,1766710165537
4,1.0,1766710166106
4,1.0,1766710167061
4,1.0,1766710167879
4,0.85,1766710168486
4,0.85,1766710169218
4,0.99,1766710170385
4,1.0,1766710170965
4,1.0,1766710171550
4,1.0,1766710172566
4,0.84,1766710173336
4,0.9,1766710173913
4,0.85,1766710174545
4,1.0,1766710175742
4,1.0,1766710176325
4,0.85,1766710176880
4,0.84,1766710177792
4,1.0,1766710178759
4,0.84,1766710179323
4,0.98,1766710180013
4,1.0,1766710181164
4,0.85,1766710181718
4,0.83,1766710182254
4,0.83,1766710183125
4,1.0,1766710184097
4,0.85,1766710184714
4,0.83,1766710185468
4,1.0,1766710186565
4,1.0,1766710187133
4,0.97,1766710187787
4,0.86,1766710188985
4,1.0,1766710189649
4,0.85,1766710190274
4,0.8,1766710191262
4,0.87,1766710192157
4,0.97,1766710192777
4,1.0,1766710193490
4,0.84,1766710194520
4,1.0,1766710195089
4,1.0,1766710195685
4,1.0,1766710196782
4,1.0,1766710197600
4,0.83,1766710198181
4,0.85,1766710198919
4,1.0,1766710200052
4,0.85,1766710200638
4,0.83,1766710201239
4,1.0,1766710202283
4,0.86,1766710202995
4,1.0,1766710203593
4,0.83,1766710204398
4,0.88,1766710205420
4,0.94,1766710205977
4,1.0,1766710206595
4,1.0,1766710207683
4,0.84,1766710208386
4,1.0,1766710208927
4,0.85,1766710209569
4,0.85,1766710210706
4,0.99,1766710211331
4,1.0,1766710211897
4,0.97,1766710213020
4,1.0,1766710213771
4,0.84,1766710214346
4,0.84,1766710215137
4,1.0,1766710216138
4,0.85,1766710216763
4,0.84,1766710217445
4,1.0,1766710218678
4,0.94,1766710219302
4,0.83,1766710219850
4,0.83,1766710220733
4,0.84,1766710221585
4,1.0,1766710222121
4,1.0,1766710222798
4,0.98,1766710223911
4,1.0,1766710224551
4,1.0,1766710225140
4,1.0,1766710226094
4,1.0,1766710226962
4,0.83,1766710227522
4,1.0,1766710228227
4,0.83,1766710229286
4,0.44,1766710229893
4,1.0,1766710230493
4,1.0,1766710231456
4,0.84,1766710232384
4,1.0,1766710232948
4,0.85,1766710233655
4,1.0,1766710234629
4,1.0,1766710235267
4,0.85,1766710235825
4,1.0,1766710236713
4,0.94,1766710237649
4,1.0,1766710238251
4,1.0,1766710238996
4,1.0,1766710239997
4,1.0,1766710240622
4,1.0,1766710241252
4,0.84,1766710242434
4,1.0,1766710243151
4,0.84,1766710243793
4,0.85,1766710244735
4,1.0,1766710245678
4,0.85,1766710246222
4,0.84,1766710246883
4,1.0,1766710247832
4,0.8,1766710248563
4,1.0,1766710249131
4,0.82,1766710250025
4,1.0,1766710250863
4,1.0,1766710251432
4,0.85,1766710252118
4,1.0,1766710253358
4,0.96,1766710253976
4,0.84,1766710254584
4,1.0,1766710255617
4,0.86,1766710256451
4,1.0,1766710257023
4,1.0,1766710257814
4,1.0,1766710258863
4,0.85,1766710259480
4,0.98,1766710260147
4,0.87,1766710261247
4,0.84,1766710261934
4,0.86,1766710262524
4,0.84,1766710263462
4,0.94,1766710264287
4,0.91,1766710264914
4,1.0,1766710265620
4,0.86,1766710266714
4,1.0,1766710267409
4,0.85,1766710268067
4,0.84,1766710269057
4,0.86,1766710269856
4,1.0,1766710270448
4,1.0,1766710271342
4,0.83,1766710272213
4,1.0,1766710272921
4,0.83,1766710273651
4,0.85,1766710274522
4,1.0,1766710275381
4,0.92,1766710276153
4,0.95,1766710276991
4,1.0,1766710277785
4,0.85,1766710278611
4,0.84,1766710279376
4,0.85,1766710280118
4,0.85,1766710281049
4,0.85,1766710281845
4,0.85,1766710282525
4,1.0,1766710283327
4,0.87,1766710284233
4,0.98,1766710284976
4,0.98,1766710285699
4,1.0,1766710286574
4,0.85,1766710287281
4,0.96,1766710287895
4,1.0,1766710288798
4,0.82,1766710289607
4,1.0,1766710290323
4,1.0,1766710290955
4,0.86,1766710291758
4,1.0,1766710292527
4,0.84,1766710293213
4,1.0,1766710294086
4,0.86,1766710294891
4,0.84,1766710295577
4,0.85,1766710296368
4,1.0,1766710297229
4,1.0,1766710298046
4,0.84,1766710298817
4,1.0,1766710299626
4,1.0,1766710300394
4,0.9,1766710301131
4,0.85,1766710302038
4,0.84,1766710302745
4,0.84,1766710303497
4,1.0,1766710304291
4,1.0,1766710304990
4,0.82,1766710305797
4,0.85,1766710306700
4,0.83,1766710307375
4,1.0,1766710308128
4,1.0,1766710309039
4,0.92,1766710309869
4,0.93,1766710310631
4,0.84,1766710311599
4,1.0,1766710312381
4,0.84,1766710312963
4,1.0,1766710313820
4,0.84,1766710314785
4,0.86,1766710315427
4,0.83,1766710316199
4,1.0,1766710317155
4,1.0,1766710317873
4,1.0,1766710318633
4,1.0,1766710319675
4,0.84,1766710320375
4,0.86,1766710321034
4,0.84,1766710322035
4,0.85,1766710322868
4,1.0,1766710323476
4,1.0,1766710324325
4,1.0,1766710325130
4,1.0,1766710325747
4,1.0,1766710326474
4,0.85,1766710327470
4,1.0,1766710328271
4,0.86,1766710328849
4,0.97,1766710329734
4,0.86,1766710330482
4,1.0,1766710331297
4,0.99,1766710332237
4,0.84,1766710332892
4,1.0,1766710333666
4,0.85,1766710334513
4,1.0,1766710335263
4,0.86,1766710336023
4,0.84,1766710336784
4,1.0,1766710337587
4,1.0,1766710338218
4,1.0,1766710339077
4,0.83,1766710340001
4,1.0,1766710340611
4,0.84,1766710341448
4,1.0,1766710342235
4,0.85,1766710342883
4,0.85,1766710343612
4,1.0,1766710344644
4,1.0,1766710345395
4,0.93,1766710346036
4,0.84,1766710346937
4,0.85,1766710347747
4,0.83,1766710348320
4,0.85,1766710349248
4,0.83,1766710350185
4,0.86,1766710350799
4,1.0,1766710351532
4,0.92,1766710352682
4,0.87,1766710353299
4,1.0,1766710353889
4,0.84,1766710354912
4,0.95,1766710355711
4,0.94,1766710356275
4,1.0,1766710356996
4,0.85,1766710358046
4,0.87,1766710358694
4,1.0,1766710359253
4,0.85,1766710360093
4,1.0,1766710360984
4,1.0,1766710361564
4,0.98,1766710362338
4,0.83,1766710363382
4,0.85,1766710364058
4,0.84,1766710364708
4,0.85,1766710365783
4,0.84,1766710366519
4,1.0,1766710367082
4,0.82,1766710367956
4,1.0,1766710368926
4,0.84,1766710369527
4,1.0,1766710370186
4,1.0,1766710371206
4,0.99,1766710371921
4,1.0,1766710372454
4,0.85,1766710373317
4,0.85,1766710374423
4,0.99,1766710374981
4,0.92,1766710375637
4,0.84,1766710376790
4,1.0,1766710377519
4,0.99,1766710378090
4,1.0,1766710378993
4,1.0,1766710379827
4,0.85,1766710380420
4,0.85,1766710381154
4,1.0,1766710382166
4,1.0,1766710382833
4,0.86,1766710383641
4,0.98,1766710384597
4,0.84,1766710385294
4,1.0,1766710386002
4,0.99,1766710386830
4,0.85,1766710387809
4,1.0,1766710388469
4,1.0,1766710389141
4,1.0,1766710390056
4,1.0,1766710390799
4,0.84,1766710391540
4,1.0,1766710392402
4,1.0,1766710393358
4,0.96,1766710394040
4,0.94,1766710394738
4,1.0,1766710395831
4,1.0,1766710396527
4,0.83,1766710397160
4,1.0,1766710398165
4,0.83,1766710398964
4,1.0,1766710399546
4,1.0,1766710400211
4,0.85,1766710401249
4,0.83,1766710401933
4,1.0,1766710402527
4,0.84,1766710403541
4,1.0,1766710404334
4,0.83,1766710404876
4,1.0,1766710405594
4,1.0,1766710406768
4,1.0,1766710407410
4,1.0,1766710407969
4,0.93,1766710408939
4,0.85,1766710409819
4,1.0,1766710410396
4,1.0,1766710411164
4,1.0,1766710412273
4,0.86,1766710412818
4,1.0,1766710413421
4,0.99,1766710414450
4,1.0,1766710415212
4,0.86,1766710415788
4,0.84,1766710416523
4,1.0,1766710417493
4,1.0,1766710418061
4,0.99,1766710418575
4,0.96,1766710419367
4,0.84,1766710420407
4,0.83,1766710420924
4,0.85,1766710421632
4,0.83,1766710422657
4,1.0,1766710423343
4,0.84,1766710423987
4,0.85,1766710424828
4,1.0,1766710425770
4,0.86,1766710426366
4,0.84,1766710427194
4,0.83,1766710428303
4,0.96,1766710428914
4,1.0,1766710429584
4,0.85,1766710430526
4,0.83,1766710431337
4,0.99,1766710431976
4,1.0,1766710432834
4,1.0,1766710433691
4,0.84,1766710434348
4,0.85,1766710435208
4,1.0,1766710436035
4,1.0,1766710436767
4,0.83,1766710437521
4,1.0,1766710438434
4,0.84,1766710439212
4,0.85,1766710439982
4,0.85,1766710440822
4,1.0,1766710441572
4,0.85,1766710442266
4,0.84,1766710443241
4,0.85,1766710444029
4,0.85,1766710444746
4,0.85,1766710445677
4,0.81,1766710446351
4,0.85,1766710447016
4,0.81,1766710447767
4,0.9,1766710448682
4,0.94,1766710449423
4,1.0,1766710450135
4,1.0,1766710450954
4,0.99,1766710451618
4,0.99,1766710452360
4,1.0,1766710453291
4,1.0,1766710453946
4,1.0,1766710454609
4,0.84,1766710455482
4,0.84,1766710456295
4,1.0,1766710456964
4,1.0,1766710457643
4,0.86,1766710458620
4,0.83,1766710459278
4,0.99,1766710459852
4,1.0,1766710460592
4,0.85,1766710461643
4,0.84,1766710462271
4,1.0,1766710462902
4,1.0,1766710463834
4,0.85,1766710464579
4,0.99,1766710465174
4,0.85,1766710466017
4,1.0,1766710466990
4,0.85,1766710467579
4,1.0,1766710468171
4,0.86,1766710469242
4,0.84,1766710469926
4,1.0,1766710470510
4,1.0,1766710471313
4,0.96,1766710472309
4,0.85,1766710472929
4,0.84,1766710473569
4,0.84,1766710474595
4,0.84,1766710475275
4,1.0,1766710475822
4,1.0,1766710476642
4,1.0,1766710477495
4,1.0,1766710478119
4,1.0,1766710478817
4,0.99,1766710479818
4,1.0,1766710480487
4,0.93,1766710481102
4,0.85,1766710482034
4,1.0,1766710482841
4,1.0,1766710483438
4,0.85,1766710484213
4,1.0,1766710485136
4,1.0,1766710485799
4,1.0,1766710486494
4,0.84,1766710487293
4,0.84,1766710488167
4,0.85,1766710488909
4,1.0,1766710489744
4,0.93,1766710490523
4,0.85,1766710491177
4,0.85,1766710491997
4,0.84,1766710492882
4,0.85,1766710493556
4,0.96,1766710494210
4,1.0,1766710495105
4,1.0,1766710495842
4,1.0,1766710496455
4,0.84,1766710497329
4,0.85,1766710498213
4,1.0,1766710498841
4,1.0,1766710499582
4,0.84,1766710500403
4,0.83,1766710501142
4,1.0,1766710501754
4,1.0,1766710502621
4,0.83,1766710503500
4,1.0,1766710504129
4,0.84,1766710504899
4,1.0,1766710505744
4,0.83,1766710506458
4,0.85,1766710507164
4,0.84,1766710507941
4,1.0,1766710508722
4,1.0,1766710509372
4,1.0,1766710510154
4,0.83,1766710510931
4,1.0,1766710511655
4,0.84,1766710512325
4,0.94,1766710513207
4,0.88,1766710514015
4,0.98,1766710514652
4,0.97,1766710515441
4,1.0,1766710516242
4,1.0,1766710517035
4,1.0,1766710517843
4,0.85,1766710518607
4,0.84,1766710519492
4,1.0,1766710520350
4,1.0,1766710520994
4,0.85,1766710521669
4,1.0,1766710522404
4,1.0,1766710523265
4,1.0,1766710523850
4,0.85,1766710524602
4,0.83,1766710525444
4,0.85,1766710526156
4,1.0,1766710526783
4,0.86,1766710527610
4,1.0,1766710528409
4,1.0,1766710529045
4,1.0,1766710529786
4,1.0,1766710530734
4,1.0,1766710531455
4,1.0,1766710532126
4,0.99,1766710532973
4,1.0,1766710533692
4,0.84,1766710534253
4,1.0,1766710534890
4,0.82,1766710535732
4,1.0,1766710536476
4,0.83,1766710537081
4,0.85,1766710537857
4,1.0,1766710538711
4,1.0,1766710539331
4,1.0,1766710539959
4,1.0,1766710540898
4,0.89,1766710541686
4,1.0,1766710542274
4,0.84,1766710543116
4,0.98,1766710544016
4,1.0,1766710544598
4,1.0,1766710545253
4,0.89,1766710546129
4,0.86,1766710546852
4,0.83,1766710547499
4,1.0,1766710548359
4,0.86,1766710549165
4,1.0,1766710549777
4,1.0,1766710550442
4,0.87,1766710551275
4,1.0,1766710552099
4,0.97,1766710552703
4,1.0,1766710553502
4,0.83,1766710554537
4,1.0,1766710555101
4,0.85,1766710555724
4,0.86,1766710556632
4,0.84,1766710557336
4,0.85,1766710557951
4,0.84,1766710558677
4,0.85,1766710559644
4,1.0,1766710560391
4,0.98,1766710561027
4,1.0,1766710561855
4,0.85,1766710562644
4,0.84,1766710563277
4,0.85,1766710564014
4,0.84,1766710564952
4,1.0,1766710565623
4,1.0,1766710566203
4,0.85,1766710567008
4,0.84,1766710567869
4,1.0,1766710568406
4,1.0,1766710569137
4,1.0,1766710569980
4,0.84,1766710570705
4,1.0,1766710571326
4,0.82,1766710572126
4,1.0,1766710573090
4,1.0,1766710573704
4,0.85,1766710574421
4,0.94,1766710575354
4,0.99,1766710576045
4,0.84,1766710576611
4,1.0,1766710577469
4,0.97,1766710578310
4,0.98,1766710578958
4,0.96,1766710579684
4,1.0,1766710580603
4,1.0,1766710581317
4,1.0,1766710581965
4,0.84,1766710582770
4,0.85,1766710583641
4,1.0,1766710584301
4,0.99,1766710585053
4,0.99,1766710585893
4,0.84,1766710586640
4,1.0,1766710587285
4,0.83,1766710588121
4,1.0,1766710588895
4,1.0,1766710589585
4,1.0,1766710590383
4,1.0,1766710591153
4,1.0,1766710591854
4,0.83,1766710592445
4,0.86,1766710593243
4,0.85,1766710594048
4,0.85,1766710594755
4,1.0,1766710595471
4,1.0,1766710596283
4,0.85,1766710597021
4,1.0,1766710597684
4,0.85,1766710598503
4,1.0,1766710599356
4,0.83,1766710599999
4,1.0,1766710600618
4,1.0,1766710601427
4,1.0,1766710602286
4,0.84,1766710602882
4,0.85,1766710603597
4,1.0,1766710604541
4,0.85,1766710605180
4,1.0,1766710605788
4,0.85,1766710606639
4,0.84,1766710607415
4,0.85,1766710608133
4,1.0,1766710608931
4,1.0,1766710609930
4,1.0,1766710610533
4,1.0,1766710611200
4,0.97,1766710612149
4,0.89,1766710612841
4,1.0,1766710613442
4,0.99,1766710614236
4,1.0,1766710615240
4,0.85,1766710615849
4,1.0,1766710616491
4,0.85,1766710617457
4,0.82,1766710618123
4,1.0,1766710618706
4,1.0,1766710619434
4,1.0,1766710620385
4,0.96,1766710620927
4,0.86,1766710621500
4,0.83,1766710622291
4,1.0,1766710623151
4,1.0,1766710623702
4,0.82,1766710624318
4,0.84,1766710625424
4,0.84,1766710626021
4,1.0,1766710626560
4,0.85,1766710627174
4,0.97,1766710628113
4,1.0,1766710628674
4,0.82,1766710629216
4,0.84,1766710629974
4,0.84,1766710630864
4,1.0,1766710631437
4,1.0,1766710631973
4,0.98,1766710632691
4,1.0,1766710633583
4,0.85,1766710634162
4,1.0,1766710634687
4,1.0,1766710635374
4,0.87,1766710636287
4,0.95,1766710636828
4,1.0,1766710637392
4,1.0,1766710637952
5,1.0,1766710638892
5,0.84,1766710639485
5,0.99,1766710640035
5,0.99,1766710640756
5,0.85,1766710641586
5,1.0,1766710642149
5,1.0,1766710642785
5,0.87,1766710643682
5,0.9,1766710644425
5,0.86,1766710644984
5,0.85,1766710645664
5,1.0,1766710646657
5,0.98,1766710647273
5,1.0,1766710647879
5,1.0,1766710648584
5,1.0,1766710649519
5,0.83,1766710650083
5,1.0,1766710650676
5,1.0,1766710651597
5,1.0,1766710652398
5,0.85,1766710653000
5,1.0,1766710653624
5,0.97,1766710654667
5,1.0,1766710655260
5,0.84,1766710655866
5,0.85,1766710656578
5,1.0,1766710657527
5,0.86,1766710658104
5,1.0,1766710658686
5,1.0,1766710659470
5,1.0,1766710660366
5,0.86,1766710660946
5,1.0,1766710661586
5,1.0,1766710662497
5,0.82,1766710663206
5,0.86,1766710663814
5,0.85,1766710664459
5,1.0,1766710665389
5,0.84,1766710665985
5,1.0,1766710666587
5,0.85,1766710667207
5,0.85,1766710668178
5,1.0,1766710668705
5,0.84,1766710669272
5,0.85,1766710669981
5,0.9,1766710670901
5,1.0,1766710671524
5,1.0,1766710672147
5,0.84,1766710673020
5,1.0,1766710673714
5,0.85,1766710674343
5,0.85,1766710675038
5,1.0,1766710675841
5,0.84,1766710676415
5,1.0,1766710677001
5,1.0,1766710677770
5,1.0,1766710678589
5,1.0,1766710679209
5,1.0,1766710679833
5,0.87,1766710680724
5,1.0,1766710681375
5,1.0,1766710681982
5,1.0,1766710682575
5,1.0,1766710683507
5,1.0,1766710684090
5,0.85,1766710684699
5,0.84,1766710685466
5,0.85,1766710686371
5,1.0,1766710686946
5,0.85,1766710687535
5,1.0,1766710688476
5,0.84,1766710689140
5,1.0,1766710689737
5,0.85,1766710690448
5,0.85,1766710691398
5,1.0,1766710692020
5,1.0,1766710692557
5,0.86,1766710693336
5,0.84,1766710694223
5,1.0,1766710694804
5,0.86,1766710695449
5,1.0,1766710696327
5,0.84,1766710697065
5,1.0,1766710697660
5,0.84,1766710698469
5,1.0,1766710699210
5,0.96,1766710699794
5,0.85,1766710700507
5,0.84,1766710701429
5,0.86,1766710702155
5,0.93,1766710702751
5,0.89,1766710703537
5,0.85,1766710704420
5,1.0,1766710705027
5,1.0,1766710705716
5,0.86,1766710706557
5,0.89,1766710707269
5,0.93,1766710707833
5,0.85,1766710708574
5,1.0,1766710709350
5,1.0,1766710709996
5,0.84,1766710710612
5,1.0,1766710711481
5,0.84,1766710712250
5,1.0,1766710712817
5,1.0,1766710713513
5,1.0,1766710714475
5,1.0,1766710715140
5,0.86,1766710715806
5,0.84,1766710716676
5,1.0,1766710717461
5,0.84,1766710718069
5,1.0,1766710718851
5,0.87,1766710719637
5,1.0,1766710720241
5,1.0,1766710720940
5,0.85,1766710721707
5,0.85,1766710722477
5,1.0,1766710723079
5,0.83,1766710723868
5,1.0,1766710724589
5,1.0,1766710725265
5,1.0,1766710725984
5,1.0,1766710726728
5,0.86,1766710727411
5,0.84,1766710728257
5,1.0,1766710728988
5,0.83,1766710729606
5,1.0,1766710730274
5,0.85,1766710731010
5,0.84,1766710731746
5,0.84,1766710732481
5,1.0,1766710733233
5,0.83,1766710733984
5,0.85,1766710734591
5,1.0,1766710735312
5,1.0,1766710736023
5,0.99,1766710736727
5,1.0,1766710737435
5,0.84,1766710738240
5,0.88,1766710738964
5,0.98,1766710739600
5,1.0,1766710740314
5,0.85,1766710740919
5,0.84,1766710741700
5,1.0,1766710742387
5,0.9,1766710743161
5,1.0,1766710743859
5,0.83,1766710744443
5,0.85,1766710745112
5,1.0,1766710745887
5,1.0,1766710746601
5,0.84,1766710747181
5,0.85,1766710747933
5,1.0,1766710748703
5,1.0,1766710749349
5,0.91,1766710749993
5,1.0,1766710750867
5,0.83,1766710751600
5,0.98,1766710752189
5,1.0,1766710752906
5,0.87,1766710753813
5,0.97,1766710754389
5,0.85,1766710755028
5,1.0,1766710755824
5,1.0,1766710756624
5,1.0,1766710757189
5,0.84,1766710757770
5,0.85,1766710758607
5,0.85,1766710759346
5,0.85,1766710759919
5,0.84,1766710760591
5,0.84,1766710761567
5,1.0,1766710762087
5,1.0,1766710762622
5,0.99,1766710763277
5,0.85,1766710764290
5,1.0,1766710764902
5,1.0,1766710765445
5,0.95,1766710766255
5,0.86,1766710767089
5,1.0,1766710767675
5,0.83,1766710768261
5,0.94,1766710769127
5,0.93,1766710769828
5,0.84,1766710770389
5,0.83,1766710770998
5,0.85,1766710772005
5,0.83,1766710772621
5,1.0,1766710773207
5,1.0,1766710773891
5,1.0,1766710774822
5,0.83,1766710775410
5,0.98,1766710776038
5,1.0,1766710776990
5,1.0,1766710777616
5,0.84,1766710778173
5,0.94,1766710778783
5,0.83,1766710779775
5,0.85,1766710780345
5,1.0,1766710780879
5,0.98,1766710781613
5,0.84,1766710782629
5,1.0,1766710783216
5,1.0,1766710783788
5,1.0,1766710784626
5,0.88,1766710785397
5,0.95,1766710785980
5,1.0,1766710786597
5,0.99,1766710787574
5,0.96,1766710788317
5,0.99,1766710788901
5,1.0,1766710789705
5,0.86,1766710790541
5,0.93,1766710791124
5,1.0,1766710791707
5,1.0,1766710792546
5,1.0,1766710793358
5,0.86,1766710793915
5,0.83,1766710794603
5,0.86,1766710795522
5,0.84,1766710796191
5,1.0,1766710796781
5,0.84,1766710797537
5,1.0,1766710798400
5,0.84,1766710798967
5,1.0,1766710799626
5,1.0,1766710800505
5,0.86,1766710801112
5,1.0,1766710801694
5,1.0,1766710802457
5,1.0,1766710803337
5,1.0,1766710803970
5,1.0,1766710804544
5,1.0,1766710805205
5,0.85,1766710806109
5,0.86,1766710806695
5,0.88,1766710807311
5,0.85,1766710808122
5,1.0,1766710808920
5,1.0,1766710809480
5,0.85,1766710810111
5,0.9,1766710811102
5,1.0,1766710811748
5,0.84,1766710812327
5,0.85,1766710813142
5,1.0,1766710813981
5,1.0,1766710814556
5,0.84,1766710815150
5,1.0,1766710816019
5,1.0,1766710816721
5,0.85,1766710817259
5,0.84,1766710818007
5,1.0,1766710818824
5,0.81,1766710819530
5,0.85,1766710820134
5,0.85,1766710820928
5,0.84,1766710821776
5,0.84,1766710822366
5,1.0,1766710823002
5,0.85,1766710823869
5,1.0,1766710824655
5,0.84,1766710825194
5,0.99,1766710825851
5,1.0,1766710826705
5,0.86,1766710827464
5,1.0,1766710828006
5,1.0,1766710828799
5,0.85,1766710829606
5,0.97,1766710830185
5,0.85,1766710830727
5,1.0,1766710831475
5,0.83,1766710832326
5,0.85,1766710832923
5,0.85,1766710833568
5,1.0,1766710834325
5,1.0,1766710835050
5,0.84,1766710835647
5,0.85,1766710836342
5,0.84,1766710837029
5,0.86,1766710837703
5,0.91,1766710838417
5,1.0,1766710839209
5,1.0,1766710839860
5,1.0,1766710840568
5,1.0,1766710841355
5,0.88,1766710842049
5,0.87,1766710842718
5,1.0,1766710843508
5,1.0,1766710844254
5,1.0,1766710844918
5,0.92,1766710845749
5,0.88,1766710846436
5,1.0,1766710847176
5,1.0,1766710847907
5,1.0,1766710848682
5,0.99,1766710849437
5,0.94,1766710850062
5,0.93,1766710850862
5,0.85,1766710851658
5,1.0,1766710852362
5,1.0,1766710853069
5,1.0,1766710853825
5,0.93,1766710854590
5,0.95,1766710855221
5,0.85,1766710855910
5,0.83,1766710856721
5,0.98,1766710857500
5,0.97,1766710858230
5,0.99,1766710858937
5,1.0,1766710859724
5,1.0,1766710860368
5,1.0,1766710861120
5,1.0,1766710861857
5,0.88,1766710862585
5,1.0,1766710863197
5,1.0,1766710863901
5,0.85,1766710864550
5,1.0,1766710865254
5,1.0,1766710866015
5,0.85,1766710866725
5,0.86,1766710867469
5,0.97,1766710868135
5,0.85,1766710868907
5,1.0,1766710869594
5,1.0,1766710870329
5,0.84,1766710871032
5,1.0,1766710871773
5,0.85,1766710872462
5,1.0,1766710873202
5,0.84,1766710873971
5,0.85,1766710874691
5,0.85,1766710875421
5,0.85,1766710876031
5,0.84,1766710876739
5,0.87,1766710877541
5,0.99,1766710878250
5,0.99,1766710878918
5,1.0,1766710879713
5,0.85,1766710880498
5,0.97,1766710881095
5,0.93,1766710881763
5,1.0,1766710882552
5,0.98,1766710883322
5,0.86,1766710883943
5,1.0,1766710884660
5,0.85,1766710885330
5,0.84,1766710886004
5,0.85,1766710886689
5,0.84,1766710887412
5,0.83,1766710888072
5,1.0,1766710888822
5,0.86,1766710889531
5,1.0,1766710890268
5,1.0,1766710891031
5,1.0,1766710891674
5,1.0,1766710892465
5,0.84,1766710893135
5,0.85,1766710893851
5,1.0,1766710894491
5,0.99,1766710895188
5,1.0,1766710895828
5,1.0,1766710896564
5,0.94,1766710897276
5,1.0,1766710897863
5,0.84,1766710898536
5,0.85,1766710899202
5,1.0,1766710899990
5,0.84,1766710900797
5,1.0,1766710901494
5,0.85,1766710902126
5,1.0,1766710902947
5,1.0,1766710903751
5,1.0,1766710904381
5,1.0,1766710905120
5,1.0,1766710905977
5,1.0,1766710906646
5,1.0,1766710907204
5,0.84,1766710908031
5,0.84,1766710908879
5,1.0,1766710909469
5,0.85,1766710910099
5,1.0,1766710910955
5,1.0,1766710911685
5,1.0,1766710912267
5,1.0,1766710912971
5,1.0,1766710913861
5,0.85,1766710914486
5,1.0,1766710915063
5,0.99,1766710915846
5,1.0,1766710916731
5,1.0,1766710917332
5,0.85,1766710917976
5,1.0,1766710918955
5,1.0,1766710919600
5,0.96,1766710920173
5,1.0,1766710920727
5,1.0,1766710921736
5,1.0,1766710922317
5,1.0,1766710922903
5,0.85,1766710923687
5,0.86,1766710924580
5,1.0,1766710925165
5,1.0,1766710925693
5,1.0,1766710926443
5,0.84,1766710927172
5,1.0,1766710927766
5,0.94,1766710928364
5,1.0,1766710929340
5,1.0,1766710930029
5,0.85,1766710930662
5,0.9,1766710931404
5,1.0,1766710932307
5,0.84,1766710932893
5,1.0,1766710933487
5,1.0,1766710934410
5,0.99,1766710935176
5,0.88,1766710935757
5,0.86,1766710936434
5,1.0,1766710937325
5,1.0,1766710937942
5,1.0,1766710938518
5,0.84,1766710939294
5,1.0,1766710940228
5,0.83,1766710940827
5,0.86,1766710941483
5,1.0,1766710942378
5,0.86,1766710943042
5,1.0,1766710943663
5,0.85,1766710944469
5,1.0,1766710945337
5,1.0,1766710945903
5,1.0,1766710946477
5,1.0,1766710947251
5,1.0,1766710948038
5,0.84,1766710948648
5,0.84,1766710949382
5,1.0,1766710950154
5,1.0,1766710950871
5,0.86,1766710951504
5,0.83,1766710952224
5,0.85,1766710952927
5,1.0,1766710953628
5,1.0,1766710954339
5,0.93,1766710954950
5,0.98,1766710955705
5,1.0,1766710956519
5,0.99,1766710957186
5,1.0,1766710957803
5,1.0,1766710958614
5,0.93,1766710959379
5,0.96,1766710959986
5,0.85,1766710960705
5,1.0,1766710961578
5,1.0,1766710962185
5,0.83,1766710962708
5,0.85,1766710963422
5,1.0,1766710964332
5,1.0,1766710964926
5,0.84,1766710965569
5,0.86,1766710966419
5,0.84,1766710967187
5,1.0,1766710967768
5,1.0,1766710968513
5,0.86,1766710969420
5,0.84,1766710970084
5,1.0,1766710970713
5,1.0,1766710971491
5,1.0,1766710972298
5,1.0,1766710972861
5,0.85,1766710973549
5,1.0,1766710974377
5,0.84,1766710975066
5,1.0,1766710975656
5,1.0,1766710976365
5,1.0,1766710977265
5,1.0,1766710977910
5,0.84,1766710978519
5,0.99,1766710979340
5,0.83,1766710980180
5,1.0,1766710980698
5,0.9,1766710981307
5,1.0,1766710982247
5,0.82,1766710982923
5,1.0,1766710983493
5,1.0,1766710984210
5,0.99,1766710985073
5,0.87,1766710985659
5,1.0,1766710986246
5,1.0,1766710987102
5,1.0,1766710987795
5,0.85,1766710988413
5,0.84,1766710989023
5,0.85,1766710989849
5,0.84,1766710990552
5,1.0,1766710991168
5,1.0,1766710991839
5,1.0,1766710992791
5,0.84,1766710993377
5,1.0,1766710993950
5,0.85,1766710994725
5,0.86,1766710995600
5,0.84,1766710996196
5,0.97,1766710996768
5,1.0,1766710997702
5,0.85,1766710998391
5,1.0,1766710998966
5,1.0,1766710999632
5,0.84,1766711000530
5,0.99,1766711001130
5,1.0,1766711001678
5,1.0,1766711002481
5,1.0,1766711003326
5,0.85,1766711003943
5,1.0,1766711004552
5,0.84,1766711005403
5,1.0,1766711006074
5,0.83,1766711006685
5,1.0,1766711007363
5,0.83,1766711008139
5,0.99,1766711008772
5,0.86,1766711009380
5,0.88,1766711010088
5,0.84,1766711010896
5,1.0,1766711011521
5,1.0,1766711012212
5,1.0,1766711012959
5,1.0,1766711013709
5,0.92,1766711014320
5,1.0,1766711015099
5,1.0,1766711015819
5,1.0,1766711016610
5,1.0,1766711017236
5,0.92,1766711018049
5,0.9,1766711018729
5,0.85,1766711019444
5,0.84,1766711020109
5,1.0,1766711020867
5,1.0,1766711021634
5,0.86,1766711022292
5,1.0,1766711023062
5,1.0,1766711023741
5,0.83,1766711024539
5,0.86,1766711025206
5,0.85,1766711025955
5,0.85,1766711026615
5,0.83,1766711027377
5,1.0,1766711028163
5,1.0,1766711028763
5,0.83,1766711029503
5,1.0,1766711030257
5,0.86,1766711030960
5,0.84,1766711031576
5,1.0,1766711032363
5,1.0,1766711033242
5,0.86,1766711033827
5,1.0,1766711034430
5,1.0,1766711035188
5,1.0,1766711035978
5,1.0,1766711036561
5,1.0,1766711037145
5,1.0,1766711038121
5,1.0,1766711038801
5,0.87,1766711039359
5,0.95,1766711040109
5,1.0,1766711041006
5,1.0,1766711041630
5,1.0,1766711042231
5,0.96,1766711043073
5,0.91,1766711043864
5,0.85,1766711044390
5,1.0,1766711045055
5,1.0,1766711045921
5,0.85,1766711046577
5,1.0,1766711047152
5,0.82,1766711047774
5,0.85,1766711048704
5,0.83,1766711049297
5,1.0,1766711049850
5,1.0,1766711050622
5,1.0,1766711051508
5,0.99,1766711052107
5,1.0,1766711052730
5,1.0,1766711053651
5,0.84,1766711054375
5,1.0,1766711054977
5,0.88,1766711055636
5,1.0,1766711056681
5,0.85,1766711057235
5,1.0,1766711057788
5,1.0,1766711058488
5,0.94,1766711059444
5,0.93,1766711060038
5,0.86,1766711060625
5,0.84,1766711061367
5,0.88,1766711062289
5,0.85,1766711062850
5,1.0,1766711063462
5,0.84,1766711064383
5,1.0,1766711065135
5,1.0,1766711065756
5,0.85,1766711066452
5,0.86,1766711067346
5,1.0,1766711067936
5,0.84,1766711068531
5,0.84,1766711069288
5,0.84,1766711070144
5,1.0,1766711070736
5,1.0,1766711071396
5,0.99,1766711072193
5,0.83,1766711072897
5,1.0,1766711073501
5,1.0,1766711074254
5,1.0,1766711074969
5,0.84,1766711075728
5,1.0,1766711076297
5,0.83,1766711077130
5,0.85,1766711077851
5,1.0,1766711078555
5,0.95,1766711079205
5,0.99,1766711080049
5,0.85,1766711080854
5,1.0,1766711081516
5,0.85,1766711082225
5,1.0,1766711082967
5,0.95,1766711083653
5,1.0,1766711084367
5,0.84,1766711084939
5,1.0,1766711085690
5,0.83,1766711086307
5,1.0,1766711087131
5,1.0,1766711087911
5,0.82,1766711088568
5,0.84,1766711089391
5,1.0,1766711090134
5,1.0,1766711090925
5,1.0,1766711091487
5,1.0,1766711092229
5,0.85,1766711092895
5,0.84,1766711093660
5,0.85,1766711094397
5,0.84,1766711095123
5,0.85,1766711095851
5,1.0,1766711096585
5,1.0,1766711097341
5,0.84,1766711097951
5,1.0,1766711098698
5,1.0,1766711099468
5,0.85,1766711100140
5,1.0,1766711100763
5,1.0,1766711101669
5,1.0,1766711102354
5,0.85,1766711102944
5,1.0,1766711103641
5,1.0,1766711104561
5,1.0,1766711105223
5,0.85,1766711105810
5,1.0,1766711106689
5,0.86,1766711107427
5,1.0,1766711108019
5,1.0,1766711108701
5,0.85,1766711109699
5,1.0,1766711110306
5,0.89,1766711110908
5,0.94,1766711111676
5,0.84,1766711112503
5,1.0,1766711113059
5,1.0,1766711113659
5,1.0,1766711114423
5,0.97,1766711115237
5,1.0,1766711115806
5,0.83,1766711116342
5,0.83,1766711117249
5,0.85,1766711117991
5,1.0,1766711118589
5,0.85,1766711119239
5,0.84,1766711120205
5,0.85,1766711120821
5,1.0,1766711121414
5,0.98,1766711122081
5,1.0,1766711123052
5,0.85,1766711123622
5,0.83,1766711124244
5,0.85,1766711125054
5,0.84,1766711125867
5,1.0,1766711126429
5,0.86,1766711127081
5,1.0,1766711127970
5,0.84,1766711128652
5,0.99,1766711129217
5,1.0,1766711129894
5,0.85,1766711130857
5,0.84,1766711131433
5,1.0,1766711132005
5,0.89,1766711132814
5,0.96,1766711133641
5,0.85,1766711134223
5,0.83,1766711134869
5,0.85,1766711135723
5,0.97,1766711136447
5,1.0,1766711137036
5,1.0,1766711137757
5,0.85,1766711138634
5,0.84,1766711139305
5,1.0,1766711139919
5,1.0,1766711140777
5,1.0,1766711141501
5,0.83,1766711142090
5,0.85,1766711142829
5,0.83,1766711143699
5,0.86,1766711144350
5,1.0,1766711144944
5,1.0,1766711145735
5,0.84,1766711146517
5,0.85,1766711147149
5,0.83,1766711147887
5,1.0,1766711148717
5,1.0,1766711149385
5,0.85,1766711150028
5,0.83,1766711150753
5,0.85,1766711151572
5,1.0,1766711152217
5,1.0,1766711152962
5,0.84,1766711153731
5,0.86,1766711154411
5,1.0,1766711155104
5,1.0,1766711155822
5,0.84,1766711156533
5,1.0,1766711157271
5,0.84,1766711158001
5,0.86,1766711158620
5,1.0,1766711159373
5,1.0,1766711160133
5,1.0,1766711160794
5,1.0,1766711161444
5,0.93,1766711162250
5,0.91,1766711163001
5,0.85,1766711163593
5,1.0,1766711164226
5,0.82,1766711165113
5,1.0,1766711165832
5,0.85,1766711166394
5,0.84,1766711167038
5,1.0,1766711167901
5,1.0,1766711168587
5,1.0,1766711169148
5,1.0,1766711169844
5,0.86,1766711170607
5,0.84,1766711171208
5,0.98,1766711171766
5,1.0,1766711172575
5,1.0,1766711173430
5,0.88,1766711174024
5,1.0,1766711174633
5,0.99,1766711175502
5,1.0,1766711176226
5,0.85,1766711176771
5,1.0,1766711177383
5,0.85,1766711178345
5,1.0,1766711178919
5,0.42,1766711179521
5,1.0,1766711180253
5,0.85,1766711181206
5,1.0,1766711181786
5,0.86,1766711182395
5,1.0,1766711183315
5,1.0,1766711184020
5,0.84,1766711184609
5,1.0,1766711185289
5,1.0,1766711186199
5,1.0,1766711186833
5,1.0,1766711187459
5,0.86,1766711188281
5,0.85,1766711189053
5,1.0,1766711189660
5,1.0,1766711190373
5,0.86,1766711191176
5,0.9,1766711191916
5,0.92,1766711192560
5,1.0,1766711193349
5,1.0,1766711194114
5,0.99,1766711194789
5,0.87,1766711195577
5,1.0,1766711196388
5,1.0,1766711197019
5,0.86,1766711197653
5,1.0,1766711198470
5,0.95,1766711199231
5,1.0,1766711199785
5,1.0,1766711200449
5,1.0,1766711201218
5,0.86,1766711201949
5,1.0,1766711202536
5,0.85,1766711203277
5,0.84,1766711204063
5,0.85,1766711204722
5,1.0,1766711205374
5,1.0,1766711206129
5,0.98,1766711206839
5,0.99,1766711207500
5,0.83,1766711208286
5,0.86,1766711209011
5,1.0,1766711209750
5,0.85,1766711210397
5,0.99,1766711211178
5,1.0,1766711211864
5,1.0,1766711212571
5,0.93,1766711213213
5,1.0,1766711213903
5,1.0,1766711214646
5,1.0,1766711215343
5,0.97,1766711216090
5,0.88,1766711216778
5,1.0,1766711217427
5,0.85,1766711217995
5,1.0,1766711218771
5,1.0,1766711219431
5,0.84,1766711220239
5,1.0,1766711220843
5,0.84,1766711221543
5,1.0,1766711222273
5,0.83,1766711223021
5,1.0,1766711223674
5,1.0,1766711224399
5,1.0,1766711225137
5,0.83,1766711225902
5,1.0,1766711226660
5,0.94,1766711227200
5,0.92,1766711227925
5,0.86,1766711228644
5,0.99,1766711229361
5,1.0,1766711230075
5,1.0,1766711230746
5,1.0,1766711231477
5,1.0,1766711232133
5,1.0,1766711232908
5,1.0,1766711233601
5,0.86,1766711234407
5,0.84,1766711235065
5,1.0,1766711235935
5,0.84,1766711236681
5,1.0,1766711237277
5,0.84,1766711237943
5,0.86,1766711238624
5,1.0,1766711239313
5,1.0,1766711239897
5,1.0,1766711240625
5,1.0,1766711241502
5,0.84,1766711242073
5,1.0,1766711242606
5,0.89,1766711243391
5,0.87,1766711244132
5,1.0,1766711244682
5,1.0,1766711245303
5,1.0,1766711246098
5,1.0,1766711246921
5,0.86,1766711247511
5,1.0,1766711248171
5,0.85,1766711249105
5,1.0,1766711249740
5,0.86,1766711250319
5,1.0,1766711251070
5,0.85,1766711251997
5,1.0,1766711252583
5,0.86,1766711253139
5,0.84,1766711253871
5,0.85,1766711254606
5,0.92,1766711255218
5,0.9,1766711255923
5,1.0,1766711256747
5,1.0,1766711257452
5,1.0,1766711258096
5,1.0,1766711258834
5,0.92,1766711259579
5,1.0,1766711260202
5,1.0,1766711260874
5,1.0,1766711261587
5,0.85,1766711262394
5,1.0,1766711263144
5,1.0,1766711263831
5,0.84,1766711264531
5,0.83,1766711265317
5,1.0,1766711266030
5,1.0,1766711266639
5,1.0,1766711267379
5,1.0,1766711268244
5,1.0,1766711268942
5,0.85,1766711269575
5,0.85,1766711270365
5,0.85,1766711271142
5,1.0,1766711271751
5,1.0,1766711272449
5,1.0,1766711273359
5,1.0,1766711274006
5,0.84,1766711274607
5,0.85,1766711275413
5,0.83,1766711276271
5,1.0,1766711276863
5,0.84,1766711277407
5,1.0,1766711278349
5,0.84,1766711279053
5,1.0,1766711279635
5,1.0,1766711280365
5,1.0,1766711281301
5,0.84,1766711281845
5,0.99,1766711282431
5,0.96,1766711283225
5,0.85,1766711284132
5,1.0,1766711284713
5,1.0,1766711285307
5,1.0,1766711286140
5,0.93,1766711286945
5,0.86,1766711287565
5,0.85,1766711288187
5,1.0,1766711289188
5,1.0,1766711289822
5,1.0,1766711290412
5,0.84,1766711291177
5,1.0,1766711292039
5,0.84,1766711292619
5,0.85,1766711293227
5,1.0,1766711294069
5,1.0,1766711294863
5,0.83,1766711295461
5,0.85,1766711296107
5,0.83,1766711297082
5,1.0,1766711297682
5,0.62,1766711298272
5,1.0,1766711299096
5,1.0,1766711299885
5,1.0,1766711300493
5,1.0,1766711301132
5,1.0,1766711302037
5,0.85,1766711302621
5,1.0,1766711303217
5,0.99,1766711303934
5,0.85,1766711304762
5,1.0,1766711305296
6,0.83,1766711305844
6,0.86,1766711306804
6,1.0,1766711307517
6,0.85,1766711308118
6,0.84,1766711308785
6,0.86,1766711309644
6,0.83,1766711310220
6,1.0,1766711310814
6,0.83,1766711311538
6,0.85,1766711312512
6,1.0,1766711313101
6,0.86,1766711313756
6,1.0,1766711314661
6,0.86,1766711315346
6,0.98,1766711315945
6,1.0,1766711316633
6,0.84,1766711317647
6,1.0,1766711318246
6,0.85,1766711318841
6,0.88,1766711319591
6,1.0,1766711320500
6,0.85,1766711321112
6,1.0,1766711321743
6,0.85,1766711322608
6,1.0,1766711323353
6,0.92,1766711323937
6,1.0,1766711324617
6,1.0,1766711325661
6,0.85,1766711326229
6,1.0,1766711326820
6,1.0,1766711327512
6,0.96,1766711328442
6,0.98,1766711329017
6,0.85,1766711329614
6,1.0,1766711330549
6,0.85,1766711331342
6,0.92,1766711331927
6,0.84,1766711332515
6,1.0,1766711333391
6,0.83,1766711334007
6,1.0,1766711334568
6,0.84,1766711335348
6,1.0,1766711336208
6,0.84,1766711336790
6,0.85,1766711337373
6,0.84,1766711338302
6,0.85,1766711338967
6,1.0,1766711339491
6,0.87,1766711340131
6,0.84,1766711341021
6,1.0,1766711341622
6,1.0,1766711342217
6,1.0,1766711343074
6,1.0,1766711343818
6,0.83,1766711344431
6,0.85,1766711345053
6,1.0,1766711345963
6,0.86,1766711346633
6,0.84,1766711347263
6,1.0,1766711348033
6,0.84,1766711348895
6,0.84,1766711349532
6,0.83,1766711350254
6,1.0,1766711351073
6,1.0,1766711351810
6,1.0,1766711352453
6,1.0,1766711353109
6,1.0,1766711353721
6,0.84,1766711354411
6,0.85,1766711355097
6,0.99,1766711355887
6,1.0,1766711356653
6,1.0,1766711357312
6,1.0,1766711358021
6,1.0,1766711358713
6,1.0,1766711359428
6,1.0,1766711360150
6,0.86,1766711360898
6,0.94,1766711361592
6,1.0,1766711362168
6,1.0,1766711362863
6,0.84,1766711363613
6,1.0,1766711364390
6,0.85,1766711365054
6,1.0,1766711365793
6,0.84,1766711366469
6,1.0,1766711367202
6,1.0,1766711367858
6,1.0,1766711368597
6,1.0,1766711369357
6,0.98,1766711370071
6,0.85,1766711370806
6,1.0,1766711371405
6,0.84,1766711372194
6,0.86,1766711372912
6,0.84,1766711373622
6,1.0,1766711374262
6,0.84,1766711375038
6,1.0,1766711375803
6,0.95,1766711376480
6,0.97,1766711377178
6,1.0,1766711377950
6,1.0,1766711378636
6,1.0,1766711379241
6,1.0,1766711379935
6,1.0,1766711380883
6,1.0,1766711381548
6,0.83,1766711382117
6,0.82,1766711382900
6,0.86,1766711383737
6,0.84,1766711384379
6,1.0,1766711385001
6,0.83,1766711385789
6,0.85,1766711386575
6,0.83,1766711387192
6,1.0,1766711387917
6,0.96,1766711388826
6,0.88,1766711389530
6,1.0,1766711390135
6,0.85,1766711390939
6,0.83,1766711391733
6,0.82,1766711392328
6,1.0,1766711392910
6,1.0,1766711393643
6,0.84,1766711394473
6,0.86,1766711395069
6,1.0,1766711395753
6,1.0,1766711396666
6,1.0,1766711397276
6,1.0,1766711397825
6,1.0,1766711398614
6,1.0,1766711399447
6,0.95,1766711400027
6,0.88,1766711400629
6,0.84,1766711401647
6,0.85,1766711402299
6,0.95,1766711402848
6,1.0,1766711403527
6,0.85,1766711404596
6,1.0,1766711405173
6,1.0,1766711405760
6,0.83,1766711406465
6,0.9,1766711407260
6,1.0,1766711407874
6,0.85,1766711408510
6,0.85,1766711409434
6,0.86,1766711410127
6,1.0,1766711410697
6,1.0,1766711411415
6,0.84,1766711412375
6,1.0,1766711412969
6,1.0,1766711413534
6,0.85,1766711414342
6,1.0,1766711415119
6,0.86,1766711415729
6,1.0,1766711416337
6,1.0,1766711417312
6,0.84,1766711417965
6,1.0,1766711418535
6,1.0,1766711419225
6,0.85,1766711420127
6,1.0,1766711420728
6,1.0,1766711421272
6,0.95,1766711422189
6,1.0,1766711423011
6,1.0,1766711423589
6,0.84,1766711424280
6,0.88,1766711425227
6,0.93,1766711425829
6,1.0,1766711426399
6,0.85,1766711427234
6,1.0,1766711428015
6,0.81,1766711428587
6,1.0,1766711429193
6,0.93,1766711430194
6,1.0,1766711430860
6,1.0,1766711431467
6,1.0,1766711432254
6,1.0,1766711433125
6,0.85,1766711433716
6,1.0,1766711434328
6,0.85,1766711435177
6,0.83,1766711435957
6,0.86,1766711436533
6,0.98,1766711437137
6,0.85,1766711438012
6,0.85,1766711438777
6,1.0,1766711439357
6,1.0,1766711439845
6,1.0,1766711440601
6,1.0,1766711441130
6,0.82,1766711441594
6,0.98,1766711442131
6,1.0,1766711442699
6,1.0,1766711443322
6,0.85,1766711443841
6,0.83,1766711444312
6,0.97,1766711444857
6,1.0,1766711445438
6,0.85,1766711446042
6,1.0,1766711446551
6,1.0,1766711447008
6,0.84,1766711447548
6,1.0,1766711448171
6,1.0,1766711448704
6,0.85,1766711449110
6,1.0,1766711449568
6,1.0,1766711450076
6,1.0,1766711450682
6,0.86,1766711451243
6,1.0,1766711451673
6,1.0,1766711452118
6,1.0,1766711452678
6,0.85,1766711453238
6,1.0,1766711453850
6,1.0,1766711454361
6,1.0,1766711454840
6,1.0,1766711455419
6,0.98,1766711455985
6,0.86,1766711456585
6,0.85,1766711457080
6,0.84,1766711457570
6,1.0,1766711458243
6,1.0,1766711458776
6,0.83,1766711459362
6,0.85,1766711459834
6,1.0,1766711460365
6,1.0,1766711461065
6,0.86,1766711461642
6,0.85,1766711462131
6,0.86,1766711462627
6,0.89,1766711463292
6,1.0,1766711463895
6,0.85,1766711464449
6,0.84,1766711464957
6,1.0,1766711465568
6,1.0,1766711466124
6,0.84,1766711466750
6,0.86,1766711467226
6,0.99,1766711467803
6,0.84,1766711468410
6,0.85,1766711468932
6,1.0,1766711469503
6,1.0,1766711469998
6,1.0,1766711470606
6,1.0,1766711471129
6,1.0,1766711471650
6,1.0,1766711472172
6,1.0,1766711472670
6,1.0,1766711473318
6,0.84,1766711473809
6,1.0,1766711474340
6,1.0,1766711474945
6,1.0,1766711475436
6,0.86,1766711476070
6,1.0,1766711476562
6,1.0,1766711477121
6,0.86,1766711477694
6,0.94,1766711478194
6,0.96,1766711478873
6,1.0,1766711479324
6,1.0,1766711479870
6,1.0,1766711480382
6,1.0,1766711480964
6,0.84,1766711481517
6,1.0,1766711481997
6,1.0,1766711482621
6,0.83,1766711483163
6,1.0,1766711483768
6,1.0,1766711484265
6,1.0,1766711484749
6,1.0,1766711485319
6,1.0,1766711485900
6,0.86,1766711486418
6,1.0,1766711486909
6,0.84,1766711487433
6,0.85,1766711488043
6,0.9,1766711488649
6,0.92,1766711489188
6,1.0,1766711489726
6,1.0,1766711490343
6,0.86,1766711490857
6,0.99,1766711491517
6,0.85,1766711491978
6,1.0,1766711492565
6,0.84,1766711493198
6,1.0,1766711493774
6,0.86,1766711494287
6,0.84,1766711494761
6,1.0,1766711495396
6,1.0,1766711496038
6,0.96,1766711496595
6,0.85,1766711497043
6,1.0,1766711497514
6,1.0,1766711498163
6,1.0,1766711498880
6,0.84,1766711499359
6,1.0,1766711499816
6,0.93,1766711500360
6,0.89,1766711500995
6,1.0,1766711501570
6,1.0,1766711502035
6,1.0,1766711502527
6,0.83,1766711503176
6,0.83,1766711503878
6,1.0,1766711504339
6,0.97,1766711504789
6,1.0,1766711505278
6,1.0,1766711505995
6,1.0,1766711506612
6,0.86,1766711507072
6,1.0,1766711507539
6,0.82,1766711508182
6,0.86,1766711508918
6,0.85,1766711509364
6,1.0,1766711509809
6,0.86,1766711510252
6,1.0,1766711510916
6,0.85,1766711511670
6,0.97,1766711512143
6,0.84,1766711512606
6,0.85,1766711513101
6,0.85,1766711513795
6,1.0,1766711514284
6,1.0,1766711514750
6,0.99,1766711515221
6,0.89,1766711515958
6,1.0,1766711516652
6,0.85,1766711517099
6,1.0,1766711517551
6,1.0,1766711518054
6,0.99,1766711518861
6,0.88,1766711519415
6,1.0,1766711519872
6,1.0,1766711520368
6,1.0,1766711521121
6,0.99,1766711521778
6,0.85,1766711522261
6,0.84,1766711522728
6,0.95,1766711523233
6,0.86,1766711523902
6,1.0,1766711524467
6,1.0,1766711524962
6,0.97,1766711525431
6,1.0,1766711526041
6,1.0,1766711526634
6,1.0,1766711527218
6,1.0,1766711527708
6,0.86,1766711528282
6,1.0,1766711528909
6,1.0,1766711529512
6,0.97,1766711529982
6,1.0,1766711530452
6,0.85,1766711531085
6,0.84,1766711531573
6,1.0,1766711532180
6,0.86,1766711532654
6,1.0,1766711533233
6,0.86,1766711533842
6,1.0,1766711534350
6,0.85,1766711534903
6,0.01,1766711535389
6,1.0,1766711536005
6,0.97,1766711536512
6,1.0,1766711537060
6,1.0,1766711537687
6,0.85,1766711538234
6,1.0,1766711538786
6,1.0,1766711539257
6,0.99,1766711539780
6,0.89,1766711540373
6,0.92,1766711541041
6,1.0,1766711541522
6,1.0,1766711542025
6,1.0,1766711542686
6,0.99,1766711543316
6,1.0,1766711543794
6,0.85,1766711544277
6,0.98,1766711544780
6,0.99,1766711545521
6,0.85,1766711546088
6,0.84,1766711546542
6,0.85,1766711547021
6,0.86,1766711547568
6,1.0,1766711548301
6,0.85,1766711548832
6,0.84,1766711549311
6,0.85,1766711549796
6,1.0,1766711550360
6,0.84,1766711551149
6,0.85,1766711551605
6,1.0,1766711552097
6,0.85,1766711552587
6,0.85,1766711553361
6,0.84,1766711553932
6,0.9,1766711554390
6,1.0,1766711554889
6,0.98,1766711555479
6,1.0,1766711556247
6,0.84,1766711556710
6,0.84,1766711557180
6,1.0,1766711557702
6,0.85,1766711558422
6,0.86,1766711559068
6,1.0,1766711559528
6,1.0,1766711560015
6,0.85,1766711560693
6,1.0,1766711561291
6,0.89,1766711561763
6,0.85,1766711562227
6,0.84,1766711562797
6,0.86,1766711563447
6,0.97,1766711564061
6,1.0,1766711564510
6,1.0,1766711564966
6,0.85,1766711565485
6,1.0,1766711566307
6,0.86,1766711566805
6,1.0,1766711567254
6,0.98,1766711567791
6,0.9,1766711568487
6,1.0,1766711569078
6,0.97,1766711569541
6,1.0,1766711569991
6,0.83,1766711570589
6,1.0,1766711571125
6,1.0,1766711571797
6,0.9,1766711572270
6,1.0,1766711572768
6,0.83,1766711573350
6,0.86,1766711573871
6,0.84,1766711574574
6,1.0,1766711575063
6,1.0,1766711575589
6,0.83,1766711576172
6,0.97,1766711576672
6,0.86,1766711577218
6,0.85,1766711577713
6,0.86,1766711578299
6,0.93,1766711578831
6,0.84,1766711579388
6,1.0,1766711579934
6,1.0,1766711580484
6,1.0,1766711581023
6,1.0,1766711581484
6,1.0,1766711582018
6,0.9,1766711582639
6,1.0,1766711583176
6,0.99,1766711583661
6,1.0,1766711584124
6,0.85,1766711584673
6,0.84,1766711585353
6,1.0,1766711585906
6,0.96,1766711586370
6,1.0,1766711586875
6,0.86,1766711587508
6,0.82,1766711588145
6,0.86,1766711588662
6,1.0,1766711589130
6,1.0,1766711589703
6,1.0,1766711590360
6,0.85,1766711590920
6,0.85,1766711591365
6,0.85,1766711591821
6,1.0,1766711592439
6,1.0,1766711593165
6,0.98,1766711593681
6,0.83,1766711594119
6,0.86,1766711594593
6,0.99,1766711595295
6,1.0,1766711595991
6,0.84,1766711596453
6,0.84,1766711596927
6,0.91,1766711597428
6,0.98,1766711598239
6,1.0,1766711598802
6,1.0,1766711599276
6,1.0,1766711599880
6,1.0,1766711600631
6,0.95,1766711601166
6,1.0,1766711601643
6,1.0,1766711602132
6,0.84,1766711602746
6,0.85,1766711603450
6,1.0,1766711603894
6,0.85,1766711604366
6,0.93,1766711604916
6,0.85,1766711605473
6,0.85,1766711606087
6,0.85,1766711606592
6,0.84,1766711607131
6,1.0,1766711607658
6,1.0,1766711608145
6,1.0,1766711608817
6,1.0,1766711609294
6,0.83,1766711609845
6,0.84,1766711610321
6,0.85,1766711610813
6,0.95,1766711611431
6,1.0,1766711612005
6,1.0,1766711612560
6,1.0,1766711613010
6,0.84,1766711613521
6,1.0,1766711614168
6,0.83,1766711614748
6,0.86,1766711615250
6,1.0,1766711615712
6,1.0,1766711616224
6,0.85,1766711616906
6,1.0,1766711617426
6,0.83,1766711617885
6,1.0,1766711618338
6,0.93,1766711618832
6,0.9,1766711619594
6,0.86,1766711620187
6,1.0,1766711620635
6,1.0,1766711621073
6,1.0,1766711621596
6,0.85,1766711622349
6,0.86,1766711622846
6,0.98,1766711623305
6,1.0,1766711623788
6,0.85,1766711624442
6,0.84,1766711625169
6,0.86,1766711625646
6,1.0,1766711626098
6,0.85,1766711626571
6,1.0,1766711627284
6,0.83,1766711627934
6,1.0,1766711628397
6,1.0,1766711628878
6,1.0,1766711629408
6,0.86,1766711630217
6,0.98,1766711630674
6,0.84,1766711631141
6,0.86,1766711631589
6,0.85,1766711632178
6,1.0,1766711632868
6,1.0,1766711633345
6,1.0,1766711633834
6,0.9,1766711634344
6,0.85,1766711635119
6,1.0,1766711635636
6,0.98,1766711636096
6,1.0,1766711636594
6,0.83,1766711637177
6,0.85,1766711637898
6,1.0,1766711638409
6,1.0,1766711638885
6,0.85,1766711639461
6,1.0,1766711640137
6,1.0,1766711640709
6,1.0,1766711641164
6,1.0,1766711641644
6,1.0,1766711642328
6,1.0,1766711642857
6,0.85,1766711643457
6,1.0,1766711643923
6,0.84,1766711644493
6,1.0,1766711645126
6,1.0,1766711645722
6,1.0,1766711646269
6,1.0,1766711646723
6,0.84,1766711647273
6,0.99,1766711647956
6,0.95,1766711648589
6,0.86,1766711649067
6,0.86,1766711649564
6,0.99,1766711650178
6,1.0,1766711650748
6,1.0,1766711651344
6,1.0,1766711651828
6,0.86,1766711652429
6,1.0,1766711652967
6,0.83,1766711653550
6,1.0,1766711654097
6,0.85,1766711654689
6,1.0,1766711655331
6,0.85,1766711655822
6,1.0,1766711656440
6,1.0,1766711656941
6,0.93,1766711657489
6,1.0,1766711658023
6,1.0,1766711658517
6,0.84,1766711659155
6,0.99,1766711659716
6,1.0,1766711660333
6,1.0,1766711660800
6,1.0,1766711661320
6,1.0,1766711661965
6,1.0,1766711662585
6,1.0,1766711663059
6,0.85,1766711663522
6,1.0,1766711664059
6,0.89,1766711664858
6,1.0,1766711665388
6,1.0,1766711665862
6,1.0,1766711666313
6,0.84,1766711666949
6,0.86,1766711667622
6,0.84,1766711668093
6,0.95,1766711668588
6,1.0,1766711669092
6,0.85,1766711669875
6,1.0,1766711670487
6,0.9,1766711670934
6,1.0,1766711671414
6,1.0,1766711671956
6,1.0,1766711672608
6,1.0,1766711673141
6,0.86,1766711673605
6,0.84,1766711674057
6,0.93,1766711674558
6,0.85,1766711675299
6,1.0,1766711675830
6,1.0,1766711676303
6,1.0,1766711676752
6,0.85,1766711677329
6,1.0,1766711677961
6,1.0,1766711678590
6,1.0,1766711679056
6,1.0,1766711679518
6,0.83,1766711680185
6,1.0,1766711680903
6,1.0,1766711681381
6,0.85,1766711681851
6,1.0,1766711682324
6,0.84,1766711683161
6,0.86,1766711683759
6,0.92,1766711684238
6,0.83,1766711684697
6,0.86,1766711685205
6,0.84,1766711686076
6,1.0,1766711686545
6,0.85,1766711687021
6,0.84,1766711687527
6,0.84,1766711688263
6,1.0,1766711688822
6,0.85,1766711689259
6,1.0,1766711689727
6,1.0,1766711690261
6,1.0,1766711690937
6,1.0,1766711691474
6,1.0,1766711691955
6,0.98,1766711692440
6,0.85,1766711693026
6,0.84,1766711693677
6,0.85,1766711694169
6,0.92,1766711694628
6,0.84,1766711695143
6,0.86,1766711695829
6,1.0,1766711696406
6,1.0,1766711696897
6,0.85,1766711697387
6,0.84,1766711697990
6,1.0,1766711698558
6,1.0,1766711699162
6,1.0,1766711699618
6,0.99,1766711700098
6,1.0,1766711700646
6,0.84,1766711701201
6,1.0,1766711701747
6,0.83,1766711702256
6,0.99,1766711702798
6,0.86,1766711703357
6,0.85,1766711703910
6,1.0,1766711704475
6,0.94,1766711705014
6,1.0,1766711705661
6,0.85,1766711706205
6,1.0,1766711706767
6,1.0,1766711707257
6,0.84,1766711707839
6,1.0,1766711708368
6,1.0,1766711708917
6,1.0,1766711709495
6,1.0,1766711709998
6,0.85,1766711710616
6,0.84,1766711711110
6,1.0,1766711711653
6,0.85,1766711712228
6,1.0,1766711712843
6,0.86,1766711713371
6,1.0,1766711713889
6,1.0,1766711714484
6,0.85,1766711714993
6,0.92,1766711715590
6,0.91,1766711716109
6,0.86,1766711716608
6,1.0,1766711717219
6,0.85,1766711717830
6,0.85,1766711718457
6,0.84,1766711718919
6,1.0,1766711719448
6,0.84,1766711720147
6,0.85,1766711720753
6,0.85,1766711721225
6,0.84,1766711721690
6,1.0,1766711722289
6,1.0,1766711723015
6,1.0,1766711723644
6,1.0,1766711724101
6,1.0,1766711724575
6,0.85,1766711725195
6,0.94,1766711725864
6,1.0,1766711726392
6,1.0,1766711726859
6,1.0,1766711727363
6,0.86,1766711728198
6,1.0,1766711728698
6,1.0,1766711729179
6,1.0,1766711729643
6,0.86,1766711730267
6,1.0,1766711730983
6,1.0,1766711731441
6,0.86,1766711731923
6,1.0,1766711732446
6,0.99,1766711733269
6,1.0,1766711733798
6,1.0,1766711734259
6,1.0,1766711734775
6,1.0,1766711735378
6,0.85,1766711736023
6,0.84,1766711736493
6,0.94,1766711736967
6,1.0,1766711737511
6,0.84,1766711738063
6,1.0,1766711738713
6,0.98,1766711739176
6,0.85,1766711739644
6,1.0,1766711740253
6,1.0,1766711740715
6,0.84,1766711741337
6,0.85,1766711741815
6,0.85,1766711742434
6,0.88,1766711742957
6,1.0,1766711743485
6,0.84,1766711744063
6,0.85,1766711744581
6,1.0,1766711745189
6,0.83,1766711745729
6,1.0,1766711746275
6,0.84,1766711746868
6,0.95,1766711747455
6,0.84,1766711748039
6,0.85,1766711748485
6,0.85,1766711749089
6,1.0,1766711749592
6,0.84,1766711750174
6,1.0,1766711750684
6,1.0,1766711751145
6,0.85,1766711751756
6,0.86,1766711752481
6,0.84,1766711753034
6,0.99,1766711753492
6,0.93,1766711753969
6,1.0,1766711754614
6,1.0,1766711755254
6,1.0,1766711755737
6,1.0,1766711756178
6,1.0,1766711756662
6,0.84,1766711757309
6,0.85,1766711757985
6,0.86,1766711758413
6,0.84,1766711758855
6,1.0,1766711759328
6,1.0,1766711760022
6,1.0,1766711760578
6,1.0,1766711761042
6,0.98,1766711761497
6,1.0,1766711761989
6,0.84,1766711762802
6,1.0,1766711763329
6,0.83,1766711763774
6,1.0,1766711764241
6,1.0,1766711764767
6,1.0,1766711765533
6,1.0,1766711765996
6,0.84,1766711766452
6,0.85,1766711766920
6,1.0,1766711767575
6,1.0,1766711768336
6,0.86,1766711768783
6,0.83,1766711769235
6,1.0,1766711769712
6,1.0,1766711770417
6,1.0,1766711771037
6,1.0,1766711771483
6,1.0,1766711771934
6,0.04,1766711772447
6,0.86,1766711773237
6,0.85,1766711773653
6,0.96,1766711774118
6,0.85,1766711774541
6,0.83,1766711775171
6,1.0,1766711775904
6,1.0,1766711776356
6,0.84,1766711776821
6,0.98,1766711777323
6,1.0,1766711778051
6,1.0,1766711778693
6,0.83,1766711779140
6,1.0,1766711779573
6,1.0,1766711780078
6,1.0,1766711780963
6,0.97,1766711781450
6,1.0,1766711781911
6,1.0,1766711782402
6,1.0,1766711783025
6,1.0,1766711783727
6,1.0,1766711784196
6,1.0,1766711784645
6,0.92,1766711785210
6,0.89,1766711785974
6,1.0,1766711786511
6,1.0,1766711786961
6,1.0,1766711787471
6,1.0,1766711788132
6,0.84,1766711788713
6,0.86,1766711789188
6,1.0,1766711789654
6,0.84,1766711790237
6,1.0,1766711790854
6,0.82,1766711791448
6,0.97,1766711791926
6,0.85,1766711792438
6,1.0,1766711793000
6,0.99,1766711793507
6,1.0,1766711794128
6,0.83,1766711794627
6,1.0,1766711795241
6,0.99,1766711795736
6,0.87,1766711796266
6,1.0,1766711796839
6,1.0,1766711797387
6,0.85,1766711797996
6,1.0,1766711798471
6,1.0,1766711798987
6,0.86,1766711799593
6,1.0,1766711800159
6,1.0,1766711800715
6,0.85,1766711801191
6,0.88,1766711801793
6,0.91,1766711802421
6,1.0,1766711803017
6,0.84,1766711803469
6,0.86,1766711803950
6,1.0,1766711804607
6,1.0,1766711805221
6,0.85,1766711805730
6,0.98,1766711806186
6,0.85,1766711806658
6,0.85,1766711807362
6,0.81,1766711808063
6,0.85,1766711808537
6,1.0,1766711808997
6,0.85,1766711809562
6,1.0,1766711810283
6,1.0,1766711810740
6,1.0,1766711811219
6,1.0,1766711811681
6,0.84,1766711812317
6,1.0,1766711813065
6,0.99,1766711813522
6,0.84,1766711814005
6,1.0,1766711814504
6,0.85,1766711815275
6,0.99,1766711815840
6,0.95,1766711816307
6,1.0,1766711816765
6,1.0,1766711817333
6,0.84,1766711818045
6,1.0,1766711818515
6,1.0,1766711818993
6,0.86,1766711819463
6,1.0,1766711820106
6,0.89,1766711820785
6,0.85,1766711821245
6,0.86,1766711821730
6,1.0,1766711822239
6,1.0,1766711823023
6,0.85,1766711823534
6,0.84,1766711824012
6,0.86,1766711824521
6,1.0,1766711825082
6,0.84,1766711825718
6,1.0,1766711826214
6,0.92,1766711826707
6,0.84,1766711827267
6,1.0,1766711827884
6,0.85,1766711828479
6,1.0,1766711828963
6,1.0,1766711829476
6,0.84,1766711830075
6,1.0,1766711830691
6,1.0,1766711831252
6,1.0,1766711831733
6,1.0,1766711832283
6,0.84,1766711832865
6,0.98,1766711833427
6,0.86,1766711834024
6,0.84,1766711834490
6,0.99,1766711835046
6,0.85,1766711835579
6,1.0,1766711836124
6,1.0,1766711836699
6,0.93,1766711837249
6,0.92,1766711837862
6,0.85,1766711838345
6,1.0,1766711838954
6,1.0,1766711839501
6,1.0,1766711840077
6,0.83,1766711840667
6,0.85,1766711841140
6,1.0,1766711841738
6,0.87,1766711842249
6,1.0,1766711842860
6,0.84,1766711843286
6,1.0,1766711843752
6,0.85,1766711844352
6,0.85,1766711845010
6,0.86,1766711845542
6,0.86,1766711845993
6,0.84,1766711846485
6,0.99,1766711847023
6,0.98,1766711847732
6,0.98,1766711848219
6,1.0,1766711848669
6,1.0,1766711849141
6,0.96,1766711849814
6,1.0,1766711850477
6,1.0,1766711850935
6,0.85,1766711851388
6,1.0,1766711851888
6,1.0,1766711852720
6,1.0,1766711853257
6,1.0,1766711853721
6,0.97,1766711854197
