Loss,Context.TRAINING,None
0,2.324097156524658,1766753422995
0,44.319740295410156,1766753423377
0,62.258182525634766,1766753423692
0,71.16305541992188,1766753424016
0,55.55730056762695,1766753424337
0,41.946197509765625,1766753424648
0,30.345287322998047,1766753424964
0,21.302215576171875,1766753425287
0,14.277387619018555,1766753425610
0,8.476747512817383,1766753425934
0,7.230708122253418,1766753426262
0,7.070334434509277,1766753426587
0,5.712751388549805,1766753426906
0,4.499019622802734,1766753427229
0,4.338454246520996,1766753427556
0,4.0714006423950195,1766753427885
0,3.7072417736053467,1766753428207
0,3.3781447410583496,1766753428532
0,2.805368185043335,1766753428863
0,3.128901958465576,1766753429193
0,2.6018266677856445,1766753429528
0,2.9283854961395264,1766753429839
0,3.139885902404785,1766753430148
0,2.471219539642334,1766753430468
0,3.0277099609375,1766753430793
0,3.1680409908294678,1766753431118
0,2.557023048400879,1766753431438
0,2.778970718383789,1766753431749
0,2.6437888145446777,1766753432087
0,2.3573474884033203,1766753432416
0,2.1530137062072754,1766753432745
0,2.2058238983154297,1766753433074
0,2.7513747215270996,1766753433393
0,2.354985475540161,1766753433717
0,2.137983798980713,1766753434040
0,2.19814395904541,1766753434367
0,2.2915968894958496,1766753434700
0,2.1703686714172363,1766753435024
0,1.8892850875854492,1766753435341
0,2.1111087799072266,1766753435660
0,2.1558971405029297,1766753435981
0,2.3238892555236816,1766753436303
0,2.187422752380371,1766753436628
0,2.4226067066192627,1766753436943
0,2.3402459621429443,1766753437261
0,2.084794521331787,1766753437582
0,2.1141905784606934,1766753437919
0,1.7910761833190918,1766753438249
0,2.09552001953125,1766753438568
0,2.1830906867980957,1766753438892
0,2.042018413543701,1766753439218
0,1.8350893259048462,1766753439546
0,2.0922069549560547,1766753439878
0,2.158402919769287,1766753440197
0,1.8571077585220337,1766753440526
0,1.6524648666381836,1766753440858
0,1.9409016370773315,1766753441176
0,1.796166181564331,1766753441498
0,1.9524588584899902,1766753441820
0,1.6518340110778809,1766753442133
0,1.6559889316558838,1766753442447
0,1.5590002536773682,1766753442764
0,1.4997481107711792,1766753443090
0,1.526015281677246,1766753443413
0,1.5504131317138672,1766753443744
0,1.5642842054367065,1766753444075
0,1.454613208770752,1766753444397
0,1.58613920211792,1766753444725
0,1.226207971572876,1766753445053
0,1.6342188119888306,1766753445384
0,1.207428216934204,1766753445708
0,1.2726507186889648,1766753446038
0,1.414442777633667,1766753446361
0,1.1718608140945435,1766753446693
0,1.0874748229980469,1766753447016
0,1.3123290538787842,1766753447330
0,0.9147248864173889,1766753447642
0,1.0430793762207031,1766753447958
0,1.25970458984375,1766753448284
0,1.0126879215240479,1766753448610
0,0.973252534866333,1766753448926
0,0.8415805101394653,1766753449244
0,0.9440497159957886,1766753449581
0,1.0346825122833252,1766753449921
0,1.0536296367645264,1766753450244
0,1.0569690465927124,1766753450572
0,1.015763521194458,1766753450887
0,0.9198168516159058,1766753451216
0,0.7960449457168579,1766753451546
0,1.0999755859375,1766753451877
0,0.9953873157501221,1766753452212
0,1.2045249938964844,1766753452534
0,0.6979297399520874,1766753452851
0,0.9968655109405518,1766753453167
0,0.8381999731063843,1766753453483
0,0.980259895324707,1766753453808
0,0.8987719416618347,1766753454129
0,1.0826077461242676,1766753454445
0,0.9901719689369202,1766753454767
0,0.7701032161712646,1766753455092
0,0.8703267574310303,1766753455432
0,0.8809336423873901,1766753455771
0,0.7913053631782532,1766753456086
0,0.9862916469573975,1766753456404
0,0.8341145515441895,1766753456734
0,1.006287693977356,1766753457065
0,0.7405210137367249,1766753457395
0,0.8582859039306641,1766753457718
0,0.6784292459487915,1766753458045
0,0.682841420173645,1766753458374
0,0.8074952960014343,1766753458692
0,0.7007838487625122,1766753459015
0,0.7976860404014587,1766753459337
0,0.5783155560493469,1766753459651
0,0.749662458896637,1766753459971
0,0.767836332321167,1766753460292
0,0.7219921350479126,1766753460617
0,0.7401043176651001,1766753460941
0,0.8255422711372375,1766753461272
0,0.501978874206543,1766753461600
0,1.0956108570098877,1766753461923
0,0.47547370195388794,1766753462250
0,0.8698148131370544,1766753462579
0,0.7461008429527283,1766753462905
0,0.4789492189884186,1766753463231
0,0.46018025279045105,1766753463562
0,0.9676494598388672,1766753463889
0,0.6558817028999329,1766753464221
0,0.9456295967102051,1766753464546
0,0.8753442764282227,1766753464861
0,0.835777759552002,1766753465177
0,0.5902404189109802,1766753465497
0,0.5129890441894531,1766753465822
0,0.5072672367095947,1766753466149
0,0.6909599304199219,1766753466465
0,0.5500539541244507,1766753466779
0,0.8338969945907593,1766753467116
0,0.6637412309646606,1766753467453
0,0.7380908131599426,1766753467777
0,0.5909886360168457,1766753468098
0,0.7355470657348633,1766753468423
0,0.5414016246795654,1766753468758
0,0.8367030620574951,1766753469086
0,0.5087702870368958,1766753469416
0,0.8200159668922424,1766753469748
0,0.6344819068908691,1766753470068
0,0.5925489664077759,1766753470384
0,0.5871096849441528,1766753470703
0,0.48165157437324524,1766753471020
0,0.7017154097557068,1766753471341
0,0.7623695731163025,1766753471660
0,0.6912972927093506,1766753471983
0,0.6134127378463745,1766753472306
0,0.6049185991287231,1766753472628
0,0.5993797183036804,1766753472971
0,0.6989542245864868,1766753473306
0,0.6583524942398071,1766753473622
0,0.7361874580383301,1766753473948
0,1.0579752922058105,1766753474278
0,0.5413528680801392,1766753474610
0,0.49095386266708374,1766753474947
0,0.7075220346450806,1766753475268
0,0.5116468071937561,1766753475590
0,0.8324648141860962,1766753475924
0,0.7901242971420288,1766753476249
0,0.9402714967727661,1766753476575
0,0.6509455442428589,1766753476892
0,0.8532947301864624,1766753477209
0,0.9353151321411133,1766753477538
0,0.6854674816131592,1766753477866
0,0.6783607006072998,1766753478192
0,0.890760064125061,1766753478516
0,0.8560025691986084,1766753478852
0,0.5314211249351501,1766753479182
0,0.6690783500671387,1766753479503
0,0.6086995005607605,1766753479832
0,0.5711064338684082,1766753480166
0,0.8494983911514282,1766753480490
0,0.48771342635154724,1766753480815
0,0.51873379945755,1766753481144
0,0.5206501483917236,1766753481478
0,0.30868175625801086,1766753481810
0,0.7730991840362549,1766753482124
0,0.6202389001846313,1766753482445
0,0.7919001579284668,1766753482767
0,0.8602250814437866,1766753483093
0,0.6335248351097107,1766753483419
0,1.1364128589630127,1766753483742
0,0.5058258771896362,1766753484059
0,0.7849973440170288,1766753484380
0,0.6544089913368225,1766753484711
0,0.5461593866348267,1766753485039
0,0.7696187496185303,1766753485366
0,0.42673003673553467,1766753485690
0,0.5447596907615662,1766753486014
0,0.6649134159088135,1766753486348
0,0.4098632335662842,1766753486679
0,0.49667009711265564,1766753487011
0,0.86620032787323,1766753487336
0,0.7245707511901855,1766753487671
0,0.661366879940033,1766753487994
0,0.23850640654563904,1766753488316
0,0.24309082329273224,1766753488641
0,0.5741245150566101,1766753488962
0,0.42058664560317993,1766753489277
0,0.4591401517391205,1766753489604
0,0.8422772884368896,1766753489923
0,0.4155427813529968,1766753490246
0,0.7107710242271423,1766753490589
0,1.1372625827789307,1766753490907
0,0.4610074460506439,1766753491222
0,0.7514418959617615,1766753491550
0,0.39575791358947754,1766753491878
0,0.44100865721702576,1766753492208
0,0.7279099225997925,1766753492534
0,0.63935387134552,1766753492861
0,0.7584113478660583,1766753493196
0,0.6412347555160522,1766753493525
0,0.5383228063583374,1766753493849
0,0.4997679889202118,1766753494173
0,0.8579805493354797,1766753494491
0,0.5629895925521851,1766753494803
0,0.562106728553772,1766753495127
0,0.4002746641635895,1766753495458
0,0.6115202307701111,1766753495785
0,0.4373227655887604,1766753496099
0,0.6921135187149048,1766753496439
0,0.7776200771331787,1766753496764
0,0.7751851081848145,1766753497087
0,0.8672499060630798,1766753497413
0,0.7520229816436768,1766753497744
0,0.4086388051509857,1766753498076
0,0.7492060661315918,1766753498409
0,0.5429155826568604,1766753498737
0,0.49749916791915894,1766753499072
0,0.5984051823616028,1766753499400
0,0.5036464333534241,1766753499716
0,0.5410777926445007,1766753500030
0,0.7202108502388,1766753500351
0,0.8389599323272705,1766753500672
0,0.6225876212120056,1766753500996
0,0.5151216983795166,1766753501316
0,0.7361187934875488,1766753501635
0,0.30817052721977234,1766753501961
0,0.521318256855011,1766753502304
0,0.46130287647247314,1766753502627
0,0.5228487849235535,1766753502955
0,0.42785319685935974,1766753503276
0,0.4405320882797241,1766753503608
0,0.8596122860908508,1766753503939
0,0.3114114999771118,1766753504273
0,1.3075631856918335,1766753504607
0,0.873478353023529,1766753504929
0,0.6053164005279541,1766753505247
0,0.4333192706108093,1766753505570
0,0.4822273850440979,1766753505893
0,0.5277504920959473,1766753506216
0,0.4457615911960602,1766753506531
0,0.6057151556015015,1766753506855
0,0.5106068849563599,1766753507186
0,0.4754168391227722,1766753507507
0,0.22522032260894775,1766753507834
0,0.7203865051269531,1766753508176
0,0.6639320850372314,1766753508493
0,0.48120009899139404,1766753508816
0,0.3068040907382965,1766753509142
0,0.4339574873447418,1766753509480
0,0.4388240575790405,1766753509817
0,0.4174959063529968,1766753510141
0,0.5186499357223511,1766753510461
0,0.5128409266471863,1766753510792
0,0.5024732351303101,1766753511117
0,0.47449827194213867,1766753511442
0,0.7004942893981934,1766753511758
0,0.3746907711029053,1766753512078
0,0.5107228755950928,1766753512402
0,0.46253806352615356,1766753512725
0,0.34328168630599976,1766753513061
0,0.49048516154289246,1766753513387
0,0.5791553258895874,1766753513719
0,0.1827993392944336,1766753514073
0,0.6370710730552673,1766753514401
0,0.3091673254966736,1766753514733
0,0.4096018075942993,1766753515065
0,0.6481931209564209,1766753515391
0,0.5408368706703186,1766753515716
0,0.3119696080684662,1766753516045
0,0.39335203170776367,1766753516380
0,0.6857283115386963,1766753516715
0,0.6275259256362915,1766753517032
0,0.32304543256759644,1766753517352
0,0.36278146505355835,1766753517674
0,0.49404585361480713,1766753517996
0,0.4928589165210724,1766753518328
0,0.2770438492298126,1766753518651
0,0.9673305153846741,1766753518967
0,0.5139856338500977,1766753519294
0,0.6636768579483032,1766753519636
0,0.5337554216384888,1766753519981
0,0.4366615414619446,1766753520317
0,0.31730881333351135,1766753520644
0,0.46434861421585083,1766753520965
0,0.4696417450904846,1766753521299
0,0.1811768114566803,1766753521632
0,0.9261349439620972,1766753521964
0,0.2146897315979004,1766753522290
0,0.6225194334983826,1766753522613
0,0.2501269578933716,1766753522933
0,0.19029265642166138,1766753523254
0,0.6232024431228638,1766753523580
0,0.3803175389766693,1766753523903
0,0.27076244354248047,1766753524232
0,0.5268884897232056,1766753524556
0,0.39164701104164124,1766753524879
0,0.3937210142612457,1766753525206
0,0.5238068103790283,1766753525546
0,0.5015487670898438,1766753525875
0,0.12146035581827164,1766753526195
0,0.7081277370452881,1766753526522
0,0.4331413805484772,1766753526852
0,0.49750596284866333,1766753527187
0,0.33626100420951843,1766753527513
0,0.5540473461151123,1766753527837
0,0.44879889488220215,1766753528165
0,1.0398085117340088,1766753528499
0,0.3023698925971985,1766753528823
0,0.464725136756897,1766753529139
0,0.6909160614013672,1766753529459
0,0.23931564390659332,1766753529788
0,0.2909793257713318,1766753530117
0,0.392506867647171,1766753530444
0,0.6142275333404541,1766753530769
0,0.21576599776744843,1766753531086
0,0.7228467464447021,1766753531419
0,0.4937320947647095,1766753531745
0,0.18034926056861877,1766753532069
0,0.3864247500896454,1766753532399
0,0.5387483239173889,1766753532723
0,0.49644923210144043,1766753533048
0,0.7511228919029236,1766753533378
0,0.7697235941886902,1766753533709
0,0.2656378149986267,1766753534042
0,0.3215203881263733,1766753534369
0,0.5176868438720703,1766753534692
0,0.4012589454650879,1766753535013
0,0.3695019781589508,1766753535334
0,0.4753126800060272,1766753535657
0,0.37068766355514526,1766753535981
0,0.1711621880531311,1766753536297
0,0.6933642029762268,1766753536616
0,0.32153308391571045,1766753536938
0,0.5101114511489868,1766753537274
0,0.5629294514656067,1766753537612
0,0.6486101150512695,1766753537933
0,0.35752758383750916,1766753538259
0,0.27875953912734985,1766753538587
0,0.49805599451065063,1766753538924
0,0.33858922123908997,1766753539261
0,0.37852996587753296,1766753539588
0,0.7363424897193909,1766753539918
0,0.5883125066757202,1766753540252
0,0.5143895745277405,1766753540573
0,0.30170297622680664,1766753540898
0,0.2532222867012024,1766753541223
0,0.3955838084220886,1766753541538
0,0.48204147815704346,1766753541861
0,0.47627490758895874,1766753542185
0,0.47433018684387207,1766753542510
0,0.5199030041694641,1766753542836
0,0.2035868912935257,1766753543170
0,0.2515281140804291,1766753543494
0,0.3965867757797241,1766753543822
0,0.5870391130447388,1766753544149
0,0.30365169048309326,1766753544479
0,0.38670599460601807,1766753544811
0,0.5145618319511414,1766753545143
0,0.45224660634994507,1766753545474
0,0.5673853158950806,1766753545804
0,0.51006019115448,1766753546136
0,0.38352465629577637,1766753546461
0,0.8564340472221375,1766753546776
0,0.39134883880615234,1766753547093
0,0.7009991407394409,1766753547417
0,0.6776023507118225,1766753547742
0,0.3247324824333191,1766753548076
0,0.5509169697761536,1766753548398
0,0.37983089685440063,1766753548722
0,0.25717893242836,1766753549071
0,0.4199810028076172,1766753549391
0,0.47453516721725464,1766753549718
0,0.7202537655830383,1766753550047
0,0.7988548278808594,1766753550375
0,0.4345642626285553,1766753550708
0,0.5230900049209595,1766753551041
0,0.42874154448509216,1766753551373
0,0.40216323733329773,1766753551702
0,0.6795706748962402,1766753552020
0,0.4867997169494629,1766753552333
0,0.7760553359985352,1766753552658
0,0.6822236180305481,1766753552986
0,0.3330765664577484,1766753553312
0,0.7402834892272949,1766753553632
0,0.5631438493728638,1766753553962
0,0.8016514778137207,1766753554291
0,0.36252129077911377,1766753554630
0,0.7173717021942139,1766753554981
0,0.22251679003238678,1766753555304
0,0.4445757567882538,1766753555636
0,0.7011198401451111,1766753555972
0,0.5490895509719849,1766753556299
0,0.7275426983833313,1766753556635
0,0.3857344090938568,1766753556970
0,0.42810672521591187,1766753557292
0,0.517286479473114,1766753557615
0,0.511989951133728,1766753557938
0,0.46762436628341675,1766753558266
0,0.31599271297454834,1766753558592
0,0.9895012378692627,1766753558913
0,0.4848581850528717,1766753559237
0,0.4194640517234802,1766753559565
0,0.40473565459251404,1766753559893
0,0.46917256712913513,1766753560217
0,0.5571638941764832,1766753560559
0,0.26089516282081604,1766753560901
0,0.3139433264732361,1766753561230
0,0.4722170829772949,1766753561565
0,0.724437952041626,1766753561896
0,0.5713189840316772,1766753562231
0,0.4938519299030304,1766753562555
0,0.3243866562843323,1766753562883
0,0.48304253816604614,1766753563216
0,0.2175922691822052,1766753563552
0,0.6061023473739624,1766753563877
0,0.7406427264213562,1766753564197
0,0.37658584117889404,1766753564515
0,0.968543291091919,1766753564835
0,0.5910632610321045,1766753565162
0,0.44503238797187805,1766753565490
0,0.22607988119125366,1766753565812
0,0.29899144172668457,1766753566135
0,0.7064046859741211,1766753566475
0,0.32043132185935974,1766753566808
0,0.47631365060806274,1766753567138
0,0.426382839679718,1766753567468
0,0.426194429397583,1766753567792
0,0.5045843124389648,1766753568119
0,0.43547096848487854,1766753568451
0,0.8489469289779663,1766753568783
0,0.9968060851097107,1766753569120
0,0.492249459028244,1766753569445
0,0.18550768494606018,1766753569761
0,0.4908711314201355,1766753570085
0,0.37452906370162964,1766753570408
0,0.6735271215438843,1766753570733
0,0.6788471937179565,1766753571057
0,0.7067896127700806,1766753571380
0,0.31602275371551514,1766753571705
0,0.36232393980026245,1766753572029
0,0.3578824996948242,1766753572368
0,0.4882771968841553,1766753572693
0,0.46670496463775635,1766753573011
0,0.5786665081977844,1766753573340
0,0.22925853729248047,1766753573669
0,0.5971981287002563,1766753574005
0,0.5173945426940918,1766753574343
0,0.638399064540863,1766753574668
0,0.5416998863220215,1766753574993
0,0.390667200088501,1766753575321
0,0.850054144859314,1766753575647
0,0.4228709042072296,1766753575974
0,0.1609116643667221,1766753576296
0,0.6834673881530762,1766753576616
0,0.45776811242103577,1766753576944
0,0.7150214314460754,1766753577280
0,0.4259280562400818,1766753577614
0,0.6905087828636169,1766753577939
0,0.44614312052726746,1766753578278
0,0.3232506513595581,1766753578597
0,0.6263960599899292,1766753578924
0,0.45786669850349426,1766753579256
0,0.39880767464637756,1766753579594
0,0.4292140007019043,1766753579920
0,0.3875463604927063,1766753580245
0,0.7440424561500549,1766753580575
0,0.46210145950317383,1766753580910
0,0.6627570390701294,1766753581234
0,0.4287281930446625,1766753581552
0,0.24407276511192322,1766753581875
0,0.26121076941490173,1766753582199
0,0.4504893720149994,1766753582523
0,0.33062511682510376,1766753582851
0,0.5227154493331909,1766753583186
0,0.6996872425079346,1766753583507
0,0.1491478681564331,1766753583836
0,0.4817849099636078,1766753584185
0,0.2900928556919098,1766753584517
0,0.2677151560783386,1766753584855
0,0.5336737632751465,1766753585177
0,0.371725857257843,1766753585502
0,0.3636586368083954,1766753585842
0,0.4749452471733093,1766753586176
0,0.39881399273872375,1766753586512
0,0.3668392300605774,1766753586838
0,0.38509058952331543,1766753587158
0,0.7793934345245361,1766753587484
0,0.29539868235588074,1766753587806
0,0.3709300756454468,1766753588132
0,0.2794039249420166,1766753588455
0,0.7634548544883728,1766753588775
0,0.1698189675807953,1766753589100
0,0.3439943790435791,1766753589425
0,0.22347719967365265,1766753589775
0,0.42662131786346436,1766753590128
0,0.44739675521850586,1766753590446
0,0.6420333385467529,1766753590772
0,0.5230304002761841,1766753591104
0,0.4386686682701111,1766753591436
0,0.5308753848075867,1766753591775
0,0.3611161410808563,1766753592101
0,0.4507618844509125,1766753592427
0,0.6208109855651855,1766753592756
0,0.38137340545654297,1766753593080
0,0.5151849389076233,1766753593407
0,0.4618378281593323,1766753593726
0,0.3799237012863159,1766753594046
0,0.3116481602191925,1766753594375
0,0.4900594651699066,1766753594700
0,0.560416042804718,1766753595027
0,0.3643771708011627,1766753595356
0,0.4811666011810303,1766753595687
0,0.4913899600505829,1766753596013
0,0.2830424904823303,1766753596338
0,0.6060502529144287,1766753596671
0,0.2769118547439575,1766753597008
0,0.2210264503955841,1766753597333
0,0.28365546464920044,1766753597658
0,0.5253407955169678,1766753597987
0,0.21561340987682343,1766753598316
0,0.5019425749778748,1766753598647
0,0.34399253129959106,1766753598963
0,0.44972139596939087,1766753599283
0,0.5696350336074829,1766753599611
0,0.5460714101791382,1766753599934
0,0.637630820274353,1766753600261
0,0.4244897961616516,1766753600590
0,0.3228692412376404,1766753600904
0,0.48199325799942017,1766753601222
0,0.30526816844940186,1766753601558
0,0.19689291715621948,1766753601891
0,0.4600319266319275,1766753602222
0,0.7251774072647095,1766753602543
0,0.3776772618293762,1766753602869
0,0.46736589074134827,1766753603207
0,0.3411444425582886,1766753603540
0,0.36732202768325806,1766753603874
0,0.22615565359592438,1766753604205
0,0.2358449101448059,1766753604533
0,0.2952998876571655,1766753604860
0,0.47977694869041443,1766753605185
0,0.3216538429260254,1766753605511
0,0.1434767246246338,1766753605838
0,0.43096548318862915,1766753606156
0,0.2653041481971741,1766753606483
0,0.4541628956794739,1766753606806
0,0.29476991295814514,1766753607132
0,0.364915668964386,1766753607479
0,0.4324955642223358,1766753607799
0,0.21858160197734833,1766753608120
0,0.6032387614250183,1766753608448
0,0.2504599988460541,1766753608779
0,0.37434113025665283,1766753609115
0,0.4306822419166565,1766753609441
0,0.33174318075180054,1766753609765
0,0.46378186345100403,1766753610101
0,0.2706090807914734,1766753610431
0,0.6130357384681702,1766753610757
0,1.0876659154891968,1766753611084
0,0.4681738615036011,1766753611399
0,0.30591437220573425,1766753611719
0,0.4198945164680481,1766753612046
0,0.5442030429840088,1766753612376
0,0.27689415216445923,1766753612705
0,0.4173085689544678,1766753613028
0,0.27845728397369385,1766753613365
0,0.272678941488266,1766753613689
0,0.6264634132385254,1766753614017
0,0.5366784334182739,1766753614354
0,0.4916931688785553,1766753614680
0,0.7649804353713989,1766753615011
0,0.22034400701522827,1766753615345
0,0.26647546887397766,1766753615672
0,0.6270954608917236,1766753616006
0,0.23863917589187622,1766753616332
0,0.6066586971282959,1766753616650
0,0.4845596253871918,1766753616968
0,0.3924523890018463,1766753617287
0,0.2963497042655945,1766753617612
0,0.19370116293430328,1766753617942
0,0.3942711353302002,1766753618265
0,0.3124910593032837,1766753618593
0,0.20459559559822083,1766753618931
0,0.19886218011379242,1766753619280
0,0.1902729719877243,1766753619620
0,0.3646790683269501,1766753619949
0,0.6598374843597412,1766753620275
0,0.15780630707740784,1766753620609
0,0.45559120178222656,1766753620940
0,0.47471266984939575,1766753621275
0,0.0828874260187149,1766753621607
0,0.13794079422950745,1766753621932
0,0.19149699807167053,1766753622256
0,0.45316702127456665,1766753622579
0,0.2270505428314209,1766753622905
0,0.372105211019516,1766753623234
0,0.5714693069458008,1766753623553
0,0.07718570530414581,1766753623873
0,0.31393590569496155,1766753624200
0,0.33003532886505127,1766753624527
0,0.2714200019836426,1766753624875
0,0.468689888715744,1766753625207
0,0.13353301584720612,1766753625537
0,0.4423693120479584,1766753625866
0,0.43666529655456543,1766753626194
0,0.25509536266326904,1766753626529
0,0.363601416349411,1766753626857
0,0.38845181465148926,1766753627178
0,0.3571760654449463,1766753627505
0,0.2558865547180176,1766753627838
0,0.43300923705101013,1766753628165
0,0.209328755736351,1766753628488
0,0.4595314562320709,1766753628805
0,0.180387482047081,1766753629123
0,0.5995875597000122,1766753629449
0,0.292435884475708,1766753629774
0,0.6641581654548645,1766753630101
0,0.15963214635849,1766753630420
0,0.7318795919418335,1766753630757
0,0.40403440594673157,1766753631090
0,0.428672194480896,1766753631415
0,0.4195594787597656,1766753631747
0,0.36057278513908386,1766753632076
0,0.20645788311958313,1766753632403
0,0.4221373200416565,1766753632732
0,0.19607830047607422,1766753633066
0,0.19951793551445007,1766753633399
0,0.15317344665527344,1766753633737
0,0.30744993686676025,1766753634057
0,0.16088414192199707,1766753634372
0,0.20738360285758972,1766753634694
0,0.39874139428138733,1766753635018
0,0.3759158253669739,1766753635346
0,0.2812698483467102,1766753635665
0,0.14145316183567047,1766753635985
0,0.527741551399231,1766753636312
0,0.2814207673072815,1766753636651
0,0.24766625463962555,1766753636983
0,0.6703487038612366,1766753637316
0,0.4139769375324249,1766753637637
0,0.6024233102798462,1766753637969
0,0.26103726029396057,1766753638306
0,0.12594769895076752,1766753638643
0,0.2800544798374176,1766753638972
0,0.21522089838981628,1766753639294
0,0.25689736008644104,1766753639620
0,0.2829759120941162,1766753639944
0,0.34878408908843994,1766753640267
0,0.38284820318222046,1766753640593
0,0.47468915581703186,1766753640910
0,0.46002182364463806,1766753641241
0,0.23291322588920593,1766753641573
0,0.4049799144268036,1766753641899
0,0.45645344257354736,1766753642225
0,0.288425475358963,1766753642571
0,0.22163227200508118,1766753642893
0,0.23307374119758606,1766753643221
0,0.2657092809677124,1766753643548
0,0.46874403953552246,1766753643883
0,0.42257392406463623,1766753644215
0,0.40130817890167236,1766753644540
0,0.3191559910774231,1766753644867
0,0.2583828568458557,1766753645199
0,0.29745936393737793,1766753645529
0,0.504038393497467,1766753645855
0,0.27003809809684753,1766753646174
0,0.2631397843360901,1766753646495
0,0.18976947665214539,1766753646813
0,0.4653991460800171,1766753647138
0,0.2195875495672226,1766753647470
0,0.4814462661743164,1766753647791
0,0.33613044023513794,1766753648111
0,0.40453583002090454,1766753648463
0,0.5095787048339844,1766753648799
0,0.4099566340446472,1766753649132
0,0.5811201930046082,1766753649465
0,0.37481456995010376,1766753649791
0,0.23413467407226562,1766753650117
0,0.28505057096481323,1766753650450
0,0.2890150547027588,1766753650784
0,0.3149515688419342,1766753651119
0,0.12249626964330673,1766753651441
0,0.3223040997982025,1766753651760
0,0.29346969723701477,1766753652084
0,0.19078658521175385,1766753652405
0,0.5301389694213867,1766753652731
0,0.17961537837982178,1766753653064
0,0.5188711881637573,1766753653385
0,0.36330464482307434,1766753653713
0,0.19999197125434875,1766753654059
0,0.23958250880241394,1766753654411
0,0.1898060292005539,1766753654741
0,0.5629550218582153,1766753655064
0,0.48547637462615967,1766753655391
0,0.293661892414093,1766753655725
0,0.26063254475593567,1766753656062
0,0.22311937808990479,1766753656396
0,0.2294144332408905,1766753656719
0,0.28285491466522217,1766753657046
0,0.0771302580833435,1766753657370
0,0.16783075034618378,1766753657693
0,0.271234393119812,1766753658018
0,0.11032671481370926,1766753658341
0,0.20674076676368713,1766753658672
0,0.26284950971603394,1766753659001
0,0.25799813866615295,1766753659326
0,0.17128458619117737,1766753659656
0,0.32946816086769104,1766753660001
0,0.3862321376800537,1766753660323
0,0.28400832414627075,1766753660649
0,0.41336533427238464,1766753660978
0,0.5283024907112122,1766753661308
0,0.5415282249450684,1766753661641
0,0.18096919357776642,1766753661966
0,0.23041197657585144,1766753662292
0,0.4481550455093384,1766753662625
0,0.33760178089141846,1766753662956
0,0.41829562187194824,1766753663286
0,0.2750590145587921,1766753663605
0,0.33301061391830444,1766753663928
0,0.41366612911224365,1766753664254
0,0.30410632491111755,1766753664579
0,0.19343967735767365,1766753664916
0,0.49196726083755493,1766753665243
0,0.31339719891548157,1766753665563
0,0.3150267004966736,1766753665903
0,0.29335200786590576,1766753666230
0,0.1419045627117157,1766753666559
0,0.18498635292053223,1766753666893
0,0.20412661135196686,1766753667217
0,0.1611553132534027,1766753667543
0,0.26830700039863586,1766753667880
0,0.31510764360427856,1766753668212
0,0.3103303909301758,1766753668544
0,0.8006783723831177,1766753668868
0,0.20555509626865387,1766753669192
0,0.16795197129249573,1766753669520
0,0.21011947095394135,1766753669839
0,0.43966707587242126,1766753670169
0,0.455145001411438,1766753670496
0,0.6001666784286499,1766753670817
0,0.4965648353099823,1766753671138
0,0.288923442363739,1766753671470
0,0.335735559463501,1766753671831
0,0.25068390369415283,1766753672162
0,0.37516623735427856,1766753672486
0,0.33639565110206604,1766753672809
0,0.5264942049980164,1766753673140
0,0.18145498633384705,1766753673475
0,0.3902394473552704,1766753673813
0,0.20196673274040222,1766753674138
0,0.560965359210968,1766753674465
0,0.38754385709762573,1766753674790
0,0.37330183386802673,1766753675115
0,0.27511829137802124,1766753675441
0,0.25194278359413147,1766753675765
0,0.22620384395122528,1766753676089
0,0.17042437195777893,1766753676418
0,0.42535245418548584,1766753676742
0,0.5099719166755676,1766753677070
0,0.1371159851551056,1766753677417
0,0.34443405270576477,1766753677754
0,0.532305896282196,1766753678085
0,0.4425520896911621,1766753678411
0,0.3687163293361664,1766753678741
0,0.24870049953460693,1766753679075
0,0.26707959175109863,1766753679404
0,0.46147748827934265,1766753679730
0,0.2770858705043793,1766753680059
0,0.4275567829608917,1766753680387
0,0.18373173475265503,1766753680712
0,0.3856194019317627,1766753681034
0,0.17061500251293182,1766753681350
0,0.24466802179813385,1766753681676
0,0.2307606339454651,1766753682005
0,0.2653312087059021,1766753682332
0,0.3164280652999878,1766753682661
0,0.39942869544029236,1766753682981
0,0.30268174409866333,1766753683319
0,0.1668851673603058,1766753683657
0,0.393929123878479,1766753683990
0,0.3424180746078491,1766753684327
0,0.6231585144996643,1766753684652
0,0.4813288450241089,1766753684980
0,0.25887346267700195,1766753685318
0,0.26239871978759766,1766753685651
0,0.5076766610145569,1766753685990
0,0.451632022857666,1766753686317
0,0.53389573097229,1766753686637
0,0.14505839347839355,1766753686960
0,0.25889092683792114,1766753687283
0,0.360797643661499,1766753687610
0,0.34244945645332336,1766753687935
0,0.5951963663101196,1766753688255
0,0.27354347705841064,1766753688578
0,0.2921797037124634,1766753688900
0,0.29872334003448486,1766753689235
0,0.23954594135284424,1766753689564
0,0.34882742166519165,1766753689884
0,0.22434815764427185,1766753690209
0,0.10929416865110397,1766753690538
0,0.2934363782405853,1766753690873
0,0.30950674414634705,1766753691210
0,0.39272943139076233,1766753691537
0,0.2305188775062561,1766753691871
0,0.3096054792404175,1766753692204
0,0.12056274712085724,1766753692528
0,0.3831758499145508,1766753692853
0,0.3971540331840515,1766753693178
0,0.28012174367904663,1766753693495
0,0.13236118853092194,1766753693816
0,0.2086213380098343,1766753694146
0,0.4692397117614746,1766753694480
0,0.44353604316711426,1766753694808
0,0.342100590467453,1766753695149
0,0.32054394483566284,1766753695469
0,0.28036874532699585,1766753695798
0,0.34094977378845215,1766753696127
0,0.3749990463256836,1766753696465
0,0.35110506415367126,1766753696794
0,0.13844937086105347,1766753697121
0,0.4510619342327118,1766753697456
0,0.19727212190628052,1766753697787
0,0.2787921726703644,1766753698117
0,0.2960737943649292,1766753698441
0,0.296404093503952,1766753698761
0,0.2054540514945984,1766753699085
0,0.14648045599460602,1766753699409
0,0.16672424972057343,1766753699738
0,0.20464831590652466,1766753700068
0,0.6751829385757446,1766753700387
0,0.0926942378282547,1766753700715
0,0.43117964267730713,1766753701061
0,0.4915009140968323,1766753701391
0,0.17944185435771942,1766753701729
0,0.31368160247802734,1766753702051
0,0.3210543990135193,1766753702373
0,0.23897357285022736,1766753702706
0,0.3359203636646271,1766753703042
0,0.3804759383201599,1766753703374
0,0.2615393400192261,1766753703702
0,0.2576233744621277,1766753704028
0,0.6371341943740845,1766753704356
0,0.5425038933753967,1766753704677
0,0.39717036485671997,1766753705003
0,0.2357812225818634,1766753705333
0,0.24033668637275696,1766753705655
0,0.27884793281555176,1766753705971
0,0.28707313537597656,1766753706301
0,0.5603293776512146,1766753706644
0,0.13085299730300903,1766753706993
0,0.4175710082054138,1766753707316
0,0.36374980211257935,1766753707640
0,0.710193395614624,1766753707965
0,0.46471744775772095,1766753708294
0,0.13988438248634338,1766753708632
0,0.12323702126741409,1766753708961
0,0.6291539669036865,1766753709289
0,0.1710139811038971,1766753709619
0,0.2342739850282669,1766753709945
0,0.2406424880027771,1766753710271
0,0.24681183695793152,1766753710595
0,0.5000661611557007,1766753710914
0,0.3935811519622803,1766753711241
0,0.21432866156101227,1766753711565
0,0.24142111837863922,1766753711890
0,0.5341232419013977,1766753712217
0,0.7237593531608582,1766753712550
0,0.19794417917728424,1766753712878
0,0.27354180812835693,1766753713203
0,0.43650805950164795,1766753713533
0,0.17328542470932007,1766753713868
0,0.21806715428829193,1766753714194
0,0.4361608028411865,1766753714523
0,0.15293480455875397,1766753714859
0,0.31332701444625854,1766753715189
0,0.6553986072540283,1766753715527
0,0.46185219287872314,1766753715853
0,0.5179665088653564,1766753716172
0,0.40533772110939026,1766753716491
0,0.2234637588262558,1766753716811
0,0.16388767957687378,1766753717149
0,0.2785879969596863,1766753717479
0,0.40205153822898865,1766753717798
0,0.2609865069389343,1766753718120
0,0.17492321133613586,1766753718461
0,0.4348222315311432,1766753718785
0,0.7836306095123291,1766753719112
0,0.3947892189025879,1766753719438
0,0.3200334310531616,1766753719766
0,0.21548573672771454,1766753720098
0,0.15833014249801636,1766753720432
0,0.4816341698169708,1766753720767
0,0.3025921583175659,1766753721101
0,0.46120208501815796,1766753721423
0,0.6001173257827759,1766753721749
0,0.4537457227706909,1766753722071
0,0.3057456910610199,1766753722393
0,0.153751939535141,1766753722722
0,0.41123586893081665,1766753723044
0,0.3365783393383026,1766753723369
0,0.2564169764518738,1766753723698
0,0.29489201307296753,1766753724023
0,0.22530587017536163,1766753724372
0,0.35075604915618896,1766753724690
0,0.6589927077293396,1766753725014
0,0.3488723039627075,1766753725342
0,0.7248020172119141,1766753725677
0,0.42890533804893494,1766753726009
0,0.5480213761329651,1766753726339
0,0.13215266168117523,1766753726669
0,0.31110909581184387,1766753726999
0,0.4373931586742401,1766753727322
0,0.22859551012516022,1766753727647
0,0.39269495010375977,1766753727975
0,0.2193240225315094,1766753728293
0,0.3134106993675232,1766753728612
0,0.6369333863258362,1766753728938
0,0.3524339199066162,1766753729268
0,0.1445353627204895,1766753729601
1,0.39883148670196533,1766753729853
1,0.1972047984600067,1766753730194
1,0.48952025175094604,1766753730522
1,0.16003583371639252,1766753730853
1,0.33202317357063293,1766753731188
1,0.32701683044433594,1766753731520
1,0.47627437114715576,1766753731847
1,0.26531267166137695,1766753732177
1,0.2346401810646057,1766753732509
1,0.2824706435203552,1766753732845
1,0.31066441535949707,1766753733177
1,0.23694393038749695,1766753733494
1,0.18563073873519897,1766753733810
1,0.2904484272003174,1766753734134
1,0.5986111164093018,1766753734460
1,0.5003608465194702,1766753734790
1,0.48272937536239624,1766753735109
1,0.18900901079177856,1766753735432
1,0.3458406627178192,1766753735774
1,0.2333240509033203,1766753736123
1,0.2666873037815094,1766753736457
1,0.2757113575935364,1766753736792
1,0.6909087300300598,1766753737114
1,0.30028030276298523,1766753737442
1,0.25187838077545166,1766753737775
1,0.37279558181762695,1766753738109
1,0.31641706824302673,1766753738443
1,0.2038615494966507,1766753738765
1,0.3437228798866272,1766753739084
1,0.5875508785247803,1766753739405
1,0.38076335191726685,1766753739727
1,0.1871020793914795,1766753740054
1,0.32704615592956543,1766753740379
1,0.29226940870285034,1766753740703
1,0.47535133361816406,1766753741028
1,0.41173022985458374,1766753741354
1,0.3688603639602661,1766753741702
1,0.2594574987888336,1766753742045
1,0.5801750421524048,1766753742367
1,0.22192992269992828,1766753742699
1,0.27337127923965454,1766753743030
1,0.28985631465911865,1766753743367
1,0.4658544659614563,1766753743706
1,0.23839181661605835,1766753744028
1,0.37561213970184326,1766753744352
1,0.16366292536258698,1766753744686
1,0.0835358053445816,1766753745008
1,0.5877465009689331,1766753745333
1,0.33944886922836304,1766753745653
1,0.20663854479789734,1766753745972
1,0.21435508131980896,1766753746300
1,0.3964446187019348,1766753746621
1,0.2182784378528595,1766753746947
1,0.28832563757896423,1766753747272
1,0.2724607288837433,1766753747607
1,0.1466636061668396,1766753747936
1,0.19155116379261017,1766753748261
1,0.2580374479293823,1766753748592
1,0.41871345043182373,1766753748925
1,0.3440895676612854,1766753749249
1,0.37546801567077637,1766753749575
1,0.37833666801452637,1766753749909
1,0.222699835896492,1766753750242
1,0.4167945683002472,1766753750577
1,0.6313037872314453,1766753750896
1,0.3507344722747803,1766753751217
1,0.4450247287750244,1766753751538
1,0.04865051433444023,1766753751862
1,0.3359154164791107,1766753752190
1,0.260021448135376,1766753752515
1,0.26532644033432007,1766753752830
1,0.3384866714477539,1766753753160
1,0.4800049960613251,1766753753500
1,0.4681459069252014,1766753753826
1,0.21573302149772644,1766753754152
1,0.38266414403915405,1766753754477
1,0.18595248460769653,1766753754800
1,0.3129136860370636,1766753755130
1,0.44124412536621094,1766753755462
1,0.2199912816286087,1766753755795
1,0.39570632576942444,1766753756119
1,0.3705480396747589,1766753756446
1,0.3120841085910797,1766753756767
1,0.27514582872390747,1766753757088
1,0.3597720265388489,1766753757413
1,0.20042817294597626,1766753757733
1,0.1310311257839203,1766753758053
1,0.5494018793106079,1766753758388
1,0.4438549876213074,1766753758716
1,0.2612514793872833,1766753759038
1,0.3653036653995514,1766753759381
1,0.17183862626552582,1766753759698
1,0.311767578125,1766753760019
1,0.15699724853038788,1766753760347
1,0.16840477287769318,1766753760680
1,0.3017593324184418,1766753761016
1,0.1740139126777649,1766753761341
1,0.673938512802124,1766753761667
1,0.3311455547809601,1766753762004
1,0.3267570734024048,1766753762328
1,0.4056352376937866,1766753762654
1,0.33614492416381836,1766753762975
1,0.13431301712989807,1766753763295
1,0.5848948955535889,1766753763616
1,0.23485474288463593,1766753763939
1,0.27330470085144043,1766753764269
1,0.21776102483272552,1766753764597
1,0.23083268105983734,1766753764925
1,0.21103635430335999,1766753765262
1,0.24591293931007385,1766753765589
1,0.3662526607513428,1766753765919
1,0.12027600407600403,1766753766250
1,0.3040854036808014,1766753766581
1,0.2954810559749603,1766753766908
1,0.20675617456436157,1766753767237
1,0.2484683096408844,1766753767565
1,0.5086768269538879,1766753767899
1,0.2808992266654968,1766753768224
1,0.356734037399292,1766753768547
1,0.07486279308795929,1766753768874
1,0.2570033073425293,1766753769198
1,0.3034736216068268,1766753769524
1,0.5411856174468994,1766753769852
1,0.23926402628421783,1766753770171
1,0.0863526463508606,1766753770499
1,0.390406996011734,1766753770840
1,0.11314239352941513,1766753771187
1,0.19999206066131592,1766753771521
1,0.5139707922935486,1766753771847
1,0.15304705500602722,1766753772167
1,0.16062992811203003,1766753772499
1,0.1290774941444397,1766753772830
1,0.4344630241394043,1766753773167
1,0.16101829707622528,1766753773492
1,0.9256263971328735,1766753773821
1,0.5146823525428772,1766753774146
1,0.23922406136989594,1766753774468
1,0.09913501888513565,1766753774796
1,0.5403297543525696,1766753775125
1,0.46153950691223145,1766753775442
1,0.36991187930107117,1766753775760
1,0.2809465527534485,1766753776088
1,0.2695575952529907,1766753776415
1,0.3804554343223572,1766753776760
1,0.34873783588409424,1766753777095
1,0.24963554739952087,1766753777419
1,0.23574958741664886,1766753777745
1,0.3746170997619629,1766753778073
1,0.28051334619522095,1766753778412
1,0.10541358590126038,1766753778739
1,0.1691092550754547,1766753779064
1,0.19327238202095032,1766753779399
1,0.09748278558254242,1766753779733
1,0.2726963460445404,1766753780059
1,0.47508206963539124,1766753780382
1,0.12270037829875946,1766753780701
1,0.3440554738044739,1766753781023
1,0.2007649689912796,1766753781353
1,0.1791541874408722,1766753781678
1,0.29953184723854065,1766753782006
1,0.5465414524078369,1766753782327
1,0.20625519752502441,1766753782664
1,0.3327839970588684,1766753782997
1,0.20881536602973938,1766753783324
1,0.21220940351486206,1766753783659
1,0.19293074309825897,1766753783986
1,0.2854980230331421,1766753784313
1,0.38990578055381775,1766753784648
1,0.09838400781154633,1766753784979
1,0.29358914494514465,1766753785314
1,0.30387789011001587,1766753785648
1,0.35907793045043945,1766753785967
1,0.05003885552287102,1766753786285
1,0.32432568073272705,1766753786609
1,0.3230651617050171,1766753786938
1,0.2852596044540405,1766753787269
1,0.6147528886795044,1766753787597
1,0.3236777186393738,1766753787917
1,0.264936238527298,1766753788242
1,0.30521267652511597,1766753788586
1,0.3259226679801941,1766753788916
1,0.5008054971694946,1766753789238
1,0.10420934855937958,1766753789565
1,0.08947086334228516,1766753789897
1,0.39133256673812866,1766753790230
1,0.34688058495521545,1766753790565
1,0.6045726537704468,1766753790896
1,0.17089059948921204,1766753791221
1,0.11584774404764175,1766753791553
1,0.16651812195777893,1766753791875
1,0.12949079275131226,1766753792201
1,0.5149698853492737,1766753792529
1,0.19422410428524017,1766753792855
1,0.27723264694213867,1766753793181
1,0.3086046278476715,1766753793510
1,0.32718420028686523,1766753793915
1,0.41773876547813416,1766753794258
1,0.22825995087623596,1766753794589
1,0.2887123227119446,1766753794922
1,0.583126962184906,1766753795250
1,0.12949559092521667,1766753795576
1,0.39921000599861145,1766753795905
1,0.2984136939048767,1766753796232
1,0.23834344744682312,1766753796556
1,0.23076094686985016,1766753796904
1,0.3556862771511078,1766753797240
1,0.4165734052658081,1766753797564
1,0.34671464562416077,1766753797890
1,0.23323777318000793,1766753798218
1,0.2566111087799072,1766753798545
1,0.11535699665546417,1766753798872
1,0.19139060378074646,1766753799279
1,0.24926887452602386,1766753799601
1,0.23903188109397888,1766753799930
1,0.34140434861183167,1766753800274
1,0.21174825727939606,1766753800600
1,0.4379591941833496,1766753800924
1,0.3626336455345154,1766753801252
1,0.4201737642288208,1766753801580
1,0.20306187868118286,1766753801919
1,0.2048896998167038,1766753802257
1,0.10213242471218109,1766753802593
1,0.3938072919845581,1766753802940
1,0.09131656587123871,1766753803283
1,0.44598105549812317,1766753803622
1,0.22305862605571747,1766753803968
1,0.22066964209079742,1766753804310
1,0.39642953872680664,1766753804654
1,0.572767972946167,1766753804996
1,0.3965725898742676,1766753805339
1,0.24959039688110352,1766753805683
1,0.14783811569213867,1766753806035
1,0.3044303357601166,1766753806383
1,0.1747441589832306,1766753806727
1,0.10421706736087799,1766753807073
1,0.3257802128791809,1766753807420
1,0.40642303228378296,1766753807774
1,0.17575234174728394,1766753808121
1,0.3325709104537964,1766753808470
1,0.2717582881450653,1766753808817
1,0.45842626690864563,1766753809157
1,0.24053210020065308,1766753809498
1,0.18216314911842346,1766753809842
1,0.2643928825855255,1766753810184
1,0.0768507793545723,1766753810530
1,0.20321983098983765,1766753810877
1,0.31184500455856323,1766753811225
1,0.10600999742746353,1766753811568
1,0.39041903614997864,1766753811921
1,0.4035014510154724,1766753812264
1,0.28860723972320557,1766753812605
1,0.2570652365684509,1766753812953
1,0.20675316452980042,1766753813302
1,0.2665408253669739,1766753813694
1,0.2238835096359253,1766753814021
1,0.22992673516273499,1766753814346
1,0.37223002314567566,1766753814673
1,0.30854466557502747,1766753814989
1,0.14888344705104828,1766753815308
1,0.4708220362663269,1766753815632
1,0.1925833523273468,1766753815952
1,0.1337777078151703,1766753816286
1,0.20779740810394287,1766753816619
1,0.3014411926269531,1766753816953
1,0.29563435912132263,1766753817289
1,0.17734810709953308,1766753817639
1,0.20213991403579712,1766753817982
1,0.13232071697711945,1766753818313
1,0.28582364320755005,1766753818645
1,0.1408427208662033,1766753818971
1,0.32172149419784546,1766753819298
1,0.1668945699930191,1766753819619
1,0.4600507915019989,1766753819945
1,0.20529812574386597,1766753820276
1,0.21002742648124695,1766753820604
1,0.40289759635925293,1766753820924
1,0.1370919942855835,1766753821261
1,0.5022382140159607,1766753821718
1,0.608965277671814,1766753822189
1,0.24634328484535217,1766753822703
1,0.36929577589035034,1766753823037
1,0.18157704174518585,1766753823370
1,0.27898740768432617,1766753823723
1,0.1659177839756012,1766753824078
1,0.7502368092536926,1766753824413
1,0.27620235085487366,1766753824745
1,0.40242043137550354,1766753825077
1,0.09736369550228119,1766753825405
1,0.23108071088790894,1766753825732
1,0.2058853954076767,1766753826055
1,0.2587266266345978,1766753826384
1,0.28362658619880676,1766753826707
1,0.3407069444656372,1766753827030
1,0.19733920693397522,1766753827355
1,0.4045841693878174,1766753827697
1,0.28505727648735046,1766753828015
1,0.15461276471614838,1766753828347
1,0.17056573927402496,1766753828677
1,0.11016236990690231,1766753829009
1,0.1799546629190445,1766753829355
1,0.3388185501098633,1766753829719
1,0.31497544050216675,1766753830054
1,0.24591897428035736,1766753830387
1,0.3651752173900604,1766753830708
1,0.5835509300231934,1766753831032
1,0.17954441905021667,1766753831353
1,0.16363680362701416,1766753831677
1,0.2612171769142151,1766753832010
1,0.2789541184902191,1766753832337
1,0.4842432737350464,1766753832655
1,0.2746649384498596,1766753832976
1,0.3482438921928406,1766753833311
1,0.37779340147972107,1766753833633
1,0.1636488288640976,1766753833955
1,0.18393363058567047,1766753834281
1,0.5825687646865845,1766753834609
1,0.2972937822341919,1766753834938
1,0.18184015154838562,1766753835287
1,0.24098554253578186,1766753835634
1,0.27270224690437317,1766753835965
1,0.3377841114997864,1766753836292
1,0.1905525177717209,1766753836616
1,0.27906185388565063,1766753836944
1,0.46381497383117676,1766753837269
1,0.3779172897338867,1766753837593
1,0.21584919095039368,1766753837920
1,0.34093379974365234,1766753838245
1,0.40139105916023254,1766753838566
1,0.23826341331005096,1766753838897
1,0.24687209725379944,1766753839231
1,0.35576045513153076,1766753839556
1,0.38030970096588135,1766753839886
1,0.45112740993499756,1766753840215
1,0.26315784454345703,1766753840546
1,0.08905111253261566,1766753840871
1,0.5330760478973389,1766753841214
1,0.28298771381378174,1766753841555
1,0.1516803503036499,1766753841886
1,0.05433039367198944,1766753842212
1,0.16833120584487915,1766753842536
1,0.182481586933136,1766753842862
1,0.32104218006134033,1766753843189
1,0.2672097980976105,1766753843518
1,0.049831707030534744,1766753843846
1,0.21890172362327576,1766753844173
1,0.2735100984573364,1766753844495
1,0.47726404666900635,1766753844832
1,0.13561995327472687,1766753845150
1,0.16206246614456177,1766753845472
1,0.19742617011070251,1766753845806
1,0.18346300721168518,1766753846134
1,0.32909098267555237,1766753846463
1,0.10477525740861893,1766753846790
1,0.17342326045036316,1766753847131
1,0.4048584997653961,1766753847468
1,0.17867669463157654,1766753847793
1,0.11968021839857101,1766753848117
1,0.5565617680549622,1766753848439
1,0.26202714443206787,1766753848762
1,0.10271956026554108,1766753849089
1,0.24924731254577637,1766753849417
1,0.28884339332580566,1766753849749
1,0.25471797585487366,1766753850076
1,0.08580495417118073,1766753850416
1,0.48632609844207764,1766753850761
1,0.22106409072875977,1766753851086
1,0.3225666284561157,1766753851414
1,0.1910649836063385,1766753851748
1,0.31818830966949463,1766753852080
1,0.013721732422709465,1766753852410
1,0.1720575988292694,1766753852737
1,0.21688085794448853,1766753853081
1,0.5548659563064575,1766753853410
1,0.30084919929504395,1766753853729
1,0.11297726631164551,1766753854054
1,0.21783488988876343,1766753854380
1,0.1402214914560318,1766753854706
1,0.1746995449066162,1766753855039
1,0.2564980983734131,1766753855366
1,0.6093848943710327,1766753855694
1,0.3142893314361572,1766753856022
1,0.2090921550989151,1766753856359
1,0.21756145358085632,1766753856682
1,0.20572474598884583,1766753857009
1,0.16286161541938782,1766753857338
1,0.18817010521888733,1766753857668
1,0.33435171842575073,1766753858006
1,0.15958744287490845,1766753858335
1,0.10093645006418228,1766753858662
1,0.2620909810066223,1766753859012
1,0.32441097497940063,1766753859333
1,0.2856553792953491,1766753859653
1,0.35848018527030945,1766753859979
1,0.30158156156539917,1766753860304
1,0.32707375288009644,1766753860633
1,0.12290005385875702,1766753860967
1,0.17269140481948853,1766753861294
1,0.24891243875026703,1766753861623
1,0.2883701026439667,1766753861971
1,0.07743664085865021,1766753862307
1,0.1869080811738968,1766753862627
1,0.4675332307815552,1766753862953
1,0.2445913553237915,1766753863277
1,0.17906588315963745,1766753863610
1,0.07066203653812408,1766753863949
1,0.15777187049388885,1766753864276
1,0.3399941027164459,1766753864611
1,0.5428131222724915,1766753864960
1,0.34886956214904785,1766753865279
1,0.2978129982948303,1766753865602
1,0.41225987672805786,1766753865927
1,0.4263058304786682,1766753866252
1,0.1719372272491455,1766753866580
1,0.11636526882648468,1766753866910
1,0.7261377573013306,1766753867240
1,0.4113316535949707,1766753867567
1,0.33413031697273254,1766753867911
1,0.19714197516441345,1766753868231
1,0.24863991141319275,1766753868555
1,0.1386967897415161,1766753868879
1,0.15019121766090393,1766753869205
1,0.610405683517456,1766753869536
1,0.33289629220962524,1766753869870
1,0.13566133379936218,1766753870196
1,0.10406768321990967,1766753870534
1,0.3374216556549072,1766753870874
1,0.4177476465702057,1766753871196
1,0.34045982360839844,1766753871522
1,0.22666187584400177,1766753871847
1,0.4524157643318176,1766753872175
1,0.15252666175365448,1766753872504
1,0.3491770029067993,1766753872832
1,0.26078200340270996,1766753873157
1,0.18227726221084595,1766753873501
1,0.2662859559059143,1766753873834
1,0.23675793409347534,1766753874158
1,0.08680818974971771,1766753874482
1,0.31169217824935913,1766753874804
1,0.46469783782958984,1766753875132
1,0.12572979927062988,1766753875464
1,0.08898845314979553,1766753875790
1,0.3623889088630676,1766753876119
1,0.5081604719161987,1766753876461
1,0.5585808753967285,1766753876795
1,0.32983583211898804,1766753877120
1,0.2732905447483063,1766753877442
1,0.2614206373691559,1766753877767
1,0.15876132249832153,1766753878092
1,0.39677953720092773,1766753878423
1,0.3182612955570221,1766753878757
1,0.2792145311832428,1766753879077
1,0.17000384628772736,1766753879419
1,0.17206427454948425,1766753879738
1,0.16937442123889923,1766753880066
1,0.5437982082366943,1766753880391
1,0.2208312451839447,1766753880719
1,0.14240124821662903,1766753881048
1,0.12079569697380066,1766753881376
1,0.11262991279363632,1766753881703
1,0.28598034381866455,1766753882034
1,0.25303545594215393,1766753882374
1,0.19967396557331085,1766753882712
1,0.5782538652420044,1766753883039
1,0.3616853952407837,1766753883361
1,0.26888132095336914,1766753883681
1,0.2739478349685669,1766753884007
1,0.12138048559427261,1766753884337
1,0.6206574440002441,1766753884667
1,0.3486035168170929,1766753885014
1,0.09423989057540894,1766753885362
1,0.27634888887405396,1766753885682
1,0.36793607473373413,1766753886009
1,0.18291884660720825,1766753886336
1,0.24950438737869263,1766753886664
1,0.5150551795959473,1766753887003
1,0.3369460701942444,1766753887330
1,0.20509913563728333,1766753887660
1,0.2542838454246521,1766753887987
1,0.6880824565887451,1766753888323
1,0.2566596269607544,1766753888653
1,0.1958327442407608,1766753888976
1,0.5986865758895874,1766753889301
1,0.15347903966903687,1766753889627
1,0.07999271899461746,1766753889960
1,0.1490800827741623,1766753890287
1,0.27559894323349,1766753890615
1,0.13097892701625824,1766753890959
1,0.4188890755176544,1766753891285
1,0.20373307168483734,1766753891606
1,0.0826607272028923,1766753891931
1,0.3216819763183594,1766753892261
1,0.14271247386932373,1766753892591
1,0.30795931816101074,1766753892921
1,0.20679163932800293,1766753893251
1,0.24151946604251862,1766753893580
1,0.19567914307117462,1766753893902
1,0.17171333730220795,1766753894230
1,0.2214658260345459,1766753894549
1,0.37947016954421997,1766753894872
1,0.08737648278474808,1766753895196
1,0.20415973663330078,1766753895519
1,0.19135037064552307,1766753895848
1,0.16402897238731384,1766753896174
1,0.13111285865306854,1766753896520
1,0.11730367690324783,1766753896880
1,0.2616855204105377,1766753897208
1,0.27419883012771606,1766753897534
1,0.10337555408477783,1766753897860
1,0.09494895488023758,1766753898190
1,0.1171615868806839,1766753898516
1,0.18036623299121857,1766753898843
1,0.7429284453392029,1766753899175
1,0.280842125415802,1766753899506
1,0.33797720074653625,1766753899821
1,0.2527712881565094,1766753900158
1,0.2121797800064087,1766753900477
1,0.19439436495304108,1766753900795
1,0.24230816960334778,1766753901119
1,0.3137626647949219,1766753901445
1,0.18671149015426636,1766753901774
1,0.15433552861213684,1766753902100
1,0.08797725290060043,1766753902433
1,0.4189054071903229,1766753902756
1,0.22596831619739532,1766753903084
1,0.23371781408786774,1766753903409
1,0.34535154700279236,1766753903733
1,0.24106661975383759,1766753904062
1,0.2805545926094055,1766753904393
1,0.4207315444946289,1766753904717
1,0.0968993753194809,1766753905052
1,0.1637861281633377,1766753905377
1,0.25729092955589294,1766753905697
1,0.1817813515663147,1766753906030
1,0.2014637589454651,1766753906348
1,0.301510214805603,1766753906671
1,0.061980754137039185,1766753906997
1,0.4364682137966156,1766753907325
1,0.16062623262405396,1766753907652
1,0.6480745673179626,1766753907989
1,0.3070254325866699,1766753908340
1,0.10081219673156738,1766753908671
1,0.1626964658498764,1766753909005
1,0.4759591817855835,1766753909328
1,0.2811177372932434,1766753909653
1,0.09107116609811783,1766753909981
1,0.3280964493751526,1766753910305
1,0.336768239736557,1766753910629
1,0.42873361706733704,1766753910959
1,0.1748683750629425,1766753911278
1,0.12445878237485886,1766753911597
1,0.07580427080392838,1766753911939
1,0.3128979504108429,1766753912260
1,0.3094870448112488,1766753912587
1,0.16203553974628448,1766753912913
1,0.10029254853725433,1766753913240
1,0.15985512733459473,1766753913571
1,0.19876939058303833,1766753913914
1,0.14342036843299866,1766753914252
1,0.807048499584198,1766753914578
1,0.21113908290863037,1766753914903
1,0.23989737033843994,1766753915226
1,0.28744739294052124,1766753915561
1,0.25890788435935974,1766753915888
1,0.46481072902679443,1766753916215
1,0.11337784677743912,1766753916541
1,0.054340288043022156,1766753916880
1,0.20487743616104126,1766753917202
1,0.2893349826335907,1766753917536
1,0.045831192284822464,1766753917877
1,0.20719923079013824,1766753918202
1,0.22503693401813507,1766753918528
1,0.1270487904548645,1766753918856
1,0.07317818701267242,1766753919186
1,0.13914889097213745,1766753919514
1,0.23818808794021606,1766753919862
1,0.19165140390396118,1766753920189
1,0.6984966993331909,1766753920524
1,0.10618522018194199,1766753920846
1,0.09254762530326843,1766753921170
1,0.12740010023117065,1766753921495
1,0.16472506523132324,1766753921820
1,0.20917946100234985,1766753922143
1,0.05730316415429115,1766753922471
1,0.39765506982803345,1766753922792
1,0.2807968258857727,1766753923112
1,0.08053912222385406,1766753923444
1,0.19422969222068787,1766753923783
1,0.056683499366045,1766753924108
1,0.02196226269006729,1766753924437
1,0.3075009286403656,1766753924760
1,0.43422383069992065,1766753925089
1,0.2111135721206665,1766753925435
1,0.06016791611909866,1766753925785
1,0.21346957981586456,1766753926112
1,0.12619666755199432,1766753926440
1,0.5460953116416931,1766753926760
1,0.299687922000885,1766753927084
1,0.13260816037654877,1766753927411
1,0.058999136090278625,1766753927736
1,0.14869742095470428,1766753928060
1,0.2541565001010895,1766753928389
1,0.2399260252714157,1766753928711
1,0.10733218491077423,1766753929031
1,0.09111638367176056,1766753929367
1,0.09909681975841522,1766753929704
1,0.30753836035728455,1766753930027
1,0.23895397782325745,1766753930354
1,0.30783790349960327,1766753930681
1,0.053574852645397186,1766753931010
1,0.3830667734146118,1766753931354
1,0.11247000843286514,1766753931679
1,0.13837885856628418,1766753932004
1,0.16039465367794037,1766753932338
1,0.21960969269275665,1766753932664
1,0.2710053622722626,1766753932991
1,0.03911175951361656,1766753933318
1,0.20350788533687592,1766753933644
1,0.37084269523620605,1766753933980
1,0.22541464865207672,1766753934305
1,0.4630647599697113,1766753934628
1,0.2092674821615219,1766753934947
1,0.10435082018375397,1766753935280
1,0.31873273849487305,1766753935609
1,0.33484476804733276,1766753935932
1,0.20846697688102722,1766753936259
1,0.26205331087112427,1766753936593
1,0.07980114221572876,1766753936933
1,0.4230399429798126,1766753937285
1,0.2934255599975586,1766753937617
1,0.22682350873947144,1766753937955
1,0.24792265892028809,1766753938289
1,0.15246009826660156,1766753938616
1,0.08013533800840378,1766753938940
1,0.4320334196090698,1766753939269
1,0.3869965076446533,1766753939594
1,0.1789957731962204,1766753939926
1,0.11311105638742447,1766753940247
1,0.2129589021205902,1766753940565
1,0.36474746465682983,1766753940885
1,0.35250434279441833,1766753941214
1,0.33852052688598633,1766753941540
1,0.2176014482975006,1766753941864
1,0.3276621103286743,1766753942190
1,0.39349693059921265,1766753942517
1,0.37761062383651733,1766753942859
1,0.1939859241247177,1766753943197
1,0.12452265620231628,1766753943524
1,0.4785156846046448,1766753943858
1,0.3424118757247925,1766753944189
1,0.511712908744812,1766753944515
1,0.1616862267255783,1766753944842
1,0.23393870890140533,1766753945168
1,0.16160938143730164,1766753945495
1,0.4244399666786194,1766753945824
1,0.17012900114059448,1766753946149
1,0.3936617970466614,1766753946468
1,0.48510029911994934,1766753946791
1,0.5073003768920898,1766753947127
1,0.12285204976797104,1766753947447
1,0.24962817132472992,1766753947773
1,0.20873361825942993,1766753948102
1,0.25408169627189636,1766753948446
1,0.09203100949525833,1766753948797
1,0.19309870898723602,1766753949134
1,0.43503427505493164,1766753949472
1,0.28639858961105347,1766753949805
1,0.16711848974227905,1766753950138
1,0.1297561079263687,1766753950467
1,0.16226400434970856,1766753950792
1,0.4157412648200989,1766753951118
1,0.18705561757087708,1766753951450
1,0.1617649793624878,1766753951772
1,0.18932801485061646,1766753952097
1,0.3695441484451294,1766753952420
1,0.390749454498291,1766753952757
1,0.17691220343112946,1766753953102
1,0.20230132341384888,1766753953432
1,0.17071686685085297,1766753953761
1,0.3335093855857849,1766753954086
1,0.2756788730621338,1766753954430
1,0.5952184200286865,1766753954770
1,0.4419429898262024,1766753955095
1,0.2664244771003723,1766753955427
1,0.37302011251449585,1766753955765
1,0.1684175729751587,1766753956090
1,0.10140694677829742,1766753956416
1,0.2382916659116745,1766753956744
1,0.30151528120040894,1766753957069
1,0.11721554398536682,1766753957395
1,0.5941711664199829,1766753957716
1,0.15725335478782654,1766753958037
1,0.3858596682548523,1766753958360
1,0.2873242497444153,1766753958699
1,0.22403712570667267,1766753959037
1,0.33245107531547546,1766753959373
1,0.10139960795640945,1766753959701
1,0.2681119441986084,1766753960035
1,0.3328136205673218,1766753960389
1,0.20697997510433197,1766753960722
1,0.19664737582206726,1766753961061
1,0.25489509105682373,1766753961393
1,0.1298982799053192,1766753961730
1,0.2215109020471573,1766753962057
1,0.12496107816696167,1766753962385
1,0.20684714615345,1766753962708
1,0.29757606983184814,1766753963033
1,0.15716741979122162,1766753963349
1,0.21239227056503296,1766753963670
1,0.11379000544548035,1766753963990
1,0.05652283877134323,1766753964310
1,0.5163720846176147,1766753964643
1,0.1901979148387909,1766753964971
1,0.3764627277851105,1766753965292
1,0.20696064829826355,1766753965619
1,0.3575737178325653,1766753965960
1,0.17160232365131378,1766753966303
1,0.08574511110782623,1766753966633
1,0.16551974415779114,1766753966969
1,0.40511029958724976,1766753967298
1,0.28841185569763184,1766753967634
1,0.25596094131469727,1766753967964
1,0.06196949630975723,1766753968287
1,0.3023301064968109,1766753968612
1,0.24800507724285126,1766753968938
1,0.19178012013435364,1766753969259
1,0.1383325457572937,1766753969580
1,0.2142232358455658,1766753969899
1,0.1391565203666687,1766753970214
1,0.1284494251012802,1766753970545
1,0.18204879760742188,1766753970867
1,0.37026727199554443,1766753971187
1,0.04036760702729225,1766753971509
1,0.38401973247528076,1766753971848
1,0.1837683618068695,1766753972172
1,0.17382872104644775,1766753972499
1,0.13923928141593933,1766753972831
1,0.6411207914352417,1766753973170
1,0.091051384806633,1766753973507
1,0.43035638332366943,1766753973830
1,0.1808542162179947,1766753974158
1,0.2060374915599823,1766753974486
1,0.3453181982040405,1766753974807
1,0.05056754872202873,1766753975126
1,0.06294534355401993,1766753975447
1,0.23317822813987732,1766753975768
1,0.3090355098247528,1766753976087
1,0.27661454677581787,1766753976415
1,0.21893824636936188,1766753976739
1,0.7473204135894775,1766753977061
1,0.16114802658557892,1766753977393
1,0.31287288665771484,1766753977744
1,0.4724732041358948,1766753978077
1,0.28797945380210876,1766753978419
1,0.1909172534942627,1766753978754
1,0.29960209131240845,1766753979089
1,0.17897799611091614,1766753979420
1,0.2972598969936371,1766753979748
1,0.24489280581474304,1766753980075
1,0.30458924174308777,1766753980401
1,0.26007968187332153,1766753980718
1,0.21134528517723083,1766753981037
1,0.21108146011829376,1766753981364
1,0.3925614356994629,1766753981686
1,0.18836863338947296,1766753982009
1,0.30568164587020874,1766753982347
1,0.309073805809021,1766753982671
1,0.24761676788330078,1766753982990
1,0.3668227791786194,1766753983325
1,0.2450805902481079,1766753983669
1,0.7347126007080078,1766753983994
1,0.31143632531166077,1766753984327
1,0.26042529940605164,1766753984661
1,0.33528387546539307,1766753985000
1,0.17943747341632843,1766753985331
1,0.17614863812923431,1766753985658
1,0.27741339802742004,1766753985986
1,0.3243420124053955,1766753986318
1,0.30616992712020874,1766753986639
1,0.22592198848724365,1766753986959
1,0.21660931408405304,1766753987287
1,0.1919730305671692,1766753987605
1,0.26560860872268677,1766753987934
1,0.10905721783638,1766753988279
1,0.24709004163742065,1766753988609
1,0.3294726610183716,1766753988941
1,0.42848485708236694,1766753989288
1,0.20259228348731995,1766753989617
1,0.1727057546377182,1766753989954
1,0.3423919677734375,1766753990290
1,0.47922462224960327,1766753990624
1,0.17762166261672974,1766753990961
1,0.1484394073486328,1766753991289
1,0.15798266232013702,1766753991616
1,0.0716240406036377,1766753991944
1,0.197809100151062,1766753992262
1,0.1560269445180893,1766753992584
1,0.13227324187755585,1766753992906
1,0.2026730179786682,1766753993226
1,0.2215210646390915,1766753993548
1,0.13143318891525269,1766753993890
1,0.5714967250823975,1766753994236
1,0.17788557708263397,1766753994564
1,0.282453715801239,1766753994903
1,0.2545315623283386,1766753995241
1,0.18169477581977844,1766753995568
1,0.4365646243095398,1766753995897
1,0.6552149057388306,1766753996230
1,0.09046024084091187,1766753996569
1,0.06678658723831177,1766753996901
1,0.14635734260082245,1766753997240
1,0.2798154950141907,1766753997567
1,0.2730310559272766,1766753997889
1,0.3292379677295685,1766753998209
1,0.16852577030658722,1766753998532
1,0.08612629771232605,1766753998852
1,0.2542533874511719,1766753999171
1,0.25090110301971436,1766753999495
1,0.36759042739868164,1766753999835
1,0.12891557812690735,1766754000163
1,0.1321784406900406,1766754000487
1,0.26619166135787964,1766754000833
1,0.3183490037918091,1766754001156
1,0.20615455508232117,1766754001487
1,0.424561083316803,1766754001817
1,0.45983096957206726,1766754002148
1,0.3709079623222351,1766754002482
1,0.2255612462759018,1766754002815
1,0.3321877717971802,1766754003138
1,0.3750104308128357,1766754003464
1,0.14196784794330597,1766754003785
1,0.3653857111930847,1766754004106
1,0.23008406162261963,1766754004423
1,0.17255975306034088,1766754004742
1,0.22103017568588257,1766754005063
1,0.2193644940853119,1766754005385
1,0.1728525608778,1766754005720
1,0.2694648504257202,1766754006048
1,0.515535831451416,1766754006388
1,0.3807360529899597,1766754006735
1,0.1739620417356491,1766754007073
1,0.1988571584224701,1766754007407
1,0.12659233808517456,1766754007743
1,0.26500067114830017,1766754008078
1,0.3882529139518738,1766754008414
1,0.18874230980873108,1766754008744
1,0.1726430058479309,1766754009069
1,0.33870410919189453,1766754009398
1,0.20783165097236633,1766754009717
1,0.44016069173812866,1766754010037
1,0.35048818588256836,1766754010357
1,0.30778396129608154,1766754010682
1,0.4252551794052124,1766754011006
1,0.3268365263938904,1766754011327
1,0.28130078315734863,1766754011666
1,0.42982378602027893,1766754011988
1,0.3585675060749054,1766754012323
1,0.4195338189601898,1766754012648
1,0.05663927271962166,1766754012974
1,0.2804287374019623,1766754013308
1,0.24782761931419373,1766754013644
1,0.07234426587820053,1766754013979
1,0.17522694170475006,1766754014319
1,0.23755060136318207,1766754014644
1,0.29310786724090576,1766754014970
1,0.4406419098377228,1766754015292
1,0.7712634205818176,1766754015608
1,0.5421115159988403,1766754015926
1,0.0606340728700161,1766754016247
1,0.28356635570526123,1766754016572
1,0.18897075951099396,1766754016893
1,0.16023477911949158,1766754017228
1,0.04454068839550018,1766754017576
1,0.14591822028160095,1766754017913
1,0.3714402914047241,1766754018274
1,0.2121654748916626,1766754018604
1,0.3582465648651123,1766754018939
1,0.6206960082054138,1766754019269
1,0.36099785566329956,1766754019603
1,0.18881702423095703,1766754019929
1,0.3630356788635254,1766754020261
1,0.11939502507448196,1766754020584
1,0.5711262226104736,1766754020909
1,0.1796570122241974,1766754021226
1,0.49201086163520813,1766754021546
1,0.23603135347366333,1766754021869
1,0.22477734088897705,1766754022191
1,0.3540610074996948,1766754022515
1,0.4699499011039734,1766754022834
1,0.20281982421875,1766754023176
1,0.14913737773895264,1766754023516
1,0.27832597494125366,1766754023855
1,0.31800326704978943,1766754024188
1,0.13121484220027924,1766754024516
1,0.3694913983345032,1766754024848
1,0.1554393470287323,1766754025182
1,0.18506582081317902,1766754025517
1,0.17576377093791962,1766754025854
1,0.14424385130405426,1766754026186
1,0.22725605964660645,1766754026512
1,0.1393764466047287,1766754026837
1,0.2979477643966675,1766754027153
1,0.3301836848258972,1766754027470
1,0.24629606306552887,1766754027797
1,0.498402863740921,1766754028117
1,0.12136517465114594,1766754028443
1,0.21468743681907654,1766754028767
1,0.11202578991651535,1766754029103
1,0.22774668037891388,1766754029439
1,0.2558203935623169,1766754029787
1,0.1300240159034729,1766754030116
1,0.23167717456817627,1766754030448
1,1.039450764656067,1766754030781
1,0.1678641438484192,1766754031122
1,0.14237795770168304,1766754031459
1,0.3482019305229187,1766754031793
1,0.3045636713504791,1766754032128
1,0.36100125312805176,1766754032452
1,0.31213581562042236,1766754032771
1,0.2996494770050049,1766754033087
1,0.4535263776779175,1766754033408
1,0.2510302662849426,1766754033731
1,0.10089375078678131,1766754034053
1,0.16400471329689026,1766754034376
1,0.6799063682556152,1766754034697
1,0.36620715260505676,1766754035031
1,0.4566355049610138,1766754035367
1,0.17659349739551544,1766754035699
1,0.2029137909412384,1766754036027
1,0.19742722809314728,1766754036363
1,0.17190012335777283,1766754036692
1,0.25826212763786316,1766754037029
1,0.13286125659942627,1766754037357
1,0.3060383200645447,1766754037688
1,0.5718539953231812,1766754038020
1,0.2272924780845642,1766754038344
1,0.13328130543231964,1766754038660
1,0.29015445709228516,1766754038977
1,0.31652554869651794,1766754039290
2,0.291849821805954,1766754039539
2,0.148726686835289,1766754039859
2,0.07589582353830338,1766754040178
2,0.3797774612903595,1766754040497
2,0.29380476474761963,1766754040833
2,0.25088831782341003,1766754041176
2,0.13319997489452362,1766754041506
2,0.21229322254657745,1766754041830
2,0.340645432472229,1766754042162
2,0.20177200436592102,1766754042493
2,0.14309364557266235,1766754042834
2,0.1706351339817047,1766754043172
2,0.1467619091272354,1766754043506
2,0.33930808305740356,1766754043842
2,0.30622196197509766,1766754044167
2,0.08087784051895142,1766754044485
2,0.10430564731359482,1766754044806
2,0.10255323350429535,1766754045125
2,0.17657314240932465,1766754045445
2,0.32862621545791626,1766754045770
2,0.2216765135526657,1766754046092
2,0.18144100904464722,1766754046415
2,0.3140524625778198,1766754046751
2,0.18716228008270264,1766754047095
2,0.3002839684486389,1766754047416
2,0.20384830236434937,1766754047745
2,0.17573437094688416,1766754048076
2,0.28699955344200134,1766754048409
2,0.3887009620666504,1766754048745
2,0.338890016078949,1766754049078
2,0.04256971552968025,1766754049411
2,0.332749605178833,1766754049741
2,0.24833157658576965,1766754050060
2,0.052014339715242386,1766754050380
2,0.1939961016178131,1766754050697
2,0.052983228117227554,1766754051013
2,0.10427643358707428,1766754051334
2,0.515624463558197,1766754051658
2,0.1367526352405548,1766754051984
2,0.42141664028167725,1766754052304
2,0.08351172506809235,1766754052659
2,0.11195817589759827,1766754052996
2,0.07402105629444122,1766754053325
2,0.1868399679660797,1766754053658
2,0.12826389074325562,1766754053991
2,0.5134971141815186,1766754054326
2,0.30971837043762207,1766754054659
2,0.09769047051668167,1766754054991
2,0.19927604496479034,1766754055325
2,0.11659353971481323,1766754055652
2,0.30064481496810913,1766754055971
2,0.06751525402069092,1766754056291
2,0.3450300097465515,1766754056605
2,0.1622292697429657,1766754056927
2,0.061891499906778336,1766754057251
2,0.15729692578315735,1766754057577
2,0.13414642214775085,1766754057899
2,0.41636359691619873,1766754058232
2,0.17457562685012817,1766754058614
2,0.4536485970020294,1766754058940
2,0.3146648406982422,1766754059266
2,0.20855161547660828,1766754059598
2,0.06963136792182922,1766754059935
2,0.20314404368400574,1766754060270
2,0.19405128061771393,1766754060603
2,0.20882976055145264,1766754060934
2,0.2176322340965271,1766754061272
2,0.43557271361351013,1766754061589
2,0.09351843595504761,1766754061908
2,0.3058748245239258,1766754062228
2,0.09537836909294128,1766754062544
2,0.3253019452095032,1766754062865
2,0.11043207347393036,1766754063189
2,0.16532599925994873,1766754063510
2,0.16688206791877747,1766754063832
2,0.22481012344360352,1766754064184
2,0.2007809281349182,1766754064546
2,0.29512324929237366,1766754064871
2,0.5611210465431213,1766754065204
2,0.1479683369398117,1766754065535
2,0.13694266974925995,1766754065874
2,0.15716759860515594,1766754066205
2,0.10820431262254715,1766754066534
2,0.27638164162635803,1766754066869
2,0.3064334988594055,1766754067205
2,0.38389909267425537,1766754067520
2,0.18128713965415955,1766754067841
2,0.22478178143501282,1766754068163
2,0.14175789058208466,1766754068482
2,0.3332318365573883,1766754068805
2,0.17795270681381226,1766754069123
2,0.0688035637140274,1766754069446
2,0.3194662928581238,1766754069770
2,0.30637723207473755,1766754070113
2,0.25579071044921875,1766754070448
2,0.22255206108093262,1766754070771
2,0.17570817470550537,1766754071106
2,0.06550680100917816,1766754071439
2,0.06996729224920273,1766754071778
2,0.15343508124351501,1766754072116
2,0.16255390644073486,1766754072445
2,0.26232320070266724,1766754072782
2,0.15076160430908203,1766754073109
2,0.5260458588600159,1766754073426
2,0.2748320400714874,1766754073744
2,0.2667536735534668,1766754074063
2,0.06265649199485779,1766754074381
2,0.12072315812110901,1766754074703
2,0.17493395507335663,1766754075024
2,0.16953778266906738,1766754075347
2,0.3328627943992615,1766754075677
2,0.25075364112854004,1766754076044
2,0.16232800483703613,1766754076370
2,0.14903435111045837,1766754076701
2,0.2974042594432831,1766754077031
2,0.4909321069717407,1766754077368
2,0.18427887558937073,1766754077703
2,0.42085522413253784,1766754078030
2,0.25635844469070435,1766754078361
2,0.16361132264137268,1766754078695
2,0.08749121427536011,1766754079015
2,0.20121309161186218,1766754079330
2,0.6073772311210632,1766754079648
2,0.12816566228866577,1766754079973
2,0.21311144530773163,1766754080299
2,0.34899449348449707,1766754080622
2,0.14236056804656982,1766754080946
2,0.05406975373625755,1766754081270
2,0.20409724116325378,1766754081612
2,0.24436236917972565,1766754081968
2,0.2875298261642456,1766754082293
2,0.13330364227294922,1766754082624
2,0.3549000024795532,1766754082952
2,0.1846715807914734,1766754083284
2,0.31034690141677856,1766754083624
2,0.09178661555051804,1766754083955
2,0.396385133266449,1766754084289
2,0.14569851756095886,1766754084622
2,0.06072445586323738,1766754084941
2,0.18407844007015228,1766754085257
2,0.3004821836948395,1766754085579
2,0.14052069187164307,1766754085899
2,0.29350903630256653,1766754086223
2,0.19366632401943207,1766754086552
2,0.3097396492958069,1766754086876
2,0.2861650288105011,1766754087204
2,0.3060271143913269,1766754087570
2,0.4294716715812683,1766754087910
2,0.18207597732543945,1766754088243
2,0.17614254355430603,1766754088575
2,0.1850167214870453,1766754088909
2,0.2866399884223938,1766754089241
2,0.2837667763233185,1766754089576
2,0.2984151840209961,1766754089908
2,0.03936024755239487,1766754090240
2,0.1406913548707962,1766754090566
2,0.1731262058019638,1766754090887
2,0.20390795171260834,1766754091201
2,0.18201598525047302,1766754091518
2,0.24911357462406158,1766754091836
2,0.25683027505874634,1766754092157
2,0.08061819523572922,1766754092479
2,0.33857402205467224,1766754092802
2,0.16230414807796478,1766754093133
2,0.2597431540489197,1766754093486
2,0.1752888262271881,1766754093816
2,0.14838345348834991,1766754094142
2,0.1576777845621109,1766754094471
2,0.07253261655569077,1766754094807
2,0.15803031623363495,1766754095144
2,0.3292009234428406,1766754095476
2,0.28196483850479126,1766754095809
2,0.22162768244743347,1766754096143
2,0.11031081527471542,1766754096472
2,0.34263554215431213,1766754096792
2,0.2652561068534851,1766754097114
2,0.2690869867801666,1766754097435
2,0.20871686935424805,1766754097754
2,0.28672975301742554,1766754098073
2,0.18887680768966675,1766754098399
2,0.14153704047203064,1766754098720
2,0.22596995532512665,1766754099058
2,0.07509534806013107,1766754099387
2,0.24592679738998413,1766754099712
2,0.28524816036224365,1766754100041
2,0.28568771481513977,1766754100374
2,0.3394385576248169,1766754100708
2,0.12236221134662628,1766754101045
2,0.031011631712317467,1766754101377
2,0.15390832722187042,1766754101714
2,0.28500235080718994,1766754102040
2,0.10778133571147919,1766754102361
2,0.05451960861682892,1766754102679
2,0.3297727406024933,1766754102998
2,0.6419137120246887,1766754103318
2,0.25932765007019043,1766754103640
2,0.21344813704490662,1766754103962
2,0.2079991102218628,1766754104288
2,0.4297219514846802,1766754104629
2,0.1982475370168686,1766754104969
2,0.21870356798171997,1766754105317
2,0.22984381020069122,1766754105640
2,0.2227759063243866,1766754105968
2,0.45958957076072693,1766754106300
2,0.6168745756149292,1766754106640
2,0.17688915133476257,1766754106972
2,0.19832828640937805,1766754107306
2,0.2656194269657135,1766754107640
2,0.08194248378276825,1766754107965
2,0.28640633821487427,1766754108282
2,0.35738950967788696,1766754108602
2,0.23598170280456543,1766754108919
2,0.266043484210968,1766754109240
2,0.3215065896511078,1766754109559
2,0.37924420833587646,1766754109882
2,0.4437205195426941,1766754110210
2,0.4917336106300354,1766754110550
2,0.3465517461299896,1766754110885
2,0.306794136762619,1766754111243
2,0.20144015550613403,1766754111575
2,0.11443974077701569,1766754111910
2,0.23017734289169312,1766754112247
2,0.16320203244686127,1766754112581
2,0.18622209131717682,1766754112919
2,0.3661021292209625,1766754113254
2,0.20801854133605957,1766754113578
2,0.2603815197944641,1766754113901
2,0.25900882482528687,1766754114220
2,0.11487624049186707,1766754114540
2,0.16337941586971283,1766754114858
2,0.6714739799499512,1766754115178
2,0.18808481097221375,1766754115503
2,0.10740246623754501,1766754115825
2,0.30687370896339417,1766754116170
2,0.23337259888648987,1766754116512
2,0.16481073200702667,1766754116851
2,0.2759532928466797,1766754117199
2,0.2958340048789978,1766754117530
2,0.3909977972507477,1766754117865
2,0.21745724976062775,1766754118198
2,0.21469825506210327,1766754118536
2,0.28269556164741516,1766754118875
2,0.23485583066940308,1766754119211
2,0.10760016739368439,1766754119536
2,0.18935611844062805,1766754119862
2,0.25797516107559204,1766754120178
2,0.16897693276405334,1766754120493
2,0.25643256306648254,1766754120812
2,0.147145077586174,1766754121138
2,0.21797223389148712,1766754121460
2,0.41938626766204834,1766754121780
2,0.12422503530979156,1766754122116
2,0.214002326130867,1766754122434
2,0.11068873107433319,1766754122773
2,0.21816444396972656,1766754123100
2,0.13639001548290253,1766754123428
2,0.29305461049079895,1766754123761
2,0.2726207971572876,1766754124092
2,0.31166523694992065,1766754124423
2,0.17658329010009766,1766754124758
2,0.17211604118347168,1766754125081
2,0.12353619188070297,1766754125404
2,0.24237267673015594,1766754125730
2,0.15935298800468445,1766754126051
2,0.28742703795433044,1766754126374
2,0.01491580531001091,1766754126696
2,0.12736104428768158,1766754127016
2,0.03327075392007828,1766754127339
2,0.4337919354438782,1766754127673
2,0.24712876975536346,1766754128009
2,0.21529173851013184,1766754128336
2,0.1463872641324997,1766754128681
2,0.3705185651779175,1766754129010
2,0.46479251980781555,1766754129345
2,0.3141655921936035,1766754129678
2,0.20808309316635132,1766754130015
2,0.08879242092370987,1766754130351
2,0.09281033277511597,1766754130684
2,0.25924932956695557,1766754131006
2,0.45571696758270264,1766754131334
2,0.17481078207492828,1766754131659
2,0.44657206535339355,1766754131977
2,0.2528095245361328,1766754132295
2,0.30025404691696167,1766754132614
2,0.08014913648366928,1766754132933
2,0.25036850571632385,1766754133253
2,0.2620730698108673,1766754133587
2,0.2709965705871582,1766754133921
2,0.10688221454620361,1766754134249
2,0.12180104851722717,1766754134602
2,0.30445584654808044,1766754134932
2,0.32553988695144653,1766754135276
2,0.5901004672050476,1766754135608
2,0.2633150815963745,1766754135941
2,0.16224168241024017,1766754136278
2,0.3473373055458069,1766754136606
2,0.15457306802272797,1766754136932
2,0.3976200222969055,1766754137258
2,0.11255842447280884,1766754137579
2,0.2664271295070648,1766754137896
2,0.536279559135437,1766754138213
2,0.1791321039199829,1766754138544
2,0.1663256585597992,1766754138864
2,0.432902991771698,1766754139201
2,0.4662649631500244,1766754139542
2,0.21243733167648315,1766754139867
2,0.28115496039390564,1766754140214
2,0.13250353932380676,1766754140562
2,0.11987456679344177,1766754140893
2,0.2694995403289795,1766754141223
2,0.09389467537403107,1766754141556
2,0.08703897148370743,1766754141891
2,0.5140804052352905,1766754142226
2,0.26134786009788513,1766754142550
2,0.5629395246505737,1766754142876
2,0.204818457365036,1766754143201
2,0.2721463143825531,1766754143519
2,0.255377858877182,1766754143839
2,0.2807788848876953,1766754144160
2,0.26408278942108154,1766754144481
2,0.34185823798179626,1766754144805
2,0.07202479988336563,1766754145136
2,0.16592979431152344,1766754145471
2,0.14301113784313202,1766754145798
2,0.24233390390872955,1766754146138
2,0.11113359034061432,1766754146470
2,0.0546334870159626,1766754146803
2,0.20091989636421204,1766754147131
2,0.38703906536102295,1766754147466
2,0.3696485161781311,1766754147801
2,0.17897585034370422,1766754148135
2,0.12416532635688782,1766754148460
2,0.23536837100982666,1766754148787
2,0.2586064636707306,1766754149113
2,0.2155349850654602,1766754149433
2,0.10137225687503815,1766754149760
2,0.3526687026023865,1766754150082
2,0.20225901901721954,1766754150404
2,0.11787295341491699,1766754150727
2,0.20185409486293793,1766754151076
2,0.19956068694591522,1766754151407
2,0.23511368036270142,1766754151739
2,0.6905087828636169,1766754152086
2,0.26965224742889404,1766754152414
2,0.1655011922121048,1766754152743
2,0.38390234112739563,1766754153074
2,0.2066301852464676,1766754153412
2,0.1135215163230896,1766754153745
2,0.3863734006881714,1766754154072
2,0.19438612461090088,1766754154398
2,0.23261293768882751,1766754154721
2,0.3753368556499481,1766754155041
2,0.21716928482055664,1766754155363
2,0.12416060268878937,1766754155685
2,0.1398729681968689,1766754156007
2,0.15748220682144165,1766754156326
2,0.4004082679748535,1766754156663
2,0.13911280035972595,1766754157004
2,0.2589312195777893,1766754157326
2,0.4004506468772888,1766754157659
2,0.19144557416439056,1766754158011
2,0.11364525556564331,1766754158345
2,0.31033170223236084,1766754158682
2,0.4745275676250458,1766754159010
2,0.48476505279541016,1766754159342
2,0.28280919790267944,1766754159673
2,0.38314276933670044,1766754159999
2,0.24553729593753815,1766754160323
2,0.11619511246681213,1766754160645
2,0.17861315608024597,1766754160963
2,0.13381031155586243,1766754161283
2,0.21849939227104187,1766754161607
2,0.09424865245819092,1766754161923
2,0.21615657210350037,1766754162247
2,0.25985342264175415,1766754162592
2,0.4614552855491638,1766754162913
2,0.09963144361972809,1766754163239
2,0.22144681215286255,1766754163586
2,0.07474720478057861,1766754163943
2,0.3835303783416748,1766754164276
2,0.33566272258758545,1766754164608
2,0.2011120319366455,1766754164937
2,0.23254530131816864,1766754165271
2,0.33641237020492554,1766754165599
2,0.15908145904541016,1766754165926
2,0.3118695020675659,1766754166250
2,0.08329950273036957,1766754166574
2,0.17083215713500977,1766754166894
2,0.3544601798057556,1766754167217
2,0.07721415162086487,1766754167537
2,0.22728335857391357,1766754167859
2,0.3694644570350647,1766754168197
2,0.20655183494091034,1766754168529
2,0.11029259115457535,1766754168849
2,0.07447397708892822,1766754169176
2,0.20667526125907898,1766754169518
2,0.1565474271774292,1766754169861
2,0.2641018033027649,1766754170194
2,0.1428203582763672,1766754170528
2,0.09766533225774765,1766754170860
2,0.49562978744506836,1766754171193
2,0.3048745393753052,1766754171518
2,0.2550813853740692,1766754171838
2,0.12634800374507904,1766754172160
2,0.11033995449542999,1766754172485
2,0.20620229840278625,1766754172803
2,0.2963067889213562,1766754173128
2,0.1938048005104065,1766754173451
2,0.1573334038257599,1766754173770
2,0.5322476029396057,1766754174111
2,0.1698371171951294,1766754174432
2,0.3777427673339844,1766754174752
2,0.25726354122161865,1766754175078
2,0.3087880611419678,1766754175419
2,0.22053486108779907,1766754175747
2,0.3503253757953644,1766754176070
2,0.16458746790885925,1766754176403
2,0.2799159586429596,1766754176735
2,0.16311052441596985,1766754177061
2,0.2684236764907837,1766754177388
2,0.22236880660057068,1766754177714
2,0.1913287341594696,1766754178039
2,0.3357846140861511,1766754178362
2,0.19797107577323914,1766754178689
2,0.14077407121658325,1766754179010
2,0.1698409467935562,1766754179327
2,0.1441294103860855,1766754179665
2,0.31594812870025635,1766754180002
2,0.255449116230011,1766754180325
2,0.016757594421505928,1766754180651
2,0.2012757509946823,1766754180976
2,0.1428268998861313,1766754181320
2,0.25036314129829407,1766754181647
2,0.08558199554681778,1766754181972
2,0.49277377128601074,1766754182308
2,0.32830750942230225,1766754182647
2,0.18355226516723633,1766754182972
2,0.162237748503685,1766754183298
2,0.19688045978546143,1766754183621
2,0.19731543958187103,1766754183946
2,0.1774226725101471,1766754184267
2,0.07047310471534729,1766754184588
2,0.16052162647247314,1766754184910
2,0.12000435590744019,1766754185231
2,0.2152261883020401,1766754185561
2,0.3565104305744171,1766754185887
2,0.13492527604103088,1766754186214
2,0.23441675305366516,1766754186544
2,0.3388908803462982,1766754186878
2,0.38934326171875,1766754187228
2,0.29380953311920166,1766754187559
2,0.5558416843414307,1766754187889
2,0.13088837265968323,1766754188223
2,0.15648271143436432,1766754188557
2,0.040307074785232544,1766754188882
2,0.12053562700748444,1766754189209
2,0.24705266952514648,1766754189533
2,0.23519128561019897,1766754189858
2,0.12539316713809967,1766754190178
2,0.26032593846321106,1766754190495
2,0.15403485298156738,1766754190820
2,0.26665282249450684,1766754191145
2,0.08897881209850311,1766754191488
2,0.21106097102165222,1766754191814
2,0.12575486302375793,1766754192138
2,0.16837939620018005,1766754192468
2,0.2646913528442383,1766754192809
2,0.39232921600341797,1766754193162
2,0.21113014221191406,1766754193493
2,0.328753262758255,1766754193828
2,0.23058021068572998,1766754194159
2,0.245920792222023,1766754194485
2,0.10962571203708649,1766754194810
2,0.21627548336982727,1766754195135
2,0.24112296104431152,1766754195461
2,0.32886892557144165,1766754195786
2,0.1837473064661026,1766754196105
2,0.20081934332847595,1766754196425
2,0.36201971769332886,1766754196746
2,0.19711074233055115,1766754197077
2,0.23584774136543274,1766754197413
2,0.10537370294332504,1766754197737
2,0.06471070647239685,1766754198062
2,0.17575299739837646,1766754198387
2,0.19405189156532288,1766754198736
2,0.5226527452468872,1766754199087
2,0.08203215897083282,1766754199416
2,0.14713013172149658,1766754199749
2,0.08282463997602463,1766754200081
2,0.26595619320869446,1766754200408
2,0.2878795564174652,1766754200732
2,0.27686503529548645,1766754201058
2,0.1937258094549179,1766754201383
2,0.27175313234329224,1766754201711
2,0.533180832862854,1766754202035
2,0.20274955034255981,1766754202360
2,0.15852493047714233,1766754202689
2,0.2516562342643738,1766754203033
2,0.20570747554302216,1766754203360
2,0.24082282185554504,1766754203683
2,0.10486085712909698,1766754204008
2,0.07772171497344971,1766754204339
2,0.15351897478103638,1766754204677
2,0.3661675453186035,1766754205007
2,0.17040002346038818,1766754205334
2,0.41359925270080566,1766754205667
2,0.31933271884918213,1766754205992
2,0.4204982817173004,1766754206316
2,0.13965629041194916,1766754206644
2,0.19018703699111938,1766754206969
2,0.3311728537082672,1766754207292
2,0.5228359699249268,1766754207618
2,0.0728834941983223,1766754207939
2,0.20650623738765717,1766754208260
2,0.13476520776748657,1766754208592
2,0.1024148017168045,1766754208927
2,0.5140921473503113,1766754209248
2,0.19659575819969177,1766754209574
2,0.28924301266670227,1766754209901
2,0.1182965636253357,1766754210229
2,0.4217863082885742,1766754210574
2,0.2846699357032776,1766754210897
2,0.18548989295959473,1766754211225
2,0.219804584980011,1766754211566
2,0.2682090699672699,1766754211891
2,0.348053514957428,1766754212219
2,0.14365997910499573,1766754212544
2,0.65910804271698,1766754212870
2,0.10619309544563293,1766754213199
2,0.32010388374328613,1766754213528
2,0.23843184113502502,1766754213848
2,0.28793057799339294,1766754214168
2,0.12614849209785461,1766754214502
2,0.050753653049468994,1766754214821
2,0.359552800655365,1766754215144
2,0.2750786542892456,1766754215476
2,0.3730182647705078,1766754215805
2,0.2037111520767212,1766754216140
2,0.5529294013977051,1766754216488
2,0.2315129041671753,1766754216813
2,0.2772802412509918,1766754217146
2,0.13592876493930817,1766754217468
2,0.5550816059112549,1766754217789
2,0.16947267949581146,1766754218114
2,0.15912698209285736,1766754218438
2,0.23870837688446045,1766754218762
2,0.23585039377212524,1766754219093
2,0.2470250129699707,1766754219416
2,0.0646287277340889,1766754219732
2,0.16312965750694275,1766754220070
2,0.5978424549102783,1766754220405
2,0.2009369432926178,1766754220728
2,0.07142862677574158,1766754221058
2,0.12838676571846008,1766754221389
2,0.3174755275249481,1766754221718
2,0.25788813829421997,1766754222061
2,0.18820443749427795,1766754222409
2,0.5331964492797852,1766754222742
2,0.2432781457901001,1766754223078
2,0.2142428755760193,1766754223400
2,0.13936306536197662,1766754223723
2,0.0798669159412384,1766754224048
2,0.17849144339561462,1766754224372
2,0.15812712907791138,1766754224697
2,0.3222614526748657,1766754225020
2,0.13547660410404205,1766754225337
2,0.3483400344848633,1766754225658
2,0.04811585694551468,1766754225985
2,0.3401281535625458,1766754226304
2,0.17404256761074066,1766754226623
2,0.15644946694374084,1766754226951
2,0.37482431530952454,1766754227279
2,0.6753336191177368,1766754227608
2,0.17441332340240479,1766754227955
2,0.45010197162628174,1766754228307
2,0.2535984516143799,1766754228636
2,0.16287431120872498,1766754228963
2,0.236250102519989,1766754229287
2,0.28675830364227295,1766754229610
2,0.18194228410720825,1766754229935
2,0.19687768816947937,1766754230258
2,0.29218825697898865,1766754230586
2,0.3736819624900818,1766754230921
2,0.196874737739563,1766754231239
2,0.3126402199268341,1766754231571
2,0.38659679889678955,1766754231912
2,0.44039782881736755,1766754232232
2,0.329409658908844,1766754232562
2,0.2067277580499649,1766754232886
2,0.14545489847660065,1766754233215
2,0.7151575684547424,1766754233542
2,0.14428669214248657,1766754233879
2,0.3647744655609131,1766754234220
2,0.07317446917295456,1766754234547
2,0.25626206398010254,1766754234871
2,0.2566869258880615,1766754235194
2,0.16118483245372772,1766754235519
2,0.4947749078273773,1766754235843
2,0.23884302377700806,1766754236172
2,0.1597190797328949,1766754236499
2,0.10051389038562775,1766754236826
2,0.09919131547212601,1766754237147
2,0.19797204434871674,1766754237483
2,0.5051526427268982,1766754237811
2,0.345253586769104,1766754238131
2,0.38141244649887085,1766754238456
2,0.24614837765693665,1766754238784
2,0.3460271954536438,1766754239112
2,0.18872107565402985,1766754239436
2,0.4647139012813568,1766754239779
2,0.26254943013191223,1766754240112
2,0.27706795930862427,1766754240440
2,0.3133319616317749,1766754240761
2,0.2953947186470032,1766754241088
2,0.2645811438560486,1766754241413
2,0.3146709203720093,1766754241738
2,0.3255203366279602,1766754242064
2,0.2947532832622528,1766754242393
2,0.0703495517373085,1766754242725
2,0.3062378168106079,1766754243042
2,0.4353885352611542,1766754243381
2,0.37499701976776123,1766754243702
2,0.2410728931427002,1766754244025
2,0.27496838569641113,1766754244356
2,0.6444222927093506,1766754244689
2,0.10383941233158112,1766754245020
2,0.19497907161712646,1766754245343
2,0.2598702311515808,1766754245688
2,0.13670705258846283,1766754246019
2,0.1394713968038559,1766754246337
2,0.12844669818878174,1766754246661
2,0.41804492473602295,1766754246984
2,0.10920073837041855,1766754247312
2,0.3774418532848358,1766754247634
2,0.44420284032821655,1766754247958
2,0.5540348887443542,1766754248287
2,0.20705899596214294,1766754248616
2,0.3276398181915283,1766754248953
2,0.14375638961791992,1766754249295
2,0.28060382604599,1766754249620
2,0.3241955637931824,1766754249945
2,0.18077780306339264,1766754250273
2,0.10032573342323303,1766754250608
2,0.15072619915008545,1766754250938
2,0.18652060627937317,1766754251268
2,0.5866351127624512,1766754251621
2,0.28190916776657104,1766754251950
2,0.29466333985328674,1766754252273
2,0.2458760142326355,1766754252596
2,0.24006488919258118,1766754252921
2,0.11647158861160278,1766754253248
2,0.2219460904598236,1766754253574
2,0.1345585286617279,1766754253898
2,0.20876464247703552,1766754254224
2,0.2756383717060089,1766754254546
2,0.32835233211517334,1766754254882
2,0.3022840619087219,1766754255201
2,0.21884316205978394,1766754255523
2,0.19494588673114777,1766754255846
2,0.1833460032939911,1766754256172
2,0.03403159976005554,1766754256503
2,0.2666162848472595,1766754256831
2,0.27960360050201416,1766754257167
2,0.12301276624202728,1766754257526
2,0.14111152291297913,1766754257852
2,0.0023651609662920237,1766754258176
2,0.2610713839530945,1766754258500
2,0.08537492156028748,1766754258824
2,0.30280789732933044,1766754259150
2,0.30773812532424927,1766754259475
2,0.10039230436086655,1766754259806
2,0.12551508843898773,1766754260133
2,0.09268626570701599,1766754260467
2,0.07940079271793365,1766754260805
2,0.1445384919643402,1766754261128
2,0.17072808742523193,1766754261455
2,0.05988016352057457,1766754261779
2,0.08823680877685547,1766754262107
2,0.21030987799167633,1766754262437
2,0.26242655515670776,1766754262764
2,0.15130355954170227,1766754263108
2,0.13029630482196808,1766754263454
2,0.15678299963474274,1766754263770
2,0.1109405979514122,1766754264093
2,0.07579242438077927,1766754264415
2,0.43006736040115356,1766754264738
2,0.15407219529151917,1766754265066
2,0.21322833001613617,1766754265394
2,0.47339439392089844,1766754265722
2,0.2296191304922104,1766754266050
2,0.19398027658462524,1766754266377
2,0.12101827561855316,1766754266695
2,0.08114689588546753,1766754267013
2,0.45037540793418884,1766754267337
2,0.1876005232334137,1766754267661
2,0.09173950552940369,1766754267989
2,0.2614660859107971,1766754268322
2,0.06490103155374527,1766754268648
2,0.18873649835586548,1766754268987
2,0.2366637885570526,1766754269331
2,0.13178963959217072,1766754269647
2,0.1572023630142212,1766754269968
2,0.4661584496498108,1766754270291
2,0.03708852827548981,1766754270618
2,0.2342769205570221,1766754270944
2,0.21623477339744568,1766754271275
2,0.09022312611341476,1766754271604
2,0.27675896883010864,1766754271940
2,0.22224393486976624,1766754272280
2,0.2312660664319992,1766754272603
2,0.08705486357212067,1766754272935
2,0.3412435054779053,1766754273263
2,0.20180603861808777,1766754273589
2,0.08180223405361176,1766754273918
2,0.3771365284919739,1766754274245
2,0.15138334035873413,1766754274571
2,0.30962935090065,1766754274910
2,0.22735583782196045,1766754275228
2,0.24130327999591827,1766754275546
2,0.2422512322664261,1766754275869
2,0.13895730674266815,1766754276189
2,0.11110948026180267,1766754276517
2,0.24482792615890503,1766754276844
2,0.13272958993911743,1766754277173
2,0.13212963938713074,1766754277498
2,0.21903562545776367,1766754277838
2,0.1297510713338852,1766754278174
2,0.002044093795120716,1766754278490
2,0.031033264473080635,1766754278817
2,0.13721446692943573,1766754279144
2,0.20997518301010132,1766754279475
2,0.043662384152412415,1766754279800
2,0.19401761889457703,1766754280127
2,0.12871822714805603,1766754280457
2,0.24354584515094757,1766754280800
2,0.369001567363739,1766754281120
2,0.10676595568656921,1766754281441
2,0.23414739966392517,1766754281766
2,0.1775800883769989,1766754282087
2,0.1803692877292633,1766754282412
2,0.1993597447872162,1766754282741
2,0.09329535067081451,1766754283066
2,0.12284500151872635,1766754283390
2,0.5232175588607788,1766754283736
2,0.16515444219112396,1766754284055
2,0.14530284702777863,1766754284371
2,0.08800436556339264,1766754284693
2,0.23684972524642944,1766754285018
2,0.13856151700019836,1766754285346
2,0.090484119951725,1766754285679
2,0.23192259669303894,1766754286004
2,0.2146555781364441,1766754286332
2,0.1793428659439087,1766754286671
2,0.10298770666122437,1766754286990
2,0.1341431885957718,1766754287310
2,0.3365200161933899,1766754287636
2,0.07709139585494995,1766754287962
2,0.17266148328781128,1766754288289
2,0.2970457971096039,1766754288624
2,0.2006889432668686,1766754288950
2,0.15799090266227722,1766754289290
2,0.4465232193470001,1766754289636
2,0.29946666955947876,1766754289960
2,0.21401426196098328,1766754290283
2,0.09001217037439346,1766754290604
2,0.4110134541988373,1766754290933
2,0.03739234805107117,1766754291260
2,0.06751162558794022,1766754291586
2,0.25405997037887573,1766754291914
2,0.18430586159229279,1766754292250
2,0.0364813469350338,1766754292595
2,0.27238696813583374,1766754292919
2,0.2277030050754547,1766754293244
2,0.18102775514125824,1766754293568
2,0.09727224707603455,1766754293901
2,0.1714569628238678,1766754294229
2,0.13596859574317932,1766754294554
2,0.2661598324775696,1766754294881
2,0.19605131447315216,1766754295219
2,0.5749300718307495,1766754295545
2,0.2031325101852417,1766754295864
2,0.24103306233882904,1766754296190
2,0.10340244323015213,1766754296514
2,0.0486808642745018,1766754296841
2,0.12211925536394119,1766754297170
2,0.2641605734825134,1766754297502
2,0.17733854055404663,1766754297830
2,0.43370532989501953,1766754298174
2,0.16506396234035492,1766754298519
2,0.12075775861740112,1766754298846
2,0.11585693061351776,1766754299169
2,0.28716251254081726,1766754299491
2,0.1279555857181549,1766754299821
2,0.13926304876804352,1766754300153
2,0.2809047996997833,1766754300480
2,0.3298876881599426,1766754300819
2,0.04745661839842796,1766754301173
2,0.4403735399246216,1766754301498
2,0.18296778202056885,1766754301821
2,0.15100951492786407,1766754302144
2,0.1689492166042328,1766754302472
2,0.2719355523586273,1766754302804
2,0.2249283790588379,1766754303131
2,0.09884767234325409,1766754303457
2,0.1833939105272293,1766754303786
2,0.334858775138855,1766754304119
2,0.22327126562595367,1766754304447
2,0.2271706908941269,1766754304769
2,0.4042999744415283,1766754305094
2,0.13966310024261475,1766754305419
2,0.1904803365468979,1766754305745
2,0.18418271839618683,1766754306070
2,0.4483151137828827,1766754306393
2,0.38344454765319824,1766754306734
2,0.46642452478408813,1766754307075
2,0.1793021708726883,1766754307393
2,0.10812807083129883,1766754307716
2,0.02004295215010643,1766754308040
2,0.1512305736541748,1766754308370
2,0.29765817523002625,1766754308698
2,0.2664065659046173,1766754309026
2,0.20102550089359283,1766754309352
2,0.4567400813102722,1766754309676
2,0.7218481302261353,1766754310007
2,0.11269980669021606,1766754310323
2,0.0902521014213562,1766754310644
2,0.16591548919677734,1766754310967
2,0.1543414443731308,1766754311293
2,0.11224114894866943,1766754311622
2,0.40220585465431213,1766754311951
2,0.1313122808933258,1766754312274
2,0.164008229970932,1766754312623
2,0.2133905291557312,1766754312949
2,0.0645197257399559,1766754313273
2,0.20169857144355774,1766754313594
2,0.13035883009433746,1766754313920
2,0.1544717252254486,1766754314245
2,0.4682696461677551,1766754314573
2,0.18653903901576996,1766754314898
2,0.3176824748516083,1766754315227
2,0.1147959977388382,1766754315547
2,0.2200406789779663,1766754315883
2,0.1742262840270996,1766754316200
2,0.20634551346302032,1766754316519
2,0.15412458777427673,1766754316844
2,0.24514836072921753,1766754317172
2,0.282688170671463,1766754317498
2,0.19724738597869873,1766754317833
2,0.2534571588039398,1766754318175
2,0.09521108120679855,1766754318519
2,0.3373734652996063,1766754318850
2,0.21676567196846008,1766754319173
2,0.38103121519088745,1766754319498
2,0.16153447329998016,1766754319824
2,0.12309494614601135,1766754320149
2,0.3726049065589905,1766754320476
2,0.08475956320762634,1766754320808
2,0.230636864900589,1766754321138
2,0.10979093611240387,1766754321465
2,0.07315977662801743,1766754321802
2,0.1413055807352066,1766754322118
2,0.25647079944610596,1766754322441
2,0.5562791228294373,1766754322769
2,0.17875109612941742,1766754323097
2,0.549430251121521,1766754323425
2,0.3691357970237732,1766754323748
2,0.252154678106308,1766754324082
2,0.12949156761169434,1766754324411
2,0.06051642820239067,1766754324732
2,0.19931244850158691,1766754325057
2,0.17470642924308777,1766754325384
2,0.21407471597194672,1766754325717
2,0.17629171907901764,1766754326041
2,0.05731174349784851,1766754326367
2,0.15419864654541016,1766754326702
2,0.08077088743448257,1766754327028
2,0.20211586356163025,1766754327355
2,0.30501800775527954,1766754327696
2,0.17152142524719238,1766754328018
2,0.2669118344783783,1766754328340
2,0.3302758038043976,1766754328664
2,0.26661190390586853,1766754328994
2,0.18882128596305847,1766754329324
2,0.0915602445602417,1766754329661
2,0.20675665140151978,1766754330012
2,0.09307453781366348,1766754330345
2,0.3422766625881195,1766754330672
2,0.17890454828739166,1766754330997
2,0.22617149353027344,1766754331323
2,0.26150190830230713,1766754331651
2,0.13668394088745117,1766754331979
2,0.05446397140622139,1766754332307
2,0.30256664752960205,1766754332632
2,0.08872653543949127,1766754332950
2,0.073824942111969,1766754333290
2,0.31274649500846863,1766754333620
2,0.29350244998931885,1766754333947
2,0.4906443953514099,1766754334277
2,0.008656157180666924,1766754334605
2,0.07712838053703308,1766754334930
2,0.1393597573041916,1766754335252
2,0.13679984211921692,1766754335592
2,0.218513622879982,1766754335926
2,0.1933513581752777,1766754336251
2,0.15512435138225555,1766754336575
2,0.0201466903090477,1766754336900
2,0.16422498226165771,1766754337227
2,0.06514309346675873,1766754337552
2,0.4418487548828125,1766754337882
2,0.09042000770568848,1766754338210
2,0.37017831206321716,1766754338537
2,0.1310259848833084,1766754338854
2,0.22602662444114685,1766754339184
2,0.16045981645584106,1766754339516
2,0.16361045837402344,1766754339836
2,0.40618568658828735,1766754340165
2,0.11947236955165863,1766754340490
2,0.495638906955719,1766754340817
2,0.15555685758590698,1766754341141
2,0.2537563443183899,1766754341491
2,0.322853684425354,1766754341815
2,0.12018593400716782,1766754342149
2,0.31596046686172485,1766754342472
2,0.06605445593595505,1766754342806
2,0.10409784317016602,1766754343133
2,0.07175187766551971,1766754343458
2,0.2715829908847809,1766754343786
2,0.22550880908966064,1766754344114
2,0.053967319428920746,1766754344433
2,0.18555216491222382,1766754344750
2,0.17530138790607452,1766754345082
2,0.1638317108154297,1766754345403
2,0.13886499404907227,1766754345725
2,0.1291264444589615,1766754346049
2,0.1199108213186264,1766754346374
2,0.298608660697937,1766754346701
2,0.2351738065481186,1766754347049
2,0.16013851761817932,1766754347396
3,0.2814379334449768,1766754347653
3,0.18897002935409546,1766754347990
3,0.08863934874534607,1766754348312
3,0.4618627727031708,1766754348636
3,0.3291409909725189,1766754348962
3,0.3290708661079407,1766754349285
3,0.22451886534690857,1766754349617
3,0.40732330083847046,1766754349945
3,0.6500256657600403,1766754350265
3,0.0870647057890892,1766754350584
3,0.12868553400039673,1766754350915
3,0.1625998318195343,1766754351243
3,0.21365240216255188,1766754351566
3,0.28933465480804443,1766754351891
3,0.026129262521862984,1766754352221
3,0.23648010194301605,1766754352547
3,0.0831705778837204,1766754352889
3,0.08897492289543152,1766754353229
3,0.12958931922912598,1766754353558
3,0.12072038650512695,1766754353891
3,0.18988960981369019,1766754354216
3,0.05247960984706879,1766754354545
3,0.32285982370376587,1766754354868
3,0.5208781957626343,1766754355191
3,0.10158666223287582,1766754355519
3,0.19545041024684906,1766754355851
3,0.1639653891324997,1766754356171
3,0.3960059881210327,1766754356488
3,0.04455175995826721,1766754356816
3,0.0830022469162941,1766754357139
3,0.04346467927098274,1766754357463
3,0.17789149284362793,1766754357789
3,0.29213860630989075,1766754358119
3,0.32995593547821045,1766754358446
3,0.17593848705291748,1766754358797
3,0.10919104516506195,1766754359122
3,0.24580273032188416,1766754359457
3,0.44835203886032104,1766754359788
3,0.1122034415602684,1766754360113
3,0.10167799890041351,1766754360443
3,0.5163064002990723,1766754360771
3,0.24527081847190857,1766754361095
3,0.27560511231422424,1766754361423
3,0.2803938388824463,1766754361744
3,0.0894298106431961,1766754362067
3,0.11396773159503937,1766754362386
3,0.1309536099433899,1766754362725
3,0.12983167171478271,1766754363044
3,1.0239055156707764,1766754363372
3,0.4414483904838562,1766754363701
3,0.28844931721687317,1766754364028
3,0.04975702613592148,1766754364377
3,0.19625338912010193,1766754364727
3,0.11219711601734161,1766754365053
3,0.12099041044712067,1766754365386
3,0.11569249629974365,1766754365715
3,0.2903706729412079,1766754366044
3,0.444332480430603,1766754366370
3,0.42378881573677063,1766754366694
3,0.22876287996768951,1766754367020
3,0.1468214988708496,1766754367348
3,0.27095839381217957,1766754367666
3,0.4298867881298065,1766754367986
3,0.34043729305267334,1766754368318
3,0.5540974140167236,1766754368659
3,0.07404026389122009,1766754368983
3,0.16708314418792725,1766754369309
3,0.15400944650173187,1766754369631
3,0.29694950580596924,1766754369959
3,0.29783445596694946,1766754370303
3,0.335334837436676,1766754370627
3,0.08908781409263611,1766754370951
3,0.24674831330776215,1766754371283
3,0.22436411678791046,1766754371608
3,0.15134188532829285,1766754371937
3,0.2786403298377991,1766754372265
3,0.28019246459007263,1766754372587
3,0.34034454822540283,1766754372912
3,0.09411585330963135,1766754373233
3,0.09977219253778458,1766754373551
3,0.22928573191165924,1766754373872
3,0.27020400762557983,1766754374203
3,0.17984873056411743,1766754374540
3,0.39876896142959595,1766754374868
3,0.31961721181869507,1766754375194
3,0.6295994520187378,1766754375527
3,0.1631956547498703,1766754375868
3,0.1605597734451294,1766754376213
3,0.14881759881973267,1766754376544
3,0.2102818489074707,1766754376879
3,0.146595299243927,1766754377211
3,0.15040959417819977,1766754377540
3,0.2755587697029114,1766754377867
3,0.07236538082361221,1766754378193
3,0.10316695272922516,1766754378521
3,0.05554300919175148,1766754378853
3,0.3004752993583679,1766754379175
3,0.0856006070971489,1766754379495
3,0.11141110956668854,1766754379814
3,0.18843282759189606,1766754380150
3,0.1570272445678711,1766754380486
3,0.2573707103729248,1766754380805
3,0.12028992176055908,1766754381130
3,0.18947412073612213,1766754381456
3,0.4937228858470917,1766754381798
3,0.48751020431518555,1766754382137
3,0.20007647573947906,1766754382462
3,0.5355358123779297,1766754382795
3,0.16465876996517181,1766754383127
3,0.5060438513755798,1766754383453
3,0.47364771366119385,1766754383779
3,0.19029070436954498,1766754384101
3,0.19388405978679657,1766754384425
3,0.10025688260793686,1766754384751
3,0.14731262624263763,1766754385071
3,0.46297648549079895,1766754385390
3,0.3041704595088959,1766754385705
3,0.08931607753038406,1766754386039
3,0.15265755355358124,1766754386364
3,0.4940789043903351,1766754386691
3,0.16013085842132568,1766754387013
3,0.249532088637352,1766754387342
3,0.41220569610595703,1766754387689
3,0.19734501838684082,1766754388018
3,0.26678383350372314,1766754388351
3,0.4009338617324829,1766754388683
3,0.37079429626464844,1766754389019
3,0.2048143744468689,1766754389344
3,0.17511069774627686,1766754389668
3,0.15126830339431763,1766754389993
3,0.26759377121925354,1766754390319
3,0.13056346774101257,1766754390637
3,0.3157522976398468,1766754390957
3,0.4298103451728821,1766754391277
3,0.13926558196544647,1766754391595
3,0.32532232999801636,1766754391919
3,0.17854712903499603,1766754392237
3,0.28225094079971313,1766754392556
3,0.3119121491909027,1766754392880
3,0.19041240215301514,1766754393224
3,0.43197792768478394,1766754393584
3,0.3113999664783478,1766754393911
3,0.09861244261264801,1766754394243
3,0.16706803441047668,1766754394577
3,0.07206925749778748,1766754394908
3,0.11285126209259033,1766754395233
3,0.3268219828605652,1766754395563
3,0.15163733065128326,1766754395887
3,0.22575630247592926,1766754396212
3,0.06548497080802917,1766754396528
3,0.3209902048110962,1766754396847
3,0.12561103701591492,1766754397170
3,0.30343905091285706,1766754397491
3,0.16883885860443115,1766754397832
3,0.04106973856687546,1766754398151
3,0.3669660985469818,1766754398471
3,0.059721820056438446,1766754398798
3,0.338356077671051,1766754399134
3,0.06947679072618484,1766754399461
3,0.073035329580307,1766754399790
3,0.16446276009082794,1766754400127
3,0.2439318597316742,1766754400463
3,0.05574505776166916,1766754400796
3,0.18295353651046753,1766754401123
3,0.2808643877506256,1766754401448
3,0.2179289311170578,1766754401775
3,0.1851957142353058,1766754402100
3,0.08464787900447845,1766754402419
3,0.4028204083442688,1766754402738
3,0.45387211441993713,1766754403062
3,0.12304732203483582,1766754403387
3,0.15130266547203064,1766754403738
3,0.24762886762619019,1766754404066
3,0.24227221310138702,1766754404396
3,0.23951278626918793,1766754404733
3,0.0941983088850975,1766754405088
3,0.20690391957759857,1766754405418
3,0.27620890736579895,1766754405748
3,0.1694869101047516,1766754406080
3,0.2863547205924988,1766754406413
3,0.28705650568008423,1766754406736
3,0.44653189182281494,1766754407060
3,0.2409762740135193,1766754407389
3,0.1819867342710495,1766754407718
3,0.04721624776721001,1766754408037
3,0.13528406620025635,1766754408359
3,0.28348278999328613,1766754408680
3,0.19772379100322723,1766754409001
3,0.10686256736516953,1766754409344
3,0.21868644654750824,1766754409680
3,0.21906708180904388,1766754410009
3,0.19131889939308167,1766754410335
3,0.1259535402059555,1766754410673
3,0.0655507892370224,1766754411007
3,0.18024659156799316,1766754411333
3,0.5201997756958008,1766754411665
3,0.02967498078942299,1766754411996
3,0.1505647897720337,1766754412333
3,0.24623267352581024,1766754412658
3,0.4123944640159607,1766754412982
3,0.2170647829771042,1766754413311
3,0.43055635690689087,1766754413636
3,0.15037992596626282,1766754413956
3,0.10844004154205322,1766754414277
3,0.2092948853969574,1766754414600
3,0.27760469913482666,1766754414919
3,0.18658217787742615,1766754415252
3,0.10738899558782578,1766754415588
3,0.24564284086227417,1766754415916
3,0.09456998109817505,1766754416251
3,0.06715651601552963,1766754416599
3,0.3352811932563782,1766754416929
3,0.14301638305187225,1766754417278
3,0.352663516998291,1766754417613
3,0.17834646999835968,1766754417946
3,0.36015555262565613,1766754418279
3,0.16133734583854675,1766754418604
3,0.14994294941425323,1766754418931
3,0.12304025888442993,1766754419255
3,0.2150568664073944,1766754419574
3,0.2582629919052124,1766754419893
3,0.6081458330154419,1766754420214
3,0.3376006484031677,1766754420534
3,0.11221710592508316,1766754420857
3,0.2866939902305603,1766754421186
3,0.1418135017156601,1766754421507
3,0.16996781527996063,1766754421827
3,0.17821019887924194,1766754422161
3,0.08396780490875244,1766754422505
3,0.34419113397598267,1766754422834
3,0.05178747698664665,1766754423167
3,0.3211677670478821,1766754423497
3,0.17942462861537933,1766754423830
3,0.2547694444656372,1766754424161
3,0.2636783719062805,1766754424486
3,0.21289211511611938,1766754424812
3,0.13144715130329132,1766754425138
3,0.3862968981266022,1766754425453
3,0.17666111886501312,1766754425773
3,0.20584823191165924,1766754426095
3,0.26209205389022827,1766754426415
3,0.16139928996562958,1766754426733
3,0.20724020898342133,1766754427076
3,0.018019799143075943,1766754427397
3,0.31071171164512634,1766754427717
3,0.39515382051467896,1766754428061
3,0.19987760484218597,1766754428386
3,0.19621138274669647,1766754428716
3,0.1446623057126999,1766754429051
3,0.42669448256492615,1766754429381
3,0.1543181836605072,1766754429717
3,0.13355690240859985,1766754430045
3,0.1717013269662857,1766754430367
3,0.39315086603164673,1766754430694
3,0.16558173298835754,1766754431013
3,0.15493369102478027,1766754431329
3,0.25453972816467285,1766754431645
3,0.24598389863967896,1766754431966
3,0.14606940746307373,1766754432291
3,0.1430286169052124,1766754432611
3,0.16208982467651367,1766754432956
3,0.5004608631134033,1766754433281
3,0.23767642676830292,1766754433620
3,0.15303364396095276,1766754433962
3,0.1494261622428894,1766754434291
3,0.03351471200585365,1766754434623
3,0.1790153682231903,1766754434957
3,0.1787559986114502,1766754435289
3,0.1379210650920868,1766754435625
3,0.13114213943481445,1766754435949
3,0.27563199400901794,1766754436272
3,0.3234683871269226,1766754436593
3,0.21611912548542023,1766754436908
3,0.2929285168647766,1766754437227
3,0.19468678534030914,1766754437549
3,0.1584017425775528,1766754437873
3,0.3354117274284363,1766754438198
3,0.044892020523548126,1766754438533
3,0.07289034873247147,1766754438875
3,0.14639058709144592,1766754439197
3,0.06396399438381195,1766754439537
3,0.06458424031734467,1766754439866
3,0.3174980878829956,1766754440191
3,0.4578900933265686,1766754440519
3,0.142694890499115,1766754440853
3,0.21065717935562134,1766754441191
3,0.08011572808027267,1766754441526
3,0.19869399070739746,1766754441851
3,0.20805412530899048,1766754442174
3,0.34683483839035034,1766754442497
3,0.2190639078617096,1766754442814
3,0.2740391194820404,1766754443131
3,0.14696329832077026,1766754443452
3,0.2942163050174713,1766754443771
3,0.25624963641166687,1766754444091
3,0.3242653012275696,1766754444436
3,0.46279773116111755,1766754444775
3,0.1877918243408203,1766754445117
3,0.3193736672401428,1766754445462
3,0.13686424493789673,1766754445795
3,0.2149585485458374,1766754446129
3,0.06343890726566315,1766754446462
3,0.13386645913124084,1766754446795
3,0.16318970918655396,1766754447131
3,0.25769707560539246,1766754447463
3,0.0799601823091507,1766754447788
3,0.10233639180660248,1766754448116
3,0.1221829503774643,1766754448435
3,0.1878453493118286,1766754448752
3,0.15787048637866974,1766754449069
3,0.07074185460805893,1766754449388
3,0.3152587413787842,1766754449708
3,0.24916617572307587,1766754450030
3,0.2708013653755188,1766754450364
3,0.09345749020576477,1766754450696
3,0.2550326883792877,1766754451029
3,0.15905365347862244,1766754451366
3,0.1826290339231491,1766754451687
3,0.35565274953842163,1766754452020
3,0.3198679983615875,1766754452354
3,0.34713438153266907,1766754452691
3,0.04089503735303879,1766754453022
3,0.1599733531475067,1766754453357
3,0.06980890035629272,1766754453686
3,0.19739875197410583,1766754454011
3,0.04559144750237465,1766754454331
3,0.1670706868171692,1766754454651
3,0.2302519977092743,1766754454973
3,0.1699417680501938,1766754455291
3,0.45407819747924805,1766754455609
3,0.11175353825092316,1766754455934
3,0.24035243690013885,1766754456268
3,0.055073801428079605,1766754456590
3,0.16124659776687622,1766754456930
3,0.1794368177652359,1766754457259
3,0.07272470742464066,1766754457587
3,0.31101900339126587,1766754457917
3,0.48160678148269653,1766754458255
3,0.39199480414390564,1766754458591
3,0.488334059715271,1766754458927
3,0.5051590800285339,1766754459258
3,0.04968709126114845,1766754459587
3,0.1587551087141037,1766754459903
3,0.1297496259212494,1766754460223
3,0.1739133596420288,1766754460541
3,0.06816916167736053,1766754460858
3,0.07529392838478088,1766754461182
3,0.07363361865282059,1766754461502
3,0.39666593074798584,1766754461822
3,0.14559778571128845,1766754462160
3,0.05197087302803993,1766754462498
3,0.22836774587631226,1766754462843
3,0.3434341549873352,1766754463172
3,0.15802839398384094,1766754463502
3,0.21836316585540771,1766754463834
3,0.0922115221619606,1766754464172
3,0.20538866519927979,1766754464503
3,0.14877961575984955,1766754464833
3,0.7554848194122314,1766754465164
3,0.14994746446609497,1766754465490
3,0.21727442741394043,1766754465804
3,0.10190632939338684,1766754466122
3,0.27292031049728394,1766754466443
3,0.1584027260541916,1766754466763
3,0.24174265563488007,1766754467085
3,0.15656837821006775,1766754467408
3,0.3505776822566986,1766754467735
3,0.565110981464386,1766754468082
3,0.17289996147155762,1766754468417
3,0.16490578651428223,1766754468743
3,0.3348851799964905,1766754469068
3,0.2639147639274597,1766754469406
3,0.45507627725601196,1766754469739
3,0.09665635228157043,1766754470076
3,0.07427199184894562,1766754470410
3,0.20811355113983154,1766754470741
3,0.2047690451145172,1766754471068
3,0.3243493437767029,1766754471390
3,0.44770240783691406,1766754471707
3,0.3713218569755554,1766754472023
3,0.07620988041162491,1766754472343
3,0.19960491359233856,1766754472664
3,0.10453386604785919,1766754472984
3,0.16209903359413147,1766754473309
3,0.19646045565605164,1766754473640
3,0.23129229247570038,1766754474010
3,0.16626565158367157,1766754474353
3,0.2182995229959488,1766754474686
3,0.14707952737808228,1766754475021
3,0.6258879899978638,1766754475355
3,0.3569210469722748,1766754475693
3,0.6334822773933411,1766754476025
3,0.1682814061641693,1766754476359
3,0.15112024545669556,1766754476695
3,0.22294950485229492,1766754477023
3,0.15072005987167358,1766754477340
3,0.09370774775743484,1766754477659
3,0.0865073949098587,1766754477979
3,0.14603713154792786,1766754478300
3,0.18362006545066833,1766754478619
3,0.283397376537323,1766754478941
3,0.18631580471992493,1766754479263
3,0.22107255458831787,1766754479597
3,0.1306694746017456,1766754479946
3,0.23491224646568298,1766754480262
3,0.10073316842317581,1766754480588
3,0.37030330300331116,1766754480919
3,0.12303081154823303,1766754481252
3,0.18790602684020996,1766754481592
3,0.23893548548221588,1766754481924
3,0.15923121571540833,1766754482254
3,0.11517462134361267,1766754482592
3,0.17183461785316467,1766754482912
3,0.458088219165802,1766754483228
3,0.05899069085717201,1766754483545
3,0.1256064772605896,1766754483863
3,0.2662034034729004,1766754484183
3,0.3727822005748749,1766754484504
3,0.16161999106407166,1766754484829
3,0.12048198282718658,1766754485149
3,0.12764057517051697,1766754485494
3,0.20057865977287292,1766754485858
3,0.11708739399909973,1766754486182
3,0.05286989361047745,1766754486517
3,0.27438586950302124,1766754486849
3,0.06371302157640457,1766754487185
3,0.17159628868103027,1766754487523
3,0.2120889276266098,1766754487853
3,0.10559547692537308,1766754488188
3,0.04896806180477142,1766754488523
3,0.07344546914100647,1766754488842
3,0.02270178124308586,1766754489158
3,0.2880822420120239,1766754489474
3,0.2889435291290283,1766754489794
3,0.16196617484092712,1766754490115
3,0.07313458621501923,1766754490441
3,0.04235752671957016,1766754490757
3,0.03899780288338661,1766754491080
3,0.03582560271024704,1766754491431
3,0.042658232152462006,1766754491766
3,0.06804811954498291,1766754492088
3,0.05161721631884575,1766754492419
3,0.13887479901313782,1766754492749
3,0.08618265390396118,1766754493085
3,0.4539065659046173,1766754493420
3,0.22812297940254211,1766754493750
3,0.11637377738952637,1766754494085
3,0.08037026971578598,1766754494417
3,0.06748755276203156,1766754494733
3,0.11926009505987167,1766754495053
3,0.2764466404914856,1766754495369
3,0.12802575528621674,1766754495689
3,0.08951844274997711,1766754496013
3,0.11607412993907928,1766754496342
3,0.08831989765167236,1766754496662
3,0.11076543480157852,1766754496987
3,0.09767124801874161,1766754497348
3,0.11553168296813965,1766754497665
3,0.515952467918396,1766754497997
3,0.2069743275642395,1766754498329
3,0.1288585364818573,1766754498667
3,0.09769163280725479,1766754499004
3,0.10857158899307251,1766754499337
3,0.16309523582458496,1766754499666
3,0.1451960951089859,1766754500003
3,0.13515251874923706,1766754500322
3,0.1136821061372757,1766754500638
3,0.07465377449989319,1766754500956
3,0.10932810604572296,1766754501276
3,0.2580937147140503,1766754501593
3,0.07564348727464676,1766754501914
3,0.2732049226760864,1766754502236
3,0.2015124261379242,1766754502559
3,0.22332763671875,1766754502910
3,0.10907697677612305,1766754503275
3,0.2272939234972,1766754503603
3,0.5441629886627197,1766754503934
3,0.1724749207496643,1766754504262
3,0.12598863244056702,1766754504597
3,0.07245305180549622,1766754504935
3,0.16612015664577484,1766754505265
3,0.13905465602874756,1766754505600
3,0.28961995244026184,1766754505931
3,0.12809571623802185,1766754506246
3,0.0873231366276741,1766754506564
3,0.11233251541852951,1766754506889
3,0.12773342430591583,1766754507210
3,0.30890077352523804,1766754507528
3,0.07333365827798843,1766754507850
3,0.0450127087533474,1766754508171
3,0.11574354767799377,1766754508491
3,0.08208813518285751,1766754508844
3,0.14243145287036896,1766754509180
3,0.1551440954208374,1766754509508
3,0.22839272022247314,1766754509840
3,0.16250737011432648,1766754510175
3,0.09194298088550568,1766754510509
3,0.4220069944858551,1766754510844
3,0.08039166033267975,1766754511173
3,0.30199289321899414,1766754511511
3,0.4897461533546448,1766754511836
3,0.11357840895652771,1766754512154
3,0.034776631742715836,1766754512470
3,0.1055334061384201,1766754512787
3,0.09016606211662292,1766754513109
3,0.026622522622346878,1766754513433
3,0.06984791904687881,1766754513756
3,0.11537241190671921,1766754514073
3,0.11136215925216675,1766754514405
3,0.30445629358291626,1766754514759
3,0.048709936439991,1766754515089
3,0.2976279556751251,1766754515416
3,0.31392014026641846,1766754515744
3,0.346649706363678,1766754516075
3,0.21347954869270325,1766754516412
3,0.16088315844535828,1766754516745
3,0.18491443991661072,1766754517078
3,0.16977572441101074,1766754517412
3,0.3557887077331543,1766754517737
3,0.1658937931060791,1766754518055
3,0.12485332041978836,1766754518370
3,0.17938154935836792,1766754518686
3,0.2529846131801605,1766754519007
3,0.1758926659822464,1766754519327
3,0.2607741951942444,1766754519647
3,0.09112899750471115,1766754519965
3,0.4292011857032776,1766754520298
3,0.2656942903995514,1766754520641
3,0.12426590919494629,1766754520958
3,0.19002974033355713,1766754521280
3,0.11923669278621674,1766754521610
3,0.21233955025672913,1766754521948
3,0.21413341164588928,1766754522282
3,0.14630568027496338,1766754522616
3,0.23523244261741638,1766754522948
3,0.23454749584197998,1766754523281
3,0.46367383003234863,1766754523603
3,0.03489131107926369,1766754523920
3,0.21039757132530212,1766754524239
3,0.08873005211353302,1766754524559
3,0.4478258490562439,1766754524877
3,0.10108719766139984,1766754525198
3,0.14555802941322327,1766754525519
3,0.22667498886585236,1766754525839
3,0.19782987236976624,1766754526180
3,0.009434868581593037,1766754526513
3,0.06567752361297607,1766754526837
3,0.13840125501155853,1766754527167
3,0.2238960564136505,1766754527499
3,0.053171731531620026,1766754527832
3,0.032191306352615356,1766754528168
3,0.3864312767982483,1766754528499
3,0.15146633982658386,1766754528829
3,0.2434280812740326,1766754529153
3,0.12091195583343506,1766754529472
3,0.1211453229188919,1766754529789
3,0.09404406696557999,1766754530107
3,0.06516452133655548,1766754530423
3,0.1432892382144928,1766754530745
3,0.2939969599246979,1766754531068
3,0.06306466460227966,1766754531395
3,0.0732940062880516,1766754531738
3,0.49092888832092285,1766754532083
3,0.2222513109445572,1766754532430
3,0.1478693187236786,1766754532760
3,0.23171059787273407,1766754533092
3,0.15319783985614777,1766754533425
3,0.156612366437912,1766754533760
3,0.05381837114691734,1766754534093
3,0.21886879205703735,1766754534428
3,0.0875949040055275,1766754534760
3,0.19559410214424133,1766754535085
3,0.08084658533334732,1766754535403
3,0.03701186180114746,1766754535724
3,0.14636532962322235,1766754536044
3,0.16177232563495636,1766754536362
3,0.21515707671642303,1766754536680
3,0.14295585453510284,1766754537001
3,0.20614716410636902,1766754537332
3,0.20641492307186127,1766754537670
3,0.11508111655712128,1766754538001
3,0.16401508450508118,1766754538340
3,0.22571882605552673,1766754538670
3,0.1990276724100113,1766754539004
3,0.05945468693971634,1766754539340
3,0.47854048013687134,1766754539683
3,0.16991718113422394,1766754540013
3,0.3288276195526123,1766754540349
3,0.06981104612350464,1766754540675
3,0.2570858597755432,1766754540999
3,0.15076489746570587,1766754541314
3,0.05707083269953728,1766754541630
3,0.2266782820224762,1766754541949
3,0.41182655096054077,1766754542271
3,0.35881155729293823,1766754542599
3,0.15600919723510742,1766754542922
3,0.07862898707389832,1766754543255
3,0.05951777473092079,1766754543594
3,0.11846816539764404,1766754543934
3,0.29280632734298706,1766754544283
3,0.28782129287719727,1766754544606
3,0.11420679092407227,1766754544938
3,0.09612437337636948,1766754545272
3,0.11749539524316788,1766754545606
3,0.2652679979801178,1766754545941
3,0.15279430150985718,1766754546275
3,0.1928027868270874,1766754546599
3,0.07830160111188889,1766754546925
3,0.14672859013080597,1766754547241
3,0.11935175955295563,1766754547560
3,0.10843167454004288,1766754547882
3,0.17478984594345093,1766754548198
3,0.27357667684555054,1766754548520
3,0.37349990010261536,1766754548842
3,0.33058565855026245,1766754549176
3,0.3286029100418091,1766754549509
3,0.0879487693309784,1766754549842
3,0.23909446597099304,1766754550176
3,0.05620626360177994,1766754550501
3,0.06808251887559891,1766754550832
3,0.1587362438440323,1766754551165
3,0.05014250427484512,1766754551497
3,0.30999934673309326,1766754551829
3,0.31380611658096313,1766754552159
3,0.09360392391681671,1766754552484
3,0.2007346749305725,1766754552806
3,0.1635942906141281,1766754553121
3,0.25430577993392944,1766754553437
3,0.12666885554790497,1766754553759
3,0.2119617760181427,1766754554085
3,0.25188714265823364,1766754554404
3,0.04537481442093849,1766754554729
3,0.04813027381896973,1766754555067
3,0.1957942247390747,1766754555387
3,0.042104244232177734,1766754555722
3,0.08499078452587128,1766754556053
3,0.1644974797964096,1766754556380
3,0.086451955139637,1766754556717
3,0.3030959367752075,1766754557050
3,0.19202327728271484,1766754557387
3,0.14798152446746826,1766754557721
3,0.05930366739630699,1766754558046
3,0.1334853619337082,1766754558374
3,0.02873939648270607,1766754558696
3,0.2944357395172119,1766754559013
3,0.07826010137796402,1766754559334
3,0.4224601984024048,1766754559654
3,0.1554124802350998,1766754559977
3,0.2413136065006256,1766754560302
3,0.07176191359758377,1766754560643
3,0.12771905958652496,1766754560984
3,0.2527983486652374,1766754561317
3,0.1913967728614807,1766754561660
3,0.0688047707080841,1766754561985
3,0.0707472488284111,1766754562324
3,0.09847710281610489,1766754562653
3,0.1192842572927475,1766754562991
3,0.23038077354431152,1766754563327
3,0.16859637200832367,1766754563661
3,0.07172069698572159,1766754563984
3,0.04857464134693146,1766754564307
3,0.07718145847320557,1766754564622
3,0.04445456713438034,1766754564940
3,0.05200999975204468,1766754565264
3,0.23062628507614136,1766754565586
3,0.03356580436229706,1766754565977
3,0.0955742746591568,1766754566307
3,0.11904965341091156,1766754566650
3,0.037079356610774994,1766754566972
3,0.2250390201807022,1766754567318
3,0.28500819206237793,1766754567660
3,0.03514842689037323,1766754567991
3,0.26311978697776794,1766754568324
3,0.070267453789711,1766754568655
3,0.6567869186401367,1766754568988
3,0.12018443644046783,1766754569323
3,0.01517539657652378,1766754569644
3,0.08657483756542206,1766754569969
3,0.06527402251958847,1766754570294
3,0.13845042884349823,1766754570614
3,0.12059609591960907,1766754570934
3,0.1433999389410019,1766754571249
3,0.23280774056911469,1766754571570
3,0.34962648153305054,1766754571892
3,0.012652604840695858,1766754572228
3,0.24016082286834717,1766754572563
3,0.04383739456534386,1766754572884
3,0.26588350534439087,1766754573222
3,0.1337640881538391,1766754573556
3,0.12159568071365356,1766754573886
3,0.14925001561641693,1766754574220
3,0.04090104252099991,1766754574549
3,0.0562017560005188,1766754574885
3,0.20650283992290497,1766754575219
3,0.12149666994810104,1766754575543
3,0.12519241869449615,1766754575869
3,0.20309197902679443,1766754576195
3,0.2180718630552292,1766754576513
3,0.1766969859600067,1766754576833
3,0.5415284633636475,1766754577157
3,0.09797769039869308,1766754577481
3,0.08624327182769775,1766754577805
3,0.021255875006318092,1766754578147
3,0.6348999738693237,1766754578464
3,0.12164994329214096,1766754578794
3,0.13400517404079437,1766754579136
3,0.22941407561302185,1766754579462
3,0.1407286375761032,1766754579789
3,0.33493268489837646,1766754580120
3,0.03643370419740677,1766754580449
3,0.08975381404161453,1766754580787
3,0.11432915925979614,1766754581112
3,0.06390225887298584,1766754581436
3,0.1425938606262207,1766754581759
3,0.17494191229343414,1766754582081
3,0.29601868987083435,1766754582400
3,0.06143534183502197,1766754582717
3,0.13406506180763245,1766754583037
3,0.17774417996406555,1766754583356
3,0.13337501883506775,1766754583697
3,0.2577599585056305,1766754584036
3,0.2224433422088623,1766754584360
3,0.06286916881799698,1766754584683
3,0.06473580747842789,1766754585032
3,0.24337366223335266,1766754585362
3,0.15071317553520203,1766754585694
3,0.06566021591424942,1766754586031
3,0.2558663487434387,1766754586366
3,0.04201776906847954,1766754586701
3,0.1732642948627472,1766754587028
3,0.12986379861831665,1766754587352
3,0.28853216767311096,1766754587678
3,0.22665990889072418,1766754587997
3,0.04977349936962128,1766754588322
3,0.14232204854488373,1766754588651
3,0.1820351630449295,1766754588970
3,0.06511854380369186,1766754589290
3,0.06489011645317078,1766754589629
3,0.030835222452878952,1766754589957
3,0.04307561740279198,1766754590275
3,0.07095640152692795,1766754590610
3,0.22329401969909668,1766754590964
3,0.07922449707984924,1766754591296
3,0.21228067576885223,1766754591635
3,0.1580355167388916,1766754591963
3,0.22204971313476562,1766754592297
3,0.19502416253089905,1766754592624
3,0.01569042168557644,1766754592949
3,0.17578977346420288,1766754593269
3,0.24408642947673798,1766754593594
3,0.21348892152309418,1766754593910
3,0.027049196884036064,1766754594232
3,0.4657725989818573,1766754594555
3,0.13198056817054749,1766754594876
3,0.1360604614019394,1766754595217
3,0.1804516613483429,1766754595562
3,0.12633882462978363,1766754595892
3,0.08819472044706345,1766754596221
3,0.152049720287323,1766754596567
3,0.12174581736326218,1766754596915
3,0.3257392942905426,1766754597254
3,0.025309037417173386,1766754597583
3,0.3532875180244446,1766754597917
3,0.12395219504833221,1766754598252
3,0.08595538139343262,1766754598580
3,0.054161738604307175,1766754598904
3,0.05510278418660164,1766754599229
3,0.10118430852890015,1766754599553
3,0.1195373684167862,1766754599875
3,0.043774064630270004,1766754600199
3,0.07957053929567337,1766754600518
3,0.27343884110450745,1766754600837
3,0.10784367471933365,1766754601178
3,0.04912084341049194,1766754601497
3,0.2125728726387024,1766754601816
3,0.20973876118659973,1766754602147
3,0.15686669945716858,1766754602485
3,0.042626310139894485,1766754602820
3,0.07853201031684875,1766754603147
3,0.13323067128658295,1766754603477
3,0.10440484434366226,1766754603811
3,0.2063276469707489,1766754604140
3,0.12507446110248566,1766754604467
3,0.14937186241149902,1766754604790
3,0.06554687768220901,1766754605116
3,0.1327049732208252,1766754605447
3,0.006799575872719288,1766754605766
3,0.14953094720840454,1766754606085
3,0.11957354843616486,1766754606407
3,0.03960152715444565,1766754606740
3,0.1702437400817871,1766754607083
3,0.09290624409914017,1766754607415
3,0.10229726135730743,1766754607745
3,0.16251733899116516,1766754608073
3,0.08798649907112122,1766754608421
3,0.17122338712215424,1766754608748
3,0.05649448186159134,1766754609081
3,0.09310014545917511,1766754609415
3,0.029804568737745285,1766754609752
3,0.3469255268573761,1766754610078
3,0.1435035616159439,1766754610402
3,0.017125757411122322,1766754610728
3,0.28774020075798035,1766754611054
3,0.1480778455734253,1766754611375
3,0.1830872893333435,1766754611695
3,0.08265553414821625,1766754612014
3,0.08766801655292511,1766754612332
3,0.07245122641324997,1766754612667
3,0.3025752604007721,1766754612993
3,0.08895210921764374,1766754613316
3,0.20277217030525208,1766754613643
3,0.16576415300369263,1766754613977
3,0.05991122126579285,1766754614331
3,0.15764270722866058,1766754614668
3,0.06010589376091957,1766754615000
3,0.28095743060112,1766754615335
3,0.15753024816513062,1766754615670
3,0.15336523950099945,1766754615996
3,0.012480700388550758,1766754616320
3,0.10462132096290588,1766754616646
3,0.2845389246940613,1766754616973
3,0.059866975992918015,1766754617294
3,0.08041123300790787,1766754617614
3,0.2475425899028778,1766754617935
3,0.07439329475164413,1766754618268
3,0.14988082647323608,1766754618609
3,0.3268854022026062,1766754618931
3,0.04434250667691231,1766754619266
3,0.2628724277019501,1766754619589
3,0.18929484486579895,1766754619936
3,0.04873976111412048,1766754620301
3,0.16483217477798462,1766754620631
3,0.20471662282943726,1766754620965
3,0.109738789498806,1766754621298
3,0.08502733707427979,1766754621623
3,0.10569324344396591,1766754621949
3,0.0786171481013298,1766754622274
3,0.2447219341993332,1766754622598
3,0.09107769280672073,1766754622924
3,0.11701513826847076,1766754623245
3,0.05937732011079788,1766754623565
3,0.18427608907222748,1766754623883
3,0.06208812817931175,1766754624212
3,0.07298224419355392,1766754624540
3,0.060049381107091904,1766754624859
3,0.3820492923259735,1766754625184
3,0.170087531208992,1766754625509
3,0.06617163121700287,1766754625854
3,0.08953851461410522,1766754626197
3,0.07073211669921875,1766754626523
3,0.03806797415018082,1766754626856
3,0.039100389927625656,1766754627184
3,0.22090543806552887,1766754627510
3,0.25326356291770935,1766754627835
3,0.045454785227775574,1766754628160
3,0.2840903401374817,1766754628486
3,0.23598408699035645,1766754628815
3,0.08233290910720825,1766754629143
3,0.1172296404838562,1766754629465
3,0.19895534217357635,1766754629799
3,0.08297987282276154,1766754630142
3,0.11873354017734528,1766754630466
3,0.1573277711868286,1766754630796
3,0.07417812198400497,1766754631118
3,0.0758502334356308,1766754631449
3,0.06799402087926865,1766754631794
3,0.12226805090904236,1766754632120
3,0.19489192962646484,1766754632446
3,0.6587237119674683,1766754632781
3,0.13409599661827087,1766754633106
3,0.07788079231977463,1766754633428
3,0.09264565259218216,1766754633756
3,0.05161813646554947,1766754634081
3,0.15668390691280365,1766754634409
3,0.1420217603445053,1766754634735
3,0.16007328033447266,1766754635056
3,0.1594664752483368,1766754635378
3,0.07859370112419128,1766754635709
3,0.16141992807388306,1766754636037
3,0.21008658409118652,1766754636360
3,0.11506807059049606,1766754636690
3,0.07409420609474182,1766754637020
3,0.34797540307044983,1766754637349
3,0.24149110913276672,1766754637695
3,0.26489073038101196,1766754638022
3,0.14052079617977142,1766754638362
3,0.2983788251876831,1766754638696
3,0.17341721057891846,1766754639020
3,0.10413675010204315,1766754639346
3,0.14189773797988892,1766754639669
3,0.1439032256603241,1766754639993
3,0.08155443519353867,1766754640320
3,0.09161803126335144,1766754640646
3,0.12852069735527039,1766754640967
3,0.2038930058479309,1766754641293
3,0.2301381677389145,1766754641629
3,0.2945985794067383,1766754641947
3,0.11905969679355621,1766754642276
3,0.38775092363357544,1766754642610
3,0.19250613451004028,1766754642936
3,0.20417681336402893,1766754643276
3,0.1300894170999527,1766754643629
3,0.05556726083159447,1766754643961
3,0.10540670156478882,1766754644295
3,0.14712509512901306,1766754644617
3,0.049438364803791046,1766754644941
3,0.168600395321846,1766754645269
3,0.04165714979171753,1766754645597
3,0.14690808951854706,1766754645922
3,0.0674874559044838,1766754646246
3,0.12106657773256302,1766754646566
3,0.33380991220474243,1766754646887
3,0.10686177015304565,1766754647223
3,0.10424521565437317,1766754647555
3,0.1510588526725769,1766754647880
3,0.09390540421009064,1766754648207
3,0.14935755729675293,1766754648532
3,0.17228828370571136,1766754648860
3,0.17310482263565063,1766754649204
3,0.4253835678100586,1766754649548
3,0.25297462940216064,1766754649879
3,0.20530295372009277,1766754650209
3,0.09914476424455643,1766754650532
3,0.17291320860385895,1766754650857
3,0.10351791977882385,1766754651182
3,0.1058521717786789,1766754651506
3,0.32124796509742737,1766754651830
3,0.1318126916885376,1766754652156
3,0.20070189237594604,1766754652477
3,0.02106540836393833,1766754652796
3,0.1417120397090912,1766754653135
3,0.10544953495264053,1766754653451
3,0.30396634340286255,1766754653774
3,0.19065754115581512,1766754654101
3,0.08531886339187622,1766754654427
3,0.3495252728462219,1766754654754
3,0.15236200392246246,1766754655094
3,0.018846727907657623,1766754655432
4,0.2223866730928421,1766754655692
4,0.06908361613750458,1766754656021
4,0.17182902991771698,1766754656343
4,0.14108994603157043,1766754656669
4,0.13751162588596344,1766754656998
4,0.1319066882133484,1766754657329
4,0.04960053414106369,1766754657660
4,0.010053856298327446,1766754657994
4,0.11410272121429443,1766754658317
4,0.07953612506389618,1766754658651
4,0.46570372581481934,1766754658994
4,0.4152732491493225,1766754659315
4,0.2245020568370819,1766754659647
4,0.08952267467975616,1766754659973
4,0.03504767268896103,1766754660304
4,0.11479159444570541,1766754660635
4,0.07697886228561401,1766754660972
4,0.09017819166183472,1766754661309
4,0.1982937753200531,1766754661636
4,0.023189369589090347,1766754661957
4,0.06795156747102737,1766754662282
4,0.3022758662700653,1766754662609
4,0.1576358824968338,1766754662937
4,0.080317921936512,1766754663264
4,0.19104164838790894,1766754663591
4,0.16337701678276062,1766754663920
4,0.2430139183998108,1766754664241
4,0.1728304922580719,1766754664571
4,0.023917431011795998,1766754664901
4,0.08388569951057434,1766754665220
4,0.24526973068714142,1766754665544
4,0.11015866696834564,1766754665869
4,0.0945969671010971,1766754666197
4,0.3645089864730835,1766754666522
4,0.2473115622997284,1766754666867
4,0.1342151015996933,1766754667197
4,0.06548185646533966,1766754667524
4,0.11049548536539078,1766754667845
4,0.05904597043991089,1766754668166
4,0.028763150796294212,1766754668492
4,0.11998700350522995,1766754668816
4,0.06027958169579506,1766754669141
4,0.14909574389457703,1766754669470
4,0.24503658711910248,1766754669797
4,0.12060272693634033,1766754670115
4,0.32034674286842346,1766754670453
4,0.08288352936506271,1766754670772
4,0.27386337518692017,1766754671101
4,0.08699542284011841,1766754671434
4,0.11270716786384583,1766754671765
4,0.16996325552463531,1766754672100
4,0.02836015820503235,1766754672425
4,0.1062755286693573,1766754672769
4,0.056358326226472855,1766754673096
4,0.029734879732131958,1766754673421
4,0.2912178337574005,1766754673743
4,0.1897755116224289,1766754674065
4,0.1261279433965683,1766754674390
4,0.22059020400047302,1766754674713
4,0.06729982793331146,1766754675044
4,0.14022891223430634,1766754675371
4,0.18637460470199585,1766754675695
4,0.0790201798081398,1766754676037
4,0.25303614139556885,1766754676378
4,0.1753949075937271,1766754676706
4,0.14134761691093445,1766754677033
4,0.11024294793605804,1766754677360
4,0.1021081805229187,1766754677692
4,0.07603360712528229,1766754678022
4,0.24225583672523499,1766754678361
4,0.19339856505393982,1766754678712
4,0.34011441469192505,1766754679044
4,0.1490618884563446,1766754679370
4,0.09528522193431854,1766754679692
4,0.11777828633785248,1766754680021
4,0.45433953404426575,1766754680349
4,0.11344496160745621,1766754680679
4,0.06926722079515457,1766754681005
4,0.1949518620967865,1766754681333
4,0.13248570263385773,1766754681654
4,0.018922556191682816,1766754681990
4,0.22353942692279816,1766754682306
4,0.08113530278205872,1766754682628
4,0.11964729428291321,1766754682957
4,0.1740444451570511,1766754683282
4,0.31425178050994873,1766754683611
4,0.10953621566295624,1766754683940
4,0.08684743195772171,1766754684284
4,0.1427241563796997,1766754684636
4,0.07401740550994873,1766754684959
4,0.11155052483081818,1766754685284
4,0.2423844337463379,1766754685608
4,0.20437490940093994,1766754685933
4,0.13743029534816742,1766754686260
4,0.029900861904025078,1766754686587
4,0.24749046564102173,1766754686917
4,0.22935551404953003,1766754687245
4,0.16821442544460297,1766754687584
4,0.08026251941919327,1766754687930
4,0.2585739195346832,1766754688253
4,0.14378386735916138,1766754688579
4,0.05059000104665756,1766754688909
4,0.06863101571798325,1766754689238
4,0.16356274485588074,1766754689564
4,0.04179271310567856,1766754689885
4,0.033139944076538086,1766754690224
4,0.10867980122566223,1766754690563
4,0.10934518277645111,1766754690885
4,0.09722886979579926,1766754691211
4,0.09847778081893921,1766754691534
4,0.13985174894332886,1766754691857
4,0.24872282147407532,1766754692182
4,0.09490161389112473,1766754692504
4,0.035702094435691833,1766754692830
4,0.159027099609375,1766754693155
4,0.03850206732749939,1766754693480
4,0.023924466222524643,1766754693797
4,0.3417344391345978,1766754694118
4,0.2666553556919098,1766754694444
4,0.18332290649414062,1766754694774
4,0.0022666282020509243,1766754695103
4,0.07629860192537308,1766754695431
4,0.5377873182296753,1766754695756
4,0.2643411159515381,1766754696097
4,0.01434007566422224,1766754696427
4,0.07953246682882309,1766754696747
4,0.26915621757507324,1766754697067
4,0.07069316506385803,1766754697389
4,0.11958874017000198,1766754697712
4,0.1727433204650879,1766754698047
4,0.21423199772834778,1766754698381
4,0.06118905171751976,1766754698705
4,0.15140455961227417,1766754699035
4,0.052651528269052505,1766754699384
4,0.10660910606384277,1766754699706
4,0.15030187368392944,1766754700033
4,0.1467500627040863,1766754700361
4,0.12658104300498962,1766754700688
4,0.09998254477977753,1766754701020
4,0.09676589071750641,1766754701354
4,0.18660376965999603,1766754701682
4,0.3209652304649353,1766754702028
4,0.025136716663837433,1766754702350
4,0.10333235561847687,1766754702671
4,0.10200437903404236,1766754702993
4,0.11434152722358704,1766754703315
4,0.20154789090156555,1766754703645
4,0.23634830117225647,1766754703976
4,0.14559721946716309,1766754704301
4,0.17463229596614838,1766754704629
4,0.05148088186979294,1766754704969
4,0.12626449763774872,1766754705300
4,0.1140294075012207,1766754705618
4,0.043178051710128784,1766754705942
4,0.09211521595716476,1766754706265
4,0.2678700387477875,1766754706593
4,0.1346067488193512,1766754706921
4,0.30611753463745117,1766754707247
4,0.11608894169330597,1766754707580
4,0.19728955626487732,1766754707932
4,0.29914745688438416,1766754708258
4,0.11889979988336563,1766754708585
4,0.12116993218660355,1766754708905
4,0.09847670793533325,1766754709228
4,0.08360082656145096,1766754709557
4,0.08641932904720306,1766754709888
4,0.18039408326148987,1766754710213
4,0.19603820145130157,1766754710538
4,0.09490980952978134,1766754710876
4,0.07194037735462189,1766754711193
4,0.08286094665527344,1766754711514
4,0.47489678859710693,1766754711837
4,0.09094123542308807,1766754712161
4,0.06392715871334076,1766754712491
4,0.10224837064743042,1766754712816
4,0.08653375506401062,1766754713143
4,0.16551101207733154,1766754713484
4,0.3703194260597229,1766754713824
4,0.049502938985824585,1766754714148
4,0.13865646719932556,1766754714472
4,0.13841047883033752,1766754714794
4,0.13747473061084747,1766754715118
4,0.31628137826919556,1766754715445
4,0.25178849697113037,1766754715777
4,0.32645267248153687,1766754716104
4,0.06859517097473145,1766754716445
4,0.1056656613945961,1766754716788
4,0.21728792786598206,1766754717114
4,0.06424527615308762,1766754717436
4,0.13786843419075012,1766754717762
4,0.1269768476486206,1766754718095
4,0.13260343670845032,1766754718422
4,0.0785856619477272,1766754718749
4,0.13151924312114716,1766754719079
4,0.14069700241088867,1766754719419
4,0.1232273280620575,1766754719749
4,0.16283464431762695,1766754720067
4,0.11076930165290833,1766754720390
4,0.06682391464710236,1766754720713
4,0.06069295480847359,1766754721039
4,0.918765664100647,1766754721367
4,0.20725274085998535,1766754721690
4,0.045980580151081085,1766754722015
4,0.4152381420135498,1766754722347
4,0.16649433970451355,1766754722667
4,0.04777846112847328,1766754722986
4,0.06659407913684845,1766754723311
4,0.2860938310623169,1766754723636
4,0.11440129578113556,1766754723967
4,0.05467621982097626,1766754724296
4,0.15742094814777374,1766754724622
4,0.12027198076248169,1766754724949
4,0.08385862410068512,1766754725289
4,0.09070276468992233,1766754725614
4,0.23013028502464294,1766754725934
4,0.21958333253860474,1766754726257
4,0.11174406111240387,1766754726580
4,0.1884208768606186,1766754726908
4,0.24701502919197083,1766754727241
4,0.25330111384391785,1766754727567
4,0.19826139509677887,1766754727897
4,0.2910218834877014,1766754728251
4,0.20578059554100037,1766754728576
4,0.10119439661502838,1766754728901
4,0.3378942012786865,1766754729222
4,0.06118505448102951,1766754729548
4,0.22333469986915588,1766754729882
4,0.06760530173778534,1766754730209
4,0.3781418204307556,1766754730534
4,0.15429651737213135,1766754730864
4,0.039736948907375336,1766754731196
4,0.17835980653762817,1766754731512
4,0.2023615688085556,1766754731831
4,0.055755894631147385,1766754732152
4,0.05706602334976196,1766754732479
4,0.10210639238357544,1766754732807
4,0.31055259704589844,1766754733139
4,0.4265444576740265,1766754733465
4,0.20898713171482086,1766754733807
4,0.030575308948755264,1766754734151
4,0.07778459787368774,1766754734472
4,0.28427842259407043,1766754734795
4,0.1725257784128189,1766754735121
4,0.11437739431858063,1766754735447
4,0.08716343343257904,1766754735772
4,0.07145370543003082,1766754736103
4,0.02288370206952095,1766754736432
4,0.06700195372104645,1766754736761
4,0.06338606029748917,1766754737097
4,0.1409473419189453,1766754737419
4,0.2024255245923996,1766754737735
4,0.1621232032775879,1766754738056
4,0.1651948094367981,1766754738385
4,0.14512577652931213,1766754738716
4,0.07414062321186066,1766754739040
4,0.1406308263540268,1766754739360
4,0.18014539778232574,1766754739702
4,0.06150845065712929,1766754740024
4,0.12543299794197083,1766754740345
4,0.15987858176231384,1766754740669
4,0.11643178761005402,1766754740998
4,0.09362159669399261,1766754741327
4,0.12796179950237274,1766754741653
4,0.0944201722741127,1766754741982
4,0.23951159417629242,1766754742311
4,0.10273447632789612,1766754742640
4,0.10358668863773346,1766754742978
4,0.09584128856658936,1766754743298
4,0.1533927470445633,1766754743622
4,0.10589092969894409,1766754743946
4,0.08693552762269974,1766754744273
4,0.11843487620353699,1766754744600
4,0.13117319345474243,1766754744930
4,0.0031087524257600307,1766754745279
4,0.16787733137607574,1766754745622
4,0.06927313655614853,1766754745950
4,0.21940383315086365,1766754746271
4,0.042872365564107895,1766754746596
4,0.2796194553375244,1766754746923
4,0.032509706914424896,1766754747244
4,0.08924855291843414,1766754747571
4,0.11340266466140747,1766754747899
4,0.14473651349544525,1766754748230
4,0.20902621746063232,1766754748560
4,0.12192413210868835,1766754748896
4,0.23436897993087769,1766754749222
4,0.13181819021701813,1766754749548
4,0.275348961353302,1766754749880
4,0.12944920361042023,1766754750207
4,0.16130036115646362,1766754750533
4,0.08885152637958527,1766754750857
4,0.2668522000312805,1766754751196
4,0.15646368265151978,1766754751529
4,0.15985268354415894,1766754751849
4,0.21806876361370087,1766754752174
4,0.17998814582824707,1766754752501
4,0.0659480020403862,1766754752827
4,0.06291037052869797,1766754753157
4,0.08008693903684616,1766754753482
4,0.08894164860248566,1766754753810
4,0.07058823108673096,1766754754137
4,0.11900752037763596,1766754754471
4,0.041577938944101334,1766754754805
4,0.3176034986972809,1766754755127
4,0.12370728701353073,1766754755449
4,0.06183755770325661,1766754755770
4,0.13372845947742462,1766754756096
4,0.042251113802194595,1766754756424
4,0.05808054655790329,1766754756757
4,0.11867616325616837,1766754757114
4,0.2223651260137558,1766754757450
4,0.07230007648468018,1766754757778
4,0.14069019258022308,1766754758106
4,0.04110372066497803,1766754758433
4,0.22142376005649567,1766754758759
4,0.08973371237516403,1766754759088
4,0.0931243821978569,1766754759418
4,0.10126983374357224,1766754759751
4,0.2090320587158203,1766754760068
4,0.07702667266130447,1766754760404
4,0.2696731984615326,1766754760729
4,0.13854780793190002,1766754761050
4,0.07034926116466522,1766754761379
4,0.22904404997825623,1766754761710
4,0.0797840878367424,1766754762042
4,0.13878953456878662,1766754762368
4,0.06863412261009216,1766754762708
4,0.08047160506248474,1766754763045
4,0.09332945942878723,1766754763371
4,0.04962499812245369,1766754763695
4,0.1688431054353714,1766754764023
4,0.2263917624950409,1766754764351
4,0.08256261050701141,1766754764680
4,0.052643559873104095,1766754765007
4,0.2341504991054535,1766754765341
4,0.11023574322462082,1766754765668
4,0.07119803875684738,1766754765988
4,0.2492762804031372,1766754766327
4,0.12331682443618774,1766754766646
4,0.11175591498613358,1766754766966
4,0.12090401351451874,1766754767291
4,0.21025365591049194,1766754767624
4,0.1894196718931198,1766754767951
4,0.09387915581464767,1766754768284
4,0.1461322158575058,1766754768633
4,0.21282902359962463,1766754768967
4,0.033696405589580536,1766754769301
4,0.05922146886587143,1766754769630
4,0.08469084650278091,1766754769959
4,0.1292157769203186,1766754770288
4,0.046395089477300644,1766754770614
4,0.22500187158584595,1766754770944
4,0.6529654264450073,1766754771279
4,0.09119069576263428,1766754771600
4,0.23604540526866913,1766754771927
4,0.09014450758695602,1766754772271
4,0.07449157536029816,1766754772596
4,0.0712462067604065,1766754772925
4,0.07679775357246399,1766754773251
4,0.04478433355689049,1766754773577
4,0.06594529747962952,1766754773902
4,0.09777996689081192,1766754774242
4,0.060665033757686615,1766754774579
4,0.28834253549575806,1766754774904
4,0.12049993127584457,1766754775227
4,0.18324336409568787,1766754775553
4,0.062366411089897156,1766754775879
4,0.004076946992427111,1766754776206
4,0.2158992737531662,1766754776534
4,0.08787080645561218,1766754776866
4,0.045186933130025864,1766754777200
4,0.05457347258925438,1766754777522
4,0.21174055337905884,1766754777863
4,0.3365100920200348,1766754778195
4,0.1502295881509781,1766754778523
4,0.05617724359035492,1766754778850
4,0.003842363366857171,1766754779177
4,0.08248074352741241,1766754779508
4,0.14656642079353333,1766754779848
4,0.038102198392152786,1766754780201
4,0.2900627851486206,1766754780537
4,0.062739796936512,1766754780875
4,0.27181297540664673,1766754781198
4,0.10097049176692963,1766754781528
4,0.12488263845443726,1766754781856
4,0.09452112019062042,1766754782181
4,0.23461119830608368,1766754782508
4,0.03448006883263588,1766754782836
4,0.2902744710445404,1766754783156
4,0.14490211009979248,1766754783476
4,0.11194825172424316,1766754783808
4,0.030697781592607498,1766754784129
4,0.08143434673547745,1766754784452
4,0.05579252168536186,1766754784778
4,0.09218870848417282,1766754785104
4,0.1432417929172516,1766754785432
4,0.6397104263305664,1766754785775
4,0.08448807150125504,1766754786113
4,0.06858153641223907,1766754786442
4,0.07977882027626038,1766754786779
4,0.020207354798913002,1766754787104
4,0.09450100362300873,1766754787432
4,0.13093379139900208,1766754787760
4,0.04511656612157822,1766754788083
4,0.40595006942749023,1766754788410
4,0.14118827879428864,1766754788741
4,0.004878695122897625,1766754789063
4,0.14468547701835632,1766754789385
4,0.10768422484397888,1766754789720
4,0.1336197555065155,1766754790042
4,0.05695106461644173,1766754790365
4,0.09935222566127777,1766754790697
4,0.13613641262054443,1766754791025
4,0.1536346971988678,1766754791360
4,0.16783156991004944,1766754791715
4,0.24269506335258484,1766754792049
4,0.2919166684150696,1766754792387
4,0.3628416359424591,1766754792713
4,0.06282337754964828,1766754793041
4,0.08255437016487122,1766754793369
4,0.07353536039590836,1766754793696
4,0.07098031044006348,1766754794019
4,0.11894877254962921,1766754794349
4,0.10564583539962769,1766754794668
4,0.07331408560276031,1766754794989
4,0.11480655521154404,1766754795318
4,0.10322980582714081,1766754795657
4,0.11101989448070526,1766754795988
4,0.16355770826339722,1766754796309
4,0.2931073307991028,1766754796632
4,0.22225475311279297,1766754796958
4,0.06365599483251572,1766754797301
4,0.057596541941165924,1766754797640
4,0.1432400941848755,1766754797968
4,0.20310407876968384,1766754798305
4,0.07805976271629333,1766754798630
4,0.01570473238825798,1766754798960
4,0.13646942377090454,1766754799291
4,0.10072168707847595,1766754799616
4,0.18512536585330963,1766754799940
4,0.15014874935150146,1766754800274
4,0.007855568081140518,1766754800595
4,0.17238874733448029,1766754800915
4,0.2473069280385971,1766754801257
4,0.1484362632036209,1766754801597
4,0.11813463270664215,1766754801927
4,0.0019925215747207403,1766754802254
4,0.1291280835866928,1766754802587
4,0.25327086448669434,1766754802922
4,0.1500425785779953,1766754803276
4,0.030925577506422997,1766754803604
4,0.07195226103067398,1766754803938
4,0.0685039758682251,1766754804271
4,0.05116232484579086,1766754804596
4,0.2914767265319824,1766754804922
4,0.12292423099279404,1766754805245
4,0.13618457317352295,1766754805572
4,0.2179158627986908,1766754805907
4,0.29105377197265625,1766754806228
4,0.14029452204704285,1766754806548
4,0.23571322858333588,1766754806868
4,0.19611206650733948,1766754807201
4,0.18884634971618652,1766754807528
4,0.021904822438955307,1766754807849
4,0.008132508024573326,1766754808174
4,0.07922006398439407,1766754808499
4,0.3680783808231354,1766754808841
4,0.04948469251394272,1766754809180
4,0.1367049515247345,1766754809507
4,0.07382195442914963,1766754809841
4,0.21446847915649414,1766754810179
4,0.09690181910991669,1766754810505
4,0.2635423243045807,1766754810835
4,0.1571258157491684,1766754811164
4,0.09471698105335236,1766754811491
4,0.06800950318574905,1766754811818
4,0.2785840630531311,1766754812144
4,0.07433165609836578,1766754812464
4,0.09738306701183319,1766754812788
4,0.0031579374335706234,1766754813123
4,0.15560899674892426,1766754813445
4,0.165551096200943,1766754813769
4,0.12225887179374695,1766754814100
4,0.10982239246368408,1766754814433
4,0.06876154989004135,1766754814781
4,0.17266058921813965,1766754815113
4,0.0007107710698619485,1766754815442
4,0.17437884211540222,1766754815775
4,0.13442525267601013,1766754816107
4,0.21153810620307922,1766754816437
4,0.5114269256591797,1766754816760
4,0.2322300672531128,1766754817086
4,0.27725738286972046,1766754817413
4,0.08646758645772934,1766754817734
4,0.08944539725780487,1766754818051
4,0.267612487077713,1766754818374
4,0.11427786946296692,1766754818701
4,0.15549862384796143,1766754819048
4,0.19231274724006653,1766754819369
4,0.17606613039970398,1766754819697
4,0.22061637043952942,1766754820025
4,0.35391509532928467,1766754820367
4,0.08039771020412445,1766754820713
4,0.09434688091278076,1766754821041
4,0.3099978566169739,1766754821372
4,0.4425637125968933,1766754821705
4,0.08186540007591248,1766754822029
4,0.0035578019451349974,1766754822357
4,0.06512545049190521,1766754822682
4,0.09885051846504211,1766754823011
4,0.30773818492889404,1766754823341
4,0.3349214196205139,1766754823660
4,0.17068356275558472,1766754823980
4,0.07413201779127121,1766754824300
4,0.09926721453666687,1766754824640
4,0.06089847907423973,1766754824977
4,0.26595550775527954,1766754825309
4,0.09683284163475037,1766754825636
4,0.12737765908241272,1766754825964
4,0.10078049451112747,1766754826319
4,0.16975586116313934,1766754826650
4,0.1386217623949051,1766754826984
4,0.18407361209392548,1766754827320
4,0.09704764932394028,1766754827657
4,0.11142664402723312,1766754827987
4,0.2277737557888031,1766754828315
4,0.09578277170658112,1766754828644
4,0.3434760570526123,1766754828969
4,0.12359251081943512,1766754829291
4,0.19900235533714294,1766754829611
4,0.15310581028461456,1766754829930
4,0.20613031089305878,1766754830250
4,0.023419683799147606,1766754830587
4,0.12930580973625183,1766754830918
4,0.13368719816207886,1766754831241
4,0.1648082137107849,1766754831565
4,0.1670680195093155,1766754831904
4,0.029274582862854004,1766754832244
4,0.09870551526546478,1766754832579
4,0.04694880545139313,1766754832911
4,0.08954188227653503,1766754833248
4,0.06835438311100006,1766754833582
4,0.07381311058998108,1766754833908
4,0.08508481085300446,1766754834236
4,0.014142664149403572,1766754834566
4,0.13436299562454224,1766754834892
4,0.1448797881603241,1766754835211
4,0.14256969094276428,1766754835535
4,0.12174925208091736,1766754835856
4,0.19785557687282562,1766754836177
4,0.05449504405260086,1766754836514
4,0.3696753978729248,1766754836839
4,0.14651793241500854,1766754837166
4,0.007272360846400261,1766754837499
4,0.5628183484077454,1766754837851
4,0.4148235321044922,1766754838183
4,0.07340386509895325,1766754838513
4,0.3416889011859894,1766754838844
4,0.14061345160007477,1766754839180
4,0.24456971883773804,1766754839511
4,0.1072186604142189,1766754839839
4,0.12137244641780853,1766754840165
4,0.08277826011180878,1766754840493
4,0.1342337280511856,1766754840816
4,0.518144965171814,1766754841139
4,0.06036475673317909,1766754841461
4,0.11365342140197754,1766754841778
4,0.10146386921405792,1766754842112
4,0.1230321079492569,1766754842457
4,0.029872171580791473,1766754842781
4,0.09274333715438843,1766754843108
4,0.08626969903707504,1766754843448
4,0.1017095297574997,1766754843784
4,0.14941784739494324,1766754844112
4,0.1675625592470169,1766754844447
4,0.2290123999118805,1766754844780
4,0.006962100509554148,1766754845117
4,0.09630570560693741,1766754845446
4,0.08526070415973663,1766754845772
4,0.08074397593736649,1766754846095
4,0.09778265655040741,1766754846423
4,0.1606358289718628,1766754846741
4,0.11690276861190796,1766754847063
4,0.0367303229868412,1766754847382
4,0.16586507856845856,1766754847703
4,0.016393862664699554,1766754848043
4,0.11093601584434509,1766754848391
4,0.08005422353744507,1766754848721
4,0.023681819438934326,1766754849052
4,0.04939389228820801,1766754849403
4,0.19539473950862885,1766754849734
4,0.18847620487213135,1766754850077
4,0.34062251448631287,1766754850409
4,0.12659242749214172,1766754850745
4,0.049032989889383316,1766754851078
4,0.1700962632894516,1766754851402
4,0.17810262739658356,1766754851731
4,0.14769671857357025,1766754852060
4,0.24183468520641327,1766754852378
4,0.11247259378433228,1766754852699
4,0.10675463080406189,1766754853020
4,0.11477162688970566,1766754853341
4,0.07106168568134308,1766754853663
4,0.06544305384159088,1766754853996
4,0.5386828780174255,1766754854320
4,0.21672369539737701,1766754854642
4,0.1650322675704956,1766754854985
4,0.04861539974808693,1766754855329
4,0.07853539288043976,1766754855658
4,0.05754504352807999,1766754855994
4,0.11886534094810486,1766754856327
4,0.05208737030625343,1766754856665
4,0.1597534716129303,1766754856998
4,0.27917641401290894,1766754857322
4,0.04621217027306557,1766754857648
4,0.11688287556171417,1766754857975
4,0.08280812948942184,1766754858292
4,0.11850599944591522,1766754858611
4,0.23211927711963654,1766754858935
4,0.014126203954219818,1766754859255
4,0.09582731872797012,1766754859578
4,0.12564249336719513,1766754859917
4,0.3282366991043091,1766754860243
4,0.03131944686174393,1766754860563
4,0.1215817928314209,1766754860909
4,0.172805517911911,1766754861237
4,0.05477486178278923,1766754861569
4,0.23829784989356995,1766754861902
4,0.11583505570888519,1766754862237
4,0.06647593528032303,1766754862573
4,0.18454039096832275,1766754862901
4,0.190482035279274,1766754863225
4,0.15402892231941223,1766754863550
4,0.154184490442276,1766754863871
4,0.04967663809657097,1766754864189
4,0.0818185955286026,1766754864508
4,0.059013888239860535,1766754864833
4,0.09312288463115692,1766754865159
4,0.2936035394668579,1766754865491
4,0.09795420616865158,1766754865831
4,0.1032371073961258,1766754866154
4,0.25482290983200073,1766754866502
4,0.07957804203033447,1766754866839
4,0.20551061630249023,1766754867166
4,0.004730419721454382,1766754867500
4,0.1886887550354004,1766754867831
4,0.24800576269626617,1766754868168
4,0.05361843854188919,1766754868507
4,0.12219105660915375,1766754868834
4,0.07474837452173233,1766754869161
4,0.0017880294471979141,1766754869488
4,0.353834331035614,1766754869807
4,0.31284230947494507,1766754870129
4,0.06487751007080078,1766754870450
4,0.24500255286693573,1766754870770
4,0.1849004328250885,1766754871091
4,0.08426417410373688,1766754871433
4,0.10818575322628021,1766754871782
4,0.02280426025390625,1766754872117
4,0.12025338411331177,1766754872462
4,0.18080614507198334,1766754872787
4,0.24421203136444092,1766754873120
4,0.1259671151638031,1766754873453
4,0.11175976693630219,1766754873789
4,0.12173022329807281,1766754874126
4,0.14642742276191711,1766754874460
4,0.1939188539981842,1766754874786
4,0.2595842182636261,1766754875115
4,0.09782388061285019,1766754875435
4,0.1264304369688034,1766754875749
4,0.3629353642463684,1766754876071
4,0.09820997714996338,1766754876391
4,0.11726590991020203,1766754876711
4,0.22438126802444458,1766754877028
4,0.10250133275985718,1766754877364
4,0.15297462046146393,1766754877695
4,0.1800849735736847,1766754878035
4,0.06430260092020035,1766754878380
4,0.07940228283405304,1766754878708
4,0.2940463423728943,1766754879040
4,0.14236681163311005,1766754879376
4,0.2894386649131775,1766754879709
4,0.10379436612129211,1766754880044
4,0.09402386099100113,1766754880380
4,0.23168285191059113,1766754880703
4,0.2501446008682251,1766754881027
4,0.09700971096754074,1766754881344
4,0.2071351408958435,1766754881664
4,0.0820014476776123,1766754881985
4,0.09931756556034088,1766754882304
4,0.061366792768239975,1766754882622
4,0.27521780133247375,1766754882944
4,0.10114794969558716,1766754883276
4,0.073422372341156,1766754883595
4,0.44799476861953735,1766754883933
4,0.1246882975101471,1766754884260
4,0.24929890036582947,1766754884589
4,0.07575675845146179,1766754884919
4,0.005244186148047447,1766754885255
4,0.41060540080070496,1766754885592
4,0.11734266579151154,1766754885927
4,0.2662550210952759,1766754886260
4,0.044830262660980225,1766754886589
4,0.10546176135540009,1766754886907
4,0.16631430387496948,1766754887226
4,0.12155240774154663,1766754887548
4,0.18958702683448792,1766754887872
4,0.12100052088499069,1766754888196
4,0.24885693192481995,1766754888520
4,0.1564023792743683,1766754888841
4,0.023360157385468483,1766754889186
4,0.07460229098796844,1766754889529
4,0.08047433942556381,1766754889869
4,0.059327900409698486,1766754890202
4,0.11609340459108353,1766754890534
4,0.36679303646087646,1766754890872
4,0.2608286738395691,1766754891209
4,0.08067469298839569,1766754891541
4,0.11345228552818298,1766754891878
4,0.13516774773597717,1766754892203
4,0.09171462059020996,1766754892531
4,0.1075240969657898,1766754892851
4,0.07746689021587372,1766754893171
4,0.1327386349439621,1766754893492
4,0.17444033920764923,1766754893811
4,0.11001206934452057,1766754894131
4,0.06181526929140091,1766754894458
4,0.2956879138946533,1766754894794
4,0.1715793013572693,1766754895136
4,0.1406937837600708,1766754895479
4,0.04733232408761978,1766754895805
4,0.08068433403968811,1766754896127
4,0.2303514927625656,1766754896462
4,0.14615987241268158,1766754896801
4,0.03397703915834427,1766754897141
4,0.15456996858119965,1766754897477
4,0.10093061625957489,1766754897812
4,0.14407703280448914,1766754898138
4,0.14790385961532593,1766754898454
4,0.0712791457772255,1766754898771
4,0.4668888449668884,1766754899090
4,0.2843741476535797,1766754899408
4,0.10619887709617615,1766754899730
4,0.2101152092218399,1766754900052
4,0.06111704185605049,1766754900379
4,0.0722876638174057,1766754900721
4,0.15230029821395874,1766754901084
4,0.234366774559021,1766754901426
4,0.17528143525123596,1766754901756
4,0.1831119954586029,1766754902091
4,0.13625958561897278,1766754902422
4,0.2039492428302765,1766754902757
4,0.16954010725021362,1766754903092
4,0.11281303316354752,1766754903427
4,0.21395844221115112,1766754903758
4,0.08405819535255432,1766754904084
4,0.2679908275604248,1766754904399
4,0.11994653940200806,1766754904720
4,0.08220600336790085,1766754905037
4,0.2496831715106964,1766754905355
4,0.09977807104587555,1766754905676
4,0.13833053410053253,1766754905995
4,0.15489190816879272,1766754906317
4,0.031134646385908127,1766754906649
4,0.13342905044555664,1766754906991
4,0.16245627403259277,1766754907313
4,0.1463639736175537,1766754907639
4,0.22927697002887726,1766754907969
4,0.04555794969201088,1766754908302
4,0.046415966004133224,1766754908637
4,0.2500770390033722,1766754908973
4,0.0006327761802822351,1766754909304
4,0.1822229027748108,1766754909639
4,0.1698257029056549,1766754909959
4,0.11000367999076843,1766754910276
4,0.09247778356075287,1766754910596
4,0.05382167547941208,1766754910917
4,0.039503246545791626,1766754911236
4,0.1346946507692337,1766754911558
4,0.10801070183515549,1766754911885
4,0.056206364184617996,1766754912211
4,0.17022140324115753,1766754912558
4,0.08567502349615097,1766754912905
4,0.04606068506836891,1766754913233
4,0.1776169240474701,1766754913565
4,0.011476376093924046,1766754913898
4,0.03122864104807377,1766754914236
4,0.030967023223638535,1766754914568
4,0.18428859114646912,1766754914901
4,0.16317902505397797,1766754915235
4,0.04367072880268097,1766754915566
4,0.20193380117416382,1766754915884
4,0.04016068950295448,1766754916202
4,0.17235806584358215,1766754916523
4,0.14579859375953674,1766754916838
4,0.04113467037677765,1766754917158
4,0.22078295052051544,1766754917482
4,0.3401443064212799,1766754917807
4,0.14677578210830688,1766754918130
4,0.031500283628702164,1766754918481
4,0.07684429734945297,1766754918814
4,0.37872636318206787,1766754919142
4,0.074180468916893,1766754919469
4,0.04646819829940796,1766754919804
4,0.20205055177211761,1766754920140
4,0.036217641085386276,1766754920478
4,0.15749193727970123,1766754920809
4,0.318104088306427,1766754921146
4,0.26227256655693054,1766754921468
4,0.20571520924568176,1766754921786
4,0.061872001737356186,1766754922104
4,0.13195544481277466,1766754922424
4,0.13899245858192444,1766754922744
4,0.11611136049032211,1766754923066
4,0.08981987088918686,1766754923390
4,0.10391589254140854,1766754923719
4,0.09842754155397415,1766754924057
4,0.06426271051168442,1766754924429
4,0.3238843083381653,1766754924759
4,0.21566222608089447,1766754925097
4,0.11317475885152817,1766754925427
4,0.31417104601860046,1766754925765
4,0.11791743338108063,1766754926097
4,0.13002443313598633,1766754926433
4,0.46436023712158203,1766754926768
4,0.208226278424263,1766754927105
4,0.17472349107265472,1766754927426
4,0.06157446280121803,1766754927746
4,0.08988042175769806,1766754928061
4,0.32255828380584717,1766754928379
4,0.06812901794910431,1766754928704
4,0.13724040985107422,1766754929026
4,0.13789957761764526,1766754929344
4,0.1800955832004547,1766754929664
4,0.18546314537525177,1766754930009
4,0.36176377534866333,1766754930363
4,0.10772940516471863,1766754930681
4,0.07312659919261932,1766754931018
4,0.1026730164885521,1766754931351
4,0.09466847777366638,1766754931686
4,0.2483394891023636,1766754932021
4,0.009048182517290115,1766754932356
4,0.048275358974933624,1766754932689
4,0.07009607553482056,1766754933021
4,0.13801437616348267,1766754933340
4,0.39456480741500854,1766754933657
4,0.3579017221927643,1766754933974
4,0.18551096320152283,1766754934296
4,0.05811123549938202,1766754934620
4,0.14059168100357056,1766754934948
4,0.23906797170639038,1766754935270
4,0.28995755314826965,1766754935599
4,0.5819298624992371,1766754935971
4,0.3180103600025177,1766754936295
4,0.18169113993644714,1766754936627
4,0.008523007854819298,1766754936959
4,0.02441094070672989,1766754937296
4,0.16925805807113647,1766754937635
4,0.25078147649765015,1766754937968
4,0.05386146530508995,1766754938299
4,0.11284483969211578,1766754938637
4,0.15296486020088196,1766754938958
4,0.09669268131256104,1766754939279
4,0.023734064772725105,1766754939596
4,0.16356520354747772,1766754939913
4,0.23782691359519958,1766754940234
4,0.0820416808128357,1766754940556
4,0.19477340579032898,1766754940883
4,0.17546486854553223,1766754941204
4,0.14002764225006104,1766754941546
4,0.058983176946640015,1766754941900
4,0.06721644103527069,1766754942231
4,0.20759828388690948,1766754942564
4,0.21751278638839722,1766754942894
4,0.3097870945930481,1766754943231
4,0.1740526407957077,1766754943566
4,0.16083362698554993,1766754943900
4,0.0433773398399353,1766754944233
4,0.20093664526939392,1766754944567
4,0.130156472325325,1766754944881
4,0.07479678839445114,1766754945199
4,0.09557637572288513,1766754945520
4,0.07620645314455032,1766754945839
4,0.13572746515274048,1766754946158
4,0.11954574286937714,1766754946480
4,0.13237817585468292,1766754946808
4,0.28193384408950806,1766754947131
4,0.08479923009872437,1766754947494
4,0.18095025420188904,1766754947839
4,0.13817285001277924,1766754948172
4,0.3252994120121002,1766754948504
4,0.0807509794831276,1766754948841
4,0.15923207998275757,1766754949177
4,0.07440955936908722,1766754949512
4,0.05956505239009857,1766754949846
4,0.16471070051193237,1766754950176
4,0.12009494006633759,1766754950503
4,0.15479743480682373,1766754950820
4,0.05514977499842644,1766754951138
4,0.061018362641334534,1766754951458
4,0.03176681324839592,1766754951776
4,0.24614834785461426,1766754952102
4,0.08878128230571747,1766754952420
4,0.09604549407958984,1766754952742
4,0.3366994559764862,1766754953078
4,0.14869661629199982,1766754953429
4,0.04184702783823013,1766754953757
4,0.14002247154712677,1766754954085
4,0.14809785783290863,1766754954419
4,0.18502013385295868,1766754954755
4,0.2126748412847519,1766754955093
4,0.15583860874176025,1766754955427
4,0.0047006807290017605,1766754955763
4,0.054589930921792984,1766754956098
4,0.19552603363990784,1766754956423
4,0.13620740175247192,1766754956742
4,0.2184903621673584,1766754957065
4,0.001647698343731463,1766754957386
4,0.11043825000524521,1766754957702
4,0.132957324385643,1766754958028
4,0.10059267282485962,1766754958357
4,0.11259419471025467,1766754958679
4,0.04029272496700287,1766754959016
4,0.1056625097990036,1766754959349
4,0.12917748093605042,1766754959672
4,0.1718110293149948,1766754959998
4,0.09047831594944,1766754960328
4,0.08229666948318481,1766754960662
4,0.13907527923583984,1766754960996
4,0.09289970993995667,1766754961329
4,0.3709583282470703,1766754961663
4,0.21935877203941345,1766754961989
4,0.023313583806157112,1766754962312
4,0.22727446258068085,1766754962629
4,0.05546025186777115,1766754962950
4,0.29733583331108093,1766754963271
4,0.05289917811751366,1766754963592
4,0.034783437848091125,1766754963913
