gpu_temperature,Context.TRAINING,LoggingItemKind.SYSTEM_METRIC
0,36.0,1766522399131
0,44.0,1766522401174
0,46.0,1766522403163
0,47.0,1766522405099
0,47.0,1766522406987
0,48.0,1766522408940
0,48.0,1766522410742
0,50.0,1766522412632
0,51.0,1766522414467
0,50.0,1766522416285
0,51.0,1766522418132
0,53.0,1766522419988
0,52.0,1766522421894
0,52.0,1766522423755
0,53.0,1766522425555
0,54.0,1766522427400
0,54.0,1766522429192
0,54.0,1766522431052
0,56.0,1766522432923
0,55.0,1766522434751
0,57.0,1766522436535
0,56.0,1766522438449
0,57.0,1766522440254
0,57.0,1766522442116
0,58.0,1766522444002
0,58.0,1766522445867
0,58.0,1766522447689
0,59.0,1766522449557
0,59.0,1766522451397
0,60.0,1766522453275
0,61.0,1766522455170
0,60.0,1766522456987
0,61.0,1766522458848
0,61.0,1766522460612
0,61.0,1766522462559
0,61.0,1766522464425
0,62.0,1766522466344
0,62.0,1766522468199
0,62.0,1766522470069
0,62.0,1766522471892
0,63.0,1766522473743
0,63.0,1766522475608
0,63.0,1766522477465
0,63.0,1766522479355
0,63.0,1766522481181
0,63.0,1766522483001
0,63.0,1766522484871
0,63.0,1766522486643
0,64.0,1766522488569
0,64.0,1766522490444
0,64.0,1766522492249
0,64.0,1766522494142
0,64.0,1766522495982
0,64.0,1766522497798
0,64.0,1766522499672
0,66.0,1766522501535
0,64.0,1766522503388
0,66.0,1766522505232
0,66.0,1766522507115
0,65.0,1766522508905
0,65.0,1766522510809
0,65.0,1766522512614
0,66.0,1766522514539
0,66.0,1766522516410
0,65.0,1766522518250
0,66.0,1766522520140
0,66.0,1766522522003
0,67.0,1766522523762
0,66.0,1766522525638
0,66.0,1766522527520
0,66.0,1766522529363
0,68.0,1766522531192
0,66.0,1766522533102
0,66.0,1766522534982
0,66.0,1766522536819
0,67.0,1766522538726
0,67.0,1766522540575
0,67.0,1766522542429
0,67.0,1766522544302
0,69.0,1766522546153
0,68.0,1766522547923
0,67.0,1766522549775
0,68.0,1766522551701
0,67.0,1766522553575
0,68.0,1766522555419
0,68.0,1766522557283
0,68.0,1766522559132
0,68.0,1766522561064
0,67.0,1766522562871
0,67.0,1766522564796
0,67.0,1766522566595
0,67.0,1766522568476
0,68.0,1766522570362
0,68.0,1766522572208
0,68.0,1766522574074
0,67.0,1766522575904
0,68.0,1766522577739
0,67.0,1766522579619
0,69.0,1766522581447
0,68.0,1766522583357
0,68.0,1766522585339
0,67.0,1766522587184
0,68.0,1766522589070
0,67.0,1766522590987
0,69.0,1766522592792
0,69.0,1766522594665
0,69.0,1766522596571
0,69.0,1766522598381
0,68.0,1766522600235
0,68.0,1766522602108
0,68.0,1766522603932
0,68.0,1766522605813
0,70.0,1766522607656
0,68.0,1766522609503
0,68.0,1766522611389
0,70.0,1766522613216
0,68.0,1766522615003
0,67.0,1766522616880
0,68.0,1766522618723
0,68.0,1766522620592
0,68.0,1766522622450
0,68.0,1766522624336
0,68.0,1766522626144
0,68.0,1766522628037
0,68.0,1766522629936
0,68.0,1766522631795
0,68.0,1766522633697
0,68.0,1766522635475
0,68.0,1766522637342
0,68.0,1766522639229
0,68.0,1766522641099
0,68.0,1766522642923
0,68.0,1766522644762
0,69.0,1766522646672
0,68.0,1766522648559
0,70.0,1766522650351
0,70.0,1766522652205
0,68.0,1766522654130
0,69.0,1766522655994
0,69.0,1766522657894
0,71.0,1766522659703
0,70.0,1766522661562
0,69.0,1766522663402
0,69.0,1766522665240
0,70.0,1766522667117
0,68.0,1766522668986
0,69.0,1766522670840
0,69.0,1766522672752
0,68.0,1766522674596
0,70.0,1766522676427
0,68.0,1766522678294
0,68.0,1766522680137
0,70.0,1766522682031
0,70.0,1766522683867
0,68.0,1766522685743
0,68.0,1766522687589
0,69.0,1766522689467
0,69.0,1766522691359
0,68.0,1766522693251
0,68.0,1766522695125
0,68.0,1766522696969
0,69.0,1766522698888
0,68.0,1766522700685
0,69.0,1766522702574
0,69.0,1766522704484
0,69.0,1766522706423
0,70.0,1766522708255
0,69.0,1766522710166
0,69.0,1766522712030
0,70.0,1766522713966
0,69.0,1766522715910
0,69.0,1766522717794
0,70.0,1766522719702
0,69.0,1766522721519
0,70.0,1766522723477
0,68.0,1766522725280
0,70.0,1766522727181
0,70.0,1766522729070
0,69.0,1766522730897
0,69.0,1766522732703
0,69.0,1766522734606
0,69.0,1766522736451
0,69.0,1766522738292
0,69.0,1766522740190
0,69.0,1766522742056
0,69.0,1766522743882
0,71.0,1766522745703
0,69.0,1766522747598
0,70.0,1766522749419
0,70.0,1766522751344
0,69.0,1766522753197
0,69.0,1766522755040
0,69.0,1766522756915
0,69.0,1766522758751
0,70.0,1766522760584
0,69.0,1766522762498
0,69.0,1766522764338
0,69.0,1766522766323
0,69.0,1766522768102
0,69.0,1766522769944
0,71.0,1766522771753
0,69.0,1766522773625
0,69.0,1766522775552
0,70.0,1766522777405
0,68.0,1766522779260
0,69.0,1766522781138
0,69.0,1766522783013
0,68.0,1766522784852
0,70.0,1766522786708
0,69.0,1766522788616
0,69.0,1766522790503
0,68.0,1766522792355
0,69.0,1766522794274
0,69.0,1766522796145
0,68.0,1766522797970
0,69.0,1766522799876
0,69.0,1766522801759
0,70.0,1766522803570
0,69.0,1766522805462
0,70.0,1766522807331
0,68.0,1766522809044
0,68.0,1766522810944
0,69.0,1766522812816
0,68.0,1766522814664
0,68.0,1766522816513
0,70.0,1766522818470
0,69.0,1766522820464
0,69.0,1766522822329
0,68.0,1766522824182
0,68.0,1766522826072
0,68.0,1766522827885
0,69.0,1766522829736
0,68.0,1766522831571
0,68.0,1766522833477
0,68.0,1766522835354
0,68.0,1766522837229
0,68.0,1766522839063
0,70.0,1766522840906
0,69.0,1766522842749
0,68.0,1766522844636
0,69.0,1766522846487
0,68.0,1766522848346
0,68.0,1766522850231
0,68.0,1766522852052
0,70.0,1766522853858
0,69.0,1766522855781
0,68.0,1766522857609
0,68.0,1766522859482
0,68.0,1766522861326
0,69.0,1766522863180
0,68.0,1766522865046
0,68.0,1766522866885
0,70.0,1766522868752
0,68.0,1766522870642
0,68.0,1766522872497
0,68.0,1766522874318
0,69.0,1766522876252
0,69.0,1766522878084
0,70.0,1766522879936
0,68.0,1766522881837
0,68.0,1766522883661
0,68.0,1766522885510
0,70.0,1766522887336
0,70.0,1766522889258
0,68.0,1766522891099
0,69.0,1766522892967
0,70.0,1766522894815
0,68.0,1766522896670
0,69.0,1766522898552
0,68.0,1766522900363
0,70.0,1766522902214
0,68.0,1766522904104
0,70.0,1766522905969
0,68.0,1766522907842
0,69.0,1766522909667
0,68.0,1766522911545
0,68.0,1766522913428
0,68.0,1766522915317
0,68.0,1766522917137
0,68.0,1766522919015
0,70.0,1766522920905
0,68.0,1766522922677
0,68.0,1766522924591
0,69.0,1766522926766
0,68.0,1766522928705
0,67.0,1766522930660
0,69.0,1766522932689
0,69.0,1766522934724
0,67.0,1766522936639
0,67.0,1766522938597
0,68.0,1766522940601
0,68.0,1766522942481
0,68.0,1766522944502
0,69.0,1766522946462
0,68.0,1766522948402
0,67.0,1766522950297
0,69.0,1766522952248
0,68.0,1766522954228
0,68.0,1766522956075
0,68.0,1766522957922
0,69.0,1766522959907
0,68.0,1766522961760
0,68.0,1766522963639
0,69.0,1766522965514
0,67.0,1766522967356
0,67.0,1766522969210
0,68.0,1766522971061
0,68.0,1766522972959
0,69.0,1766522974855
0,67.0,1766522976645
0,68.0,1766522978527
0,68.0,1766522980357
0,68.0,1766522982259
0,68.0,1766522984123
0,69.0,1766522986018
0,68.0,1766522987870
0,68.0,1766522989711
0,68.0,1766522991554
0,68.0,1766522993425
0,68.0,1766522995296
0,68.0,1766522997177
0,68.0,1766522999071
0,68.0,1766523000938
0,68.0,1766523002730
0,68.0,1766523004575
0,68.0,1766523006505
0,68.0,1766523008275
0,68.0,1766523010215
0,68.0,1766523012024
0,68.0,1766523013926
0,68.0,1766523015790
0,68.0,1766523017670
0,68.0,1766523019528
0,68.0,1766523021391
0,69.0,1766523023217
0,68.0,1766523025099
0,68.0,1766523026927
0,68.0,1766523028772
0,68.0,1766523030678
0,68.0,1766523032503
0,69.0,1766523034418
0,68.0,1766523036259
0,69.0,1766523038087
0,68.0,1766523039991
0,68.0,1766523041881
0,69.0,1766523043729
0,68.0,1766523045599
0,68.0,1766523047441
0,69.0,1766523049295
0,68.0,1766523051166
0,69.0,1766523052996
0,70.0,1766523054869
0,68.0,1766523056722
0,68.0,1766523058616
0,68.0,1766523060425
0,68.0,1766523062351
0,69.0,1766523064213
0,68.0,1766523066138
0,70.0,1766523067962
0,68.0,1766523069839
0,68.0,1766523071669
0,68.0,1766523073575
0,68.0,1766523075471
0,70.0,1766523077326
0,68.0,1766523079223
0,68.0,1766523081109
0,69.0,1766523082980
0,68.0,1766523084822
0,69.0,1766523086725
0,68.0,1766523088541
0,68.0,1766523090382
0,68.0,1766523092297
0,70.0,1766523094136
0,68.0,1766523095997
0,68.0,1766523097883
0,69.0,1766523099786
0,69.0,1766523101618
0,68.0,1766523103484
0,70.0,1766523105375
0,69.0,1766523107243
0,71.0,1766523109067
0,69.0,1766523110998
0,69.0,1766523112930
0,68.0,1766523114812
0,69.0,1766523116790
0,68.0,1766523118670
0,70.0,1766523120591
0,68.0,1766523122459
0,68.0,1766523124330
0,69.0,1766523126303
0,68.0,1766523128188
0,69.0,1766523130044
0,68.0,1766523131850
0,70.0,1766523133825
0,68.0,1766523135680
0,69.0,1766523137568
0,68.0,1766523139517
0,69.0,1766523141351
0,70.0,1766523143294
0,68.0,1766523145175
0,70.0,1766523146995
0,70.0,1766523148896
0,69.0,1766523150812
0,69.0,1766523152647
0,69.0,1766523154501
0,69.0,1766523156353
0,70.0,1766523158245
0,68.0,1766523160111
0,70.0,1766523162000
0,69.0,1766523163836
0,69.0,1766523165770
0,69.0,1766523167623
0,69.0,1766523169488
0,69.0,1766523171309
0,68.0,1766523173196
0,69.0,1766523175027
0,69.0,1766523176902
0,69.0,1766523178789
0,68.0,1766523180653
0,69.0,1766523182518
0,68.0,1766523184345
0,69.0,1766523186242
0,69.0,1766523188077
0,68.0,1766523189921
0,68.0,1766523191806
0,69.0,1766523193693
0,69.0,1766523195556
0,68.0,1766523197387
0,68.0,1766523199266
0,70.0,1766523201138
0,68.0,1766523202998
0,68.0,1766523204866
0,70.0,1766523206707
0,68.0,1766523208559
0,69.0,1766523210446
0,68.0,1766523212293
0,68.0,1766523214156
0,68.0,1766523216028
0,69.0,1766523217911
0,68.0,1766523219814
0,68.0,1766523221679
0,68.0,1766523223521
0,69.0,1766523225417
0,68.0,1766523227274
0,69.0,1766523229112
0,68.0,1766523230991
0,70.0,1766523232884
0,69.0,1766523234733
0,68.0,1766523236581
0,70.0,1766523238472
0,70.0,1766523240337
0,70.0,1766523242186
0,70.0,1766523244058
0,68.0,1766523245992
0,69.0,1766523247824
0,70.0,1766523249690
0,69.0,1766523251565
0,70.0,1766523253421
0,68.0,1766523255274
0,68.0,1766523257146
0,70.0,1766523259031
0,70.0,1766523260894
0,68.0,1766523262727
0,70.0,1766523264564
0,70.0,1766523266428
0,70.0,1766523268295
0,68.0,1766523270148
0,67.0,1766523272022
0,69.0,1766523273959
0,69.0,1766523275791
0,68.0,1766523277847
0,68.0,1766523279663
0,70.0,1766523281441
0,68.0,1766523283098
0,68.0,1766523284968
0,68.0,1766523286879
0,69.0,1766523288709
0,68.0,1766523290608
0,68.0,1766523292467
0,67.0,1766523294342
0,68.0,1766523296193
0,70.0,1766523298039
0,70.0,1766523299884
0,70.0,1766523301752
0,68.0,1766523303636
0,70.0,1766523305461
0,70.0,1766523307354
0,69.0,1766523309192
0,68.0,1766523311067
0,68.0,1766523312937
0,70.0,1766523314770
0,68.0,1766523316607
0,70.0,1766523318482
0,67.0,1766523320336
0,69.0,1766523322216
0,70.0,1766523324051
0,70.0,1766523325914
0,68.0,1766523327759
0,68.0,1766523329616
0,68.0,1766523331512
0,69.0,1766523333386
0,70.0,1766523335222
0,68.0,1766523337073
0,69.0,1766523338934
0,68.0,1766523340820
0,68.0,1766523342663
0,70.0,1766523344525
0,68.0,1766523346387
0,68.0,1766523348233
0,70.0,1766523350100
0,68.0,1766523352055
0,69.0,1766523353859
0,70.0,1766523355738
0,68.0,1766523357625
0,70.0,1766523359474
0,68.0,1766523361135
0,69.0,1766523363003
0,68.0,1766523364843
0,70.0,1766523366740
0,68.0,1766523368564
0,70.0,1766523370438
0,68.0,1766523372293
0,70.0,1766523374135
0,68.0,1766523376015
0,69.0,1766523377872
0,70.0,1766523379723
0,68.0,1766523381624
0,69.0,1766523383470
0,68.0,1766523385338
0,69.0,1766523387186
0,68.0,1766523389031
0,70.0,1766523390900
0,70.0,1766523392767
0,68.0,1766523394607
0,70.0,1766523396437
0,70.0,1766523398128
0,68.0,1766523400006
0,68.0,1766523401847
0,68.0,1766523403726
0,68.0,1766523405550
0,69.0,1766523407433
0,68.0,1766523409334
0,68.0,1766523411215
0,69.0,1766523413062
0,68.0,1766523414932
0,70.0,1766523416796
0,70.0,1766523418636
0,69.0,1766523420490
0,70.0,1766523422337
0,70.0,1766523424161
0,70.0,1766523426077
0,70.0,1766523427939
0,70.0,1766523429749
0,70.0,1766523431632
0,68.0,1766523433518
0,69.0,1766523435384
0,70.0,1766523437214
0,68.0,1766523439064
0,69.0,1766523440939
0,69.0,1766523442759
0,68.0,1766523444592
0,70.0,1766523446480
0,70.0,1766523448332
0,70.0,1766523450205
0,68.0,1766523452127
0,70.0,1766523453996
0,68.0,1766523455826
0,68.0,1766523457706
0,68.0,1766523459567
0,70.0,1766523461385
0,69.0,1766523463328
0,69.0,1766523465166
0,68.0,1766523466978
0,69.0,1766523468862
0,69.0,1766523470697
0,69.0,1766523472540
0,68.0,1766523474383
0,70.0,1766523476275
0,68.0,1766523478167
0,68.0,1766523480098
0,70.0,1766523481860
0,69.0,1766523483819
0,68.0,1766523485611
0,70.0,1766523487469
0,68.0,1766523489368
0,68.0,1766523491209
0,68.0,1766523493065
0,68.0,1766523494896
0,68.0,1766523496727
0,68.0,1766523498614
0,68.0,1766523500431
0,69.0,1766523502396
0,69.0,1766523504222
0,70.0,1766523506111
0,69.0,1766523508026
0,69.0,1766523509914
0,68.0,1766523511700
0,68.0,1766523513555
0,68.0,1766523515413
0,69.0,1766523517354
0,69.0,1766523519179
0,68.0,1766523521013
0,68.0,1766523522963
0,69.0,1766523524849
0,66.0,1766523527166
0,68.0,1766523529012
0,69.0,1766523530973
0,68.0,1766523532830
0,69.0,1766523534689
0,69.0,1766523536509
0,68.0,1766523538440
0,70.0,1766523540364
0,69.0,1766523542224
0,69.0,1766523544124
0,68.0,1766523545996
0,69.0,1766523547858
0,69.0,1766523549739
0,68.0,1766523551544
0,69.0,1766523553441
0,69.0,1766523555270
0,68.0,1766523557117
0,69.0,1766523559031
0,69.0,1766523560817
0,70.0,1766523562660
0,69.0,1766523564596
0,69.0,1766523566374
0,68.0,1766523568242
0,68.0,1766523570107
0,68.0,1766523571923
0,69.0,1766523573787
0,68.0,1766523575667
0,68.0,1766523577539
0,69.0,1766523579407
0,69.0,1766523581282
0,69.0,1766523583146
0,69.0,1766523584978
0,69.0,1766523586873
0,69.0,1766523588742
0,69.0,1766523590554
0,69.0,1766523592437
0,69.0,1766523594271
0,69.0,1766523596127
0,69.0,1766523597979
0,69.0,1766523599870
0,71.0,1766523601664
0,71.0,1766523603493
0,69.0,1766523605336
0,70.0,1766523607191
0,69.0,1766523608835
0,70.0,1766523610687
0,70.0,1766523612594
0,69.0,1766523614479
0,70.0,1766523616330
0,71.0,1766523618143
0,71.0,1766523620049
0,70.0,1766523621868
0,69.0,1766523623754
0,70.0,1766523625624
0,71.0,1766523627500
0,71.0,1766523629344
0,69.0,1766523631232
0,71.0,1766523633076
0,71.0,1766523634952
0,69.0,1766523636811
0,71.0,1766523638688
0,69.0,1766523640545
0,70.0,1766523642390
0,69.0,1766523644253
0,69.0,1766523646121
0,71.0,1766523647972
0,71.0,1766523649824
0,71.0,1766523651674
0,69.0,1766523653531
0,70.0,1766523655395
0,70.0,1766523657235
0,69.0,1766523659103
0,71.0,1766523660959
0,71.0,1766523662796
0,69.0,1766523664666
0,72.0,1766523666510
0,70.0,1766523668399
0,69.0,1766523670246
0,70.0,1766523672092
0,71.0,1766523673926
0,69.0,1766523675831
0,69.0,1766523677732
0,71.0,1766523679562
0,69.0,1766523681454
0,71.0,1766523683311
0,69.0,1766523685218
0,70.0,1766523687050
0,71.0,1766523688936
0,70.0,1766523690791
0,71.0,1766523692656
0,72.0,1766523694526
0,69.0,1766523696385
0,71.0,1766523698248
0,69.0,1766523700133
0,69.0,1766523702010
0,71.0,1766523703879
0,69.0,1766523705723
0,69.0,1766523707541
0,69.0,1766523709438
0,69.0,1766523711357
0,71.0,1766523713186
0,70.0,1766523715058
0,69.0,1766523716925
0,69.0,1766523718787
0,71.0,1766523720638
0,71.0,1766523722477
0,69.0,1766523724360
0,69.0,1766523726236
0,70.0,1766523728111
0,70.0,1766523729945
0,69.0,1766523731823
0,71.0,1766523733704
0,69.0,1766523735539
0,71.0,1766523737387
0,70.0,1766523739301
0,69.0,1766523741116
0,69.0,1766523743017
0,70.0,1766523744837
0,69.0,1766523746730
0,70.0,1766523748563
0,70.0,1766523750382
0,68.0,1766523752310
0,70.0,1766523754163
0,68.0,1766523756019
0,69.0,1766523757879
0,70.0,1766523759736
0,68.0,1766523761595
0,68.0,1766523763446
0,70.0,1766523765333
0,68.0,1766523767214
0,68.0,1766523769053
0,70.0,1766523770920
0,68.0,1766523772795
0,68.0,1766523774685
0,68.0,1766523776521
0,68.0,1766523778415
0,69.0,1766523780269
0,69.0,1766523782148
0,68.0,1766523784028
0,68.0,1766523785913
0,68.0,1766523787706
0,68.0,1766523789611
0,70.0,1766523791447
0,70.0,1766523793312
0,70.0,1766523795143
0,68.0,1766523797019
0,69.0,1766523798884
0,69.0,1766523800747
0,68.0,1766523802579
0,70.0,1766523804426
0,70.0,1766523806264
0,68.0,1766523808200
0,70.0,1766523810051
0,69.0,1766523811886
0,68.0,1766523813791
0,71.0,1766523815604
0,68.0,1766523817485
0,69.0,1766523819340
0,69.0,1766523821177
0,68.0,1766523823043
0,70.0,1766523824879
0,70.0,1766523827136
0,68.0,1766523828917
0,68.0,1766523830781
0,68.0,1766523832650
0,69.0,1766523834530
0,68.0,1766523836372
0,68.0,1766523838278
0,69.0,1766523840102
0,68.0,1766523841968
0,70.0,1766523843775
0,68.0,1766523845671
0,68.0,1766523847516
0,68.0,1766523849416
0,68.0,1766523851275
0,68.0,1766523853133
0,68.0,1766523854968
0,68.0,1766523856818
0,70.0,1766523858769
0,68.0,1766523860538
0,68.0,1766523862427
0,69.0,1766523864313
0,68.0,1766523866161
0,68.0,1766523868072
0,68.0,1766523869943
0,68.0,1766523871749
0,69.0,1766523873683
0,68.0,1766523875477
0,69.0,1766523877361
0,68.0,1766523879381
0,68.0,1766523881213
0,68.0,1766523883040
0,70.0,1766523884969
0,68.0,1766523886857
0,69.0,1766523888711
0,68.0,1766523890544
0,68.0,1766523892421
0,68.0,1766523894286
0,68.0,1766523896128
0,69.0,1766523897956
0,68.0,1766523899878
0,68.0,1766523901719
0,68.0,1766523903585
0,68.0,1766523905465
0,69.0,1766523907334
0,68.0,1766523909170
0,68.0,1766523911032
0,68.0,1766523912792
0,68.0,1766523914716
0,68.0,1766523916595
0,69.0,1766523918490
0,68.0,1766523920297
0,70.0,1766523922127
0,68.0,1766523923990
0,70.0,1766523925936
0,69.0,1766523927756
0,69.0,1766523929634
0,68.0,1766523931536
0,68.0,1766523933353
0,68.0,1766523935204
0,68.0,1766523937086
0,68.0,1766523938948
0,68.0,1766523940765
0,68.0,1766523942646
0,68.0,1766523944523
0,68.0,1766523946382
0,68.0,1766523948230
0,68.0,1766523950116
0,69.0,1766523951894
0,69.0,1766523953770
0,69.0,1766523955649
0,68.0,1766523957480
0,70.0,1766523959309
0,68.0,1766523961236
0,70.0,1766523963060
0,69.0,1766523964923
0,68.0,1766523966763
0,69.0,1766523968634
0,68.0,1766523970495
0,70.0,1766523972372
0,68.0,1766523974240
0,68.0,1766523976107
0,68.0,1766523978008
0,70.0,1766523979771
0,68.0,1766523981685
0,68.0,1766523983535
0,68.0,1766523985418
0,68.0,1766523987247
0,68.0,1766523989114
0,68.0,1766523990948
0,68.0,1766523992828
0,69.0,1766523994700
0,70.0,1766523996535
0,68.0,1766523998429
0,68.0,1766524000289
0,70.0,1766524002147
0,68.0,1766524004062
0,68.0,1766524005871
0,68.0,1766524007723
0,70.0,1766524009568
0,68.0,1766524011432
0,70.0,1766524013282
0,68.0,1766524015144
0,70.0,1766524016961
0,68.0,1766524018856
0,70.0,1766524020651
0,70.0,1766524022533
0,68.0,1766524024433
0,69.0,1766524026332
0,68.0,1766524028233
0,69.0,1766524030097
0,68.0,1766524031958
0,68.0,1766524033832
0,69.0,1766524035647
0,68.0,1766524037486
0,68.0,1766524039402
0,69.0,1766524041180
0,68.0,1766524043098
0,68.0,1766524044931
0,70.0,1766524046771
0,68.0,1766524048644
0,68.0,1766524050496
0,70.0,1766524052332
0,68.0,1766524054197
0,69.0,1766524056076
0,68.0,1766524057930
0,68.0,1766524059870
0,68.0,1766524061707
0,68.0,1766524063508
0,68.0,1766524065397
0,68.0,1766524067235
0,69.0,1766524069091
0,68.0,1766524071030
0,69.0,1766524072875
0,70.0,1766524074704
0,69.0,1766524076577
0,70.0,1766524078452
0,68.0,1766524080319
0,69.0,1766524082173
0,71.0,1766524084017
0,68.0,1766524085904
0,68.0,1766524087744
0,68.0,1766524089586
0,68.0,1766524091438
0,68.0,1766524093318
0,68.0,1766524095164
0,70.0,1766524097041
0,68.0,1766524098931
0,68.0,1766524100782
0,70.0,1766524102623
0,70.0,1766524104483
0,68.0,1766524106382
0,70.0,1766524108207
0,71.0,1766524110082
0,70.0,1766524111951
0,69.0,1766524113798
0,68.0,1766524115652
0,70.0,1766524117497
0,71.0,1766524119368
0,70.0,1766524121217
0,69.0,1766524123108
0,69.0,1766524124953
0,69.0,1766524126804
0,69.0,1766524128670
0,71.0,1766524130555
0,71.0,1766524132404
0,70.0,1766524134062
0,69.0,1766524135913
0,71.0,1766524137800
0,71.0,1766524139643
0,69.0,1766524141504
0,69.0,1766524143376
0,71.0,1766524145200
0,72.0,1766524147070
1,69.0,1766524148359
1,69.0,1766524150186
1,69.0,1766524152067
1,70.0,1766524153903
1,71.0,1766524155747
1,69.0,1766524157659
1,69.0,1766524159525
1,69.0,1766524161385
1,69.0,1766524163209
1,69.0,1766524165057
1,69.0,1766524166946
1,68.0,1766524168792
1,71.0,1766524170666
1,68.0,1766524172387
1,70.0,1766524174301
1,68.0,1766524176212
1,69.0,1766524178003
1,71.0,1766524179871
1,69.0,1766524181683
1,71.0,1766524183558
1,68.0,1766524185288
1,68.0,1766524187180
1,69.0,1766524189013
1,68.0,1766524190885
1,70.0,1766524192708
1,68.0,1766524194608
1,71.0,1766524196486
1,68.0,1766524198357
1,69.0,1766524200232
1,68.0,1766524202109
1,68.0,1766524203940
1,68.0,1766524205807
1,68.0,1766524207668
1,68.0,1766524209505
1,68.0,1766524211424
1,68.0,1766524213267
1,69.0,1766524215096
1,68.0,1766524216976
1,70.0,1766524218821
1,68.0,1766524220696
1,69.0,1766524222537
1,68.0,1766524224402
1,68.0,1766524226314
1,69.0,1766524228098
1,68.0,1766524230006
1,68.0,1766524231913
1,68.0,1766524233768
1,68.0,1766524235565
1,68.0,1766524237477
1,69.0,1766524239297
1,68.0,1766524241165
1,69.0,1766524243040
1,69.0,1766524244960
1,68.0,1766524246733
1,68.0,1766524248608
1,68.0,1766524250534
1,68.0,1766524252398
1,70.0,1766524254227
1,68.0,1766524256083
1,68.0,1766524257943
1,70.0,1766524259843
1,70.0,1766524261672
1,70.0,1766524263511
1,70.0,1766524265363
1,70.0,1766524267254
1,69.0,1766524269117
1,68.0,1766524270982
1,70.0,1766524272844
1,68.0,1766524274701
1,69.0,1766524276540
1,68.0,1766524278439
1,69.0,1766524280301
1,69.0,1766524282116
1,70.0,1766524283933
1,68.0,1766524285850
1,70.0,1766524287719
1,68.0,1766524289579
1,68.0,1766524291463
1,69.0,1766524293304
1,69.0,1766524295110
1,68.0,1766524297034
1,70.0,1766524298867
1,70.0,1766524300704
1,68.0,1766524302570
1,69.0,1766524304404
1,68.0,1766524306300
1,68.0,1766524308165
1,68.0,1766524310064
1,68.0,1766524311903
1,68.0,1766524313791
1,68.0,1766524315636
1,68.0,1766524317527
1,70.0,1766524319358
1,70.0,1766524321218
1,68.0,1766524323058
1,69.0,1766524324926
1,68.0,1766524326758
1,68.0,1766524328668
1,69.0,1766524330478
1,68.0,1766524332411
1,68.0,1766524334266
1,68.0,1766524336081
1,68.0,1766524338014
1,68.0,1766524339875
1,68.0,1766524341703
1,68.0,1766524343664
1,68.0,1766524345499
1,68.0,1766524347334
1,69.0,1766524349219
1,68.0,1766524351042
1,68.0,1766524352910
1,68.0,1766524354763
1,69.0,1766524356634
1,68.0,1766524358473
1,68.0,1766524360351
1,68.0,1766524362196
1,68.0,1766524364048
1,68.0,1766524365977
1,70.0,1766524368138
1,68.0,1766524369862
1,68.0,1766524371646
1,68.0,1766524373581
1,69.0,1766524375480
1,69.0,1766524377388
1,68.0,1766524379180
1,69.0,1766524381053
1,68.0,1766524382963
1,69.0,1766524384824
1,68.0,1766524386665
1,68.0,1766524388530
1,70.0,1766524390361
1,69.0,1766524392076
1,68.0,1766524394066
1,68.0,1766524396021
1,68.0,1766524397897
1,68.0,1766524399703
1,68.0,1766524401521
1,68.0,1766524403411
1,68.0,1766524405261
1,69.0,1766524407128
1,68.0,1766524409016
1,68.0,1766524410852
1,68.0,1766524412705
1,68.0,1766524414613
1,69.0,1766524416496
1,68.0,1766524418320
1,68.0,1766524420225
1,68.0,1766524422144
1,68.0,1766524423951
1,69.0,1766524425862
1,68.0,1766524427772
1,68.0,1766524429635
1,68.0,1766524431519
1,68.0,1766524433323
1,69.0,1766524435196
1,68.0,1766524437110
1,68.0,1766524438908
1,68.0,1766524440845
1,68.0,1766524442650
1,69.0,1766524444458
1,69.0,1766524446365
1,70.0,1766524448159
1,68.0,1766524450065
1,68.0,1766524451899
1,68.0,1766524453760
1,68.0,1766524455621
1,68.0,1766524457489
1,68.0,1766524459346
1,68.0,1766524461213
1,68.0,1766524463050
1,68.0,1766524464917
1,68.0,1766524466791
1,68.0,1766524468627
1,68.0,1766524470479
1,70.0,1766524472325
1,68.0,1766524474231
1,68.0,1766524476064
1,69.0,1766524477919
1,68.0,1766524479765
1,68.0,1766524481629
1,68.0,1766524483498
1,68.0,1766524485364
1,69.0,1766524487407
1,68.0,1766524489120
1,68.0,1766524490968
1,70.0,1766524492813
1,68.0,1766524494672
1,69.0,1766524496520
1,69.0,1766524498409
1,68.0,1766524500237
1,68.0,1766524502135
1,68.0,1766524503982
1,68.0,1766524505875
1,68.0,1766524507674
1,69.0,1766524509535
1,70.0,1766524511437
1,70.0,1766524513239
1,70.0,1766524515112
1,68.0,1766524516954
1,68.0,1766524518831
1,69.0,1766524520705
1,68.0,1766524522590
1,69.0,1766524524450
1,70.0,1766524526320
1,68.0,1766524528148
1,68.0,1766524530073
1,70.0,1766524531802
1,70.0,1766524533724
1,70.0,1766524535540
1,69.0,1766524537389
1,70.0,1766524539222
1,70.0,1766524541110
1,68.0,1766524542939
1,68.0,1766524544753
1,70.0,1766524546753
1,70.0,1766524548611
1,70.0,1766524550508
1,70.0,1766524552335
1,70.0,1766524554216
1,70.0,1766524556078
1,70.0,1766524557941
1,70.0,1766524559795
1,70.0,1766524561668
1,70.0,1766524563524
1,70.0,1766524565382
1,70.0,1766524567230
1,68.0,1766524569122
1,70.0,1766524570991
1,70.0,1766524572867
1,70.0,1766524574704
1,70.0,1766524576604
1,70.0,1766524578456
1,70.0,1766524580290
1,70.0,1766524582156
1,70.0,1766524584012
1,70.0,1766524585870
1,70.0,1766524587726
1,68.0,1766524589606
1,70.0,1766524591461
1,70.0,1766524593343
1,70.0,1766524595199
1,70.0,1766524597043
1,70.0,1766524598899
1,70.0,1766524600749
1,70.0,1766524602626
1,70.0,1766524604447
1,70.0,1766524606327
1,68.0,1766524608218
1,70.0,1766524610045
1,70.0,1766524611922
1,70.0,1766524613802
1,70.0,1766524615667
1,70.0,1766524617490
1,70.0,1766524619384
1,68.0,1766524621233
1,70.0,1766524623221
1,70.0,1766524625077
1,70.0,1766524626980
1,70.0,1766524628860
1,70.0,1766524630725
1,70.0,1766524632583
1,70.0,1766524634455
1,69.0,1766524636288
1,70.0,1766524638129
1,70.0,1766524640008
1,70.0,1766524641850
1,70.0,1766524643735
1,70.0,1766524645545
1,70.0,1766524647417
1,70.0,1766524649251
1,70.0,1766524651125
1,70.0,1766524652957
1,70.0,1766524654842
1,68.0,1766524656687
1,70.0,1766524658536
1,70.0,1766524660405
1,70.0,1766524662236
1,70.0,1766524664107
1,70.0,1766524665972
1,70.0,1766524667911
1,70.0,1766524669681
1,70.0,1766524671558
1,71.0,1766524673403
1,70.0,1766524675292
1,70.0,1766524677153
1,71.0,1766524678985
1,70.0,1766524680851
1,71.0,1766524682723
1,70.0,1766524684546
1,71.0,1766524686404
1,70.0,1766524688280
1,70.0,1766524690156
1,71.0,1766524692005
1,71.0,1766524693869
1,70.0,1766524695770
1,71.0,1766524697605
1,71.0,1766524699485
1,71.0,1766524701326
1,71.0,1766524703180
1,71.0,1766524705039
1,71.0,1766524706899
1,71.0,1766524708778
1,71.0,1766524710641
1,71.0,1766524712523
1,71.0,1766524714360
1,71.0,1766524716228
1,71.0,1766524718091
1,71.0,1766524719994
1,71.0,1766524721889
1,71.0,1766524723732
1,71.0,1766524725583
1,71.0,1766524727538
1,71.0,1766524729324
1,71.0,1766524731196
1,71.0,1766524733050
1,71.0,1766524734941
1,71.0,1766524736790
1,71.0,1766524738658
1,70.0,1766524740522
1,71.0,1766524742383
1,71.0,1766524744257
1,70.0,1766524746140
1,71.0,1766524747987
1,70.0,1766524749871
1,70.0,1766524751737
1,70.0,1766524753596
1,70.0,1766524755447
1,70.0,1766524757319
1,71.0,1766524759182
1,71.0,1766524761075
1,70.0,1766524762935
1,70.0,1766524764793
1,70.0,1766524766392
1,71.0,1766524768261
1,70.0,1766524770131
1,70.0,1766524772007
1,71.0,1766524773874
1,70.0,1766524775729
1,71.0,1766524777590
1,71.0,1766524779442
1,70.0,1766524781318
1,68.0,1766524783179
1,70.0,1766524785174
1,70.0,1766524787056
1,70.0,1766524788904
1,70.0,1766524790779
1,70.0,1766524792618
1,71.0,1766524794463
1,68.0,1766524796348
1,70.0,1766524798218
1,70.0,1766524800078
1,70.0,1766524801911
1,71.0,1766524803784
1,69.0,1766524805647
1,70.0,1766524807504
1,71.0,1766524809366
1,70.0,1766524811213
1,71.0,1766524813092
1,71.0,1766524814955
1,69.0,1766524816838
1,71.0,1766524818678
1,70.0,1766524820558
1,71.0,1766524822400
1,71.0,1766524824243
1,71.0,1766524826090
1,71.0,1766524827924
1,71.0,1766524829807
1,71.0,1766524831677
1,71.0,1766524833503
1,71.0,1766524835372
1,71.0,1766524837262
1,71.0,1766524839110
1,71.0,1766524840995
1,72.0,1766524842848
1,71.0,1766524844708
1,71.0,1766524846556
1,71.0,1766524848444
1,71.0,1766524850284
1,71.0,1766524852153
1,71.0,1766524854034
1,71.0,1766524855936
1,71.0,1766524857778
1,72.0,1766524859665
1,70.0,1766524861525
1,71.0,1766524863364
1,72.0,1766524865260
1,71.0,1766524867094
1,71.0,1766524868995
1,71.0,1766524870831
1,71.0,1766524872739
1,71.0,1766524874614
1,71.0,1766524876477
1,71.0,1766524878345
1,71.0,1766524880225
1,71.0,1766524882057
1,71.0,1766524883941
1,71.0,1766524885779
1,71.0,1766524887644
1,70.0,1766524889512
1,71.0,1766524891354
1,71.0,1766524893248
1,71.0,1766524895091
1,71.0,1766524896968
1,71.0,1766524898821
1,70.0,1766524900694
1,70.0,1766524902540
1,70.0,1766524904431
1,70.0,1766524906269
1,70.0,1766524907899
1,71.0,1766524909756
1,68.0,1766524911615
1,70.0,1766524913496
1,70.0,1766524915369
1,71.0,1766524917253
1,70.0,1766524919097
1,70.0,1766524920961
1,71.0,1766524922812
1,70.0,1766524924663
1,71.0,1766524926507
1,70.0,1766524928393
1,71.0,1766524930246
1,71.0,1766524932141
1,70.0,1766524933975
1,70.0,1766524935858
1,71.0,1766524937727
1,70.0,1766524939581
1,70.0,1766524941438
1,71.0,1766524943333
1,70.0,1766524945175
1,70.0,1766524947072
1,68.0,1766524948935
1,71.0,1766524950922
1,71.0,1766524952823
1,70.0,1766524954667
1,70.0,1766524956528
1,69.0,1766524958404
1,70.0,1766524960246
1,71.0,1766524962108
1,70.0,1766524963982
1,70.0,1766524965852
1,71.0,1766524967695
1,68.0,1766524969604
1,70.0,1766524971453
1,71.0,1766524973309
1,70.0,1766524975166
1,70.0,1766524977032
1,70.0,1766524978904
1,70.0,1766524980775
1,70.0,1766524982612
1,70.0,1766524984451
1,70.0,1766524986323
1,71.0,1766524988190
1,70.0,1766524990039
1,71.0,1766524991923
1,70.0,1766524993755
1,70.0,1766524995596
1,71.0,1766524997467
1,70.0,1766524999326
1,70.0,1766525001181
1,70.0,1766525003040
1,70.0,1766525004897
1,70.0,1766525006736
1,70.0,1766525008602
1,70.0,1766525010475
1,70.0,1766525012322
1,70.0,1766525014176
1,70.0,1766525016022
1,70.0,1766525017874
1,70.0,1766525019734
1,70.0,1766525021597
1,70.0,1766525023455
1,70.0,1766525025331
1,70.0,1766525027218
1,70.0,1766525029086
1,70.0,1766525030953
1,70.0,1766525032827
1,70.0,1766525034687
1,70.0,1766525036536
1,70.0,1766525038382
1,70.0,1766525040233
1,70.0,1766525042072
1,70.0,1766525043931
1,70.0,1766525045782
1,70.0,1766525047612
1,70.0,1766525049473
1,70.0,1766525051315
1,70.0,1766525053171
1,70.0,1766525055030
1,70.0,1766525056882
1,70.0,1766525058730
1,70.0,1766525060599
1,70.0,1766525062484
1,70.0,1766525064343
1,70.0,1766525066217
1,70.0,1766525068099
1,70.0,1766525069975
1,71.0,1766525071850
1,70.0,1766525073712
1,70.0,1766525075587
1,70.0,1766525077437
1,70.0,1766525079302
1,70.0,1766525081158
1,71.0,1766525083039
1,70.0,1766525084915
1,71.0,1766525086782
1,71.0,1766525088648
1,70.0,1766525090497
1,71.0,1766525092357
1,71.0,1766525094215
1,71.0,1766525096067
1,71.0,1766525097930
1,71.0,1766525099783
1,71.0,1766525101668
1,71.0,1766525103524
1,71.0,1766525105385
1,71.0,1766525107234
1,71.0,1766525109096
1,71.0,1766525110972
1,71.0,1766525112814
1,70.0,1766525114693
1,71.0,1766525116578
1,71.0,1766525118410
1,70.0,1766525120275
1,71.0,1766525122141
1,71.0,1766525124018
1,71.0,1766525125897
1,70.0,1766525127781
1,70.0,1766525129669
1,71.0,1766525131522
1,70.0,1766525133402
1,70.0,1766525135289
1,70.0,1766525137157
1,70.0,1766525139015
1,70.0,1766525140873
1,71.0,1766525142735
1,70.0,1766525144586
1,70.0,1766525146451
1,70.0,1766525148309
1,70.0,1766525150169
1,70.0,1766525152023
1,70.0,1766525153897
1,70.0,1766525155769
1,70.0,1766525157602
1,70.0,1766525159445
1,70.0,1766525161308
1,70.0,1766525163157
1,70.0,1766525165021
1,70.0,1766525166862
1,71.0,1766525168734
1,70.0,1766525170606
1,70.0,1766525172464
1,71.0,1766525174321
1,70.0,1766525176193
1,70.0,1766525178071
1,70.0,1766525179946
1,70.0,1766525181807
1,70.0,1766525183681
1,70.0,1766525185544
1,70.0,1766525187410
1,70.0,1766525189254
1,70.0,1766525191127
1,70.0,1766525193001
1,70.0,1766525194851
1,68.0,1766525196717
1,70.0,1766525198739
1,70.0,1766525200596
1,70.0,1766525202472
1,70.0,1766525204344
1,70.0,1766525206226
1,70.0,1766525208086
1,70.0,1766525209957
1,70.0,1766525211813
1,70.0,1766525213688
1,70.0,1766525215550
1,68.0,1766525217415
1,70.0,1766525219446
1,70.0,1766525221299
1,70.0,1766525223145
1,70.0,1766525225012
1,70.0,1766525226887
1,70.0,1766525228724
1,70.0,1766525230621
1,70.0,1766525232496
1,70.0,1766525234351
1,69.0,1766525236206
1,70.0,1766525238050
1,70.0,1766525239899
1,70.0,1766525241753
1,70.0,1766525243631
1,70.0,1766525245509
1,70.0,1766525247349
1,70.0,1766525249241
1,70.0,1766525251128
1,70.0,1766525252992
1,70.0,1766525254834
1,70.0,1766525256689
1,70.0,1766525258572
1,69.0,1766525260412
1,70.0,1766525262279
1,71.0,1766525264142
1,69.0,1766525266015
1,70.0,1766525267878
1,70.0,1766525269726
1,70.0,1766525271584
1,70.0,1766525273460
1,68.0,1766525275304
1,70.0,1766525277167
1,71.0,1766525279034
1,70.0,1766525280893
1,71.0,1766525282766
1,70.0,1766525284621
1,70.0,1766525286480
1,71.0,1766525288336
1,70.0,1766525290217
1,71.0,1766525292076
1,71.0,1766525293913
1,70.0,1766525295781
1,71.0,1766525297666
1,71.0,1766525299501
1,69.0,1766525301401
1,71.0,1766525303252
1,71.0,1766525304856
1,71.0,1766525306740
1,71.0,1766525308588
1,71.0,1766525310464
1,71.0,1766525312361
1,71.0,1766525314232
1,71.0,1766525316093
1,71.0,1766525317946
1,71.0,1766525319768
1,71.0,1766525321664
1,71.0,1766525323248
1,71.0,1766525325123
1,71.0,1766525326984
1,71.0,1766525328844
1,71.0,1766525330704
1,71.0,1766525332585
1,71.0,1766525334435
1,71.0,1766525336298
1,71.0,1766525338153
1,71.0,1766525340019
1,71.0,1766525341913
1,71.0,1766525343773
1,71.0,1766525345615
1,71.0,1766525347486
1,71.0,1766525349347
1,71.0,1766525351210
1,71.0,1766525353067
1,71.0,1766525354943
1,71.0,1766525356815
1,71.0,1766525358675
1,71.0,1766525360542
1,70.0,1766525362422
1,70.0,1766525364278
1,71.0,1766525366136
1,70.0,1766525368014
1,70.0,1766525369884
1,71.0,1766525371756
1,70.0,1766525373610
1,70.0,1766525375473
1,70.0,1766525377338
1,70.0,1766525379216
1,70.0,1766525381066
1,70.0,1766525382922
1,70.0,1766525384776
1,71.0,1766525386643
1,70.0,1766525388531
1,70.0,1766525390406
1,70.0,1766525392266
1,70.0,1766525394127
1,70.0,1766525396006
1,70.0,1766525397869
1,70.0,1766525399740
1,70.0,1766525401580
1,71.0,1766525403442
1,70.0,1766525405300
1,70.0,1766525407152
1,70.0,1766525409031
1,70.0,1766525410907
1,70.0,1766525412754
1,70.0,1766525414629
1,70.0,1766525416502
1,70.0,1766525418401
1,70.0,1766525420242
1,70.0,1766525422106
1,70.0,1766525423987
1,70.0,1766525425866
1,68.0,1766525427741
1,71.0,1766525429732
1,70.0,1766525431585
1,70.0,1766525433459
1,70.0,1766525435318
1,70.0,1766525437158
1,70.0,1766525439023
1,70.0,1766525440882
1,70.0,1766525442746
1,70.0,1766525444583
1,70.0,1766525446446
1,70.0,1766525448287
1,71.0,1766525450130
1,70.0,1766525451994
1,70.0,1766525453840
1,70.0,1766525455700
1,70.0,1766525457549
1,70.0,1766525459401
1,70.0,1766525461264
1,71.0,1766525463122
1,70.0,1766525465000
1,70.0,1766525466861
1,70.0,1766525468717
1,70.0,1766525470565
1,70.0,1766525472381
1,70.0,1766525474237
1,70.0,1766525476091
1,70.0,1766525477951
1,70.0,1766525479798
1,70.0,1766525481659
1,70.0,1766525483505
1,70.0,1766525485367
1,70.0,1766525487236
1,70.0,1766525489090
1,70.0,1766525490965
1,70.0,1766525492820
1,70.0,1766525494690
1,70.0,1766525496546
1,70.0,1766525498410
1,70.0,1766525500282
1,70.0,1766525502154
1,70.0,1766525504015
1,70.0,1766525505864
1,70.0,1766525507739
1,70.0,1766525509585
1,70.0,1766525511431
1,70.0,1766525513286
1,70.0,1766525515130
1,70.0,1766525516981
1,70.0,1766525518827
1,70.0,1766525520662
1,70.0,1766525522523
1,70.0,1766525524378
1,70.0,1766525526237
1,70.0,1766525528079
1,70.0,1766525529936
1,70.0,1766525531771
1,70.0,1766525533619
1,70.0,1766525535477
1,70.0,1766525537323
1,70.0,1766525539179
1,70.0,1766525541055
1,70.0,1766525542918
1,70.0,1766525544775
1,70.0,1766525546620
1,70.0,1766525548481
1,70.0,1766525550315
1,70.0,1766525552154
1,70.0,1766525554013
1,70.0,1766525555851
1,70.0,1766525557715
1,70.0,1766525559547
1,70.0,1766525561410
1,70.0,1766525563265
1,70.0,1766525565142
1,70.0,1766525566989
1,70.0,1766525568855
1,70.0,1766525570703
1,70.0,1766525572563
1,70.0,1766525574444
1,70.0,1766525576315
1,70.0,1766525578183
1,70.0,1766525580047
1,70.0,1766525581927
1,70.0,1766525583766
1,70.0,1766525585636
1,70.0,1766525587492
1,70.0,1766525589353
1,70.0,1766525591231
1,70.0,1766525593124
1,70.0,1766525594978
1,70.0,1766525596839
1,70.0,1766525598694
1,70.0,1766525600558
1,70.0,1766525602428
1,70.0,1766525604294
1,70.0,1766525606140
1,70.0,1766525607994
1,70.0,1766525609852
1,70.0,1766525611700
1,70.0,1766525613546
1,70.0,1766525615414
1,70.0,1766525617270
1,70.0,1766525619123
1,71.0,1766525620982
1,71.0,1766525622853
1,70.0,1766525624701
1,71.0,1766525626568
1,71.0,1766525628452
1,70.0,1766525630308
1,71.0,1766525632172
1,71.0,1766525634026
1,70.0,1766525635888
1,71.0,1766525637741
1,70.0,1766525639615
1,71.0,1766525641445
1,71.0,1766525643311
1,71.0,1766525645165
1,71.0,1766525647024
1,71.0,1766525648888
1,71.0,1766525650762
1,71.0,1766525652633
1,71.0,1766525654501
1,71.0,1766525656350
1,70.0,1766525658216
1,71.0,1766525660073
1,70.0,1766525661934
1,70.0,1766525663816
1,70.0,1766525665689
1,70.0,1766525667317
1,70.0,1766525669183
1,70.0,1766525671042
1,70.0,1766525672894
1,71.0,1766525674756
1,70.0,1766525676614
1,70.0,1766525678491
1,71.0,1766525680355
1,70.0,1766525682215
1,70.0,1766525684076
1,70.0,1766525685916
1,70.0,1766525687777
1,70.0,1766525689632
1,70.0,1766525691508
1,70.0,1766525693366
1,70.0,1766525695344
1,70.0,1766525697086
1,70.0,1766525698926
1,70.0,1766525700782
1,70.0,1766525702648
1,70.0,1766525704507
1,70.0,1766525706357
1,70.0,1766525708236
1,70.0,1766525710121
1,70.0,1766525711970
1,70.0,1766525713835
1,70.0,1766525715718
1,70.0,1766525717598
1,68.0,1766525719458
1,70.0,1766525721461
1,70.0,1766525723323
1,70.0,1766525725185
1,70.0,1766525726798
1,70.0,1766525728662
1,70.0,1766525730512
1,70.0,1766525732375
1,70.0,1766525734201
1,70.0,1766525736048
1,70.0,1766525737916
1,70.0,1766525739795
1,70.0,1766525741649
1,70.0,1766525743515
1,70.0,1766525745373
1,70.0,1766525747201
1,70.0,1766525749060
1,70.0,1766525750933
1,70.0,1766525752782
1,70.0,1766525754656
1,70.0,1766525756510
1,70.0,1766525758355
1,70.0,1766525760203
1,70.0,1766525762068
1,70.0,1766525763928
1,70.0,1766525765833
1,70.0,1766525767683
1,70.0,1766525769542
1,70.0,1766525771402
1,70.0,1766525773261
1,70.0,1766525775107
1,70.0,1766525776964
1,70.0,1766525778820
1,70.0,1766525780685
1,70.0,1766525782556
1,70.0,1766525784414
1,70.0,1766525786275
1,70.0,1766525788156
1,70.0,1766525790022
1,70.0,1766525791886
1,70.0,1766525793762
1,70.0,1766525795630
1,70.0,1766525797494
1,70.0,1766525799354
1,70.0,1766525801210
1,70.0,1766525803071
1,70.0,1766525804935
1,70.0,1766525806787
1,70.0,1766525808657
1,70.0,1766525810508
1,70.0,1766525812370
1,70.0,1766525814247
1,70.0,1766525816124
1,70.0,1766525817996
1,70.0,1766525819863
1,70.0,1766525821731
1,70.0,1766525823591
1,70.0,1766525825449
1,71.0,1766525827300
1,70.0,1766525829175
1,71.0,1766525831024
1,70.0,1766525832880
1,71.0,1766525834751
1,71.0,1766525836603
1,71.0,1766525838482
1,71.0,1766525840351
1,71.0,1766525842214
1,71.0,1766525844076
1,71.0,1766525845951
1,71.0,1766525847807
1,71.0,1766525849678
1,71.0,1766525851546
1,71.0,1766525853394
1,71.0,1766525855259
1,71.0,1766525857108
1,71.0,1766525858978
1,70.0,1766525860831
1,71.0,1766525862682
1,70.0,1766525864548
1,70.0,1766525866421
1,71.0,1766525868286
1,70.0,1766525870157
1,71.0,1766525872006
1,71.0,1766525873873
1,70.0,1766525875735
1,71.0,1766525877591
1,70.0,1766525879471
1,70.0,1766525881332
1,71.0,1766525883185
1,70.0,1766525885073
1,70.0,1766525886934
1,71.0,1766525888789
1,70.0,1766525890649
1,69.0,1766525892506
2,70.0,1766525893510
2,70.0,1766525895391
2,70.0,1766525897259
2,71.0,1766525899115
2,70.0,1766525900967
2,70.0,1766525902852
2,70.0,1766525904698
2,70.0,1766525906575
2,70.0,1766525908436
2,70.0,1766525910287
2,70.0,1766525912173
2,70.0,1766525914037
2,70.0,1766525915892
2,70.0,1766525917750
2,70.0,1766525919628
2,70.0,1766525921489
2,70.0,1766525923371
2,68.0,1766525925223
2,70.0,1766525927209
2,70.0,1766525929055
2,70.0,1766525930925
2,70.0,1766525932789
2,70.0,1766525934641
2,70.0,1766525936530
2,70.0,1766525938405
2,70.0,1766525940249
2,71.0,1766525942091
2,70.0,1766525943946
2,70.0,1766525945818
2,70.0,1766525947664
2,70.0,1766525949546
2,70.0,1766525951421
2,70.0,1766525953254
2,70.0,1766525955142
2,70.0,1766525956989
2,70.0,1766525958859
2,70.0,1766525960718
2,70.0,1766525962574
2,70.0,1766525964453
2,70.0,1766525966337
2,70.0,1766525968187
2,70.0,1766525970051
2,70.0,1766525971893
2,70.0,1766525973753
2,70.0,1766525975609
2,70.0,1766525977484
2,70.0,1766525979354
2,70.0,1766525981231
2,70.0,1766525983070
2,70.0,1766525984950
2,70.0,1766525986780
2,70.0,1766525988643
2,70.0,1766525990501
2,70.0,1766525992363
2,70.0,1766525994220
2,70.0,1766525996079
2,70.0,1766525997939
2,70.0,1766525999789
2,70.0,1766526001626
2,70.0,1766526003487
2,70.0,1766526005338
2,70.0,1766526007203
2,70.0,1766526009039
2,70.0,1766526010899
2,70.0,1766526012746
2,70.0,1766526014619
2,70.0,1766526016468
2,70.0,1766526018324
2,70.0,1766526020210
2,70.0,1766526022072
2,70.0,1766526023936
2,70.0,1766526025786
2,70.0,1766526027647
2,70.0,1766526029518
2,70.0,1766526031374
2,70.0,1766526033226
2,70.0,1766526035089
2,71.0,1766526036953
2,70.0,1766526038821
2,70.0,1766526040684
2,71.0,1766526042558
2,70.0,1766526044415
2,70.0,1766526046269
2,71.0,1766526048135
2,71.0,1766526049991
2,71.0,1766526051848
2,70.0,1766526053706
2,71.0,1766526055580
2,71.0,1766526057460
2,71.0,1766526059333
2,71.0,1766526061187
2,71.0,1766526062809
2,71.0,1766526064663
2,71.0,1766526066531
2,71.0,1766526068392
2,71.0,1766526070250
2,71.0,1766526072111
2,71.0,1766526073981
2,71.0,1766526075858
2,71.0,1766526077727
2,71.0,1766526079589
2,69.0,1766526081437
2,71.0,1766526083300
2,69.0,1766526085155
2,71.0,1766526087005
2,71.0,1766526088859
2,70.0,1766526090724
2,71.0,1766526092575
2,71.0,1766526094442
2,70.0,1766526096307
2,70.0,1766526097941
2,70.0,1766526099832
2,71.0,1766526101685
2,68.0,1766526103545
2,70.0,1766526105403
2,70.0,1766526106983
2,71.0,1766526108841
2,70.0,1766526110678
2,70.0,1766526112556
2,71.0,1766526114421
2,70.0,1766526116289
2,70.0,1766526118146
2,70.0,1766526120009
2,70.0,1766526121847
2,71.0,1766526123697
2,70.0,1766526125580
2,71.0,1766526127444
2,71.0,1766526129301
2,71.0,1766526131178
2,71.0,1766526133045
2,71.0,1766526134899
2,71.0,1766526136763
2,71.0,1766526138607
2,71.0,1766526140490
2,71.0,1766526142354
2,71.0,1766526144209
2,71.0,1766526146067
2,71.0,1766526147944
2,71.0,1766526149816
2,71.0,1766526151682
2,71.0,1766526153569
2,71.0,1766526155424
2,71.0,1766526157305
2,71.0,1766526159168
2,71.0,1766526161030
2,71.0,1766526162888
2,71.0,1766526164743
2,71.0,1766526166615
2,71.0,1766526168483
2,71.0,1766526170349
2,71.0,1766526172206
2,71.0,1766526174060
2,71.0,1766526175927
2,71.0,1766526177797
2,71.0,1766526179682
2,71.0,1766526181540
2,71.0,1766526183398
2,70.0,1766526185256
2,71.0,1766526187112
2,71.0,1766526189000
2,70.0,1766526190861
2,71.0,1766526192712
2,71.0,1766526194595
2,70.0,1766526196451
2,71.0,1766526198316
2,70.0,1766526200155
2,70.0,1766526202031
2,71.0,1766526203899
2,70.0,1766526205733
2,70.0,1766526207567
2,70.0,1766526209434
2,71.0,1766526211291
2,70.0,1766526213147
2,71.0,1766526214987
2,70.0,1766526216868
2,70.0,1766526218724
2,71.0,1766526220579
2,70.0,1766526222461
2,70.0,1766526224328
2,70.0,1766526226178
2,70.0,1766526228042
2,70.0,1766526229892
2,71.0,1766526231784
2,70.0,1766526233655
2,70.0,1766526235525
2,70.0,1766526237377
2,70.0,1766526239241
2,71.0,1766526241089
2,70.0,1766526242953
2,70.0,1766526244838
2,71.0,1766526246685
2,70.0,1766526248547
2,70.0,1766526250399
2,70.0,1766526252256
2,70.0,1766526254113
2,70.0,1766526255956
2,70.0,1766526257812
2,71.0,1766526259681
2,70.0,1766526261552
2,70.0,1766526263408
2,71.0,1766526265269
2,70.0,1766526267155
2,70.0,1766526269005
2,71.0,1766526270876
2,70.0,1766526272720
2,70.0,1766526274591
2,70.0,1766526276455
2,70.0,1766526278323
2,70.0,1766526280190
2,70.0,1766526282051
2,70.0,1766526283924
2,70.0,1766526285783
2,70.0,1766526287631
2,70.0,1766526289495
2,70.0,1766526291363
2,70.0,1766526293233
2,70.0,1766526295104
2,71.0,1766526296962
2,70.0,1766526298818
2,70.0,1766526300692
2,70.0,1766526302557
2,70.0,1766526304450
2,70.0,1766526306316
2,70.0,1766526308183
2,70.0,1766526310036
2,70.0,1766526311900
2,71.0,1766526313766
2,70.0,1766526315608
2,70.0,1766526317495
2,70.0,1766526319365
2,70.0,1766526321249
2,70.0,1766526323124
2,70.0,1766526324981
2,70.0,1766526326856
2,70.0,1766526328741
2,70.0,1766526330592
2,70.0,1766526332455
2,70.0,1766526334300
2,70.0,1766526336169
2,70.0,1766526338030
2,70.0,1766526339878
2,70.0,1766526341749
2,70.0,1766526343645
2,70.0,1766526345502
2,70.0,1766526347356
2,70.0,1766526349237
2,70.0,1766526351092
2,70.0,1766526352962
2,70.0,1766526354841
2,70.0,1766526356690
2,70.0,1766526358549
2,70.0,1766526360502
2,70.0,1766526362323
2,70.0,1766526364189
2,70.0,1766526366054
2,70.0,1766526367902
2,70.0,1766526369768
2,70.0,1766526371607
2,70.0,1766526373458
2,70.0,1766526375339
2,70.0,1766526377199
2,70.0,1766526379060
2,70.0,1766526380907
2,70.0,1766526382781
2,70.0,1766526384388
2,70.0,1766526386252
2,70.0,1766526387872
2,70.0,1766526389730
2,70.0,1766526391608
2,70.0,1766526393479
2,70.0,1766526395308
2,70.0,1766526397186
2,70.0,1766526399068
2,70.0,1766526400949
2,70.0,1766526402811
2,70.0,1766526404675
2,70.0,1766526406531
2,70.0,1766526408386
2,70.0,1766526410249
2,70.0,1766526412104
2,70.0,1766526413977
2,70.0,1766526415847
2,70.0,1766526417704
2,70.0,1766526419574
2,70.0,1766526421489
2,70.0,1766526423296
2,70.0,1766526425161
2,70.0,1766526426996
2,70.0,1766526428860
2,70.0,1766526430703
2,70.0,1766526432581
2,70.0,1766526434455
2,70.0,1766526436297
2,70.0,1766526438157
2,70.0,1766526439997
2,70.0,1766526441852
2,70.0,1766526443713
2,70.0,1766526445570
2,70.0,1766526447440
2,70.0,1766526449298
2,70.0,1766526451165
2,70.0,1766526453006
2,70.0,1766526454871
2,70.0,1766526456735
2,70.0,1766526458589
2,70.0,1766526460447
2,70.0,1766526462292
2,70.0,1766526464151
2,71.0,1766526465996
2,70.0,1766526467869
2,71.0,1766526469719
2,70.0,1766526471577
2,70.0,1766526473461
2,70.0,1766526475342
2,71.0,1766526477201
2,71.0,1766526479073
2,70.0,1766526480929
2,71.0,1766526482780
2,71.0,1766526484646
2,71.0,1766526486482
2,71.0,1766526488352
2,71.0,1766526490216
2,71.0,1766526492082
2,70.0,1766526493947
2,71.0,1766526495785
2,70.0,1766526497667
2,70.0,1766526499521
2,70.0,1766526501380
2,70.0,1766526503234
2,71.0,1766526505089
2,70.0,1766526506970
2,70.0,1766526508841
2,71.0,1766526510695
2,70.0,1766526512579
2,70.0,1766526514433
2,71.0,1766526516287
2,70.0,1766526518159
2,71.0,1766526520008
2,71.0,1766526521845
2,71.0,1766526523712
2,71.0,1766526525586
2,71.0,1766526527459
2,71.0,1766526529342
2,71.0,1766526531209
2,71.0,1766526533058
2,71.0,1766526534914
2,69.0,1766526536796
2,71.0,1766526538803
2,71.0,1766526540654
2,71.0,1766526542520
2,71.0,1766526544379
2,71.0,1766526546233
2,71.0,1766526548120
2,71.0,1766526549968
2,71.0,1766526551820
2,71.0,1766526553688
2,71.0,1766526555548
2,71.0,1766526557408
2,71.0,1766526559263
2,71.0,1766526561122
2,71.0,1766526562980
2,70.0,1766526564840
2,70.0,1766526566695
2,70.0,1766526568550
2,70.0,1766526570437
2,70.0,1766526572288
2,70.0,1766526574152
2,70.0,1766526576015
2,70.0,1766526577876
2,70.0,1766526579763
2,70.0,1766526581620
2,71.0,1766526583476
2,70.0,1766526585348
2,70.0,1766526587209
2,70.0,1766526588842
2,70.0,1766526590714
2,70.0,1766526592566
2,70.0,1766526594414
2,70.0,1766526596267
2,70.0,1766526598119
2,70.0,1766526599981
2,70.0,1766526601892
2,70.0,1766526603723
2,70.0,1766526605579
2,70.0,1766526607463
2,70.0,1766526609316
2,70.0,1766526611177
2,70.0,1766526613051
2,70.0,1766526614920
2,70.0,1766526616784
2,70.0,1766526618619
2,70.0,1766526620480
2,70.0,1766526622338
2,70.0,1766526624191
2,70.0,1766526626075
2,70.0,1766526627690
2,70.0,1766526629577
2,70.0,1766526631426
2,70.0,1766526633307
2,70.0,1766526635174
2,70.0,1766526637026
2,70.0,1766526638891
2,70.0,1766526640747
2,70.0,1766526642615
2,70.0,1766526644488
2,70.0,1766526646366
2,70.0,1766526648250
2,70.0,1766526650104
2,70.0,1766526651965
2,70.0,1766526653826
2,70.0,1766526655691
2,70.0,1766526657533
2,70.0,1766526659395
2,70.0,1766526661229
2,70.0,1766526663153
2,70.0,1766526664714
2,70.0,1766526666549
2,70.0,1766526668408
2,70.0,1766526670268
2,70.0,1766526672126
2,70.0,1766526673977
2,68.0,1766526675854
2,70.0,1766526677857
2,70.0,1766526679736
2,70.0,1766526681606
2,70.0,1766526683457
2,70.0,1766526685336
2,70.0,1766526687197
2,70.0,1766526689062
2,70.0,1766526690913
2,70.0,1766526692778
2,70.0,1766526694623
2,70.0,1766526696478
2,70.0,1766526698312
2,70.0,1766526700173
2,70.0,1766526702020
2,70.0,1766526703894
2,70.0,1766526705742
2,70.0,1766526707617
2,70.0,1766526709456
2,70.0,1766526711311
2,70.0,1766526713172
2,70.0,1766526715036
2,70.0,1766526716893
2,70.0,1766526718748
2,70.0,1766526720583
2,70.0,1766526722444
2,70.0,1766526724320
2,70.0,1766526726183
2,70.0,1766526728051
2,70.0,1766526729890
2,70.0,1766526731748
2,70.0,1766526733605
2,70.0,1766526735466
2,70.0,1766526737306
2,70.0,1766526739165
2,71.0,1766526741028
2,70.0,1766526742882
2,71.0,1766526744734
2,70.0,1766526746598
2,70.0,1766526748467
2,70.0,1766526750308
2,70.0,1766526752175
2,70.0,1766526754037
2,70.0,1766526755898
2,71.0,1766526757746
2,70.0,1766526759599
2,70.0,1766526761448
2,71.0,1766526763321
2,71.0,1766526765184
2,71.0,1766526767055
2,71.0,1766526768911
2,71.0,1766526770778
2,71.0,1766526772630
2,71.0,1766526774505
2,71.0,1766526776391
2,71.0,1766526778237
2,71.0,1766526780104
2,71.0,1766526781957
2,71.0,1766526783811
2,71.0,1766526785703
2,71.0,1766526787535
2,71.0,1766526789411
2,71.0,1766526791283
2,71.0,1766526793162
2,71.0,1766526795015
2,71.0,1766526796885
2,71.0,1766526798750
2,71.0,1766526800603
2,71.0,1766526802448
2,71.0,1766526804317
2,71.0,1766526806200
2,70.0,1766526808056
2,70.0,1766526809931
2,71.0,1766526811795
2,70.0,1766526813663
2,71.0,1766526815522
2,70.0,1766526817365
2,70.0,1766526819233
2,71.0,1766526821099
2,70.0,1766526822951
2,70.0,1766526824840
2,70.0,1766526826720
2,70.0,1766526828558
2,70.0,1766526830418
2,70.0,1766526832274
2,70.0,1766526834128
2,70.0,1766526836013
2,70.0,1766526837858
2,70.0,1766526839736
2,71.0,1766526841580
2,70.0,1766526843450
2,70.0,1766526845286
2,70.0,1766526847152
2,70.0,1766526849011
2,70.0,1766526850864
2,70.0,1766526852733
2,70.0,1766526854574
2,70.0,1766526856428
2,70.0,1766526858286
2,70.0,1766526860146
2,70.0,1766526862003
2,70.0,1766526863856
2,70.0,1766526865706
2,70.0,1766526867563
2,70.0,1766526869417
2,68.0,1766526871300
2,71.0,1766526873289
2,70.0,1766526875135
2,70.0,1766526877018
2,70.0,1766526878894
2,70.0,1766526880738
2,70.0,1766526882606
2,70.0,1766526884458
2,70.0,1766526886320
2,70.0,1766526888171
2,70.0,1766526890035
2,70.0,1766526891907
2,70.0,1766526893755
2,70.0,1766526895603
2,70.0,1766526897453
2,70.0,1766526899320
2,70.0,1766526901171
2,70.0,1766526903013
2,70.0,1766526904873
2,70.0,1766526906751
2,70.0,1766526908606
2,68.0,1766526910476
2,70.0,1766526912500
2,70.0,1766526914345
2,70.0,1766526916199
2,70.0,1766526918061
2,70.0,1766526919915
2,70.0,1766526921761
2,70.0,1766526923616
2,70.0,1766526925477
2,70.0,1766526927338
2,70.0,1766526929192
2,70.0,1766526931053
2,70.0,1766526932911
2,70.0,1766526934771
2,70.0,1766526936639
2,70.0,1766526938493
2,70.0,1766526940341
2,70.0,1766526942197
2,70.0,1766526944068
2,70.0,1766526945942
2,70.0,1766526947782
2,70.0,1766526949633
2,70.0,1766526951518
2,70.0,1766526953379
2,70.0,1766526955251
2,70.0,1766526957120
2,70.0,1766526958988
2,70.0,1766526960867
2,70.0,1766526962724
2,70.0,1766526964579
2,70.0,1766526966419
2,70.0,1766526968276
2,70.0,1766526970119
2,70.0,1766526971974
2,70.0,1766526973826
2,70.0,1766526975691
2,70.0,1766526977532
2,70.0,1766526979387
2,70.0,1766526981236
2,70.0,1766526983113
2,70.0,1766526984954
2,70.0,1766526986814
2,70.0,1766526988693
2,70.0,1766526990543
2,70.0,1766526992399
2,68.0,1766526994252
2,70.0,1766526996258
2,70.0,1766526998117
2,70.0,1766526999964
2,70.0,1766527001823
2,70.0,1766527003700
2,70.0,1766527005569
2,70.0,1766527007422
2,70.0,1766527009288
2,70.0,1766527011129
2,70.0,1766527013001
2,70.0,1766527014876
2,70.0,1766527016742
2,70.0,1766527018605
2,70.0,1766527020472
2,70.0,1766527022320
2,70.0,1766527024199
2,70.0,1766527026102
2,70.0,1766527027969
2,70.0,1766527029814
2,70.0,1766527031671
2,70.0,1766527033530
2,70.0,1766527035407
2,70.0,1766527037285
2,70.0,1766527039165
2,70.0,1766527041019
2,70.0,1766527042897
2,70.0,1766527044761
2,70.0,1766527046624
2,70.0,1766527048483
2,70.0,1766527050318
2,70.0,1766527052185
2,70.0,1766527053794
2,70.0,1766527055663
2,70.0,1766527057275
2,71.0,1766527059123
2,71.0,1766527060999
2,71.0,1766527062876
2,71.0,1766527064760
2,71.0,1766527066610
2,70.0,1766527068475
2,71.0,1766527070332
2,71.0,1766527072207
2,71.0,1766527074061
2,71.0,1766527075919
2,71.0,1766527077779
2,71.0,1766527079633
2,71.0,1766527081499
2,71.0,1766527083362
2,71.0,1766527085220
2,71.0,1766527087080
2,71.0,1766527088946
2,71.0,1766527090820
2,71.0,1766527092710
2,70.0,1766527094565
2,71.0,1766527096425
2,71.0,1766527098297
2,71.0,1766527100147
2,70.0,1766527102009
2,70.0,1766527103869
2,71.0,1766527105723
2,70.0,1766527107574
2,70.0,1766527109443
2,70.0,1766527111302
2,70.0,1766527113154
2,71.0,1766527115019
2,70.0,1766527116877
2,70.0,1766527118742
2,70.0,1766527120608
2,70.0,1766527122442
2,70.0,1766527124306
2,70.0,1766527126161
2,70.0,1766527127995
2,70.0,1766527129859
2,70.0,1766527131723
2,70.0,1766527133586
2,70.0,1766527135454
2,70.0,1766527137318
2,70.0,1766527139172
2,70.0,1766527141045
2,70.0,1766527142896
2,70.0,1766527144750
2,69.0,1766527146619
2,70.0,1766527148496
2,70.0,1766527150359
2,70.0,1766527152220
2,70.0,1766527154082
2,69.0,1766527155932
2,70.0,1766527157788
2,70.0,1766527159663
2,70.0,1766527161496
2,70.0,1766527163366
2,68.0,1766527165219
2,70.0,1766527167071
2,70.0,1766527168935
2,70.0,1766527170788
2,70.0,1766527172648
2,69.0,1766527174504
2,70.0,1766527176376
2,69.0,1766527178234
2,69.0,1766527180099
2,70.0,1766527181944
2,69.0,1766527183796
2,70.0,1766527185663
2,69.0,1766527187509
2,70.0,1766527189366
2,69.0,1766527191231
2,70.0,1766527193071
2,70.0,1766527194916
2,70.0,1766527196775
2,70.0,1766527198614
2,70.0,1766527200467
2,70.0,1766527202315
2,70.0,1766527204172
2,70.0,1766527206060
2,70.0,1766527207897
2,70.0,1766527209754
2,68.0,1766527211618
2,70.0,1766527213595
2,70.0,1766527215458
2,70.0,1766527217330
2,70.0,1766527219169
2,70.0,1766527221020
2,70.0,1766527222883
2,70.0,1766527224726
2,70.0,1766527226587
2,70.0,1766527228468
2,70.0,1766527230317
2,70.0,1766527232182
2,70.0,1766527234061
2,70.0,1766527235906
2,70.0,1766527237765
2,70.0,1766527239630
2,70.0,1766527241501
2,70.0,1766527243342
2,70.0,1766527245198
2,70.0,1766527247037
2,70.0,1766527248910
2,70.0,1766527250779
2,70.0,1766527252633
2,70.0,1766527254516
2,70.0,1766527256379
2,70.0,1766527258272
2,70.0,1766527260123
2,70.0,1766527261979
2,70.0,1766527263829
2,70.0,1766527265717
2,70.0,1766527267575
2,70.0,1766527269432
2,70.0,1766527271292
2,70.0,1766527273141
2,70.0,1766527274989
2,70.0,1766527276830
2,70.0,1766527278696
2,70.0,1766527280546
2,70.0,1766527282405
2,70.0,1766527284261
2,70.0,1766527286136
2,70.0,1766527288003
2,70.0,1766527289847
2,70.0,1766527291689
2,70.0,1766527293543
2,70.0,1766527295402
2,70.0,1766527297263
2,70.0,1766527299121
2,70.0,1766527300977
2,70.0,1766527302840
2,70.0,1766527304687
2,70.0,1766527306563
2,70.0,1766527308418
2,70.0,1766527310280
2,70.0,1766527312123
2,70.0,1766527313987
2,70.0,1766527315855
2,70.0,1766527317742
2,70.0,1766527319598
2,68.0,1766527321463
2,70.0,1766527323467
2,70.0,1766527325333
2,70.0,1766527327187
2,70.0,1766527329024
2,70.0,1766527330886
2,70.0,1766527332747
2,70.0,1766527334623
2,70.0,1766527336505
2,70.0,1766527338360
2,70.0,1766527340218
2,70.0,1766527342100
2,70.0,1766527343963
2,70.0,1766527345596
2,70.0,1766527347454
2,70.0,1766527349311
2,70.0,1766527351163
2,70.0,1766527353038
2,70.0,1766527354906
2,70.0,1766527356748
2,70.0,1766527358601
2,70.0,1766527360466
2,70.0,1766527362326
2,70.0,1766527364162
2,70.0,1766527366005
2,70.0,1766527367861
2,70.0,1766527369710
2,70.0,1766527371578
2,70.0,1766527373442
2,70.0,1766527375296
2,70.0,1766527377156
2,70.0,1766527378998
2,70.0,1766527380861
2,70.0,1766527382702
2,70.0,1766527384544
2,70.0,1766527386412
2,70.0,1766527388327
2,70.0,1766527390151
2,70.0,1766527392015
2,70.0,1766527393857
2,70.0,1766527395716
2,70.0,1766527397559
2,70.0,1766527399408
2,70.0,1766527401274
2,70.0,1766527403124
2,70.0,1766527404996
2,70.0,1766527406876
2,70.0,1766527408748
2,69.0,1766527410638
2,70.0,1766527412490
2,70.0,1766527414356
2,70.0,1766527416206
2,70.0,1766527418068
2,70.0,1766527419944
2,70.0,1766527421807
2,70.0,1766527423675
2,68.0,1766527425534
2,70.0,1766527427391
2,70.0,1766527429255
2,70.0,1766527431114
2,70.0,1766527432995
2,70.0,1766527434555
2,70.0,1766527436463
2,70.0,1766527438314
2,70.0,1766527440165
2,70.0,1766527442049
2,70.0,1766527443900
2,70.0,1766527445780
2,70.0,1766527447621
2,70.0,1766527449483
2,70.0,1766527451302
2,70.0,1766527453149
2,70.0,1766527455019
2,70.0,1766527456885
2,70.0,1766527458732
2,70.0,1766527460576
2,70.0,1766527462431
2,70.0,1766527464297
2,70.0,1766527466136
2,70.0,1766527467991
2,70.0,1766527469837
2,70.0,1766527471694
2,70.0,1766527473550
2,70.0,1766527475412
2,70.0,1766527477269
2,70.0,1766527479128
2,70.0,1766527480989
2,70.0,1766527482847
2,70.0,1766527484687
2,70.0,1766527486549
2,70.0,1766527488399
2,70.0,1766527490261
2,70.0,1766527492140
2,70.0,1766527493990
2,70.0,1766527495845
2,70.0,1766527497709
2,70.0,1766527499563
2,70.0,1766527501413
2,70.0,1766527503273
2,70.0,1766527505122
2,70.0,1766527506942
2,70.0,1766527508792
2,70.0,1766527510675
2,70.0,1766527512530
2,70.0,1766527514398
2,70.0,1766527516280
2,70.0,1766527518151
2,70.0,1766527520005
2,70.0,1766527521860
2,70.0,1766527523704
2,70.0,1766527525555
2,70.0,1766527527426
2,70.0,1766527529295
2,70.0,1766527531195
2,70.0,1766527533060
2,70.0,1766527534942
2,68.0,1766527536824
2,70.0,1766527538843
2,69.0,1766527540703
2,70.0,1766527542557
2,70.0,1766527544411
2,70.0,1766527546263
2,71.0,1766527548112
2,70.0,1766527549965
2,70.0,1766527551819
2,70.0,1766527553704
2,70.0,1766527555533
2,70.0,1766527557415
2,70.0,1766527559250
2,71.0,1766527561121
2,69.0,1766527563015
2,69.0,1766527564902
2,70.0,1766527566737
2,69.0,1766527568602
2,70.0,1766527570473
2,69.0,1766527572291
2,70.0,1766527574176
2,70.0,1766527575979
2,71.0,1766527577826
2,71.0,1766527579735
2,69.0,1766527581585
2,70.0,1766527583449
2,70.0,1766527585285
2,70.0,1766527587114
2,71.0,1766527589036
2,69.0,1766527590880
2,70.0,1766527592747
2,70.0,1766527594587
2,70.0,1766527596455
2,70.0,1766527598302
2,70.0,1766527600167
2,71.0,1766527602016
2,69.0,1766527603876
2,70.0,1766527605742
2,68.0,1766527607590
2,70.0,1766527609443
2,70.0,1766527611298
2,70.0,1766527613166
2,70.0,1766527615041
2,70.0,1766527616900
2,70.0,1766527618754
2,70.0,1766527620576
2,70.0,1766527622433
2,70.0,1766527624270
2,70.0,1766527626135
2,70.0,1766527628014
2,70.0,1766527629914
2,70.0,1766527631757
2,71.0,1766527633604
2,70.0,1766527635457
3,70.0,1766527636463
3,70.0,1766527638321
3,70.0,1766527640198
3,70.0,1766527642075
3,70.0,1766527643947
3,70.0,1766527645810
3,70.0,1766527647660
3,70.0,1766527649510
3,70.0,1766527651398
3,70.0,1766527653238
3,70.0,1766527655114
3,70.0,1766527656974
3,70.0,1766527658832
3,70.0,1766527660697
3,70.0,1766527662557
3,70.0,1766527664416
3,70.0,1766527666258
3,70.0,1766527668107
3,70.0,1766527669979
3,70.0,1766527671836
3,70.0,1766527673716
3,70.0,1766527675566
3,70.0,1766527677434
3,70.0,1766527679306
3,70.0,1766527681193
3,70.0,1766527683042
3,70.0,1766527684910
3,70.0,1766527686752
3,70.0,1766527688607
3,70.0,1766527690470
3,70.0,1766527692335
3,70.0,1766527694179
3,70.0,1766527696062
3,70.0,1766527697880
3,70.0,1766527699743
3,70.0,1766527701604
3,70.0,1766527703459
3,70.0,1766527705339
3,70.0,1766527707198
3,70.0,1766527709060
3,70.0,1766527710900
3,70.0,1766527712771
3,70.0,1766527714651
3,70.0,1766527716505
3,70.0,1766527718363
3,70.0,1766527720201
3,70.0,1766527722063
3,71.0,1766527723923
3,70.0,1766527725781
3,70.0,1766527727640
3,70.0,1766527729496
3,71.0,1766527731331
3,71.0,1766527733201
3,70.0,1766527735067
3,68.0,1766527736921
3,71.0,1766527738919
3,71.0,1766527740785
3,71.0,1766527742631
3,71.0,1766527744496
3,70.0,1766527746379
3,71.0,1766527748227
3,70.0,1766527750082
3,71.0,1766527751934
3,71.0,1766527753817
3,70.0,1766527755705
3,70.0,1766527757580
3,70.0,1766527759452
3,71.0,1766527761318
3,70.0,1766527763180
3,70.0,1766527765042
3,70.0,1766527766899
3,70.0,1766527768762
3,70.0,1766527770375
3,71.0,1766527772220
3,70.0,1766527774086
3,70.0,1766527775941
3,71.0,1766527777811
3,70.0,1766527779670
3,70.0,1766527781531
3,70.0,1766527783389
3,70.0,1766527785244
3,70.0,1766527787111
3,70.0,1766527788990
3,70.0,1766527790848
3,71.0,1766527792705
3,70.0,1766527794574
3,70.0,1766527796444
3,71.0,1766527798306
3,70.0,1766527800159
3,70.0,1766527802023
3,70.0,1766527803870
3,70.0,1766527805750
3,70.0,1766527807610
3,70.0,1766527809481
3,70.0,1766527811338
3,70.0,1766527813206
3,70.0,1766527815087
3,70.0,1766527816947
3,70.0,1766527818793
3,70.0,1766527820644
3,70.0,1766527822501
3,70.0,1766527824406
3,70.0,1766527826271
3,70.0,1766527828144
3,70.0,1766527830018
3,70.0,1766527831886
3,70.0,1766527833705
3,70.0,1766527835592
3,70.0,1766527837471
3,70.0,1766527839353
3,70.0,1766527841228
3,70.0,1766527843087
3,70.0,1766527844946
3,70.0,1766527846803
3,70.0,1766527848665
3,70.0,1766527850529
3,68.0,1766527852390
3,70.0,1766527854277
3,70.0,1766527856166
3,70.0,1766527858000
3,69.0,1766527859919
3,70.0,1766527861742
3,70.0,1766527863601
3,70.0,1766527865534
3,70.0,1766527867394
3,70.0,1766527869240
3,70.0,1766527871116
3,70.0,1766527872970
3,71.0,1766527874841
3,69.0,1766527876721
3,70.0,1766527878576
3,71.0,1766527880430
3,70.0,1766527882305
3,70.0,1766527884156
3,71.0,1766527886024
3,70.0,1766527887918
3,70.0,1766527889770
3,71.0,1766527891637
3,70.0,1766527893489
3,71.0,1766527895351
3,71.0,1766527897224
3,69.0,1766527899078
3,71.0,1766527900951
3,71.0,1766527902818
3,70.0,1766527904667
3,71.0,1766527906522
3,70.0,1766527908374
3,70.0,1766527910239
3,69.0,1766527912080
3,70.0,1766527913940
3,69.0,1766527915806
3,70.0,1766527917655
3,68.0,1766527919505
3,70.0,1766527921376
3,70.0,1766527923258
3,69.0,1766527925092
3,70.0,1766527926962
3,70.0,1766527928825
3,68.0,1766527930697
3,70.0,1766527932557
3,70.0,1766527934425
3,70.0,1766527936288
3,69.0,1766527938173
3,70.0,1766527940025
3,70.0,1766527941885
3,70.0,1766527943753
3,70.0,1766527945627
3,70.0,1766527947480
3,70.0,1766527949344
3,70.0,1766527951208
3,70.0,1766527953077
3,70.0,1766527954945
3,70.0,1766527956804
3,70.0,1766527958679
3,70.0,1766527960531
3,70.0,1766527962412
3,70.0,1766527964280
3,70.0,1766527966120
3,70.0,1766527967977
3,70.0,1766527969821
3,70.0,1766527971690
3,70.0,1766527973542
3,70.0,1766527975413
3,70.0,1766527977263
3,70.0,1766527979128
3,70.0,1766527980994
3,70.0,1766527982847
3,70.0,1766527984722
3,70.0,1766527986611
3,70.0,1766527988460
3,70.0,1766527990326
3,70.0,1766527992189
3,70.0,1766527994028
3,70.0,1766527995884
3,70.0,1766527997743
3,70.0,1766527999591
3,70.0,1766528001444
3,70.0,1766528003299
3,70.0,1766528005160
3,70.0,1766528007034
3,70.0,1766528008873
3,70.0,1766528010751
3,70.0,1766528012586
3,70.0,1766528014213
3,70.0,1766528016085
3,68.0,1766528017936
3,70.0,1766528019822
3,70.0,1766528021683
3,68.0,1766528023536
3,70.0,1766528025403
3,70.0,1766528027272
3,69.0,1766528029135
3,70.0,1766528030996
3,71.0,1766528032849
3,70.0,1766528034709
3,70.0,1766528036583
3,70.0,1766528038457
3,71.0,1766528040315
3,70.0,1766528042175
3,71.0,1766528044018
3,70.0,1766528045896
3,71.0,1766528047732
3,70.0,1766528049594
3,71.0,1766528051445
3,71.0,1766528053306
3,70.0,1766528055177
3,70.0,1766528057042
3,71.0,1766528058909
3,70.0,1766528060791
3,70.0,1766528062648
3,71.0,1766528064507
3,70.0,1766528066369
3,71.0,1766528068227
3,70.0,1766528070096
3,70.0,1766528071966
3,71.0,1766528073815
3,70.0,1766528075684
3,70.0,1766528077541
3,70.0,1766528079396
3,70.0,1766528081258
3,70.0,1766528083111
3,70.0,1766528084984
3,70.0,1766528086851
3,70.0,1766528088719
3,70.0,1766528090594
3,70.0,1766528092454
3,70.0,1766528094320
3,70.0,1766528096192
3,70.0,1766528098059
3,71.0,1766528099918
3,70.0,1766528101763
3,70.0,1766528103630
3,70.0,1766528105491
3,70.0,1766528107341
3,70.0,1766528109204
3,70.0,1766528111087
3,70.0,1766528112964
3,70.0,1766528114820
3,70.0,1766528116677
3,70.0,1766528118547
3,70.0,1766528120411
3,70.0,1766528122283
3,70.0,1766528124135
3,71.0,1766528126002
3,70.0,1766528127851
3,70.0,1766528129725
3,70.0,1766528131550
3,70.0,1766528133427
3,71.0,1766528135296
3,70.0,1766528137148
3,70.0,1766528139020
3,71.0,1766528140891
3,70.0,1766528142743
3,70.0,1766528144604
3,70.0,1766528146467
3,70.0,1766528148347
3,70.0,1766528150219
3,70.0,1766528152084
3,70.0,1766528153957
3,70.0,1766528155831
3,70.0,1766528157680
3,70.0,1766528159531
3,70.0,1766528161394
3,70.0,1766528163278
3,70.0,1766528165139
3,70.0,1766528167008
3,70.0,1766528168879
3,70.0,1766528170739
3,70.0,1766528172600
3,70.0,1766528174441
3,70.0,1766528176289
3,70.0,1766528178152
3,70.0,1766528180023
3,70.0,1766528181642
3,70.0,1766528183519
3,70.0,1766528185401
3,70.0,1766528187265
3,70.0,1766528189110
3,70.0,1766528190959
3,70.0,1766528192828
3,70.0,1766528194682
3,70.0,1766528196560
3,70.0,1766528198423
3,70.0,1766528200274
3,70.0,1766528202144
3,70.0,1766528203997
3,70.0,1766528205855
3,70.0,1766528207737
3,70.0,1766528209621
3,70.0,1766528211459
3,70.0,1766528213317
3,70.0,1766528215165
3,70.0,1766528217003
3,70.0,1766528218863
3,70.0,1766528220715
3,70.0,1766528222574
3,70.0,1766528224429
3,70.0,1766528226290
3,70.0,1766528228153
3,70.0,1766528230007
3,70.0,1766528231877
3,70.0,1766528233731
3,70.0,1766528235583
3,70.0,1766528237442
3,70.0,1766528239309
3,70.0,1766528241151
3,70.0,1766528243010
3,70.0,1766528244850
3,70.0,1766528246708
3,70.0,1766528248547
3,70.0,1766528250388
3,70.0,1766528252247
3,70.0,1766528254119
3,70.0,1766528255982
3,70.0,1766528257845
3,70.0,1766528259685
3,70.0,1766528261541
3,70.0,1766528263383
3,70.0,1766528265234
3,70.0,1766528267098
3,70.0,1766528268718
3,70.0,1766528270604
3,70.0,1766528272457
3,70.0,1766528274318
3,70.0,1766528276179
3,70.0,1766528278041
3,70.0,1766528279896
3,70.0,1766528281738
3,70.0,1766528283595
3,70.0,1766528285443
3,70.0,1766528287311
3,70.0,1766528289187
3,70.0,1766528291052
3,70.0,1766528292912
3,68.0,1766528294762
3,70.0,1766528296756
3,70.0,1766528298607
3,70.0,1766528300465
3,70.0,1766528302338
3,70.0,1766528304205
3,70.0,1766528306079
3,70.0,1766528307945
3,70.0,1766528309802
3,70.0,1766528311662
3,70.0,1766528313509
3,70.0,1766528315369
3,70.0,1766528317219
3,70.0,1766528319079
3,70.0,1766528320928
3,70.0,1766528322780
3,70.0,1766528324632
3,70.0,1766528326501
3,70.0,1766528328366
3,70.0,1766528330217
3,70.0,1766528332081
3,70.0,1766528333936
3,70.0,1766528335798
3,70.0,1766528337654
3,70.0,1766528339514
3,70.0,1766528341376
3,70.0,1766528343213
3,70.0,1766528345061
3,70.0,1766528346930
3,70.0,1766528348769
3,70.0,1766528350397
3,70.0,1766528352260
3,70.0,1766528354097
3,70.0,1766528355953
3,70.0,1766528357819
3,70.0,1766528359687
3,70.0,1766528361557
3,70.0,1766528363405
3,70.0,1766528365271
3,70.0,1766528367112
3,70.0,1766528368972
3,70.0,1766528370812
3,70.0,1766528372668
3,70.0,1766528374519
3,70.0,1766528376389
3,70.0,1766528378248
3,70.0,1766528380105
3,70.0,1766528381947
3,70.0,1766528383807
3,70.0,1766528385651
3,70.0,1766528387508
3,70.0,1766528389363
3,70.0,1766528391223
3,70.0,1766528393073
3,70.0,1766528394939
3,70.0,1766528396779
3,70.0,1766528398645
3,70.0,1766528400498
3,70.0,1766528402375
3,70.0,1766528404228
3,70.0,1766528406105
3,70.0,1766528407947
3,70.0,1766528409822
3,70.0,1766528411670
3,70.0,1766528413541
3,70.0,1766528415392
3,70.0,1766528417256
3,70.0,1766528419099
3,70.0,1766528420957
3,70.0,1766528422810
3,70.0,1766528424672
3,70.0,1766528426530
3,70.0,1766528428394
3,70.0,1766528430243
3,70.0,1766528432128
3,70.0,1766528433994
3,70.0,1766528435873
3,70.0,1766528437732
3,70.0,1766528439590
3,70.0,1766528441453
3,68.0,1766528443315
3,70.0,1766528445317
3,70.0,1766528447188
3,70.0,1766528449047
3,70.0,1766528450898
3,70.0,1766528452747
3,70.0,1766528454609
3,70.0,1766528456462
3,70.0,1766528458320
3,70.0,1766528460165
3,70.0,1766528462018
3,70.0,1766528463875
3,70.0,1766528465744
3,68.0,1766528467597
3,70.0,1766528469587
3,70.0,1766528471435
3,70.0,1766528473300
3,70.0,1766528475150
3,70.0,1766528477018
3,68.0,1766528478891
3,70.0,1766528480876
3,70.0,1766528482753
3,70.0,1766528484633
3,70.0,1766528486511
3,70.0,1766528488374
3,70.0,1766528490238
3,70.0,1766528492077
3,70.0,1766528493947
3,70.0,1766528495816
3,70.0,1766528497666
3,70.0,1766528499530
3,70.0,1766528501394
3,70.0,1766528503249
3,70.0,1766528505129
3,70.0,1766528507010
3,70.0,1766528508863
3,70.0,1766528510721
3,70.0,1766528512569
3,70.0,1766528514444
3,70.0,1766528516337
3,70.0,1766528518184
3,70.0,1766528520047
3,70.0,1766528521915
3,70.0,1766528523771
3,70.0,1766528525627
3,68.0,1766528527475
3,70.0,1766528529490
3,70.0,1766528531344
3,70.0,1766528533194
3,70.0,1766528535060
3,70.0,1766528536938
3,70.0,1766528538813
3,71.0,1766528540667
3,70.0,1766528542525
3,70.0,1766528544387
3,70.0,1766528546221
3,70.0,1766528548082
3,70.0,1766528549934
3,70.0,1766528551816
3,71.0,1766528553691
3,71.0,1766528555542
3,71.0,1766528557408
3,71.0,1766528559275
3,71.0,1766528561134
3,71.0,1766528562996
3,71.0,1766528564843
3,71.0,1766528566708
3,70.0,1766528568595
3,71.0,1766528570447
3,71.0,1766528572313
3,71.0,1766528574197
3,71.0,1766528576042
3,70.0,1766528577891
3,71.0,1766528579761
3,70.0,1766528581635
3,70.0,1766528583497
3,71.0,1766528585355
3,70.0,1766528587221
3,70.0,1766528589075
3,70.0,1766528590939
3,70.0,1766528592793
3,70.0,1766528594397
3,70.0,1766528596258
3,71.0,1766528598134
3,70.0,1766528600023
3,70.0,1766528601866
3,70.0,1766528603733
3,70.0,1766528605566
3,70.0,1766528607423
3,70.0,1766528609264
3,70.0,1766528611117
3,70.0,1766528612980
3,68.0,1766528614851
3,71.0,1766528616848
3,70.0,1766528618712
3,70.0,1766528620588
3,70.0,1766528622478
3,70.0,1766528624335
3,70.0,1766528626194
3,71.0,1766528628041
3,70.0,1766528629898
3,70.0,1766528631754
3,70.0,1766528633607
3,70.0,1766528635486
3,70.0,1766528637355
3,70.0,1766528639211
3,70.0,1766528641089
3,71.0,1766528642933
3,70.0,1766528644779
3,71.0,1766528646632
3,70.0,1766528648507
3,70.0,1766528650371
3,70.0,1766528652228
3,70.0,1766528654083
3,70.0,1766528655948
3,70.0,1766528657796
3,70.0,1766528659652
3,70.0,1766528661512
3,70.0,1766528663366
3,70.0,1766528665247
3,70.0,1766528667104
3,70.0,1766528668972
3,70.0,1766528670813
3,70.0,1766528672671
3,70.0,1766528674514
3,70.0,1766528676381
3,70.0,1766528678270
3,70.0,1766528680113
3,70.0,1766528681961
3,70.0,1766528683802
3,70.0,1766528685683
3,70.0,1766528687539
3,70.0,1766528689400
3,70.0,1766528691244
3,70.0,1766528693100
3,70.0,1766528694950
3,70.0,1766528696806
3,70.0,1766528698663
3,70.0,1766528700518
3,70.0,1766528702371
3,70.0,1766528704234
3,70.0,1766528706111
3,70.0,1766528707994
3,70.0,1766528709857
3,70.0,1766528711718
3,70.0,1766528713599
3,70.0,1766528715438
3,70.0,1766528717285
3,70.0,1766528719146
3,71.0,1766528721017
3,70.0,1766528722873
3,70.0,1766528724754
3,71.0,1766528726617
3,70.0,1766528728491
3,70.0,1766528730337
3,70.0,1766528732206
3,70.0,1766528734061
3,70.0,1766528735939
3,70.0,1766528737795
3,70.0,1766528739647
3,70.0,1766528741542
3,70.0,1766528743433
3,70.0,1766528745266
3,70.0,1766528747158
3,70.0,1766528748977
3,70.0,1766528750840
3,70.0,1766528752715
3,71.0,1766528754616
3,70.0,1766528756478
3,70.0,1766528758343
3,70.0,1766528760207
3,70.0,1766528762088
3,70.0,1766528763944
3,71.0,1766528765857
3,70.0,1766528767691
3,70.0,1766528769566
3,71.0,1766528771444
3,70.0,1766528773309
3,68.0,1766528775198
3,70.0,1766528777086
3,70.0,1766528778915
3,69.0,1766528780829
3,70.0,1766528782680
3,70.0,1766528784558
3,69.0,1766528786424
3,70.0,1766528788297
3,70.0,1766528790140
3,70.0,1766528792029
3,70.0,1766528793862
3,71.0,1766528795764
3,70.0,1766528797591
3,70.0,1766528799448
3,71.0,1766528801308
3,70.0,1766528803174
3,70.0,1766528805054
3,70.0,1766528806901
3,70.0,1766528808745
3,71.0,1766528810609
3,71.0,1766528812499
3,70.0,1766528814406
3,71.0,1766528816264
3,71.0,1766528818148
3,71.0,1766528819965
3,71.0,1766528821851
3,71.0,1766528823704
3,71.0,1766528825590
3,71.0,1766528827448
3,71.0,1766528829292
3,71.0,1766528831103
3,71.0,1766528832956
3,71.0,1766528834823
3,71.0,1766528836688
3,71.0,1766528838531
3,71.0,1766528840406
3,71.0,1766528842252
3,70.0,1766528844129
3,71.0,1766528845985
3,70.0,1766528847850
3,70.0,1766528849727
3,71.0,1766528851569
3,70.0,1766528853440
3,70.0,1766528855305
3,71.0,1766528857164
3,70.0,1766528859063
3,70.0,1766528860920
3,70.0,1766528862755
3,70.0,1766528864613
3,70.0,1766528866518
3,70.0,1766528868393
3,70.0,1766528870243
3,70.0,1766528872122
3,70.0,1766528873986
3,70.0,1766528875834
3,70.0,1766528877697
3,70.0,1766528879550
3,70.0,1766528881407
3,70.0,1766528883256
3,70.0,1766528885133
3,70.0,1766528886985
3,70.0,1766528888846
3,70.0,1766528890692
3,70.0,1766528892535
3,70.0,1766528894410
3,70.0,1766528896264
3,70.0,1766528898114
3,70.0,1766528899975
3,70.0,1766528901842
3,70.0,1766528903689
3,70.0,1766528905539
3,70.0,1766528907428
3,70.0,1766528909279
3,70.0,1766528911132
3,70.0,1766528913004
3,71.0,1766528914852
3,70.0,1766528916723
3,70.0,1766528918596
3,70.0,1766528920455
3,70.0,1766528922293
3,70.0,1766528924138
3,70.0,1766528925995
3,70.0,1766528927847
3,70.0,1766528929712
3,70.0,1766528931585
3,70.0,1766528933439
3,70.0,1766528935299
3,70.0,1766528937176
3,70.0,1766528939045
3,70.0,1766528940893
3,70.0,1766528942754
3,70.0,1766528944615
3,70.0,1766528946473
3,70.0,1766528948333
3,70.0,1766528950198
3,70.0,1766528952044
3,70.0,1766528953906
3,70.0,1766528955781
3,70.0,1766528957631
3,70.0,1766528959508
3,70.0,1766528961395
3,71.0,1766528963234
3,70.0,1766528965098
3,71.0,1766528966950
3,71.0,1766528968811
3,71.0,1766528970665
3,71.0,1766528972535
3,71.0,1766528974403
3,71.0,1766528976271
3,71.0,1766528978121
3,71.0,1766528980001
3,71.0,1766528981868
3,72.0,1766528983714
3,71.0,1766528985581
3,72.0,1766528987440
3,72.0,1766528989309
3,71.0,1766528991157
3,72.0,1766528993032
3,71.0,1766528994899
3,71.0,1766528996783
3,72.0,1766528998636
3,72.0,1766529000504
3,71.0,1766529002362
3,71.0,1766529003995
3,71.0,1766529005871
3,72.0,1766529007721
3,71.0,1766529009581
3,71.0,1766529011434
3,71.0,1766529013282
3,71.0,1766529015150
3,71.0,1766529017034
3,71.0,1766529018882
3,71.0,1766529020754
3,72.0,1766529022614
3,71.0,1766529024472
3,71.0,1766529026333
3,71.0,1766529028172
3,71.0,1766529030035
3,71.0,1766529031874
3,71.0,1766529033731
3,71.0,1766529035588
3,71.0,1766529037467
3,71.0,1766529039332
3,71.0,1766529041189
3,71.0,1766529043053
3,72.0,1766529044906
3,71.0,1766529046765
3,71.0,1766529048619
3,71.0,1766529050495
3,71.0,1766529052364
3,71.0,1766529054227
3,71.0,1766529056080
3,71.0,1766529057931
3,71.0,1766529059781
3,71.0,1766529061635
3,72.0,1766529063505
3,71.0,1766529065374
3,71.0,1766529067261
3,71.0,1766529069114
3,71.0,1766529070974
3,71.0,1766529072831
3,71.0,1766529074698
3,71.0,1766529076573
3,71.0,1766529078457
3,71.0,1766529080313
3,71.0,1766529082180
3,71.0,1766529084055
3,71.0,1766529085913
3,71.0,1766529087776
3,71.0,1766529089634
3,71.0,1766529091269
3,71.0,1766529093126
3,72.0,1766529094991
3,71.0,1766529096854
3,71.0,1766529098709
3,71.0,1766529100551
3,71.0,1766529102412
3,71.0,1766529104260
3,71.0,1766529106127
3,72.0,1766529107993
3,71.0,1766529109845
3,71.0,1766529111709
3,71.0,1766529113551
3,71.0,1766529115419
3,71.0,1766529117303
3,71.0,1766529119163
3,71.0,1766529121013
3,71.0,1766529122901
3,71.0,1766529124759
3,71.0,1766529126600
3,71.0,1766529128462
3,71.0,1766529130324
3,71.0,1766529132177
3,71.0,1766529134047
3,71.0,1766529135915
3,71.0,1766529137535
3,71.0,1766529139407
3,71.0,1766529141274
3,71.0,1766529143138
3,71.0,1766529144995
3,71.0,1766529146851
3,71.0,1766529148714
3,71.0,1766529150558
3,71.0,1766529152426
3,71.0,1766529154309
3,71.0,1766529156171
3,71.0,1766529158027
3,71.0,1766529159890
3,71.0,1766529161749
3,71.0,1766529163613
3,71.0,1766529165468
3,71.0,1766529167331
3,71.0,1766529169185
3,71.0,1766529171050
3,71.0,1766529172910
3,72.0,1766529174769
3,71.0,1766529176636
3,71.0,1766529178527
3,71.0,1766529180391
3,72.0,1766529182264
3,71.0,1766529184127
3,71.0,1766529185997
3,71.0,1766529187846
3,71.0,1766529189703
3,72.0,1766529191566
3,71.0,1766529193411
3,71.0,1766529195281
3,71.0,1766529197143
3,71.0,1766529198998
3,71.0,1766529200632
3,71.0,1766529202512
3,71.0,1766529204384
3,71.0,1766529206250
3,71.0,1766529208139
3,71.0,1766529209995
3,71.0,1766529211608
3,71.0,1766529213477
3,71.0,1766529215335
3,71.0,1766529217190
3,69.0,1766529219064
3,71.0,1766529221074
3,71.0,1766529222932
3,71.0,1766529224791
3,71.0,1766529226629
3,71.0,1766529228493
3,71.0,1766529230349
3,71.0,1766529232208
3,71.0,1766529234063
3,71.0,1766529235930
3,71.0,1766529237805
3,71.0,1766529239665
3,71.0,1766529241530
3,71.0,1766529243408
3,71.0,1766529245265
3,71.0,1766529247124
3,71.0,1766529249004
3,71.0,1766529250862
3,71.0,1766529252719
3,71.0,1766529254583
3,71.0,1766529256439
3,71.0,1766529258305
3,71.0,1766529260156
3,71.0,1766529262022
3,71.0,1766529263876
3,71.0,1766529265733
3,71.0,1766529267610
3,71.0,1766529269498
3,71.0,1766529271353
3,71.0,1766529273205
3,71.0,1766529275075
3,71.0,1766529276709
3,71.0,1766529278580
3,72.0,1766529280437
3,71.0,1766529282311
3,71.0,1766529284170
3,72.0,1766529286032
3,71.0,1766529287912
3,71.0,1766529289773
3,71.0,1766529291618
3,71.0,1766529293508
3,71.0,1766529295391
3,71.0,1766529297250
3,71.0,1766529299115
3,71.0,1766529300992
3,71.0,1766529302850
3,71.0,1766529304720
3,71.0,1766529306601
3,71.0,1766529308481
3,71.0,1766529310362
3,71.0,1766529312218
3,71.0,1766529314098
3,71.0,1766529315979
3,72.0,1766529317835
3,71.0,1766529319693
3,71.0,1766529321573
3,71.0,1766529323456
3,71.0,1766529325317
3,71.0,1766529327182
3,71.0,1766529329054
3,71.0,1766529330914
3,71.0,1766529332793
3,71.0,1766529334658
3,71.0,1766529336509
3,71.0,1766529338376
3,71.0,1766529340246
3,71.0,1766529342108
3,71.0,1766529343974
3,71.0,1766529345837
3,71.0,1766529347690
3,71.0,1766529349551
3,71.0,1766529351178
3,71.0,1766529353055
3,71.0,1766529354672
3,71.0,1766529356539
3,71.0,1766529358390
3,71.0,1766529360252
3,72.0,1766529362106
3,71.0,1766529363981
3,71.0,1766529365888
3,71.0,1766529367739
3,71.0,1766529369602
3,71.0,1766529371466
3,72.0,1766529373317
3,71.0,1766529375187
3,71.0,1766529377059
3,70.0,1766529378916
4,71.0,1766529379878
4,71.0,1766529381759
4,71.0,1766529383635
4,71.0,1766529385518
4,71.0,1766529387362
4,71.0,1766529389235
4,71.0,1766529391090
4,71.0,1766529392967
4,71.0,1766529394813
4,71.0,1766529396674
4,71.0,1766529398543
4,72.0,1766529400403
4,71.0,1766529402271
4,71.0,1766529404136
4,71.0,1766529405992
4,71.0,1766529407852
4,71.0,1766529409715
4,71.0,1766529411569
4,71.0,1766529413415
4,71.0,1766529415280
4,71.0,1766529417159
4,71.0,1766529419017
4,71.0,1766529420910
4,71.0,1766529422731
4,72.0,1766529424592
4,71.0,1766529426468
4,71.0,1766529428327
4,72.0,1766529430190
4,71.0,1766529432045
4,71.0,1766529433905
4,71.0,1766529435787
4,71.0,1766529437667
4,71.0,1766529439533
4,71.0,1766529441418
4,71.0,1766529443304
4,71.0,1766529445165
4,71.0,1766529447049
4,71.0,1766529448925
4,69.0,1766529450795
4,72.0,1766529452790
4,71.0,1766529454658
4,71.0,1766529456525
4,71.0,1766529458391
4,71.0,1766529460266
4,71.0,1766529462155
4,71.0,1766529464007
4,71.0,1766529465875
4,71.0,1766529467731
4,71.0,1766529469612
4,71.0,1766529471473
4,71.0,1766529473357
4,71.0,1766529475232
4,71.0,1766529477093
4,71.0,1766529478955
4,71.0,1766529480811
4,72.0,1766529482676
4,71.0,1766529484550
4,71.0,1766529486411
4,72.0,1766529488273
4,71.0,1766529490149
4,71.0,1766529492008
4,72.0,1766529493871
4,71.0,1766529495756
4,71.0,1766529497627
4,71.0,1766529499486
4,71.0,1766529501353
4,71.0,1766529503227
4,71.0,1766529505092
4,71.0,1766529506958
4,71.0,1766529508837
4,71.0,1766529510695
4,72.0,1766529512570
4,71.0,1766529514440
4,71.0,1766529516315
4,71.0,1766529518174
4,71.0,1766529520055
4,71.0,1766529521921
4,71.0,1766529523779
4,71.0,1766529525638
4,71.0,1766529527502
4,72.0,1766529529358
4,71.0,1766529531220
4,71.0,1766529533086
4,72.0,1766529534955
4,71.0,1766529536815
4,71.0,1766529538680
4,71.0,1766529540552
4,71.0,1766529542412
4,71.0,1766529544267
4,71.0,1766529546146
4,71.0,1766529548025
4,71.0,1766529549873
4,71.0,1766529551733
4,71.0,1766529553586
4,71.0,1766529555446
4,71.0,1766529557294
4,71.0,1766529559161
4,71.0,1766529561038
4,71.0,1766529562926
4,71.0,1766529564806
4,71.0,1766529566668
4,71.0,1766529568527
4,71.0,1766529570387
4,72.0,1766529572245
4,71.0,1766529574095
4,71.0,1766529575983
4,72.0,1766529577845
4,71.0,1766529579719
4,71.0,1766529581566
4,71.0,1766529583435
4,71.0,1766529585294
4,71.0,1766529587171
4,72.0,1766529589039
4,71.0,1766529590898
4,71.0,1766529592751
4,71.0,1766529594627
4,71.0,1766529596511
4,71.0,1766529598395
4,72.0,1766529600238
4,71.0,1766529602114
4,71.0,1766529603963
4,72.0,1766529605844
4,71.0,1766529607692
4,71.0,1766529609547
4,71.0,1766529611411
4,71.0,1766529613264
4,71.0,1766529615145
4,71.0,1766529617008
4,71.0,1766529618867
4,71.0,1766529620496
4,71.0,1766529622364
4,71.0,1766529624223
4,71.0,1766529626106
4,71.0,1766529627960
4,71.0,1766529629814
4,71.0,1766529631686
4,71.0,1766529633540
4,71.0,1766529635405
4,71.0,1766529637261
4,71.0,1766529639103
4,71.0,1766529640958
4,71.0,1766529642840
4,71.0,1766529644699
4,71.0,1766529646555
4,71.0,1766529648401
4,71.0,1766529650264
4,69.0,1766529652126
4,71.0,1766529654144
4,71.0,1766529656009
4,71.0,1766529657878
4,71.0,1766529659739
4,71.0,1766529661611
4,71.0,1766529663478
4,71.0,1766529665331
4,71.0,1766529667194
4,71.0,1766529669056
4,69.0,1766529670923
4,71.0,1766529672933
4,71.0,1766529674790
4,71.0,1766529676654
4,71.0,1766529678505
4,71.0,1766529680365
4,71.0,1766529682230
4,71.0,1766529684086
4,71.0,1766529685945
4,71.0,1766529687560
4,71.0,1766529689443
4,71.0,1766529691294
4,71.0,1766529693191
4,71.0,1766529695016
4,71.0,1766529696878
4,71.0,1766529698759
4,71.0,1766529700643
4,71.0,1766529702484
4,71.0,1766529704360
4,71.0,1766529706217
4,71.0,1766529708092
4,71.0,1766529709965
4,71.0,1766529711834
4,71.0,1766529713695
4,71.0,1766529715556
4,71.0,1766529717435
4,71.0,1766529719295
4,71.0,1766529721147
4,71.0,1766529723032
4,72.0,1766529724902
4,71.0,1766529726776
4,71.0,1766529728635
4,71.0,1766529730481
4,71.0,1766529732348
4,71.0,1766529734227
4,71.0,1766529736110
4,71.0,1766529737958
4,71.0,1766529739829
4,71.0,1766529741447
4,72.0,1766529743293
4,71.0,1766529745150
4,71.0,1766529747004
4,71.0,1766529748870
4,71.0,1766529750748
4,71.0,1766529752610
4,71.0,1766529754467
4,71.0,1766529756325
4,71.0,1766529757955
4,71.0,1766529759804
4,71.0,1766529761655
4,71.0,1766529763514
4,72.0,1766529765381
4,71.0,1766529767235
4,71.0,1766529769119
4,71.0,1766529770967
4,71.0,1766529772824
4,71.0,1766529774678
4,71.0,1766529776538
4,71.0,1766529778392
4,71.0,1766529780280
4,71.0,1766529782159
4,71.0,1766529784022
4,72.0,1766529785883
4,71.0,1766529787749
4,71.0,1766529789618
4,71.0,1766529791475
4,71.0,1766529793357
4,71.0,1766529795225
4,71.0,1766529797085
4,71.0,1766529798956
4,71.0,1766529800817
4,72.0,1766529802682
4,72.0,1766529804555
4,71.0,1766529806429
4,71.0,1766529808291
4,72.0,1766529810154
4,71.0,1766529812015
4,72.0,1766529813874
4,71.0,1766529815751
4,71.0,1766529817606
4,71.0,1766529819466
4,71.0,1766529821363
4,71.0,1766529823239
4,71.0,1766529825127
4,71.0,1766529826988
4,71.0,1766529828858
4,71.0,1766529830744
4,71.0,1766529832587
4,71.0,1766529834456
4,71.0,1766529836325
4,71.0,1766529838180
4,71.0,1766529840048
4,71.0,1766529841921
4,71.0,1766529843783
4,71.0,1766529845642
4,71.0,1766529847519
4,71.0,1766529849380
4,71.0,1766529851257
4,71.0,1766529853132
4,71.0,1766529855018
4,71.0,1766529856877
4,69.0,1766529858767
4,71.0,1766529860771
4,71.0,1766529862639
4,71.0,1766529864514
4,71.0,1766529866375
4,71.0,1766529868248
4,71.0,1766529870108
4,71.0,1766529871965
4,71.0,1766529873814
4,71.0,1766529875675
4,72.0,1766529877548
4,71.0,1766529879403
4,71.0,1766529881266
4,71.0,1766529883128
4,71.0,1766529884983
4,72.0,1766529886844
4,71.0,1766529888703
4,72.0,1766529890564
4,71.0,1766529892423
4,72.0,1766529894269
4,72.0,1766529896145
4,72.0,1766529898001
4,72.0,1766529899846
4,72.0,1766529901698
4,72.0,1766529903568
4,72.0,1766529905443
4,72.0,1766529907318
4,71.0,1766529909180
4,72.0,1766529911032
4,72.0,1766529912914
4,71.0,1766529914772
4,71.0,1766529916614
4,71.0,1766529918476
4,72.0,1766529920334
4,71.0,1766529922210
4,71.0,1766529924075
4,72.0,1766529925930
4,71.0,1766529927798
4,71.0,1766529929674
4,72.0,1766529931531
4,71.0,1766529933390
4,71.0,1766529935009
4,71.0,1766529936854
4,71.0,1766529938725
4,71.0,1766529940592
4,71.0,1766529942451
4,71.0,1766529944308
4,71.0,1766529946160
4,71.0,1766529948020
4,71.0,1766529949870
4,72.0,1766529951727
4,71.0,1766529953582
4,71.0,1766529955443
4,71.0,1766529957287
4,71.0,1766529959143
4,71.0,1766529960998
4,71.0,1766529962877
4,71.0,1766529964753
4,72.0,1766529966624
4,71.0,1766529968478
4,71.0,1766529970341
4,71.0,1766529972206
4,71.0,1766529974050
4,71.0,1766529975946
4,71.0,1766529977798
4,71.0,1766529979667
4,71.0,1766529981541
4,72.0,1766529983416
4,71.0,1766529985277
4,71.0,1766529987136
4,71.0,1766529989009
4,71.0,1766529990877
4,71.0,1766529992742
4,72.0,1766529994613
4,71.0,1766529996475
4,71.0,1766529998335
4,71.0,1766530000191
4,71.0,1766530002051
4,72.0,1766530003898
4,71.0,1766530005767
4,71.0,1766530007628
4,71.0,1766530009487
4,71.0,1766530011346
4,72.0,1766530013202
4,71.0,1766530015071
4,72.0,1766530016913
4,71.0,1766530018779
4,71.0,1766530020666
4,71.0,1766530022538
4,71.0,1766530024399
4,71.0,1766530026263
4,72.0,1766530028237
4,70.0,1766530030048
4,71.0,1766530031919
4,72.0,1766530033776
4,69.0,1766530035652
4,71.0,1766530037523
4,72.0,1766530039377
4,70.0,1766530041242
4,71.0,1766530043096
4,70.0,1766530044954
4,71.0,1766530046803
4,72.0,1766530048673
4,69.0,1766530050539
4,71.0,1766530052404
4,71.0,1766530054026
4,71.0,1766530055893
4,71.0,1766530057759
4,71.0,1766530059616
4,72.0,1766530061479
4,71.0,1766530063352
4,71.0,1766530065218
4,72.0,1766530067074
4,71.0,1766530068942
4,71.0,1766530070789
4,71.0,1766530072650
4,71.0,1766530074512
4,72.0,1766530076375
4,70.0,1766530078249
4,71.0,1766530080112
4,71.0,1766530081984
4,72.0,1766530083861
4,70.0,1766530085775
4,71.0,1766530087601
4,71.0,1766530089458
4,70.0,1766530091325
4,71.0,1766530093182
4,71.0,1766530095050
4,69.0,1766530096923
4,71.0,1766530098788
4,71.0,1766530100672
4,71.0,1766530102543
4,70.0,1766530104424
4,71.0,1766530106283
4,71.0,1766530108142
4,71.0,1766530110009
4,71.0,1766530111881
4,72.0,1766530113752
4,69.0,1766530115629
4,70.0,1766530117515
4,71.0,1766530119381
4,71.0,1766530121239
4,71.0,1766530123100
4,71.0,1766530124973
4,71.0,1766530126840
4,71.0,1766530128677
4,72.0,1766530130545
4,69.0,1766530132422
4,70.0,1766530134309
4,71.0,1766530136187
4,71.0,1766530138051
4,70.0,1766530139909
4,71.0,1766530141768
4,71.0,1766530143630
4,71.0,1766530145484
4,69.0,1766530147111
4,71.0,1766530148975
4,71.0,1766530150836
4,70.0,1766530152707
4,71.0,1766530154559
4,71.0,1766530156429
4,70.0,1766530158304
4,71.0,1766530160157
4,71.0,1766530162024
4,71.0,1766530163878
4,72.0,1766530165745
4,69.0,1766530167615
4,70.0,1766530169496
4,71.0,1766530171364
4,70.0,1766530173215
4,71.0,1766530175072
4,72.0,1766530176941
4,70.0,1766530178819
4,70.0,1766530180695
4,71.0,1766530182554
4,72.0,1766530184431
4,69.0,1766530186306
4,69.0,1766530188197
4,71.0,1766530190050
4,71.0,1766530191927
4,69.0,1766530193796
4,71.0,1766530195647
4,70.0,1766530197511
4,71.0,1766530199376
4,71.0,1766530201231
4,69.0,1766530203104
4,71.0,1766530204972
4,71.0,1766530206825
4,69.0,1766530208690
4,71.0,1766530210548
4,70.0,1766530212408
4,71.0,1766530214257
4,69.0,1766530216137
4,71.0,1766530218142
4,71.0,1766530220004
4,71.0,1766530221864
4,72.0,1766530223721
4,70.0,1766530225581
4,71.0,1766530227458
4,71.0,1766530229340
4,69.0,1766530231194
4,71.0,1766530233062
4,71.0,1766530234921
4,69.0,1766530236793
4,71.0,1766530238671
4,72.0,1766530240521
4,69.0,1766530242379
4,71.0,1766530244253
4,71.0,1766530246135
4,70.0,1766530247992
4,71.0,1766530249860
4,71.0,1766530251735
4,72.0,1766530253606
4,71.0,1766530255471
4,71.0,1766530257347
4,72.0,1766530259217
4,70.0,1766530261070
4,71.0,1766530262929
4,71.0,1766530264794
4,71.0,1766530266645
4,71.0,1766530268526
4,71.0,1766530270155
4,71.0,1766530272027
4,69.0,1766530273880
4,71.0,1766530275758
4,71.0,1766530277620
4,69.0,1766530279469
4,71.0,1766530281330
4,71.0,1766530283186
4,71.0,1766530285043
4,71.0,1766530286887
4,71.0,1766530288748
4,71.0,1766530290600
4,70.0,1766530292478
4,70.0,1766530294358
4,71.0,1766530296247
4,71.0,1766530298104
4,70.0,1766530299960
4,71.0,1766530301812
4,71.0,1766530303677
4,71.0,1766530305539
4,71.0,1766530307392
4,69.0,1766530309257
4,71.0,1766530311114
4,69.0,1766530312982
4,70.0,1766530314853
4,71.0,1766530316735
4,71.0,1766530318580
4,70.0,1766530320453
4,71.0,1766530322307
4,70.0,1766530324167
4,71.0,1766530326068
4,71.0,1766530327898
4,69.0,1766530329751
4,71.0,1766530331607
4,71.0,1766530333468
4,71.0,1766530335320
4,72.0,1766530337186
4,70.0,1766530339045
4,71.0,1766530340917
4,71.0,1766530342781
4,69.0,1766530344649
4,71.0,1766530346501
4,72.0,1766530348370
4,71.0,1766530350230
4,72.0,1766530352089
4,71.0,1766530353963
4,72.0,1766530355809
4,72.0,1766530357683
4,72.0,1766530359560
4,71.0,1766530361417
4,72.0,1766530363266
4,71.0,1766530365140
4,72.0,1766530367011
4,72.0,1766530368879
4,72.0,1766530370757
4,71.0,1766530372610
4,72.0,1766530374477
4,72.0,1766530376360
4,71.0,1766530378217
4,72.0,1766530380078
4,70.0,1766530381940
4,71.0,1766530383808
4,69.0,1766530385434
4,71.0,1766530387291
4,72.0,1766530389156
4,71.0,1766530391019
4,71.0,1766530392887
4,72.0,1766530394756
4,71.0,1766530396610
4,72.0,1766530398479
4,69.0,1766530400332
4,71.0,1766530402192
4,71.0,1766530404069
4,71.0,1766530405957
4,70.0,1766530407828
4,71.0,1766530409682
4,72.0,1766530411566
4,71.0,1766530413418
4,71.0,1766530415279
4,72.0,1766530417151
4,70.0,1766530419017
4,71.0,1766530420896
4,72.0,1766530422766
4,71.0,1766530424640
4,71.0,1766530426501
4,72.0,1766530428361
4,70.0,1766530430216
4,71.0,1766530432082
4,71.0,1766530433955
4,69.0,1766530435837
4,70.0,1766530437713
4,71.0,1766530439574
4,71.0,1766530441441
4,70.0,1766530443314
4,71.0,1766530445184
4,71.0,1766530447051
4,70.0,1766530448911
4,71.0,1766530450768
4,70.0,1766530452610
4,71.0,1766530454482
4,69.0,1766530456360
4,71.0,1766530458370
4,71.0,1766530460228
4,71.0,1766530462090
4,71.0,1766530463950
4,69.0,1766530465823
4,70.0,1766530467701
4,71.0,1766530469568
4,70.0,1766530471425
4,71.0,1766530473283
4,71.0,1766530475124
4,71.0,1766530476984
4,69.0,1766530478853
4,71.0,1766530480857
4,71.0,1766530482728
4,71.0,1766530484584
4,71.0,1766530486440
4,71.0,1766530488324
4,71.0,1766530490175
4,71.0,1766530491791
4,71.0,1766530493655
4,70.0,1766530495501
4,71.0,1766530497361
4,71.0,1766530499216
4,71.0,1766530501084
4,71.0,1766530502955
4,69.0,1766530504798
4,71.0,1766530506657
4,71.0,1766530508515
4,71.0,1766530510381
4,71.0,1766530512253
4,71.0,1766530513876
4,72.0,1766530515730
4,70.0,1766530517592
4,71.0,1766530519452
4,70.0,1766530521311
4,71.0,1766530523172
4,72.0,1766530525024
4,70.0,1766530526887
4,71.0,1766530528744
4,71.0,1766530530607
4,71.0,1766530532451
4,71.0,1766530534307
4,71.0,1766530536160
4,72.0,1766530538035
4,72.0,1766530539903
4,71.0,1766530541767
4,72.0,1766530543622
4,71.0,1766530545477
4,72.0,1766530547346
4,72.0,1766530549209
4,69.0,1766530551092
4,72.0,1766530552958
4,71.0,1766530554800
4,72.0,1766530556641
4,71.0,1766530558502
4,72.0,1766530560344
4,72.0,1766530562202
4,72.0,1766530564059
4,72.0,1766530565954
4,70.0,1766530567795
4,71.0,1766530569674
4,72.0,1766530571532
4,72.0,1766530573413
4,70.0,1766530575291
4,71.0,1766530577173
4,72.0,1766530579029
4,70.0,1766530580877
4,72.0,1766530582731
4,71.0,1766530584595
4,72.0,1766530586448
4,70.0,1766530588068
4,72.0,1766530589937
4,72.0,1766530591827
4,72.0,1766530593687
4,72.0,1766530595544
4,72.0,1766530597406
4,70.0,1766530599282
4,72.0,1766530601139
4,71.0,1766530602763
4,72.0,1766530604632
4,72.0,1766530606491
4,71.0,1766530608361
4,71.0,1766530610224
4,71.0,1766530612080
4,71.0,1766530613944
4,72.0,1766530615799
4,71.0,1766530617652
4,71.0,1766530619532
4,71.0,1766530621157
4,71.0,1766530623019
4,72.0,1766530624880
4,70.0,1766530626755
4,71.0,1766530628635
4,72.0,1766530630495
4,71.0,1766530632350
4,71.0,1766530634221
4,72.0,1766530636090
4,69.0,1766530637959
4,71.0,1766530639839
4,72.0,1766530641692
4,70.0,1766530643549
4,70.0,1766530645168
4,71.0,1766530647036
4,72.0,1766530648900
4,69.0,1766530650765
4,70.0,1766530652654
4,71.0,1766530654527
4,71.0,1766530656371
4,71.0,1766530658233
4,71.0,1766530660101
4,70.0,1766530661971
4,71.0,1766530663809
4,71.0,1766530665671
4,70.0,1766530667543
4,71.0,1766530669415
4,72.0,1766530671290
4,70.0,1766530673157
4,71.0,1766530675023
4,71.0,1766530676895
4,69.0,1766530678744
4,71.0,1766530680603
4,71.0,1766530682460
4,71.0,1766530684328
4,71.0,1766530686208
4,69.0,1766530688044
4,71.0,1766530689911
4,71.0,1766530691774
4,69.0,1766530693643
4,71.0,1766530695506
4,72.0,1766530697378
4,69.0,1766530699241
4,71.0,1766530701105
4,72.0,1766530702973
4,69.0,1766530704848
4,71.0,1766530706696
4,71.0,1766530708568
4,69.0,1766530710446
4,71.0,1766530712292
4,71.0,1766530714165
4,69.0,1766530716045
4,71.0,1766530717916
4,72.0,1766530719771
4,69.0,1766530721642
4,70.0,1766530723527
4,71.0,1766530725385
4,70.0,1766530727246
4,71.0,1766530729104
4,72.0,1766530730963
4,69.0,1766530732829
4,71.0,1766530734700
4,72.0,1766530736561
4,69.0,1766530738432
4,71.0,1766530740298
4,71.0,1766530742145
4,69.0,1766530744024
4,70.0,1766530745919
4,71.0,1766530747745
4,69.0,1766530749623
4,71.0,1766530751489
4,71.0,1766530753356
4,69.0,1766530755221
4,71.0,1766530757076
4,71.0,1766530758943
4,69.0,1766530760820
4,71.0,1766530762684
4,71.0,1766530764552
4,70.0,1766530766417
4,71.0,1766530768272
4,71.0,1766530770143
4,69.0,1766530772016
4,71.0,1766530773876
4,71.0,1766530775746
4,69.0,1766530777624
4,71.0,1766530779509
4,71.0,1766530781389
4,72.0,1766530783252
4,70.0,1766530785123
4,70.0,1766530787005
4,71.0,1766530788887
4,71.0,1766530790747
4,71.0,1766530792627
4,71.0,1766530794486
4,72.0,1766530796341
4,69.0,1766530798213
4,71.0,1766530800089
4,71.0,1766530801976
4,71.0,1766530803823
4,71.0,1766530805681
4,71.0,1766530807520
4,71.0,1766530809385
4,72.0,1766530811244
4,70.0,1766530813115
4,71.0,1766530814987
4,72.0,1766530816838
4,72.0,1766530818718
4,71.0,1766530820583
4,71.0,1766530822463
4,72.0,1766530824332
4,71.0,1766530826186
4,71.0,1766530828070
4,72.0,1766530829922
4,71.0,1766530831793
4,72.0,1766530833644
4,71.0,1766530835515
4,71.0,1766530837375
4,72.0,1766530839234
4,69.0,1766530841094
4,71.0,1766530842967
4,69.0,1766530844597
4,71.0,1766530846472
4,72.0,1766530848338
4,71.0,1766530850204
4,72.0,1766530852069
4,72.0,1766530853932
4,70.0,1766530855808
4,71.0,1766530857673
4,71.0,1766530859563
4,72.0,1766530861417
4,69.0,1766530863289
4,71.0,1766530865164
4,72.0,1766530867018
4,70.0,1766530868882
4,71.0,1766530870753
4,71.0,1766530872638
4,71.0,1766530874500
4,71.0,1766530876362
4,72.0,1766530878222
4,69.0,1766530880083
4,71.0,1766530881960
4,72.0,1766530883823
4,71.0,1766530885696
4,71.0,1766530887556
4,72.0,1766530889407
4,69.0,1766530891279
4,71.0,1766530893154
4,72.0,1766530895013
4,70.0,1766530896872
4,71.0,1766530898748
4,69.0,1766530900372
4,72.0,1766530902238
4,72.0,1766530904110
4,70.0,1766530905970
4,71.0,1766530907849
4,72.0,1766530909707
4,70.0,1766530911568
4,71.0,1766530913437
4,72.0,1766530915305
4,70.0,1766530917163
4,72.0,1766530919031
4,71.0,1766530920890
4,72.0,1766530922743
4,72.0,1766530924606
4,70.0,1766530926484
4,71.0,1766530928364
4,72.0,1766530930231
4,72.0,1766530932102
4,71.0,1766530933961
4,72.0,1766530935840
4,72.0,1766530937699
4,70.0,1766530939558
4,72.0,1766530941403
4,69.0,1766530943282
4,71.0,1766530945155
4,72.0,1766530947031
4,72.0,1766530948899
4,69.0,1766530950767
4,71.0,1766530952653
4,72.0,1766530954517
4,72.0,1766530956391
4,71.0,1766530958251
4,72.0,1766530960118
4,72.0,1766530962004
4,70.0,1766530963857
4,71.0,1766530965731
4,72.0,1766530967598
4,70.0,1766530969452
4,72.0,1766530971333
4,72.0,1766530973192
4,70.0,1766530975052
4,71.0,1766530976928
4,72.0,1766530978792
4,69.0,1766530980657
4,72.0,1766530982527
4,72.0,1766530984386
4,70.0,1766530986263
4,71.0,1766530988150
4,72.0,1766530990022
4,72.0,1766530991899
4,72.0,1766530993768
4,71.0,1766530995646
4,72.0,1766530997500
4,69.0,1766530999348
4,72.0,1766531001217
4,72.0,1766531003085
4,72.0,1766531004963
4,71.0,1766531006837
4,71.0,1766531008698
4,69.0,1766531010588
4,71.0,1766531012598
4,71.0,1766531014455
4,71.0,1766531016318
4,72.0,1766531018172
4,69.0,1766531020036
4,71.0,1766531021891
4,70.0,1766531023752
4,71.0,1766531025617
4,71.0,1766531027476
4,72.0,1766531029366
4,69.0,1766531031239
4,71.0,1766531033110
4,72.0,1766531034969
4,70.0,1766531036826
4,72.0,1766531038688
4,71.0,1766531040548
4,71.0,1766531042412
4,72.0,1766531044268
4,69.0,1766531046159
4,72.0,1766531048005
4,69.0,1766531049635
4,71.0,1766531051524
4,72.0,1766531053391
4,72.0,1766531055249
4,69.0,1766531057123
4,72.0,1766531059002
4,72.0,1766531060864
4,70.0,1766531062738
4,72.0,1766531064603
4,72.0,1766531066460
4,69.0,1766531068320
4,72.0,1766531070196
4,72.0,1766531072069
4,72.0,1766531073941
4,71.0,1766531075815
4,72.0,1766531077682
4,72.0,1766531079560
4,70.0,1766531081424
4,72.0,1766531083290
4,71.0,1766531084916
4,72.0,1766531086780
4,72.0,1766531088645
4,71.0,1766531090511
4,72.0,1766531092380
4,72.0,1766531094269
4,70.0,1766531096114
4,72.0,1766531097976
4,72.0,1766531099837
4,72.0,1766531101704
4,72.0,1766531103572
4,72.0,1766531105432
4,72.0,1766531107295
4,72.0,1766531109167
4,72.0,1766531111028
4,71.0,1766531112905
4,72.0,1766531114769
4,72.0,1766531116639
4,71.0,1766531118520
4,72.0,1766531120388
4,72.0,1766531122231
4,73.0,1766531124099
5,71.0,1766531125193
5,72.0,1766531127080
5,72.0,1766531128940
5,70.0,1766531130803
5,72.0,1766531132681
5,72.0,1766531134556
5,72.0,1766531136419
5,72.0,1766531138286
5,72.0,1766531140143
5,70.0,1766531142013
5,72.0,1766531143880
5,72.0,1766531145719
5,70.0,1766531147599
5,72.0,1766531149472
5,72.0,1766531151322
5,70.0,1766531153209
5,71.0,1766531155094
5,72.0,1766531156954
5,72.0,1766531158815
5,72.0,1766531160685
5,72.0,1766531162549
5,72.0,1766531164413
5,70.0,1766531166288
5,72.0,1766531168160
5,72.0,1766531170048
5,72.0,1766531171911
5,71.0,1766531173782
5,72.0,1766531175663
5,72.0,1766531177546
5,71.0,1766531179412
5,72.0,1766531181261
5,72.0,1766531183106
5,71.0,1766531184982
5,72.0,1766531186846
5,72.0,1766531188707
5,71.0,1766531190571
5,72.0,1766531192454
5,72.0,1766531194329
5,71.0,1766531196197
5,72.0,1766531198055
5,70.0,1766531199679
5,72.0,1766531201548
5,72.0,1766531203424
5,71.0,1766531205275
5,72.0,1766531207155
5,72.0,1766531209020
5,69.0,1766531210879
5,71.0,1766531212754
5,72.0,1766531214610
5,70.0,1766531216476
5,71.0,1766531218341
5,72.0,1766531220218
5,70.0,1766531222088
5,71.0,1766531223953
5,72.0,1766531225839
5,70.0,1766531227670
5,71.0,1766531229533
5,71.0,1766531231392
5,71.0,1766531233247
5,71.0,1766531235107
5,69.0,1766531236967
5,71.0,1766531238823
5,71.0,1766531240455
5,71.0,1766531242311
5,69.0,1766531244181
5,70.0,1766531246062
5,71.0,1766531247921
5,70.0,1766531249783
5,71.0,1766531251649
5,71.0,1766531253509
5,69.0,1766531255378
5,70.0,1766531257256
5,71.0,1766531259122
5,70.0,1766531260977
5,71.0,1766531262839
5,71.0,1766531264696
5,70.0,1766531266557
5,71.0,1766531268413
5,70.0,1766531270276
5,70.0,1766531272146
5,72.0,1766531274001
5,69.0,1766531275861
5,71.0,1766531277721
5,72.0,1766531279591
5,70.0,1766531281471
5,71.0,1766531283315
5,72.0,1766531285190
5,69.0,1766531287055
5,71.0,1766531288912
5,72.0,1766531290778
5,69.0,1766531292653
5,71.0,1766531294512
5,72.0,1766531296382
5,70.0,1766531298264
5,71.0,1766531300139
5,72.0,1766531302021
5,72.0,1766531303885
5,71.0,1766531305750
5,72.0,1766531307607
5,72.0,1766531309471
5,70.0,1766531311349
5,72.0,1766531313205
5,71.0,1766531315059
5,72.0,1766531316923
5,72.0,1766531318780
5,70.0,1766531320646
5,72.0,1766531322507
5,72.0,1766531324360
5,72.0,1766531326224
5,72.0,1766531328079
5,70.0,1766531329945
5,72.0,1766531331817
5,72.0,1766531333676
5,71.0,1766531335539
5,72.0,1766531337401
5,72.0,1766531339276
5,71.0,1766531341152
5,72.0,1766531343010
5,73.0,1766531344882
5,72.0,1766531346756
5,72.0,1766531348615
5,72.0,1766531350468
5,72.0,1766531352355
5,72.0,1766531354213
5,72.0,1766531356077
5,72.0,1766531357954
5,70.0,1766531359832
5,72.0,1766531361697
5,72.0,1766531363570
5,69.0,1766531365439
5,69.0,1766531367330
5,72.0,1766531369197
5,72.0,1766531371083
5,71.0,1766531372947
5,71.0,1766531374819
5,72.0,1766531376706
5,72.0,1766531378566
5,72.0,1766531380445
5,69.0,1766531382327
5,72.0,1766531384206
5,72.0,1766531386076
5,72.0,1766531387950
5,70.0,1766531389823
5,72.0,1766531391693
5,72.0,1766531393576
5,72.0,1766531395446
5,69.0,1766531397323
5,72.0,1766531399184
5,72.0,1766531401059
5,72.0,1766531402691
5,72.0,1766531404550
5,70.0,1766531406433
5,70.0,1766531408318
5,72.0,1766531410177
5,72.0,1766531412049
5,72.0,1766531413936
5,70.0,1766531415817
5,72.0,1766531417694
5,72.0,1766531419557
5,72.0,1766531421434
5,70.0,1766531423313
5,72.0,1766531425178
5,72.0,1766531427065
5,70.0,1766531428966
5,72.0,1766531430966
5,72.0,1766531432838
5,69.0,1766531434716
5,72.0,1766531436588
5,72.0,1766531438458
5,72.0,1766531440340
5,70.0,1766531442218
5,69.0,1766531444105
5,72.0,1766531445975
5,72.0,1766531447864
5,72.0,1766531449732
5,70.0,1766531451603
5,72.0,1766531453465
5,72.0,1766531455343
5,72.0,1766531457216
5,71.0,1766531459087
5,72.0,1766531460965
5,72.0,1766531462843
5,69.0,1766531464708
5,72.0,1766531466577
5,72.0,1766531468444
5,69.0,1766531470305
5,72.0,1766531472175
5,72.0,1766531474040
5,70.0,1766531475896
5,72.0,1766531477757
5,70.0,1766531479644
5,72.0,1766531481649
5,72.0,1766531483509
5,71.0,1766531485376
5,72.0,1766531487239
5,71.0,1766531489108
5,72.0,1766531490972
5,72.0,1766531492829
5,70.0,1766531494691
5,72.0,1766531496546
5,72.0,1766531498407
5,72.0,1766531500265
5,72.0,1766531502112
5,70.0,1766531503985
5,72.0,1766531505847
5,72.0,1766531507713
5,69.0,1766531509589
5,72.0,1766531511461
5,72.0,1766531513307
5,70.0,1766531515189
5,72.0,1766531517040
5,71.0,1766531518900
5,72.0,1766531520756
5,72.0,1766531522602
5,72.0,1766531524460
5,72.0,1766531526319
5,70.0,1766531528174
5,72.0,1766531530036
5,72.0,1766531531919
5,69.0,1766531533775
5,72.0,1766531535632
5,72.0,1766531537511
5,72.0,1766531539392
5,72.0,1766531541260
5,72.0,1766531543128
5,72.0,1766531545007
5,71.0,1766531546860
5,72.0,1766531548742
5,72.0,1766531550612
5,70.0,1766531552485
5,70.0,1766531554372
5,72.0,1766531556229
5,71.0,1766531558090
5,72.0,1766531559952
5,72.0,1766531561810
5,72.0,1766531563698
5,69.0,1766531565576
5,71.0,1766531567465
5,72.0,1766531569323
5,70.0,1766531571179
5,71.0,1766531573061
5,72.0,1766531574911
5,71.0,1766531576781
5,72.0,1766531578634
5,72.0,1766531580521
5,72.0,1766531582381
5,70.0,1766531584258
5,72.0,1766531586151
5,72.0,1766531587739
5,72.0,1766531589595
5,70.0,1766531591477
5,71.0,1766531593355
5,72.0,1766531595235
5,72.0,1766531597112
5,70.0,1766531598975
5,71.0,1766531600844
5,72.0,1766531602716
5,71.0,1766531604569
5,72.0,1766531606435
5,72.0,1766531608292
5,71.0,1766531610169
5,72.0,1766531612038
5,72.0,1766531613890
5,70.0,1766531615751
5,72.0,1766531617612
5,72.0,1766531619476
5,70.0,1766531621354
5,72.0,1766531623208
5,72.0,1766531625066
5,71.0,1766531626933
5,72.0,1766531628790
5,71.0,1766531630663
5,71.0,1766531632540
5,72.0,1766531634400
5,71.0,1766531636259
5,72.0,1766531638113
5,72.0,1766531639989
5,70.0,1766531641857
5,72.0,1766531643717
5,72.0,1766531645583
5,69.0,1766531647451
5,70.0,1766531649343
5,72.0,1766531651219
5,71.0,1766531652854
5,72.0,1766531654723
5,72.0,1766531656592
5,71.0,1766531658454
5,72.0,1766531660319
5,72.0,1766531662176
5,69.0,1766531664040
5,72.0,1766531665914
5,72.0,1766531667756
5,70.0,1766531669636
5,72.0,1766531671496
5,72.0,1766531673354
5,70.0,1766531675231
5,72.0,1766531677088
5,72.0,1766531678955
5,71.0,1766531680827
5,72.0,1766531682687
5,71.0,1766531684549
5,72.0,1766531686398
5,72.0,1766531688265
5,69.0,1766531690137
5,69.0,1766531692027
5,72.0,1766531693889
5,72.0,1766531695744
5,71.0,1766531697621
5,71.0,1766531699249
5,71.0,1766531701122
5,72.0,1766531702987
5,72.0,1766531704845
5,70.0,1766531706718
5,72.0,1766531708578
5,71.0,1766531710439
5,71.0,1766531712306
5,72.0,1766531714166
5,69.0,1766531716029
5,70.0,1766531717921
5,72.0,1766531719787
5,72.0,1766531721646
5,70.0,1766531723519
5,72.0,1766531725384
5,71.0,1766531727236
5,72.0,1766531729081
5,72.0,1766531730950
5,69.0,1766531732819
5,71.0,1766531734676
5,71.0,1766531736531
5,72.0,1766531738400
5,72.0,1766531740250
5,69.0,1766531742119
5,71.0,1766531743981
5,72.0,1766531745859
5,70.0,1766531747727
5,72.0,1766531749584
5,72.0,1766531751440
5,71.0,1766531753325
5,71.0,1766531755186
5,70.0,1766531757010
5,72.0,1766531758863
5,71.0,1766531760725
5,71.0,1766531762585
5,72.0,1766531764430
5,71.0,1766531766283
5,72.0,1766531768129
5,71.0,1766531770004
5,72.0,1766531771846
5,70.0,1766531773718
5,71.0,1766531775579
5,72.0,1766531777435
5,70.0,1766531779298
5,72.0,1766531781143
5,69.0,1766531783006
5,71.0,1766531784874
5,72.0,1766531786724
5,70.0,1766531788595
5,71.0,1766531790455
5,72.0,1766531792316
5,69.0,1766531794195
5,71.0,1766531796055
5,72.0,1766531797920
5,70.0,1766531799793
5,72.0,1766531801648
5,72.0,1766531803511
5,71.0,1766531805374
5,69.0,1766531807240
5,72.0,1766531809216
5,71.0,1766531811083
5,71.0,1766531812953
5,72.0,1766531814832
5,71.0,1766531816706
5,71.0,1766531818549
5,72.0,1766531820403
5,72.0,1766531822262
5,72.0,1766531824133
5,70.0,1766531826014
5,71.0,1766531827843
5,72.0,1766531829732
5,71.0,1766531831582
5,72.0,1766531833457
5,72.0,1766531835333
5,72.0,1766531837216
5,70.0,1766531839081
5,71.0,1766531840941
5,72.0,1766531842800
5,71.0,1766531844661
5,72.0,1766531846505
5,70.0,1766531848373
5,71.0,1766531850242
5,72.0,1766531852103
5,71.0,1766531853972
5,71.0,1766531855836
5,69.0,1766531857726
5,72.0,1766531859729
5,72.0,1766531861595
5,70.0,1766531863473
5,71.0,1766531865334
5,72.0,1766531867198
5,69.0,1766531869075
5,71.0,1766531870951
5,72.0,1766531872808
5,69.0,1766531874674
5,72.0,1766531876550
5,72.0,1766531878411
5,70.0,1766531880275
5,71.0,1766531882127
5,72.0,1766531883991
5,71.0,1766531885875
5,72.0,1766531887707
5,70.0,1766531889583
5,71.0,1766531891448
5,72.0,1766531893302
5,69.0,1766531895167
5,71.0,1766531897021
5,72.0,1766531898888
5,69.0,1766531900764
5,71.0,1766531902623
5,72.0,1766531904486
5,70.0,1766531906363
5,71.0,1766531908227
5,72.0,1766531910092
5,71.0,1766531911973
5,71.0,1766531913854
5,72.0,1766531915737
5,72.0,1766531917590
5,70.0,1766531919455
5,71.0,1766531921313
5,72.0,1766531923177
5,70.0,1766531925054
5,71.0,1766531926915
5,72.0,1766531928781
5,69.0,1766531930657
5,71.0,1766531932536
5,72.0,1766531934395
5,69.0,1766531936252
5,72.0,1766531938107
5,71.0,1766531939966
5,71.0,1766531941833
5,72.0,1766531943702
5,70.0,1766531945566
5,72.0,1766531947429
5,72.0,1766531949287
5,72.0,1766531951165
5,72.0,1766531953014
5,72.0,1766531954882
5,70.0,1766531956747
5,71.0,1766531958602
5,71.0,1766531960465
5,69.0,1766531962346
5,72.0,1766531964200
5,72.0,1766531966065
5,70.0,1766531967944
5,72.0,1766531969796
5,72.0,1766531971661
5,71.0,1766531973521
5,72.0,1766531975381
5,70.0,1766531977242
5,71.0,1766531979099
5,72.0,1766531980961
5,70.0,1766531982841
5,71.0,1766531984715
5,72.0,1766531986581
5,72.0,1766531988455
5,71.0,1766531990316
5,72.0,1766531992181
5,72.0,1766531994055
5,71.0,1766531995927
5,71.0,1766531997792
5,72.0,1766531999652
5,69.0,1766532001530
5,71.0,1766532003388
5,72.0,1766532005251
5,71.0,1766532007119
5,70.0,1766532008949
5,71.0,1766532010801
5,72.0,1766532012671
5,70.0,1766532014530
5,72.0,1766532016381
5,72.0,1766532018261
5,70.0,1766532020127
5,72.0,1766532021982
5,71.0,1766532023844
5,71.0,1766532025702
5,71.0,1766532027579
5,71.0,1766532029439
5,71.0,1766532031293
5,72.0,1766532033162
5,70.0,1766532035020
5,71.0,1766532036882
5,69.0,1766532038769
5,72.0,1766532040761
5,70.0,1766532042618
5,71.0,1766532044475
5,72.0,1766532046342
5,69.0,1766532048220
5,71.0,1766532050074
5,71.0,1766532051935
5,71.0,1766532053804
5,72.0,1766532055660
5,69.0,1766532057514
5,71.0,1766532059395
5,71.0,1766532061255
5,71.0,1766532063129
5,71.0,1766532064972
5,71.0,1766532066828
5,71.0,1766532068691
5,69.0,1766532070322
5,70.0,1766532072210
5,71.0,1766532074091
5,71.0,1766532075959
5,71.0,1766532077831
5,69.0,1766532079707
5,71.0,1766532081564
5,71.0,1766532083428
5,70.0,1766532085308
5,71.0,1766532087178
5,71.0,1766532089030
5,69.0,1766532090904
5,71.0,1766532092761
5,71.0,1766532094625
5,70.0,1766532096504
5,71.0,1766532098365
5,71.0,1766532100224
5,69.0,1766532102098
5,71.0,1766532103962
5,71.0,1766532105831
5,71.0,1766532107679
5,71.0,1766532109551
5,71.0,1766532111419
5,70.0,1766532113300
5,71.0,1766532115175
5,71.0,1766532117020
5,70.0,1766532118889
5,71.0,1766532120751
5,71.0,1766532122627
5,70.0,1766532124492
5,71.0,1766532126341
5,70.0,1766532128208
5,70.0,1766532130090
5,71.0,1766532131952
5,69.0,1766532133801
5,71.0,1766532135674
5,72.0,1766532137533
5,69.0,1766532139397
5,71.0,1766532141285
5,71.0,1766532143137
5,70.0,1766532145003
5,70.0,1766532146890
5,71.0,1766532148742
5,70.0,1766532150602
5,71.0,1766532152469
5,72.0,1766532154325
5,69.0,1766532156187
5,71.0,1766532158041
5,72.0,1766532159905
5,70.0,1766532161778
5,71.0,1766532163637
5,69.0,1766532165490
5,71.0,1766532167359
5,72.0,1766532169205
5,69.0,1766532171079
5,71.0,1766532172954
5,72.0,1766532174829
5,71.0,1766532176659
5,72.0,1766532178523
5,71.0,1766532180391
5,71.0,1766532182250
5,70.0,1766532183868
5,71.0,1766532185744
5,71.0,1766532187599
5,71.0,1766532189455
5,69.0,1766532191319
5,72.0,1766532193323
5,71.0,1766532195193
5,70.0,1766532197064
5,71.0,1766532198934
5,71.0,1766532200825
5,70.0,1766532202686
5,71.0,1766532204544
5,71.0,1766532206404
5,69.0,1766532208283
5,70.0,1766532210162
5,71.0,1766532212033
5,71.0,1766532213898
5,71.0,1766532215762
5,71.0,1766532217637
5,71.0,1766532219520
5,70.0,1766532221378
5,71.0,1766532223237
5,72.0,1766532225098
5,70.0,1766532226954
5,71.0,1766532228820
5,70.0,1766532230674
5,71.0,1766532232527
5,71.0,1766532234399
5,69.0,1766532236271
5,70.0,1766532238153
5,71.0,1766532240019
5,71.0,1766532241876
5,71.0,1766532243739
5,71.0,1766532245616
5,70.0,1766532247471
5,71.0,1766532249332
5,71.0,1766532251174
5,71.0,1766532253035
5,71.0,1766532254884
5,69.0,1766532256751
5,71.0,1766532258609
5,70.0,1766532260468
5,71.0,1766532262333
5,72.0,1766532264187
5,70.0,1766532266049
5,71.0,1766532267907
5,71.0,1766532269767
5,71.0,1766532271622
5,71.0,1766532273490
5,70.0,1766532275370
5,71.0,1766532277209
5,71.0,1766532279082
5,69.0,1766532280947
5,71.0,1766532282801
5,71.0,1766532284670
5,71.0,1766532286519
5,69.0,1766532288391
5,71.0,1766532290400
5,70.0,1766532292259
5,71.0,1766532294120
5,71.0,1766532295977
5,70.0,1766532297834
5,71.0,1766532299707
5,71.0,1766532301575
5,70.0,1766532303434
5,71.0,1766532305294
5,70.0,1766532307152
5,71.0,1766532309015
5,71.0,1766532310860
5,70.0,1766532312730
5,71.0,1766532314589
5,71.0,1766532316453
5,70.0,1766532318322
5,71.0,1766532320194
5,69.0,1766532322044
5,69.0,1766532323931
5,71.0,1766532325789
5,71.0,1766532327650
5,69.0,1766532329536
5,71.0,1766532331389
5,70.0,1766532333245
5,71.0,1766532335091
5,71.0,1766532336945
5,71.0,1766532338807
5,71.0,1766532340681
5,71.0,1766532342554
5,70.0,1766532344426
5,71.0,1766532346282
5,71.0,1766532348140
5,71.0,1766532349994
5,72.0,1766532351861
5,71.0,1766532353475
5,72.0,1766532355345
5,71.0,1766532357215
5,71.0,1766532359073
5,72.0,1766532360943
5,70.0,1766532362816
5,71.0,1766532364673
5,72.0,1766532366537
5,71.0,1766532368399
5,72.0,1766532370261
5,72.0,1766532372138
5,71.0,1766532373989
5,72.0,1766532375856
5,71.0,1766532377709
5,72.0,1766532379568
5,69.0,1766532381417
5,71.0,1766532383286
5,72.0,1766532385152
5,70.0,1766532387010
5,71.0,1766532388866
5,71.0,1766532390752
5,71.0,1766532392569
5,71.0,1766532394432
5,71.0,1766532396291
5,72.0,1766532398147
5,70.0,1766532400014
5,72.0,1766532401853
5,69.0,1766532403706
5,71.0,1766532405564
5,71.0,1766532407433
5,71.0,1766532409294
5,71.0,1766532411161
5,71.0,1766532413025
5,71.0,1766532414876
5,72.0,1766532416741
5,69.0,1766532418602
5,71.0,1766532420460
5,70.0,1766532422315
5,71.0,1766532424174
5,71.0,1766532426068
5,71.0,1766532427881
5,72.0,1766532429743
5,70.0,1766532431599
5,71.0,1766532433457
5,69.0,1766532435305
5,71.0,1766532437153
5,70.0,1766532439010
5,71.0,1766532440855
5,71.0,1766532442712
5,71.0,1766532444572
5,71.0,1766532446426
5,70.0,1766532448295
5,71.0,1766532450152
5,71.0,1766532452037
5,71.0,1766532453853
5,70.0,1766532455707
5,71.0,1766532457553
5,71.0,1766532459411
5,71.0,1766532461264
5,69.0,1766532463136
5,71.0,1766532465144
5,70.0,1766532467001
5,71.0,1766532468871
5,72.0,1766532470730
5,69.0,1766532472598
5,70.0,1766532474479
5,71.0,1766532476355
5,71.0,1766532478238
5,71.0,1766532480117
5,71.0,1766532482001
5,71.0,1766532483856
5,71.0,1766532485733
5,71.0,1766532487601
5,71.0,1766532489464
5,71.0,1766532491315
5,70.0,1766532493167
5,71.0,1766532495035
5,71.0,1766532496914
5,70.0,1766532498768
5,71.0,1766532500636
5,71.0,1766532502500
5,71.0,1766532504355
5,71.0,1766532506220
5,70.0,1766532508073
5,71.0,1766532509931
5,69.0,1766532511788
5,71.0,1766532513650
5,70.0,1766532515496
5,71.0,1766532517349
5,71.0,1766532519196
5,70.0,1766532521065
5,71.0,1766532522932
5,70.0,1766532524790
5,71.0,1766532526645
5,71.0,1766532528503
5,70.0,1766532530357
5,71.0,1766532532222
5,69.0,1766532534079
5,70.0,1766532535961
5,71.0,1766532537843
5,69.0,1766532539467
5,71.0,1766532541318
5,71.0,1766532543178
5,71.0,1766532545040
5,71.0,1766532546917
5,71.0,1766532548781
5,71.0,1766532550641
5,71.0,1766532552500
5,69.0,1766532554361
5,71.0,1766532556210
5,71.0,1766532558082
5,71.0,1766532559924
5,71.0,1766532561795
5,68.0,1766532563669
5,70.0,1766532565547
5,71.0,1766532567420
5,71.0,1766532569275
5,71.0,1766532571132
5,69.0,1766532573082
5,71.0,1766532574836
5,71.0,1766532576693
5,70.0,1766532578545
5,71.0,1766532580407
5,71.0,1766532582281
5,71.0,1766532584130
5,71.0,1766532585989
5,70.0,1766532587847
5,71.0,1766532589711
5,69.0,1766532591560
5,71.0,1766532593427
5,71.0,1766532595272
5,70.0,1766532597138
5,71.0,1766532599003
5,69.0,1766532600845
5,71.0,1766532602711
5,71.0,1766532604574
5,69.0,1766532606443
5,71.0,1766532608306
5,71.0,1766532610159
5,71.0,1766532612017
5,69.0,1766532613641
5,71.0,1766532615489
5,68.0,1766532617350
5,71.0,1766532619220
5,71.0,1766532621067
5,69.0,1766532622943
5,71.0,1766532624796
5,71.0,1766532626410
5,71.0,1766532628283
5,70.0,1766532630137
5,71.0,1766532631995
5,71.0,1766532633855
5,71.0,1766532635707
5,71.0,1766532637583
5,70.0,1766532639448
5,71.0,1766532641297
5,71.0,1766532643164
5,69.0,1766532645046
5,71.0,1766532646901
5,72.0,1766532648772
5,69.0,1766532650639
5,71.0,1766532652501
5,71.0,1766532654381
5,71.0,1766532656254
5,71.0,1766532658125
5,71.0,1766532659986
5,71.0,1766532661858
5,70.0,1766532663727
5,71.0,1766532665582
5,69.0,1766532667443
5,70.0,1766532669318
5,71.0,1766532671196
5,72.0,1766532673065
5,70.0,1766532674916
5,71.0,1766532676803
5,72.0,1766532678671
5,69.0,1766532680533
5,70.0,1766532682423
5,71.0,1766532684289
5,72.0,1766532686151
5,69.0,1766532688030
5,71.0,1766532689912
5,71.0,1766532691790
5,72.0,1766532693655
5,69.0,1766532695526
5,71.0,1766532697400
5,72.0,1766532699251
5,70.0,1766532701119
5,71.0,1766532702970
5,70.0,1766532704831
5,71.0,1766532706686
5,72.0,1766532708564
5,72.0,1766532710435
5,71.0,1766532712301
5,72.0,1766532714166
5,72.0,1766532716045
5,69.0,1766532717921
5,71.0,1766532719806
5,72.0,1766532721681
5,72.0,1766532723549
5,71.0,1766532725406
5,72.0,1766532727286
5,72.0,1766532729142
5,70.0,1766532731019
5,71.0,1766532732896
5,72.0,1766532734760
5,72.0,1766532736635
5,70.0,1766532738517
5,71.0,1766532740401
5,72.0,1766532742276
5,72.0,1766532744158
5,70.0,1766532746019
5,71.0,1766532747874
5,72.0,1766532749751
5,71.0,1766532751619
5,71.0,1766532753477
5,71.0,1766532755365
5,71.0,1766532757227
5,70.0,1766532759093
5,71.0,1766532760962
5,71.0,1766532762818
5,71.0,1766532764671
5,71.0,1766532766543
5,71.0,1766532768426
5,70.0,1766532770286
5,71.0,1766532772166
5,71.0,1766532774044
5,71.0,1766532775922
5,69.0,1766532777803
5,70.0,1766532779686
5,71.0,1766532781560
5,72.0,1766532783432
5,70.0,1766532785287
5,71.0,1766532787144
5,70.0,1766532789003
5,71.0,1766532790857
5,71.0,1766532792737
5,70.0,1766532794607
5,71.0,1766532796459
5,69.0,1766532798329
5,71.0,1766532800350
5,71.0,1766532802199
5,71.0,1766532804041
5,69.0,1766532805894
5,70.0,1766532807783
5,71.0,1766532809657
5,70.0,1766532811494
5,71.0,1766532813358
5,69.0,1766532814981
5,71.0,1766532816879
5,71.0,1766532818705
5,71.0,1766532820556
5,71.0,1766532822420
5,69.0,1766532824288
5,71.0,1766532826154
5,71.0,1766532827993
5,71.0,1766532829857
5,69.0,1766532831718
5,71.0,1766532833733
5,71.0,1766532835605
5,69.0,1766532837484
5,71.0,1766532839355
5,71.0,1766532841220
5,71.0,1766532843087
5,71.0,1766532844943
5,71.0,1766532846789
5,71.0,1766532848662
5,71.0,1766532850524
5,71.0,1766532852393
5,71.0,1766532854241
5,69.0,1766532855876
5,71.0,1766532857755
5,69.0,1766532859616
5,72.0,1766532861617
5,71.0,1766532863496
5,69.0,1766532865360
5,71.0,1766532867231
5,71.0,1766532869099
5,72.0,1766532870981
6,69.0,1766532872068
6,71.0,1766532873938
6,71.0,1766532875793
6,69.0,1766532877684
6,70.0,1766532879552
6,71.0,1766532881412
6,70.0,1766532883283
6,71.0,1766532885119
6,71.0,1766532886988
6,70.0,1766532888872
6,71.0,1766532890725
6,71.0,1766532892595
6,70.0,1766532894468
6,71.0,1766532896314
6,71.0,1766532898186
6,69.0,1766532900061
6,70.0,1766532901941
6,71.0,1766532903803
6,71.0,1766532905665
6,71.0,1766532907525
6,71.0,1766532909391
6,69.0,1766532911248
6,71.0,1766532913105
6,71.0,1766532914974
6,69.0,1766532916848
6,71.0,1766532918705
6,71.0,1766532920577
6,69.0,1766532922457
6,70.0,1766532924339
6,71.0,1766532926179
6,69.0,1766532928043
6,71.0,1766532929899
6,71.0,1766532931776
6,69.0,1766532933641
6,71.0,1766532935502
6,71.0,1766532937362
6,71.0,1766532939215
6,71.0,1766532941076
6,70.0,1766532942944
6,71.0,1766532944797
6,71.0,1766532946663
6,71.0,1766532948522
6,71.0,1766532950388
6,71.0,1766532952260
6,71.0,1766532954120
6,72.0,1766532955985
6,71.0,1766532957858
6,71.0,1766532959721
6,71.0,1766532961589
6,71.0,1766532963456
6,70.0,1766532965324
6,71.0,1766532967204
6,72.0,1766532969075
6,72.0,1766532970951
6,71.0,1766532972811
6,72.0,1766532974671
6,70.0,1766532976545
6,70.0,1766532978427
6,71.0,1766532980285
6,72.0,1766532982149
6,71.0,1766532984010
6,72.0,1766532985871
6,72.0,1766532987744
6,71.0,1766532989606
6,72.0,1766532991477
6,72.0,1766532993351
6,69.0,1766532995231
6,71.0,1766532997115
6,71.0,1766532998991
6,72.0,1766533000862
6,69.0,1766533002722
6,71.0,1766533004606
6,72.0,1766533006455
6,69.0,1766533008314
6,71.0,1766533010177
6,72.0,1766533012037
6,71.0,1766533013895
6,71.0,1766533015756
6,71.0,1766533017633
6,71.0,1766533019500
6,71.0,1766533021376
6,70.0,1766533023228
6,71.0,1766533025082
6,71.0,1766533026952
6,71.0,1766533028828
6,70.0,1766533030708
6,71.0,1766533032561
6,71.0,1766533034429
6,69.0,1766533036308
6,71.0,1766533038167
6,71.0,1766533040030
6,70.0,1766533041904
6,71.0,1766533043776
6,72.0,1766533045649
6,70.0,1766533047519
6,71.0,1766533049387
6,72.0,1766533051247
6,69.0,1766533053116
6,70.0,1766533054998
6,71.0,1766533056868
6,71.0,1766533058736
6,69.0,1766533060684
6,71.0,1766533062481
6,71.0,1766533064342
6,70.0,1766533066213
6,71.0,1766533068079
6,71.0,1766533069935
6,70.0,1766533071796
6,72.0,1766533073652
6,69.0,1766533075508
6,71.0,1766533077379
6,71.0,1766533079235
6,70.0,1766533081092
6,71.0,1766533082948
6,71.0,1766533084812
6,71.0,1766533086668
6,71.0,1766533088525
6,69.0,1766533090397
6,71.0,1766533092257
6,71.0,1766533094121
6,70.0,1766533095994
6,71.0,1766533097853
6,71.0,1766533099712
6,71.0,1766533101559
6,72.0,1766533103427
6,70.0,1766533105296
6,71.0,1766533107139
6,69.0,1766533108996
6,71.0,1766533110842
6,71.0,1766533112711
6,71.0,1766533114632
6,72.0,1766533116425
6,70.0,1766533118284
6,71.0,1766533120156
6,69.0,1766533122092
6,69.0,1766533123878
6,71.0,1766533125745
6,72.0,1766533127617
6,70.0,1766533129475
6,71.0,1766533131336
6,69.0,1766533133189
6,71.0,1766533135058
6,71.0,1766533136899
6,70.0,1766533138770
6,71.0,1766533140638
6,71.0,1766533142500
6,70.0,1766533144370
6,71.0,1766533146236
6,71.0,1766533148097
6,70.0,1766533149967
6,71.0,1766533151846
6,71.0,1766533153733
6,70.0,1766533155587
6,71.0,1766533157455
6,71.0,1766533159294
6,70.0,1766533161168
6,71.0,1766533163045
6,71.0,1766533164927
6,71.0,1766533166789
6,70.0,1766533168661
6,71.0,1766533170537
6,71.0,1766533172406
6,69.0,1766533174269
6,71.0,1766533176137
6,71.0,1766533178007
6,68.0,1766533179863
6,71.0,1766533181741
6,69.0,1766533183606
6,71.0,1766533185445
6,71.0,1766533187315
6,71.0,1766533189198
6,70.0,1766533191061
6,71.0,1766533192921
6,70.0,1766533194779
6,71.0,1766533196639
6,71.0,1766533198509
6,70.0,1766533200375
6,71.0,1766533202238
6,71.0,1766533204109
6,71.0,1766533206022
6,71.0,1766533207825
6,71.0,1766533209705
6,71.0,1766533211591
6,69.0,1766533213455
6,71.0,1766533215317
6,71.0,1766533217191
6,69.0,1766533219053
6,71.0,1766533220924
6,71.0,1766533222805
6,71.0,1766533224685
6,71.0,1766533226310
6,69.0,1766533228196
6,71.0,1766533230212
6,71.0,1766533232068
6,70.0,1766533233932
6,71.0,1766533235805
6,71.0,1766533237681
6,68.0,1766533239561
6,71.0,1766533241422
6,71.0,1766533243301
6,69.0,1766533245177
6,70.0,1766533247040
6,71.0,1766533248914
6,71.0,1766533250796
6,69.0,1766533252644
6,71.0,1766533254501
6,70.0,1766533256360
6,71.0,1766533258218
6,71.0,1766533260086
6,70.0,1766533261954
6,71.0,1766533263818
6,71.0,1766533265664
6,70.0,1766533267533
6,71.0,1766533269410
6,71.0,1766533271287
6,69.0,1766533273150
6,70.0,1766533275014
6,71.0,1766533276880
6,70.0,1766533278751
6,70.0,1766533280614
6,71.0,1766533282455
6,70.0,1766533284324
6,70.0,1766533286206
6,70.0,1766533288050
6,71.0,1766533289913
6,71.0,1766533291767
6,68.0,1766533293629
6,71.0,1766533295491
6,71.0,1766533297350
6,70.0,1766533299207
6,71.0,1766533301066
6,71.0,1766533302950
6,70.0,1766533304802
6,71.0,1766533306691
6,71.0,1766533308511
6,71.0,1766533310366
6,69.0,1766533312223
6,71.0,1766533314085
6,70.0,1766533315938
6,70.0,1766533317797
6,71.0,1766533319650
6,69.0,1766533321533
6,70.0,1766533323401
6,71.0,1766533325264
6,69.0,1766533327132
6,69.0,1766533329017
6,71.0,1766533330881
6,71.0,1766533332738
6,70.0,1766533334614
6,71.0,1766533336471
6,71.0,1766533338337
6,71.0,1766533340192
6,69.0,1766533342063
6,71.0,1766533344070
6,71.0,1766533345952
6,71.0,1766533347842
6,70.0,1766533349712
6,71.0,1766533351564
6,69.0,1766533353412
6,71.0,1766533355271
6,71.0,1766533357141
6,68.0,1766533359010
6,71.0,1766533360887
6,69.0,1766533362755
6,71.0,1766533364761
6,70.0,1766533366650
6,71.0,1766533368486
6,71.0,1766533370339
6,69.0,1766533372202
6,71.0,1766533374067
6,69.0,1766533375916
6,71.0,1766533377786
6,71.0,1766533379635
6,69.0,1766533381516
6,69.0,1766533383400
6,71.0,1766533385256
6,70.0,1766533387113
6,71.0,1766533388970
6,71.0,1766533390832
6,70.0,1766533392702
6,71.0,1766533394557
6,71.0,1766533396419
6,69.0,1766533398295
6,71.0,1766533400152
6,71.0,1766533402015
6,71.0,1766533403868
6,71.0,1766533405718
6,71.0,1766533407576
6,72.0,1766533409437
6,70.0,1766533411305
6,71.0,1766533413167
6,72.0,1766533415032
6,70.0,1766533416895
6,71.0,1766533418744
6,71.0,1766533420615
6,70.0,1766533422484
6,71.0,1766533424341
6,69.0,1766533426193
6,69.0,1766533428084
6,71.0,1766533429947
6,71.0,1766533431810
6,70.0,1766533433681
6,71.0,1766533435542
6,71.0,1766533437410
6,71.0,1766533439276
6,71.0,1766533441139
6,71.0,1766533443003
6,71.0,1766533444857
6,72.0,1766533446719
6,69.0,1766533448583
6,71.0,1766533450447
6,72.0,1766533452322
6,70.0,1766533454178
6,71.0,1766533456038
6,70.0,1766533457896
6,71.0,1766533459759
6,72.0,1766533461626
6,71.0,1766533463495
6,71.0,1766533465355
6,71.0,1766533467204
6,70.0,1766533469082
6,71.0,1766533470935
6,71.0,1766533472791
6,71.0,1766533474649
6,72.0,1766533476509
6,70.0,1766533478366
6,71.0,1766533480223
6,69.0,1766533482078
6,71.0,1766533483950
6,71.0,1766533485810
6,69.0,1766533487680
6,70.0,1766533489564
6,71.0,1766533491412
6,69.0,1766533493277
6,71.0,1766533495123
6,69.0,1766533496978
6,69.0,1766533498865
6,71.0,1766533500726
6,71.0,1766533502593
6,69.0,1766533504468
6,71.0,1766533506341
6,71.0,1766533508196
6,69.0,1766533510075
6,71.0,1766533511941
6,71.0,1766533513797
6,69.0,1766533515660
6,71.0,1766533517515
6,70.0,1766533519373
6,71.0,1766533521232
6,71.0,1766533523084
6,68.0,1766533524959
6,71.0,1766533526816
6,71.0,1766533528676
6,70.0,1766533530552
6,71.0,1766533532408
6,71.0,1766533534272
6,71.0,1766533536135
6,69.0,1766533537753
6,71.0,1766533539610
6,69.0,1766533541467
6,71.0,1766533543327
6,71.0,1766533545189
6,70.0,1766533547045
6,71.0,1766533548902
6,71.0,1766533550809
6,71.0,1766533552666
6,71.0,1766533554525
6,71.0,1766533556387
6,70.0,1766533558246
6,70.0,1766533560105
6,71.0,1766533561970
6,71.0,1766533563832
6,71.0,1766533565685
6,71.0,1766533567568
6,71.0,1766533569429
6,71.0,1766533571279
6,69.0,1766533573158
6,70.0,1766533575031
6,71.0,1766533576897
6,71.0,1766533578765
6,71.0,1766533580624
6,71.0,1766533582480
6,69.0,1766533584336
6,71.0,1766533586190
6,70.0,1766533588034
6,71.0,1766533589895
6,69.0,1766533591750
6,70.0,1766533593613
6,71.0,1766533595476
6,69.0,1766533597349
6,71.0,1766533599217
6,71.0,1766533601073
6,68.0,1766533602932
6,71.0,1766533604803
6,71.0,1766533606667
6,70.0,1766533608527
6,71.0,1766533610375
6,69.0,1766533612242
6,71.0,1766533614082
6,70.0,1766533615945
6,71.0,1766533617812
6,71.0,1766533619664
6,70.0,1766533621525
6,71.0,1766533623384
6,71.0,1766533625247
6,70.0,1766533627107
6,71.0,1766533628979
6,71.0,1766533630848
6,71.0,1766533632704
6,71.0,1766533634565
6,70.0,1766533636440
6,71.0,1766533638297
6,71.0,1766533640160
6,69.0,1766533642017
6,71.0,1766533643874
6,71.0,1766533645739
6,71.0,1766533647593
6,71.0,1766533649474
6,71.0,1766533651349
6,71.0,1766533653235
6,71.0,1766533655097
6,72.0,1766533656953
6,70.0,1766533658813
6,71.0,1766533660670
6,71.0,1766533662537
6,70.0,1766533664415
6,71.0,1766533666288
6,71.0,1766533668135
6,71.0,1766533669999
6,71.0,1766533671866
6,71.0,1766533673748
6,70.0,1766533675598
6,71.0,1766533677466
6,71.0,1766533679330
6,71.0,1766533681193
6,71.0,1766533683060
6,71.0,1766533684931
6,71.0,1766533686789
6,71.0,1766533688665
6,71.0,1766533690528
6,69.0,1766533692409
6,71.0,1766533694280
6,71.0,1766533696160
6,72.0,1766533698036
6,70.0,1766533699917
6,71.0,1766533701763
6,71.0,1766533703621
6,71.0,1766533705475
6,71.0,1766533707336
6,71.0,1766533709185
6,71.0,1766533711052
6,71.0,1766533712924
6,70.0,1766533714793
6,71.0,1766533716655
6,71.0,1766533718527
6,71.0,1766533720377
6,71.0,1766533722239
6,71.0,1766533724114
6,71.0,1766533725974
6,71.0,1766533727838
6,71.0,1766533729713
6,71.0,1766533731567
6,71.0,1766533733437
6,70.0,1766533735289
6,71.0,1766533737166
6,71.0,1766533739043
6,70.0,1766533740908
6,71.0,1766533742765
6,71.0,1766533744631
6,69.0,1766533746483
6,71.0,1766533748342
6,69.0,1766533750206
6,71.0,1766533752063
6,71.0,1766533753928
6,69.0,1766533755784
6,71.0,1766533757643
6,71.0,1766533759501
6,71.0,1766533761362
6,71.0,1766533763216
6,68.0,1766533765087
6,71.0,1766533766961
6,71.0,1766533768830
6,71.0,1766533770715
6,69.0,1766533772580
6,71.0,1766533774438
6,69.0,1766533776295
6,71.0,1766533778161
6,71.0,1766533780024
6,69.0,1766533781878
6,71.0,1766533783743
6,71.0,1766533785598
6,70.0,1766533787453
6,71.0,1766533789294
6,70.0,1766533791156
6,71.0,1766533793011
6,70.0,1766533794869
6,71.0,1766533796732
6,70.0,1766533798587
6,71.0,1766533800435
6,71.0,1766533802291
6,71.0,1766533804144
6,71.0,1766533806063
6,70.0,1766533807888
6,71.0,1766533809744
6,69.0,1766533811586
6,71.0,1766533813460
6,71.0,1766533815308
6,70.0,1766533817163
6,71.0,1766533819019
6,71.0,1766533820635
6,71.0,1766533822507
6,69.0,1766533824369
6,71.0,1766533826236
6,71.0,1766533828116
6,71.0,1766533830000
6,71.0,1766533831883
6,71.0,1766533833727
6,71.0,1766533835601
6,71.0,1766533837494
6,70.0,1766533839358
6,71.0,1766533841214
6,71.0,1766533843080
6,71.0,1766533844941
6,72.0,1766533846801
6,71.0,1766533848678
6,71.0,1766533850541
6,72.0,1766533852401
6,71.0,1766533854273
6,71.0,1766533856127
6,72.0,1766533857992
6,71.0,1766533859838
6,72.0,1766533861697
6,69.0,1766533863556
6,71.0,1766533865424
6,71.0,1766533867303
6,72.0,1766533869177
6,71.0,1766533871044
6,72.0,1766533872901
6,72.0,1766533874784
6,70.0,1766533876643
6,71.0,1766533878503
6,70.0,1766533880359
6,71.0,1766533882223
6,72.0,1766533884085
6,69.0,1766533885945
6,71.0,1766533887804
6,71.0,1766533889671
6,71.0,1766533891510
6,71.0,1766533893398
6,71.0,1766533895281
6,72.0,1766533897182
6,70.0,1766533899061
6,70.0,1766533900937
6,71.0,1766533902795
6,71.0,1766533904664
6,71.0,1766533906520
6,72.0,1766533908381
6,70.0,1766533910233
6,71.0,1766533912094
6,70.0,1766533913949
6,69.0,1766533915835
6,71.0,1766533917700
6,72.0,1766533919575
6,70.0,1766533921434
6,71.0,1766533923296
6,71.0,1766533925161
6,69.0,1766533927039
6,71.0,1766533928919
6,71.0,1766533930779
6,71.0,1766533932655
6,71.0,1766533934517
6,69.0,1766533936383
6,71.0,1766533938385
6,70.0,1766533940241
6,71.0,1766533942100
6,71.0,1766533943959
6,70.0,1766533945830
6,71.0,1766533947711
6,71.0,1766533949566
6,70.0,1766533951424
6,71.0,1766533953302
6,69.0,1766533955166
6,71.0,1766533957174
6,70.0,1766533959040
6,71.0,1766533960899
6,71.0,1766533962756
6,69.0,1766533964635
6,71.0,1766533966499
6,71.0,1766533968366
6,70.0,1766533970237
6,71.0,1766533972098
6,71.0,1766533973957
6,70.0,1766533975834
6,71.0,1766533977696
6,71.0,1766533979558
6,71.0,1766533981396
6,71.0,1766533983255
6,70.0,1766533985107
6,71.0,1766533986975
6,70.0,1766533988828
6,71.0,1766533990681
6,71.0,1766533992542
6,71.0,1766533994437
6,70.0,1766533996290
6,71.0,1766533998136
6,70.0,1766533999988
6,71.0,1766534001865
6,71.0,1766534003727
6,70.0,1766534005593
6,71.0,1766534007464
6,70.0,1766534009333
6,70.0,1766534011185
6,71.0,1766534013054
6,71.0,1766534014928
6,71.0,1766534016781
6,71.0,1766534018645
6,69.0,1766534020504
6,71.0,1766534022361
6,69.0,1766534024216
6,71.0,1766534026085
6,71.0,1766534027927
6,70.0,1766534029795
6,71.0,1766534031682
6,71.0,1766534033526
6,70.0,1766534035395
6,71.0,1766534037239
6,69.0,1766534039095
6,71.0,1766534040951
6,69.0,1766534042812
6,68.0,1766534044696
6,71.0,1766534046569
6,71.0,1766534048433
6,70.0,1766534050292
6,71.0,1766534052147
6,69.0,1766534054010
6,69.0,1766534055890
6,71.0,1766534057746
6,71.0,1766534059611
6,71.0,1766534061463
6,71.0,1766534063346
6,70.0,1766534065220
6,71.0,1766534067071
6,68.0,1766534068936
6,71.0,1766534070940
6,71.0,1766534072831
6,70.0,1766534074685
6,71.0,1766534076537
6,69.0,1766534078385
6,71.0,1766534080247
6,68.0,1766534082088
6,70.0,1766534083940
6,69.0,1766534085784
6,70.0,1766534087646
6,69.0,1766534089500
6,70.0,1766534091359
6,71.0,1766534093216
6,68.0,1766534095091
6,70.0,1766534096968
6,70.0,1766534098853
6,70.0,1766534100735
6,69.0,1766534102594
6,70.0,1766534104452
6,70.0,1766534106329
6,69.0,1766534108190
6,70.0,1766534110057
6,71.0,1766534111909
6,70.0,1766534113768
6,71.0,1766534115612
6,69.0,1766534117470
6,71.0,1766534119322
6,70.0,1766534121200
6,70.0,1766534123060
6,71.0,1766534124913
6,69.0,1766534126771
6,70.0,1766534128627
6,69.0,1766534130484
6,70.0,1766534132342
6,71.0,1766534134204
6,70.0,1766534136084
6,71.0,1766534137939
6,71.0,1766534139802
6,68.0,1766534141675
6,71.0,1766534143537
6,71.0,1766534145417
6,71.0,1766534147291
6,68.0,1766534149164
6,71.0,1766534151024
6,70.0,1766534152881
6,71.0,1766534154735
6,71.0,1766534156603
6,69.0,1766534158469
6,71.0,1766534160342
6,71.0,1766534162204
6,71.0,1766534164079
6,71.0,1766534165982
6,71.0,1766534167800
6,70.0,1766534169674
6,71.0,1766534171536
6,71.0,1766534173395
6,69.0,1766534175265
6,70.0,1766534177153
6,71.0,1766534179015
6,70.0,1766534180871
6,71.0,1766534182739
6,69.0,1766534184597
6,71.0,1766534186608
6,70.0,1766534188467
6,71.0,1766534190323
6,71.0,1766534192174
6,70.0,1766534194044
6,71.0,1766534195908
6,71.0,1766534197769
6,71.0,1766534199626
6,71.0,1766534201480
6,70.0,1766534203346
6,71.0,1766534205218
6,70.0,1766534207062
6,71.0,1766534208922
6,71.0,1766534210784
6,71.0,1766534212664
6,71.0,1766534214524
6,71.0,1766534216381
6,70.0,1766534218257
6,71.0,1766534220119
6,71.0,1766534221965
6,69.0,1766534223841
6,71.0,1766534225725
6,71.0,1766534227563
6,70.0,1766534229437
6,71.0,1766534231290
6,70.0,1766534233155
6,70.0,1766534235028
6,71.0,1766534236887
6,70.0,1766534238752
6,70.0,1766534240628
6,71.0,1766534242486
6,71.0,1766534244351
6,71.0,1766534246216
6,71.0,1766534248079
6,71.0,1766534249945
6,71.0,1766534251820
6,72.0,1766534253694
6,70.0,1766534255547
6,70.0,1766534257423
6,71.0,1766534259303
6,72.0,1766534261166
6,69.0,1766534263040
6,71.0,1766534264923
6,71.0,1766534266796
6,71.0,1766534268661
6,70.0,1766534270526
6,71.0,1766534272387
6,71.0,1766534274251
6,70.0,1766534276120
6,72.0,1766534277965
6,70.0,1766534279840
6,71.0,1766534281716
6,71.0,1766534283590
6,71.0,1766534285476
6,70.0,1766534287335
6,71.0,1766534289205
6,71.0,1766534291078
6,71.0,1766534292937
6,70.0,1766534294802
6,71.0,1766534296679
6,71.0,1766534298535
6,71.0,1766534300393
6,71.0,1766534302242
6,70.0,1766534304109
6,71.0,1766534305957
6,69.0,1766534307826
6,71.0,1766534309701
6,71.0,1766534311552
6,69.0,1766534313410
6,71.0,1766534315270
6,71.0,1766534317131
6,69.0,1766534319009
6,71.0,1766534320869
6,70.0,1766534322729
6,69.0,1766534324608
6,71.0,1766534326487
6,71.0,1766534328349
6,69.0,1766534330222
6,69.0,1766534332099
6,71.0,1766534333983
6,71.0,1766534335833
6,70.0,1766534337710
6,71.0,1766534339547
6,69.0,1766534341416
6,70.0,1766534343286
6,71.0,1766534345148
6,69.0,1766534347017
6,70.0,1766534348897
6,71.0,1766534350775
6,71.0,1766534352633
6,69.0,1766534354496
6,71.0,1766534356354
6,71.0,1766534358225
6,69.0,1766534360095
6,71.0,1766534361959
6,71.0,1766534363828
6,68.0,1766534365700
6,71.0,1766534367574
6,71.0,1766534369433
6,71.0,1766534371328
6,68.0,1766534373192
6,70.0,1766534375060
6,71.0,1766534376932
6,68.0,1766534378793
6,70.0,1766534380668
6,71.0,1766534382528
6,70.0,1766534384388
6,70.0,1766534386250
6,71.0,1766534388119
6,69.0,1766534390002
6,70.0,1766534391882
6,70.0,1766534393748
6,71.0,1766534395607
6,70.0,1766534397474
6,70.0,1766534399350
6,71.0,1766534401223
6,71.0,1766534403119
6,69.0,1766534404986
6,70.0,1766534406841
6,71.0,1766534408706
6,69.0,1766534410580
6,70.0,1766534412439
6,71.0,1766534414317
6,70.0,1766534416173
6,70.0,1766534418055
6,71.0,1766534419919
6,71.0,1766534421803
6,69.0,1766534423676
6,70.0,1766534425535
6,70.0,1766534427398
6,69.0,1766534429275
6,70.0,1766534431136
6,71.0,1766534433015
6,69.0,1766534434875
6,70.0,1766534436732
6,71.0,1766534438597
6,69.0,1766534440471
6,70.0,1766534442334
6,68.0,1766534444219
6,71.0,1766534446215
6,69.0,1766534448086
6,70.0,1766534449956
6,70.0,1766534451825
6,70.0,1766534453444
6,71.0,1766534455312
6,68.0,1766534457179
6,70.0,1766534459032
6,71.0,1766534460910
6,68.0,1766534462789
6,69.0,1766534464664
6,70.0,1766534466536
6,70.0,1766534468421
6,71.0,1766534470297
6,70.0,1766534472141
6,71.0,1766534474004
6,68.0,1766534475868
6,70.0,1766534477746
6,71.0,1766534479607
6,71.0,1766534481478
6,70.0,1766534483337
6,71.0,1766534485202
6,69.0,1766534487062
6,70.0,1766534488923
6,71.0,1766534490786
6,70.0,1766534492670
6,70.0,1766534494532
6,70.0,1766534496381
6,70.0,1766534498232
6,71.0,1766534500085
6,69.0,1766534501955
6,70.0,1766534503830
6,71.0,1766534505699
6,70.0,1766534507569
6,70.0,1766534509437
6,71.0,1766534511292
6,69.0,1766534513163
6,70.0,1766534515032
6,71.0,1766534516891
6,70.0,1766534518765
6,70.0,1766534520636
6,70.0,1766534522509
6,70.0,1766534524370
6,69.0,1766534526243
6,70.0,1766534528108
6,70.0,1766534529972
6,70.0,1766534531822
6,70.0,1766534533676
6,70.0,1766534535559
6,70.0,1766534537421
6,70.0,1766534539267
6,69.0,1766534541138
6,70.0,1766534542997
6,70.0,1766534544856
6,70.0,1766534546728
6,71.0,1766534548579
6,68.0,1766534550441
6,70.0,1766534552301
6,70.0,1766534554157
6,70.0,1766534556014
6,71.0,1766534557867
6,70.0,1766534559750
6,70.0,1766534561626
6,71.0,1766534563475
6,69.0,1766534565334
6,70.0,1766534567194
6,70.0,1766534569052
6,70.0,1766534570920
6,70.0,1766534572791
6,70.0,1766534574651
6,69.0,1766534576518
6,70.0,1766534578394
6,71.0,1766534580256
6,69.0,1766534582127
6,70.0,1766534583990
6,70.0,1766534585890
6,69.0,1766534587724
6,70.0,1766534589585
6,70.0,1766534591449
6,69.0,1766534593322
6,70.0,1766534595201
6,71.0,1766534597063
6,68.0,1766534598926
6,70.0,1766534600785
6,71.0,1766534602643
6,70.0,1766534604502
6,71.0,1766534606361
6,68.0,1766534608229
6,70.0,1766534610104
6,71.0,1766534611964
6,70.0,1766534613836
6,70.0,1766534615697
6,71.0,1766534617560
6,71.0,1766534619428
