cpu_usage,Context.TRAINING,LoggingItemKind.SYSTEM_METRIC
0,3.7,1766818555061
0,5.4,1766818555782
0,5.2,1766818555918
0,5.1,1766818556073
0,5.0,1766818556214
0,4.2,1766818556351
0,4.9,1766818556505
0,5.0,1766818556673
0,4.6,1766818556824
0,4.8,1766818556988
0,4.7,1766818557150
0,4.5,1766818557298
0,4.5,1766818557440
0,4.6,1766818557621
0,5.2,1766818557766
0,4.6,1766818557933
0,4.8,1766818558095
0,4.5,1766818558250
0,5.1,1766818558395
0,4.5,1766818558533
0,5.0,1766818558668
0,4.7,1766818558825
0,4.6,1766818558970
0,4.7,1766818559114
0,4.5,1766818559252
0,4.9,1766818559397
0,4.5,1766818559543
0,5.2,1766818559691
0,4.3,1766818559840
0,4.8,1766818560001
0,4.9,1766818560143
0,5.2,1766818560284
0,4.4,1766818560433
0,5.3,1766818560586
0,4.2,1766818560748
0,4.8,1766818560896
0,4.5,1766818561044
0,5.2,1766818561210
0,4.2,1766818561354
0,5.1,1766818561511
0,4.2,1766818561661
0,5.2,1766818561828
0,4.4,1766818561975
0,5.0,1766818562132
0,4.2,1766818562312
0,5.1,1766818562458
0,4.4,1766818562616
0,5.1,1766818562775
0,4.4,1766818562923
0,5.0,1766818563076
0,4.7,1766818563235
0,4.9,1766818563385
0,4.5,1766818563532
0,4.9,1766818563682
0,4.3,1766818563833
0,5.3,1766818563979
0,4.4,1766818564131
0,5.3,1766818564282
0,4.4,1766818564430
0,4.9,1766818564592
0,4.1,1766818564747
0,5.0,1766818564906
0,4.8,1766818565060
0,5.0,1766818565208
0,4.4,1766818565359
0,5.2,1766818565507
0,4.2,1766818565660
0,5.0,1766818565837
0,4.3,1766818565989
0,5.3,1766818566142
0,4.4,1766818566310
0,5.2,1766818566464
0,4.5,1766818566618
0,4.9,1766818566985
0,5.2,1766818567157
0,4.5,1766818567316
0,5.1,1766818567482
0,4.8,1766818567646
0,4.8,1766818567804
0,5.2,1766818567950
0,5.0,1766818568104
0,4.5,1766818568249
0,4.9,1766818568494
0,4.9,1766818568659
0,4.5,1766818568818
0,5.0,1766818568975
0,4.5,1766818569128
0,5.0,1766818569285
0,4.5,1766818569478
0,5.2,1766818569637
0,4.2,1766818569785
0,5.3,1766818569938
0,4.4,1766818570078
0,5.1,1766818570229
0,3.7,1766818570387
0,4.5,1766818570530
0,4.4,1766818570676
0,5.1,1766818570856
0,4.3,1766818571009
0,5.0,1766818571186
0,4.5,1766818571348
0,4.7,1766818571507
0,4.3,1766818571656
0,4.8,1766818571802
0,4.3,1766818571944
0,4.9,1766818572120
0,4.0,1766818572267
0,4.0,1766818572420
0,4.5,1766818572568
0,4.1,1766818572728
0,4.3,1766818572885
0,4.2,1766818573048
0,4.4,1766818573212
0,4.4,1766818573378
0,4.1,1766818573521
0,4.2,1766818573676
0,4.5,1766818573821
0,4.0,1766818573961
0,4.5,1766818574104
0,4.1,1766818574310
0,4.8,1766818574468
0,3.7,1766818574609
0,4.5,1766818574770
0,3.9,1766818574926
0,4.4,1766818575072
0,4.1,1766818575217
0,4.6,1766818575368
0,4.3,1766818575514
0,4.6,1766818575656
0,4.9,1766818575797
0,4.3,1766818575945
0,4.8,1766818576092
0,5.3,1766818576246
0,4.3,1766818576413
0,4.2,1766818576550
0,4.3,1766818576707
0,3.9,1766818576860
0,4.2,1766818577061
0,4.3,1766818577206
0,4.1,1766818577347
0,4.3,1766818577492
0,4.7,1766818577644
0,4.7,1766818577805
0,4.6,1766818577945
0,4.3,1766818578090
0,4.3,1766818578242
0,4.0,1766818578387
0,4.4,1766818578535
0,4.1,1766818578678
0,3.9,1766818578826
0,3.7,1766818578975
0,4.6,1766818579124
0,3.9,1766818579272
0,4.8,1766818579428
0,4.1,1766818579571
0,5.1,1766818579727
0,3.5,1766818579865
0,4.5,1766818580028
0,3.7,1766818580174
0,4.3,1766818580318
0,3.8,1766818580462
0,4.2,1766818580612
0,4.3,1766818580762
0,4.4,1766818580931
0,3.6,1766818581070
0,4.2,1766818581261
0,3.9,1766818581405
0,4.6,1766818581551
0,3.8,1766818581723
0,4.6,1766818581874
0,4.4,1766818582022
0,4.8,1766818582179
0,3.6,1766818582324
0,4.3,1766818582472
0,3.8,1766818582615
0,4.8,1766818582754
0,4.2,1766818582905
0,4.1,1766818583057
0,2.8,1766818583224
0,3.5,1766818583380
0,2.9,1766818583523
0,3.6,1766818583679
0,2.7,1766818583826
0,3.6,1766818583970
0,4.3,1766818584173
0,5.1,1766818584326
0,4.3,1766818584474
0,5.0,1766818584621
0,4.3,1766818584762
0,5.1,1766818584923
0,4.2,1766818585071
0,5.2,1766818585222
0,4.3,1766818585373
0,4.9,1766818585554
0,4.4,1766818585695
0,4.8,1766818585844
0,4.5,1766818585988
0,5.0,1766818586138
0,4.2,1766818586298
0,5.0,1766818586444
0,4.1,1766818586613
0,5.1,1766818586771
0,4.2,1766818586929
0,5.0,1766818587095
0,4.2,1766818587232
0,5.0,1766818587389
0,4.5,1766818587536
0,5.1,1766818587695
0,4.2,1766818587847
0,5.1,1766818588014
0,4.0,1766818588169
0,4.9,1766818588327
0,4.4,1766818588474
0,5.0,1766818588627
0,4.6,1766818588778
0,4.7,1766818588979
0,4.5,1766818589125
0,5.1,1766818589279
0,4.7,1766818589426
0,4.8,1766818589569
0,4.5,1766818589712
0,5.0,1766818589855
0,4.2,1766818590005
0,5.1,1766818590151
0,4.6,1766818590299
0,5.3,1766818590455
0,4.2,1766818590604
0,5.3,1766818590746
0,4.1,1766818590896
0,5.0,1766818591053
0,4.3,1766818591208
0,5.2,1766818591360
0,4.4,1766818591512
0,5.1,1766818591672
0,4.5,1766818591819
0,5.2,1766818591968
0,4.4,1766818592115
0,4.8,1766818592269
0,4.5,1766818592415
0,5.0,1766818592574
0,4.2,1766818592732
0,5.0,1766818592886
0,4.1,1766818593040
0,5.0,1766818593187
0,4.5,1766818593334
0,5.0,1766818593496
0,4.1,1766818593642
0,4.8,1766818593789
0,4.3,1766818593928
0,5.0,1766818594078
0,4.5,1766818594220
0,4.5,1766818594369
0,4.8,1766818594511
0,4.8,1766818594664
0,4.5,1766818594807
0,4.7,1766818594963
0,4.8,1766818595109
0,4.9,1766818595255
0,5.0,1766818595408
0,4.9,1766818595546
0,4.8,1766818595704
0,4.8,1766818595846
0,4.8,1766818596017
0,4.3,1766818596157
0,4.9,1766818596318
0,4.4,1766818596471
0,4.9,1766818596647
0,4.5,1766818596801
0,4.9,1766818596970
0,4.6,1766818597116
0,4.8,1766818597270
0,4.5,1766818597429
0,5.0,1766818597771
0,4.9,1766818597925
0,4.6,1766818598078
0,4.9,1766818598229
0,4.5,1766818598374
0,4.9,1766818598535
0,4.6,1766818598694
0,5.6,1766818598852
0,4.4,1766818599012
0,5.3,1766818599217
0,4.4,1766818599383
0,4.9,1766818599574
0,4.6,1766818599759
0,4.9,1766818599893
0,4.6,1766818600031
0,5.8,1766818600193
0,5.9,1766818600345
0,5.7,1766818600491
0,4.5,1766818600662
0,4.7,1766818600825
0,4.5,1766818600973
0,4.5,1766818601128
0,4.3,1766818601283
0,4.9,1766818601434
0,4.5,1766818601582
0,4.7,1766818601728
0,4.5,1766818601872
0,5.4,1766818602011
0,4.2,1766818602186
0,5.0,1766818602347
0,3.3,1766818602531
0,4.7,1766818602683
0,3.5,1766818602829
0,4.8,1766818602983
0,3.5,1766818603137
0,4.7,1766818603311
0,4.0,1766818603456
0,4.8,1766818603621
0,4.3,1766818603773
0,5.8,1766818603965
0,4.1,1766818604109
0,4.3,1766818604248
0,3.8,1766818604399
0,4.1,1766818604550
0,3.7,1766818604710
0,4.6,1766818604855
0,3.9,1766818605005
0,5.0,1766818605153
0,4.2,1766818605301
0,5.1,1766818605451
0,3.6,1766818605591
0,4.5,1766818605750
0,4.2,1766818605891
0,4.8,1766818606042
0,3.8,1766818606191
0,4.7,1766818606340
0,4.5,1766818606482
0,4.6,1766818606647
0,4.3,1766818606793
0,4.6,1766818606936
0,4.3,1766818607084
0,4.3,1766818607245
0,4.5,1766818607393
0,4.5,1766818607549
0,4.1,1766818607696
0,4.5,1766818607841
0,4.6,1766818607976
0,3.9,1766818608120
0,4.3,1766818608291
0,4.1,1766818608429
0,4.2,1766818608599
0,4.3,1766818608755
0,4.8,1766818608906
0,4.4,1766818609060
0,4.3,1766818609220
0,4.1,1766818609372
0,4.9,1766818609534
0,4.0,1766818609678
0,3.6,1766818609822
0,3.1,1766818609968
0,3.2,1766818610127
0,3.0,1766818610269
0,3.2,1766818610424
0,2.9,1766818610584
0,3.9,1766818610741
0,4.7,1766818610883
0,4.9,1766818611040
0,4.5,1766818611189
0,4.8,1766818611355
0,4.4,1766818611493
0,5.0,1766818611638
0,4.3,1766818611779
0,4.9,1766818611964
0,4.3,1766818612117
0,5.0,1766818612288
0,4.6,1766818612451
0,4.8,1766818612603
0,4.4,1766818612931
0,4.9,1766818613082
0,5.3,1766818613232
0,4.6,1766818613377
0,4.9,1766818613525
0,4.0,1766818613672
0,4.5,1766818613815
0,4.3,1766818614006
0,4.3,1766818614166
0,4.3,1766818614363
0,4.1,1766818614602
0,4.3,1766818614755
0,4.8,1766818614919
0,4.3,1766818615086
0,4.7,1766818615260
0,4.2,1766818615415
0,4.3,1766818615590
0,3.9,1766818615743
0,4.6,1766818615918
0,4.4,1766818616094
0,4.0,1766818616297
0,4.8,1766818616474
0,3.8,1766818616667
0,4.4,1766818616917
0,4.6,1766818617097
0,4.0,1766818617291
0,5.0,1766818617468
0,3.6,1766818617631
0,4.9,1766818617812
0,3.7,1766818617976
0,5.0,1766818618146
0,3.6,1766818618314
0,4.7,1766818618511
0,4.6,1766818618706
0,4.0,1766818618875
0,4.6,1766818619057
0,3.9,1766818619236
0,5.0,1766818619431
0,3.7,1766818619599
0,4.7,1766818619791
0,3.8,1766818619941
0,4.8,1766818620128
0,4.5,1766818620313
0,4.5,1766818620478
0,4.9,1766818620662
0,3.9,1766818620845
0,5.0,1766818621043
0,3.4,1766818621231
0,5.0,1766818621411
0,4.3,1766818621641
0,4.2,1766818621817
0,4.5,1766818621969
0,4.3,1766818622149
0,4.7,1766818622318
0,3.7,1766818622528
0,4.8,1766818622708
0,3.9,1766818622884
0,4.9,1766818623083
0,4.0,1766818623252
0,4.6,1766818623453
0,4.7,1766818623640
0,4.3,1766818623800
0,4.6,1766818623961
0,4.3,1766818624115
0,4.6,1766818624273
0,4.2,1766818624462
0,4.8,1766818624642
0,4.0,1766818624809
0,5.1,1766818625008
0,3.5,1766818625189
0,4.8,1766818625379
0,3.8,1766818625561
0,4.7,1766818625742
0,4.3,1766818625916
0,4.1,1766818626094
0,4.8,1766818626262
0,3.9,1766818626414
0,5.0,1766818626578
0,3.5,1766818626765
0,4.8,1766818626921
0,3.9,1766818627088
0,4.9,1766818627281
0,3.8,1766818627456
0,4.9,1766818627637
0,3.8,1766818627797
0,5.2,1766818627982
0,3.6,1766818628148
0,4.9,1766818628312
0,3.5,1766818628471
0,5.2,1766818628643
0,4.1,1766818628839
0,4.3,1766818629020
0,4.7,1766818629201
0,4.1,1766818629401
0,4.7,1766818629581
0,3.8,1766818629755
0,4.9,1766818629954
0,3.7,1766818630122
0,5.0,1766818630296
0,3.9,1766818630465
0,4.5,1766818630657
0,4.4,1766818630822
0,4.6,1766818631030
0,4.5,1766818631196
0,4.1,1766818631369
0,4.8,1766818631523
0,4.4,1766818631707
0,5.0,1766818631873
0,3.7,1766818632083
0,4.9,1766818632291
0,4.2,1766818632459
0,5.0,1766818632633
0,3.8,1766818632794
0,5.0,1766818632982
0,4.3,1766818633149
0,4.9,1766818633311
0,4.1,1766818633489
0,4.6,1766818633649
0,3.8,1766818633830
0,4.6,1766818634004
0,4.3,1766818634181
0,4.0,1766818634379
0,4.7,1766818634563
0,4.0,1766818634720
0,4.9,1766818634909
0,3.6,1766818635098
0,5.1,1766818635292
0,3.7,1766818635477
0,5.0,1766818635664
0,4.3,1766818635836
0,4.3,1766818636030
0,4.8,1766818636214
0,4.0,1766818636396
0,4.6,1766818636566
0,3.9,1766818636750
0,4.9,1766818636938
0,3.9,1766818637113
0,5.3,1766818637297
0,3.6,1766818637459
0,4.8,1766818637650
0,4.2,1766818637823
0,4.3,1766818638026
0,4.5,1766818638210
0,4.6,1766818638366
0,4.9,1766818638545
0,3.8,1766818638766
0,5.3,1766818638939
0,3.9,1766818639121
0,4.8,1766818639323
0,4.5,1766818639508
0,3.9,1766818639695
0,5.0,1766818639872
0,4.2,1766818640035
0,4.8,1766818640219
0,4.1,1766818640408
0,5.3,1766818640611
0,4.1,1766818640775
0,4.6,1766818640957
0,4.2,1766818641119
0,4.8,1766818641296
0,4.4,1766818641470
0,4.3,1766818641633
0,4.1,1766818641801
0,4.3,1766818641977
0,4.6,1766818642160
0,4.0,1766818642355
0,4.9,1766818642538
0,3.8,1766818642707
0,5.4,1766818642898
0,3.4,1766818643091
0,4.9,1766818643280
0,4.4,1766818643474
0,4.5,1766818643649
0,4.4,1766818643810
0,4.5,1766818643991
0,4.3,1766818644156
0,4.3,1766818644321
0,4.7,1766818644519
0,3.4,1766818644724
0,5.0,1766818644904
0,3.8,1766818645093
0,4.7,1766818645322
0,3.8,1766818645488
0,4.6,1766818645657
0,4.3,1766818645847
0,4.5,1766818646018
0,4.6,1766818646186
0,4.0,1766818646391
0,4.6,1766818646544
0,4.5,1766818646702
0,4.9,1766818646917
0,4.0,1766818647102
0,5.0,1766818647294
0,3.7,1766818647486
0,4.8,1766818647696
0,4.7,1766818647874
0,3.9,1766818648053
0,5.0,1766818648237
0,4.0,1766818648415
0,5.0,1766818648586
0,4.0,1766818648748
0,4.7,1766818648928
0,4.2,1766818649089
0,4.8,1766818649276
0,3.9,1766818649426
0,4.7,1766818649584
0,3.7,1766818649749
0,5.1,1766818649925
0,4.0,1766818650095
0,4.5,1766818650281
0,4.2,1766818650442
0,4.7,1766818650603
0,4.4,1766818650790
0,4.5,1766818650974
0,4.6,1766818651131
0,4.4,1766818651299
0,4.0,1766818651473
0,4.6,1766818651642
0,4.5,1766818651828
0,4.2,1766818652004
0,4.6,1766818652200
0,4.0,1766818652397
0,4.8,1766818652566
0,4.2,1766818652744
0,4.7,1766818652932
0,4.2,1766818653113
0,4.7,1766818653286
0,3.9,1766818653481
0,4.5,1766818653664
0,4.1,1766818653851
0,4.3,1766818654020
0,4.2,1766818654212
0,4.3,1766818654407
0,4.6,1766818654579
0,4.2,1766818654761
0,3.6,1766818654984
0,4.8,1766818655177
0,3.9,1766818655363
0,4.7,1766818655537
0,4.0,1766818655719
0,4.7,1766818655899
0,4.5,1766818656066
0,4.1,1766818656251
0,4.5,1766818656431
0,4.0,1766818656616
0,4.9,1766818656781
0,3.9,1766818656959
0,4.5,1766818657151
0,3.9,1766818657316
0,4.8,1766818657503
0,4.3,1766818657694
0,4.4,1766818657889
0,4.0,1766818658079
0,4.4,1766818658257
0,4.5,1766818658424
0,4.5,1766818658596
0,4.2,1766818658765
0,4.6,1766818658936
0,4.3,1766818659115
0,4.2,1766818659300
0,4.5,1766818659475
0,4.2,1766818659674
0,4.3,1766818659837
0,4.4,1766818660023
0,4.7,1766818660292
0,5.4,1766818660481
0,5.3,1766818660667
0,4.9,1766818660850
0,4.8,1766818661018
0,3.9,1766818661201
0,4.6,1766818661380
0,3.8,1766818661545
0,4.7,1766818661747
0,4.1,1766818661951
0,4.4,1766818662140
0,4.3,1766818662317
0,4.5,1766818662501
0,4.3,1766818662687
0,4.3,1766818662854
0,4.5,1766818663022
0,4.3,1766818663188
0,4.6,1766818663351
0,4.5,1766818663523
0,4.1,1766818663705
0,4.5,1766818663884
0,4.0,1766818664083
0,4.4,1766818664276
0,4.3,1766818664467
0,4.2,1766818664676
0,4.5,1766818664835
0,4.2,1766818665013
0,4.5,1766818665183
0,4.2,1766818665359
0,4.7,1766818665529
0,4.5,1766818665707
0,4.3,1766818665898
0,4.3,1766818666074
0,4.5,1766818666271
0,4.3,1766818666431
0,4.5,1766818666627
0,4.2,1766818666814
0,4.6,1766818666989
0,4.2,1766818667170
0,4.8,1766818667360
0,4.5,1766818667532
0,4.4,1766818667698
0,4.3,1766818667873
0,4.1,1766818668050
0,4.9,1766818668236
0,3.7,1766818668444
0,4.7,1766818668621
0,3.9,1766818668788
0,4.8,1766818668982
0,4.0,1766818669166
0,5.0,1766818669341
0,3.8,1766818669518
0,4.7,1766818669705
0,4.5,1766818669890
0,3.9,1766818670112
0,4.9,1766818670293
0,4.0,1766818670463
0,4.8,1766818670636
0,3.8,1766818670815
0,4.9,1766818671012
0,3.6,1766818671191
0,5.4,1766818671365
0,3.9,1766818671530
0,4.4,1766818671732
0,4.0,1766818671903
0,4.6,1766818672076
0,4.4,1766818672290
0,4.2,1766818672482
0,4.9,1766818672690
0,3.2,1766818672891
0,5.1,1766818673075
0,3.3,1766818673299
0,4.8,1766818673493
0,4.2,1766818673687
0,4.2,1766818673883
0,4.9,1766818674052
0,4.2,1766818674204
0,5.1,1766818674378
0,4.1,1766818674538
0,5.0,1766818674719
0,3.8,1766818674898
0,4.9,1766818675079
0,3.9,1766818675233
0,5.0,1766818675407
0,3.9,1766818675585
0,4.5,1766818675758
0,4.5,1766818675935
0,4.3,1766818676114
0,4.4,1766818676281
0,4.4,1766818676480
0,4.8,1766818676634
0,3.9,1766818676790
0,4.8,1766818676950
0,3.9,1766818677131
0,4.5,1766818677304
0,4.2,1766818677504
0,4.9,1766818677690
0,3.8,1766818677866
0,4.9,1766818678056
0,3.8,1766818678237
0,5.0,1766818678413
0,3.6,1766818678593
0,4.2,1766818678848
0,4.9,1766818679051
0,3.7,1766818679232
0,5.0,1766818679416
0,3.9,1766818679599
0,4.8,1766818679776
0,4.0,1766818679940
0,4.9,1766818680121
0,3.8,1766818680299
0,4.5,1766818680505
0,4.4,1766818680685
0,4.3,1766818680850
0,4.9,1766818681044
0,3.8,1766818681225
0,5.3,1766818681402
0,3.7,1766818681616
0,4.8,1766818681829
0,4.1,1766818681973
0,4.6,1766818682195
0,4.7,1766818682387
0,3.8,1766818682617
0,5.0,1766818682807
0,3.8,1766818682949
0,5.2,1766818683112
0,3.8,1766818683277
0,5.1,1766818683458
0,3.9,1766818683652
0,4.4,1766818683842
0,4.6,1766818684024
0,4.4,1766818684195
0,4.7,1766818684356
0,4.2,1766818684529
0,4.8,1766818684716
0,4.0,1766818684902
0,5.0,1766818685082
0,4.0,1766818685247
0,4.9,1766818685441
0,3.9,1766818685606
0,5.1,1766818685784
0,3.7,1766818685976
0,4.7,1766818686169
0,4.1,1766818686352
0,4.2,1766818686549
0,4.6,1766818686714
0,4.0,1766818686931
0,5.2,1766818687122
0,3.8,1766818687304
0,4.9,1766818687494
0,3.9,1766818687663
0,5.0,1766818687849
0,4.0,1766818688035
0,4.7,1766818688208
0,4.7,1766818688393
0,4.2,1766818688591
0,4.8,1766818688784
0,3.8,1766818688975
0,5.2,1766818689153
0,3.6,1766818689344
0,5.0,1766818689535
0,3.8,1766818689696
0,4.8,1766818689888
0,4.2,1766818690080
0,4.3,1766818690267
0,4.5,1766818690453
0,4.4,1766818690622
0,4.7,1766818690804
0,4.1,1766818690982
0,4.4,1766818691241
0,4.0,1766818691416
0,5.0,1766818691595
0,4.5,1766818691752
0,4.8,1766818691937
0,4.4,1766818692100
0,4.5,1766818692283
0,4.8,1766818692442
0,4.6,1766818692622
0,4.7,1766818692824
0,3.6,1766818693007
0,5.3,1766818693185
0,3.4,1766818693366
0,4.9,1766818693536
0,3.6,1766818693722
0,4.7,1766818693916
0,4.3,1766818694101
0,4.5,1766818694278
0,4.2,1766818694464
0,4.0,1766818694669
0,4.8,1766818694841
0,4.2,1766818695006
0,4.5,1766818695177
0,4.4,1766818695343
0,4.9,1766818695525
0,3.6,1766818695712
0,5.0,1766818695905
0,3.7,1766818696089
0,5.2,1766818696264
0,4.1,1766818696450
0,4.8,1766818696616
0,4.3,1766818696792
0,4.5,1766818696944
0,4.5,1766818697113
0,4.7,1766818697307
0,4.5,1766818697504
0,3.7,1766818697680
0,5.0,1766818697872
0,3.7,1766818698047
0,5.1,1766818698215
0,3.4,1766818698384
0,4.9,1766818698582
0,4.4,1766818698778
0,4.5,1766818698970
0,4.2,1766818699161
0,4.5,1766818699335
0,4.8,1766818699500
0,4.1,1766818699691
0,4.7,1766818699951
0,3.8,1766818700145
0,5.0,1766818700309
0,4.4,1766818700499
0,4.6,1766818700666
0,4.2,1766818700835
0,4.4,1766818701029
0,4.1,1766818701221
0,4.4,1766818701390
0,4.7,1766818701572
0,4.2,1766818701730
0,4.9,1766818701903
0,4.0,1766818702074
0,4.7,1766818702252
0,4.0,1766818702423
0,4.8,1766818702604
0,3.8,1766818702765
0,5.1,1766818702944
0,3.6,1766818703133
0,5.0,1766818703334
0,3.9,1766818703560
0,4.3,1766818703752
0,4.4,1766818703939
0,4.1,1766818704105
0,5.0,1766818704294
0,3.9,1766818704483
0,5.0,1766818704664
0,3.8,1766818704839
0,5.2,1766818705014
0,3.8,1766818705185
0,5.4,1766818705363
0,3.7,1766818705544
0,5.3,1766818705728
0,5.7,1766818705881
0,5.0,1766818706074
0,4.2,1766818706264
0,4.2,1766818706478
0,4.9,1766818706664
0,4.0,1766818706839
0,4.9,1766818707039
0,3.7,1766818707223
0,5.3,1766818707404
0,4.0,1766818707563
0,5.3,1766818707741
0,3.7,1766818707923
0,4.7,1766818708116
0,4.5,1766818708312
0,4.6,1766818708482
0,4.2,1766818708668
0,4.1,1766818708866
0,4.7,1766818709058
0,4.0,1766818709235
0,5.2,1766818709439
0,3.6,1766818709595
0,4.8,1766818709820
0,4.7,1766818710019
0,4.3,1766818710187
0,4.7,1766818710368
0,4.0,1766818710565
0,5.4,1766818710742
0,4.0,1766818710932
0,5.3,1766818711119
0,3.5,1766818711284
0,4.7,1766818711491
0,4.5,1766818711690
0,4.5,1766818711875
0,4.9,1766818712060
0,4.1,1766818712260
0,4.9,1766818712447
0,4.0,1766818712623
0,4.4,1766818712884
0,4.4,1766818713067
0,4.3,1766818713253
0,5.2,1766818713435
0,3.9,1766818713612
0,4.9,1766818713844
0,4.0,1766818714011
0,4.6,1766818714235
0,4.3,1766818714403
0,4.4,1766818714594
0,4.9,1766818714798
0,3.6,1766818714955
0,5.0,1766818715157
0,3.6,1766818715337
0,4.8,1766818715556
0,4.4,1766818715738
0,4.2,1766818715909
0,5.0,1766818716138
1,3.7,1766818716309
1,5.3,1766818716497
1,3.4,1766818716705
1,5.0,1766818716886
1,4.3,1766818717073
1,4.4,1766818717271
1,4.4,1766818717431
1,4.3,1766818717619
1,4.7,1766818717783
1,4.3,1766818717963
1,4.7,1766818718163
1,4.0,1766818718345
1,4.9,1766818718538
1,3.6,1766818718725
1,5.1,1766818718937
1,4.2,1766818719108
1,4.7,1766818719294
1,4.3,1766818719489
1,4.1,1766818719667
1,5.2,1766818719871
1,3.3,1766818720050
1,5.8,1766818720275
1,5.6,1766818720423
1,5.3,1766818720666
1,4.5,1766818720866
1,4.4,1766818721073
1,4.8,1766818721281
1,3.7,1766818721448
1,5.3,1766818721629
1,3.8,1766818721801
1,5.2,1766818721979
1,3.3,1766818722168
1,4.8,1766818722359
1,4.2,1766818722566
1,4.2,1766818722766
1,4.8,1766818722977
1,3.6,1766818723199
1,4.9,1766818723417
1,4.4,1766818723622
1,4.3,1766818723805
1,4.9,1766818724024
1,3.9,1766818724225
1,4.9,1766818724439
1,4.1,1766818724645
1,4.5,1766818724824
1,4.3,1766818725020
1,4.2,1766818725191
1,4.5,1766818725404
1,3.9,1766818725582
1,5.1,1766818725774
1,3.3,1766818725984
1,5.1,1766818726174
1,3.9,1766818726355
1,4.8,1766818726547
1,4.4,1766818726766
1,4.3,1766818726959
1,4.9,1766818727130
1,4.1,1766818727298
1,4.9,1766818727489
1,3.8,1766818727663
1,4.7,1766818727856
1,3.9,1766818728050
1,4.2,1766818728312
1,4.5,1766818728510
1,4.0,1766818728692
1,4.7,1766818728904
1,3.7,1766818729092
1,4.2,1766818729380
1,4.7,1766818729584
1,3.9,1766818729743
1,4.8,1766818729944
1,3.7,1766818730161
1,4.3,1766818730388
1,4.4,1766818730587
1,3.5,1766818730761
1,4.9,1766818730982
1,3.9,1766818731166
1,4.6,1766818731390
1,3.9,1766818731621
1,3.8,1766818731869
1,4.9,1766818732088
1,3.4,1766818732301
1,5.0,1766818732488
1,3.7,1766818732659
1,4.5,1766818732936
1,4.8,1766818733119
1,3.8,1766818733356
1,5.1,1766818733523
1,3.5,1766818733773
1,4.9,1766818734003
1,3.6,1766818734176
1,4.8,1766818734352
1,4.2,1766818734521
1,4.9,1766818734703
1,4.2,1766818734904
1,4.2,1766818735128
1,4.7,1766818735315
1,4.0,1766818735505
1,4.8,1766818735720
1,3.1,1766818735949
1,5.0,1766818736154
1,3.6,1766818736360
1,4.8,1766818736578
1,4.4,1766818736763
1,3.9,1766818736976
1,4.6,1766818737211
1,3.6,1766818737396
1,5.2,1766818737585
1,3.5,1766818737785
1,4.8,1766818738014
1,3.6,1766818738212
1,4.7,1766818738407
1,4.2,1766818738611
1,4.1,1766818738821
1,4.8,1766818739003
1,4.3,1766818739181
1,5.2,1766818739384
1,3.5,1766818739592
1,5.2,1766818739792
1,3.9,1766818739999
1,4.8,1766818740212
1,4.1,1766818740417
1,4.4,1766818740603
1,5.0,1766818740835
1,3.5,1766818741150
1,5.1,1766818741340
1,3.8,1766818741515
1,4.4,1766818741739
1,4.3,1766818741940
1,4.2,1766818742161
1,3.9,1766818742389
1,4.2,1766818742577
1,4.3,1766818742836
1,4.1,1766818743023
1,4.5,1766818743202
1,4.5,1766818743391
1,4.3,1766818743560
1,3.9,1766818743751
1,4.4,1766818744007
1,3.9,1766818744282
1,4.0,1766818744466
1,4.5,1766818744641
1,4.4,1766818744850
1,3.8,1766818745063
1,5.1,1766818745254
1,3.0,1766818745556
1,5.2,1766818745738
1,3.7,1766818745924
1,4.6,1766818746132
1,3.3,1766818746396
1,5.0,1766818746579
1,3.8,1766818746762
1,4.8,1766818746947
1,4.5,1766818747147
1,4.5,1766818747322
1,4.3,1766818747525
1,3.9,1766818747731
1,4.3,1766818747977
1,4.4,1766818748170
1,4.1,1766818748438
1,4.6,1766818748690
1,4.6,1766818748875
1,4.5,1766818749106
1,4.6,1766818749318
1,3.4,1766818749575
1,5.0,1766818749772
1,3.1,1766818750031
1,5.2,1766818750222
1,3.9,1766818750389
1,4.3,1766818750628
1,4.7,1766818750829
1,3.4,1766818751138
1,5.0,1766818751321
1,3.7,1766818751498
1,5.0,1766818751709
1,3.7,1766818751928
1,4.5,1766818752162
1,4.6,1766818752476
1,3.8,1766818752703
1,4.5,1766818752955
1,4.4,1766818753152
1,4.1,1766818753386
1,4.6,1766818753646
1,3.9,1766818753902
1,3.8,1766818754105
1,4.4,1766818754362
1,4.5,1766818754547
1,4.1,1766818754712
1,4.5,1766818754889
1,3.7,1766818755165
1,5.0,1766818755362
1,4.0,1766818755549
1,4.4,1766818755794
1,4.6,1766818756048
1,3.6,1766818756286
1,4.9,1766818756530
1,4.2,1766818756749
1,3.8,1766818756991
1,4.9,1766818757206
1,3.7,1766818757415
1,4.5,1766818757669
1,4.4,1766818757849
1,4.1,1766818758099
1,4.7,1766818758295
1,4.1,1766818758488
1,4.6,1766818758748
1,4.1,1766818758940
1,4.3,1766818759178
1,4.3,1766818759548
1,3.4,1766818759906
1,4.3,1766818760126
1,4.3,1766818760343
1,4.2,1766818760556
1,4.2,1766818760758
1,4.7,1766818760984
1,4.2,1766818761167
1,4.3,1766818761415
1,4.3,1766818761683
1,3.8,1766818761885
1,4.8,1766818762096
1,3.8,1766818762304
1,4.8,1766818762494
1,4.1,1766818762703
1,3.8,1766818763000
1,5.1,1766818763199
1,3.8,1766818763365
1,4.7,1766818763590
1,3.8,1766818763786
1,4.3,1766818764068
1,4.8,1766818764275
1,3.6,1766818764566
1,4.9,1766818764800
1,4.0,1766818765049
1,4.0,1766818765390
1,5.2,1766818765576
1,3.8,1766818765783
1,4.7,1766818765980
1,3.9,1766818766223
1,3.8,1766818766480
1,4.9,1766818766663
1,3.7,1766818766907
1,4.9,1766818767112
1,3.5,1766818767329
1,4.4,1766818767619
1,4.6,1766818767863
1,3.6,1766818768100
1,4.8,1766818768314
1,4.5,1766818768533
1,4.0,1766818768754
1,4.5,1766818768965
1,3.6,1766818769227
1,4.7,1766818769431
1,4.1,1766818769615
1,4.8,1766818769848
1,4.0,1766818770039
1,4.2,1766818770288
1,4.9,1766818770537
1,3.8,1766818770806
1,4.8,1766818771007
1,3.5,1766818771282
1,4.0,1766818771486
1,4.6,1766818771680
1,4.0,1766818771890
1,4.9,1766818772100
1,3.2,1766818772399
1,4.8,1766818772603
1,4.2,1766818772795
1,4.1,1766818773038
1,3.7,1766818773248
1,4.2,1766818773462
1,4.6,1766818773638
1,4.0,1766818773903
1,4.7,1766818774157
1,4.4,1766818774343
1,3.8,1766818774652
1,5.2,1766818774845
1,3.9,1766818775074
1,4.7,1766818775283
1,4.0,1766818775472
1,4.1,1766818775785
1,5.2,1766818775991
1,3.2,1766818776333
1,4.7,1766818776540
1,4.4,1766818776707
1,4.4,1766818776919
1,4.6,1766818777231
1,3.9,1766818777453
1,4.2,1766818777767
1,4.3,1766818777989
1,4.1,1766818778160
1,4.7,1766818778345
1,3.4,1766818778570
1,5.2,1766818778780
1,3.7,1766818778974
1,4.2,1766818779266
1,4.8,1766818779572
1,3.7,1766818779771
1,4.3,1766818780147
1,6.2,1766818780379
1,4.9,1766818780577
1,4.7,1766818780830
1,4.6,1766818781056
1,3.5,1766818781358
1,5.3,1766818781546
1,3.4,1766818781751
1,4.5,1766818782018
1,4.8,1766818782280
1,3.5,1766818782478
1,4.8,1766818782699
1,3.5,1766818782901
1,4.5,1766818783106
1,4.4,1766818783338
1,4.1,1766818783615
1,4.6,1766818783865
1,3.7,1766818784073
1,4.4,1766818784364
1,4.8,1766818784575
1,3.6,1766818784825
1,5.0,1766818785034
1,3.8,1766818785295
1,4.5,1766818785504
1,4.8,1766818785661
1,4.3,1766818785858
1,4.2,1766818786098
1,3.5,1766818786389
1,5.0,1766818786635
1,4.0,1766818786892
1,4.1,1766818787175
1,5.0,1766818787387
1,3.7,1766818787563
1,5.3,1766818787747
1,3.3,1766818788046
1,4.3,1766818788347
1,4.7,1766818788573
1,3.2,1766818788932
1,4.7,1766818789130
1,4.6,1766818789314
1,4.7,1766818789499
1,4.4,1766818789747
1,4.0,1766818790024
1,4.5,1766818790286
1,4.2,1766818790485
1,4.0,1766818790771
1,4.6,1766818791075
1,3.9,1766818791326
1,4.0,1766818791543
1,4.5,1766818791832
1,4.1,1766818792022
1,4.2,1766818792330
1,4.6,1766818792513
1,4.2,1766818792706
1,4.9,1766818792907
1,3.8,1766818793081
1,5.1,1766818793298
1,3.3,1766818793564
1,4.0,1766818793883
1,4.5,1766818794156
1,3.1,1766818794338
1,5.4,1766818794550
1,3.1,1766818794841
1,4.5,1766818795067
1,4.1,1766818795237
1,4.3,1766818795445
1,4.8,1766818795665
1,3.8,1766818795884
1,4.8,1766818796129
1,3.7,1766818796364
1,5.2,1766818796555
1,3.8,1766818796796
1,4.1,1766818797028
1,4.5,1766818797212
1,4.0,1766818797427
1,4.8,1766818797631
1,3.4,1766818797898
1,5.1,1766818798106
1,3.8,1766818798308
1,4.3,1766818798607
1,4.3,1766818798808
1,4.2,1766818799039
1,4.8,1766818799247
1,3.4,1766818799504
1,4.8,1766818799746
1,3.8,1766818799945
1,4.0,1766818800340
1,5.1,1766818800534
1,3.4,1766818800756
1,4.9,1766818800954
1,3.8,1766818801205
1,4.3,1766818801428
1,4.8,1766818801662
1,4.0,1766818801871
1,4.8,1766818802116
1,3.6,1766818802310
1,4.5,1766818802561
1,4.1,1766818802769
1,4.0,1766818803047
1,4.7,1766818803243
1,3.7,1766818803472
1,4.9,1766818803731
1,3.6,1766818803999
1,4.3,1766818804245
1,4.9,1766818804507
1,4.1,1766818804727
1,3.6,1766818805051
1,4.4,1766818805233
1,4.8,1766818805418
1,4.0,1766818805630
1,4.2,1766818805832
1,4.8,1766818806045
1,3.7,1766818806298
1,5.2,1766818806489
1,3.7,1766818806739
1,4.2,1766818807021
1,4.2,1766818807208
1,4.4,1766818807411
1,3.4,1766818807676
1,4.2,1766818807912
1,4.8,1766818808135
1,3.5,1766818808356
1,5.0,1766818808543
1,3.7,1766818808720
1,4.5,1766818808992
1,3.9,1766818809293
1,3.6,1766818809512
1,5.1,1766818809714
1,3.5,1766818809928
1,4.6,1766818810153
1,3.8,1766818810342
1,4.4,1766818810600
1,4.7,1766818810796
1,4.2,1766818811009
1,4.5,1766818811289
1,3.7,1766818811490
1,4.4,1766818811741
1,4.6,1766818811964
1,3.6,1766818812199
1,4.7,1766818812466
1,4.9,1766818812698
1,3.8,1766818812917
1,5.0,1766818813182
1,3.8,1766818813402
1,4.5,1766818813661
1,4.3,1766818813878
1,3.8,1766818814160
1,5.0,1766818814361
1,3.3,1766818814629
1,5.4,1766818814822
1,3.7,1766818815063
1,3.8,1766818815374
1,4.9,1766818815562
1,4.2,1766818815740
1,4.6,1766818815907
1,3.8,1766818816214
1,4.9,1766818816416
1,3.4,1766818816557
1,5.2,1766818816778
1,3.1,1766818816969
1,4.8,1766818817190
1,4.2,1766818817420
1,4.2,1766818817676
1,4.4,1766818817971
1,4.0,1766818818174
1,3.7,1766818818540
1,4.9,1766818818728
1,3.6,1766818818938
1,5.0,1766818819194
1,3.5,1766818819492
1,4.6,1766818819684
1,4.1,1766818819892
1,3.6,1766818820208
1,4.8,1766818820434
1,3.5,1766818820625
1,5.1,1766818820819
1,3.4,1766818821075
1,4.3,1766818821337
1,4.2,1766818821533
1,4.8,1766818821718
1,4.2,1766818821948
1,3.5,1766818822255
1,5.0,1766818822447
1,3.3,1766818822623
1,5.2,1766818822817
1,4.0,1766818823014
1,4.6,1766818823217
1,3.4,1766818823490
1,4.9,1766818823675
1,4.1,1766818823879
1,4.7,1766818824084
1,4.4,1766818824270
1,4.1,1766818824472
1,4.6,1766818824701
1,4.1,1766818824938
1,4.9,1766818825191
1,3.8,1766818825401
1,3.8,1766818825775
1,5.1,1766818826068
1,3.2,1766818826348
1,4.7,1766818826528
1,3.9,1766818826730
1,4.4,1766818826955
1,4.6,1766818827254
1,3.5,1766818827538
1,4.8,1766818827739
1,3.6,1766818827937
1,4.4,1766818828185
1,4.8,1766818828470
1,3.7,1766818828687
1,4.5,1766818828922
1,4.5,1766818829132
1,3.8,1766818829364
1,5.0,1766818829602
1,3.4,1766818829817
1,5.2,1766818830038
1,3.5,1766818830316
1,4.6,1766818830528
1,4.0,1766818830739
1,4.5,1766818830948
1,4.6,1766818831144
1,3.8,1766818831407
1,4.6,1766818831598
1,3.8,1766818831789
1,5.2,1766818831996
1,3.7,1766818832220
1,4.6,1766818832438
1,4.3,1766818832651
1,3.3,1766818833078
1,5.1,1766818833242
1,4.0,1766818833439
1,4.5,1766818833705
1,4.0,1766818833938
1,4.4,1766818834114
1,4.2,1766818834451
1,3.9,1766818834693
1,4.9,1766818834914
1,4.1,1766818835175
1,4.2,1766818835418
1,4.6,1766818835628
1,3.4,1766818835910
1,5.0,1766818836119
1,3.8,1766818836319
1,3.7,1766818836696
1,4.7,1766818836882
1,4.3,1766818837054
1,4.5,1766818837331
1,3.4,1766818837556
1,4.2,1766818837846
1,4.8,1766818838122
1,3.5,1766818838394
1,5.1,1766818838560
1,3.2,1766818838827
1,4.6,1766818839064
1,4.3,1766818839253
1,4.0,1766818839480
1,4.5,1766818839714
1,3.6,1766818839898
1,4.7,1766818840191
1,5.1,1766818840366
1,4.8,1766818840681
1,4.7,1766818840873
1,4.1,1766818841067
1,5.1,1766818841255
1,3.8,1766818841430
1,4.7,1766818841689
1,3.9,1766818841911
1,4.0,1766818842209
1,4.2,1766818842455
1,4.3,1766818842642
1,5.0,1766818842821
1,3.2,1766818843088
1,4.5,1766818843351
1,3.8,1766818843606
1,4.9,1766818843791
1,4.1,1766818843981
1,4.1,1766818844238
1,4.5,1766818844466
1,3.5,1766818844688
1,4.7,1766818844902
1,3.7,1766818845102
1,4.5,1766818845378
1,4.0,1766818845588
1,4.2,1766818845794
1,4.7,1766818845982
1,3.7,1766818846209
1,5.0,1766818846429
1,3.7,1766818846652
1,4.6,1766818846859
1,4.2,1766818847064
1,4.0,1766818847353
1,4.8,1766818847570
1,4.1,1766818847804
1,4.2,1766818848032
1,3.9,1766818848290
1,3.7,1766818848570
1,4.5,1766818848753
1,4.0,1766818848933
1,4.5,1766818849192
1,4.5,1766818849388
1,4.2,1766818849595
1,4.6,1766818849808
1,3.7,1766818850050
1,4.6,1766818850322
1,3.8,1766818850560
1,4.6,1766818850747
1,3.9,1766818850994
1,4.1,1766818851201
1,4.7,1766818851396
1,4.2,1766818851614
1,4.7,1766818851857
1,3.6,1766818852166
1,4.4,1766818852379
1,4.7,1766818852581
1,4.2,1766818852844
1,3.9,1766818853113
1,4.3,1766818853304
1,4.3,1766818853483
1,3.7,1766818853757
1,4.5,1766818853978
1,4.0,1766818854176
1,4.5,1766818854379
1,4.2,1766818854552
1,4.8,1766818854736
1,4.0,1766818854941
1,4.1,1766818855221
1,4.8,1766818855445
1,4.2,1766818855650
1,4.7,1766818855885
1,4.1,1766818856084
1,4.0,1766818856315
1,5.1,1766818856528
1,3.5,1766818856773
1,4.9,1766818856999
1,3.7,1766818857301
1,5.0,1766818857466
1,4.2,1766818857651
1,4.3,1766818857837
1,4.4,1766818858067
1,3.8,1766818858337
1,5.0,1766818858578
1,3.5,1766818858826
1,4.2,1766818859097
1,5.0,1766818859310
1,3.5,1766818859513
1,4.7,1766818859762
1,4.0,1766818859977
1,4.1,1766818860241
1,5.1,1766818860454
1,3.6,1766818860692
1,4.0,1766818861022
1,3.9,1766818861244
1,4.3,1766818861445
1,4.5,1766818861634
1,4.2,1766818861811
1,4.8,1766818862097
1,3.6,1766818862284
1,4.5,1766818862562
1,4.6,1766818862786
1,3.4,1766818863020
1,4.9,1766818863229
1,4.1,1766818863414
1,4.2,1766818863681
1,4.6,1766818863914
1,3.7,1766818864151
1,4.7,1766818864393
1,3.7,1766818864604
1,4.9,1766818864819
1,4.6,1766818865054
1,3.7,1766818865307
1,4.8,1766818865570
1,3.9,1766818865815
1,3.9,1766818866081
1,4.9,1766818866263
1,3.8,1766818866459
1,4.7,1766818866651
1,3.7,1766818866820
1,5.1,1766818867033
1,4.0,1766818867225
1,4.3,1766818867493
1,4.2,1766818867704
1,4.1,1766818867895
1,4.6,1766818868079
1,3.9,1766818868291
1,4.4,1766818868478
1,3.7,1766818868778
1,4.7,1766818869014
1,3.8,1766818869237
1,4.6,1766818869465
1,3.9,1766818869727
1,4.3,1766818869929
1,4.8,1766818870127
1,3.6,1766818870369
1,5.2,1766818870557
1,3.5,1766818870848
1,4.9,1766818871066
1,4.2,1766818871273
1,3.8,1766818871500
1,4.4,1766818871805
1,3.4,1766818872060
1,4.2,1766818872357
1,4.6,1766818872609
1,3.7,1766818872816
1,4.5,1766818873114
1,4.9,1766818873310
1,4.1,1766818873526
1,4.3,1766818873873
1,4.9,1766818874095
1,3.6,1766818874316
1,5.0,1766818874534
1,3.4,1766818874730
1,4.4,1766818874941
1,3.9,1766818875137
1,4.1,1766818875377
1,5.0,1766818875550
1,3.9,1766818875732
1,5.0,1766818875914
1,3.9,1766818876106
1,4.8,1766818876324
1,3.9,1766818876531
1,4.2,1766818876780
1,3.9,1766818877039
1,3.9,1766818877261
1,5.0,1766818877478
1,3.4,1766818877680
1,4.4,1766818877931
1,4.8,1766818878159
1,3.4,1766818878400
1,5.3,1766818878602
1,3.3,1766818878864
1,5.2,1766818879051
1,4.0,1766818879218
1,4.5,1766818879452
1,4.8,1766818879691
1,3.7,1766818879894
1,4.8,1766818880099
1,3.8,1766818880310
1,3.8,1766818880616
1,4.7,1766818880825
1,3.8,1766818881013
1,5.1,1766818881206
1,3.9,1766818881407
1,4.5,1766818881656
1,5.2,1766818881860
1,3.5,1766818882129
1,4.8,1766818882394
1,3.7,1766818882616
1,4.8,1766818882790
1,3.9,1766818882973
1,3.4,1766818883370
1,4.3,1766818883527
1,4.1,1766818883735
1,4.8,1766818883931
1,3.7,1766818884115
1,5.0,1766818884311
1,3.2,1766818884607
1,5.1,1766818884802
1,4.2,1766818884981
1,4.8,1766818885190
1,3.9,1766818885378
1,4.5,1766818885571
1,4.5,1766818885782
1,3.7,1766818886042
1,4.7,1766818886281
1,3.8,1766818886535
1,4.2,1766818886786
1,4.7,1766818887074
1,4.2,1766818887294
1,4.1,1766818887552
1,4.0,1766818887759
1,4.6,1766818887939
1,4.4,1766818888149
1,4.0,1766818888341
1,4.7,1766818888571
1,4.2,1766818888818
1,3.7,1766818889061
1,4.9,1766818889279
1,3.7,1766818889493
1,4.6,1766818889739
1,3.9,1766818889966
1,4.5,1766818890152
1,4.4,1766818890380
1,3.9,1766818890557
1,4.8,1766818890800
1,4.1,1766818890994
1,4.2,1766818891306
1,4.5,1766818891593
1,4.3,1766818891820
1,4.1,1766818892067
1,4.9,1766818892312
1,3.3,1766818892608
1,5.0,1766818892789
1,3.5,1766818892957
1,4.9,1766818893155
1,3.9,1766818893349
1,4.3,1766818893612
1,4.9,1766818893855
1,3.6,1766818894147
1,5.0,1766818894334
1,3.7,1766818894534
1,5.1,1766818894735
1,4.1,1766818894929
1,4.2,1766818895191
1,4.6,1766818895406
1,3.6,1766818895622
1,5.0,1766818895829
1,4.0,1766818896011
1,4.4,1766818896250
1,4.1,1766818896457
1,4.3,1766818896721
1,5.0,1766818896960
1,3.4,1766818897225
1,4.4,1766818897455
1,4.9,1766818897651
1,3.6,1766818897862
1,4.7,1766818898115
1,3.7,1766818898384
1,3.9,1766818898591
1,5.0,1766818898899
1,3.2,1766818899173
1,4.8,1766818899382
1,4.1,1766818899586
1,4.1,1766818899802
1,4.8,1766818900012
1,3.7,1766818900315
1,6.9,1766818900476
1,4.4,1766818900682
1,4.7,1766818900886
1,3.9,1766818901068
1,3.9,1766818901371
1,4.1,1766818901567
1,4.3,1766818901773
1,5.0,1766818901948
1,3.8,1766818902173
1,4.9,1766818902411
1,3.4,1766818902653
1,4.9,1766818902891
1,4.4,1766818903075
1,3.8,1766818903312
1,5.0,1766818903506
1,3.5,1766818903745
1,4.6,1766818904009
1,4.1,1766818904298
1,3.8,1766818904551
1,5.0,1766818904762
1,3.2,1766818905022
1,5.1,1766818905216
1,3.6,1766818905426
1,4.8,1766818905638
1,4.2,1766818905841
1,3.9,1766818906156
1,4.5,1766818906440
1,3.9,1766818906688
1,4.5,1766818906877
1,5.1,1766818907066
1,3.5,1766818907243
1,5.1,1766818907451
1,4.2,1766818907666
1,4.0,1766818907862
1,4.6,1766818908070
1,4.0,1766818908306
1,4.9,1766818908557
1,3.5,1766818908792
1,4.1,1766818909061
1,4.7,1766818909242
1,4.0,1766818909448
1,4.7,1766818909646
1,3.9,1766818909849
1,4.8,1766818910053
1,3.8,1766818910300
1,4.2,1766818910605
1,4.7,1766818910850
1,3.2,1766818911100
1,4.9,1766818911317
1,4.1,1766818911481
1,4.9,1766818911686
1,4.1,1766818911912
1,4.1,1766818912105
1,4.6,1766818912313
1,4.2,1766818912512
1,4.3,1766818912836
1,4.4,1766818913005
1,4.6,1766818913220
1,4.4,1766818913425
1,3.8,1766818913664
1,4.7,1766818913914
1,3.6,1766818914144
1,4.6,1766818914353
1,4.1,1766818914547
1,4.3,1766818914789
1,5.1,1766818915042
1,4.0,1766818915283
1,4.1,1766818915561
1,4.8,1766818915743
1,3.9,1766818915988
1,5.3,1766818916166
1,3.8,1766818916356
1,4.8,1766818916589
1,3.4,1766818916836
1,4.9,1766818917055
1,3.8,1766818917287
1,4.3,1766818917479
1,4.1,1766818917644
1,4.3,1766818917890
1,3.8,1766818918156
1,4.1,1766818918363
1,4.7,1766818918571
1,3.8,1766818918837
1,4.6,1766818919046
1,3.9,1766818919226
1,4.0,1766818919553
1,4.5,1766818919775
1,3.6,1766818919969
1,5.2,1766818920171
1,3.9,1766818920366
1,4.2,1766818920602
1,4.1,1766818920840
1,4.4,1766818921041
1,4.0,1766818921316
1,4.0,1766818921525
1,4.9,1766818921770
1,4.3,1766818921932
1,4.6,1766818922165
1,4.6,1766818922419
1,3.5,1766818922757
1,5.1,1766818922955
1,3.5,1766818923125
1,4.6,1766818923349
1,4.6,1766818923558
1,3.4,1766818923829
1,4.5,1766818924054
1,3.7,1766818924227
1,5.6,1766818924404
1,3.1,1766818924681
1,4.9,1766818924892
1,3.9,1766818925125
1,4.8,1766818925327
1,4.2,1766818925599
1,3.6,1766818925832
1,4.8,1766818926167
1,3.6,1766818926394
2,4.7,1766818926594
2,4.6,1766818926776
2,3.9,1766818926979
2,4.7,1766818927157
2,3.7,1766818927422
2,4.4,1766818927631
2,4.0,1766818927788
2,4.9,1766818927975
2,4.0,1766818928130
2,4.8,1766818928371
2,3.9,1766818928568
2,4.8,1766818928797
2,4.0,1766818929213
2,3.6,1766818929426
2,5.1,1766818929604
2,4.1,1766818929792
2,4.7,1766818929983
2,4.3,1766818930222
2,4.1,1766818930468
2,5.0,1766818930678
2,3.7,1766818930906
2,4.8,1766818931143
2,3.7,1766818931357
2,4.6,1766818931565
2,5.0,1766818931814
2,3.4,1766818932018
2,4.8,1766818932279
2,4.4,1766818932474
2,4.6,1766818932685
2,4.4,1766818932954
2,3.4,1766818933206
2,4.7,1766818933411
2,3.8,1766818933638
2,4.7,1766818933846
2,4.5,1766818934034
2,4.1,1766818934212
2,4.7,1766818934462
2,3.6,1766818934694
2,4.6,1766818934967
2,4.9,1766818935211
2,3.9,1766818935391
2,4.6,1766818935635
2,3.7,1766818935841
2,4.4,1766818936064
2,3.6,1766818936276
2,4.3,1766818936514
2,4.7,1766818936711
2,3.6,1766818936904
2,4.9,1766818937126
2,4.1,1766818937322
2,3.9,1766818937648
2,4.9,1766818937828
2,4.2,1766818938031
2,4.7,1766818938279
2,3.5,1766818938457
2,5.0,1766818938687
2,4.0,1766818938938
2,4.5,1766818939113
2,4.5,1766818939320
2,4.2,1766818939508
2,4.9,1766818939671
2,3.7,1766818939922
2,4.9,1766818940148
2,3.7,1766818940352
2,4.7,1766818940595
2,3.4,1766818940830
2,4.9,1766818941011
2,3.6,1766818941234
2,4.1,1766818941476
2,4.8,1766818941681
2,3.7,1766818941859
2,4.7,1766818942142
2,3.9,1766818942341
2,4.5,1766818942561
2,5.2,1766818942776
2,3.2,1766818943040
2,4.7,1766818943265
2,4.6,1766818943483
2,3.8,1766818943783
2,4.4,1766818944065
2,4.5,1766818944260
2,4.0,1766818944516
2,4.6,1766818944716
2,3.4,1766818944963
2,4.9,1766818945185
2,4.2,1766818945375
2,4.3,1766818945651
2,4.7,1766818945958
2,3.8,1766818946170
2,4.6,1766818946378
2,4.4,1766818946576
2,4.1,1766818946846
2,4.4,1766818947075
2,3.5,1766818947277
2,5.0,1766818947469
2,3.8,1766818947680
2,4.7,1766818947889
2,4.2,1766818948094
2,4.3,1766818948344
2,4.7,1766818948545
2,3.7,1766818948792
2,4.9,1766818949023
2,4.1,1766818949288
2,3.7,1766818949532
2,4.7,1766818949784
2,4.0,1766818950004
2,4.2,1766818950225
2,4.6,1766818950410
2,3.5,1766818950676
2,4.4,1766818950977
2,4.0,1766818951221
2,4.6,1766818951406
2,4.6,1766818951608
2,3.6,1766818951897
2,4.8,1766818952117
2,3.7,1766818952330
2,4.8,1766818952528
2,3.9,1766818952746
2,4.1,1766818952997
2,4.7,1766818953220
2,3.7,1766818953480
2,4.8,1766818953697
2,3.5,1766818953915
2,5.0,1766818954111
2,4.6,1766818954300
2,4.2,1766818954496
2,4.8,1766818954710
2,3.4,1766818955082
2,4.9,1766818955301
2,3.3,1766818955549
2,4.8,1766818955738
2,4.2,1766818955931
2,4.2,1766818956177
2,4.4,1766818956358
2,4.7,1766818956526
2,4.6,1766818956706
2,4.1,1766818956888
2,5.0,1766818957091
2,3.6,1766818957388
2,4.9,1766818957584
2,4.1,1766818957787
2,4.5,1766818957985
2,4.6,1766818958170
2,3.9,1766818958430
2,4.0,1766818958781
2,4.2,1766818959021
2,4.0,1766818959201
2,4.9,1766818959361
2,4.0,1766818959569
2,5.0,1766818959779
2,3.4,1766818960082
2,5.7,1766818960292
2,5.9,1766818960456
2,4.1,1766818960656
2,4.9,1766818960900
2,3.5,1766818961192
2,4.9,1766818961390
2,3.7,1766818961598
2,4.7,1766818961826
2,4.9,1766818962058
2,3.7,1766818962267
2,4.9,1766818962499
2,3.6,1766818962675
2,4.9,1766818962876
2,4.5,1766818963058
2,4.1,1766818963246
2,4.1,1766818963481
2,3.9,1766818963736
2,4.8,1766818963950
2,4.0,1766818964154
2,4.0,1766818964448
2,4.1,1766818964671
2,4.5,1766818964869
2,5.0,1766818965080
2,3.2,1766818965351
2,4.7,1766818965620
2,4.7,1766818965814
2,3.8,1766818966109
2,4.7,1766818966360
2,4.0,1766818966555
2,4.4,1766818966805
2,4.8,1766818967016
2,3.8,1766818967227
2,4.7,1766818967510
2,4.3,1766818967749
2,3.5,1766818968048
2,4.9,1766818968280
2,4.3,1766818968492
2,3.6,1766818968831
2,4.6,1766818969020
2,3.9,1766818969196
2,4.9,1766818969410
2,3.7,1766818969605
2,4.9,1766818969834
2,3.9,1766818970098
2,4.1,1766818970289
2,4.6,1766818970556
2,3.4,1766818970802
2,4.7,1766818971005
2,4.2,1766818971187
2,4.1,1766818971452
2,4.9,1766818971709
2,3.6,1766818971921
2,4.2,1766818972196
2,4.7,1766818972454
2,4.0,1766818972662
2,4.5,1766818972876
2,3.9,1766818973135
2,4.3,1766818973314
2,4.6,1766818973498
2,4.1,1766818973679
2,4.7,1766818973959
2,4.1,1766818974273
2,3.8,1766818974473
2,4.2,1766818974749
2,4.0,1766818974990
2,4.2,1766818975201
2,4.4,1766818975422
2,4.4,1766818975647
2,4.1,1766818975868
2,4.1,1766818976127
2,4.1,1766818976373
2,4.0,1766818976653
2,4.6,1766818976843
2,4.4,1766818977034
2,4.2,1766818977270
2,4.6,1766818977461
2,3.9,1766818977659
2,4.6,1766818977872
2,3.9,1766818978062
2,4.7,1766818978281
2,4.7,1766818978474
2,4.0,1766818978752
2,4.2,1766818979043
2,4.2,1766818979258
2,4.3,1766818979475
2,4.7,1766818979734
2,3.5,1766818980000
2,4.8,1766818980219
2,4.0,1766818980402
2,4.6,1766818980604
2,4.5,1766818980795
2,4.0,1766818981045
2,4.8,1766818981301
2,3.6,1766818981509
2,4.7,1766818981761
2,4.4,1766818981950
2,4.2,1766818982136
2,4.6,1766818982309
2,4.2,1766818982495
2,4.8,1766818982750
2,3.9,1766818983013
2,4.4,1766818983259
2,4.9,1766818983434
2,3.8,1766818983653
2,4.4,1766818984007
2,4.1,1766818984226
2,4.6,1766818984399
2,4.4,1766818984572
2,4.5,1766818984774
2,4.7,1766818985041
2,3.6,1766818985291
2,4.4,1766818985569
2,5.0,1766818985828
2,3.0,1766818986121
2,4.8,1766818986325
2,4.4,1766818986506
2,4.6,1766818986713
2,4.4,1766818986876
2,3.7,1766818987148
2,4.8,1766818987370
2,3.2,1766818987649
2,4.6,1766818987900
2,4.5,1766818988121
2,3.2,1766818988401
2,5.2,1766818988588
2,3.3,1766818988776
2,5.1,1766818988957
2,3.2,1766818989229
2,4.9,1766818989432
2,4.0,1766818989617
2,4.8,1766818989797
2,4.5,1766818989992
2,4.1,1766818990225
2,4.6,1766818990447
2,3.6,1766818990736
2,5.2,1766818990928
2,3.6,1766818991172
2,4.3,1766818991462
2,4.9,1766818991675
2,3.7,1766818991846
2,4.6,1766818992099
2,3.9,1766818992334
2,4.5,1766818992575
2,4.9,1766818992772
2,3.7,1766818992977
2,5.0,1766818993173
2,3.6,1766818993361
2,4.7,1766818993640
2,4.1,1766818993831
2,3.9,1766818994118
2,4.8,1766818994357
2,3.5,1766818994528
2,5.0,1766818994733
2,3.7,1766818994942
2,4.7,1766818995195
2,4.6,1766818995432
2,3.4,1766818995665
2,5.0,1766818995908
2,3.9,1766818996153
2,4.3,1766818996417
2,4.5,1766818996654
2,4.2,1766818996864
2,4.4,1766818997148
2,4.5,1766818997383
2,3.9,1766818997566
2,4.8,1766818997762
2,3.7,1766818997957
2,5.0,1766818998135
2,3.3,1766818998410
2,4.0,1766818998677
2,4.7,1766818998872
2,3.9,1766818999076
2,4.9,1766818999313
2,3.9,1766818999571
2,4.3,1766818999807
2,4.4,1766818999984
2,4.2,1766819000181
2,4.6,1766819000441
2,3.9,1766819000648
2,4.0,1766819000950
2,4.5,1766819001146
2,3.8,1766819001382
2,5.0,1766819001587
2,3.7,1766819001798
2,4.4,1766819002062
2,4.7,1766819002292
2,3.9,1766819002522
2,4.4,1766819002798
2,4.5,1766819003030
2,3.7,1766819003273
2,5.0,1766819003488
2,3.9,1766819003698
2,3.9,1766819004043
2,5.0,1766819004263
2,3.9,1766819004443
2,4.5,1766819004643
2,3.9,1766819004840
2,4.5,1766819005053
2,4.6,1766819005280
2,3.9,1766819005479
2,4.7,1766819005729
2,3.8,1766819005936
2,4.1,1766819006233
2,4.6,1766819006453
2,4.0,1766819006619
2,4.6,1766819006884
2,4.3,1766819007068
2,4.3,1766819007342
2,4.9,1766819007593
2,3.8,1766819007832
2,4.2,1766819008104
2,4.7,1766819008327
2,3.7,1766819008609
2,4.5,1766819008809
2,4.1,1766819009018
2,4.5,1766819009266
2,4.4,1766819009498
2,3.5,1766819009787
2,4.8,1766819010007
2,3.8,1766819010183
2,4.8,1766819010379
2,3.8,1766819010595
2,4.1,1766819010883
2,4.9,1766819011067
2,3.9,1766819011283
2,5.1,1766819011464
2,3.7,1766819011662
2,4.4,1766819011966
2,5.0,1766819012188
2,3.9,1766819012399
2,4.5,1766819012665
2,4.5,1766819012882
2,3.4,1766819013179
2,4.9,1766819013373
2,4.0,1766819013570
2,4.8,1766819013773
2,3.8,1766819014022
2,4.5,1766819014235
2,3.9,1766819014538
2,3.9,1766819014733
2,4.7,1766819014957
2,4.3,1766819015161
2,4.0,1766819015425
2,3.7,1766819015663
2,4.5,1766819015845
2,4.6,1766819016021
2,4.1,1766819016214
2,4.6,1766819016381
2,3.8,1766819016583
2,4.7,1766819016866
2,3.8,1766819017099
2,4.1,1766819017348
2,4.8,1766819017542
2,3.8,1766819017755
2,4.7,1766819018006
2,3.1,1766819018289
2,4.6,1766819018517
2,4.4,1766819018690
2,3.6,1766819019021
2,4.9,1766819019217
2,3.9,1766819019416
2,4.9,1766819019638
2,3.9,1766819019823
2,4.2,1766819020060
2,5.4,1766819020284
2,4.8,1766819020481
2,5.1,1766819020700
2,3.3,1766819020930
2,4.8,1766819021124
2,3.6,1766819021318
2,4.5,1766819021524
2,4.4,1766819021708
2,4.4,1766819021932
2,4.6,1766819022150
2,3.9,1766819022404
2,4.8,1766819022617
2,3.6,1766819022815
2,4.8,1766819023002
2,4.2,1766819023175
2,4.1,1766819023427
2,3.8,1766819023674
2,4.4,1766819023858
2,4.6,1766819024085
2,3.9,1766819024296
2,4.0,1766819024672
2,5.0,1766819024871
2,3.3,1766819025137
2,5.1,1766819025337
2,3.5,1766819025516
2,4.9,1766819025708
2,4.0,1766819025896
2,4.4,1766819026116
2,4.4,1766819026367
2,3.6,1766819026609
2,5.0,1766819026845
2,3.6,1766819027037
2,4.4,1766819027347
2,4.9,1766819027535
2,3.3,1766819027860
2,5.4,1766819028041
2,3.4,1766819028216
2,5.1,1766819028407
2,3.9,1766819028575
2,4.9,1766819028761
2,3.9,1766819028940
2,4.6,1766819029133
2,4.5,1766819029344
2,3.6,1766819029642
2,5.0,1766819029862
2,3.5,1766819030079
2,4.9,1766819030282
2,3.0,1766819030610
2,4.5,1766819030822
2,4.8,1766819031038
2,3.2,1766819031280
2,5.3,1766819031452
2,3.9,1766819031655
2,4.8,1766819031910
2,4.6,1766819032144
2,3.4,1766819032441
2,5.3,1766819032654
2,3.8,1766819032841
2,4.4,1766819033078
2,4.5,1766819033275
2,3.7,1766819033496
2,5.0,1766819033718
2,3.6,1766819033919
2,4.6,1766819034124
2,4.5,1766819034306
2,4.5,1766819034507
2,5.0,1766819034698
2,3.6,1766819035053
2,5.1,1766819035233
2,3.6,1766819035523
2,4.8,1766819035701
2,4.4,1766819035873
2,4.1,1766819036138
2,4.4,1766819036391
2,4.0,1766819036565
2,4.8,1766819036772
2,3.3,1766819037005
2,5.1,1766819037218
2,3.9,1766819037435
2,4.2,1766819037699
2,5.1,1766819037921
2,4.0,1766819038145
2,4.9,1766819038338
2,3.7,1766819038556
2,4.3,1766819038803
2,5.1,1766819038982
2,4.0,1766819039194
2,4.8,1766819039409
2,3.7,1766819039617
2,4.3,1766819039913
2,4.2,1766819040103
2,4.8,1766819040279
2,4.0,1766819040484
2,3.9,1766819040759
2,4.6,1766819041034
2,3.6,1766819041258
2,3.4,1766819041672
2,4.7,1766819041827
2,4.6,1766819041999
2,4.3,1766819042178
2,4.7,1766819042355
2,4.3,1766819042531
2,4.4,1766819042719
2,4.6,1766819042901
2,4.0,1766819043129
2,4.7,1766819043392
2,3.6,1766819043603
2,4.4,1766819043851
2,4.2,1766819044078
2,3.7,1766819044283
2,5.1,1766819044489
2,3.4,1766819044688
2,4.8,1766819044916
2,4.3,1766819045129
2,3.8,1766819045322
2,4.4,1766819045537
2,3.5,1766819045802
2,4.6,1766819046002
2,3.9,1766819046167
2,5.2,1766819046348
2,3.6,1766819046542
2,4.1,1766819046849
2,3.9,1766819047048
2,4.1,1766819047300
2,4.8,1766819047531
2,3.7,1766819047754
2,4.1,1766819048031
2,5.1,1766819048256
2,3.4,1766819048530
2,5.0,1766819048743
2,3.9,1766819048938
2,3.9,1766819049156
2,4.7,1766819049468
2,3.6,1766819049740
2,5.2,1766819049916
2,3.9,1766819050126
2,4.2,1766819050361
2,4.6,1766819050565
2,3.9,1766819050775
2,4.6,1766819050982
2,4.1,1766819051180
2,4.3,1766819051437
2,4.8,1766819051668
2,3.4,1766819051920
2,5.0,1766819052110
2,3.9,1766819052328
2,4.5,1766819052540
2,4.2,1766819052747
2,4.1,1766819053017
2,4.8,1766819053263
2,4.1,1766819053471
2,4.0,1766819053718
2,4.0,1766819053935
2,4.4,1766819054129
2,4.5,1766819054356
2,3.7,1766819054567
2,4.8,1766819054803
2,3.3,1766819055058
2,4.6,1766819055293
2,4.6,1766819055515
2,3.4,1766819055918
2,5.3,1766819056090
2,3.9,1766819056293
2,4.5,1766819056484
2,4.7,1766819056702
2,4.1,1766819056935
2,4.3,1766819057248
2,4.1,1766819057445
2,4.1,1766819057679
2,4.6,1766819057957
2,3.7,1766819058174
2,4.6,1766819058392
2,4.1,1766819058587
2,4.6,1766819058787
2,4.6,1766819058987
2,3.6,1766819059250
2,5.0,1766819059440
2,3.8,1766819059632
2,5.0,1766819059898
2,4.7,1766819060116
2,3.7,1766819060400
2,5.1,1766819060600
2,3.7,1766819060835
2,4.6,1766819061080
2,3.7,1766819061271
2,4.3,1766819061562
2,5.0,1766819061754
2,3.5,1766819062006
2,4.6,1766819062257
2,4.1,1766819062465
2,3.9,1766819062784
2,4.9,1766819063015
2,4.1,1766819063200
2,5.0,1766819063407
2,4.0,1766819063606
2,4.1,1766819063863
2,4.7,1766819064068
2,3.9,1766819064250
2,4.9,1766819064457
2,3.9,1766819064688
2,4.4,1766819064901
2,4.6,1766819065161
2,3.2,1766819065422
2,4.6,1766819065644
2,4.5,1766819065833
2,4.1,1766819066058
2,5.0,1766819066288
2,3.4,1766819066515
2,4.9,1766819066782
2,4.2,1766819067043
2,3.3,1766819067380
2,4.9,1766819067567
2,3.3,1766819067764
2,5.0,1766819067986
2,4.0,1766819068164
2,4.5,1766819068385
2,4.6,1766819068582
2,4.1,1766819068794
2,5.0,1766819069061
2,4.4,1766819069302
2,3.8,1766819069588
2,4.6,1766819069884
2,3.9,1766819070103
2,4.4,1766819070315
2,4.1,1766819070485
2,4.4,1766819070702
2,4.5,1766819071024
2,4.4,1766819071231
2,3.8,1766819071528
2,5.0,1766819071746
2,4.3,1766819071913
2,4.6,1766819072147
2,4.8,1766819072354
2,3.6,1766819072602
2,5.0,1766819072820
2,3.4,1766819073052
2,4.9,1766819073261
2,3.7,1766819073470
2,4.5,1766819073680
2,4.3,1766819073892
2,3.8,1766819074133
2,4.6,1766819074403
2,3.8,1766819074620
2,4.5,1766819074877
2,4.8,1766819075162
2,3.6,1766819075359
2,4.9,1766819075542
2,3.7,1766819075711
2,4.8,1766819075893
2,4.1,1766819076083
2,4.3,1766819076318
2,4.1,1766819076610
2,3.8,1766819076776
2,5.0,1766819076971
2,3.5,1766819077157
2,4.2,1766819077505
2,4.9,1766819077707
2,3.9,1766819077907
2,4.5,1766819078200
2,4.7,1766819078428
2,3.9,1766819078618
2,5.0,1766819078833
2,3.5,1766819079108
2,4.6,1766819079364
2,4.0,1766819079589
2,4.3,1766819079812
2,4.7,1766819080064
2,4.6,1766819080287
2,5.9,1766819080526
2,4.1,1766819080717
2,4.3,1766819080992
2,4.9,1766819081208
2,4.0,1766819081407
2,4.3,1766819081633
2,4.4,1766819081864
2,3.9,1766819082141
2,4.4,1766819082351
2,4.2,1766819082530
2,4.3,1766819082724
2,3.8,1766819083096
2,4.4,1766819083332
2,4.0,1766819083556
2,4.2,1766819083794
2,4.2,1766819083967
2,4.8,1766819084165
2,3.9,1766819084352
2,4.6,1766819084545
2,3.7,1766819084746
2,4.6,1766819084956
2,4.1,1766819085142
2,3.9,1766819085415
2,4.6,1766819085658
2,3.7,1766819085845
2,4.7,1766819086087
2,3.9,1766819086314
2,4.3,1766819086548
2,4.7,1766819086746
2,3.7,1766819087013
2,4.7,1766819087237
2,4.2,1766819087425
2,4.5,1766819087632
2,4.3,1766819087812
2,4.5,1766819088003
2,4.3,1766819088223
2,4.0,1766819088499
2,4.3,1766819088730
2,4.1,1766819088965
2,4.4,1766819089186
2,3.9,1766819089444
2,4.3,1766819089697
2,4.4,1766819089877
2,4.7,1766819090075
2,4.4,1766819090311
2,3.8,1766819090613
2,4.5,1766819090859
2,4.1,1766819091055
2,4.2,1766819091268
2,4.6,1766819091490
2,3.8,1766819091779
2,4.7,1766819091996
2,4.1,1766819092218
2,4.3,1766819092479
2,4.7,1766819092693
2,4.0,1766819092939
2,4.7,1766819093178
2,3.9,1766819093384
2,4.1,1766819093693
2,4.7,1766819093921
2,3.6,1766819094159
2,4.8,1766819094345
2,3.9,1766819094528
2,4.3,1766819094760
2,4.6,1766819095011
2,3.7,1766819095268
2,5.0,1766819095482
2,4.5,1766819095668
2,4.3,1766819095909
2,5.0,1766819096148
2,3.6,1766819096377
2,4.5,1766819096643
2,4.9,1766819096851
2,3.8,1766819097052
2,4.7,1766819097251
2,4.0,1766819097430
2,4.9,1766819097632
2,3.5,1766819097846
2,4.6,1766819098091
2,4.5,1766819098305
2,3.7,1766819098593
2,4.9,1766819098793
2,3.8,1766819098986
2,5.1,1766819099179
2,4.1,1766819099378
2,4.8,1766819099576
2,4.2,1766819099782
2,4.0,1766819100043
2,3.9,1766819100294
2,4.8,1766819100467
2,4.7,1766819100681
2,3.5,1766819100962
2,5.1,1766819101156
2,4.3,1766819101331
2,4.3,1766819101561
2,4.3,1766819101813
2,3.5,1766819102087
2,4.8,1766819102339
2,4.3,1766819102558
2,3.9,1766819102788
2,5.0,1766819103011
2,3.4,1766819103243
2,5.1,1766819103437
2,4.1,1766819103627
2,4.2,1766819103874
2,4.5,1766819104069
2,4.1,1766819104285
2,5.0,1766819104496
2,3.3,1766819104814
2,5.0,1766819105017
2,4.0,1766819105230
2,4.4,1766819105446
2,4.8,1766819105635
2,3.4,1766819105925
2,4.7,1766819106138
2,3.7,1766819106384
2,4.6,1766819106604
2,4.7,1766819106816
2,4.4,1766819107027
2,4.7,1766819107286
2,3.8,1766819107514
2,4.9,1766819107716
2,4.0,1766819107885
2,4.2,1766819108162
2,4.7,1766819108374
2,3.7,1766819108666
2,4.9,1766819108866
2,3.8,1766819109059
2,4.4,1766819109325
2,4.9,1766819109512
2,3.8,1766819109752
2,4.8,1766819110015
2,3.9,1766819110203
2,4.3,1766819110457
2,4.6,1766819110685
2,4.0,1766819110849
2,5.2,1766819111032
2,3.4,1766819111292
2,4.7,1766819111540
2,3.8,1766819111735
2,4.5,1766819111953
2,4.9,1766819112170
2,3.5,1766819112386
2,4.6,1766819112655
2,3.2,1766819112941
2,4.6,1766819113114
2,4.3,1766819113369
2,4.3,1766819113581
2,5.1,1766819113772
2,3.4,1766819114063
2,5.0,1766819114246
2,3.7,1766819114444
2,4.8,1766819114655
2,3.8,1766819114837
2,4.4,1766819115036
2,4.1,1766819115262
2,3.7,1766819115568
2,4.8,1766819115748
2,3.8,1766819115927
2,5.0,1766819116145
2,3.6,1766819116347
2,4.5,1766819116613
2,4.3,1766819116830
2,4.1,1766819117057
2,5.0,1766819117276
2,4.0,1766819117488
2,4.3,1766819117701
2,4.1,1766819117889
2,4.1,1766819118130
2,5.0,1766819118307
2,3.7,1766819118533
2,4.6,1766819118806
2,3.6,1766819119029
2,5.1,1766819119212
2,3.7,1766819119405
2,4.2,1766819119705
2,4.8,1766819119942
2,3.9,1766819120112
2,4.9,1766819120301
2,3.7,1766819120481
2,4.6,1766819120719
2,4.2,1766819120918
2,4.2,1766819121182
2,4.1,1766819121516
2,4.1,1766819121745
2,4.0,1766819121945
2,4.3,1766819122127
2,4.4,1766819122328
2,4.3,1766819122530
2,3.9,1766819122730
2,5.1,1766819122921
2,3.8,1766819123096
2,4.8,1766819123304
2,4.2,1766819123501
2,4.2,1766819123740
2,5.2,1766819123955
2,3.5,1766819124160
2,4.5,1766819124453
2,3.5,1766819124717
2,4.6,1766819124923
2,4.6,1766819125097
2,3.4,1766819125459
2,5.0,1766819125650
2,3.1,1766819125907
2,5.1,1766819126105
2,3.7,1766819126287
2,5.2,1766819126475
2,4.3,1766819126688
2,3.9,1766819126885
2,4.6,1766819127077
2,4.5,1766819127294
2,4.5,1766819127489
2,3.6,1766819127749
2,4.9,1766819127972
2,3.6,1766819128144
2,4.9,1766819128329
2,3.7,1766819128506
2,4.6,1766819128704
2,3.5,1766819128983
2,4.5,1766819129189
2,4.5,1766819129367
2,4.4,1766819129571
2,4.9,1766819129760
2,4.3,1766819129943
2,4.7,1766819130184
2,2.8,1766819130503
2,5.0,1766819130708
2,4.1,1766819130878
2,4.2,1766819131148
2,4.9,1766819131348
2,3.5,1766819131570
2,4.9,1766819131813
2,4.2,1766819131998
2,4.5,1766819132253
2,4.7,1766819132487
2,3.7,1766819132726
2,4.7,1766819132958
2,4.4,1766819133201
2,3.3,1766819133557
2,5.4,1766819133717
2,3.8,1766819133911
2,4.6,1766819134217
2,3.9,1766819134425
2,4.2,1766819134646
2,4.7,1766819134909
2,3.7,1766819135120
2,4.9,1766819135357
2,4.2,1766819135536
2,4.1,1766819135836
2,5.0,1766819136040
2,3.6,1766819136237
2,4.5,1766819136535
2,4.6,1766819136717
2,4.4,1766819136900
2,4.7,1766819137083
3,3.6,1766819137302
3,4.8,1766819137488
3,3.7,1766819137682
3,4.8,1766819137868
3,3.4,1766819138182
3,4.9,1766819138365
3,4.1,1766819138527
3,4.4,1766819138769
3,4.4,1766819138961
3,4.3,1766819139169
3,4.7,1766819139392
3,4.0,1766819139723
3,4.1,1766819139951
3,4.6,1766819140189
3,5.6,1766819140393
3,4.4,1766819140619
3,4.5,1766819140807
3,4.2,1766819141051
3,4.0,1766819141276
3,4.6,1766819141508
3,4.6,1766819141707
3,4.1,1766819141909
3,4.3,1766819142198
3,3.8,1766819142411
3,4.5,1766819142634
3,4.3,1766819142869
3,4.1,1766819143070
3,4.5,1766819143293
3,3.9,1766819143480
3,4.8,1766819143677
3,4.0,1766819143888
3,4.2,1766819144110
3,4.6,1766819144307
3,3.9,1766819144574
3,5.0,1766819144770
3,3.3,1766819144977
3,4.7,1766819145221
3,4.1,1766819145455
3,4.0,1766819145716
3,5.0,1766819145934
3,3.8,1766819146122
3,4.7,1766819146357
3,4.4,1766819146547
3,4.0,1766819146786
3,4.7,1766819147032
3,3.7,1766819147260
3,4.8,1766819147460
3,4.4,1766819147633
3,4.3,1766819147830
3,4.8,1766819148017
3,3.7,1766819148280
3,4.6,1766819148482
3,3.6,1766819148657
3,5.1,1766819148874
3,3.7,1766819149056
3,4.4,1766819149286
3,3.8,1766819149508
3,4.6,1766819149703
3,3.9,1766819149890
3,4.5,1766819150085
3,4.7,1766819150294
3,3.4,1766819150540
3,5.1,1766819150741
3,3.9,1766819150921
3,5.1,1766819151118
3,3.7,1766819151292
3,4.9,1766819151492
3,4.5,1766819151702
3,3.8,1766819151977
3,5.0,1766819152179
3,3.3,1766819152425
3,3.8,1766819152783
3,4.3,1766819152955
3,4.8,1766819153122
3,4.0,1766819153311
3,4.0,1766819153542
3,4.2,1766819153761
3,4.2,1766819153960
3,4.9,1766819154168
3,3.8,1766819154343
3,4.6,1766819154602
3,3.9,1766819154807
3,4.7,1766819154990
3,3.9,1766819155185
3,4.9,1766819155385
3,4.5,1766819155633
3,3.9,1766819155857
3,4.7,1766819156098
3,3.7,1766819156294
3,4.5,1766819156524
3,4.1,1766819156726
3,3.8,1766819157015
3,4.9,1766819157238
3,4.0,1766819157407
3,5.1,1766819157614
3,3.9,1766819157793
3,4.0,1766819158111
3,4.6,1766819158307
3,4.2,1766819158497
3,4.6,1766819158706
3,3.3,1766819158963
3,5.5,1766819159150
3,3.6,1766819159362
3,4.6,1766819159603
3,4.4,1766819159802
3,3.9,1766819160028
3,4.5,1766819160245
3,3.8,1766819160414
3,5.1,1766819160595
3,3.6,1766819160800
3,4.9,1766819161016
3,4.0,1766819161208
3,4.9,1766819161410
3,4.1,1766819161610
3,3.8,1766819161908
3,5.2,1766819162110
3,3.6,1766819162356
3,5.1,1766819162545
3,3.3,1766819162822
3,4.8,1766819163005
3,3.9,1766819163192
3,4.6,1766819163388
3,5.0,1766819163671
3,3.3,1766819163920
3,4.9,1766819164127
3,4.4,1766819164319
3,3.7,1766819164613
3,4.8,1766819164889
3,4.2,1766819165133
3,3.3,1766819165427
3,5.0,1766819165618
3,4.1,1766819165790
3,4.9,1766819165969
3,3.6,1766819166232
3,4.5,1766819166462
3,4.8,1766819166656
3,3.8,1766819166830
3,5.0,1766819167073
3,3.9,1766819167316
3,4.4,1766819167506
3,4.7,1766819167684
3,3.2,1766819167997
3,4.9,1766819168178
3,4.1,1766819168362
3,5.3,1766819168543
3,3.6,1766819168712
3,4.8,1766819168916
3,3.5,1766819169120
3,4.9,1766819169309
3,4.1,1766819169556
3,3.8,1766819169779
3,5.0,1766819169968
3,4.1,1766819170147
3,4.8,1766819170341
3,3.6,1766819170552
3,4.2,1766819170810
3,3.9,1766819171030
3,4.4,1766819171219
3,3.9,1766819171395
3,4.6,1766819171570
3,4.8,1766819171827
3,3.4,1766819172056
3,4.5,1766819172344
3,4.6,1766819172545
3,3.7,1766819172813
3,4.9,1766819173025
3,3.7,1766819173198
3,4.8,1766819173385
3,4.3,1766819173563
3,4.1,1766819173813
3,4.7,1766819174083
3,3.2,1766819174334
3,4.7,1766819174522
3,4.1,1766819174728
3,4.0,1766819174994
3,4.8,1766819175202
3,3.9,1766819175396
3,5.2,1766819175598
3,3.8,1766819175777
3,5.2,1766819175957
3,3.3,1766819176197
3,4.8,1766819176409
3,3.6,1766819176611
3,4.6,1766819176813
3,4.3,1766819176993
3,3.6,1766819177321
3,4.7,1766819177504
3,4.3,1766819177674
3,4.9,1766819177892
3,3.6,1766819178127
3,4.8,1766819178316
3,3.7,1766819178497
3,4.2,1766819178761
3,4.8,1766819178957
3,3.6,1766819179218
3,5.4,1766819179422
3,3.2,1766819179617
3,5.6,1766819179788
3,3.7,1766819179950
3,4.9,1766819180152
3,3.9,1766819180351
3,4.3,1766819180575
3,4.5,1766819180757
3,4.3,1766819180945
3,4.9,1766819181199
3,3.8,1766819181390
3,4.4,1766819181682
3,4.8,1766819181918
3,3.7,1766819182119
3,5.3,1766819182295
3,3.5,1766819182518
3,4.7,1766819182768
3,4.5,1766819182999
3,3.6,1766819183223
3,4.6,1766819183485
3,3.8,1766819183728
3,4.4,1766819183933
3,4.5,1766819184121
3,4.2,1766819184293
3,4.9,1766819184483
3,4.0,1766819184660
3,4.6,1766819184935
3,3.6,1766819185147
3,4.5,1766819185384
3,4.6,1766819185623
3,3.3,1766819185912
3,5.1,1766819186094
3,3.7,1766819186255
3,5.1,1766819186433
3,4.1,1766819186591
3,5.2,1766819186779
3,3.7,1766819186987
3,4.2,1766819187256
3,4.3,1766819187515
3,3.8,1766819187723
3,4.6,1766819187991
3,3.9,1766819188197
3,4.1,1766819188411
3,4.6,1766819188646
3,3.9,1766819188817
3,5.2,1766819189027
3,3.9,1766819189238
3,4.3,1766819189469
3,4.3,1766819189664
3,3.8,1766819189880
3,4.6,1766819190083
3,4.4,1766819190267
3,4.6,1766819190512
3,3.2,1766819190780
3,4.8,1766819190972
3,4.0,1766819191148
3,4.5,1766819191375
3,4.5,1766819191568
3,4.1,1766819191738
3,4.5,1766819191973
3,3.5,1766819192168
3,5.3,1766819192370
3,3.6,1766819192551
3,5.1,1766819192736
3,3.7,1766819192905
3,4.8,1766819193090
3,3.5,1766819193363
3,4.5,1766819193548
3,4.3,1766819193736
3,4.7,1766819193891
3,4.6,1766819194136
3,3.6,1766819194460
3,5.3,1766819194650
3,4.0,1766819194852
3,4.7,1766819195042
3,4.9,1766819195242
3,3.7,1766819195479
3,4.3,1766819195765
3,4.1,1766819195951
3,4.7,1766819196159
3,4.7,1766819196408
3,3.7,1766819196626
3,4.8,1766819196879
3,4.3,1766819197125
3,3.7,1766819197371
3,4.8,1766819197600
3,3.7,1766819197766
3,4.8,1766819197992
3,4.6,1766819198256
3,3.4,1766819198511
3,4.9,1766819198725
3,4.4,1766819198951
3,3.5,1766819199173
3,5.0,1766819199372
3,3.8,1766819199559
3,5.2,1766819199743
3,3.7,1766819199936
3,4.9,1766819200153
3,4.4,1766819200369
3,6.3,1766819200553
3,5.2,1766819200732
3,3.8,1766819201093
3,4.9,1766819201314
3,3.7,1766819201487
3,4.7,1766819201716
3,3.8,1766819201926
3,4.6,1766819202118
3,3.9,1766819202345
3,4.3,1766819202538
3,4.9,1766819202739
3,3.8,1766819202960
3,4.9,1766819203152
3,3.7,1766819203333
3,5.4,1766819203499
3,3.9,1766819203670
3,5.2,1766819203862
3,3.5,1766819204054
3,4.7,1766819204255
3,3.8,1766819204451
3,4.9,1766819204644
3,4.4,1766819204827
3,3.8,1766819205138
3,4.9,1766819205342
3,4.2,1766819205528
3,4.6,1766819205797
3,3.7,1766819205993
3,4.7,1766819206188
3,4.0,1766819206405
3,4.4,1766819206630
3,4.8,1766819206847
3,3.4,1766819207100
3,4.8,1766819207309
3,3.9,1766819207469
3,4.7,1766819207662
3,4.2,1766819207835
3,4.4,1766819208026
3,4.4,1766819208220
3,3.9,1766819208447
3,4.9,1766819208641
3,3.7,1766819208842
3,5.3,1766819209035
3,4.0,1766819209230
3,4.3,1766819209523
3,4.5,1766819209789
3,3.6,1766819210026
3,4.7,1766819210222
3,4.5,1766819210413
3,4.0,1766819210609
3,5.2,1766819210794
3,4.0,1766819210991
3,4.9,1766819211203
3,3.3,1766819211489
3,4.8,1766819211668
3,4.4,1766819211831
3,4.8,1766819212008
3,4.1,1766819212208
3,3.7,1766819212516
3,4.9,1766819212717
3,3.6,1766819212893
3,4.7,1766819213122
3,4.2,1766819213365
3,4.3,1766819213596
3,4.8,1766819213850
3,4.2,1766819214030
3,4.1,1766819214331
3,4.8,1766819214563
3,3.6,1766819214836
3,5.0,1766819215028
3,4.4,1766819215210
3,4.5,1766819215402
3,4.4,1766819215610
3,3.7,1766819215809
3,4.8,1766819216047
3,3.9,1766819216219
3,5.1,1766819216413
3,3.4,1766819216748
3,4.9,1766819216953
3,4.1,1766819217139
3,4.4,1766819217346
3,4.5,1766819217556
3,3.4,1766819217830
3,5.1,1766819218037
3,4.0,1766819218234
3,4.5,1766819218434
3,4.1,1766819218637
3,4.4,1766819218840
3,4.5,1766819219014
3,4.2,1766819219176
3,4.6,1766819219369
3,3.8,1766819219580
3,5.1,1766819219760
3,3.5,1766819219985
3,4.4,1766819220239
3,4.5,1766819220470
3,4.1,1766819220676
3,5.0,1766819220871
3,3.5,1766819221040
3,4.3,1766819221280
3,3.8,1766819221496
3,4.8,1766819221684
3,4.3,1766819221905
3,4.4,1766819222063
3,4.6,1766819222283
3,3.4,1766819222535
3,5.0,1766819222747
3,3.8,1766819222971
3,4.5,1766819223193
3,4.8,1766819223370
3,4.4,1766819223555
3,4.3,1766819223807
3,3.7,1766819224059
3,4.9,1766819224242
3,3.7,1766819224445
3,4.4,1766819224639
3,4.0,1766819224912
3,4.2,1766819225103
3,5.1,1766819225268
3,4.3,1766819225476
3,4.7,1766819225688
3,3.8,1766819225868
3,5.0,1766819226071
3,4.3,1766819226287
3,4.0,1766819226542
3,4.7,1766819226732
3,4.2,1766819226927
3,4.5,1766819227141
3,3.9,1766819227342
3,4.4,1766819227594
3,4.4,1766819227799
3,4.0,1766819228036
3,4.8,1766819228281
3,3.8,1766819228491
3,4.7,1766819228694
3,4.7,1766819228905
3,3.8,1766819229089
3,5.0,1766819229269
3,3.9,1766819229461
3,5.0,1766819229683
3,3.9,1766819229882
3,4.0,1766819230151
3,4.7,1766819230363
3,3.8,1766819230539
3,5.0,1766819230728
3,3.4,1766819230938
3,5.1,1766819231117
3,4.2,1766819231315
3,4.5,1766819231564
3,4.9,1766819231744
3,4.0,1766819231961
3,4.7,1766819232186
3,3.4,1766819232453
3,4.9,1766819232649
3,4.3,1766819232835
3,4.6,1766819233013
3,4.2,1766819233174
3,4.1,1766819233401
3,4.1,1766819233643
3,4.2,1766819233833
3,5.0,1766819234021
3,3.9,1766819234218
3,4.8,1766819234427
3,3.6,1766819234621
3,4.2,1766819234926
3,4.3,1766819235169
3,3.5,1766819235369
3,5.5,1766819235537
3,3.3,1766819235777
3,5.1,1766819235965
3,4.1,1766819236142
3,4.4,1766819236382
3,4.2,1766819236573
3,4.7,1766819236736
3,4.1,1766819236913
3,4.5,1766819237126
3,4.6,1766819237356
3,3.7,1766819237563
3,5.0,1766819237796
3,4.2,1766819237973
3,4.8,1766819238176
3,4.9,1766819238453
3,3.1,1766819238734
3,5.2,1766819238909
3,3.6,1766819239093
3,4.9,1766819239340
3,4.7,1766819239521
3,3.9,1766819239768
3,5.2,1766819239964
3,3.4,1766819240171
3,4.6,1766819240405
3,4.2,1766819240623
3,4.5,1766819240837
3,4.8,1766819241021
3,4.0,1766819241254
3,5.3,1766819241447
3,3.4,1766819241643
3,4.4,1766819241918
3,4.1,1766819242195
3,4.0,1766819242364
3,5.4,1766819242546
3,3.9,1766819242708
3,5.2,1766819242887
3,3.6,1766819243104
3,5.2,1766819243287
3,4.1,1766819243488
3,4.5,1766819243708
3,4.6,1766819243897
3,3.3,1766819244275
3,5.1,1766819244470
3,3.7,1766819244643
3,4.4,1766819244835
3,4.2,1766819245008
3,4.2,1766819245215
3,4.5,1766819245406
3,3.4,1766819245629
3,4.6,1766819245846
3,4.2,1766819246035
3,4.5,1766819246224
3,3.7,1766819246450
3,4.3,1766819246694
3,4.5,1766819246914
3,4.2,1766819247111
3,4.6,1766819247311
3,4.0,1766819247511
3,4.7,1766819247693
3,4.2,1766819247888
3,4.4,1766819248136
3,3.9,1766819248325
3,4.5,1766819248560
3,4.7,1766819248762
3,3.6,1766819249035
3,4.8,1766819249250
3,4.1,1766819249455
3,4.1,1766819249724
3,5.1,1766819249935
3,3.4,1766819250127
3,4.8,1766819250344
3,4.1,1766819250533
3,4.6,1766819250732
3,4.7,1766819250974
3,3.5,1766819251228
3,4.6,1766819251480
3,4.2,1766819251688
3,4.3,1766819251885
3,4.8,1766819252087
3,3.4,1766819252312
3,5.2,1766819252502
3,3.5,1766819252716
3,4.4,1766819252924
3,4.4,1766819253093
3,4.5,1766819253269
3,4.5,1766819253448
3,4.1,1766819253662
3,4.6,1766819253952
3,3.7,1766819254145
3,4.5,1766819254413
3,4.5,1766819254626
3,3.5,1766819254825
3,5.0,1766819255035
3,3.6,1766819255232
3,4.7,1766819255426
3,3.8,1766819255687
3,3.9,1766819255901
3,4.7,1766819256117
3,3.9,1766819256314
3,5.1,1766819256536
3,4.6,1766819256760
3,3.9,1766819256966
3,4.6,1766819257243
3,4.4,1766819257424
3,4.2,1766819257702
3,4.6,1766819257953
3,4.0,1766819258162
3,4.3,1766819258428
3,4.8,1766819258631
3,3.7,1766819258824
3,5.0,1766819259032
3,3.8,1766819259234
3,5.0,1766819259418
3,4.2,1766819259588
3,4.4,1766819259793
3,3.6,1766819260008
3,5.6,1766819260204
3,6.0,1766819260390
3,4.7,1766819260606
3,4.5,1766819260816
3,4.1,1766819261017
3,4.5,1766819261283
3,4.1,1766819261518
3,4.1,1766819261743
3,4.9,1766819261927
3,3.4,1766819262146
3,4.9,1766819262381
3,3.8,1766819262548
3,4.6,1766819262787
3,4.1,1766819263008
3,4.1,1766819263249
3,4.9,1766819263422
3,4.0,1766819263591
3,4.7,1766819263776
3,4.2,1766819263957
3,4.4,1766819264176
3,4.2,1766819264359
3,4.4,1766819264584
3,4.4,1766819264781
3,3.9,1766819265035
3,4.7,1766819265300
3,3.8,1766819265522
3,4.1,1766819265762
3,4.2,1766819265965
3,4.2,1766819266180
3,4.7,1766819266374
3,3.6,1766819266633
3,5.2,1766819266826
3,3.7,1766819267017
3,4.6,1766819267270
3,4.3,1766819267459
3,4.3,1766819267659
3,4.7,1766819267827
3,3.9,1766819268051
3,4.5,1766819268284
3,4.2,1766819268462
3,4.5,1766819268672
3,4.4,1766819268861
3,4.1,1766819269108
3,4.9,1766819269291
3,3.8,1766819269547
3,4.8,1766819269785
3,4.2,1766819269971
3,4.2,1766819270222
3,4.4,1766819270512
3,4.0,1766819270713
3,4.8,1766819270907
3,4.2,1766819271096
3,3.8,1766819271349
3,4.4,1766819271528
3,3.9,1766819271750
3,4.8,1766819271966
3,3.9,1766819272150
3,5.0,1766819272331
3,4.2,1766819272575
3,4.2,1766819272838
3,4.2,1766819273135
3,4.3,1766819273310
3,3.9,1766819273550
3,4.8,1766819273778
3,3.4,1766819274011
3,4.6,1766819274245
3,4.3,1766819274447
3,4.0,1766819274722
3,4.7,1766819274960
3,3.6,1766819275157
3,4.5,1766819275396
3,3.9,1766819275644
3,4.1,1766819275833
3,4.9,1766819276047
3,3.7,1766819276240
3,5.2,1766819276446
3,3.5,1766819276632
3,4.8,1766819276845
3,4.5,1766819277068
3,3.8,1766819277297
3,4.8,1766819277504
3,3.8,1766819277684
3,4.6,1766819277907
3,4.2,1766819278071
3,4.0,1766819278289
3,4.9,1766819278489
3,3.8,1766819278675
3,4.9,1766819278888
3,3.7,1766819279084
3,4.5,1766819279312
3,4.5,1766819279506
3,3.9,1766819279787
3,4.8,1766819279985
3,3.5,1766819280228
3,4.8,1766819280435
3,4.1,1766819280649
3,4.4,1766819280866
3,4.3,1766819281167
3,3.8,1766819281350
3,4.4,1766819281576
3,4.5,1766819281796
3,3.9,1766819281990
3,5.1,1766819282168
3,3.6,1766819282392
3,4.9,1766819282591
3,3.9,1766819282754
3,4.4,1766819282978
3,3.7,1766819283241
3,4.6,1766819283440
3,4.6,1766819283607
3,4.1,1766819283814
3,5.1,1766819283986
3,3.9,1766819284192
3,4.7,1766819284413
3,3.9,1766819284644
3,4.6,1766819284871
3,4.5,1766819285073
3,4.0,1766819285260
3,4.9,1766819285504
3,3.8,1766819285724
3,4.7,1766819285958
3,4.4,1766819286149
3,4.0,1766819286418
3,4.5,1766819286664
3,4.4,1766819286860
3,3.9,1766819287110
3,4.6,1766819287307
3,3.7,1766819287496
3,5.0,1766819287699
3,3.8,1766819287884
3,5.2,1766819288077
3,3.6,1766819288279
3,4.8,1766819288467
3,3.5,1766819288653
3,4.7,1766819288850
3,4.2,1766819289058
3,4.0,1766819289310
3,5.0,1766819289493
3,3.6,1766819289696
3,4.9,1766819289904
3,4.4,1766819290098
3,4.0,1766819290357
3,5.2,1766819290560
3,3.5,1766819290754
3,5.0,1766819290973
3,3.7,1766819291190
3,4.0,1766819291464
3,4.1,1766819291639
3,4.6,1766819291832
3,4.2,1766819292011
3,4.4,1766819292180
3,4.3,1766819292340
3,4.2,1766819292564
3,4.5,1766819292750
3,4.5,1766819292939
3,4.7,1766819293213
3,3.5,1766819293474
3,5.1,1766819293648
3,3.6,1766819293834
3,4.9,1766819294026
3,4.1,1766819294219
3,4.1,1766819294435
3,4.4,1766819294701
3,3.3,1766819294931
3,4.9,1766819295137
3,4.2,1766819295351
3,4.4,1766819295537
3,4.6,1766819295722
3,4.2,1766819295924
3,4.6,1766819296109
3,3.9,1766819296322
3,5.0,1766819296504
3,3.8,1766819296683
3,5.3,1766819296864
3,3.6,1766819297074
3,4.6,1766819297304
3,4.1,1766819297533
3,3.9,1766819297741
3,5.0,1766819297951
3,3.9,1766819298147
3,4.9,1766819298338
3,4.3,1766819298542
3,4.4,1766819298753
3,4.6,1766819299039
3,4.0,1766819299268
3,3.6,1766819299624
3,4.9,1766819299819
3,3.6,1766819300082
3,4.9,1766819300278
3,3.6,1766819300454
3,4.7,1766819300655
3,4.6,1766819300854
3,4.3,1766819301022
3,4.6,1766819301202
3,3.9,1766819301425
3,4.9,1766819301652
3,3.8,1766819301851
3,4.6,1766819302074
3,3.3,1766819302336
3,5.0,1766819302513
3,4.2,1766819302696
3,4.6,1766819302875
3,5.0,1766819303065
3,3.9,1766819303349
3,5.0,1766819303595
3,4.3,1766819303778
3,4.5,1766819303981
3,4.1,1766819304187
3,4.1,1766819304377
3,4.9,1766819304586
3,3.6,1766819304767
3,5.1,1766819304952
3,3.0,1766819305215
3,5.2,1766819305408
3,3.8,1766819305604
3,4.9,1766819305812
3,4.5,1766819306039
3,3.4,1766819306388
3,5.0,1766819306622
3,4.5,1766819306790
3,4.1,1766819307026
3,4.4,1766819307225
3,4.3,1766819307387
3,4.6,1766819307589
3,4.0,1766819307779
3,4.8,1766819307998
3,3.5,1766819308261
3,4.6,1766819308506
3,3.9,1766819308693
3,4.9,1766819308869
3,3.8,1766819309123
3,4.7,1766819309297
3,4.3,1766819309492
3,4.3,1766819309668
3,4.4,1766819309863
3,4.3,1766819310071
3,4.2,1766819310264
3,4.2,1766819310514
3,4.3,1766819310749
3,4.3,1766819310917
3,4.4,1766819311176
3,4.8,1766819311367
3,3.6,1766819311569
3,4.9,1766819311787
3,3.7,1766819311980
3,5.3,1766819312171
3,4.2,1766819312356
3,4.1,1766819312585
3,4.7,1766819312784
3,3.9,1766819312991
3,4.9,1766819313191
3,4.0,1766819313400
3,4.3,1766819313594
3,4.7,1766819313805
3,4.2,1766819313984
3,5.1,1766819314215
3,3.3,1766819314469
3,4.8,1766819314672
3,4.3,1766819314859
3,4.3,1766819315054
3,4.7,1766819315251
3,3.5,1766819315473
3,4.6,1766819315727
3,4.5,1766819316024
3,3.4,1766819316326
3,4.6,1766819316551
3,4.8,1766819316751
3,3.7,1766819316949
3,4.9,1766819317190
3,4.2,1766819317363
3,4.5,1766819317605
3,4.5,1766819317840
3,3.4,1766819318056
3,4.7,1766819318295
3,3.6,1766819318509
3,4.3,1766819318781
3,4.8,1766819318998
3,3.3,1766819319290
3,4.5,1766819319548
3,4.5,1766819319728
3,4.1,1766819319967
3,5.2,1766819320153
3,5.2,1766819320338
3,5.9,1766819320536
3,3.3,1766819320797
3,4.9,1766819320999
3,3.7,1766819321203
3,4.9,1766819321389
3,4.3,1766819321572
3,4.4,1766819321775
3,4.7,1766819322056
3,3.4,1766819322274
3,4.7,1766819322573
3,4.2,1766819322903
3,4.3,1766819323125
3,4.6,1766819323306
3,4.6,1766819323517
3,3.8,1766819323704
3,4.8,1766819323895
3,3.8,1766819324102
3,4.7,1766819324314
3,4.3,1766819324509
3,4.7,1766819324710
3,4.8,1766819324904
3,3.4,1766819325149
3,5.0,1766819325363
3,3.8,1766819325598
3,4.5,1766819325802
3,4.9,1766819325987
3,4.0,1766819326201
3,4.9,1766819326410
3,3.4,1766819326623
3,4.9,1766819326853
3,3.6,1766819327037
3,4.7,1766819327249
3,4.4,1766819327435
3,3.9,1766819327677
3,4.9,1766819327926
3,3.1,1766819328267
3,5.3,1766819328442
3,4.1,1766819328615
3,4.7,1766819328829
3,4.5,1766819329034
3,4.3,1766819329214
3,5.0,1766819329428
3,3.0,1766819329713
3,5.1,1766819329885
3,3.5,1766819330084
3,4.8,1766819330278
3,3.8,1766819330613
3,4.0,1766819330783
3,5.0,1766819330960
3,3.5,1766819331165
3,4.8,1766819331350
3,3.3,1766819331610
3,5.1,1766819331800
3,4.3,1766819331972
3,4.8,1766819332160
3,4.2,1766819332350
3,4.2,1766819332565
3,4.7,1766819332777
3,3.7,1766819332992
3,5.3,1766819333191
3,3.6,1766819333395
3,4.6,1766819333653
3,4.7,1766819333898
3,3.6,1766819334127
3,4.9,1766819334351
3,4.1,1766819334540
3,4.2,1766819334806
3,4.5,1766819335055
3,3.8,1766819335225
3,4.8,1766819335466
3,3.3,1766819335716
3,4.6,1766819335935
3,4.3,1766819336135
3,4.5,1766819336331
3,4.4,1766819336534
3,4.2,1766819336723
3,4.9,1766819336945
3,3.9,1766819337192
3,4.8,1766819337406
4,4.1,1766819337651
4,4.2,1766819337866
4,5.0,1766819338055
4,3.8,1766819338244
4,4.9,1766819338441
4,4.1,1766819338625
4,4.4,1766819338823
4,4.3,1766819339010
4,4.1,1766819339248
4,5.1,1766819339489
4,3.6,1766819339731
4,4.7,1766819339941
4,4.3,1766819340112
4,4.8,1766819340302
4,4.2,1766819340486
4,4.2,1766819340669
4,4.7,1766819340931
4,3.9,1766819341134
4,4.8,1766819341324
4,4.0,1766819341541
4,3.5,1766819341951
4,5.1,1766819342135
4,3.4,1766819342308
4,5.0,1766819342496
4,3.9,1766819342704
4,4.4,1766819342960
4,5.0,1766819343130
4,3.9,1766819343344
4,5.2,1766819343542
4,3.7,1766819343724
4,4.4,1766819343971
4,4.1,1766819344185
4,4.5,1766819344377
4,4.8,1766819344578
4,4.0,1766819344814
4,4.8,1766819345065
4,3.9,1766819345248
4,4.4,1766819345483
4,4.7,1766819345721
4,3.7,1766819345923
4,4.7,1766819346147
4,4.6,1766819346355
4,4.0,1766819346547
4,4.4,1766819346820
4,3.7,1766819347073
4,4.5,1766819347265
4,4.6,1766819347435
4,4.3,1766819347618
4,4.2,1766819347805
4,4.2,1766819348038
4,4.9,1766819348256
4,3.8,1766819348443
4,4.8,1766819348618
4,3.5,1766819348879
4,4.7,1766819349071
4,4.3,1766819349278
4,4.1,1766819349471
4,5.0,1766819349650
4,4.0,1766819349819
4,4.8,1766819350026
4,3.7,1766819350208
4,4.4,1766819350466
4,3.8,1766819350678
4,4.2,1766819350899
4,4.5,1766819351084
4,3.8,1766819351312
4,4.9,1766819351519
4,3.9,1766819351699
4,5.2,1766819351882
4,3.9,1766819352086
4,4.3,1766819352288
4,4.4,1766819352513
4,4.2,1766819352766
4,4.9,1766819352967
4,3.4,1766819353176
4,4.7,1766819353413
4,3.9,1766819353607
4,4.2,1766819353845
4,4.7,1766819354083
4,3.7,1766819354334
4,5.0,1766819354532
4,3.3,1766819354699
4,4.9,1766819354893
4,4.0,1766819355085
4,4.7,1766819355286
4,4.6,1766819355467
4,3.7,1766819355757
4,4.6,1766819355946
4,4.0,1766819356127
4,5.1,1766819356297
4,3.6,1766819356491
4,5.1,1766819356709
4,3.8,1766819356915
4,4.9,1766819357122
4,4.2,1766819357305
4,4.8,1766819357479
4,3.9,1766819357777
4,4.2,1766819357951
4,4.7,1766819358141
4,3.9,1766819358321
4,5.0,1766819358515
4,3.4,1766819358722
4,4.9,1766819358924
4,3.6,1766819359152
4,4.6,1766819359374
4,4.7,1766819359562
4,4.3,1766819359735
4,4.5,1766819359982
4,4.2,1766819360188
4,4.7,1766819360372
4,4.0,1766819360562
4,4.7,1766819360755
4,4.1,1766819360956
4,4.6,1766819361111
4,3.9,1766819361339
4,4.3,1766819361521
4,4.6,1766819361694
4,3.8,1766819361976
4,5.2,1766819362191
4,3.5,1766819362431
4,4.7,1766819362669
4,4.4,1766819362868
4,4.0,1766819363095
4,5.4,1766819363282
4,3.9,1766819363473
4,5.0,1766819363662
4,3.8,1766819363827
4,4.6,1766819364063
4,4.7,1766819364306
4,3.4,1766819364520
4,4.2,1766819364809
4,4.7,1766819365010
4,3.9,1766819365198
4,4.6,1766819365412
4,3.7,1766819365591
4,5.1,1766819365778
4,3.3,1766819365979
4,5.0,1766819366181
4,4.3,1766819366394
4,4.0,1766819366640
4,4.8,1766819366909
4,4.0,1766819367109
4,4.8,1766819367316
4,4.2,1766819367563
4,4.1,1766819367744
4,4.3,1766819367928
4,4.3,1766819368117
4,4.4,1766819368328
4,4.0,1766819368555
4,4.6,1766819368734
4,3.9,1766819368929
4,4.4,1766819369199
4,4.5,1766819369387
4,3.9,1766819369590
4,4.7,1766819369824
4,3.6,1766819370039
4,5.2,1766819370231
4,4.0,1766819370419
4,4.2,1766819370716
4,4.8,1766819370891
4,4.0,1766819371089
4,4.9,1766819371314
4,3.5,1766819371501
4,4.3,1766819371805
4,4.1,1766819372000
4,4.4,1766819372193
4,4.5,1766819372398
4,4.0,1766819372582
4,5.0,1766819372784
4,4.0,1766819372954
4,4.5,1766819373189
4,4.4,1766819373377
4,4.2,1766819373592
4,5.0,1766819373790
4,3.5,1766819373993
4,5.2,1766819374184
4,3.8,1766819374371
4,4.1,1766819374640
4,4.7,1766819374882
4,3.7,1766819375097
4,4.8,1766819375342
4,4.0,1766819375541
4,3.7,1766819375838
4,4.6,1766819376078
4,3.5,1766819376265
4,4.6,1766819376524
4,4.2,1766819376725
4,4.1,1766819376913
4,5.0,1766819377112
4,4.2,1766819377298
4,5.3,1766819377477
4,3.5,1766819377718
4,5.0,1766819377922
4,4.2,1766819378121
4,4.3,1766819378308
4,4.3,1766819378591
4,3.4,1766819378780
4,5.0,1766819378988
4,4.0,1766819379165
4,4.6,1766819379381
4,4.3,1766819379577
4,4.2,1766819379842
4,4.5,1766819380033
4,4.2,1766819380233
4,6.9,1766819380417
4,4.3,1766819380618
4,4.9,1766819380834
4,4.4,1766819381027
4,4.1,1766819381269
4,4.8,1766819381483
4,3.5,1766819381695
4,4.9,1766819381900
4,3.9,1766819382123
4,4.8,1766819382315
4,4.1,1766819382483
4,4.1,1766819382744
4,4.4,1766819382968
4,3.5,1766819383253
4,5.1,1766819383459
4,3.8,1766819383642
4,4.6,1766819383830
4,4.1,1766819384034
4,4.5,1766819384211
4,4.4,1766819384426
4,3.5,1766819384704
4,4.5,1766819384993
4,4.3,1766819385195
4,3.9,1766819385454
4,5.1,1766819385638
4,3.3,1766819385947
4,4.6,1766819386234
4,4.6,1766819386418
4,3.5,1766819386654
4,5.0,1766819386825
4,3.8,1766819386992
4,5.0,1766819387175
4,3.4,1766819387379
4,5.5,1766819387571
4,3.3,1766819387809
4,4.9,1766819388002
4,3.9,1766819388179
4,4.5,1766819388398
4,3.6,1766819388606
4,4.7,1766819388807
4,4.5,1766819388990
4,4.1,1766819389156
4,4.7,1766819389344
4,4.4,1766819389540
4,4.9,1766819389739
4,3.8,1766819389915
4,5.1,1766819390107
4,3.5,1766819390291
4,4.8,1766819390492
4,3.7,1766819390723
4,4.9,1766819390912
4,4.6,1766819391106
4,3.7,1766819391324
4,4.9,1766819391512
4,3.7,1766819391723
4,5.1,1766819391909
4,4.0,1766819392121
4,4.8,1766819392315
4,3.8,1766819392518
4,4.9,1766819392699
4,4.1,1766819392904
4,3.9,1766819393201
4,4.8,1766819393399
4,3.6,1766819393571
4,5.3,1766819393755
4,3.7,1766819393940
4,5.0,1766819394145
4,3.6,1766819394329
4,4.4,1766819394598
4,4.7,1766819394800
4,3.8,1766819395040
4,4.9,1766819395239
4,3.9,1766819395441
4,4.6,1766819395645
4,4.3,1766819395833
4,3.9,1766819396082
4,4.2,1766819396301
4,4.6,1766819396471
4,4.7,1766819396654
4,4.4,1766819396830
4,5.0,1766819397050
4,3.8,1766819397226
4,4.8,1766819397412
4,4.1,1766819397594
4,4.4,1766819397777
4,4.6,1766819398007
4,3.3,1766819398311
4,5.0,1766819398528
4,3.1,1766819398777
4,4.7,1766819398988
4,4.6,1766819399166
4,4.5,1766819399362
4,4.4,1766819399601
4,3.7,1766819399819
4,4.9,1766819400052
4,3.9,1766819400258
4,4.1,1766819400516
4,4.9,1766819400715
4,3.5,1766819400981
4,5.0,1766819401201
4,3.8,1766819401388
4,4.5,1766819401615
4,4.3,1766819401829
4,4.2,1766819402058
4,4.8,1766819402308
4,4.0,1766819402514
4,4.4,1766819402717
4,4.7,1766819402892
4,4.4,1766819403089
4,4.9,1766819403290
4,3.7,1766819403460
4,4.8,1766819403685
4,3.7,1766819403915
4,4.4,1766819404142
4,4.6,1766819404338
4,4.0,1766819404517
4,4.7,1766819404733
4,3.8,1766819404939
4,5.1,1766819405137
4,3.2,1766819405357
4,5.4,1766819405540
4,3.3,1766819405714
4,4.4,1766819406017
4,4.8,1766819406239
4,3.6,1766819406406
4,4.9,1766819406614
4,4.0,1766819406802
4,4.1,1766819407068
4,4.4,1766819407293
4,3.8,1766819407497
4,5.1,1766819407699
4,3.5,1766819407925
4,4.7,1766819408131
4,4.1,1766819408321
4,4.1,1766819408571
4,5.1,1766819408733
4,3.9,1766819408934
4,4.7,1766819409152
4,3.6,1766819409355
4,4.7,1766819409572
4,4.5,1766819409775
4,3.8,1766819410020
4,4.9,1766819410194
4,4.0,1766819410388
4,5.0,1766819410585
4,4.2,1766819410763
4,4.3,1766819410994
4,4.7,1766819411219
4,4.0,1766819411398
4,4.8,1766819411574
4,3.7,1766819411766
4,5.2,1766819411960
4,3.8,1766819412150
4,4.9,1766819412341
4,3.7,1766819412530
4,4.1,1766819412789
4,4.9,1766819412988
4,3.8,1766819413239
4,4.9,1766819413445
4,3.5,1766819413633
4,4.7,1766819413844
4,3.8,1766819414041
4,4.6,1766819414234
4,5.0,1766819414417
4,3.7,1766819414652
4,4.8,1766819414885
4,4.0,1766819415084
4,4.4,1766819415303
4,4.7,1766819415473
4,3.6,1766819415767
4,4.9,1766819415961
4,3.6,1766819416136
4,5.2,1766819416318
4,3.2,1766819416528
4,5.0,1766819416736
4,3.4,1766819417001
4,5.0,1766819417199
4,4.3,1766819417380
4,4.2,1766819417618
4,4.8,1766819417847
4,3.5,1766819418073
4,4.9,1766819418259
4,3.5,1766819418471
4,4.5,1766819418686
4,4.6,1766819418865
4,4.2,1766819419060
4,5.0,1766819419309
4,3.4,1766819419509
4,5.2,1766819419702
4,3.6,1766819419852
4,4.9,1766819420054
4,4.0,1766819420223
4,4.4,1766819420463
4,4.9,1766819420682
4,3.7,1766819420881
4,5.1,1766819421104
4,3.8,1766819421274
4,4.1,1766819421615
4,4.1,1766819421807
4,4.4,1766819422010
4,4.4,1766819422218
4,3.9,1766819422502
4,4.9,1766819422744
4,4.5,1766819422915
4,4.3,1766819423125
4,4.5,1766819423334
4,4.1,1766819423506
4,4.6,1766819423693
4,3.9,1766819423954
4,5.1,1766819424149
4,4.2,1766819424314
4,5.0,1766819424497
4,3.5,1766819424666
4,4.8,1766819424867
4,4.1,1766819425099
4,4.6,1766819425295
4,4.7,1766819425568
4,3.4,1766819425797
4,4.8,1766819426036
4,4.8,1766819426283
4,3.7,1766819426485
4,5.0,1766819426699
4,4.1,1766819426902
4,4.2,1766819427131
4,4.6,1766819427378
4,3.8,1766819427565
4,5.3,1766819427754
4,3.5,1766819427960
4,4.7,1766819428201
4,4.2,1766819428432
4,4.1,1766819428632
4,5.1,1766819428838
4,3.8,1766819429026
4,4.4,1766819429292
4,4.2,1766819429525
4,4.6,1766819429702
4,4.7,1766819429896
4,4.0,1766819430055
4,5.2,1766819430254
4,3.6,1766819430447
4,4.6,1766819430736
4,4.6,1766819430959
4,4.0,1766819431125
4,4.8,1766819431323
4,3.6,1766819431536
4,4.9,1766819431751
4,3.4,1766819432030
4,5.1,1766819432230
4,3.9,1766819432422
4,4.5,1766819432613
4,4.4,1766819432810
4,4.5,1766819432998
4,4.8,1766819433219
4,3.6,1766819433423
4,4.6,1766819433695
4,4.4,1766819433884
4,4.2,1766819434125
4,4.5,1766819434325
4,4.5,1766819434492
4,4.4,1766819434730
4,3.6,1766819434919
4,5.1,1766819435120
4,3.5,1766819435317
4,4.6,1766819435536
4,3.9,1766819435716
4,4.5,1766819435909
4,4.3,1766819436097
4,4.4,1766819436278
4,4.8,1766819436500
4,3.6,1766819436702
4,4.9,1766819436924
4,4.0,1766819437125
4,4.4,1766819437342
4,4.2,1766819437527
4,4.4,1766819437733
4,4.6,1766819437939
4,3.3,1766819438210
4,5.1,1766819438396
4,4.1,1766819438587
4,4.5,1766819438808
4,4.6,1766819439010
4,4.1,1766819439203
4,5.2,1766819439415
4,3.2,1766819439739
4,4.9,1766819439944
4,4.3,1766819440131
4,6.1,1766819440313
4,5.5,1766819440546
4,3.4,1766819440781
4,5.0,1766819440997
4,4.5,1766819441182
4,4.4,1766819441380
4,4.5,1766819441582
4,3.8,1766819441804
4,4.6,1766819442091
4,4.7,1766819442333
4,3.8,1766819442533
4,4.9,1766819442778
4,3.6,1766819442995
4,4.5,1766819443187
4,4.2,1766819443382
4,4.4,1766819443571
4,4.6,1766819443747
4,3.6,1766819443960
4,4.8,1766819444143
4,3.9,1766819444337
4,5.2,1766819444504
4,3.3,1766819444741
4,4.9,1766819444952
4,4.2,1766819445188
4,3.9,1766819445453
4,4.5,1766819445729
4,4.0,1766819445918
4,4.5,1766819446108
4,4.5,1766819446284
4,4.1,1766819446454
4,4.3,1766819446663
4,3.9,1766819446872
4,4.4,1766819447139
4,3.9,1766819447343
4,4.6,1766819447542
4,4.0,1766819447760
4,4.3,1766819447940
4,4.7,1766819448118
4,4.1,1766819448302
4,4.3,1766819448506
4,4.0,1766819448701
4,4.4,1766819448984
4,3.6,1766819449195
4,4.2,1766819449457
4,4.7,1766819449675
4,3.5,1766819449922
4,4.6,1766819450169
4,4.4,1766819450376
4,4.4,1766819450554
4,4.9,1766819450806
4,3.6,1766819451013
4,5.4,1766819451206
4,3.8,1766819451381
4,4.3,1766819451630
4,3.5,1766819451885
4,4.8,1766819452069
4,4.0,1766819452278
4,3.7,1766819452548
4,5.0,1766819452759
4,3.8,1766819452954
4,4.6,1766819453167
4,4.0,1766819453340
4,4.3,1766819453545
4,4.5,1766819453742
4,3.9,1766819453954
4,4.7,1766819454138
4,3.6,1766819454353
4,4.7,1766819454565
4,4.7,1766819454797
4,3.9,1766819455012
4,4.7,1766819455256
4,3.4,1766819455483
4,4.4,1766819455699
4,4.4,1766819455868
4,4.0,1766819456084
4,4.7,1766819456288
4,3.8,1766819456463
4,4.9,1766819456683
4,3.7,1766819456866
4,4.9,1766819457072
4,4.6,1766819457311
4,4.0,1766819457526
4,4.8,1766819457748
4,4.0,1766819457957
4,4.1,1766819458225
4,4.1,1766819458455
4,4.0,1766819458646
4,5.4,1766819458826
4,3.8,1766819459009
4,5.0,1766819459202
4,3.6,1766819459474
4,4.6,1766819459666
4,4.4,1766819459832
4,4.3,1766819460013
4,4.4,1766819460224
4,4.0,1766819460507
4,5.2,1766819460691
4,3.7,1766819460958
4,4.4,1766819461170
4,4.5,1766819461348
4,3.8,1766819461597
4,4.7,1766819461882
4,3.7,1766819462118
4,4.6,1766819462312
4,4.6,1766819462471
4,4.4,1766819462666
4,4.5,1766819462888
4,4.0,1766819463093
4,5.0,1766819463289
4,3.5,1766819463507
4,4.1,1766819463846
4,4.7,1766819464055
4,3.6,1766819464273
4,4.5,1766819464569
4,4.6,1766819464771
4,3.6,1766819465014
4,4.7,1766819465188
4,3.7,1766819465382
4,4.9,1766819465583
4,3.8,1766819465764
4,4.8,1766819465953
4,3.9,1766819466168
4,4.4,1766819466393
4,4.5,1766819466621
4,3.7,1766819466856
4,5.2,1766819467051
4,3.6,1766819467225
4,4.0,1766819467524
4,3.9,1766819467773
4,4.0,1766819467991
4,4.9,1766819468178
4,3.7,1766819468382
4,4.8,1766819468580
4,3.8,1766819468832
4,4.1,1766819469084
4,4.5,1766819469356
4,3.8,1766819469557
4,5.1,1766819469734
4,4.1,1766819469942
4,4.2,1766819470193
4,4.8,1766819470414
4,4.0,1766819470602
4,4.8,1766819470798
4,3.6,1766819470995
4,4.8,1766819471187
4,4.2,1766819471420
4,4.1,1766819471614
4,4.6,1766819471803
4,4.1,1766819471995
4,4.6,1766819472195
4,4.0,1766819472398
4,4.5,1766819472660
4,3.9,1766819472857
4,4.1,1766819473080
4,4.4,1766819473256
4,4.3,1766819473452
4,4.5,1766819473640
4,3.9,1766819473902
4,4.9,1766819474116
4,3.8,1766819474303
4,4.5,1766819474519
4,4.6,1766819474745
4,3.6,1766819474954
4,4.8,1766819475177
4,3.6,1766819475356
4,4.9,1766819475552
4,3.3,1766819475782
4,4.8,1766819476008
4,3.8,1766819476197
4,4.3,1766819476390
4,4.7,1766819476580
4,4.0,1766819476773
4,5.5,1766819476947
4,3.3,1766819477136
4,5.1,1766819477330
4,3.7,1766819477547
4,4.8,1766819477751
4,4.5,1766819477939
4,4.1,1766819478170
4,4.7,1766819478361
4,4.0,1766819478542
4,4.4,1766819478844
4,4.1,1766819479051
4,4.2,1766819479254
4,4.7,1766819479438
4,4.1,1766819479626
4,4.9,1766819479807
4,3.5,1766819479969
4,5.3,1766819480152
4,3.5,1766819480408
4,5.1,1766819480585
4,3.4,1766819480811
4,4.9,1766819481033
4,4.4,1766819481227
4,3.5,1766819481564
4,5.1,1766819481758
4,3.5,1766819481941
4,4.7,1766819482176
4,4.2,1766819482349
4,3.9,1766819482626
4,4.7,1766819482835
4,3.5,1766819483037
4,4.8,1766819483224
4,3.8,1766819483391
4,5.1,1766819483596
4,3.5,1766819483824
4,4.7,1766819484017
4,4.1,1766819484203
4,4.3,1766819484402
4,4.2,1766819484651
4,4.1,1766819484907
4,4.9,1766819485122
4,3.4,1766819485317
4,4.6,1766819485593
4,4.7,1766819485790
4,4.0,1766819485981
4,4.9,1766819486189
4,3.8,1766819486396
4,5.1,1766819486589
4,3.8,1766819486745
4,4.6,1766819486981
4,3.8,1766819487165
4,4.5,1766819487385
4,4.6,1766819487594
4,3.4,1766819487822
4,5.1,1766819488008
4,3.5,1766819488192
4,4.6,1766819488458
4,3.7,1766819488741
4,4.4,1766819488935
4,5.0,1766819489143
4,3.5,1766819489367
4,5.1,1766819489562
4,4.1,1766819489742
4,4.8,1766819489952
4,4.3,1766819490165
4,4.0,1766819490463
4,5.0,1766819490673
4,3.6,1766819490857
4,4.8,1766819491063
4,4.2,1766819491265
4,4.3,1766819491460
4,4.6,1766819491668
4,3.5,1766819491916
4,4.9,1766819492150
4,4.4,1766819492354
4,4.0,1766819492596
4,4.3,1766819492881
4,4.0,1766819493069
4,4.3,1766819493325
4,5.0,1766819493513
4,3.8,1766819493716
4,5.1,1766819493916
4,3.6,1766819494148
4,4.5,1766819494405
4,4.9,1766819494606
4,3.6,1766819494804
4,5.0,1766819495008
4,4.2,1766819495184
4,4.4,1766819495429
4,4.5,1766819495621
4,4.0,1766819495845
4,5.2,1766819496045
4,3.4,1766819496334
4,5.0,1766819496530
4,4.0,1766819496716
4,4.5,1766819496897
4,4.6,1766819497114
4,3.8,1766819497313
4,5.2,1766819497510
4,3.7,1766819497696
4,4.8,1766819497921
4,4.1,1766819498094
4,4.1,1766819498352
4,4.4,1766819498590
4,3.8,1766819498769
4,5.0,1766819498975
4,3.7,1766819499160
4,5.2,1766819499349
4,3.5,1766819499636
4,4.5,1766819499853
4,4.7,1766819500063
4,5.0,1766819500249
4,6.0,1766819500431
4,4.7,1766819500662
4,5.4,1766819500840
4,3.5,1766819501024
4,4.6,1766819501284
4,4.3,1766819501507
4,3.6,1766819501812
4,4.9,1766819502004
4,3.8,1766819502200
4,4.7,1766819502424
4,3.9,1766819502620
4,4.3,1766819502836
4,4.8,1766819503000
4,4.2,1766819503183
4,4.7,1766819503424
4,3.3,1766819503650
4,5.2,1766819503848
4,3.3,1766819504063
4,4.9,1766819504266
4,3.8,1766819504498
4,4.3,1766819504718
4,4.7,1766819504977
4,3.5,1766819505149
4,4.9,1766819505339
4,4.2,1766819505510
4,4.6,1766819505718
4,4.5,1766819505907
4,4.2,1766819506164
4,5.0,1766819506359
4,3.4,1766819506523
4,5.1,1766819506727
4,3.5,1766819506907
4,4.9,1766819507083
4,4.0,1766819507267
4,4.4,1766819507534
4,4.9,1766819507760
4,3.9,1766819507978
4,4.2,1766819508290
4,4.7,1766819508504
4,3.6,1766819508754
4,4.9,1766819509001
4,4.2,1766819509197
4,4.2,1766819509431
4,4.9,1766819509674
4,3.5,1766819509927
4,4.1,1766819510209
4,4.6,1766819510421
4,3.8,1766819510632
4,4.7,1766819510865
4,4.4,1766819511054
4,4.7,1766819511279
4,4.7,1766819511452
4,4.0,1766819511712
4,4.4,1766819511915
4,3.9,1766819512143
4,4.8,1766819512360
4,3.7,1766819512569
4,4.4,1766819512872
4,4.5,1766819513125
4,4.0,1766819513318
4,4.7,1766819513575
4,4.2,1766819513840
4,4.0,1766819514030
4,4.6,1766819514237
4,3.6,1766819514424
4,4.9,1766819514617
4,3.9,1766819514787
4,4.5,1766819515000
4,4.5,1766819515206
4,3.7,1766819515425
4,4.9,1766819515664
4,4.2,1766819515873
4,4.3,1766819516132
4,5.1,1766819516341
4,3.6,1766819516550
4,5.0,1766819516780
4,3.8,1766819516964
4,4.5,1766819517230
4,4.6,1766819517416
4,4.0,1766819517605
4,4.9,1766819517846
4,3.8,1766819518029
4,5.0,1766819518207
4,3.4,1766819518469
4,4.5,1766819518663
4,4.5,1766819518831
4,4.3,1766819519013
4,4.3,1766819519173
4,4.3,1766819519381
4,5.1,1766819519577
4,4.0,1766819519769
4,4.5,1766819520047
4,3.6,1766819520250
4,4.4,1766819520480
4,4.4,1766819520666
4,4.5,1766819520836
4,4.8,1766819521042
4,3.8,1766819521225
4,5.1,1766819521442
4,3.4,1766819521732
4,4.7,1766819521899
4,3.7,1766819522072
4,4.5,1766819522275
4,4.1,1766819522452
4,4.7,1766819522638
4,4.4,1766819522819
4,4.1,1766819523020
4,5.3,1766819523210
4,3.8,1766819523416
4,5.0,1766819523634
4,3.8,1766819523822
4,4.6,1766819524019
4,4.7,1766819524202
4,4.1,1766819524410
4,4.5,1766819524680
4,3.6,1766819524883
4,4.7,1766819525114
4,4.6,1766819525374
4,3.7,1766819525557
4,5.2,1766819525759
4,3.6,1766819525962
4,4.8,1766819526155
4,3.9,1766819526322
4,4.4,1766819526519
4,4.6,1766819526688
4,3.9,1766819526959
4,4.6,1766819527144
4,3.9,1766819527323
4,5.0,1766819527550
4,4.3,1766819527694
4,4.4,1766819527910
4,4.2,1766819528085
4,4.7,1766819528334
4,4.9,1766819528564
4,3.5,1766819528761
4,3.9,1766819529093
4,4.4,1766819529254
4,4.5,1766819529440
4,4.4,1766819529603
4,4.1,1766819529886
4,4.8,1766819530136
4,3.9,1766819530373
4,4.0,1766819530631
4,4.7,1766819530890
4,3.8,1766819531113
4,4.3,1766819531381
4,4.8,1766819531592
4,3.7,1766819531767
4,5.0,1766819531991
4,3.8,1766819532164
4,4.6,1766819532378
4,4.5,1766819532574
4,4.1,1766819532746
4,4.5,1766819532949
4,3.8,1766819533173
4,4.7,1766819533421
4,3.9,1766819533605
4,4.6,1766819533824
4,4.4,1766819534011
4,3.4,1766819534285
4,4.7,1766819534474
4,4.0,1766819534702
4,4.5,1766819534935
4,3.5,1766819535125
4,4.7,1766819535373
5,4.3,1766819535557
5,4.0,1766819535794
5,4.8,1766819535990
5,3.8,1766819536175
5,5.1,1766819536354
5,3.4,1766819536590
5,5.0,1766819536775
5,3.8,1766819536978
5,5.0,1766819537186
5,4.4,1766819537339
5,4.8,1766819537538
5,4.1,1766819537750
5,3.9,1766819537987
5,5.0,1766819538227
5,4.0,1766819538448
5,3.8,1766819538748
5,4.5,1766819538969
5,3.6,1766819539180
5,5.0,1766819539354
5,3.5,1766819539600
5,5.2,1766819539783
5,4.0,1766819539941
5,5.1,1766819540131
5,4.3,1766819540352
5,4.1,1766819540549
5,4.9,1766819540756
5,3.7,1766819540983
5,4.7,1766819541252
5,4.5,1766819541449
5,3.7,1766819541732
5,5.1,1766819541918
5,3.7,1766819542102
5,4.8,1766819542326
5,4.2,1766819542496
5,4.7,1766819542687
5,4.0,1766819542878
5,4.1,1766819543117
5,5.0,1766819543284
5,3.6,1766819543581
5,4.9,1766819543793
5,3.8,1766819543977
5,4.2,1766819544261
5,4.8,1766819544454
5,3.7,1766819544689
5,4.7,1766819544963
5,3.8,1766819545158
5,4.8,1766819545347
5,4.6,1766819545528
5,3.9,1766819545791
5,4.5,1766819546023
5,3.6,1766819546207
5,5.0,1766819546399
5,4.5,1766819546577
5,4.2,1766819546806
5,4.7,1766819547087
5,3.8,1766819547279
5,4.5,1766819547547
5,4.9,1766819547763
5,3.2,1766819547955
5,5.2,1766819548140
5,3.7,1766819548320
5,4.2,1766819548620
5,4.6,1766819548850
5,3.7,1766819549050
5,5.2,1766819549250
5,4.0,1766819549419
5,4.8,1766819549631
5,4.1,1766819549828
5,4.4,1766819550075
5,5.1,1766819550251
5,3.8,1766819550436
5,5.1,1766819550649
5,3.8,1766819550833
5,4.7,1766819551096
5,4.9,1766819551327
5,3.3,1766819551572
5,5.1,1766819551755
5,3.3,1766819551945
5,4.8,1766819552144
5,4.2,1766819552340
5,4.1,1766819552535
5,4.4,1766819552715
5,4.2,1766819552917
5,5.1,1766819553098
5,3.7,1766819553270
5,5.2,1766819553465
5,3.8,1766819553637
5,4.4,1766819553916
5,4.6,1766819554104
5,4.1,1766819554334
5,4.7,1766819554546
5,3.8,1766819554761
5,5.0,1766819554996
5,3.8,1766819555201
5,4.5,1766819555408
5,4.7,1766819555624
5,4.0,1766819555807
5,5.0,1766819556001
5,4.0,1766819556167
5,4.9,1766819556366
5,3.8,1766819556550
5,4.5,1766819556755
5,4.3,1766819556918
5,4.3,1766819557121
5,4.4,1766819557413
5,3.4,1766819557597
5,4.5,1766819557884
5,4.8,1766819558070
5,4.1,1766819558296
5,4.8,1766819558523
5,3.4,1766819558768
5,5.2,1766819558965
5,3.8,1766819559137
5,4.7,1766819559332
5,4.3,1766819559537
5,4.5,1766819559708
5,4.7,1766819559896
5,4.0,1766819560140
5,5.8,1766819560357
5,5.7,1766819560520
5,4.6,1766819560726
5,4.0,1766819560905
5,4.5,1766819561108
5,4.5,1766819561298
5,4.0,1766819561532
5,4.4,1766819561738
5,3.9,1766819561965
5,4.7,1766819562182
5,3.9,1766819562381
5,4.6,1766819562630
5,3.9,1766819562826
5,4.0,1766819563094
5,4.6,1766819563282
5,3.6,1766819563473
5,5.2,1766819563676
5,3.6,1766819563868
5,4.5,1766819564131
5,4.0,1766819564326
5,4.4,1766819564588
5,4.9,1766819564824
5,3.9,1766819565023
5,4.2,1766819565290
5,4.4,1766819565499
5,3.9,1766819565687
5,5.0,1766819565874
5,3.4,1766819566071
5,4.9,1766819566285
5,3.3,1766819566522
5,4.7,1766819566722
5,3.9,1766819566917
5,4.4,1766819567132
5,5.0,1766819567348
5,3.4,1766819567520
5,4.9,1766819567712
5,3.6,1766819567874
5,4.9,1766819568088
5,4.6,1766819568291
5,4.1,1766819568488
5,4.7,1766819568748
5,4.0,1766819568986
5,4.2,1766819569195
5,4.3,1766819569387
5,4.0,1766819569632
5,4.6,1766819569821
5,3.6,1766819570042
5,5.3,1766819570215
5,3.5,1766819570393
5,5.2,1766819570584
5,4.1,1766819570811
5,4.3,1766819571054
5,4.7,1766819571284
5,3.8,1766819571595
5,4.5,1766819571797
5,3.8,1766819571980
5,4.6,1766819572168
5,4.1,1766819572348
5,4.0,1766819572649
5,5.1,1766819572856
5,3.8,1766819573033
5,4.8,1766819573272
5,4.3,1766819573459
5,4.4,1766819573654
5,4.6,1766819573877
5,3.8,1766819574085
5,5.0,1766819574284
5,3.7,1766819574501
5,5.0,1766819574684
5,4.1,1766819574878
5,4.2,1766819575149
5,4.4,1766819575390
5,3.9,1766819575568
5,4.9,1766819575744
5,4.1,1766819575907
5,4.8,1766819576080
5,4.0,1766819576296
5,4.7,1766819576471
5,4.1,1766819576662
5,4.5,1766819576849
5,4.4,1766819577060
5,4.0,1766819577251
5,4.5,1766819577415
5,4.3,1766819577632
5,4.3,1766819577824
5,4.3,1766819578066
5,4.3,1766819578253
5,4.1,1766819578465
5,4.2,1766819578734
5,4.3,1766819578936
5,3.8,1766819579222
5,4.8,1766819579413
5,3.6,1766819579613
5,4.7,1766819579866
5,4.3,1766819580081
5,3.5,1766819580365
5,4.9,1766819580603
5,4.3,1766819580793
5,4.4,1766819581016
5,4.8,1766819581276
5,3.8,1766819581448
5,4.8,1766819581673
5,4.8,1766819581872
5,3.7,1766819582135
5,4.8,1766819582329
5,3.8,1766819582548
5,4.9,1766819582748
5,3.9,1766819582910
5,4.5,1766819583130
5,4.4,1766819583358
5,4.2,1766819583563
5,4.6,1766819583776
5,4.1,1766819583952
5,4.8,1766819584165
5,3.7,1766819584368
5,4.5,1766819584619
5,4.0,1766819584812
5,4.8,1766819584989
5,4.4,1766819585147
5,4.9,1766819585316
5,4.0,1766819585543
5,4.4,1766819585741
5,4.8,1766819585930
5,3.4,1766819586198
5,5.0,1766819586409
5,3.5,1766819586669
5,4.8,1766819586868
5,4.1,1766819587054
5,4.1,1766819587301
5,4.7,1766819587503
5,4.0,1766819587681
5,5.2,1766819587875
5,4.0,1766819588043
5,4.7,1766819588242
5,3.6,1766819588508
5,4.6,1766819588701
5,4.3,1766819588887
5,4.0,1766819589070
5,4.8,1766819589254
5,4.0,1766819589499
5,4.7,1766819589695
5,4.1,1766819589897
5,4.0,1766819590154
5,4.6,1766819590343
5,3.9,1766819590527
5,4.7,1766819590717
5,3.8,1766819590909
5,4.7,1766819591102
5,4.0,1766819591277
5,4.7,1766819591500
5,4.0,1766819591705
5,4.2,1766819591988
5,4.4,1766819592258
5,4.2,1766819592499
5,4.2,1766819592686
5,4.9,1766819592883
5,4.1,1766819593048
5,4.7,1766819593237
5,3.9,1766819593491
5,4.4,1766819593745
5,4.6,1766819593992
5,4.0,1766819594177
5,4.8,1766819594383
5,3.8,1766819594591
5,4.5,1766819594807
5,4.5,1766819595008
5,3.8,1766819595286
5,5.2,1766819595491
5,3.9,1766819595669
5,4.4,1766819595926
5,4.3,1766819596152
5,4.2,1766819596376
5,4.9,1766819596577
5,3.7,1766819596784
5,4.9,1766819596978
5,3.9,1766819597143
5,4.5,1766819597358
5,4.7,1766819597539
5,3.6,1766819597911
5,5.0,1766819598118
5,3.8,1766819598291
5,4.5,1766819598513
5,4.4,1766819598761
5,4.1,1766819598960
5,5.2,1766819599183
5,3.8,1766819599395
5,4.5,1766819599611
5,4.6,1766819599869
5,3.9,1766819600077
5,4.6,1766819600346
5,3.9,1766819600528
5,4.6,1766819600724
5,4.4,1766819600906
5,4.5,1766819601090
5,4.7,1766819601347
5,3.8,1766819601526
5,4.7,1766819601786
5,4.8,1766819602052
5,3.7,1766819602325
5,4.5,1766819602525
5,4.3,1766819602701
5,4.5,1766819602877
5,4.5,1766819603090
5,3.8,1766819603320
5,4.4,1766819603612
5,4.2,1766819603823
5,3.8,1766819604108
5,5.2,1766819604317
5,4.0,1766819604484
5,4.8,1766819604691
5,4.2,1766819604884
5,4.0,1766819605126
5,4.7,1766819605332
5,3.9,1766819605519
5,5.3,1766819605715
5,3.7,1766819605883
5,5.0,1766819606068
5,4.0,1766819606271
5,4.2,1766819606466
5,4.5,1766819606651
5,4.4,1766819606845
5,5.0,1766819607022
5,3.7,1766819607302
5,4.8,1766819607545
5,3.5,1766819607756
5,4.8,1766819607988
5,3.8,1766819608192
5,4.0,1766819608495
5,4.8,1766819608705
5,3.8,1766819608903
5,4.8,1766819609103
5,4.2,1766819609280
5,4.5,1766819609492
5,4.7,1766819609689
5,4.3,1766819609880
5,5.0,1766819610053
5,4.0,1766819610244
5,4.8,1766819610478
5,4.0,1766819610693
5,4.3,1766819610972
5,5.0,1766819611182
5,3.9,1766819611399
5,4.3,1766819611655
5,4.5,1766819611884
5,3.7,1766819612092
5,4.2,1766819612410
5,3.7,1766819612633
5,4.9,1766819612800
5,4.1,1766819613021
5,4.1,1766819613290
5,5.0,1766819613500
5,3.9,1766819613712
5,4.3,1766819613968
5,4.8,1766819614167
5,3.7,1766819614392
5,4.9,1766819614579
5,4.2,1766819614735
5,4.9,1766819614936
5,3.4,1766819615193
5,5.0,1766819615406
5,4.0,1766819615580
5,4.2,1766819615816
5,4.7,1766819616022
5,4.0,1766819616199
5,5.4,1766819616379
5,3.3,1766819616553
5,5.2,1766819616750
5,3.9,1766819616951
5,3.8,1766819617285
5,4.9,1766819617493
5,3.9,1766819617663
5,5.0,1766819617856
5,3.8,1766819618050
5,4.7,1766819618286
5,4.3,1766819618502
5,4.3,1766819618693
5,4.9,1766819618869
5,4.0,1766819619060
5,4.4,1766819619330
5,4.2,1766819619517
5,4.1,1766819619795
5,4.8,1766819620013
5,4.5,1766819620197
5,5.1,1766819620549
5,4.4,1766819620746
5,4.3,1766819620915
5,4.7,1766819621097
5,4.3,1766819621273
5,5.1,1766819621451
5,3.6,1766819621686
5,5.3,1766819621877
5,3.6,1766819622050
5,5.0,1766819622230
5,3.6,1766819622433
5,4.5,1766819622687
5,4.4,1766819622899
5,4.3,1766819623078
5,4.7,1766819623280
5,3.9,1766819623438
5,4.5,1766819623662
5,3.5,1766819623816
5,4.8,1766819624017
5,4.3,1766819624206
5,4.1,1766819624451
5,4.8,1766819624650
5,3.4,1766819624864
5,5.3,1766819625055
5,3.3,1766819625268
5,4.5,1766819625531
5,4.6,1766819625734
5,4.1,1766819625920
5,4.9,1766819626146
5,3.7,1766819626367
5,4.3,1766819626621
5,4.7,1766819626854
5,3.6,1766819627108
5,5.0,1766819627287
5,3.8,1766819627443
5,5.2,1766819627625
5,3.2,1766819627893
5,5.4,1766819628079
5,3.6,1766819628273
5,5.4,1766819628454
5,3.7,1766819628661
5,4.2,1766819628907
5,4.7,1766819629087
5,3.8,1766819629308
5,4.4,1766819629517
5,4.2,1766819629683
5,4.8,1766819629875
5,3.8,1766819630060
5,5.0,1766819630304
5,3.7,1766819630499
5,4.5,1766819630748
5,4.5,1766819630960
5,4.0,1766819631142
5,5.0,1766819631355
5,3.4,1766819631558
5,4.9,1766819631753
5,3.6,1766819631919
5,4.6,1766819632136
5,4.2,1766819632330
5,4.1,1766819632539
5,4.6,1766819632753
5,3.8,1766819632942
5,5.1,1766819633127
5,4.0,1766819633320
5,4.7,1766819633523
5,4.4,1766819633766
5,3.9,1766819633965
5,4.6,1766819634181
5,3.5,1766819634392
5,5.0,1766819634603
5,4.3,1766819634783
5,4.2,1766819634998
5,4.7,1766819635213
5,3.4,1766819635468
5,5.1,1766819635686
5,3.8,1766819635886
5,4.1,1766819636134
5,4.5,1766819636372
5,3.8,1766819636613
5,4.9,1766819636810
5,3.4,1766819637039
5,5.0,1766819637229
5,4.2,1766819637423
5,4.5,1766819637637
5,4.3,1766819637890
5,4.3,1766819638103
5,4.4,1766819638314
5,4.3,1766819638527
5,4.5,1766819638754
5,4.1,1766819638959
5,4.3,1766819639138
5,4.3,1766819639320
5,4.3,1766819639483
5,4.4,1766819639662
5,4.4,1766819639856
5,4.3,1766819640067
5,4.5,1766819640315
5,4.3,1766819640505
5,4.4,1766819640726
5,4.3,1766819640935
5,4.3,1766819641126
5,4.6,1766819641300
5,4.2,1766819641503
5,4.2,1766819641773
5,4.2,1766819642005
5,4.6,1766819642210
5,4.0,1766819642381
5,4.0,1766819642641
5,5.1,1766819642827
5,3.9,1766819643045
5,4.3,1766819643312
5,4.2,1766819643480
5,4.7,1766819643684
5,4.0,1766819643886
5,4.5,1766819644103
5,4.6,1766819644291
5,4.3,1766819644502
5,4.6,1766819644707
5,4.1,1766819644889
5,4.8,1766819645076
5,4.2,1766819645277
5,4.5,1766819645505
5,4.3,1766819645708
5,4.4,1766819645905
5,4.6,1766819646095
5,4.0,1766819646310
5,4.6,1766819646536
5,3.8,1766819646781
5,4.8,1766819647012
5,4.4,1766819647244
5,3.7,1766819647483
5,4.9,1766819647676
5,3.9,1766819647876
5,4.6,1766819648138
5,4.9,1766819648380
5,3.3,1766819648576
5,4.7,1766819648824
5,4.6,1766819649050
5,3.6,1766819649258
5,5.2,1766819649458
5,2.9,1766819649637
5,5.0,1766819649864
5,4.2,1766819650071
5,4.1,1766819650281
5,5.0,1766819650476
5,3.6,1766819650668
5,4.9,1766819650863
5,3.8,1766819651067
5,4.7,1766819651277
5,4.2,1766819651473
5,3.9,1766819651693
5,4.8,1766819651924
5,3.7,1766819652106
5,4.4,1766819652350
5,4.6,1766819652549
5,3.9,1766819652767
5,4.7,1766819652989
5,3.7,1766819653231
5,4.6,1766819653435
5,4.6,1766819653637
5,3.6,1766819653848
5,5.0,1766819654087
5,3.4,1766819654365
5,4.7,1766819654553
5,4.2,1766819654749
5,4.3,1766819654963
5,4.8,1766819655199
5,3.5,1766819655394
5,5.0,1766819655621
5,4.1,1766819655825
5,4.5,1766819656015
5,4.5,1766819656180
5,4.2,1766819656351
5,4.8,1766819656543
5,4.1,1766819656710
5,4.4,1766819656934
5,3.7,1766819657176
5,4.1,1766819657459
5,4.7,1766819657671
5,3.5,1766819657933
5,5.1,1766819658136
5,4.0,1766819658322
5,4.9,1766819658512
5,4.2,1766819658704
5,4.3,1766819658918
5,4.4,1766819659139
5,3.6,1766819659339
5,4.6,1766819659606
5,4.2,1766819659791
5,4.3,1766819660017
5,4.7,1766819660248
5,3.8,1766819660440
5,4.4,1766819660719
5,3.8,1766819660912
5,4.3,1766819661154
5,4.7,1766819661326
5,4.3,1766819661494
5,4.8,1766819661711
5,3.5,1766819661907
5,5.1,1766819662083
5,3.8,1766819662292
5,4.9,1766819662480
5,4.0,1766819662651
5,4.2,1766819662899
5,4.0,1766819663119
5,4.6,1766819663306
5,4.5,1766819663513
5,4.1,1766819663687
5,4.5,1766819663961
5,4.5,1766819664207
5,3.9,1766819664442
5,5.0,1766819664641
5,3.9,1766819664823
5,4.8,1766819665014
5,3.9,1766819665229
5,4.1,1766819665504
5,4.7,1766819665775
5,3.8,1766819665991
5,4.3,1766819666208
5,4.8,1766819666419
5,3.2,1766819666688
5,5.2,1766819666865
5,3.7,1766819667040
5,5.1,1766819667236
5,3.9,1766819667403
5,4.4,1766819667645
5,4.6,1766819667847
5,4.0,1766819668047
5,5.0,1766819668248
5,3.7,1766819668444
5,4.3,1766819668710
5,4.2,1766819668978
5,4.0,1766819669171
5,5.2,1766819669359
5,3.4,1766819669546
5,4.8,1766819669761
5,4.3,1766819669973
5,4.4,1766819670218
5,4.8,1766819670468
5,3.6,1766819670653
5,4.7,1766819670882
5,4.8,1766819671110
5,3.6,1766819671298
5,4.7,1766819671554
5,3.9,1766819671750
5,4.5,1766819671978
5,4.1,1766819672184
5,3.8,1766819672422
5,5.0,1766819672607
5,4.1,1766819672780
5,4.5,1766819673013
5,3.8,1766819673196
5,4.7,1766819673437
5,4.3,1766819673628
5,4.1,1766819673826
5,4.4,1766819674041
5,3.8,1766819674232
5,4.8,1766819674463
5,3.7,1766819674681
5,4.9,1766819674870
5,4.3,1766819675041
5,4.1,1766819675263
5,4.2,1766819675480
5,4.3,1766819675677
5,5.1,1766819675868
5,3.7,1766819676085
5,4.7,1766819676345
5,4.4,1766819676532
5,4.3,1766819676709
5,5.0,1766819676925
5,3.6,1766819677120
5,4.4,1766819677368
5,3.8,1766819677574
5,4.8,1766819677748
5,4.4,1766819677995
5,3.5,1766819678201
5,5.0,1766819678421
5,3.5,1766819678698
5,4.9,1766819678875
5,3.7,1766819679046
5,4.7,1766819679241
5,4.0,1766819679450
5,4.4,1766819679644
5,4.7,1766819679885
5,3.8,1766819680075
5,5.4,1766819680339
5,5.4,1766819680516
5,4.9,1766819680752
5,4.4,1766819680943
5,4.2,1766819681113
5,4.7,1766819681311
5,3.8,1766819681529
5,4.9,1766819681735
5,3.4,1766819681925
5,5.3,1766819682107
5,3.2,1766819682306
5,4.8,1766819682515
5,4.4,1766819682734
5,4.1,1766819682922
5,5.2,1766819683122
5,3.3,1766819683330
5,4.6,1766819683599
5,3.5,1766819683816
5,4.5,1766819684031
5,4.7,1766819684219
5,3.9,1766819684406
5,5.0,1766819684600
5,3.5,1766819684770
5,5.2,1766819684958
5,3.1,1766819685224
5,5.0,1766819685423
5,4.0,1766819685589
5,5.0,1766819685776
5,4.0,1766819685955
5,4.3,1766819686154
5,4.0,1766819686327
5,5.0,1766819686473
5,4.2,1766819686681
5,4.2,1766819686922
5,4.5,1766819687182
5,3.7,1766819687362
5,4.6,1766819687597
5,3.4,1766819687846
5,4.3,1766819688061
5,4.9,1766819688277
5,3.5,1766819688469
5,4.9,1766819688732
5,4.4,1766819688926
5,4.4,1766819689122
5,5.1,1766819689360
5,4.3,1766819689563
5,4.7,1766819689789
5,4.1,1766819690010
5,4.2,1766819690204
5,4.7,1766819690424
5,3.5,1766819690733
5,5.2,1766819690924
5,3.8,1766819691078
5,4.8,1766819691278
5,3.7,1766819691464
5,4.8,1766819691659
5,4.3,1766819691850
5,3.9,1766819692097
5,4.4,1766819692325
5,4.4,1766819692514
5,5.0,1766819692683
5,3.7,1766819692858
5,5.2,1766819693060
5,3.6,1766819693312
5,5.0,1766819693501
5,3.9,1766819693752
5,4.2,1766819693939
5,4.9,1766819694155
5,3.9,1766819694375
5,4.7,1766819694603
5,4.0,1766819694811
5,4.3,1766819695045
5,4.2,1766819695289
5,3.7,1766819695528
5,5.1,1766819695716
5,3.4,1766819695911
5,4.8,1766819696088
5,4.1,1766819696258
5,4.9,1766819696423
5,3.8,1766819696595
5,5.1,1766819696783
5,3.7,1766819697048
5,4.6,1766819697260
5,4.5,1766819697474
5,3.9,1766819697653
5,5.2,1766819697847
5,3.6,1766819698021
5,5.0,1766819698222
5,3.9,1766819698434
5,3.9,1766819698696
5,5.0,1766819698908
5,3.6,1766819699198
5,4.9,1766819699392
5,4.2,1766819699571
5,4.2,1766819699784
5,4.3,1766819699979
5,4.4,1766819700195
5,4.6,1766819700433
5,3.8,1766819700670
5,4.6,1766819700923
5,4.6,1766819701112
5,4.2,1766819701334
5,5.0,1766819701532
5,3.8,1766819701736
5,4.6,1766819701947
5,4.3,1766819702138
5,4.1,1766819702410
5,5.0,1766819702621
5,3.8,1766819702828
5,4.4,1766819703025
5,4.2,1766819703221
5,4.5,1766819703385
5,4.3,1766819703628
5,4.1,1766819703826
5,4.9,1766819704042
5,3.4,1766819704250
5,5.2,1766819704431
5,3.8,1766819704640
5,4.5,1766819704884
5,4.6,1766819705145
5,3.5,1766819705399
5,4.3,1766819705633
5,4.4,1766819705827
5,4.5,1766819706016
5,4.7,1766819706207
5,4.3,1766819706367
5,4.9,1766819706549
5,3.5,1766819706792
5,5.0,1766819707006
5,3.4,1766819707243
5,4.7,1766819707492
5,4.3,1766819707685
5,4.2,1766819707865
5,4.7,1766819708072
5,3.7,1766819708293
5,5.0,1766819708536
5,4.4,1766819708727
5,3.8,1766819709010
5,5.2,1766819709194
5,3.7,1766819709374
5,5.1,1766819709588
5,3.4,1766819709823
5,4.8,1766819710037
5,4.2,1766819710205
5,3.6,1766819710447
5,5.1,1766819710639
5,3.2,1766819710849
5,5.1,1766819711054
5,3.7,1766819711269
5,4.6,1766819711461
5,4.4,1766819711675
5,3.6,1766819711877
5,5.6,1766819712058
5,3.6,1766819712249
5,4.4,1766819712501
5,4.2,1766819712703
5,4.0,1766819712911
5,4.7,1766819713102
5,3.1,1766819713409
5,5.0,1766819713642
5,3.9,1766819713830
5,5.1,1766819713983
5,4.7,1766819714153
5,4.3,1766819714330
5,4.6,1766819714536
5,3.8,1766819714716
5,5.0,1766819714898
5,3.6,1766819715073
5,4.5,1766819715303
5,4.3,1766819715509
5,4.3,1766819715719
5,4.7,1766819715983
5,3.8,1766819716270
5,4.5,1766819716484
5,4.9,1766819716696
5,4.1,1766819716875
5,4.7,1766819717099
5,4.0,1766819717315
5,4.5,1766819717496
5,4.1,1766819717699
5,4.5,1766819717886
5,4.6,1766819718090
5,3.9,1766819718314
5,4.4,1766819718524
5,4.4,1766819718718
5,4.7,1766819718900
5,4.5,1766819719103
5,4.2,1766819719328
5,4.1,1766819719575
5,4.3,1766819719795
5,4.2,1766819720011
5,4.3,1766819720209
5,4.1,1766819720387
5,4.1,1766819720701
5,4.4,1766819720875
5,3.9,1766819721097
5,4.9,1766819721317
5,3.7,1766819721505
5,4.1,1766819721773
5,4.2,1766819721954
5,4.3,1766819722159
5,4.4,1766819722345
5,4.4,1766819722520
5,4.9,1766819722716
5,3.7,1766819722963
5,5.1,1766819723211
5,3.6,1766819723450
5,4.5,1766819723644
5,4.5,1766819723905
5,3.7,1766819724133
5,5.3,1766819724311
5,3.6,1766819724482
5,5.3,1766819724674
5,3.9,1766819724858
5,4.7,1766819725066
5,3.7,1766819725251
5,4.9,1766819725436
5,4.3,1766819725706
5,3.6,1766819725961
5,5.0,1766819726160
5,3.6,1766819726360
5,4.7,1766819726557
5,4.1,1766819726723
5,4.5,1766819726909
5,4.3,1766819727114
5,4.1,1766819727299
5,4.7,1766819727489
5,3.9,1766819727668
5,5.2,1766819727848
5,3.7,1766819728044
5,4.8,1766819728258
5,4.1,1766819728462
5,4.1,1766819728696
5,4.5,1766819728885
5,3.9,1766819729118
5,5.0,1766819729348
5,3.5,1766819729592
5,5.0,1766819729773
5,4.2,1766819729980
5,4.5,1766819730173
5,4.9,1766819730378
5,3.4,1766819730642
5,4.9,1766819730848
5,4.1,1766819731071
5,4.5,1766819731247
5,4.2,1766819731412
5,4.5,1766819731586
5,4.3,1766819731763
5,4.4,1766819731937
5,4.5,1766819732169
5,3.6,1766819732441
5,5.0,1766819732640
6,4.2,1766819732813
6,4.5,1766819733019
6,4.5,1766819733207
6,4.1,1766819733392
6,4.8,1766819733644
6,3.6,1766819733849
6,4.8,1766819734090
6,4.4,1766819734272
6,3.4,1766819734600
6,5.0,1766819734795
6,3.7,1766819734995
6,5.0,1766819735197
6,3.9,1766819735383
6,5.1,1766819735578
6,3.9,1766819735783
6,4.7,1766819735988
6,4.6,1766819736173
6,4.2,1766819736375
6,4.7,1766819736595
6,3.4,1766819736785
6,5.1,1766819736980
6,4.1,1766819737151
6,4.9,1766819737352
6,4.0,1766819737545
6,4.5,1766819737758
6,4.2,1766819737941
6,4.0,1766819738217
6,5.0,1766819738441
6,3.9,1766819738673
6,4.3,1766819738937
6,4.9,1766819739146
6,3.6,1766819739370
6,5.2,1766819739551
6,3.8,1766819739732
6,4.8,1766819739946
6,5.2,1766819740167
6,4.4,1766819740436
6,6.5,1766819740655
6,4.0,1766819740851
6,4.5,1766819741081
6,4.0,1766819741291
6,3.8,1766819741596
6,5.1,1766819741794
6,3.8,1766819741968
6,5.2,1766819742194
6,3.5,1766819742365
6,5.1,1766819742557
6,4.4,1766819742754
6,4.2,1766819742959
6,4.1,1766819743187
6,4.2,1766819743392
6,4.4,1766819743537
6,4.7,1766819743714
6,4.5,1766819743900
6,4.2,1766819744104
6,4.8,1766819744327
6,3.3,1766819744573
6,4.8,1766819744797
6,4.3,1766819744987
6,3.9,1766819745207
6,4.7,1766819745402
6,3.6,1766819745587
6,4.9,1766819745767
6,3.6,1766819745962
6,5.4,1766819746150
6,3.7,1766819746366
6,4.7,1766819746623
6,4.5,1766819746829
6,4.4,1766819747009
6,5.3,1766819747223
6,3.5,1766819747460
6,4.4,1766819747686
6,4.4,1766819747923
6,3.4,1766819748169
6,5.3,1766819748356
6,3.9,1766819748541
6,5.1,1766819748733
6,3.7,1766819748921
6,4.4,1766819749169
6,5.0,1766819749395
6,4.1,1766819749598
6,4.9,1766819749820
6,4.0,1766819750005
6,4.5,1766819750250
6,4.4,1766819750468
6,4.0,1766819750658
6,4.9,1766819750845
6,3.4,1766819751041
6,5.1,1766819751241
6,3.9,1766819751479
6,4.3,1766819751663
6,4.5,1766819751902
6,4.1,1766819752115
6,4.5,1766819752341
6,4.1,1766819752534
6,4.4,1766819752727
6,3.8,1766819752912
6,4.4,1766819753099
6,3.9,1766819753310
6,4.2,1766819753510
6,3.9,1766819753763
6,4.4,1766819754019
6,4.1,1766819754210
6,4.3,1766819754452
6,4.7,1766819754640
6,3.9,1766819754848
6,4.9,1766819755042
6,3.7,1766819755256
6,4.6,1766819755521
6,3.5,1766819755800
6,4.5,1766819755997
6,4.7,1766819756160
6,4.1,1766819756395
6,5.0,1766819756590
6,3.7,1766819756776
6,5.1,1766819756975
6,3.5,1766819757193
6,4.6,1766819757426
6,4.4,1766819757634
6,3.8,1766819757833
6,5.1,1766819758057
6,3.8,1766819758247
6,4.2,1766819758562
6,4.7,1766819758788
6,4.0,1766819758980
6,4.7,1766819759255
6,4.6,1766819759499
6,3.8,1766819759687
6,5.0,1766819759899
6,3.5,1766819760083
6,3.8,1766819760441
6,4.7,1766819760619
6,4.3,1766819760838
6,4.9,1766819761047
6,3.5,1766819761196
6,5.5,1766819761391
6,4.0,1766819761576
6,4.2,1766819761868
6,4.4,1766819762188
6,4.0,1766819762393
6,4.8,1766819762570
6,3.8,1766819762747
6,4.3,1766819762949
6,4.7,1766819763156
6,3.9,1766819763416
6,4.7,1766819763645
6,4.2,1766819763844
6,4.4,1766819764025
6,4.7,1766819764237
6,3.9,1766819764464
6,4.6,1766819764731
6,4.1,1766819764934
6,4.1,1766819765217
6,4.7,1766819765422
6,3.8,1766819765592
6,4.9,1766819765809
6,3.8,1766819766007
6,4.5,1766819766212
6,4.5,1766819766366
6,4.4,1766819766585
6,4.9,1766819766766
6,3.8,1766819766966
6,5.2,1766819767159
6,3.6,1766819767345
6,5.1,1766819767544
6,3.2,1766819767810
6,4.7,1766819768014
6,4.3,1766819768217
6,4.2,1766819768404
6,4.4,1766819768636
6,3.9,1766819768847
6,5.2,1766819769042
6,3.6,1766819769262
6,4.3,1766819769529
6,4.9,1766819769716
6,3.6,1766819769990
6,4.6,1766819770220
6,3.7,1766819770409
6,4.9,1766819770608
6,4.6,1766819770803
6,4.1,1766819771003
6,4.9,1766819771206
6,3.7,1766819771413
6,4.8,1766819771644
6,4.2,1766819771856
6,3.9,1766819772103
6,4.8,1766819772323
6,3.5,1766819772536
6,5.0,1766819772758
6,4.1,1766819772976
6,4.4,1766819773157
6,4.6,1766819773376
6,3.9,1766819773559
6,4.8,1766819773774
6,3.3,1766819774073
6,5.0,1766819774259
6,3.8,1766819774428
6,4.6,1766819774620
6,4.4,1766819774850
6,3.7,1766819775064
6,5.1,1766819775252
6,3.8,1766819775443
6,4.6,1766819775660
6,3.7,1766819775913
6,4.6,1766819776122
6,4.0,1766819776328
6,4.4,1766819776514
6,4.4,1766819776705
6,4.0,1766819776903
6,4.6,1766819777096
6,4.1,1766819777283
6,5.0,1766819777462
6,4.0,1766819777687
6,3.9,1766819778020
6,5.0,1766819778190
6,3.9,1766819778393
6,5.5,1766819778582
6,3.8,1766819778755
6,5.0,1766819778942
6,4.1,1766819779112
6,4.6,1766819779309
6,4.1,1766819779485
6,4.2,1766819779721
6,4.2,1766819779972
6,4.1,1766819780170
6,4.4,1766819780391
6,4.0,1766819780606
6,4.4,1766819780859
6,4.0,1766819781068
6,4.4,1766819781241
6,4.4,1766819781424
6,4.5,1766819781606
6,4.2,1766819781808
6,4.2,1766819781987
6,4.4,1766819782185
6,4.2,1766819782395
6,4.5,1766819782590
6,4.2,1766819782793
6,4.4,1766819783000
6,3.9,1766819783262
6,4.7,1766819783449
6,4.5,1766819783623
6,4.5,1766819783830
6,4.0,1766819784055
6,4.3,1766819784283
6,4.3,1766819784545
6,4.0,1766819784742
6,4.2,1766819784987
6,4.5,1766819785188
6,4.3,1766819785404
6,4.1,1766819785659
6,4.2,1766819785869
6,4.3,1766819786048
6,4.1,1766819786251
6,4.7,1766819786455
6,3.8,1766819786675
6,4.3,1766819786892
6,4.5,1766819787095
6,4.1,1766819787277
6,4.6,1766819787473
6,4.2,1766819787671
6,4.5,1766819787903
6,4.6,1766819788091
6,4.0,1766819788338
6,4.7,1766819788560
6,3.5,1766819788841
6,5.0,1766819789032
6,4.3,1766819789218
6,5.0,1766819789386
6,4.1,1766819789578
6,4.1,1766819789787
6,4.0,1766819790003
6,4.6,1766819790201
6,4.6,1766819790424
6,3.9,1766819790623
6,4.5,1766819790899
6,4.0,1766819791120
6,4.6,1766819791288
6,4.5,1766819791481
6,4.1,1766819791703
6,4.7,1766819791919
6,3.7,1766819792103
6,4.8,1766819792313
6,4.1,1766819792492
6,4.6,1766819792695
6,4.7,1766819792872
6,3.5,1766819793133
6,5.0,1766819793369
6,3.5,1766819793616
6,4.2,1766819793853
6,4.5,1766819794061
6,4.1,1766819794275
6,4.5,1766819794482
6,4.1,1766819794631
6,5.1,1766819794838
6,3.6,1766819795009
6,4.5,1766819795250
6,3.9,1766819795454
6,4.3,1766819795677
6,4.8,1766819795855
6,3.8,1766819796038
6,4.7,1766819796235
6,3.6,1766819796445
6,4.7,1766819796629
6,3.7,1766819796866
6,5.1,1766819797055
6,3.9,1766819797253
6,4.4,1766819797491
6,4.2,1766819797663
6,4.4,1766819797844
6,4.2,1766819798047
6,3.9,1766819798342
6,4.7,1766819798569
6,3.6,1766819798780
6,4.8,1766819798989
6,4.1,1766819799165
6,4.6,1766819799361
6,4.3,1766819799560
6,3.9,1766819799755
6,4.7,1766819799957
6,4.0,1766819800149
6,6.9,1766819800350
6,4.7,1766819800511
6,4.4,1766819800720
6,4.2,1766819800927
6,4.5,1766819801156
6,4.6,1766819801395
6,3.1,1766819801664
6,4.9,1766819801870
6,4.0,1766819802055
6,4.6,1766819802239
6,4.6,1766819802435
6,3.9,1766819802637
6,4.6,1766819802869
6,3.7,1766819803057
6,5.2,1766819803261
6,3.7,1766819803513
6,4.9,1766819803714
6,4.6,1766819803894
6,4.5,1766819804098
6,5.0,1766819804302
6,3.6,1766819804536
6,4.6,1766819804778
6,4.2,1766819804962
6,3.8,1766819805239
6,4.8,1766819805495
6,3.9,1766819805702
6,4.2,1766819805973
6,4.8,1766819806186
6,3.5,1766819806390
6,5.3,1766819806583
6,3.7,1766819806750
6,4.9,1766819806943
6,3.5,1766819807194
6,4.0,1766819807424
6,4.6,1766819807647
6,3.7,1766819807921
6,4.3,1766819808217
6,4.0,1766819808430
6,3.9,1766819808641
6,4.7,1766819808870
6,3.8,1766819809061
6,4.8,1766819809286
6,4.6,1766819809476
6,3.9,1766819809692
6,4.5,1766819809886
6,4.0,1766819810127
6,4.7,1766819810374
6,4.1,1766819810574
6,4.3,1766819810791
6,5.0,1766819810998
6,3.6,1766819811190
6,4.9,1766819811413
6,4.1,1766819811610
6,4.3,1766819811825
6,4.0,1766819812051
6,4.3,1766819812236
6,4.9,1766819812417
6,3.9,1766819812636
6,4.8,1766819812865
6,3.6,1766819813058
6,5.1,1766819813255
6,4.4,1766819813486
6,4.0,1766819813672
6,5.1,1766819813858
6,3.8,1766819814078
6,4.9,1766819814293
6,3.7,1766819814492
6,5.2,1766819814677
6,4.4,1766819814859
6,4.6,1766819815060
6,4.5,1766819815260
6,3.5,1766819815550
6,4.9,1766819815738
6,3.7,1766819815927
6,4.7,1766819816139
6,4.0,1766819816356
6,3.8,1766819816631
6,5.0,1766819816840
6,3.7,1766819817071
6,4.4,1766819817293
6,4.3,1766819817504
6,4.2,1766819817710
6,4.4,1766819817982
6,3.7,1766819818194
6,4.7,1766819818405
6,4.4,1766819818614
6,3.8,1766819818804
6,5.0,1766819818978
6,3.7,1766819819187
6,5.4,1766819819383
6,3.3,1766819819635
6,5.0,1766819819840
6,4.0,1766819820030
6,4.6,1766819820223
6,4.5,1766819820433
6,4.2,1766819820604
6,4.9,1766819820794
6,3.8,1766819820965
6,5.3,1766819821155
6,3.8,1766819821331
6,5.3,1766819821508
6,3.5,1766819821695
6,4.9,1766819821891
6,3.9,1766819822080
6,4.6,1766819822311
6,4.5,1766819822586
6,3.5,1766819822780
6,5.0,1766819822984
6,4.1,1766819823180
6,4.2,1766819823479
6,4.7,1766819823684
6,3.7,1766819823914
6,4.8,1766819824094
6,3.9,1766819824271
6,4.8,1766819824477
6,3.5,1766819824703
6,4.8,1766819824895
6,4.1,1766819825087
6,4.2,1766819825319
6,4.8,1766819825528
6,3.6,1766819825726
6,4.5,1766819825981
6,4.8,1766819826197
6,3.7,1766819826443
6,4.7,1766819826730
6,4.7,1766819826973
6,3.5,1766819827248
6,5.1,1766819827448
6,4.0,1766819827630
6,4.6,1766819827817
6,4.6,1766819828006
6,4.1,1766819828203
6,4.9,1766819828439
6,3.4,1766819828699
6,4.4,1766819828974
6,4.3,1766819829198
6,3.6,1766819829383
6,5.0,1766819829571
6,3.4,1766819829794
6,5.0,1766819830009
6,3.8,1766819830209
6,4.3,1766819830476
6,4.8,1766819830716
6,3.5,1766819830894
6,4.6,1766819831136
6,4.9,1766819831370
6,3.6,1766819831658
6,5.2,1766819831828
6,3.6,1766819832010
6,4.6,1766819832221
6,4.3,1766819832431
6,4.1,1766819832678
6,4.7,1766819832931
6,4.0,1766819833140
6,4.6,1766819833333
6,4.5,1766819833546
6,4.0,1766819833728
6,5.1,1766819833913
6,3.4,1766819834104
6,5.4,1766819834296
6,3.2,1766819834559
6,4.5,1766819834765
6,4.5,1766819834961
6,4.3,1766819835131
6,4.8,1766819835338
6,3.9,1766819835549
6,4.9,1766819835791
6,3.3,1766819836008
6,4.9,1766819836210
6,4.3,1766819836392
6,4.5,1766819836606
6,4.7,1766819836827
6,3.7,1766819837010
6,4.8,1766819837212
6,3.9,1766819837411
6,4.3,1766819837671
6,4.7,1766819837893
6,4.1,1766819838077
6,4.4,1766819838363
6,4.1,1766819838564
6,4.1,1766819838828
6,5.0,1766819839062
6,3.0,1766819839315
6,5.3,1766819839491
6,3.8,1766819839656
6,5.3,1766819839835
6,3.6,1766819840007
6,5.1,1766819840203
6,3.7,1766819840383
6,5.0,1766819840571
6,4.2,1766819840757
6,4.2,1766819840954
6,4.8,1766819841151
6,3.6,1766819841344
6,5.1,1766819841557
6,3.1,1766819841889
6,4.7,1766819842077
6,4.3,1766819842261
6,4.3,1766819842454
6,4.6,1766819842647
6,4.2,1766819842819
6,4.9,1766819843019
6,3.7,1766819843205
6,5.0,1766819843445
6,3.3,1766819843719
6,4.5,1766819843963
6,4.8,1766819844143
6,3.8,1766819844323
6,5.2,1766819844503
6,3.5,1766819844716
6,5.0,1766819844928
6,4.4,1766819845178
6,3.8,1766819845392
6,5.3,1766819845585
6,3.7,1766819845767
6,4.3,1766819846044
6,4.4,1766819846264
6,4.1,1766819846449
6,5.0,1766819846673
6,3.6,1766819846863
6,4.7,1766819847078
6,4.3,1766819847268
6,4.0,1766819847560
6,4.7,1766819847774
6,3.7,1766819847982
6,4.9,1766819848177
6,3.5,1766819848377
6,5.0,1766819848563
6,3.5,1766819848730
6,4.9,1766819848939
6,4.4,1766819849151
6,3.9,1766819849401
6,4.8,1766819849641
6,3.7,1766819849842
6,5.0,1766819850019
6,4.2,1766819850207
6,4.4,1766819850414
6,4.7,1766819850648
6,3.8,1766819850844
6,4.8,1766819851076
6,4.1,1766819851276
6,4.4,1766819851533
6,4.7,1766819851732
6,4.0,1766819851925
6,4.9,1766819852140
6,3.9,1766819852328
6,4.8,1766819852549
6,4.4,1766819852794
6,4.2,1766819853001
6,5.2,1766819853194
6,3.6,1766819853383
6,5.1,1766819853574
6,3.5,1766819853774
6,4.3,1766819854018
6,4.7,1766819854203
6,4.2,1766819854400
6,4.7,1766819854655
6,3.4,1766819854865
6,4.9,1766819855065
6,4.2,1766819855222
6,4.5,1766819855456
6,4.9,1766819855662
6,3.3,1766819855985
6,5.0,1766819856194
6,3.9,1766819856395
6,3.9,1766819856702
6,4.3,1766819856877
6,4.2,1766819857066
6,4.9,1766819857281
6,3.3,1766819857473
6,4.8,1766819857753
6,4.9,1766819857980
6,3.8,1766819858224
6,4.2,1766819858507
6,4.9,1766819858693
6,3.8,1766819858941
6,5.2,1766819859150
6,3.2,1766819859384
6,4.8,1766819859571
6,4.3,1766819859762
6,4.4,1766819859962
6,4.8,1766819860169
6,5.1,1766819860390
6,6.5,1766819860575
6,3.5,1766819860771
6,5.1,1766819860969
6,4.0,1766819861144
6,4.7,1766819861336
6,3.8,1766819861544
6,4.8,1766819861755
6,4.3,1766819861960
6,4.0,1766819862224
6,5.1,1766819862426
6,4.2,1766819862605
6,4.4,1766819862838
6,3.9,1766819863035
6,4.4,1766819863229
6,4.4,1766819863422
6,4.2,1766819863587
6,4.4,1766819863808
6,3.9,1766819863987
6,4.9,1766819864222
6,3.8,1766819864409
6,5.3,1766819864590
6,3.6,1766819864788
6,4.8,1766819864981
6,4.3,1766819865166
6,4.4,1766819865348
6,4.6,1766819865531
6,3.5,1766819865761
6,4.8,1766819865972
6,3.7,1766819866163
6,4.8,1766819866364
6,3.8,1766819866547
6,4.5,1766819866766
6,4.4,1766819866967
6,3.7,1766819867239
6,5.2,1766819867422
6,3.5,1766819867628
6,4.8,1766819867856
6,4.4,1766819868035
6,4.2,1766819868226
6,4.5,1766819868412
6,4.4,1766819868619
6,5.0,1766819868836
6,3.5,1766819869066
6,5.0,1766819869268
6,4.0,1766819869443
6,4.7,1766819869652
6,4.4,1766819869861
6,4.1,1766819870095
6,4.8,1766819870330
6,4.1,1766819870534
6,4.4,1766819870792
6,4.6,1766819871072
6,3.9,1766819871257
6,4.3,1766819871531
6,4.4,1766819871755
6,3.9,1766819871984
6,5.3,1766819872176
6,3.3,1766819872442
6,4.7,1766819872638
6,4.2,1766819872838
6,4.0,1766819873065
6,4.8,1766819873287
6,3.9,1766819873461
6,4.7,1766819873729
6,3.7,1766819873906
6,4.5,1766819874149
6,5.0,1766819874381
6,3.4,1766819874637
6,4.9,1766819874832
6,4.0,1766819875018
6,5.3,1766819875202
6,4.5,1766819875402
6,4.4,1766819875602
6,4.6,1766819875863
6,3.6,1766819876040
6,5.1,1766819876217
6,4.3,1766819876427
6,4.4,1766819876646
6,4.7,1766819876893
6,3.7,1766819877086
6,5.1,1766819877275
6,3.7,1766819877467
6,4.6,1766819877678
6,4.0,1766819877914
6,4.1,1766819878129
6,4.8,1766819878315
6,3.9,1766819878518
6,5.1,1766819878730
6,3.7,1766819878892
6,4.7,1766819879112
6,4.1,1766819879318
6,4.3,1766819879554
6,4.4,1766819879745
6,4.4,1766819879932
6,4.7,1766819880124
6,3.4,1766819880353
6,5.1,1766819880565
6,3.9,1766819880764
6,4.6,1766819881003
6,5.0,1766819881236
6,3.5,1766819881439
6,5.1,1766819881637
6,3.6,1766819881848
6,4.9,1766819882037
6,4.5,1766819882251
6,4.7,1766819882420
6,4.6,1766819882658
6,3.6,1766819882850
6,4.8,1766819883086
6,4.1,1766819883283
6,4.1,1766819883543
6,4.7,1766819883749
6,3.7,1766819883978
6,4.7,1766819884232
6,4.2,1766819884432
6,4.5,1766819884650
6,4.7,1766819884811
6,4.3,1766819884998
6,4.8,1766819885220
6,3.2,1766819885438
6,4.7,1766819885686
6,4.5,1766819885888
6,3.7,1766819886198
6,5.4,1766819886395
6,3.6,1766819886574
6,5.1,1766819886765
6,4.3,1766819886964
6,4.3,1766819887196
6,4.6,1766819887389
6,3.7,1766819887634
6,5.2,1766819887844
6,3.9,1766819888028
6,4.7,1766819888229
6,4.4,1766819888385
6,4.4,1766819888622
6,4.6,1766819888831
6,3.3,1766819889118
6,4.6,1766819889344
6,3.5,1766819889573
6,4.8,1766819889760
6,4.8,1766819889974
6,3.8,1766819890207
6,4.1,1766819890525
6,4.3,1766819890761
6,4.2,1766819890953
6,5.2,1766819891130
6,3.7,1766819891313
6,4.6,1766819891580
6,4.5,1766819891770
6,4.2,1766819891996
6,4.9,1766819892220
6,3.2,1766819892437
6,5.3,1766819892629
6,3.8,1766819892821
6,5.3,1766819893000
6,3.6,1766819893197
6,4.2,1766819893460
6,4.7,1766819893732
6,4.3,1766819893954
6,4.2,1766819894165
6,4.9,1766819894350
6,3.6,1766819894592
6,4.3,1766819894876
6,4.7,1766819895090
6,3.5,1766819895340
6,4.6,1766819895607
6,4.4,1766819895820
6,4.4,1766819896004
6,4.6,1766819896212
6,3.9,1766819896389
6,5.2,1766819896567
6,3.3,1766819896778
6,3.9,1766819897119
6,4.9,1766819897318
6,3.5,1766819897509
6,5.1,1766819897707
6,3.4,1766819897876
6,5.1,1766819898059
6,3.9,1766819898285
6,4.5,1766819898489
6,5.0,1766819898687
6,3.8,1766819898906
6,5.0,1766819899115
6,3.5,1766819899310
6,5.0,1766819899511
6,4.4,1766819899708
6,4.4,1766819899900
6,4.6,1766819900100
6,4.1,1766819900285
6,4.4,1766819900523
6,3.9,1766819900709
6,4.4,1766819900995
6,4.7,1766819901222
6,3.7,1766819901445
6,4.9,1766819901700
6,4.0,1766819901897
6,4.5,1766819902117
6,5.2,1766819902305
6,3.6,1766819902517
6,5.1,1766819902706
6,3.5,1766819902991
6,4.0,1766819903241
6,4.8,1766819903484
6,3.5,1766819903692
6,4.6,1766819903984
6,4.1,1766819904181
6,4.3,1766819904362
6,5.1,1766819904547
6,3.8,1766819904725
6,4.7,1766819904934
6,3.7,1766819905113
6,5.4,1766819905305
6,3.7,1766819905489
6,5.1,1766819905692
6,3.6,1766819905982
6,4.8,1766819906179
6,4.3,1766819906373
6,4.3,1766819906549
6,4.5,1766819906763
6,4.3,1766819906945
6,4.8,1766819907128
6,4.0,1766819907294
6,4.8,1766819907484
6,3.7,1766819907700
6,4.6,1766819907988
6,4.7,1766819908206
6,3.8,1766819908379
6,4.7,1766819908562
6,3.6,1766819908752
6,4.7,1766819908983
6,3.4,1766819909290
6,4.2,1766819909475
6,4.5,1766819909684
6,3.7,1766819909884
6,4.6,1766819910166
6,4.2,1766819910350
6,4.5,1766819910544
6,4.4,1766819910753
6,3.9,1766819910959
6,4.9,1766819911165
6,3.1,1766819911437
6,4.7,1766819911662
6,4.4,1766819911856
6,3.7,1766819912081
6,5.3,1766819912282
6,3.7,1766819912517
6,4.4,1766819912768
6,4.8,1766819912974
6,4.0,1766819913151
6,5.2,1766819913331
6,3.2,1766819913519
6,5.0,1766819913730
6,4.4,1766819913910
6,4.2,1766819914207
6,4.6,1766819914455
6,3.8,1766819914639
6,4.8,1766819914856
6,4.7,1766819915039
6,4.4,1766819915248
6,4.6,1766819915474
6,3.8,1766819915661
6,5.3,1766819915842
6,3.4,1766819916059
6,4.8,1766819916299
6,3.6,1766819916497
6,4.5,1766819916724
6,4.5,1766819916948
6,3.9,1766819917146
6,5.1,1766819917354
6,3.5,1766819917531
6,4.8,1766819917734
6,4.0,1766819917952
6,3.9,1766819918210
6,5.0,1766819918434
6,3.7,1766819918621
6,4.4,1766819918873
6,4.3,1766819919057
6,4.8,1766819919231
6,4.4,1766819919425
6,4.3,1766819919613
6,4.7,1766819919796
6,3.9,1766819920012
6,5.7,1766819920207
6,4.8,1766819920437
6,5.1,1766819920721
6,4.7,1766819920929
6,4.0,1766819921108
6,4.9,1766819921310
6,3.5,1766819921586
6,4.7,1766819921794
6,4.3,1766819921958
6,4.9,1766819922134
6,4.1,1766819922319
6,4.2,1766819922550
6,4.7,1766819922755
6,3.6,1766819922970
6,4.8,1766819923226
6,4.0,1766819923455
6,3.9,1766819923702
6,4.5,1766819923928
6,3.6,1766819924113
6,4.1,1766819924463
6,4.3,1766819924636
6,4.5,1766819924802
6,3.9,1766819924993
6,4.5,1766819925196
6,4.6,1766819925400
6,3.9,1766819925579
6,5.0,1766819925740
6,3.9,1766819925935
6,4.7,1766819926204
6,4.7,1766819926399
6,4.2,1766819926610
6,4.8,1766819926882
6,4.1,1766819927053
6,4.4,1766819927320
6,4.5,1766819927594
6,3.5,1766819927810
6,4.6,1766819928011
6,3.8,1766819928224
6,4.9,1766819928421
6,3.6,1766819928627
6,5.1,1766819928793
6,4.1,1766819928960
6,4.6,1766819929185
6,4.9,1766819929357
6,4.1,1766819929555
6,4.7,1766819929773
6,3.8,1766819929959
6,5.2,1766819930136
6,3.6,1766819930317
6,5.3,1766819930501
6,3.6,1766819930707
6,4.4,1766819931000
