gpu_usage,Context.TRAINING,LoggingItemKind.SYSTEM_METRIC
0,0.0,1766818555101
0,0.0,1766818555823
0,0.0,1766818555962
0,0.0,1766818556116
0,0.0,1766818556254
0,0.0,1766818556392
0,0.0,1766818556546
0,0.0,1766818556715
0,0.0,1766818556874
0,0.0,1766818557032
0,0.0,1766818557196
0,0.0,1766818557340
0,0.0,1766818557486
0,0.0,1766818557660
0,0.0,1766818557825
0,0.0,1766818557979
0,0.0,1766818558136
0,0.0,1766818558290
0,0.0,1766818558435
0,0.0,1766818558573
0,0.0,1766818558712
0,0.0,1766818558868
0,0.0,1766818559018
0,0.0,1766818559157
0,0.0,1766818559298
0,0.0,1766818559439
0,0.0,1766818559582
0,0.0,1766818559735
0,0.0,1766818559895
0,0.0,1766818560043
0,0.0,1766818560184
0,0.0,1766818560330
0,0.0,1766818560477
0,0.0,1766818560631
0,0.0,1766818560791
0,0.0,1766818560939
0,0.0,1766818561086
0,0.0,1766818561253
0,0.0,1766818561401
0,0.0,1766818561555
0,0.0,1766818561723
0,0.0,1766818561877
0,0.0,1766818562024
0,0.0,1766818562210
0,0.0,1766818562353
0,0.0,1766818562504
0,0.0,1766818562660
0,0.0,1766818562818
0,0.0,1766818562967
0,0.0,1766818563118
0,0.0,1766818563278
0,0.0,1766818563432
0,0.0,1766818563580
0,0.0,1766818563727
0,0.0,1766818563880
0,0.0,1766818564022
0,0.0,1766818564179
0,0.0,1766818564327
0,0.0,1766818564473
0,0.0,1766818564640
0,0.0,1766818564788
0,0.0,1766818564951
0,0.0,1766818565104
0,0.0,1766818565250
0,0.0,1766818565405
0,0.0,1766818565561
0,0.0,1766818565700
0,0.0,1766818565877
0,0.0,1766818566029
0,0.0,1766818566186
0,0.0,1766818566357
0,0.0,1766818566509
0,0.0,1766818566848
0,0.01,1766818567036
0,0.61,1766818567202
0,0.73,1766818567363
0,0.77,1766818567533
0,0.74,1766818567694
0,0.77,1766818567845
0,0.77,1766818567994
0,0.01,1766818568145
0,0.41,1766818568357
0,1.0,1766818568536
0,1.0,1766818568702
0,1.0,1766818568858
0,1.0,1766818569016
0,1.0,1766818569169
0,1.0,1766818569348
0,1.0,1766818569523
0,1.0,1766818569680
0,1.0,1766818569827
0,1.0,1766818569980
0,1.0,1766818570123
0,0.51,1766818570283
0,0.51,1766818570428
0,0.05,1766818570573
0,0.0,1766818570743
0,0.0,1766818570902
0,0.0,1766818571050
0,0.0,1766818571234
0,0.0,1766818571398
0,0.0,1766818571550
0,0.0,1766818571705
0,0.0,1766818571845
0,0.0,1766818571990
0,0.0,1766818572162
0,0.0,1766818572313
0,0.0,1766818572464
0,0.0,1766818572620
0,0.0,1766818572772
0,0.0,1766818572930
0,0.0,1766818573091
0,0.0,1766818573254
0,0.0,1766818573419
0,0.0,1766818573562
0,0.0,1766818573716
0,0.0,1766818573864
0,0.0,1766818574004
0,0.0,1766818574205
0,0.76,1766818574352
0,1.0,1766818574510
0,1.0,1766818574658
0,0.04,1766818574825
0,0.0,1766818574966
0,0.0,1766818575112
0,0.0,1766818575259
0,0.0,1766818575411
0,0.0,1766818575555
0,0.0,1766818575697
0,0.0,1766818575845
0,0.0,1766818575989
0,0.0,1766818576133
0,0.0,1766818576293
0,0.0,1766818576453
0,0.0,1766818576601
0,0.0,1766818576748
0,0.0,1766818576952
0,0.0,1766818577101
0,0.0,1766818577251
0,0.0,1766818577391
0,0.0,1766818577538
0,0.0,1766818577701
0,0.0,1766818577844
0,0.0,1766818577986
0,0.0,1766818578130
0,0.0,1766818578285
0,0.0,1766818578434
0,0.0,1766818578578
0,0.0,1766818578725
0,0.0,1766818578875
0,0.0,1766818579022
0,0.0,1766818579164
0,0.0,1766818579322
0,0.0,1766818579469
0,0.0,1766818579623
0,0.0,1766818579769
0,0.0,1766818579914
0,0.0,1766818580072
0,0.0,1766818580221
0,0.0,1766818580358
0,0.0,1766818580501
0,0.0,1766818580657
0,0.0,1766818580807
0,0.0,1766818580974
0,0.0,1766818581155
0,0.0,1766818581307
0,0.0,1766818581445
0,0.0,1766818581617
0,0.0,1766818581768
0,0.0,1766818581915
0,0.0,1766818582062
0,0.0,1766818582222
0,0.0,1766818582370
0,0.0,1766818582514
0,0.0,1766818582655
0,0.0,1766818582804
0,0.0,1766818582944
0,0.0,1766818583099
0,0.0,1766818583268
0,0.0,1766818583420
0,0.0,1766818583564
0,0.0,1766818583722
0,0.0,1766818583866
0,0.0,1766818584066
0,0.0,1766818584217
0,0.0,1766818584370
0,0.0,1766818584517
0,0.0,1766818584665
0,0.0,1766818584804
0,0.0,1766818584965
0,0.0,1766818585115
0,0.0,1766818585264
0,0.0,1766818585414
0,0.0,1766818585597
0,0.0,1766818585740
0,0.0,1766818585889
0,0.0,1766818586033
0,0.0,1766818586183
0,0.0,1766818586344
0,0.0,1766818586489
0,0.0,1766818586659
0,0.0,1766818586819
0,0.0,1766818586971
0,0.0,1766818587135
0,0.0,1766818587282
0,0.0,1766818587433
0,0.0,1766818587582
0,0.0,1766818587746
0,0.0,1766818587900
0,0.0,1766818588057
0,0.0,1766818588225
0,0.0,1766818588368
0,0.0,1766818588516
0,0.0,1766818588669
0,0.0,1766818588822
0,0.0,1766818589023
0,0.0,1766818589175
0,0.0,1766818589326
0,0.0,1766818589470
0,0.0,1766818589615
0,0.0,1766818589758
0,0.0,1766818589898
0,0.0,1766818590047
0,0.0,1766818590194
0,0.0,1766818590342
0,0.0,1766818590497
0,0.0,1766818590646
0,0.0,1766818590795
0,0.0,1766818590941
0,0.0,1766818591098
0,0.0,1766818591253
0,0.0,1766818591405
0,0.0,1766818591558
0,0.0,1766818591712
0,0.0,1766818591859
0,0.0,1766818592011
0,0.0,1766818592159
0,0.0,1766818592317
0,0.0,1766818592455
0,0.0,1766818592616
0,0.0,1766818592776
0,0.0,1766818592927
0,0.0,1766818593081
0,0.0,1766818593228
0,0.0,1766818593379
0,0.0,1766818593539
0,0.0,1766818593682
0,0.0,1766818593832
0,0.0,1766818593968
0,0.0,1766818594120
0,0.0,1766818594259
0,0.0,1766818594409
0,0.0,1766818594551
0,0.0,1766818594709
0,0.0,1766818594861
0,0.0,1766818595005
0,0.0,1766818595152
0,0.0,1766818595300
0,0.0,1766818595450
0,0.0,1766818595591
0,0.0,1766818595746
0,0.0,1766818595899
0,0.0,1766818596061
0,0.0,1766818596214
0,0.0,1766818596372
0,0.0,1766818596535
0,0.0,1766818596695
0,0.0,1766818596865
0,0.0,1766818597011
0,0.0,1766818597161
0,0.0,1766818597313
0,0.0,1766818597476
0,0.0,1766818597813
0,0.37,1766818597969
0,0.77,1766818598120
0,0.79,1766818598271
0,0.76,1766818598416
0,0.8,1766818598577
0,0.81,1766818598735
0,0.1,1766818598903
0,0.17,1766818599071
0,1.0,1766818599263
0,1.0,1766818599444
0,1.0,1766818599619
0,1.0,1766818599799
0,1.0,1766818599932
0,1.0,1766818600088
0,1.0,1766818600247
0,1.0,1766818600392
0,1.0,1766818600534
0,1.0,1766818600703
0,1.0,1766818600865
0,1.0,1766818601020
0,0.7,1766818601170
0,0.0,1766818601327
0,0.05,1766818601480
0,0.0,1766818601626
0,0.0,1766818601772
0,0.0,1766818601914
0,0.0,1766818602061
0,0.0,1766818602245
0,0.0,1766818602395
0,0.73,1766818602574
0,1.0,1766818602726
0,1.0,1766818602874
0,1.0,1766818603026
0,0.0,1766818603187
0,0.0,1766818603358
0,0.0,1766818603505
0,0.0,1766818603668
0,0.0,1766818603818
0,0.0,1766818604011
0,0.0,1766818604154
0,0.0,1766818604298
0,0.0,1766818604444
0,0.0,1766818604595
0,0.0,1766818604757
0,0.0,1766818604898
0,0.0,1766818605045
0,0.0,1766818605197
0,0.0,1766818605348
0,0.0,1766818605493
0,0.0,1766818605645
0,0.0,1766818605795
0,0.0,1766818605930
0,0.0,1766818606085
0,0.0,1766818606231
0,0.0,1766818606384
0,0.0,1766818606522
0,0.0,1766818606691
0,0.0,1766818606834
0,0.0,1766818606980
0,0.0,1766818607128
0,0.0,1766818607293
0,0.0,1766818607433
0,0.0,1766818607594
0,0.0,1766818607736
0,0.0,1766818607881
0,0.0,1766818608022
0,0.0,1766818608169
0,0.0,1766818608336
0,0.0,1766818608487
0,0.0,1766818608650
0,0.0,1766818608797
0,0.0,1766818608951
0,0.0,1766818609109
0,0.0,1766818609263
0,0.0,1766818609418
0,0.0,1766818609574
0,0.0,1766818609723
0,0.0,1766818609864
0,0.0,1766818610023
0,0.0,1766818610173
0,0.0,1766818610323
0,0.0,1766818610469
0,0.0,1766818610630
0,0.0,1766818610783
0,0.0,1766818610929
0,0.0,1766818611085
0,0.0,1766818611247
0,0.0,1766818611398
0,0.0,1766818611536
0,0.0,1766818611680
0,0.0,1766818611824
0,0.0,1766818612018
0,0.0,1766818612180
0,0.0,1766818612331
0,0.0,1766818612494
0,0.0,1766818612645
0,0.0,1766818612973
0,0.45,1766818613125
0,0.22,1766818613273
0,0.12,1766818613424
0,0.71,1766818613568
0,0.71,1766818613716
0,0.0,1766818613890
0,0.86,1766818614053
0,0.67,1766818614233
0,1.0,1766818614419
0,0.93,1766818614644
0,1.0,1766818614801
0,1.0,1766818614965
0,0.98,1766818615129
0,1.0,1766818615306
0,1.0,1766818615468
0,1.0,1766818615641
0,0.92,1766818615797
0,1.0,1766818615969
0,0.98,1766818616158
0,1.0,1766818616352
0,0.9,1766818616522
0,1.0,1766818616736
0,0.94,1766818616961
0,0.99,1766818617156
0,0.96,1766818617344
0,0.84,1766818617516
0,1.0,1766818617682
0,0.94,1766818617856
0,0.93,1766818618036
0,0.98,1766818618197
0,0.95,1766818618375
0,1.0,1766818618560
0,0.95,1766818618761
0,1.0,1766818618922
0,0.97,1766818619113
0,1.0,1766818619300
0,0.97,1766818619492
0,0.95,1766818619663
0,1.0,1766818619841
0,0.91,1766818619992
0,1.0,1766818620178
0,0.91,1766818620361
0,1.0,1766818620539
0,0.9,1766818620713
0,1.0,1766818620885
0,0.89,1766818621118
0,1.0,1766818621287
0,0.82,1766818621476
0,0.85,1766818621692
0,1.0,1766818621863
0,1.0,1766818622015
0,1.0,1766818622201
0,0.85,1766818622372
0,1.0,1766818622570
0,0.78,1766818622758
0,1.0,1766818622936
0,0.93,1766818623130
0,1.0,1766818623328
0,0.94,1766818623495
0,0.98,1766818623681
0,1.0,1766818623842
0,0.92,1766818624001
0,1.0,1766818624162
0,0.88,1766818624331
0,1.0,1766818624504
0,0.88,1766818624683
0,1.0,1766818624854
0,0.92,1766818625068
0,0.82,1766818625242
0,1.0,1766818625438
0,0.8,1766818625614
0,1.0,1766818625788
0,0.92,1766818625964
0,1.0,1766818626140
0,0.91,1766818626304
0,1.0,1766818626461
0,0.92,1766818626625
0,1.0,1766818626810
0,0.83,1766818626971
0,1.0,1766818627140
0,0.9,1766818627339
0,1.0,1766818627507
0,0.96,1766818627684
0,1.0,1766818627850
0,0.98,1766818628042
0,1.0,1766818628194
0,0.9,1766818628365
0,1.0,1766818628530
0,0.84,1766818628705
0,1.0,1766818628894
0,0.86,1766818629066
0,1.0,1766818629248
0,0.97,1766818629454
0,0.99,1766818629636
0,0.95,1766818629842
0,0.99,1766818630003
0,0.86,1766818630178
0,1.0,1766818630343
0,0.76,1766818630529
0,1.0,1766818630717
0,0.84,1766818630902
0,1.0,1766818631074
0,0.86,1766818631241
0,1.0,1766818631413
0,0.84,1766818631574
0,1.0,1766818631750
0,0.92,1766818631944
0,0.84,1766818632170
0,1.0,1766818632340
0,0.87,1766818632523
0,1.0,1766818632676
0,0.85,1766818632864
0,1.0,1766818633031
0,0.96,1766818633200
0,1.0,1766818633358
0,0.92,1766818633534
0,1.0,1766818633696
0,0.74,1766818633879
0,1.0,1766818634058
0,0.85,1766818634242
0,1.0,1766818634433
0,0.81,1766818634606
0,1.0,1766818634777
0,0.88,1766818634957
0,1.0,1766818635147
0,1.0,1766818635350
0,0.82,1766818635535
0,1.0,1766818635710
0,0.8,1766818635896
0,1.0,1766818636090
0,0.92,1766818636272
0,1.0,1766818636442
0,0.81,1766818636620
0,1.0,1766818636794
0,0.86,1766818636984
0,1.0,1766818637166
0,1.0,1766818637344
0,0.9,1766818637522
0,1.0,1766818637705
0,0.88,1766818637901
0,1.0,1766818638074
0,0.8,1766818638257
0,1.0,1766818638409
0,1.0,1766818638645
0,1.0,1766818638819
0,0.89,1766818638996
0,1.0,1766818639186
0,1.0,1766818639380
0,0.95,1766818639565
0,1.0,1766818639741
0,0.85,1766818639915
0,1.0,1766818640084
0,0.82,1766818640267
0,1.0,1766818640458
0,0.91,1766818640663
0,0.99,1766818640833
0,0.95,1766818641009
0,1.0,1766818641178
0,0.89,1766818641344
0,1.0,1766818641523
0,0.9,1766818641680
0,0.96,1766818641850
0,0.92,1766818642020
0,0.93,1766818642206
0,1.0,1766818642396
0,1.0,1766818642589
0,0.88,1766818642760
0,1.0,1766818642962
0,0.72,1766818643156
0,1.0,1766818643344
0,0.9,1766818643533
0,1.0,1766818643699
0,0.83,1766818643863
0,1.0,1766818644043
0,0.89,1766818644207
0,1.0,1766818644368
0,0.92,1766818644564
0,1.0,1766818644772
0,1.0,1766818644966
0,0.81,1766818645147
0,1.0,1766818645378
0,0.76,1766818645539
0,1.0,1766818645717
0,0.82,1766818645895
0,1.0,1766818646067
0,0.86,1766818646246
0,1.0,1766818646436
0,0.73,1766818646585
0,1.0,1766818646750
0,0.92,1766818646965
0,0.85,1766818647162
0,1.0,1766818647357
0,0.74,1766818647573
0,1.0,1766818647746
0,0.89,1766818647938
0,1.0,1766818648099
0,0.9,1766818648291
0,1.0,1766818648467
0,0.84,1766818648629
0,1.0,1766818648799
0,0.86,1766818648975
0,0.99,1766818649136
0,0.92,1766818649324
0,1.0,1766818649479
0,1.0,1766818649632
0,1.0,1766818649813
0,0.95,1766818649974
0,1.0,1766818650157
0,0.93,1766818650329
0,1.0,1766818650496
0,0.9,1766818650652
0,1.0,1766818650847
0,0.79,1766818651019
0,1.0,1766818651185
0,0.88,1766818651367
0,1.0,1766818651519
0,0.78,1766818651689
0,0.85,1766818651898
0,1.0,1766818652068
0,0.76,1766818652263
0,1.0,1766818652450
0,0.84,1766818652619
0,1.0,1766818652802
0,0.8,1766818652979
0,1.0,1766818653159
0,0.88,1766818653342
0,1.0,1766818653522
0,0.79,1766818653727
0,0.81,1766818653902
0,1.0,1766818654090
0,0.81,1766818654260
0,1.0,1766818654459
0,0.84,1766818654636
0,1.0,1766818654851
0,0.6,1766818655049
0,0.76,1766818655223
0,1.0,1766818655421
0,1.0,1766818655610
0,0.87,1766818655779
0,0.94,1766818655950
0,0.99,1766818656132
0,0.83,1766818656302
0,0.99,1766818656497
0,0.86,1766818656666
0,1.0,1766818656833
0,0.87,1766818657021
0,1.0,1766818657199
0,0.83,1766818657380
0,1.0,1766818657543
0,0.94,1766818657738
0,1.0,1766818657940
0,0.84,1766818658135
0,0.99,1766818658307
0,0.94,1766818658480
0,1.0,1766818658644
0,0.84,1766818658821
0,1.0,1766818658991
0,1.0,1766818659181
0,0.8,1766818659365
0,1.0,1766818659547
0,0.87,1766818659723
0,1.0,1766818659898
0,0.88,1766818660159
0,1.0,1766818660356
0,0.85,1766818660521
0,1.0,1766818660727
0,1.0,1766818660904
0,0.84,1766818661078
0,1.0,1766818661259
0,0.82,1766818661431
0,1.0,1766818661608
0,0.93,1766818661799
0,1.0,1766818662003
0,0.7,1766818662183
0,1.0,1766818662359
0,0.96,1766818662542
0,1.0,1766818662745
0,0.76,1766818662906
0,1.0,1766818663069
0,0.86,1766818663236
0,1.0,1766818663400
0,0.84,1766818663573
0,1.0,1766818663769
0,0.92,1766818663930
0,0.7,1766818664136
0,1.0,1766818664341
0,0.94,1766818664542
0,1.0,1766818664719
0,0.9,1766818664884
0,1.0,1766818665057
0,0.83,1766818665242
0,1.0,1766818665407
0,0.86,1766818665582
0,1.0,1766818665772
0,0.96,1766818665948
0,1.0,1766818666133
0,1.0,1766818666318
0,0.89,1766818666491
0,1.0,1766818666683
0,0.69,1766818666855
0,1.0,1766818667046
0,0.76,1766818667233
0,1.0,1766818667409
0,0.9,1766818667588
0,1.0,1766818667744
0,0.92,1766818667934
0,1.0,1766818668098
0,0.84,1766818668292
0,1.0,1766818668489
0,1.0,1766818668672
0,0.88,1766818668848
0,1.0,1766818669043
0,0.81,1766818669226
0,1.0,1766818669408
0,0.72,1766818669576
0,1.0,1766818669755
0,0.88,1766818669976
0,1.0,1766818670156
0,0.81,1766818670341
0,1.0,1766818670504
0,0.81,1766818670689
0,0.9,1766818670884
0,1.0,1766818671079
0,0.61,1766818671239
0,1.0,1766818671416
0,0.9,1766818671596
0,1.0,1766818671792
0,0.8,1766818671959
0,1.0,1766818672134
0,0.88,1766818672341
0,1.0,1766818672527
0,1.0,1766818672769
0,0.75,1766818672937
0,0.88,1766818673130
0,1.0,1766818673365
0,0.79,1766818673540
0,0.95,1766818673751
0,0.98,1766818673931
0,0.92,1766818674100
0,0.99,1766818674251
0,1.0,1766818674426
0,1.0,1766818674585
0,1.0,1766818674788
0,0.95,1766818674959
0,1.0,1766818675127
0,0.96,1766818675295
0,1.0,1766818675466
0,0.94,1766818675638
0,1.0,1766818675812
0,0.88,1766818675991
0,1.0,1766818676165
0,0.86,1766818676342
0,1.0,1766818676528
0,0.79,1766818676681
0,1.0,1766818676835
0,0.91,1766818676997
0,1.0,1766818677182
0,0.77,1766818677372
0,1.0,1766818677555
0,0.96,1766818677732
0,1.0,1766818677930
0,1.0,1766818678112
0,0.87,1766818678298
0,1.0,1766818678476
0,0.77,1766818678713
0,1.0,1766818678893
0,0.87,1766818679099
0,0.9,1766818679297
0,1.0,1766818679481
0,0.84,1766818679659
0,1.0,1766818679836
0,0.84,1766818680003
0,1.0,1766818680176
0,0.78,1766818680363
0,1.0,1766818680552
0,0.81,1766818680727
0,1.0,1766818680895
0,0.89,1766818681096
0,1.0,1766818681268
0,0.85,1766818681474
0,0.75,1766818681698
0,1.0,1766818681875
0,0.84,1766818682046
0,1.0,1766818682243
0,1.0,1766818682488
0,0.87,1766818682671
0,1.0,1766818682853
0,0.94,1766818682998
0,1.0,1766818683162
0,0.9,1766818683330
0,1.0,1766818683526
0,0.85,1766818683713
0,1.0,1766818683886
0,0.87,1766818684072
0,1.0,1766818684241
0,0.84,1766818684419
0,1.0,1766818684575
0,0.78,1766818684763
0,1.0,1766818684944
0,0.91,1766818685125
0,1.0,1766818685299
0,0.87,1766818685488
0,1.0,1766818685671
0,1.0,1766818685849
0,0.75,1766818686030
0,1.0,1766818686228
0,0.86,1766818686423
0,1.0,1766818686595
0,0.87,1766818686766
0,1.0,1766818686982
0,0.83,1766818687180
0,0.86,1766818687372
0,1.0,1766818687546
0,0.91,1766818687734
0,1.0,1766818687908
0,0.81,1766818688097
0,1.0,1766818688255
0,0.84,1766818688456
0,1.0,1766818688635
0,0.89,1766818688841
0,1.0,1766818689020
0,1.0,1766818689227
0,0.81,1766818689406
0,1.0,1766818689585
0,0.89,1766818689777
0,1.0,1766818689951
0,0.92,1766818690133
0,1.0,1766818690319
0,0.78,1766818690503
0,1.0,1766818690674
0,0.96,1766818690850
0,1.0,1766818691027
0,1.0,1766818691311
0,0.78,1766818691475
0,1.0,1766818691643
0,0.88,1766818691816
0,1.0,1766818691982
0,0.87,1766818692158
0,1.0,1766818692324
0,0.99,1766818692496
0,1.0,1766818692666
0,0.98,1766818692869
0,1.0,1766818693048
0,0.82,1766818693239
0,1.0,1766818693413
0,0.78,1766818693610
0,0.87,1766818693792
0,1.0,1766818693979
0,0.86,1766818694160
0,1.0,1766818694328
0,0.85,1766818694514
0,1.0,1766818694715
0,0.81,1766818694888
0,1.0,1766818695054
0,0.84,1766818695223
0,1.0,1766818695384
0,0.95,1766818695571
0,1.0,1766818695763
0,1.0,1766818695973
0,0.83,1766818696150
0,1.0,1766818696324
0,0.95,1766818696509
0,1.0,1766818696666
0,0.87,1766818696841
0,1.0,1766818697006
0,0.91,1766818697185
0,1.0,1766818697355
0,0.85,1766818697551
0,1.0,1766818697730
0,0.92,1766818697919
0,1.0,1766818698103
0,0.89,1766818698260
0,1.0,1766818698434
0,0.93,1766818698628
0,0.92,1766818698851
0,1.0,1766818699038
0,0.77,1766818699217
0,1.0,1766818699381
0,0.94,1766818699551
0,1.0,1766818699736
0,1.0,1766818700029
0,0.73,1766818700197
0,1.0,1766818700367
0,0.78,1766818700549
0,1.0,1766818700714
0,0.83,1766818700891
0,1.0,1766818701088
0,0.79,1766818701274
0,1.0,1766818701441
0,0.91,1766818701615
0,1.0,1766818701778
0,0.88,1766818701952
0,1.0,1766818702130
0,0.78,1766818702299
0,1.0,1766818702467
0,0.86,1766818702649
0,1.0,1766818702806
0,0.96,1766818703004
0,0.84,1766818703186
0,1.0,1766818703433
0,0.68,1766818703616
0,1.0,1766818703810
0,0.82,1766818703986
0,1.0,1766818704156
0,0.87,1766818704346
0,1.0,1766818704531
0,1.0,1766818704725
0,0.84,1766818704887
0,1.0,1766818705070
0,0.9,1766818705239
0,1.0,1766818705429
0,0.85,1766818705595
0,1.0,1766818705776
0,0.84,1766818705936
0,1.0,1766818706131
0,0.86,1766818706328
0,1.0,1766818706523
0,0.89,1766818706718
0,1.0,1766818706883
0,1.0,1766818707101
0,0.88,1766818707292
0,1.0,1766818707452
0,0.84,1766818707615
0,1.0,1766818707796
0,0.8,1766818707983
0,1.0,1766818708165
0,0.82,1766818708370
0,1.0,1766818708530
0,0.86,1766818708725
0,1.0,1766818708919
0,1.0,1766818709112
0,0.9,1766818709296
0,1.0,1766818709480
0,0.87,1766818709660
0,1.0,1766818709869
0,0.9,1766818710066
0,1.0,1766818710232
0,0.87,1766818710419
0,0.9,1766818710627
0,1.0,1766818710803
0,0.87,1766818710990
0,1.0,1766818711176
0,0.81,1766818711342
0,1.0,1766818711538
0,0.81,1766818711744
0,1.0,1766818711920
0,0.81,1766818712123
0,0.8,1766818712311
0,1.0,1766818712503
0,0.91,1766818712723
0,1.0,1766818712936
0,0.75,1766818713118
0,1.0,1766818713300
0,1.0,1766818713498
0,0.83,1766818713666
0,0.99,1766818713894
0,0.89,1766818714077
0,1.0,1766818714281
0,0.9,1766818714467
0,1.0,1766818714646
0,1.0,1766818714857
0,0.92,1766818715025
0,1.0,1766818715224
0,0.9,1766818715404
0,1.0,1766818715604
0,0.83,1766818715789
0,1.0,1766818715968
0,0.9,1766818716184
1,0.89,1766818716365
1,1.0,1766818716590
1,0.79,1766818716770
1,1.0,1766818716943
1,0.87,1766818717133
1,1.0,1766818717315
1,0.85,1766818717482
1,1.0,1766818717666
1,0.71,1766818717836
1,1.0,1766818718016
1,0.83,1766818718216
1,0.79,1766818718398
1,1.0,1766818718595
1,0.89,1766818718777
1,1.0,1766818718996
1,0.85,1766818719167
1,0.99,1766818719344
1,0.96,1766818719545
1,1.0,1766818719711
1,1.0,1766818719936
1,0.83,1766818720115
1,1.0,1766818720317
1,0.88,1766818720502
1,1.0,1766818720720
1,0.69,1766818720915
1,0.87,1766818721130
1,0.89,1766818721325
1,0.99,1766818721493
1,0.93,1766818721673
1,0.95,1766818721853
1,0.98,1766818722040
1,0.9,1766818722225
1,0.92,1766818722421
1,0.98,1766818722632
1,0.91,1766818722824
1,0.89,1766818723023
1,0.99,1766818723259
1,0.69,1766818723476
1,0.93,1766818723680
1,1.0,1766818723863
1,0.78,1766818724077
1,1.0,1766818724289
1,1.0,1766818724503
1,0.72,1766818724705
1,1.0,1766818724888
1,0.78,1766818725074
1,1.0,1766818725253
1,0.74,1766818725458
1,1.0,1766818725629
1,0.83,1766818725826
1,0.67,1766818726040
1,1.0,1766818726231
1,0.83,1766818726427
1,0.99,1766818726606
1,0.87,1766818726820
1,1.0,1766818727002
1,0.71,1766818727179
1,1.0,1766818727340
1,0.88,1766818727533
1,1.0,1766818727719
1,1.0,1766818727924
1,0.81,1766818728121
1,1.0,1766818728379
1,0.81,1766818728569
1,0.87,1766818728746
1,1.0,1766818728973
1,0.95,1766818729157
1,1.0,1766818729441
1,1.0,1766818729630
1,1.0,1766818729812
1,1.0,1766818730013
1,0.9,1766818730221
1,1.0,1766818730436
1,0.91,1766818730653
1,0.91,1766818730833
1,1.0,1766818731037
1,0.67,1766818731242
1,1.0,1766818731475
1,0.74,1766818731698
1,1.0,1766818731923
1,0.65,1766818732140
1,0.63,1766818732370
1,1.0,1766818732549
1,0.81,1766818732755
1,1.0,1766818732989
1,1.0,1766818733222
1,0.89,1766818733403
1,0.74,1766818733572
1,1.0,1766818733835
1,1.0,1766818734059
1,0.88,1766818734235
1,1.0,1766818734399
1,0.94,1766818734584
1,1.0,1766818734771
1,0.88,1766818734966
1,1.0,1766818735172
1,1.0,1766818735372
1,0.72,1766818735552
1,0.9,1766818735793
1,0.99,1766818736001
1,1.0,1766818736230
1,0.64,1766818736421
1,1.0,1766818736635
1,0.85,1766818736835
1,1.0,1766818737057
1,0.87,1766818737263
1,1.0,1766818737445
1,0.81,1766818737644
1,1.0,1766818737849
1,1.0,1766818738088
1,0.5,1766818738276
1,1.0,1766818738458
1,0.8,1766818738665
1,1.0,1766818738872
1,0.64,1766818739063
1,1.0,1766818739227
1,1.0,1766818739433
1,0.78,1766818739635
1,0.87,1766818739853
1,1.0,1766818740060
1,1.0,1766818740285
1,0.56,1766818740470
1,1.0,1766818740660
1,0.82,1766818740926
1,0.34,1766818741207
1,0.77,1766818741384
1,0.99,1766818741578
1,1.0,1766818741804
1,0.84,1766818741990
1,1.0,1766818742260
1,0.33,1766818742436
1,0.72,1766818742671
1,1.0,1766818742889
1,0.78,1766818743081
1,1.0,1766818743255
1,0.98,1766818743435
1,1.0,1766818743616
1,0.85,1766818743832
1,1.0,1766818744057
1,1.0,1766818744354
1,0.75,1766818744526
1,1.0,1766818744712
1,0.89,1766818744909
1,1.0,1766818745112
1,0.8,1766818745314
1,0.54,1766818745614
1,0.52,1766818745790
1,1.0,1766818745983
1,1.0,1766818746269
1,0.31,1766818746455
1,0.91,1766818746645
1,0.99,1766818746823
1,0.74,1766818747004
1,0.87,1766818747194
1,1.0,1766818747392
1,0.83,1766818747590
1,1.0,1766818747781
1,0.74,1766818748031
1,0.87,1766818748250
1,1.0,1766818748492
1,1.0,1766818748744
1,0.91,1766818748943
1,1.0,1766818749166
1,0.73,1766818749372
1,0.63,1766818749619
1,0.78,1766818749872
1,0.35,1766818750081
1,1.0,1766818750267
1,0.88,1766818750470
1,1.0,1766818750680
1,0.73,1766818750888
1,0.74,1766818751184
1,0.43,1766818751365
1,1.0,1766818751544
1,1.0,1766818751797
1,0.67,1766818752001
1,1.0,1766818752215
1,0.94,1766818752538
1,0.8,1766818752783
1,1.0,1766818753011
1,0.72,1766818753220
1,1.0,1766818753455
1,1.0,1766818753713
1,1.0,1766818753980
1,0.78,1766818754164
1,1.0,1766818754416
1,0.83,1766818754598
1,0.91,1766818754755
1,0.84,1766818755008
1,1.0,1766818755208
1,0.72,1766818755412
1,1.0,1766818755619
1,1.0,1766818755863
1,0.74,1766818756128
1,0.63,1766818756359
1,1.0,1766818756595
1,0.73,1766818756816
1,0.72,1766818757060
1,0.81,1766818757261
1,1.0,1766818757476
1,1.0,1766818757725
1,0.69,1766818757929
1,1.0,1766818758155
1,1.0,1766818758351
1,0.81,1766818758556
1,0.98,1766818758812
1,0.8,1766818759048
1,1.0,1766818759239
1,0.93,1766818759618
1,1.0,1766818759985
1,0.23,1766818760216
1,0.88,1766818760392
1,0.65,1766818760619
1,1.0,1766818760820
1,0.79,1766818761035
1,1.0,1766818761238
1,1.0,1766818761485
1,0.73,1766818761731
1,1.0,1766818761929
1,1.0,1766818762158
1,0.77,1766818762361
1,0.86,1766818762561
1,0.83,1766818762808
1,1.0,1766818763058
1,0.63,1766818763245
1,1.0,1766818763421
1,0.81,1766818763665
1,0.9,1766818763896
1,1.0,1766818764131
1,1.0,1766818764391
1,0.54,1766818764613
1,0.81,1766818764854
1,0.64,1766818765184
1,0.41,1766818765440
1,1.0,1766818765635
1,0.75,1766818765843
1,0.91,1766818766064
1,0.66,1766818766293
1,1.0,1766818766538
1,0.54,1766818766724
1,0.59,1766818766956
1,0.93,1766818767167
1,0.98,1766818767414
1,1.0,1766818767690
1,0.62,1766818767935
1,0.68,1766818768152
1,1.0,1766818768370
1,0.78,1766818768588
1,0.83,1766818768826
1,0.94,1766818769028
1,1.0,1766818769290
1,0.55,1766818769481
1,1.0,1766818769664
1,1.0,1766818769913
1,0.8,1766818770119
1,1.0,1766818770347
1,1.0,1766818770625
1,0.71,1766818770867
1,1.0,1766818771128
1,0.26,1766818771347
1,1.0,1766818771542
1,1.0,1766818771751
1,0.82,1766818771956
1,0.84,1766818772229
1,0.36,1766818772451
1,1.0,1766818772665
1,0.83,1766818772850
1,1.0,1766818773106
1,0.65,1766818773332
1,1.0,1766818773515
1,0.77,1766818773722
1,1.0,1766818773960
1,1.0,1766818774215
1,0.84,1766818774451
1,0.51,1766818774706
1,1.0,1766818774911
1,0.85,1766818775135
1,0.9,1766818775339
1,0.79,1766818775621
1,1.0,1766818775829
1,1.0,1766818776183
1,0.59,1766818776398
1,1.0,1766818776603
1,0.88,1766818776773
1,1.0,1766818776998
1,1.0,1766818777307
1,0.61,1766818777537
1,0.65,1766818777858
1,0.59,1766818778035
1,1.0,1766818778213
1,0.86,1766818778399
1,1.0,1766818778623
1,1.0,1766818778833
1,0.73,1766818779053
1,0.6,1766818779345
1,0.9,1766818779616
1,0.81,1766818779905
1,1.0,1766818780202
1,1.0,1766818780438
1,0.73,1766818780643
1,1.0,1766818780887
1,1.0,1766818781193
1,0.75,1766818781401
1,0.45,1766818781598
1,0.68,1766818781830
1,1.0,1766818782091
1,1.0,1766818782334
1,0.87,1766818782537
1,0.83,1766818782755
1,1.0,1766818782963
1,1.0,1766818783168
1,0.75,1766818783415
1,0.44,1766818783679
1,0.88,1766818783917
1,1.0,1766818784150
1,1.0,1766818784420
1,0.81,1766818784631
1,1.0,1766818784888
1,1.0,1766818785109
1,0.76,1766818785362
1,1.0,1766818785546
1,0.81,1766818785715
1,1.0,1766818785911
1,0.81,1766818786179
1,1.0,1766818786442
1,1.0,1766818786729
1,0.61,1766818786975
1,0.89,1766818787236
1,0.59,1766818787435
1,1.0,1766818787604
1,0.85,1766818787811
1,0.35,1766818788167
1,0.94,1766818788414
1,0.78,1766818788715
1,0.52,1766818788996
1,1.0,1766818789174
1,0.87,1766818789375
1,1.0,1766818789552
1,1.0,1766818789822
1,0.86,1766818790101
1,1.0,1766818790338
1,0.69,1766818790600
1,1.0,1766818790823
1,1.0,1766818791176
1,0.92,1766818791396
1,0.98,1766818791598
1,0.67,1766818791892
1,0.81,1766818792081
1,1.0,1766818792385
1,0.46,1766818792566
1,1.0,1766818792754
1,1.0,1766818792953
1,0.84,1766818793131
1,1.0,1766818793412
1,0.54,1766818793642
1,1.0,1766818793960
1,0.98,1766818794205
1,0.87,1766818794387
1,0.82,1766818794701
1,0.42,1766818794892
1,1.0,1766818795112
1,0.71,1766818795315
1,1.0,1766818795496
1,1.0,1766818795748
1,0.74,1766818795939
1,1.0,1766818796233
1,0.89,1766818796420
1,0.69,1766818796633
1,0.7,1766818796860
1,1.0,1766818797085
1,0.76,1766818797264
1,1.0,1766818797487
1,0.93,1766818797718
1,0.94,1766818797966
1,0.4,1766818798164
1,0.76,1766818798433
1,1.0,1766818798683
1,0.55,1766818798861
1,1.0,1766818799088
1,0.74,1766818799321
1,1.0,1766818799554
1,1.0,1766818799802
1,0.69,1766818800038
1,0.79,1766818800391
1,0.57,1766818800599
1,0.66,1766818800811
1,1.0,1766818801058
1,0.56,1766818801278
1,0.92,1766818801513
1,0.75,1766818801721
1,1.0,1766818801945
1,1.0,1766818802178
1,0.7,1766818802379
1,1.0,1766818802637
1,0.53,1766818802882
1,0.88,1766818803101
1,0.76,1766818803308
1,1.0,1766818803537
1,1.0,1766818803815
1,0.56,1766818804091
1,0.82,1766818804302
1,0.9,1766818804566
1,0.9,1766818804795
1,1.0,1766818805117
1,0.06,1766818805289
1,0.91,1766818805477
1,0.72,1766818805689
1,1.0,1766818805887
1,0.72,1766818806117
1,0.64,1766818806354
1,1.0,1766818806558
1,0.7,1766818806813
1,0.92,1766818807082
1,0.66,1766818807269
1,1.0,1766818807529
1,0.76,1766818807775
1,1.0,1766818807973
1,0.76,1766818808203
1,1.0,1766818808408
1,1.0,1766818808592
1,0.84,1766818808815
1,1.0,1766818809087
1,0.87,1766818809349
1,1.0,1766818809570
1,0.53,1766818809788
1,0.79,1766818809996
1,1.0,1766818810221
1,0.62,1766818810404
1,1.0,1766818810656
1,0.9,1766818810871
1,1.0,1766818811075
1,0.87,1766818811359
1,0.48,1766818811589
1,1.0,1766818811801
1,0.73,1766818812004
1,0.66,1766818812258
1,1.0,1766818812518
1,0.86,1766818812778
1,0.74,1766818812985
1,1.0,1766818813239
1,0.99,1766818813502
1,1.0,1766818813728
1,1.0,1766818814011
1,0.64,1766818814221
1,0.84,1766818814406
1,0.34,1766818814709
1,1.0,1766818814927
1,0.7,1766818815132
1,0.75,1766818815431
1,0.45,1766818815611
1,1.0,1766818815785
1,0.8,1766818815980
1,0.5,1766818816270
1,0.76,1766818816461
1,1.0,1766818816622
1,0.91,1766818816833
1,1.0,1766818817048
1,1.0,1766818817255
1,1.0,1766818817479
1,1.0,1766818817725
1,0.73,1766818818030
1,1.0,1766818818235
1,1.0,1766818818588
1,0.43,1766818818776
1,0.66,1766818818982
1,1.0,1766818819259
1,0.43,1766818819554
1,1.0,1766818819749
1,0.88,1766818819937
1,0.54,1766818820273
1,0.62,1766818820481
1,1.0,1766818820670
1,1.0,1766818820879
1,0.78,1766818821120
1,1.0,1766818821400
1,0.89,1766818821581
1,1.0,1766818821785
1,0.76,1766818822014
1,0.33,1766818822306
1,1.0,1766818822492
1,0.87,1766818822667
1,0.82,1766818822878
1,1.0,1766818823077
1,1.0,1766818823313
1,0.16,1766818823545
1,0.98,1766818823741
1,0.94,1766818823940
1,1.0,1766818824154
1,0.82,1766818824324
1,1.0,1766818824537
1,0.68,1766818824786
1,0.71,1766818824999
1,1.0,1766818825251
1,0.66,1766818825501
1,1.0,1766818825826
1,1.0,1766818826218
1,0.64,1766818826411
1,1.0,1766818826606
1,0.65,1766818826803
1,1.0,1766818827018
1,1.0,1766818827381
1,0.67,1766818827598
1,1.0,1766818827809
1,0.72,1766818828000
1,1.0,1766818828252
1,1.0,1766818828539
1,0.71,1766818828746
1,1.0,1766818828985
1,0.84,1766818829212
1,1.0,1766818829415
1,0.63,1766818829674
1,0.71,1766818829887
1,1.0,1766818830169
1,0.95,1766818830384
1,1.0,1766818830588
1,0.57,1766818830807
1,1.0,1766818831007
1,0.69,1766818831214
1,0.83,1766818831466
1,0.56,1766818831652
1,1.0,1766818831838
1,0.89,1766818832066
1,0.6,1766818832278
1,1.0,1766818832501
1,0.73,1766818832721
1,0.79,1766818833126
1,0.12,1766818833306
1,0.86,1766818833528
1,1.0,1766818833811
1,0.78,1766818833998
1,1.0,1766818834174
1,1.0,1766818834533
1,0.29,1766818834743
1,1.0,1766818835009
1,0.64,1766818835236
1,1.0,1766818835483
1,1.0,1766818835760
1,0.65,1766818835964
1,0.84,1766818836184
1,0.67,1766818836452
1,1.0,1766818836751
1,0.95,1766818836937
1,0.98,1766818837118
1,0.87,1766818837408
1,0.55,1766818837662
1,1.0,1766818837896
1,1.0,1766818838230
1,0.71,1766818838437
1,1.0,1766818838694
1,0.21,1766818838910
1,1.0,1766818839114
1,0.84,1766818839320
1,0.78,1766818839565
1,0.63,1766818839769
1,1.0,1766818839954
1,1.0,1766818840251
1,0.69,1766818840467
1,0.54,1766818840751
1,0.88,1766818840945
1,1.0,1766818841112
1,0.86,1766818841307
1,1.0,1766818841491
1,1.0,1766818841793
1,0.47,1766818841968
1,1.0,1766818842310
1,0.6,1766818842509
1,1.0,1766818842688
1,0.92,1766818842928
1,1.0,1766818843137
1,1.0,1766818843447
1,0.66,1766818843667
1,0.68,1766818843857
1,0.77,1766818844052
1,1.0,1766818844306
1,0.43,1766818844529
1,0.77,1766818844741
1,0.83,1766818844966
1,1.0,1766818845168
1,1.0,1766818845446
1,0.78,1766818845653
1,1.0,1766818845855
1,0.71,1766818846062
1,1.0,1766818846259
1,1.0,1766818846486
1,0.81,1766818846711
1,0.89,1766818846929
1,0.77,1766818847150
1,1.0,1766818847409
1,0.49,1766818847621
1,0.55,1766818847859
1,1.0,1766818848085
1,0.91,1766818848340
1,1.0,1766818848627
1,0.55,1766818848818
1,1.0,1766818849018
1,1.0,1766818849242
1,0.83,1766818849457
1,0.93,1766818849651
1,0.81,1766818849887
1,1.0,1766818850116
1,0.94,1766818850393
1,0.43,1766818850611
1,1.0,1766818850812
1,0.96,1766818851045
1,0.74,1766818851250
1,0.85,1766818851500
1,1.0,1766818851698
1,0.84,1766818851974
1,0.52,1766818852245
1,0.99,1766818852422
1,0.92,1766818852658
1,1.0,1766818852958
1,0.53,1766818853164
1,1.0,1766818853353
1,0.73,1766818853532
1,0.56,1766818853849
1,0.8,1766818854033
1,0.73,1766818854242
1,1.0,1766818854437
1,0.84,1766818854606
1,1.0,1766818854787
1,0.79,1766818855028
1,0.63,1766818855280
1,1.0,1766818855517
1,0.74,1766818855713
1,0.88,1766818855929
1,0.83,1766818856154
1,1.0,1766818856368
1,0.73,1766818856599
1,0.65,1766818856833
1,1.0,1766818857159
1,0.66,1766818857352
1,1.0,1766818857529
1,0.93,1766818857715
1,1.0,1766818857913
1,0.66,1766818858141
1,0.64,1766818858402
1,0.94,1766818858687
1,0.59,1766818858940
1,1.0,1766818859150
1,0.78,1766818859376
1,1.0,1766818859576
1,1.0,1766818859834
1,0.72,1766818860082
1,0.75,1766818860295
1,1.0,1766818860543
1,0.82,1766818860784
1,1.0,1766818861124
1,0.17,1766818861304
1,0.91,1766818861488
1,0.99,1766818861682
1,1.0,1766818861867
1,0.78,1766818862154
1,1.0,1766818862367
1,1.0,1766818862618
1,0.76,1766818862877
1,1.0,1766818863074
1,0.87,1766818863285
1,0.93,1766818863497
1,1.0,1766818863760
1,0.99,1766818864015
1,0.8,1766818864211
1,0.76,1766818864472
1,1.0,1766818864652
1,1.0,1766818864872
1,0.78,1766818865171
1,1.0,1766818865381
1,1.0,1766818865668
1,0.87,1766818865880
1,1.0,1766818866142
1,0.65,1766818866324
1,1.0,1766818866520
1,0.84,1766818866700
1,1.0,1766818866888
1,0.82,1766818867099
1,0.71,1766818867291
1,1.0,1766818867556
1,0.78,1766818867762
1,1.0,1766818867946
1,0.77,1766818868147
1,1.0,1766818868363
1,0.65,1766818868592
1,1.0,1766818868824
1,1.0,1766818869090
1,0.5,1766818869309
1,1.0,1766818869566
1,0.64,1766818869791
1,1.0,1766818869978
1,0.8,1766818870187
1,1.0,1766818870417
1,0.44,1766818870628
1,0.78,1766818870935
1,0.67,1766818871111
1,0.85,1766818871325
1,1.0,1766818871575
1,1.0,1766818871918
1,0.56,1766818872179
1,0.96,1766818872416
1,0.73,1766818872668
1,0.76,1766818872925
1,1.0,1766818873168
1,0.84,1766818873390
1,1.0,1766818873599
1,1.0,1766818873950
1,1.0,1766818874152
1,0.99,1766818874372
1,0.89,1766818874589
1,1.0,1766818874788
1,0.87,1766818875011
1,0.75,1766818875198
1,1.0,1766818875427
1,0.77,1766818875609
1,1.0,1766818875784
1,0.92,1766818875961
1,1.0,1766818876164
1,1.0,1766818876382
1,0.64,1766818876604
1,1.0,1766818876922
1,0.8,1766818877125
1,1.0,1766818877320
1,0.94,1766818877543
1,1.0,1766818877747
1,1.0,1766818878006
1,0.83,1766818878249
1,1.0,1766818878442
1,1.0,1766818878716
1,0.8,1766818878918
1,0.8,1766818879095
1,1.0,1766818879293
1,0.96,1766818879510
1,0.96,1766818879760
1,0.97,1766818879961
1,0.91,1766818880168
1,1.0,1766818880380
1,1.0,1766818880673
1,0.46,1766818880877
1,1.0,1766818881062
1,1.0,1766818881269
1,0.87,1766818881467
1,1.0,1766818881713
1,0.84,1766818881937
1,0.71,1766818882193
1,0.88,1766818882462
1,0.47,1766818882676
1,1.0,1766818882860
1,0.82,1766818883045
1,0.72,1766818883419
1,0.28,1766818883590
1,1.0,1766818883775
1,0.83,1766818883984
1,1.0,1766818884163
1,1.0,1766818884409
1,0.71,1766818884675
1,0.56,1766818884848
1,0.89,1766818885047
1,1.0,1766818885258
1,0.59,1766818885438
1,1.0,1766818885643
1,0.8,1766818885857
1,0.65,1766818886119
1,0.91,1766818886370
1,0.38,1766818886619
1,1.0,1766818886834
1,1.0,1766818887134
1,0.79,1766818887355
1,1.0,1766818887622
1,0.8,1766818887827
1,1.0,1766818888010
1,0.9,1766818888202
1,1.0,1766818888420
1,0.87,1766818888663
1,0.63,1766818888869
1,1.0,1766818889116
1,0.76,1766818889356
1,0.84,1766818889553
1,1.0,1766818889820
1,0.73,1766818890038
1,1.0,1766818890212
1,0.82,1766818890433
1,1.0,1766818890610
1,0.9,1766818890857
1,1.0,1766818891078
1,1.0,1766818891382
1,1.0,1766818891684
1,0.61,1766818891893
1,1.0,1766818892128
1,1.0,1766818892414
1,0.8,1766818892664
1,0.51,1766818892832
1,0.9,1766818893020
1,1.0,1766818893227
1,0.76,1766818893456
1,1.0,1766818893680
1,1.0,1766818893953
1,0.87,1766818894204
1,0.72,1766818894415
1,1.0,1766818894592
1,1.0,1766818894804
1,0.82,1766818895007
1,1.0,1766818895265
1,0.73,1766818895460
1,0.92,1766818895686
1,0.81,1766818895892
1,1.0,1766818896079
1,1.0,1766818896309
1,0.82,1766818896585
1,1.0,1766818896774
1,0.81,1766818897087
1,0.69,1766818897310
1,1.0,1766818897503
1,0.95,1766818897700
1,1.0,1766818897932
1,1.0,1766818898221
1,0.51,1766818898444
1,1.0,1766818898669
1,1.0,1766818899013
1,0.33,1766818899224
1,1.0,1766818899434
1,1.0,1766818899676
1,0.86,1766818899862
1,0.9,1766818900171
1,0.28,1766818900359
1,1.0,1766818900537
1,0.74,1766818900747
1,1.0,1766818900946
1,0.74,1766818901144
1,0.83,1766818901436
1,0.28,1766818901632
1,1.0,1766818901815
1,0.83,1766818902018
1,0.76,1766818902249
1,1.0,1766818902454
1,0.74,1766818902725
1,1.0,1766818902951
1,0.95,1766818903148
1,1.0,1766818903361
1,0.64,1766818903574
1,1.0,1766818903794
1,1.0,1766818904140
1,0.88,1766818904360
1,1.0,1766818904605
1,0.48,1766818904816
1,0.43,1766818905080
1,0.93,1766818905279
1,0.97,1766818905506
1,1.0,1766818905696
1,0.88,1766818905956
1,1.0,1766818906208
1,1.0,1766818906544
1,0.58,1766818906764
1,0.99,1766818906928
1,1.0,1766818907134
1,0.92,1766818907297
1,1.0,1766818907509
1,0.85,1766818907722
1,1.0,1766818907918
1,0.82,1766818908150
1,1.0,1766818908356
1,0.75,1766818908634
1,0.56,1766818908886
1,1.0,1766818909121
1,0.63,1766818909299
1,0.76,1766818909512
1,0.93,1766818909697
1,0.97,1766818909906
1,0.63,1766818910147
1,0.73,1766818910398
1,1.0,1766818910661
1,0.64,1766818910902
1,0.76,1766818911154
1,1.0,1766818911361
1,0.92,1766818911548
1,1.0,1766818911744
1,1.0,1766818911969
1,0.88,1766818912173
1,0.8,1766818912377
1,1.0,1766818912610
1,1.0,1766818912893
1,0.33,1766818913070
1,1.0,1766818913271
1,0.76,1766818913484
1,0.68,1766818913738
1,0.74,1766818913998
1,0.62,1766818914210
1,1.0,1766818914433
1,0.62,1766818914620
1,1.0,1766818914847
1,1.0,1766818915119
1,0.86,1766818915362
1,0.99,1766818915618
1,0.75,1766818915826
1,1.0,1766818916035
1,0.61,1766818916228
1,1.0,1766818916422
1,1.0,1766818916659
1,0.99,1766818916912
1,0.98,1766818917140
1,1.0,1766818917337
1,0.74,1766818917529
1,1.0,1766818917686
1,1.0,1766818918000
1,0.62,1766818918211
1,0.83,1766818918415
1,0.77,1766818918673
1,1.0,1766818918891
1,0.58,1766818919100
1,0.89,1766818919343
1,1.0,1766818919614
1,0.84,1766818919853
1,1.0,1766818920025
1,0.99,1766818920224
1,0.9,1766818920437
1,0.99,1766818920684
1,0.72,1766818920889
1,1.0,1766818921142
1,0.64,1766818921393
1,0.98,1766818921592
1,1.0,1766818921814
1,0.92,1766818922000
1,1.0,1766818922221
1,0.98,1766818922571
1,0.34,1766818922813
1,1.0,1766818923014
1,0.89,1766818923183
1,1.0,1766818923403
1,0.77,1766818923608
1,0.62,1766818923897
1,0.51,1766818924099
1,1.0,1766818924269
1,0.91,1766818924453
1,0.35,1766818924732
1,1.0,1766818924985
1,0.59,1766818925203
1,1.0,1766818925384
1,0.69,1766818925686
1,0.56,1766818925892
1,0.73,1766818926278
1,0.52,1766818926473
2,1.0,1766818926639
2,0.88,1766818926845
2,1.0,1766818927033
2,0.73,1766818927222
2,0.48,1766818927490
2,0.81,1766818927672
2,1.0,1766818927832
2,0.85,1766818928021
2,1.0,1766818928188
2,0.94,1766818928424
2,1.0,1766818928638
2,1.0,1766818928894
2,1.0,1766818929291
2,0.44,1766818929470
2,0.83,1766818929659
2,1.0,1766818929846
2,0.89,1766818930038
2,0.86,1766818930276
2,1.0,1766818930530
2,0.56,1766818930759
2,0.6,1766818930956
2,1.0,1766818931217
2,0.76,1766818931430
2,1.0,1766818931625
2,0.96,1766818931870
2,0.97,1766818932076
2,1.0,1766818932351
2,0.55,1766818932554
2,1.0,1766818932743
2,1.0,1766818933058
2,0.63,1766818933262
2,0.98,1766818933500
2,0.87,1766818933720
2,1.0,1766818933905
2,0.86,1766818934089
2,1.0,1766818934289
2,0.76,1766818934517
2,0.79,1766818934796
2,1.0,1766818935036
2,1.0,1766818935273
2,1.0,1766818935450
2,1.0,1766818935696
2,0.62,1766818935932
2,0.97,1766818936155
2,0.71,1766818936347
2,1.0,1766818936566
2,0.84,1766818936771
2,1.0,1766818936958
2,0.81,1766818937171
2,1.0,1766818937372
2,1.0,1766818937699
2,0.48,1766818937870
2,1.0,1766818938079
2,1.0,1766818938332
2,0.89,1766818938540
2,0.87,1766818938807
2,0.55,1766818938987
2,1.0,1766818939171
2,0.82,1766818939369
2,1.0,1766818939553
2,0.81,1766818939764
2,0.58,1766818939992
2,1.0,1766818940214
2,1.0,1766818940416
2,0.99,1766818940693
2,0.63,1766818940882
2,1.0,1766818941085
2,0.62,1766818941316
2,1.0,1766818941533
2,1.0,1766818941727
2,0.84,1766818941930
2,1.0,1766818942207
2,0.92,1766818942431
2,0.97,1766818942608
2,0.93,1766818942876
2,0.95,1766818943110
2,1.0,1766818943325
2,0.79,1766818943570
2,0.53,1766818943839
2,1.0,1766818944123
2,0.8,1766818944351
2,1.0,1766818944565
2,0.68,1766818944774
2,1.0,1766818945028
2,1.0,1766818945258
2,0.85,1766818945465
2,1.0,1766818945716
2,1.0,1766818946020
2,0.77,1766818946242
2,1.0,1766818946445
2,1.0,1766818946642
2,1.0,1766818946918
2,0.44,1766818947124
2,1.0,1766818947326
2,1.0,1766818947532
2,0.82,1766818947756
2,0.79,1766818947934
2,1.0,1766818948164
2,1.0,1766818948403
2,0.77,1766818948642
2,1.0,1766818948844
2,1.0,1766818949108
2,0.67,1766818949378
2,0.76,1766818949595
2,0.99,1766818949860
2,0.8,1766818950088
2,1.0,1766818950279
2,0.78,1766818950469
2,1.0,1766818950724
2,1.0,1766818951085
2,0.65,1766818951277
2,1.0,1766818951479
2,0.75,1766818951661
2,0.36,1766818951966
2,0.89,1766818952192
2,1.0,1766818952394
2,0.78,1766818952600
2,0.63,1766818952847
2,1.0,1766818953047
2,0.84,1766818953327
2,0.71,1766818953539
2,1.0,1766818953776
2,0.77,1766818953979
2,0.75,1766818954173
2,0.95,1766818954353
2,1.0,1766818954550
2,0.86,1766818954794
2,0.29,1766818955130
2,0.76,1766818955391
2,0.45,1766818955625
2,1.0,1766818955795
2,0.8,1766818955988
2,1.0,1766818956227
2,0.65,1766818956406
2,0.88,1766818956572
2,0.99,1766818956774
2,0.93,1766818956963
2,0.87,1766818957173
2,1.0,1766818957447
2,0.66,1766818957659
2,0.84,1766818957850
2,1.0,1766818958030
2,0.83,1766818958277
2,1.0,1766818958499
2,0.99,1766818958887
2,0.52,1766818959081
2,0.97,1766818959255
2,1.0,1766818959441
2,0.81,1766818959619
2,1.0,1766818959893
2,0.32,1766818960164
2,1.0,1766818960347
2,0.96,1766818960518
2,1.0,1766818960712
2,1.0,1766818961001
2,0.8,1766818961244
2,0.7,1766818961434
2,0.68,1766818961671
2,1.0,1766818961890
2,0.87,1766818962132
2,1.0,1766818962317
2,1.0,1766818962540
2,0.77,1766818962741
2,1.0,1766818962925
2,0.9,1766818963113
2,1.0,1766818963320
2,0.83,1766818963587
2,1.0,1766818963796
2,0.77,1766818964013
2,1.0,1766818964211
2,1.0,1766818964534
2,0.39,1766818964735
2,1.0,1766818964937
2,0.99,1766818965165
2,0.92,1766818965410
2,1.0,1766818965675
2,0.95,1766818965911
2,1.0,1766818966177
2,1.0,1766818966428
2,0.67,1766818966656
2,0.98,1766818966854
2,0.85,1766818967088
2,1.0,1766818967294
2,0.94,1766818967573
2,0.76,1766818967811
2,1.0,1766818968102
2,1.0,1766818968349
2,0.82,1766818968571
2,0.68,1766818968889
2,0.39,1766818969068
2,1.0,1766818969261
2,0.83,1766818969459
2,1.0,1766818969656
2,1.0,1766818969932
2,0.62,1766818970160
2,0.85,1766818970356
2,0.88,1766818970642
2,1.0,1766818970862
2,1.0,1766818971068
2,0.71,1766818971283
2,1.0,1766818971508
2,1.0,1766818971773
2,0.82,1766818972015
2,1.0,1766818972248
2,1.0,1766818972527
2,0.78,1766818972726
2,0.9,1766818972986
2,0.59,1766818973183
2,1.0,1766818973376
2,0.87,1766818973557
2,1.0,1766818973759
2,1.0,1766818974031
2,0.8,1766818974342
2,1.0,1766818974576
2,0.47,1766818974854
2,1.0,1766818975065
2,0.65,1766818975273
2,0.92,1766818975495
2,1.0,1766818975710
2,0.99,1766818975926
2,1.0,1766818976202
2,0.7,1766818976478
2,0.77,1766818976713
2,1.0,1766818976904
2,0.82,1766818977122
2,1.0,1766818977331
2,0.86,1766818977514
2,1.0,1766818977724
2,1.0,1766818977943
2,0.85,1766818978128
2,1.0,1766818978325
2,0.9,1766818978546
2,0.79,1766818978826
2,1.0,1766818979100
2,0.59,1766818979324
2,1.0,1766818979542
2,1.0,1766818979810
2,0.84,1766818980067
2,0.64,1766818980263
2,1.0,1766818980457
2,1.0,1766818980665
2,0.84,1766818980873
2,1.0,1766818981103
2,1.0,1766818981374
2,0.67,1766818981589
2,0.86,1766818981813
2,1.0,1766818982003
2,0.8,1766818982177
2,1.0,1766818982368
2,1.0,1766818982592
2,0.62,1766818982857
2,1.0,1766818983092
2,1.0,1766818983308
2,0.99,1766818983497
2,1.0,1766818983713
2,1.0,1766818984090
2,0.68,1766818984284
2,1.0,1766818984446
2,0.91,1766818984637
2,1.0,1766818984831
2,0.83,1766818985148
2,0.54,1766818985394
2,1.0,1766818985629
2,1.0,1766818985949
2,0.77,1766818986197
2,0.72,1766818986372
2,0.78,1766818986579
2,1.0,1766818986767
2,0.83,1766818986944
2,1.0,1766818987210
2,1.0,1766818987487
2,0.75,1766818987716
2,1.0,1766818987956
2,0.78,1766818988182
2,1.0,1766818988446
2,1.0,1766818988660
2,0.78,1766818988836
2,1.0,1766818989042
2,0.88,1766818989291
2,1.0,1766818989491
2,0.89,1766818989685
2,1.0,1766818989862
2,0.78,1766818990069
2,1.0,1766818990296
2,0.62,1766818990524
2,0.89,1766818990794
2,0.56,1766818991002
2,0.73,1766818991267
2,1.0,1766818991517
2,1.0,1766818991732
2,0.82,1766818991910
2,0.94,1766818992171
2,0.7,1766818992442
2,1.0,1766818992624
2,0.86,1766818992827
2,1.0,1766818993024
2,0.73,1766818993229
2,1.0,1766818993416
2,1.0,1766818993693
2,0.58,1766818993904
2,0.72,1766818994178
2,0.78,1766818994402
2,1.0,1766818994580
2,0.88,1766818994785
2,0.79,1766818995033
2,1.0,1766818995270
2,0.77,1766818995536
2,1.0,1766818995712
2,1.0,1766818995986
2,0.67,1766818996223
2,1.0,1766818996513
2,0.77,1766818996709
2,1.0,1766818996918
2,1.0,1766818997214
2,0.68,1766818997440
2,1.0,1766818997623
2,0.88,1766818997820
2,1.0,1766818998007
2,1.0,1766818998234
2,0.66,1766818998462
2,1.0,1766818998743
2,0.53,1766818998927
2,1.0,1766818999131
2,1.0,1766818999423
2,0.75,1766818999639
2,1.0,1766818999857
2,0.84,1766819000045
2,0.9,1766819000273
2,1.0,1766819000490
2,0.86,1766819000724
2,1.0,1766819001020
2,0.48,1766819001223
2,1.0,1766819001450
2,0.74,1766819001652
2,0.71,1766819001882
2,1.0,1766819002134
2,1.0,1766819002375
2,0.83,1766819002577
2,1.0,1766819002858
2,0.94,1766819003134
2,0.84,1766819003324
2,0.88,1766819003559
2,0.84,1766819003810
2,1.0,1766819004096
2,0.54,1766819004320
2,0.97,1766819004505
2,1.0,1766819004712
2,0.67,1766819004919
2,1.0,1766819005124
2,0.6,1766819005329
2,1.0,1766819005531
2,1.0,1766819005805
2,0.78,1766819006003
2,0.65,1766819006303
2,0.78,1766819006503
2,1.0,1766819006717
2,1.0,1766819006945
2,0.93,1766819007189
2,0.92,1766819007394
2,0.69,1766819007670
2,0.65,1766819007940
2,1.0,1766819008160
2,0.78,1766819008398
2,0.69,1766819008666
2,1.0,1766819008868
2,0.82,1766819009105
2,1.0,1766819009346
2,0.65,1766819009562
2,0.29,1766819009847
2,0.96,1766819010067
2,0.95,1766819010241
2,0.86,1766819010435
2,0.71,1766819010751
2,1.0,1766819010936
2,0.59,1766819011126
2,0.77,1766819011339
2,1.0,1766819011529
2,0.8,1766819011798
2,0.68,1766819012027
2,0.92,1766819012256
2,0.98,1766819012450
2,1.0,1766819012718
2,0.95,1766819012966
2,1.0,1766819013236
2,0.65,1766819013441
2,0.79,1766819013625
2,1.0,1766819013852
2,0.86,1766819014079
2,1.0,1766819014374
2,0.44,1766819014591
2,1.0,1766819014802
2,1.0,1766819015009
2,0.75,1766819015210
2,1.0,1766819015541
2,0.78,1766819015715
2,1.0,1766819015899
2,0.85,1766819016082
2,1.0,1766819016261
2,0.73,1766819016439
2,1.0,1766819016642
2,1.0,1766819016939
2,0.64,1766819017167
2,1.0,1766819017404
2,0.66,1766819017595
2,0.82,1766819017832
2,0.84,1766819018160
2,0.43,1766819018372
2,1.0,1766819018565
2,0.81,1766819018753
2,0.67,1766819019068
2,0.7,1766819019275
2,1.0,1766819019481
2,0.86,1766819019706
2,0.75,1766819019927
2,1.0,1766819020125
2,0.66,1766819020346
2,1.0,1766819020523
2,1.0,1766819020783
2,0.7,1766819020994
2,0.81,1766819021197
2,1.0,1766819021384
2,1.0,1766819021580
2,0.85,1766819021792
2,1.0,1766819021993
2,0.59,1766819022232
2,0.71,1766819022471
2,0.71,1766819022659
2,1.0,1766819022869
2,0.62,1766819023060
2,1.0,1766819023231
2,1.0,1766819023532
2,0.51,1766819023732
2,0.86,1766819023916
2,0.83,1766819024158
2,1.0,1766819024376
2,1.0,1766819024721
2,0.52,1766819024934
2,0.53,1766819025181
2,0.84,1766819025382
2,1.0,1766819025584
2,0.89,1766819025769
2,0.86,1766819025975
2,1.0,1766819026206
2,0.59,1766819026461
2,1.0,1766819026662
2,1.0,1766819026900
2,0.79,1766819027165
2,0.85,1766819027419
2,0.79,1766819027655
2,1.0,1766819027910
2,0.58,1766819028088
2,0.88,1766819028273
2,1.0,1766819028461
2,0.86,1766819028637
2,1.0,1766819028821
2,0.8,1766819028995
2,1.0,1766819029194
2,0.81,1766819029424
2,0.87,1766819029720
2,0.64,1766819029922
2,1.0,1766819030165
2,1.0,1766819030463
2,0.3,1766819030678
2,1.0,1766819030882
2,0.86,1766819031117
2,1.0,1766819031324
2,0.51,1766819031498
2,0.78,1766819031756
2,1.0,1766819031964
2,0.86,1766819032217
2,0.68,1766819032494
2,0.89,1766819032701
2,0.98,1766819032899
2,0.97,1766819033131
2,0.85,1766819033342
2,1.0,1766819033569
2,0.76,1766819033778
2,1.0,1766819033984
2,1.0,1766819034177
2,0.94,1766819034367
2,1.0,1766819034566
2,0.78,1766819034823
2,0.76,1766819035111
2,1.0,1766819035300
2,1.0,1766819035576
2,0.6,1766819035746
2,1.0,1766819035942
2,1.0,1766819036205
2,0.5,1766819036458
2,0.99,1766819036609
2,1.0,1766819036870
2,0.76,1766819037052
2,0.78,1766819037290
2,0.75,1766819037512
2,1.0,1766819037762
2,0.76,1766819037988
2,0.68,1766819038193
2,1.0,1766819038405
2,0.69,1766819038647
2,1.0,1766819038847
2,0.88,1766819039045
2,1.0,1766819039262
2,0.84,1766819039478
2,1.0,1766819039684
2,1.0,1766819039981
2,0.62,1766819040160
2,1.0,1766819040348
2,0.79,1766819040562
2,0.67,1766819040836
2,0.98,1766819041111
2,0.6,1766819041312
2,0.24,1766819041720
2,0.55,1766819041889
2,1.0,1766819042052
2,0.82,1766819042233
2,1.0,1766819042410
2,0.72,1766819042592
2,1.0,1766819042763
2,0.86,1766819042985
2,0.88,1766819043267
2,1.0,1766819043454
2,0.68,1766819043684
2,1.0,1766819043914
2,0.81,1766819044135
2,1.0,1766819044336
2,0.75,1766819044539
2,1.0,1766819044759
2,1.0,1766819044979
2,0.9,1766819045181
2,1.0,1766819045392
2,0.97,1766819045599
2,0.57,1766819045872
2,0.74,1766819046052
2,1.0,1766819046216
2,1.0,1766819046404
2,1.0,1766819046622
2,1.0,1766819046917
2,0.39,1766819047164
2,1.0,1766819047350
2,1.0,1766819047606
2,0.79,1766819047847
2,1.0,1766819048083
2,1.0,1766819048385
2,0.93,1766819048588
2,1.0,1766819048811
2,0.91,1766819049008
2,1.0,1766819049227
2,1.0,1766819049569
2,0.64,1766819049788
2,0.71,1766819049978
2,0.88,1766819050230
2,1.0,1766819050424
2,0.77,1766819050637
2,1.0,1766819050823
2,1.0,1766819051054
2,0.93,1766819051273
2,1.0,1766819051491
2,1.0,1766819051749
2,0.39,1766819051977
2,1.0,1766819052171
2,0.82,1766819052399
2,1.0,1766819052617
2,0.64,1766819052864
2,1.0,1766819053063
2,1.0,1766819053326
2,0.83,1766819053533
2,1.0,1766819053790
2,0.84,1766819053992
2,1.0,1766819054195
2,0.64,1766819054411
2,1.0,1766819054620
2,1.0,1766819054915
2,0.54,1766819055117
2,1.0,1766819055357
2,0.73,1766819055721
2,0.26,1766819055963
2,0.79,1766819056138
2,1.0,1766819056355
2,1.0,1766819056547
2,0.88,1766819056764
2,1.0,1766819056986
2,1.0,1766819057324
2,0.57,1766819057522
2,0.61,1766819057780
2,1.0,1766819058019
2,0.83,1766819058236
2,1.0,1766819058459
2,0.87,1766819058658
2,1.0,1766819058843
2,0.83,1766819059034
2,1.0,1766819059303
2,1.0,1766819059511
2,0.81,1766819059691
2,1.0,1766819059952
2,0.82,1766819060204
2,0.92,1766819060448
2,0.89,1766819060646
2,1.0,1766819060908
2,1.0,1766819061141
2,0.89,1766819061333
2,1.0,1766819061612
2,0.75,1766819061873
2,0.67,1766819062084
2,0.76,1766819062315
2,0.7,1766819062585
2,1.0,1766819062860
2,1.0,1766819063082
2,0.85,1766819063270
2,1.0,1766819063477
2,0.76,1766819063684
2,0.99,1766819063930
2,0.87,1766819064132
2,1.0,1766819064297
2,0.98,1766819064539
2,0.72,1766819064772
2,1.0,1766819064995
2,0.75,1766819065264
2,0.58,1766819065506
2,1.0,1766819065686
2,0.92,1766819065895
2,1.0,1766819066122
2,1.0,1766819066368
2,0.91,1766819066569
2,0.77,1766819066851
2,0.93,1766819067159
2,0.38,1766819067426
2,0.91,1766819067616
2,1.0,1766819067811
2,0.71,1766819068034
2,0.87,1766819068243
2,1.0,1766819068442
2,0.83,1766819068659
2,1.0,1766819068850
2,1.0,1766819069120
2,0.77,1766819069426
2,0.59,1766819069653
2,1.0,1766819069980
2,0.91,1766819070173
2,1.0,1766819070376
2,0.79,1766819070565
2,1.0,1766819070758
2,1.0,1766819071096
2,0.75,1766819071379
2,0.88,1766819071613
2,1.0,1766819071794
2,0.99,1766819071996
2,1.0,1766819072195
2,0.94,1766819072424
2,0.56,1766819072661
2,1.0,1766819072911
2,0.59,1766819073104
2,0.91,1766819073317
2,0.96,1766819073530
2,1.0,1766819073758
2,0.7,1766819073953
2,1.0,1766819074198
2,1.0,1766819074498
2,0.75,1766819074721
2,0.82,1766819074949
2,1.0,1766819075228
2,0.72,1766819075416
2,0.74,1766819075594
2,1.0,1766819075772
2,0.84,1766819075947
2,0.8,1766819076175
2,1.0,1766819076437
2,0.53,1766819076656
2,1.0,1766819076819
2,0.87,1766819077025
2,0.86,1766819077237
2,1.0,1766819077560
2,1.0,1766819077765
2,0.87,1766819078011
2,1.0,1766819078255
2,0.98,1766819078486
2,1.0,1766819078676
2,0.99,1766819078976
2,1.0,1766819079154
2,1.0,1766819079438
2,0.76,1766819079667
2,1.0,1766819079878
2,0.8,1766819080148
2,1.0,1766819080366
2,1.0,1766819080597
2,0.79,1766819080827
2,1.0,1766819081070
2,0.78,1766819081259
2,0.84,1766819081479
2,1.0,1766819081707
2,0.97,1766819081947
2,1.0,1766819082222
2,0.69,1766819082404
2,1.0,1766819082585
2,0.71,1766819082779
2,0.58,1766819083182
2,1.0,1766819083401
2,0.77,1766819083641
2,0.5,1766819083845
2,1.0,1766819084015
2,0.92,1766819084219
2,1.0,1766819084401
2,1.0,1766819084620
2,0.79,1766819084803
2,1.0,1766819085006
2,0.84,1766819085233
2,0.57,1766819085488
2,1.0,1766819085708
2,0.77,1766819085906
2,1.0,1766819086180
2,0.62,1766819086371
2,1.0,1766819086609
2,1.0,1766819086801
2,0.64,1766819087093
2,0.78,1766819087303
2,0.8,1766819087491
2,1.0,1766819087683
2,0.83,1766819087862
2,1.0,1766819088063
2,0.76,1766819088311
2,0.68,1766819088597
2,1.0,1766819088791
2,1.0,1766819089041
2,0.8,1766819089237
2,1.0,1766819089551
2,0.92,1766819089752
2,1.0,1766819089932
2,0.91,1766819090141
2,1.0,1766819090439
2,1.0,1766819090712
2,0.99,1766819090908
2,1.0,1766819091121
2,1.0,1766819091347
2,0.75,1766819091575
2,0.67,1766819091845
2,0.89,1766819092079
2,1.0,1766819092273
2,1.0,1766819092535
2,0.84,1766819092762
2,1.0,1766819093007
2,1.0,1766819093264
2,0.86,1766819093481
2,1.0,1766819093744
2,1.0,1766819093987
2,0.76,1766819094211
2,0.72,1766819094405
2,0.84,1766819094612
2,1.0,1766819094834
2,0.9,1766819095059
2,0.58,1766819095332
2,1.0,1766819095536
2,0.84,1766819095771
2,0.81,1766819095965
2,1.0,1766819096208
2,0.75,1766819096463
2,1.0,1766819096699
2,0.99,1766819096914
2,1.0,1766819097113
2,0.66,1766819097310
2,1.0,1766819097482
2,1.0,1766819097712
2,0.73,1766819097911
2,0.92,1766819098147
2,1.0,1766819098372
2,1.0,1766819098640
2,0.52,1766819098854
2,1.0,1766819099036
2,1.0,1766819099260
2,0.77,1766819099435
2,1.0,1766819099651
2,0.8,1766819099872
2,0.74,1766819100159
2,0.67,1766819100344
2,1.0,1766819100520
2,0.91,1766819100770
2,0.52,1766819101014
2,1.0,1766819101214
2,0.94,1766819101408
2,1.0,1766819101620
2,1.0,1766819101902
2,0.77,1766819102157
2,1.0,1766819102394
2,0.7,1766819102629
2,1.0,1766819102855
2,1.0,1766819103103
2,0.59,1766819103306
2,0.87,1766819103498
2,1.0,1766819103707
2,1.0,1766819103933
2,0.73,1766819104136
2,1.0,1766819104334
2,1.0,1766819104666
2,0.46,1766819104875
2,0.79,1766819105097
2,0.63,1766819105319
2,1.0,1766819105494
2,0.82,1766819105699
2,0.45,1766819105997
2,0.74,1766819106230
2,1.0,1766819106446
2,1.0,1766819106670
2,0.7,1766819106858
2,1.0,1766819107092
2,1.0,1766819107358
2,0.99,1766819107578
2,1.0,1766819107766
2,1.0,1766819107987
2,0.85,1766819108222
2,0.89,1766819108471
2,1.0,1766819108709
2,1.0,1766819108919
2,0.79,1766819109104
2,1.0,1766819109377
2,0.82,1766819109602
2,0.68,1766819109824
2,1.0,1766819110069
2,0.7,1766819110275
2,0.82,1766819110536
2,0.73,1766819110736
2,1.0,1766819110894
2,0.93,1766819111074
2,1.0,1766819111369
2,1.0,1766819111630
2,0.83,1766819111824
2,1.0,1766819112016
2,0.83,1766819112236
2,0.74,1766819112449
2,1.0,1766819112785
2,0.49,1766819112994
2,1.0,1766819113174
2,0.61,1766819113440
2,1.0,1766819113627
2,1.0,1766819113871
2,0.84,1766819114113
2,0.52,1766819114296
2,1.0,1766819114501
2,1.0,1766819114718
2,0.83,1766819114903
2,1.0,1766819115091
2,0.68,1766819115390
2,0.68,1766819115623
2,0.63,1766819115795
2,1.0,1766819115975
2,0.85,1766819116211
2,1.0,1766819116407
2,1.0,1766819116678
2,0.82,1766819116926
2,1.0,1766819117113
2,1.0,1766819117341
2,0.7,1766819117552
2,1.0,1766819117775
2,0.76,1766819117971
2,0.91,1766819118194
2,0.88,1766819118409
2,0.97,1766819118590
2,0.82,1766819118889
2,0.53,1766819119081
2,1.0,1766819119286
2,0.8,1766819119510
2,0.95,1766819119790
2,0.85,1766819119989
2,1.0,1766819120164
2,0.89,1766819120353
2,1.0,1766819120544
2,0.75,1766819120786
2,0.75,1766819121022
2,1.0,1766819121329
2,1.0,1766819121570
2,0.86,1766819121793
2,0.76,1766819122002
2,1.0,1766819122191
2,1.0,1766819122381
2,0.87,1766819122594
2,1.0,1766819122782
2,0.86,1766819122971
2,1.0,1766819123167
2,0.93,1766819123357
2,0.87,1766819123584
2,1.0,1766819123804
2,0.9,1766819124004
2,1.0,1766819124228
2,1.0,1766819124561
2,0.64,1766819124786
2,0.67,1766819124967
2,0.99,1766819125163
2,0.14,1766819125509
2,1.0,1766819125732
2,0.81,1766819125975
2,0.57,1766819126154
2,1.0,1766819126343
2,1.0,1766819126528
2,0.88,1766819126749
2,1.0,1766819126943
2,0.66,1766819127143
2,1.0,1766819127351
2,1.0,1766819127572
2,0.98,1766819127830
2,0.64,1766819128025
2,1.0,1766819128208
2,0.85,1766819128382
2,1.0,1766819128555
2,1.0,1766819128860
2,0.22,1766819129042
2,1.0,1766819129243
2,0.85,1766819129432
2,1.0,1766819129624
2,1.0,1766819129813
2,0.9,1766819130001
2,0.98,1766819130389
2,0.03,1766819130549
2,1.0,1766819130763
2,0.86,1766819130958
2,0.82,1766819131201
2,0.86,1766819131401
2,1.0,1766819131631
2,0.64,1766819131866
2,0.88,1766819132096
2,1.0,1766819132316
2,0.82,1766819132559
2,0.61,1766819132822
2,1.0,1766819133025
2,1.0,1766819133401
2,0.64,1766819133598
2,0.5,1766819133760
2,1.0,1766819133966
2,1.0,1766819134298
2,0.38,1766819134476
2,0.87,1766819134732
2,0.76,1766819134963
2,1.0,1766819135165
2,0.72,1766819135411
2,0.81,1766819135614
2,1.0,1766819135891
2,0.56,1766819136093
2,0.86,1766819136296
2,1.0,1766819136590
2,0.65,1766819136771
2,1.0,1766819136951
2,0.9,1766819137131
3,0.67,1766819137355
3,0.88,1766819137556
3,1.0,1766819137727
3,0.81,1766819137983
3,0.14,1766819138230
3,1.0,1766819138412
3,0.88,1766819138616
3,1.0,1766819138825
3,0.8,1766819139025
3,1.0,1766819139216
3,0.99,1766819139496
3,0.62,1766819139781
3,0.88,1766819140002
3,1.0,1766819140243
3,0.62,1766819140467
3,0.8,1766819140683
3,1.0,1766819140902
3,0.63,1766819141141
3,0.76,1766819141361
3,1.0,1766819141561
3,0.7,1766819141763
3,1.0,1766819141984
3,0.91,1766819142266
3,0.92,1766819142455
3,0.72,1766819142685
3,0.71,1766819142945
3,1.0,1766819143151
3,0.79,1766819143356
3,1.0,1766819143534
3,0.76,1766819143721
3,0.75,1766819143954
3,1.0,1766819144171
3,0.86,1766819144401
3,0.65,1766819144633
3,1.0,1766819144859
3,0.72,1766819145053
3,0.84,1766819145282
3,0.67,1766819145564
3,1.0,1766819145782
3,0.86,1766819145980
3,1.0,1766819146184
3,1.0,1766819146419
3,0.98,1766819146625
3,1.0,1766819146845
3,0.8,1766819147095
3,0.74,1766819147334
3,1.0,1766819147511
3,0.93,1766819147687
3,1.0,1766819147889
3,0.83,1766819148078
3,0.52,1766819148338
3,0.87,1766819148532
3,1.0,1766819148702
3,0.77,1766819148927
3,1.0,1766819149115
3,1.0,1766819149372
3,0.38,1766819149574
3,1.0,1766819149766
3,0.77,1766819149951
3,1.0,1766819150135
3,0.99,1766819150349
3,0.93,1766819150593
3,0.48,1766819150790
3,1.0,1766819150979
3,0.91,1766819151160
3,0.88,1766819151353
3,1.0,1766819151549
3,0.81,1766819151778
3,0.42,1766819152037
3,0.92,1766819152276
3,0.98,1766819152486
3,1.0,1766819152842
3,0.29,1766819153009
3,0.82,1766819153194
3,0.82,1766819153380
3,1.0,1766819153612
3,0.43,1766819153809
3,1.0,1766819154020
3,1.0,1766819154228
3,0.86,1766819154403
3,1.0,1766819154682
3,0.83,1766819154864
3,0.75,1766819155052
3,0.67,1766819155245
3,1.0,1766819155447
3,0.84,1766819155713
3,1.0,1766819155923
3,1.0,1766819156166
3,0.7,1766819156369
3,0.99,1766819156589
3,0.83,1766819156795
3,1.0,1766819157076
3,0.56,1766819157279
3,1.0,1766819157450
3,0.86,1766819157668
3,0.95,1766819157893
3,1.0,1766819158174
3,0.44,1766819158362
3,1.0,1766819158570
3,0.73,1766819158759
3,1.0,1766819159014
3,0.53,1766819159205
3,0.73,1766819159425
3,1.0,1766819159650
3,0.78,1766819159851
3,0.83,1766819160108
3,0.63,1766819160293
3,1.0,1766819160459
3,0.88,1766819160652
3,1.0,1766819160855
3,0.81,1766819161086
3,0.83,1766819161272
3,1.0,1766819161478
3,0.67,1766819161687
3,0.7,1766819161982
3,0.71,1766819162181
3,1.0,1766819162408
3,1.0,1766819162650
3,0.47,1766819162888
3,0.81,1766819163061
3,1.0,1766819163256
3,1.0,1766819163447
3,0.92,1766819163781
3,0.58,1766819164012
3,1.0,1766819164194
3,0.83,1766819164424
3,0.51,1766819164675
3,1.0,1766819164955
3,0.83,1766819165269
3,0.99,1766819165473
3,0.63,1766819165673
3,1.0,1766819165852
3,0.99,1766819166059
3,0.6,1766819166327
3,1.0,1766819166506
3,0.93,1766819166706
3,1.0,1766819166886
3,1.0,1766819167147
3,0.75,1766819167367
3,1.0,1766819167562
3,0.88,1766819167744
3,0.81,1766819168048
3,0.41,1766819168234
3,1.0,1766819168419
3,0.96,1766819168596
3,1.0,1766819168770
3,1.0,1766819168989
3,0.63,1766819169179
3,1.0,1766819169364
3,0.74,1766819169603
3,0.79,1766819169831
3,0.85,1766819170021
3,1.0,1766819170195
3,0.83,1766819170400
3,1.0,1766819170615
3,1.0,1766819170894
3,0.34,1766819171093
3,1.0,1766819171275
3,0.76,1766819171450
3,1.0,1766819171637
3,0.84,1766819171912
3,1.0,1766819172121
3,1.0,1766819172407
3,0.75,1766819172652
3,1.0,1766819172867
3,1.0,1766819173079
3,0.86,1766819173264
3,1.0,1766819173453
3,0.81,1766819173634
3,1.0,1766819173897
3,1.0,1766819174178
3,0.77,1766819174391
3,0.73,1766819174575
3,0.86,1766819174814
3,1.0,1766819175062
3,0.67,1766819175262
3,1.0,1766819175442
3,0.99,1766819175661
3,1.0,1766819175830
3,1.0,1766819176058
3,0.56,1766819176252
3,0.88,1766819176476
3,1.0,1766819176676
3,1.0,1766819176866
3,0.94,1766819177049
3,1.0,1766819177381
3,0.85,1766819177561
3,1.0,1766819177725
3,0.98,1766819177961
3,1.0,1766819178193
3,0.59,1766819178367
3,0.85,1766819178572
3,1.0,1766819178816
3,0.84,1766819179068
3,1.0,1766819179262
3,1.0,1766819179485
3,0.79,1766819179658
3,1.0,1766819179836
3,0.94,1766819180023
3,1.0,1766819180225
3,0.75,1766819180413
3,1.0,1766819180626
3,0.77,1766819180813
3,1.0,1766819180994
3,0.8,1766819181256
3,1.0,1766819181480
3,1.0,1766819181735
3,0.68,1766819181975
3,1.0,1766819182165
3,0.85,1766819182347
3,0.63,1766819182610
3,1.0,1766819182825
3,1.0,1766819183081
3,0.96,1766819183310
3,0.88,1766819183598
3,0.44,1766819183806
3,1.0,1766819183989
3,0.77,1766819184173
3,1.0,1766819184343
3,0.78,1766819184527
3,1.0,1766819184721
3,1.0,1766819184985
3,0.77,1766819185255
3,1.0,1766819185451
3,0.92,1766819185735
3,1.0,1766819185957
3,0.57,1766819186150
3,1.0,1766819186296
3,0.88,1766819186474
3,1.0,1766819186641
3,1.0,1766819186846
3,0.66,1766819187069
3,1.0,1766819187318
3,0.88,1766819187600
3,0.95,1766819187773
3,0.92,1766819188061
3,0.78,1766819188266
3,1.0,1766819188461
3,0.83,1766819188701
3,1.0,1766819188873
3,0.79,1766819189090
3,0.74,1766819189302
3,1.0,1766819189532
3,0.71,1766819189715
3,1.0,1766819189946
3,0.61,1766819190136
3,0.87,1766819190344
3,0.83,1766819190626
3,0.38,1766819190836
3,1.0,1766819191028
3,0.96,1766819191208
3,1.0,1766819191441
3,0.69,1766819191618
3,1.0,1766819191818
3,1.0,1766819192029
3,0.75,1766819192215
3,0.86,1766819192415
3,1.0,1766819192614
3,0.83,1766819192782
3,1.0,1766819192964
3,0.89,1766819193214
3,0.51,1766819193429
3,1.0,1766819193611
3,0.87,1766819193779
3,1.0,1766819193964
3,0.73,1766819194239
3,0.75,1766819194513
3,0.91,1766819194702
3,1.0,1766819194916
3,1.0,1766819195088
3,1.0,1766819195322
3,0.79,1766819195527
3,0.85,1766819195828
3,0.53,1766819196031
3,1.0,1766819196237
3,0.88,1766819196482
3,1.0,1766819196706
3,1.0,1766819196958
3,0.8,1766819197181
3,0.96,1766819197468
3,1.0,1766819197647
3,0.84,1766819197833
3,1.0,1766819198055
3,1.0,1766819198366
3,0.61,1766819198572
3,0.86,1766819198784
3,0.88,1766819198997
3,1.0,1766819199230
3,0.66,1766819199424
3,1.0,1766819199606
3,0.85,1766819199805
3,1.0,1766819199996
3,1.0,1766819200212
3,0.53,1766819200424
3,1.0,1766819200615
3,0.73,1766819200825
3,0.75,1766819201145
3,0.79,1766819201366
3,1.0,1766819201554
3,1.0,1766819201801
3,0.62,1766819201985
3,1.0,1766819202200
3,0.46,1766819202404
3,1.0,1766819202589
3,1.0,1766819202795
3,0.93,1766819203013
3,0.68,1766819203208
3,1.0,1766819203378
3,0.86,1766819203542
3,1.0,1766819203719
3,0.87,1766819203904
3,1.0,1766819204107
3,1.0,1766819204330
3,0.73,1766819204510
3,1.0,1766819204699
3,0.87,1766819204907
3,0.53,1766819205205
3,0.7,1766819205400
3,1.0,1766819205586
3,0.88,1766819205873
3,1.0,1766819206051
3,1.0,1766819206274
3,0.62,1766819206479
3,1.0,1766819206675
3,1.0,1766819206909
3,0.67,1766819207172
3,0.87,1766819207352
3,1.0,1766819207536
3,0.88,1766819207705
3,1.0,1766819207896
3,0.99,1766819208088
3,0.91,1766819208291
3,0.97,1766819208495
3,0.63,1766819208697
3,1.0,1766819208902
3,0.86,1766819209091
3,0.81,1766819209343
3,1.0,1766819209593
3,1.0,1766819209854
3,0.71,1766819210088
3,0.89,1766819210278
3,0.99,1766819210482
3,0.99,1766819210661
3,0.9,1766819210856
3,0.95,1766819211070
3,0.89,1766819211357
3,0.98,1766819211542
3,0.48,1766819211710
3,1.0,1766819211881
3,0.97,1766819212069
3,0.91,1766819212313
3,1.0,1766819212565
3,1.0,1766819212790
3,0.82,1766819212954
3,1.0,1766819213183
3,0.68,1766819213444
3,0.98,1766819213662
3,1.0,1766819213911
3,0.78,1766819214113
3,0.73,1766819214403
3,0.84,1766819214701
3,0.97,1766819214901
3,0.46,1766819215089
3,0.86,1766819215275
3,1.0,1766819215465
3,0.88,1766819215657
3,1.0,1766819215889
3,0.57,1766819216090
3,0.91,1766819216292
3,1.0,1766819216605
3,0.36,1766819216805
3,1.0,1766819217019
3,0.83,1766819217212
3,1.0,1766819217409
3,0.7,1766819217620
3,0.69,1766819217895
3,0.85,1766819218093
3,1.0,1766819218291
3,0.78,1766819218498
3,0.81,1766819218683
3,1.0,1766819218903
3,0.8,1766819219065
3,1.0,1766819219236
3,0.96,1766819219426
3,1.0,1766819219632
3,0.8,1766819219829
3,0.97,1766819220089
3,1.0,1766819220317
3,0.83,1766819220549
3,0.96,1766819220742
3,1.0,1766819220924
3,0.83,1766819221104
3,1.0,1766819221367
3,0.59,1766819221571
3,0.81,1766819221745
3,0.83,1766819221953
3,1.0,1766819222141
3,0.78,1766819222347
3,1.0,1766819222609
3,1.0,1766819222838
3,0.68,1766819223039
3,0.92,1766819223242
3,0.98,1766819223423
3,0.85,1766819223607
3,0.6,1766819223914
3,1.0,1766819224124
3,0.77,1766819224305
3,0.76,1766819224497
3,1.0,1766819224749
3,0.67,1766819224984
3,1.0,1766819225144
3,0.89,1766819225323
3,0.98,1766819225537
3,0.74,1766819225743
3,1.0,1766819225909
3,0.92,1766819226130
3,1.0,1766819226353
3,1.0,1766819226596
3,0.65,1766819226786
3,1.0,1766819226981
3,0.78,1766819227215
3,1.0,1766819227401
3,1.0,1766819227655
3,0.86,1766819227883
3,1.0,1766819228092
3,1.0,1766819228352
3,0.72,1766819228550
3,1.0,1766819228746
3,0.95,1766819228954
3,1.0,1766819229137
3,0.76,1766819229335
3,0.97,1766819229543
3,1.0,1766819229749
3,0.9,1766819229956
3,0.94,1766819230211
3,0.71,1766819230418
3,1.0,1766819230586
3,0.9,1766819230786
3,1.0,1766819230983
3,0.63,1766819231179
3,0.94,1766819231402
3,1.0,1766819231618
3,0.88,1766819231810
3,1.0,1766819232033
3,1.0,1766819232281
3,0.68,1766819232522
3,0.71,1766819232703
3,1.0,1766819232892
3,0.86,1766819233055
3,1.0,1766819233244
3,1.0,1766819233470
3,0.66,1766819233704
3,1.0,1766819233889
3,0.94,1766819234073
3,1.0,1766819234279
3,1.0,1766819234483
3,0.75,1766819234724
3,0.81,1766819235027
3,0.82,1766819235237
3,1.0,1766819235414
3,0.92,1766819235593
3,1.0,1766819235836
3,1.0,1766819236022
3,0.88,1766819236196
3,1.0,1766819236457
3,0.46,1766819236617
3,1.0,1766819236799
3,0.89,1766819236989
3,1.0,1766819237204
3,0.89,1766819237437
3,0.96,1766819237619
3,0.88,1766819237839
3,1.0,1766819238052
3,1.0,1766819238230
3,0.88,1766819238592
3,0.3,1766819238784
3,1.0,1766819238972
3,0.81,1766819239189
3,0.99,1766819239391
3,1.0,1766819239637
3,0.84,1766819239814
3,0.79,1766819240014
3,1.0,1766819240239
3,1.0,1766819240484
3,0.55,1766819240705
3,1.0,1766819240897
3,0.77,1766819241128
3,1.0,1766819241307
3,1.0,1766819241501
3,0.79,1766819241731
3,1.0,1766819242045
3,0.92,1766819242247
3,1.0,1766819242410
3,0.93,1766819242590
3,0.98,1766819242756
3,0.77,1766819242948
3,1.0,1766819243155
3,0.82,1766819243347
3,1.0,1766819243575
3,1.0,1766819243764
3,0.82,1766819244037
3,0.31,1766819244328
3,1.0,1766819244535
3,0.88,1766819244701
3,0.99,1766819244881
3,0.84,1766819245070
3,0.86,1766819245258
3,1.0,1766819245463
3,1.0,1766819245700
3,0.81,1766819245897
3,1.0,1766819246084
3,0.88,1766819246309
3,1.0,1766819246518
3,1.0,1766819246759
3,0.73,1766819246978
3,1.0,1766819247171
3,1.0,1766819247391
3,0.88,1766819247574
3,0.97,1766819247746
3,0.93,1766819247950
3,0.92,1766819248187
3,0.94,1766819248424
3,1.0,1766819248623
3,0.76,1766819248882
3,1.0,1766819249103
3,1.0,1766819249305
3,0.82,1766819249525
3,1.0,1766819249770
3,0.78,1766819249989
3,0.83,1766819250184
3,1.0,1766819250402
3,0.9,1766819250603
3,1.0,1766819250801
3,1.0,1766819251078
3,0.67,1766819251321
3,1.0,1766819251553
3,0.82,1766819251764
3,1.0,1766819251942
3,0.91,1766819252140
3,1.0,1766819252366
3,0.72,1766819252551
3,0.68,1766819252791
3,1.0,1766819252970
3,0.89,1766819253152
3,1.0,1766819253319
3,0.83,1766819253507
3,1.0,1766819253730
3,1.0,1766819254009
3,0.82,1766819254254
3,0.69,1766819254485
3,0.98,1766819254683
3,0.94,1766819254879
3,0.9,1766819255099
3,1.0,1766819255309
3,1.0,1766819255541
3,0.5,1766819255749
3,1.0,1766819255964
3,1.0,1766819256190
3,0.79,1766819256395
3,1.0,1766819256593
3,0.88,1766819256829
3,0.82,1766819257040
3,1.0,1766819257299
3,0.83,1766819257541
3,0.67,1766819257757
3,0.91,1766819258015
3,0.92,1766819258284
3,1.0,1766819258480
3,0.8,1766819258695
3,1.0,1766819258879
3,0.81,1766819259096
3,1.0,1766819259286
3,0.75,1766819259470
3,0.94,1766819259650
3,1.0,1766819259880
3,0.38,1766819260070
3,1.0,1766819260272
3,0.91,1766819260450
3,1.0,1766819260665
3,0.69,1766819260877
3,1.0,1766819261069
3,1.0,1766819261353
3,0.6,1766819261587
3,1.0,1766819261787
3,0.92,1766819261996
3,1.0,1766819262194
3,1.0,1766819262434
3,0.8,1766819262626
3,1.0,1766819262856
3,0.84,1766819263103
3,1.0,1766819263296
3,0.75,1766819263463
3,1.0,1766819263654
3,0.74,1766819263823
3,1.0,1766819264029
3,0.7,1766819264237
3,1.0,1766819264420
3,1.0,1766819264647
3,0.95,1766819264838
3,1.0,1766819265104
3,1.0,1766819265360
3,0.79,1766819265583
3,0.82,1766819265817
3,0.6,1766819266033
3,1.0,1766819266249
3,0.82,1766819266497
3,1.0,1766819266682
3,0.75,1766819266882
3,0.87,1766819267105
3,1.0,1766819267319
3,0.71,1766819267521
3,1.0,1766819267706
3,0.85,1766819267888
3,0.81,1766819268145
3,0.78,1766819268340
3,1.0,1766819268523
3,0.99,1766819268725
3,1.0,1766819268934
3,1.0,1766819269160
3,0.83,1766819269365
3,1.0,1766819269611
3,1.0,1766819269841
3,0.96,1766819270090
3,1.0,1766819270343
3,0.73,1766819270556
3,0.71,1766819270776
3,1.0,1766819270975
3,0.84,1766819271160
3,1.0,1766819271406
3,0.63,1766819271581
3,1.0,1766819271812
3,0.72,1766819272012
3,1.0,1766819272211
3,0.88,1766819272387
3,1.0,1766819272672
3,1.0,1766819272911
3,1.0,1766819273194
3,0.81,1766819273386
3,1.0,1766819273608
3,1.0,1766819273885
3,0.77,1766819274085
3,1.0,1766819274298
3,0.7,1766819274518
3,0.76,1766819274792
3,0.69,1766819275017
3,1.0,1766819275232
3,1.0,1766819275502
3,0.59,1766819275710
3,1.0,1766819275892
3,0.89,1766819276099
3,1.0,1766819276289
3,1.0,1766819276506
3,0.74,1766819276702
3,1.0,1766819276901
3,0.85,1766819277145
3,0.74,1766819277364
3,1.0,1766819277562
3,0.89,1766819277763
3,1.0,1766819277953
3,0.87,1766819278136
3,1.0,1766819278334
3,0.93,1766819278542
3,0.97,1766819278744
3,0.78,1766819278949
3,1.0,1766819279146
3,0.8,1766819279369
3,0.91,1766819279566
3,1.0,1766819279854
3,0.54,1766819280104
3,0.64,1766819280301
3,1.0,1766819280499
3,0.7,1766819280730
3,1.0,1766819280932
3,0.98,1766819281219
3,0.89,1766819281419
3,1.0,1766819281631
3,1.0,1766819281866
3,0.72,1766819282038
3,0.99,1766819282241
3,0.86,1766819282443
3,0.89,1766819282640
3,0.99,1766819282812
3,0.9,1766819283122
3,0.38,1766819283298
3,1.0,1766819283482
3,0.93,1766819283682
3,1.0,1766819283856
3,0.86,1766819284038
3,1.0,1766819284242
3,1.0,1766819284471
3,0.7,1766819284733
3,1.0,1766819284926
3,0.86,1766819285135
3,1.0,1766819285332
3,0.84,1766819285567
3,1.0,1766819285785
3,1.0,1766819286020
3,0.94,1766819286240
3,1.0,1766819286494
3,1.0,1766819286720
3,0.76,1766819286912
3,1.0,1766819287173
3,0.99,1766819287358
3,1.0,1766819287575
3,0.85,1766819287757
3,1.0,1766819287944
3,0.94,1766819288138
3,0.97,1766819288343
3,0.79,1766819288527
3,1.0,1766819288715
3,0.78,1766819288909
3,0.98,1766819289182
3,1.0,1766819289358
3,0.84,1766819289542
3,1.0,1766819289751
3,1.0,1766819289961
3,0.91,1766819290221
3,1.0,1766819290407
3,0.88,1766819290616
3,1.0,1766819290805
3,1.0,1766819291048
3,0.59,1766819291256
3,0.84,1766819291537
3,0.49,1766819291702
3,1.0,1766819291893
3,0.74,1766819292066
3,1.0,1766819292223
3,0.84,1766819292401
3,1.0,1766819292623
3,0.71,1766819292802
3,1.0,1766819292999
3,1.0,1766819293329
3,0.68,1766819293522
3,0.55,1766819293710
3,0.79,1766819293893
3,1.0,1766819294092
3,0.83,1766819294278
3,1.0,1766819294512
3,1.0,1766819294781
3,0.85,1766819294978
3,0.69,1766819295193
3,0.82,1766819295424
3,1.0,1766819295596
3,0.83,1766819295806
3,1.0,1766819295987
3,0.73,1766819296165
3,1.0,1766819296366
3,0.73,1766819296553
3,0.86,1766819296740
3,1.0,1766819296947
3,0.67,1766819297141
3,1.0,1766819297364
3,0.84,1766819297622
3,1.0,1766819297815
3,0.76,1766819298009
3,1.0,1766819298197
3,0.93,1766819298383
3,0.83,1766819298612
3,1.0,1766819298816
3,0.95,1766819299106
3,0.73,1766819299388
3,0.58,1766819299674
3,0.91,1766819299871
3,0.99,1766819300139
3,0.61,1766819300327
3,0.85,1766819300519
3,1.0,1766819300721
3,0.9,1766819300901
3,1.0,1766819301080
3,0.74,1766819301271
3,1.0,1766819301478
3,1.0,1766819301725
3,0.82,1766819301918
3,1.0,1766819302199
3,0.71,1766819302394
3,0.79,1766819302560
3,1.0,1766819302754
3,1.0,1766819302938
3,0.84,1766819303173
3,1.0,1766819303395
3,1.0,1766819303653
3,0.92,1766819303865
3,1.0,1766819304055
3,0.76,1766819304238
3,1.0,1766819304435
3,0.87,1766819304640
3,1.0,1766819304820
3,1.0,1766819305039
3,0.76,1766819305262
3,0.49,1766819305459
3,0.83,1766819305683
3,1.0,1766819305899
3,0.77,1766819306146
3,0.6,1766819306467
3,1.0,1766819306668
3,0.9,1766819306847
3,0.8,1766819307097
3,0.69,1766819307271
3,1.0,1766819307453
3,0.91,1766819307641
3,1.0,1766819307864
3,0.94,1766819308059
3,1.0,1766819308355
3,0.91,1766819308563
3,0.99,1766819308742
3,0.78,1766819308959
3,1.0,1766819309170
3,0.47,1766819309345
3,1.0,1766819309538
3,0.81,1766819309713
3,0.86,1766819309922
3,1.0,1766819310129
3,0.84,1766819310320
3,1.0,1766819310565
3,1.0,1766819310797
3,0.86,1766819310976
3,1.0,1766819311225
3,0.93,1766819311414
3,1.0,1766819311629
3,1.0,1766819311854
3,0.89,1766819312035
3,0.89,1766819312230
3,0.37,1766819312421
3,0.77,1766819312637
3,1.0,1766819312846
3,0.8,1766819313056
3,1.0,1766819313273
3,0.89,1766819313473
3,0.87,1766819313657
3,0.94,1766819313856
3,0.99,1766819314037
3,0.89,1766819314305
3,0.55,1766819314537
3,1.0,1766819314726
3,0.81,1766819314914
3,1.0,1766819315100
3,0.83,1766819315337
3,1.0,1766819315524
3,1.0,1766819315790
3,1.0,1766819316162
3,0.52,1766819316419
3,1.0,1766819316611
3,0.91,1766819316801
3,1.0,1766819316997
3,0.78,1766819317244
3,0.88,1766819317446
3,1.0,1766819317662
3,0.75,1766819317909
3,1.0,1766819318115
3,1.0,1766819318368
3,0.65,1766819318599
3,1.0,1766819318853
3,0.82,1766819319119
3,1.0,1766819319347
3,1.0,1766819319601
3,0.84,1766819319789
3,1.0,1766819320012
3,0.53,1766819320206
3,1.0,1766819320386
3,1.0,1766819320614
3,0.73,1766819320859
3,0.59,1766819321060
3,0.66,1766819321264
3,1.0,1766819321452
3,0.92,1766819321645
3,1.0,1766819321834
3,1.0,1766819322144
3,0.7,1766819322404
3,1.0,1766819322637
3,1.0,1766819322991
3,0.7,1766819323176
3,1.0,1766819323373
3,0.83,1766819323561
3,1.0,1766819323756
3,0.73,1766819323958
3,1.0,1766819324182
3,1.0,1766819324381
3,0.86,1766819324564
3,1.0,1766819324757
3,0.82,1766819324968
3,1.0,1766819325237
3,1.0,1766819325438
3,0.74,1766819325671
3,0.83,1766819325846
3,1.0,1766819326040
3,1.0,1766819326265
3,0.74,1766819326472
3,1.0,1766819326667
3,0.74,1766819326918
3,0.85,1766819327116
3,1.0,1766819327304
3,0.86,1766819327499
3,1.0,1766819327738
3,1.0,1766819328061
3,0.7,1766819328314
3,0.57,1766819328485
3,1.0,1766819328674
3,1.0,1766819328894
3,0.83,1766819329098
3,1.0,1766819329257
3,0.97,1766819329527
3,0.18,1766819329756
3,1.0,1766819329937
3,0.86,1766819330143
3,0.85,1766819330419
3,0.53,1766819330661
3,1.0,1766819330842
3,0.92,1766819331009
3,1.0,1766819331217
3,1.0,1766819331418
3,0.45,1766819331682
3,0.93,1766819331843
3,0.97,1766819332031
3,1.0,1766819332210
3,0.93,1766819332411
3,0.82,1766819332621
3,0.78,1766819332860
3,1.0,1766819333039
3,0.6,1766819333257
3,0.77,1766819333487
3,1.0,1766819333707
3,0.79,1766819333962
3,0.71,1766819334192
3,1.0,1766819334410
3,0.73,1766819334637
3,0.83,1766819334889
3,0.48,1766819335103
3,1.0,1766819335278
3,0.97,1766819335547
3,0.47,1766819335772
3,1.0,1766819335994
3,0.7,1766819336197
3,0.9,1766819336390
3,0.8,1766819336580
3,1.0,1766819336784
3,0.84,1766819337028
3,1.0,1766819337266
3,1.0,1766819337463
4,0.77,1766819337735
4,1.0,1766819337914
4,0.87,1766819338118
4,1.0,1766819338305
4,1.0,1766819338507
4,0.82,1766819338685
4,1.0,1766819338874
4,0.71,1766819339093
4,1.0,1766819339298
4,1.0,1766819339572
4,0.83,1766819339789
4,0.69,1766819339987
4,0.88,1766819340177
4,1.0,1766819340372
4,0.84,1766819340540
4,1.0,1766819340719
4,0.79,1766819341002
4,1.0,1766819341201
4,0.87,1766819341394
4,1.0,1766819341785
4,0.42,1766819342008
4,0.82,1766819342181
4,1.0,1766819342369
4,0.84,1766819342547
4,0.87,1766819342811
4,1.0,1766819343007
4,0.89,1766819343197
4,1.0,1766819343398
4,0.72,1766819343592
4,1.0,1766819343788
4,1.0,1766819344058
4,0.44,1766819344252
4,1.0,1766819344437
4,1.0,1766819344661
4,0.87,1766819344865
4,0.81,1766819345120
4,1.0,1766819345323
4,0.84,1766819345545
4,0.93,1766819345789
4,0.88,1766819345986
4,0.98,1766819346195
4,0.92,1766819346417
4,0.86,1766819346602
4,0.98,1766819346952
4,0.66,1766819347138
4,1.0,1766819347319
4,0.95,1766819347495
4,1.0,1766819347685
4,0.73,1766819347895
4,1.0,1766819348087
4,0.82,1766819348317
4,1.0,1766819348500
4,1.0,1766819348728
4,0.35,1766819348953
4,1.0,1766819349120
4,0.88,1766819349343
4,0.84,1766819349517
4,1.0,1766819349702
4,0.9,1766819349872
4,0.83,1766819350072
4,1.0,1766819350281
4,0.71,1766819350532
4,1.0,1766819350723
4,1.0,1766819350948
4,0.9,1766819351167
4,1.0,1766819351364
4,0.84,1766819351567
4,1.0,1766819351761
4,0.87,1766819351925
4,0.77,1766819352144
4,1.0,1766819352354
4,0.77,1766819352635
4,1.0,1766819352817
4,1.0,1766819353040
4,0.66,1766819353238
4,1.0,1766819353473
4,0.77,1766819353687
4,0.95,1766819353917
4,0.76,1766819354148
4,1.0,1766819354398
4,1.0,1766819354593
4,0.84,1766819354763
4,1.0,1766819354957
4,0.82,1766819355142
4,1.0,1766819355346
4,0.88,1766819355524
4,0.54,1766819355821
4,0.63,1766819356000
4,1.0,1766819356168
4,0.91,1766819356344
4,1.0,1766819356538
4,0.71,1766819356778
4,1.0,1766819356981
4,1.0,1766819357176
4,0.92,1766819357351
4,1.0,1766819357591
4,0.67,1766819357822
4,1.0,1766819358007
4,0.89,1766819358197
4,1.0,1766819358372
4,0.83,1766819358560
4,1.0,1766819358798
4,0.86,1766819358984
4,1.0,1766819359238
4,1.0,1766819359421
4,0.95,1766819359612
4,1.0,1766819359820
4,0.85,1766819360046
4,0.76,1766819360254
4,1.0,1766819360441
4,0.89,1766819360644
4,1.0,1766819360823
4,0.77,1766819360998
4,1.0,1766819361193
4,0.9,1766819361387
4,0.73,1766819361565
4,1.0,1766819361836
4,1.0,1766819362028
4,0.86,1766819362253
4,0.55,1766819362503
4,1.0,1766819362725
4,0.85,1766819362958
4,1.0,1766819363143
4,0.86,1766819363346
4,0.87,1766819363531
4,1.0,1766819363711
4,0.94,1766819363931
4,1.0,1766819364121
4,1.0,1766819364381
4,0.88,1766819364576
4,1.0,1766819364876
4,0.89,1766819365061
4,1.0,1766819365270
4,0.65,1766819365473
4,1.0,1766819365638
4,0.85,1766819365844
4,1.0,1766819366042
4,1.0,1766819366241
4,0.95,1766819366468
4,1.0,1766819366704
4,1.0,1766819366973
4,0.96,1766819367182
4,1.0,1766819367382
4,1.0,1766819367614
4,0.75,1766819367805
4,0.86,1766819367986
4,1.0,1766819368186
4,0.84,1766819368407
4,1.0,1766819368605
4,0.71,1766819368792
4,0.69,1766819368984
4,1.0,1766819369252
4,0.89,1766819369447
4,1.0,1766819369637
4,1.0,1766819369915
4,0.76,1766819370088
4,0.86,1766819370293
4,1.0,1766819370481
4,1.0,1766819370774
4,0.76,1766819370934
4,1.0,1766819371139
4,0.78,1766819371367
4,0.77,1766819371575
4,1.0,1766819371864
4,0.54,1766819372054
4,1.0,1766819372259
4,1.0,1766819372456
4,0.91,1766819372634
4,1.0,1766819372832
4,0.9,1766819373010
4,1.0,1766819373244
4,0.99,1766819373468
4,0.89,1766819373644
4,0.88,1766819373843
4,1.0,1766819374051
4,0.82,1766819374234
4,1.0,1766819374458
4,1.0,1766819374697
4,0.75,1766819374932
4,1.0,1766819375165
4,1.0,1766819375406
4,0.72,1766819375624
4,0.54,1766819375897
4,0.84,1766819376145
4,0.94,1766819376327
4,1.0,1766819376596
4,0.65,1766819376772
4,1.0,1766819376964
4,0.99,1766819377167
4,1.0,1766819377349
4,0.9,1766819377562
4,0.63,1766819377787
4,1.0,1766819377971
4,0.93,1766819378175
4,1.0,1766819378419
4,0.69,1766819378641
4,1.0,1766819378863
4,1.0,1766819379049
4,0.92,1766819379225
4,1.0,1766819379444
4,0.66,1766819379691
4,0.81,1766819379897
4,0.82,1766819380093
4,1.0,1766819380277
4,0.83,1766819380464
4,1.0,1766819380672
4,1.0,1766819380897
4,0.84,1766819381094
4,1.0,1766819381324
4,0.49,1766819381560
4,0.82,1766819381748
4,0.89,1766819381976
4,0.97,1766819382167
4,0.8,1766819382365
4,1.0,1766819382563
4,1.0,1766819382816
4,0.73,1766819383051
4,1.0,1766819383304
4,1.0,1766819383518
4,0.91,1766819383710
4,1.0,1766819383899
4,0.81,1766819384094
4,1.0,1766819384264
4,0.85,1766819384481
4,0.65,1766819384767
4,1.0,1766819385064
4,0.84,1766819385292
4,1.0,1766819385496
4,0.93,1766819385781
4,0.5,1766819386072
4,1.0,1766819386289
4,0.85,1766819386472
4,0.72,1766819386702
4,0.78,1766819386872
4,1.0,1766819387038
4,0.95,1766819387224
4,1.0,1766819387425
4,0.79,1766819387666
4,0.56,1766819387877
4,1.0,1766819388055
4,0.82,1766819388262
4,1.0,1766819388478
4,0.63,1766819388682
4,0.79,1766819388866
4,0.89,1766819389049
4,1.0,1766819389211
4,0.87,1766819389403
4,1.0,1766819389595
4,0.77,1766819389790
4,1.0,1766819389956
4,0.86,1766819390167
4,1.0,1766819390358
4,1.0,1766819390578
4,0.58,1766819390788
4,1.0,1766819390962
4,0.89,1766819391162
4,1.0,1766819391381
4,0.98,1766819391589
4,0.93,1766819391773
4,0.8,1766819391966
4,1.0,1766819392181
4,0.77,1766819392364
4,0.7,1766819392580
4,1.0,1766819392757
4,0.8,1766819392987
4,0.47,1766819393258
4,0.91,1766819393453
4,0.98,1766819393620
4,1.0,1766819393802
4,0.91,1766819394010
4,0.82,1766819394198
4,1.0,1766819394427
4,1.0,1766819394647
4,0.94,1766819394861
4,1.0,1766819395108
4,0.78,1766819395302
4,0.86,1766819395507
4,1.0,1766819395698
4,0.93,1766819395882
4,1.0,1766819396155
4,0.68,1766819396357
4,1.0,1766819396529
4,0.92,1766819396713
4,1.0,1766819396879
4,0.93,1766819397097
4,1.0,1766819397290
4,0.86,1766819397455
4,1.0,1766819397650
4,0.94,1766819397826
4,0.87,1766819398099
4,1.0,1766819398366
4,1.0,1766819398640
4,0.62,1766819398835
4,1.0,1766819399046
4,0.87,1766819399221
4,1.0,1766819399423
4,0.86,1766819399676
4,0.98,1766819399867
4,0.82,1766819400116
4,0.78,1766819400355
4,1.0,1766819400564
4,0.74,1766819400783
4,1.0,1766819401044
4,1.0,1766819401270
4,0.85,1766819401452
4,0.99,1766819401689
4,0.61,1766819401931
4,1.0,1766819402133
4,1.0,1766819402368
4,0.73,1766819402575
4,1.0,1766819402769
4,0.82,1766819402960
4,1.0,1766819403139
4,1.0,1766819403343
4,0.88,1766819403524
4,1.0,1766819403782
4,0.83,1766819403991
4,1.0,1766819404195
4,0.9,1766819404390
4,1.0,1766819404570
4,0.8,1766819404813
4,1.0,1766819404991
4,1.0,1766819405220
4,0.5,1766819405414
4,1.0,1766819405601
4,0.87,1766819405793
4,1.0,1766819406073
4,1.0,1766819406286
4,0.94,1766819406457
4,1.0,1766819406667
4,0.94,1766819406913
4,0.86,1766819407144
4,0.78,1766819407353
4,1.0,1766819407555
4,0.88,1766819407783
4,0.75,1766819407977
4,1.0,1766819408191
4,0.75,1766819408414
4,1.0,1766819408620
4,0.79,1766819408782
4,0.86,1766819409018
4,1.0,1766819409224
4,0.68,1766819409428
4,1.0,1766819409625
4,1.0,1766819409841
4,0.86,1766819410065
4,0.77,1766819410257
4,1.0,1766819410448
4,0.94,1766819410631
4,1.0,1766819410875
4,1.0,1766819411063
4,1.0,1766819411282
4,1.0,1766819411445
4,0.85,1766819411632
4,1.0,1766819411816
4,0.93,1766819412015
4,1.0,1766819412197
4,0.87,1766819412406
4,0.82,1766819412611
4,1.0,1766819412848
4,0.63,1766819413091
4,1.0,1766819413292
4,1.0,1766819413502
4,0.79,1766819413690
4,1.0,1766819413917
4,0.69,1766819414113
4,0.98,1766819414278
4,0.93,1766819414490
4,0.75,1766819414726
4,1.0,1766819414950
4,0.93,1766819415183
4,0.9,1766819415348
4,0.93,1766819415541
4,0.98,1766819415816
4,0.38,1766819416010
4,1.0,1766819416178
4,0.86,1766819416369
4,0.79,1766819416574
4,1.0,1766819416811
4,0.99,1766819417065
4,0.86,1766819417245
4,0.96,1766819417478
4,0.98,1766819417665
4,0.84,1766819417901
4,1.0,1766819418148
4,1.0,1766819418347
4,0.53,1766819418542
4,1.0,1766819418730
4,0.94,1766819418920
4,1.0,1766819419108
4,1.0,1766819419369
4,0.77,1766819419577
4,1.0,1766819419749
4,0.95,1766819419917
4,1.0,1766819420106
4,0.81,1766819420314
4,1.0,1766819420516
4,1.0,1766819420751
4,0.71,1766819420956
4,0.99,1766819421151
4,0.85,1766819421335
4,0.74,1766819421692
4,0.56,1766819421872
4,1.0,1766819422091
4,0.73,1766819422294
4,0.59,1766819422584
4,1.0,1766819422795
4,0.89,1766819422987
4,1.0,1766819423210
4,0.71,1766819423391
4,1.0,1766819423567
4,0.87,1766819423746
4,1.0,1766819424001
4,0.49,1766819424197
4,1.0,1766819424359
4,1.0,1766819424554
4,0.88,1766819424736
4,1.0,1766819424949
4,0.7,1766819425163
4,1.0,1766819425346
4,1.0,1766819425639
4,0.63,1766819425876
4,0.94,1766819426089
4,1.0,1766819426339
4,0.74,1766819426545
4,1.0,1766819426763
4,0.84,1766819426972
4,1.0,1766819427228
4,0.52,1766819427438
4,1.0,1766819427609
4,0.9,1766819427809
4,0.78,1766819428016
4,1.0,1766819428274
4,0.74,1766819428496
4,0.9,1766819428687
4,1.0,1766819428889
4,0.94,1766819429089
4,1.0,1766819429361
4,0.7,1766819429580
4,1.0,1766819429747
4,0.91,1766819429942
4,1.0,1766819430101
4,0.97,1766819430311
4,1.0,1766819430548
4,1.0,1766819430806
4,0.49,1766819431002
4,1.0,1766819431185
4,0.81,1766819431381
4,1.0,1766819431590
4,1.0,1766819431854
4,0.92,1766819432099
4,0.69,1766819432280
4,1.0,1766819432472
4,1.0,1766819432703
4,0.74,1766819432865
4,1.0,1766819433060
4,0.82,1766819433280
4,1.0,1766819433492
4,1.0,1766819433751
4,0.81,1766819433944
4,1.0,1766819434204
4,0.79,1766819434385
4,1.0,1766819434579
4,0.78,1766819434778
4,1.0,1766819434968
4,0.81,1766819435171
4,0.85,1766819435387
4,1.0,1766819435592
4,0.69,1766819435766
4,1.0,1766819435962
4,0.85,1766819436141
4,1.0,1766819436329
4,1.0,1766819436576
4,0.73,1766819436767
4,1.0,1766819436978
4,0.97,1766819437200
4,0.99,1766819437404
4,0.68,1766819437599
4,1.0,1766819437785
4,0.88,1766819437994
4,0.35,1766819438252
4,1.0,1766819438472
4,0.9,1766819438656
4,1.0,1766819438852
4,0.85,1766819439067
4,1.0,1766819439246
4,1.0,1766819439610
4,0.44,1766819439802
4,1.0,1766819440001
4,0.87,1766819440193
4,1.0,1766819440371
4,0.85,1766819440618
4,0.6,1766819440863
4,1.0,1766819441046
4,0.88,1766819441239
4,1.0,1766819441434
4,1.0,1766819441661
4,0.85,1766819441872
4,1.0,1766819442149
4,0.9,1766819442393
4,0.91,1766819442578
4,0.92,1766819442862
4,0.71,1766819443052
4,1.0,1766819443264
4,0.77,1766819443442
4,1.0,1766819443623
4,0.79,1766819443797
4,1.0,1766819444012
4,0.62,1766819444202
4,1.0,1766819444381
4,0.89,1766819444587
4,0.63,1766819444794
4,1.0,1766819445035
4,0.89,1766819445267
4,1.0,1766819445547
4,1.0,1766819445785
4,0.77,1766819445977
4,1.0,1766819446152
4,0.84,1766819446335
4,1.0,1766819446495
4,0.75,1766819446734
4,1.0,1766819446938
4,0.84,1766819447212
4,1.0,1766819447392
4,0.62,1766819447591
4,0.66,1766819447813
4,1.0,1766819447987
4,0.82,1766819448180
4,1.0,1766819448352
4,0.71,1766819448571
4,1.0,1766819448773
4,1.0,1766819449061
4,0.84,1766819449257
4,0.88,1766819449502
4,0.84,1766819449753
4,1.0,1766819450012
4,0.87,1766819450239
4,0.87,1766819450434
4,1.0,1766819450632
4,0.77,1766819450880
4,1.0,1766819451059
4,0.76,1766819451259
4,0.87,1766819451464
4,1.0,1766819451756
4,0.52,1766819451950
4,0.9,1766819452139
4,0.72,1766819452396
4,1.0,1766819452615
4,0.7,1766819452820
4,0.81,1766819453039
4,1.0,1766819453232
4,0.95,1766819453402
4,1.0,1766819453600
4,0.73,1766819453804
4,1.0,1766819454005
4,1.0,1766819454206
4,0.78,1766819454408
4,1.0,1766819454627
4,0.95,1766819454847
4,0.7,1766819455063
4,0.93,1766819455329
4,0.71,1766819455561
4,1.0,1766819455751
4,0.82,1766819455928
4,1.0,1766819456128
4,0.72,1766819456344
4,1.0,1766819456526
4,1.0,1766819456739
4,0.83,1766819456922
4,1.0,1766819457124
4,0.81,1766819457381
4,0.74,1766819457585
4,1.0,1766819457807
4,0.84,1766819458037
4,1.0,1766819458326
4,0.53,1766819458527
4,1.0,1766819458697
4,0.93,1766819458889
4,1.0,1766819459066
4,1.0,1766819459316
4,0.4,1766819459533
4,0.99,1766819459715
4,0.94,1766819459891
4,0.97,1766819460097
4,0.8,1766819460326
4,1.0,1766819460558
4,0.64,1766819460796
4,0.97,1766819461040
4,1.0,1766819461224
4,0.87,1766819461441
4,1.0,1766819461669
4,1.0,1766819461958
4,0.77,1766819462169
4,0.84,1766819462358
4,1.0,1766819462520
4,0.97,1766819462729
4,0.82,1766819462971
4,1.0,1766819463139
4,0.83,1766819463348
4,1.0,1766819463590
4,1.0,1766819463902
4,0.57,1766819464108
4,0.63,1766819464344
4,1.0,1766819464624
4,1.0,1766819464884
4,0.77,1766819465061
4,0.71,1766819465246
4,1.0,1766819465428
4,0.77,1766819465631
4,1.0,1766819465817
4,0.83,1766819466042
4,0.75,1766819466242
4,1.0,1766819466445
4,0.74,1766819466692
4,0.95,1766819466912
4,1.0,1766819467108
4,0.89,1766819467301
4,0.88,1766819467627
4,0.28,1766819467829
4,1.0,1766819468037
4,0.87,1766819468232
4,0.86,1766819468445
4,1.0,1766819468671
4,0.72,1766819468916
4,1.0,1766819469145
4,0.91,1766819469415
4,1.0,1766819469611
4,0.72,1766819469790
4,0.79,1766819470062
4,1.0,1766819470256
4,1.0,1766819470479
4,1.0,1766819470665
4,0.86,1766819470868
4,0.73,1766819471070
4,1.0,1766819471245
4,0.73,1766819471476
4,1.0,1766819471678
4,0.73,1766819471880
4,0.91,1766819472052
4,0.81,1766819472258
4,1.0,1766819472475
4,0.66,1766819472719
4,1.0,1766819472912
4,1.0,1766819473137
4,0.8,1766819473317
4,1.0,1766819473508
4,0.86,1766819473748
4,0.84,1766819473997
4,1.0,1766819474171
4,0.83,1766819474379
4,1.0,1766819474572
4,0.78,1766819474808
4,1.0,1766819475003
4,1.0,1766819475235
4,0.88,1766819475416
4,1.0,1766819475647
4,0.75,1766819475850
4,1.0,1766819476078
4,0.84,1766819476260
4,1.0,1766819476444
4,0.96,1766819476636
4,1.0,1766819476823
4,0.97,1766819477000
4,1.0,1766819477199
4,0.84,1766819477402
4,0.6,1766819477625
4,1.0,1766819477806
4,0.81,1766819478019
4,1.0,1766819478225
4,0.71,1766819478407
4,0.87,1766819478642
4,1.0,1766819478899
4,0.61,1766819479136
4,1.0,1766819479310
4,0.88,1766819479503
4,1.0,1766819479677
4,0.88,1766819479854
4,1.0,1766819480014
4,0.86,1766819480227
4,1.0,1766819480462
4,1.0,1766819480683
4,0.58,1766819480877
4,1.0,1766819481082
4,0.84,1766819481291
4,0.9,1766819481613
4,0.45,1766819481815
4,1.0,1766819482019
4,1.0,1766819482240
4,0.85,1766819482421
4,1.0,1766819482690
4,0.58,1766819482880
4,0.75,1766819483088
4,0.92,1766819483268
4,0.94,1766819483453
4,0.97,1766819483656
4,0.9,1766819483886
4,0.81,1766819484065
4,1.0,1766819484264
4,1.0,1766819484507
4,0.63,1766819484724
4,1.0,1766819484969
4,0.8,1766819485171
4,0.86,1766819485386
4,1.0,1766819485655
4,0.69,1766819485843
4,1.0,1766819486036
4,1.0,1766819486243
4,0.84,1766819486444
4,0.86,1766819486631
4,1.0,1766819486795
4,0.99,1766819487039
4,0.82,1766819487240
4,0.97,1766819487447
4,0.78,1766819487649
4,1.0,1766819487885
4,0.61,1766819488062
4,1.0,1766819488250
4,1.0,1766819488612
4,0.6,1766819488796
4,0.9,1766819488989
4,0.91,1766819489193
4,0.95,1766819489422
4,0.63,1766819489610
4,1.0,1766819489819
4,0.93,1766819490013
4,0.79,1766819490282
4,1.0,1766819490510
4,0.67,1766819490724
4,0.82,1766819490925
4,1.0,1766819491128
4,0.76,1766819491321
4,1.0,1766819491514
4,0.8,1766819491732
4,0.63,1766819491981
4,0.8,1766819492204
4,0.79,1766819492459
4,1.0,1766819492658
4,0.93,1766819492954
4,1.0,1766819493155
4,1.0,1766819493372
4,0.84,1766819493578
4,1.0,1766819493762
4,0.81,1766819493998
4,0.51,1766819494244
4,1.0,1766819494459
4,0.85,1766819494663
4,0.91,1766819494868
4,1.0,1766819495063
4,0.76,1766819495256
4,1.0,1766819495485
4,0.98,1766819495705
4,0.91,1766819495908
4,0.98,1766819496106
4,0.91,1766819496385
4,0.47,1766819496577
4,0.87,1766819496775
4,1.0,1766819496959
4,0.77,1766819497188
4,1.0,1766819497369
4,0.86,1766819497569
4,1.0,1766819497755
4,1.0,1766819497984
4,0.82,1766819498152
4,1.0,1766819498420
4,0.79,1766819498641
4,1.0,1766819498824
4,0.92,1766819499031
4,1.0,1766819499213
4,0.88,1766819499414
4,0.44,1766819499722
4,1.0,1766819499911
4,0.77,1766819500119
4,1.0,1766819500293
4,0.93,1766819500481
4,0.64,1766819500722
4,0.98,1766819500896
4,0.93,1766819501073
4,0.89,1766819501342
4,0.84,1766819501586
4,1.0,1766819501866
4,0.6,1766819502071
4,1.0,1766819502261
4,1.0,1766819502491
4,0.68,1766819502706
4,1.0,1766819502886
4,0.83,1766819503052
4,1.0,1766819503262
4,1.0,1766819503503
4,0.96,1766819503700
4,0.81,1766819503920
4,1.0,1766819504116
4,1.0,1766819504356
4,0.62,1766819504588
4,1.0,1766819504779
4,1.0,1766819505032
4,0.89,1766819505209
4,1.0,1766819505387
4,0.83,1766819505561
4,1.0,1766819505775
4,0.78,1766819506008
4,0.77,1766819506221
4,0.87,1766819506405
4,1.0,1766819506570
4,0.85,1766819506777
4,1.0,1766819506963
4,0.86,1766819507139
4,1.0,1766819507341
4,1.0,1766819507589
4,0.7,1766819507843
4,1.0,1766819508029
4,1.0,1766819508359
4,0.66,1766819508581
4,0.57,1766819508855
4,1.0,1766819509050
4,0.87,1766819509258
4,1.0,1766819509491
4,1.0,1766819509760
4,0.79,1766819510008
4,1.0,1766819510274
4,0.51,1766819510477
4,1.0,1766819510685
4,1.0,1766819510920
4,0.84,1766819511103
4,1.0,1766819511328
4,0.94,1766819511522
4,1.0,1766819511791
4,0.88,1766819511964
4,1.0,1766819512202
4,0.96,1766819512415
4,1.0,1766819512635
4,1.0,1766819512953
4,1.0,1766819513202
4,0.87,1766819513392
4,1.0,1766819513644
4,0.83,1766819513902
4,1.0,1766819514090
4,0.83,1766819514287
4,1.0,1766819514485
4,0.88,1766819514668
4,1.0,1766819514867
4,0.92,1766819515044
4,0.87,1766819515271
4,1.0,1766819515474
4,0.82,1766819515728
4,0.69,1766819515981
4,1.0,1766819516188
4,0.7,1766819516422
4,1.0,1766819516598
4,1.0,1766819516841
4,0.82,1766819517046
4,1.0,1766819517282
4,0.88,1766819517462
4,1.0,1766819517664
4,0.76,1766819517892
4,1.0,1766819518096
4,0.84,1766819518333
4,0.57,1766819518525
4,1.0,1766819518708
4,0.95,1766819518891
4,1.0,1766819519055
4,0.94,1766819519231
4,1.0,1766819519431
4,0.89,1766819519624
4,1.0,1766819519819
4,1.0,1766819520131
4,0.58,1766819520319
4,1.0,1766819520535
4,0.79,1766819520713
4,1.0,1766819520898
4,0.8,1766819521098
4,1.0,1766819521273
4,1.0,1766819521600
4,0.35,1766819521778
4,1.0,1766819521944
4,0.83,1766819522143
4,1.0,1766819522332
4,0.83,1766819522517
4,1.0,1766819522694
4,0.83,1766819522879
4,1.0,1766819523066
4,1.0,1766819523287
4,0.85,1766819523469
4,0.91,1766819523700
4,0.98,1766819523896
4,0.89,1766819524068
4,0.87,1766819524283
4,1.0,1766819524471
4,0.84,1766819524739
4,0.69,1766819524964
4,1.0,1766819525182
4,1.0,1766819525425
4,1.0,1766819525604
4,0.88,1766819525822
4,0.81,1766819526030
4,1.0,1766819526209
4,0.88,1766819526374
4,1.0,1766819526570
4,0.8,1766819526761
4,0.75,1766819527018
4,0.94,1766819527200
4,0.99,1766819527386
4,1.0,1766819527596
4,0.95,1766819527762
4,1.0,1766819527969
4,0.77,1766819528177
4,0.83,1766819528401
4,1.0,1766819528620
4,0.91,1766819528815
4,1.0,1766819529150
4,0.44,1766819529320
4,1.0,1766819529488
4,0.82,1766819529697
4,1.0,1766819529930
4,1.0,1766819530199
4,0.64,1766819530494
4,0.86,1766819530690
4,1.0,1766819530963
4,0.81,1766819531197
4,1.0,1766819531430
4,0.72,1766819531647
4,1.0,1766819531816
4,0.83,1766819532038
4,0.89,1766819532251
4,1.0,1766819532440
4,0.85,1766819532625
4,1.0,1766819532810
4,0.79,1766819533038
4,1.0,1766819533233
4,1.0,1766819533482
4,0.76,1766819533674
4,1.0,1766819533881
4,0.94,1766819534060
4,0.67,1766819534348
4,0.74,1766819534528
4,1.0,1766819534779
4,0.47,1766819534994
4,0.75,1766819535202
4,1.0,1766819535434
5,0.77,1766819535631
5,0.75,1766819535848
5,0.82,1766819536044
5,1.0,1766819536224
5,0.88,1766819536395
5,1.0,1766819536636
5,0.45,1766819536837
5,0.81,1766819537043
5,1.0,1766819537229
5,0.89,1766819537406
5,1.0,1766819537602
5,0.8,1766819537851
5,1.0,1766819538045
5,1.0,1766819538293
5,0.89,1766819538532
5,0.91,1766819538833
5,0.62,1766819539025
5,1.0,1766819539227
5,0.75,1766819539463
5,0.59,1766819539663
5,1.0,1766819539841
5,0.92,1766819539992
5,1.0,1766819540202
5,0.86,1766819540410
5,1.0,1766819540602
5,0.88,1766819540840
5,0.84,1766819541047
5,1.0,1766819541305
5,0.72,1766819541526
5,0.83,1766819541778
5,0.66,1766819541968
5,1.0,1766819542162
5,0.83,1766819542373
5,1.0,1766819542563
5,1.0,1766819542753
5,0.72,1766819542951
5,1.0,1766819543163
5,0.88,1766819543371
5,0.47,1766819543637
5,0.88,1766819543840
5,1.0,1766819544092
5,1.0,1766819544322
5,0.7,1766819544553
5,1.0,1766819544743
5,1.0,1766819545038
5,0.71,1766819545226
5,1.0,1766819545406
5,0.88,1766819545601
5,1.0,1766819545855
5,1.0,1766819546090
5,0.83,1766819546260
5,1.0,1766819546446
5,0.98,1766819546643
5,1.0,1766819546865
5,1.0,1766819547145
5,0.8,1766819547368
5,0.87,1766819547607
5,1.0,1766819547811
5,0.9,1766819548000
5,0.91,1766819548184
5,0.99,1766819548438
5,0.93,1766819548694
5,0.45,1766819548918
5,1.0,1766819549109
5,0.8,1766819549302
5,0.91,1766819549478
5,1.0,1766819549702
5,0.76,1766819549911
5,1.0,1766819550132
5,0.89,1766819550303
5,1.0,1766819550482
5,1.0,1766819550713
5,0.75,1766819550941
5,1.0,1766819551156
5,1.0,1766819551410
5,0.71,1766819551629
5,1.0,1766819551827
5,0.88,1766819552012
5,0.82,1766819552191
5,1.0,1766819552395
5,0.99,1766819552592
5,0.7,1766819552780
5,1.0,1766819552964
5,0.89,1766819553157
5,1.0,1766819553330
5,0.99,1766819553511
5,1.0,1766819553711
5,1.0,1766819553983
5,0.79,1766819554173
5,1.0,1766819554392
5,0.84,1766819554629
5,1.0,1766819554816
5,1.0,1766819555059
5,1.0,1766819555261
5,1.0,1766819555455
5,0.87,1766819555681
5,1.0,1766819555863
5,0.85,1766819556051
5,1.0,1766819556219
5,1.0,1766819556429
5,0.89,1766819556612
5,1.0,1766819556802
5,0.94,1766819556968
5,1.0,1766819557207
5,1.0,1766819557471
5,0.87,1766819557640
5,1.0,1766819557944
5,0.65,1766819558130
5,0.78,1766819558364
5,0.88,1766819558585
5,1.0,1766819558823
5,0.59,1766819559013
5,1.0,1766819559203
5,0.89,1766819559396
5,0.8,1766819559599
5,1.0,1766819559756
5,0.92,1766819559953
5,1.0,1766819560211
5,0.63,1766819560406
5,1.0,1766819560585
5,1.0,1766819560783
5,0.8,1766819560967
5,1.0,1766819561163
5,0.85,1766819561354
5,0.9,1766819561617
5,0.73,1766819561810
5,1.0,1766819562023
5,0.67,1766819562257
5,1.0,1766819562442
5,1.0,1766819562696
5,0.85,1766819562896
5,1.0,1766819563153
5,0.61,1766819563336
5,1.0,1766819563525
5,0.89,1766819563742
5,1.0,1766819563921
5,0.79,1766819564194
5,0.74,1766819564452
5,1.0,1766819564636
5,0.86,1766819564875
5,0.8,1766819565108
5,1.0,1766819565357
5,0.56,1766819565554
5,1.0,1766819565739
5,1.0,1766819565934
5,0.81,1766819566129
5,0.85,1766819566350
5,0.54,1766819566596
5,1.0,1766819566785
5,0.82,1766819566994
5,1.0,1766819567179
5,0.88,1766819567395
5,1.0,1766819567584
5,1.0,1766819567763
5,0.93,1766819567945
5,1.0,1766819568147
5,0.79,1766819568353
5,1.0,1766819568565
5,1.0,1766819568850
5,0.71,1766819569061
5,0.84,1766819569257
5,0.86,1766819569462
5,1.0,1766819569690
5,0.71,1766819569876
5,1.0,1766819570088
5,0.67,1766819570268
5,1.0,1766819570446
5,0.87,1766819570645
5,0.83,1766819570907
5,1.0,1766819571114
5,1.0,1766819571366
5,1.0,1766819571660
5,0.43,1766819571867
5,1.0,1766819572041
5,1.0,1766819572223
5,0.85,1766819572421
5,1.0,1766819572705
5,0.9,1766819572918
5,1.0,1766819573101
5,0.89,1766819573324
5,1.0,1766819573513
5,0.84,1766819573729
5,0.66,1766819573943
5,1.0,1766819574139
5,0.85,1766819574339
5,1.0,1766819574564
5,1.0,1766819574744
5,0.81,1766819574948
5,1.0,1766819575228
5,0.66,1766819575447
5,1.0,1766819575615
5,0.79,1766819575791
5,1.0,1766819575972
5,0.82,1766819576160
5,1.0,1766819576360
5,0.75,1766819576522
5,1.0,1766819576720
5,0.75,1766819576900
5,0.68,1766819577112
5,1.0,1766819577304
5,0.86,1766819577473
5,1.0,1766819577684
5,0.89,1766819577875
5,0.82,1766819578127
5,0.88,1766819578334
5,1.0,1766819578553
5,0.79,1766819578796
5,0.88,1766819579007
5,1.0,1766819579278
5,0.67,1766819579474
5,1.0,1766819579671
5,1.0,1766819579936
5,0.79,1766819580194
5,0.67,1766819580427
5,1.0,1766819580666
5,0.89,1766819580881
5,1.0,1766819581074
5,1.0,1766819581330
5,0.84,1766819581515
5,1.0,1766819581723
5,0.85,1766819581924
5,0.78,1766819582186
5,0.58,1766819582386
5,1.0,1766819582605
5,1.0,1766819582796
5,0.9,1766819582972
5,1.0,1766819583205
5,0.6,1766819583419
5,1.0,1766819583606
5,0.93,1766819583833
5,0.97,1766819584010
5,0.91,1766819584220
5,0.99,1766819584453
5,1.0,1766819584687
5,0.41,1766819584865
5,1.0,1766819585043
5,0.93,1766819585200
5,1.0,1766819585411
5,0.65,1766819585611
5,1.0,1766819585795
5,0.87,1766819585986
5,0.79,1766819586243
5,0.75,1766819586505
5,1.0,1766819586731
5,1.0,1766819586931
5,0.82,1766819587113
5,1.0,1766819587343
5,0.67,1766819587555
5,1.0,1766819587734
5,0.83,1766819587921
5,1.0,1766819588101
5,1.0,1766819588360
5,0.8,1766819588587
5,0.69,1766819588753
5,1.0,1766819588946
5,0.9,1766819589132
5,0.99,1766819589338
5,1.0,1766819589558
5,0.67,1766819589749
5,1.0,1766819589948
5,1.0,1766819590203
5,0.72,1766819590396
5,1.0,1766819590587
5,0.78,1766819590790
5,1.0,1766819590972
5,0.89,1766819591158
5,0.84,1766819591357
5,1.0,1766819591572
5,0.66,1766819591811
5,0.91,1766819592069
5,0.92,1766819592349
5,0.67,1766819592553
5,1.0,1766819592755
5,0.73,1766819592931
5,1.0,1766819593100
5,0.95,1766819593329
5,1.0,1766819593554
5,1.0,1766819593824
5,0.76,1766819594042
5,1.0,1766819594232
5,1.0,1766819594437
5,0.75,1766819594667
5,1.0,1766819594864
5,1.0,1766819595129
5,0.82,1766819595334
5,0.9,1766819595542
5,0.99,1766819595723
5,1.0,1766819595990
5,0.6,1766819596232
5,1.0,1766819596433
5,0.8,1766819596627
5,0.73,1766819596848
5,1.0,1766819597031
5,0.79,1766819597208
5,1.0,1766819597413
5,0.88,1766819597658
5,0.69,1766819597955
5,0.58,1766819598165
5,1.0,1766819598357
5,1.0,1766819598574
5,0.74,1766819598823
5,1.0,1766819599002
5,1.0,1766819599247
5,0.87,1766819599473
5,1.0,1766819599698
5,0.62,1766819599924
5,0.85,1766819600135
5,0.83,1766819600395
5,1.0,1766819600578
5,0.69,1766819600772
5,0.92,1766819600965
5,1.0,1766819601146
5,0.84,1766819601397
5,1.0,1766819601611
5,1.0,1766819601846
5,0.9,1766819602113
5,0.76,1766819602383
5,1.0,1766819602577
5,0.87,1766819602750
5,1.0,1766819602933
5,0.7,1766819603193
5,1.0,1766819603372
5,1.0,1766819603673
5,0.69,1766819603925
5,0.66,1766819604162
5,1.0,1766819604365
5,0.91,1766819604547
5,1.0,1766819604751
5,0.79,1766819604950
5,0.93,1766819605185
5,0.72,1766819605385
5,1.0,1766819605563
5,0.9,1766819605766
5,1.0,1766819605933
5,0.94,1766819606120
5,0.85,1766819606345
5,1.0,1766819606524
5,0.76,1766819606714
5,1.0,1766819606893
5,0.83,1766819607076
5,1.0,1766819607344
5,1.0,1766819607635
5,0.84,1766819607821
5,0.99,1766819608054
5,1.0,1766819608302
5,1.0,1766819608552
5,0.64,1766819608756
5,1.0,1766819608981
5,1.0,1766819609157
5,0.87,1766819609350
5,1.0,1766819609549
5,0.84,1766819609751
5,1.0,1766819609925
5,0.87,1766819610105
5,1.0,1766819610311
5,1.0,1766819610538
5,0.81,1766819610797
5,0.98,1766819611023
5,1.0,1766819611261
5,0.8,1766819611486
5,1.0,1766819611712
5,0.86,1766819611970
5,0.79,1766819612151
5,0.73,1766819612519
5,0.48,1766819612683
5,1.0,1766819612887
5,0.73,1766819613116
5,1.0,1766819613368
5,1.0,1766819613582
5,0.88,1766819613783
5,1.0,1766819614028
5,0.82,1766819614223
5,0.99,1766819614460
5,0.85,1766819614629
5,1.0,1766819614811
5,0.91,1766819615015
5,1.0,1766819615250
5,1.0,1766819615461
5,0.84,1766819615663
5,1.0,1766819615871
5,0.81,1766819616073
5,1.0,1766819616244
5,0.86,1766819616425
5,1.0,1766819616596
5,1.0,1766819616819
5,0.79,1766819617019
5,0.58,1766819617344
5,0.76,1766819617542
5,1.0,1766819617713
5,0.88,1766819617919
5,1.0,1766819618118
5,1.0,1766819618355
5,0.63,1766819618563
5,1.0,1766819618740
5,0.96,1766819618924
5,1.0,1766819619119
5,1.0,1766819619388
5,0.73,1766819619577
5,1.0,1766819619840
5,1.0,1766819620075
5,0.8,1766819620283
5,0.73,1766819620626
5,0.59,1766819620796
5,1.0,1766819620963
5,0.89,1766819621149
5,1.0,1766819621318
5,0.9,1766819621491
5,1.0,1766819621735
5,0.49,1766819621931
5,1.0,1766819622097
5,1.0,1766819622300
5,0.76,1766819622491
5,1.0,1766819622740
5,0.65,1766819622956
5,0.99,1766819623158
5,0.82,1766819623322
5,1.0,1766819623498
5,0.87,1766819623706
5,0.99,1766819623884
5,1.0,1766819624067
5,0.99,1766819624261
5,1.0,1766819624493
5,1.0,1766819624728
5,0.76,1766819624915
5,0.99,1766819625124
5,0.9,1766819625343
5,1.0,1766819625591
5,0.66,1766819625790
5,1.0,1766819625987
5,0.94,1766819626205
5,0.71,1766819626423
5,1.0,1766819626698
5,0.58,1766819626911
5,0.61,1766819627153
5,0.76,1766819627333
5,1.0,1766819627493
5,0.94,1766819627679
5,1.0,1766819627940
5,0.6,1766819628129
5,1.0,1766819628333
5,1.0,1766819628538
5,0.73,1766819628742
5,1.0,1766819628956
5,0.81,1766819629129
5,0.65,1766819629376
5,0.84,1766819629567
5,1.0,1766819629745
5,0.81,1766819629935
5,1.0,1766819630109
5,0.85,1766819630357
5,1.0,1766819630576
5,1.0,1766819630815
5,0.86,1766819631011
5,1.0,1766819631195
5,1.0,1766819631434
5,0.73,1766819631620
5,1.0,1766819631802
5,0.77,1766819631984
5,1.0,1766819632199
5,0.74,1766819632385
5,1.0,1766819632614
5,0.74,1766819632815
5,1.0,1766819632992
5,0.97,1766819633180
5,1.0,1766819633376
5,0.9,1766819633574
5,0.74,1766819633824
5,1.0,1766819634022
5,0.77,1766819634247
5,1.0,1766819634446
5,1.0,1766819634662
5,0.94,1766819634848
5,1.0,1766819635057
5,0.76,1766819635323
5,0.76,1766819635547
5,1.0,1766819635753
5,0.83,1766819635964
5,1.0,1766819636212
5,0.56,1766819636421
5,1.0,1766819636670
5,0.51,1766819636875
5,0.76,1766819637101
5,0.83,1766819637278
5,1.0,1766819637493
5,0.87,1766819637712
5,0.55,1766819637943
5,1.0,1766819638173
5,0.65,1766819638374
5,0.78,1766819638593
5,0.87,1766819638819
5,1.0,1766819639013
5,0.65,1766819639199
5,1.0,1766819639366
5,0.83,1766819639539
5,1.0,1766819639722
5,0.83,1766819639907
5,0.72,1766819640131
5,1.0,1766819640375
5,0.76,1766819640567
5,1.0,1766819640789
5,1.0,1766819640991
5,0.79,1766819641177
5,1.0,1766819641355
5,0.89,1766819641607
5,1.0,1766819641841
5,0.53,1766819642071
5,1.0,1766819642255
5,0.83,1766819642439
5,0.57,1766819642692
5,1.0,1766819642883
5,0.86,1766819643149
5,0.98,1766819643361
5,0.74,1766819643539
5,0.94,1766819643748
5,0.85,1766819643948
5,1.0,1766819644159
5,0.68,1766819644359
5,1.0,1766819644580
5,1.0,1766819644764
5,0.89,1766819644941
5,1.0,1766819645140
5,0.78,1766819645341
5,1.0,1766819645560
5,1.0,1766819645780
5,0.89,1766819645973
5,1.0,1766819646184
5,0.72,1766819646376
5,0.92,1766819646606
5,0.41,1766819646849
5,1.0,1766819647071
5,1.0,1766819647326
5,0.73,1766819647537
5,1.0,1766819647722
5,0.9,1766819647982
5,0.94,1766819648193
5,0.94,1766819648451
5,0.98,1766819648664
5,1.0,1766819648888
5,0.84,1766819649139
5,1.0,1766819649304
5,0.77,1766819649509
5,1.0,1766819649702
5,1.0,1766819649927
5,0.85,1766819650152
5,1.0,1766819650332
5,0.86,1766819650534
5,1.0,1766819650730
5,0.74,1766819650919
5,0.76,1766819651145
5,1.0,1766819651347
5,0.84,1766819651541
5,1.0,1766819651737
5,1.0,1766819651991
5,0.96,1766819652206
5,1.0,1766819652407
5,0.95,1766819652631
5,1.0,1766819652847
5,1.0,1766819653056
5,0.76,1766819653304
5,1.0,1766819653498
5,0.87,1766819653693
5,0.82,1766819653926
5,1.0,1766819654211
5,0.5,1766819654425
5,1.0,1766819654615
5,0.85,1766819654803
5,1.0,1766819655047
5,1.0,1766819655261
5,0.81,1766819655461
5,1.0,1766819655674
5,0.81,1766819655892
5,1.0,1766819656069
5,0.28,1766819656233
5,1.0,1766819656414
5,0.9,1766819656588
5,1.0,1766819656771
5,1.0,1766819657010
5,0.58,1766819657267
5,0.82,1766819657517
5,0.88,1766819657760
5,1.0,1766819657977
5,0.54,1766819658184
5,0.79,1766819658378
5,1.0,1766819658572
5,0.95,1766819658782
5,1.0,1766819658984
5,0.74,1766819659204
5,0.79,1766819659405
5,1.0,1766819659659
5,0.85,1766819659878
5,1.0,1766819660095
5,0.89,1766819660308
5,0.98,1766819660518
5,0.83,1766819660788
5,0.67,1766819660994
5,1.0,1766819661206
5,0.78,1766819661373
5,1.0,1766819661549
5,0.79,1766819661764
5,1.0,1766819661959
5,0.74,1766819662163
5,0.8,1766819662353
5,1.0,1766819662529
5,0.95,1766819662723
5,1.0,1766819662984
5,0.65,1766819663178
5,0.87,1766819663351
5,0.85,1766819663565
5,1.0,1766819663752
5,0.87,1766819664038
5,0.7,1766819664311
5,1.0,1766819664493
5,0.81,1766819664705
5,1.0,1766819664884
5,0.88,1766819665063
5,0.81,1766819665319
5,1.0,1766819665583
5,1.0,1766819665858
5,0.76,1766819666066
5,1.0,1766819666255
5,0.86,1766819666472
5,0.67,1766819666740
5,0.61,1766819666915
5,1.0,1766819667089
5,0.89,1766819667280
5,1.0,1766819667471
5,1.0,1766819667706
5,0.77,1766819667909
5,1.0,1766819668106
5,0.8,1766819668307
5,0.89,1766819668512
5,1.0,1766819668779
5,0.8,1766819669048
5,0.86,1766819669223
5,1.0,1766819669420
5,0.82,1766819669607
5,1.0,1766819669836
5,0.72,1766819670065
5,0.88,1766819670273
5,1.0,1766819670546
5,0.9,1766819670731
5,0.85,1766819670932
5,0.89,1766819671173
5,1.0,1766819671371
5,0.88,1766819671606
5,1.0,1766819671835
5,1.0,1766819672045
5,0.62,1766819672260
5,1.0,1766819672473
5,0.62,1766819672672
5,1.0,1766819672830
5,1.0,1766819673066
5,0.85,1766819673284
5,1.0,1766819673489
5,0.86,1766819673682
5,0.79,1766819673909
5,0.84,1766819674102
5,1.0,1766819674288
5,0.76,1766819674550
5,1.0,1766819674735
5,1.0,1766819674930
5,0.91,1766819675098
5,1.0,1766819675321
5,0.52,1766819675537
5,1.0,1766819675732
5,1.0,1766819675950
5,0.75,1766819676166
5,1.0,1766819676398
5,0.93,1766819676601
5,0.93,1766819676760
5,1.0,1766819676992
5,0.84,1766819677181
5,0.99,1766819677426
5,0.71,1766819677627
5,1.0,1766819677827
5,0.72,1766819678059
5,1.0,1766819678273
5,1.0,1766819678540
5,0.45,1766819678754
5,0.83,1766819678924
5,1.0,1766819679109
5,0.77,1766819679327
5,0.71,1766819679512
5,1.0,1766819679696
5,0.84,1766819679956
5,1.0,1766819680133
5,1.0,1766819680401
5,0.68,1766819680582
5,1.0,1766819680818
5,0.69,1766819680992
5,1.0,1766819681165
5,0.79,1766819681358
5,0.74,1766819681584
5,0.81,1766819681787
5,1.0,1766819681972
5,0.78,1766819682173
5,1.0,1766819682385
5,1.0,1766819682578
5,0.82,1766819682802
5,1.0,1766819682966
5,0.92,1766819683192
5,1.0,1766819683385
5,1.0,1766819683711
5,0.45,1766819683892
5,0.99,1766819684078
5,1.0,1766819684274
5,0.89,1766819684457
5,0.98,1766819684642
5,0.91,1766819684820
5,1.0,1766819685027
5,0.36,1766819685286
5,1.0,1766819685472
5,0.9,1766819685660
5,1.0,1766819685830
5,0.85,1766819686020
5,1.0,1766819686207
5,0.7,1766819686370
5,1.0,1766819686536
5,0.81,1766819686757
5,1.0,1766819687006
5,0.71,1766819687239
5,1.0,1766819687417
5,1.0,1766819687725
5,0.39,1766819687930
5,1.0,1766819688114
5,0.9,1766819688330
5,0.85,1766819688522
5,1.0,1766819688788
5,0.88,1766819688989
5,1.0,1766819689184
5,1.0,1766819689427
5,0.85,1766819689633
5,1.0,1766819689861
5,0.71,1766819690075
5,1.0,1766819690288
5,0.88,1766819690530
5,1.0,1766819690793
5,0.39,1766819690970
5,1.0,1766819691138
5,0.95,1766819691323
5,0.73,1766819691523
5,1.0,1766819691718
5,0.94,1766819691916
5,1.0,1766819692188
5,0.62,1766819692376
5,1.0,1766819692563
5,0.86,1766819692736
5,0.99,1766819692917
5,1.0,1766819693146
5,0.85,1766819693357
5,1.0,1766819693609
5,0.65,1766819693820
5,1.0,1766819694002
5,0.78,1766819694248
5,1.0,1766819694428
5,1.0,1766819694673
5,0.75,1766819694910
5,1.0,1766819695140
5,1.0,1766819695384
5,0.8,1766819695577
5,0.92,1766819695775
5,0.96,1766819695971
5,0.87,1766819696142
5,1.0,1766819696309
5,0.81,1766819696467
5,1.0,1766819696646
5,0.96,1766819696905
5,0.42,1766819697111
5,1.0,1766819697318
5,0.82,1766819697524
5,1.0,1766819697703
5,0.88,1766819697910
5,0.92,1766819698093
5,1.0,1766819698272
5,0.83,1766819698520
5,1.0,1766819698744
5,1.0,1766819698979
5,0.9,1766819699257
5,0.63,1766819699441
5,1.0,1766819699620
5,1.0,1766819699844
5,0.5,1766819700048
5,1.0,1766819700258
5,0.85,1766819700524
5,0.83,1766819700737
5,1.0,1766819700983
5,0.87,1766819701175
5,0.78,1766819701400
5,1.0,1766819701611
5,0.79,1766819701803
5,1.0,1766819701996
5,0.82,1766819702214
5,1.0,1766819702483
5,0.75,1766819702676
5,1.0,1766819702882
5,1.0,1766819703093
5,0.87,1766819703266
5,1.0,1766819703477
5,0.73,1766819703687
5,1.0,1766819703873
5,0.85,1766819704119
5,0.85,1766819704305
5,1.0,1766819704486
5,0.73,1766819704720
5,1.0,1766819704940
5,1.0,1766819705214
5,0.65,1766819705471
5,0.9,1766819705696
5,0.68,1766819705895
5,1.0,1766819706089
5,0.83,1766819706258
5,1.0,1766819706417
5,0.98,1766819706611
5,1.0,1766819706845
5,0.75,1766819707056
5,0.8,1766819707303
5,1.0,1766819707540
5,0.79,1766819707739
5,1.0,1766819707911
5,0.89,1766819708156
5,0.71,1766819708343
5,0.98,1766819708589
5,0.97,1766819708827
5,0.8,1766819709055
5,0.8,1766819709246
5,1.0,1766819709417
5,0.87,1766819709675
5,0.84,1766819709907
5,1.0,1766819710081
5,0.95,1766819710281
5,1.0,1766819710506
5,0.99,1766819710688
5,0.76,1766819710909
5,1.0,1766819711108
5,0.76,1766819711334
5,1.0,1766819711523
5,0.85,1766819711733
5,0.8,1766819711936
5,1.0,1766819712118
5,0.81,1766819712299
5,1.0,1766819712554
5,0.7,1766819712759
5,1.0,1766819712963
5,0.81,1766819713158
5,0.5,1766819713487
5,1.0,1766819713698
5,0.77,1766819713881
5,1.0,1766819714033
5,1.0,1766819714206
5,1.0,1766819714403
5,0.88,1766819714592
5,1.0,1766819714770
5,0.89,1766819714959
5,1.0,1766819715139
5,1.0,1766819715379
5,0.77,1766819715575
5,1.0,1766819715770
5,1.0,1766819716092
5,0.6,1766819716341
5,0.91,1766819716550
5,1.0,1766819716751
5,0.88,1766819716931
5,1.0,1766819717154
5,0.89,1766819717371
5,0.84,1766819717562
5,1.0,1766819717763
5,0.84,1766819717952
5,0.97,1766819718153
5,0.93,1766819718374
5,1.0,1766819718591
5,0.84,1766819718776
5,1.0,1766819718959
5,0.78,1766819719163
5,1.0,1766819719379
5,1.0,1766819719645
5,0.83,1766819719875
5,1.0,1766819720068
5,0.82,1766819720269
5,1.0,1766819720449
5,1.0,1766819720753
5,0.84,1766819720940
5,1.0,1766819721149
5,1.0,1766819721370
5,0.76,1766819721570
5,1.0,1766819721840
5,0.8,1766819722015
5,1.0,1766819722220
5,0.76,1766819722404
5,1.0,1766819722582
5,0.86,1766819722820
5,1.0,1766819723041
5,1.0,1766819723310
5,0.53,1766819723505
5,1.0,1766819723711
5,0.85,1766819723985
5,0.99,1766819724176
5,0.63,1766819724364
5,1.0,1766819724534
5,0.82,1766819724733
5,1.0,1766819724918
5,1.0,1766819725125
5,0.7,1766819725320
5,1.0,1766819725509
5,0.57,1766819725806
5,0.78,1766819726032
5,1.0,1766819726224
5,0.83,1766819726427
5,0.91,1766819726601
5,1.0,1766819726786
5,0.81,1766819726967
5,0.83,1766819727167
5,1.0,1766819727350
5,0.85,1766819727529
5,1.0,1766819727718
5,0.87,1766819727908
5,1.0,1766819728118
5,0.77,1766819728317
5,0.77,1766819728519
5,1.0,1766819728750
5,0.92,1766819728963
5,1.0,1766819729165
5,1.0,1766819729470
5,0.52,1766819729646
5,0.92,1766819729821
5,0.98,1766819730040
5,0.98,1766819730240
5,1.0,1766819730477
5,0.8,1766819730697
5,0.72,1766819730901
5,0.69,1766819731129
5,1.0,1766819731291
5,0.87,1766819731469
5,1.0,1766819731631
5,0.89,1766819731819
5,1.0,1766819732010
5,0.82,1766819732234
5,0.85,1766819732508
5,1.0,1766819732701
6,0.95,1766819732888
6,1.0,1766819733084
6,0.79,1766819733264
6,1.0,1766819733442
6,1.0,1766819733703
6,0.81,1766819733937
6,1.0,1766819734143
6,0.83,1766819734327
6,0.77,1766819734646
6,0.47,1766819734837
6,1.0,1766819735053
6,1.0,1766819735257
6,0.85,1766819735463
6,1.0,1766819735641
6,0.64,1766819735841
6,0.98,1766819736037
6,0.9,1766819736232
6,0.98,1766819736454
6,0.71,1766819736648
6,1.0,1766819736853
6,0.78,1766819737028
6,1.0,1766819737207
6,0.85,1766819737404
6,0.8,1766819737596
6,1.0,1766819737815
6,0.69,1766819738064
6,1.0,1766819738264
6,1.0,1766819738513
6,0.71,1766819738755
6,1.0,1766819738993
6,1.0,1766819739218
6,0.9,1766819739429
6,0.86,1766819739603
6,1.0,1766819739804
6,0.92,1766819739988
6,0.95,1766819740246
6,1.0,1766819740481
6,0.65,1766819740718
6,1.0,1766819740911
6,1.0,1766819741142
6,0.58,1766819741373
6,0.69,1766819741655
6,0.83,1766819741840
6,1.0,1766819742018
6,0.85,1766819742244
6,1.0,1766819742425
6,0.91,1766819742605
6,1.0,1766819742805
6,1.0,1766819743065
6,0.63,1766819743247
6,1.0,1766819743435
6,0.85,1766819743581
6,1.0,1766819743775
6,0.71,1766819743958
6,1.0,1766819744160
6,1.0,1766819744402
6,0.73,1766819744659
6,0.83,1766819744846
6,0.86,1766819745065
6,1.0,1766819745265
6,0.73,1766819745448
6,1.0,1766819745634
6,0.77,1766819745829
6,1.0,1766819746011
6,0.8,1766819746234
6,0.67,1766819746430
6,1.0,1766819746675
6,0.77,1766819746882
6,1.0,1766819747050
6,1.0,1766819747312
6,0.7,1766819747525
6,0.87,1766819747754
6,0.82,1766819747979
6,1.0,1766819748236
6,0.68,1766819748405
6,1.0,1766819748602
6,0.99,1766819748793
6,0.84,1766819748990
6,1.0,1766819749229
6,0.74,1766819749467
6,1.0,1766819749654
6,1.0,1766819749889
6,0.77,1766819750078
6,1.0,1766819750321
6,0.74,1766819750526
6,1.0,1766819750709
6,1.0,1766819750900
6,0.82,1766819751107
6,1.0,1766819751291
6,0.8,1766819751535
6,0.93,1766819751736
6,1.0,1766819751992
6,0.73,1766819752188
6,1.0,1766819752384
6,0.88,1766819752591
6,0.77,1766819752787
6,0.99,1766819752967
6,0.88,1766819753169
6,0.99,1766819753368
6,0.87,1766819753636
6,1.0,1766819753834
6,0.82,1766819754071
6,1.0,1766819754263
6,1.0,1766819754509
6,0.7,1766819754716
6,1.0,1766819754894
6,0.86,1766819755127
6,1.0,1766819755311
6,1.0,1766819755581
6,0.6,1766819755858
6,1.0,1766819756044
6,0.89,1766819756222
6,0.77,1766819756447
6,0.99,1766819756654
6,0.91,1766819756833
6,0.85,1766819757034
6,1.0,1766819757275
6,1.0,1766819757487
6,0.79,1766819757703
6,1.0,1766819757890
6,0.79,1766819758115
6,1.0,1766819758297
6,1.0,1766819758620
6,1.0,1766819758857
6,0.88,1766819759046
6,1.0,1766819759303
6,1.0,1766819759578
6,0.75,1766819759755
6,1.0,1766819759953
6,0.74,1766819760166
6,0.9,1766819760502
6,0.53,1766819760674
6,1.0,1766819760901
6,0.79,1766819761091
6,1.0,1766819761269
6,0.97,1766819761438
6,0.94,1766819761690
6,1.0,1766819761932
6,1.0,1766819762270
6,0.47,1766819762460
6,1.0,1766819762620
6,0.81,1766819762808
6,1.0,1766819763003
6,1.0,1766819763273
6,0.75,1766819763496
6,0.91,1766819763693
6,0.96,1766819763898
6,0.88,1766819764107
6,0.81,1766819764322
6,1.0,1766819764511
6,0.85,1766819764794
6,0.73,1766819765024
6,1.0,1766819765270
6,0.49,1766819765464
6,1.0,1766819765650
6,1.0,1766819765883
6,0.79,1766819766087
6,1.0,1766819766259
6,0.88,1766819766425
6,1.0,1766819766638
6,0.75,1766819766816
6,1.0,1766819767016
6,0.84,1766819767209
6,0.87,1766819767400
6,1.0,1766819767662
6,0.77,1766819767875
6,0.75,1766819768061
6,0.88,1766819768284
6,1.0,1766819768492
6,0.75,1766819768696
6,1.0,1766819768897
6,1.0,1766819769127
6,0.62,1766819769353
6,1.0,1766819769575
6,0.8,1766819769786
6,0.68,1766819770053
6,0.79,1766819770271
6,1.0,1766819770467
6,1.0,1766819770677
6,0.97,1766819770861
6,1.0,1766819771063
6,0.72,1766819771254
6,1.0,1766819771486
6,1.0,1766819771704
6,0.8,1766819771946
6,1.0,1766819772165
6,1.0,1766819772387
6,0.7,1766819772602
6,1.0,1766819772816
6,0.83,1766819773033
6,1.0,1766819773235
6,0.78,1766819773429
6,1.0,1766819773613
6,0.81,1766819773894
6,0.49,1766819774129
6,1.0,1766819774314
6,0.9,1766819774498
6,1.0,1766819774679
6,0.76,1766819774929
6,1.0,1766819775107
6,1.0,1766819775315
6,0.93,1766819775520
6,1.0,1766819775734
6,0.82,1766819775976
6,1.0,1766819776186
6,0.77,1766819776398
6,1.0,1766819776572
6,0.77,1766819776765
6,1.0,1766819776953
6,0.91,1766819777149
6,1.0,1766819777344
6,1.0,1766819777538
6,0.81,1766819777777
6,0.82,1766819778075
6,0.82,1766819778273
6,1.0,1766819778445
6,0.96,1766819778631
6,1.0,1766819778826
6,0.8,1766819778988
6,1.0,1766819779169
6,0.98,1766819779366
6,1.0,1766819779573
6,1.0,1766819779839
6,0.38,1766819780033
6,1.0,1766819780240
6,0.66,1766819780464
6,0.81,1766819780670
6,1.0,1766819780925
6,0.72,1766819781127
6,0.83,1766819781294
6,1.0,1766819781479
6,0.87,1766819781676
6,0.58,1766819781867
6,1.0,1766819782043
6,0.77,1766819782247
6,1.0,1766819782459
6,0.83,1766819782648
6,1.0,1766819782848
6,1.0,1766819783072
6,0.75,1766819783319
6,0.79,1766819783496
6,1.0,1766819783691
6,0.93,1766819783889
6,0.84,1766819784144
6,1.0,1766819784343
6,1.0,1766819784619
6,0.68,1766819784833
6,1.0,1766819785035
6,0.76,1766819785259
6,0.99,1766819785455
6,1.0,1766819785710
6,0.8,1766819785918
6,1.0,1766819786096
6,0.72,1766819786301
6,0.64,1766819786528
6,0.82,1766819786748
6,1.0,1766819786954
6,0.76,1766819787147
6,1.0,1766819787342
6,1.0,1766819787545
6,0.86,1766819787748
6,1.0,1766819787947
6,0.86,1766819788163
6,0.82,1766819788410
6,1.0,1766819788631
6,0.97,1766819788893
6,1.0,1766819789084
6,0.97,1766819789273
6,1.0,1766819789447
6,0.89,1766819789644
6,1.0,1766819789851
6,0.37,1766819790060
6,1.0,1766819790247
6,1.0,1766819790485
6,0.87,1766819790679
6,0.9,1766819790969
6,0.7,1766819791178
6,1.0,1766819791344
6,0.91,1766819791533
6,1.0,1766819791757
6,0.59,1766819791969
6,0.81,1766819792191
6,1.0,1766819792367
6,0.87,1766819792570
6,1.0,1766819792740
6,0.92,1766819792941
6,0.7,1766819793230
6,1.0,1766819793454
6,0.85,1766819793667
6,1.0,1766819793915
6,0.58,1766819794120
6,1.0,1766819794334
6,0.65,1766819794527
6,1.0,1766819794672
6,0.96,1766819794879
6,1.0,1766819795075
6,1.0,1766819795316
6,0.66,1766819795538
6,0.93,1766819795721
6,0.95,1766819795916
6,0.8,1766819796089
6,0.68,1766819796304
6,1.0,1766819796504
6,0.81,1766819796728
6,1.0,1766819796917
6,0.83,1766819797103
6,0.74,1766819797308
6,1.0,1766819797545
6,0.79,1766819797718
6,1.0,1766819797905
6,0.74,1766819798133
6,0.76,1766819798396
6,0.87,1766819798623
6,0.95,1766819798849
6,0.78,1766819799043
6,1.0,1766819799235
6,1.0,1766819799422
6,0.82,1766819799615
6,1.0,1766819799805
6,0.82,1766819800008
6,1.0,1766819800220
6,0.83,1766819800400
6,0.92,1766819800581
6,1.0,1766819800806
6,0.59,1766819800998
6,1.0,1766819801208
6,1.0,1766819801513
6,0.59,1766819801737
6,0.73,1766819801932
6,0.88,1766819802133
6,1.0,1766819802297
6,0.92,1766819802499
6,1.0,1766819802696
6,0.59,1766819802926
6,1.0,1766819803104
6,1.0,1766819803357
6,0.62,1766819803574
6,1.0,1766819803762
6,0.75,1766819803951
6,0.99,1766819804142
6,1.0,1766819804368
6,0.85,1766819804607
6,1.0,1766819804845
6,0.85,1766819805091
6,1.0,1766819805286
6,1.0,1766819805567
6,0.76,1766819805788
6,1.0,1766819806024
6,0.73,1766819806232
6,0.7,1766819806439
6,1.0,1766819806629
6,0.84,1766819806809
6,1.0,1766819807062
6,0.66,1766819807277
6,1.0,1766819807501
6,0.71,1766819807767
6,0.49,1766819807984
6,0.88,1766819808309
6,0.57,1766819808495
6,1.0,1766819808705
6,0.74,1766819808923
6,0.83,1766819809130
6,1.0,1766819809334
6,0.91,1766819809529
6,1.0,1766819809756
6,0.62,1766819810005
6,0.75,1766819810194
6,1.0,1766819810442
6,0.81,1766819810654
6,1.0,1766819810837
6,1.0,1766819811058
6,0.79,1766819811248
6,1.0,1766819811465
6,0.88,1766819811673
6,0.84,1766819811909
6,0.64,1766819812112
6,1.0,1766819812279
6,0.92,1766819812490
6,1.0,1766819812688
6,1.0,1766819812921
6,0.76,1766819813116
6,1.0,1766819813319
6,0.92,1766819813542
6,1.0,1766819813730
6,0.86,1766819813920
6,0.89,1766819814143
6,0.88,1766819814361
6,1.0,1766819814544
6,0.85,1766819814732
6,1.0,1766819814916
6,0.85,1766819815113
6,0.85,1766819815320
6,1.0,1766819815597
6,0.48,1766819815798
6,0.85,1766819816012
6,1.0,1766819816208
6,0.71,1766819816471
6,0.78,1766819816696
6,1.0,1766819816929
6,0.74,1766819817162
6,0.91,1766819817344
6,0.77,1766819817556
6,1.0,1766819817763
6,1.0,1766819818074
6,0.56,1766819818270
6,1.0,1766819818462
6,0.72,1766819818665
6,1.0,1766819818850
6,0.86,1766819819034
6,1.0,1766819819237
6,1.0,1766819819454
6,0.63,1766819819716
6,0.9,1766819819901
6,0.99,1766819820094
6,1.0,1766819820283
6,0.8,1766819820482
6,1.0,1766819820655
6,0.86,1766819820845
6,1.0,1766819821010
6,0.84,1766819821205
6,1.0,1766819821378
6,0.91,1766819821576
6,1.0,1766819821760
6,1.0,1766819821969
6,0.8,1766819822185
6,1.0,1766819822394
6,0.93,1766819822646
6,1.0,1766819822837
6,1.0,1766819823041
6,0.83,1766819823272
6,1.0,1766819823533
6,0.91,1766819823735
6,0.98,1766819823976
6,0.53,1766819824145
6,1.0,1766819824339
6,0.87,1766819824566
6,0.54,1766819824750
6,1.0,1766819824960
6,0.76,1766819825144
6,1.0,1766819825368
6,0.82,1766819825589
6,0.82,1766819825803
6,1.0,1766819826030
6,0.81,1766819826308
6,0.81,1766819826516
6,1.0,1766819826808
6,0.71,1766819827069
6,0.72,1766819827299
6,0.65,1766819827500
6,1.0,1766819827705
6,0.97,1766819827869
6,0.87,1766819828056
6,1.0,1766819828259
6,0.8,1766819828547
6,0.44,1766819828761
6,1.0,1766819829042
6,0.77,1766819829264
6,1.0,1766819829433
6,1.0,1766819829645
6,0.68,1766819829872
6,1.0,1766819830065
6,0.79,1766819830295
6,1.0,1766819830541
6,0.7,1766819830771
6,1.0,1766819830960
6,1.0,1766819831206
6,0.87,1766819831494
6,1.0,1766819831706
6,1.0,1766819831903
6,0.83,1766819832091
6,1.0,1766819832278
6,0.89,1766819832500
6,1.0,1766819832748
6,1.0,1766819832987
6,0.79,1766819833214
6,1.0,1766819833405
6,0.82,1766819833594
6,1.0,1766819833774
6,1.0,1766819833979
6,0.85,1766819834160
6,1.0,1766819834356
6,0.77,1766819834631
6,0.77,1766819834812
6,0.87,1766819835017
6,1.0,1766819835189
6,0.95,1766819835414
6,1.0,1766819835593
6,0.68,1766819835883
6,0.66,1766819836091
6,1.0,1766819836258
6,0.83,1766819836454
6,1.0,1766819836658
6,0.91,1766819836889
6,0.8,1766819837076
6,1.0,1766819837292
6,0.87,1766819837480
6,1.0,1766819837731
6,0.89,1766819837955
6,1.0,1766819838139
6,0.81,1766819838434
6,0.7,1766819838645
6,1.0,1766819838893
6,0.69,1766819839116
6,0.49,1766819839363
6,0.8,1766819839537
6,1.0,1766819839698
6,0.98,1766819839877
6,0.98,1766819840057
6,0.89,1766819840252
6,1.0,1766819840439
6,0.86,1766819840625
6,1.0,1766819840811
6,1.0,1766819841007
6,0.85,1766819841215
6,1.0,1766819841398
6,0.84,1766819841629
6,0.39,1766819841942
6,1.0,1766819842122
6,0.91,1766819842325
6,1.0,1766819842513
6,0.83,1766819842701
6,1.0,1766819842875
6,1.0,1766819843067
6,0.84,1766819843268
6,0.93,1766819843567
6,0.5,1766819843814
6,1.0,1766819844012
6,0.86,1766819844198
6,1.0,1766819844374
6,0.86,1766819844567
6,1.0,1766819844773
6,1.0,1766819844995
6,0.81,1766819845242
6,1.0,1766819845443
6,0.78,1766819845635
6,0.74,1766819845855
6,1.0,1766819846095
6,0.7,1766819846317
6,1.0,1766819846492
6,1.0,1766819846740
6,0.83,1766819846926
6,1.0,1766819847127
6,0.92,1766819847333
6,1.0,1766819847618
6,0.52,1766819847838
6,1.0,1766819848040
6,1.0,1766819848266
6,0.72,1766819848430
6,0.99,1766819848622
6,0.96,1766819848797
6,1.0,1766819848996
6,0.88,1766819849205
6,0.82,1766819849466
6,0.77,1766819849699
6,1.0,1766819849886
6,0.75,1766819850076
6,0.93,1766819850280
6,1.0,1766819850478
6,0.78,1766819850701
6,1.0,1766819850900
6,1.0,1766819851127
6,0.85,1766819851371
6,1.0,1766819851604
6,0.64,1766819851789
6,1.0,1766819851969
6,1.0,1766819852197
6,0.81,1766819852382
6,1.0,1766819852621
6,0.75,1766819852862
6,1.0,1766819853047
6,0.86,1766819853246
6,1.0,1766819853449
6,0.87,1766819853647
6,0.77,1766819853862
6,1.0,1766819854072
6,0.74,1766819854258
6,1.0,1766819854452
6,1.0,1766819854724
6,0.66,1766819854926
6,1.0,1766819855107
6,0.81,1766819855279
6,1.0,1766819855517
6,1.0,1766819855774
6,0.84,1766819856049
6,0.71,1766819856253
6,0.82,1766819856457
6,1.0,1766819856761
6,0.36,1766819856930
6,1.0,1766819857109
6,1.0,1766819857355
6,0.85,1766819857542
6,1.0,1766819857803
6,1.0,1766819858078
6,0.65,1766819858293
6,1.0,1766819858553
6,0.76,1766819858763
6,0.77,1766819858988
6,0.88,1766819859238
6,1.0,1766819859429
6,0.61,1766819859615
6,0.91,1766819859826
6,1.0,1766819860018
6,0.7,1766819860265
6,1.0,1766819860431
6,0.74,1766819860630
6,0.78,1766819860841
6,1.0,1766819861016
6,0.82,1766819861197
6,1.0,1766819861418
6,0.75,1766819861622
6,1.0,1766819861813
6,0.89,1766819862047
6,1.0,1766819862280
6,0.69,1766819862471
6,1.0,1766819862674
6,1.0,1766819862914
6,0.43,1766819863095
6,1.0,1766819863285
6,0.83,1766819863468
6,1.0,1766819863655
6,0.69,1766819863852
6,1.0,1766819864047
6,0.75,1766819864282
6,1.0,1766819864470
6,0.89,1766819864659
6,1.0,1766819864853
6,1.0,1766819865044
6,0.88,1766819865216
6,1.0,1766819865406
6,0.87,1766819865579
6,1.0,1766819865828
6,0.71,1766819866023
6,1.0,1766819866206
6,1.0,1766819866423
6,0.88,1766819866620
6,1.0,1766819866837
6,0.78,1766819867071
6,0.66,1766819867293
6,0.91,1766819867485
6,0.98,1766819867714
6,0.79,1766819867901
6,1.0,1766819868084
6,0.95,1766819868284
6,0.83,1766819868473
6,1.0,1766819868671
6,0.81,1766819868902
6,1.0,1766819869129
6,1.0,1766819869326
6,0.87,1766819869505
6,1.0,1766819869705
6,0.8,1766819869949
6,1.0,1766819870155
6,1.0,1766819870393
6,0.89,1766819870630
6,1.0,1766819870847
6,1.0,1766819871126
6,0.77,1766819871341
6,0.83,1766819871606
6,0.78,1766819871839
6,1.0,1766819872026
6,0.78,1766819872246
6,0.7,1766819872503
6,1.0,1766819872700
6,0.86,1766819872891
6,1.0,1766819873124
6,0.69,1766819873343
6,1.0,1766819873517
6,1.0,1766819873778
6,0.75,1766819873986
6,1.0,1766819874206
6,0.86,1766819874475
6,0.69,1766819874689
6,0.71,1766819874885
6,1.0,1766819875076
6,0.97,1766819875249
6,1.0,1766819875457
6,1.0,1766819875674
6,0.82,1766819875905
6,1.0,1766819876087
6,0.84,1766819876273
6,1.0,1766819876505
6,1.0,1766819876698
6,0.85,1766819876954
6,1.0,1766819877152
6,0.79,1766819877330
6,1.0,1766819877522
6,1.0,1766819877747
6,0.64,1766819877966
6,1.0,1766819878189
6,0.69,1766819878370
6,1.0,1766819878594
6,0.91,1766819878776
6,1.0,1766819878956
6,0.99,1766819879160
6,0.85,1766819879394
6,1.0,1766819879622
6,0.49,1766819879794
6,1.0,1766819879979
6,0.94,1766819880177
6,1.0,1766819880406
6,1.0,1766819880628
6,0.76,1766819880862
6,1.0,1766819881052
6,0.99,1766819881307
6,1.0,1766819881493
6,1.0,1766819881699
6,0.7,1766819881906
6,1.0,1766819882096
6,0.83,1766819882304
6,1.0,1766819882481
6,1.0,1766819882719
6,0.78,1766819882914
6,1.0,1766819883142
6,0.82,1766819883349
6,0.98,1766819883610
6,0.67,1766819883837
6,1.0,1766819884024
6,1.0,1766819884309
6,0.77,1766819884499
6,1.0,1766819884694
6,0.78,1766819884868
6,1.0,1766819885056
6,0.94,1766819885297
6,0.73,1766819885502
6,1.0,1766819885749
6,1.0,1766819885993
6,0.82,1766819886243
6,0.73,1766819886446
6,1.0,1766819886636
6,0.92,1766819886830
6,0.83,1766819887038
6,1.0,1766819887246
6,0.62,1766819887478
6,1.0,1766819887679
6,1.0,1766819887900
6,0.84,1766819888093
6,1.0,1766819888273
6,1.0,1766819888456
6,1.0,1766819888677
6,0.78,1766819888884
6,0.67,1766819889169
6,0.68,1766819889430
6,0.59,1766819889640
6,1.0,1766819889811
6,0.9,1766819890042
6,0.8,1766819890261
6,1.0,1766819890601
6,0.84,1766819890819
6,1.0,1766819891004
6,0.91,1766819891187
6,1.0,1766819891397
6,0.97,1766819891633
6,0.7,1766819891859
6,1.0,1766819892053
6,0.81,1766819892282
6,1.0,1766819892491
6,0.62,1766819892696
6,0.76,1766819892881
6,1.0,1766819893075
6,0.75,1766819893277
6,1.0,1766819893504
6,1.0,1766819893782
6,0.69,1766819894011
6,1.0,1766819894213
6,1.0,1766819894424
6,0.78,1766819894660
6,1.0,1766819894940
6,0.86,1766819895186
6,1.0,1766819895389
6,0.83,1766819895661
6,0.74,1766819895889
6,1.0,1766819896067
6,0.89,1766819896269
6,1.0,1766819896434
6,0.91,1766819896617
6,1.0,1766819896833
6,1.0,1766819897179
6,0.66,1766819897370
6,1.0,1766819897557
6,0.83,1766819897768
6,1.0,1766819897926
6,1.0,1766819898139
6,0.64,1766819898343
6,0.99,1766819898540
6,0.99,1766819898772
6,0.89,1766819898979
6,1.0,1766819899181
6,0.64,1766819899368
6,0.92,1766819899561
6,0.95,1766819899762
6,0.84,1766819899946
6,1.0,1766819900152
6,1.0,1766819900355
6,0.78,1766819900585
6,1.0,1766819900799
6,1.0,1766819901044
6,0.88,1766819901309
6,1.0,1766819901516
6,1.0,1766819901769
6,0.79,1766819901994
6,1.0,1766819902165
6,0.85,1766819902355
6,1.0,1766819902571
6,0.89,1766819902769
6,0.76,1766819903050
6,1.0,1766819903307
6,1.0,1766819903556
6,0.79,1766819903767
6,1.0,1766819904068
6,0.61,1766819904240
6,1.0,1766819904420
6,0.93,1766819904591
6,1.0,1766819904781
6,0.73,1766819904992
6,1.0,1766819905165
6,0.92,1766819905368
6,1.0,1766819905549
6,1.0,1766819905853
6,0.53,1766819906050
6,0.82,1766819906244
6,0.89,1766819906434
6,1.0,1766819906625
6,0.6,1766819906826
6,1.0,1766819906998
6,0.85,1766819907179
6,1.0,1766819907353
6,0.82,1766819907546
6,1.0,1766819907784
6,1.0,1766819908042
6,0.85,1766819908262
6,1.0,1766819908433
6,0.94,1766819908627
6,1.0,1766819908825
6,1.0,1766819909143
6,0.66,1766819909352
6,0.79,1766819909535
6,1.0,1766819909747
6,1.0,1766819909938
6,0.85,1766819910227
6,0.6,1766819910434
6,1.0,1766819910616
6,0.82,1766819910823
6,1.0,1766819911004
6,1.0,1766819911289
6,0.41,1766819911533
6,0.9,1766819911707
6,1.0,1766819911917
6,0.9,1766819912126
6,0.88,1766819912343
6,0.79,1766819912592
6,1.0,1766819912826
6,0.81,1766819913031
6,1.0,1766819913200
6,0.96,1766819913379
6,1.0,1766819913573
6,0.89,1766819913775
6,0.99,1766819913986
6,1.0,1766819914286
6,1.0,1766819914520
6,0.89,1766819914708
6,1.0,1766819914907
6,0.87,1766819915102
6,1.0,1766819915321
6,0.81,1766819915539
6,1.0,1766819915712
6,0.91,1766819915893
6,1.0,1766819916116
6,1.0,1766819916389
6,0.67,1766819916590
6,1.0,1766819916787
6,0.96,1766819917002
6,1.0,1766819917206
6,1.0,1766819917413
6,0.83,1766819917597
6,1.0,1766819917792
6,0.77,1766819918018
6,0.77,1766819918273
6,0.93,1766819918484
6,0.96,1766819918673
6,0.85,1766819918927
6,0.54,1766819919116
6,1.0,1766819919293
6,0.9,1766819919478
6,1.0,1766819919671
6,0.83,1766819919856
6,1.0,1766819920059
6,0.76,1766819920306
6,0.8,1766819920534
6,1.0,1766819920789
6,0.64,1766819920975
6,1.0,1766819921157
6,1.0,1766819921371
6,0.87,1766819921647
6,0.74,1766819921844
6,1.0,1766819922009
6,0.93,1766819922186
6,0.95,1766819922383
6,1.0,1766819922610
6,0.73,1766819922824
6,1.0,1766819923028
6,1.0,1766819923311
6,0.68,1766819923526
6,1.0,1766819923784
6,0.76,1766819924004
6,1.0,1766819924172
6,1.0,1766819924520
6,0.46,1766819924688
6,1.0,1766819924865
6,0.74,1766819925051
6,1.0,1766819925248
6,0.83,1766819925451
6,1.0,1766819925623
6,0.84,1766819925792
6,0.81,1766819926007
6,1.0,1766819926259
6,0.84,1766819926472
6,1.0,1766819926671
6,1.0,1766819926936
6,0.9,1766819927148
6,1.0,1766819927434
6,1.0,1766819927653
6,0.98,1766819927878
6,0.66,1766819928099
6,1.0,1766819928293
6,0.83,1766819928467
6,0.71,1766819928672
6,1.0,1766819928844
6,0.84,1766819929024
6,1.0,1766819929237
6,0.89,1766819929412
6,1.0,1766819929622
6,0.71,1766819929834
6,1.0,1766819930005
6,0.9,1766819930187
6,0.92,1766819930370
6,1.0,1766819930573
6,0.84,1766819930830
6,1.0,1766819931054
