gpu_temperature,Context.TRAINING,LoggingItemKind.SYSTEM_METRIC
0,71.0,1766708480410
0,71.0,1766708481516
0,71.0,1766708482646
0,71.0,1766708483487
0,72.0,1766708484648
0,71.0,1766708485705
0,72.0,1766708486693
0,71.0,1766708487865
0,72.0,1766708488751
0,71.0,1766708489993
0,71.0,1766708491005
0,71.0,1766708491973
0,71.0,1766708493263
0,71.0,1766708494121
0,70.0,1766708495211
0,71.0,1766708496368
0,71.0,1766708497289
0,71.0,1766708498645
0,71.0,1766708499646
0,71.0,1766708500786
0,71.0,1766708501893
0,71.0,1766708502811
0,71.0,1766708504137
0,71.0,1766708505108
0,71.0,1766708506255
0,71.0,1766708507341
0,70.0,1766708508367
0,71.0,1766708509633
0,71.0,1766708510533
0,71.0,1766708511670
0,70.0,1766708512750
0,71.0,1766708513687
0,71.0,1766708514938
0,71.0,1766708515913
0,71.0,1766708517004
0,71.0,1766708518107
0,70.0,1766708519112
0,71.0,1766708520395
0,71.0,1766708521234
0,71.0,1766708522366
0,70.0,1766708523450
0,71.0,1766708524387
0,71.0,1766708525764
0,71.0,1766708526611
0,71.0,1766708527790
0,71.0,1766708528906
0,71.0,1766708529897
0,71.0,1766708531293
0,71.0,1766708532212
0,71.0,1766708533375
0,71.0,1766708534421
0,71.0,1766708535385
0,71.0,1766708536595
0,71.0,1766708537521
0,71.0,1766708538761
0,71.0,1766708539785
0,71.0,1766708540813
0,71.0,1766708542011
0,71.0,1766708542952
0,71.0,1766708544207
0,71.0,1766708545210
0,71.0,1766708546259
0,71.0,1766708547425
0,71.0,1766708548376
0,71.0,1766708549543
0,71.0,1766708550445
0,71.0,1766708551489
0,71.0,1766708552639
0,71.0,1766708553606
0,70.0,1766708554829
0,71.0,1766708555819
0,71.0,1766708556820
0,71.0,1766708557993
0,71.0,1766708558886
0,71.0,1766708560000
0,71.0,1766708560992
0,71.0,1766708562014
0,71.0,1766708563250
0,70.0,1766708564238
0,71.0,1766708565447
0,71.0,1766708566481
0,71.0,1766708567481
0,71.0,1766708568755
0,71.0,1766708569751
0,71.0,1766708571005
0,70.0,1766708571966
0,71.0,1766708572999
0,71.0,1766708574161
0,71.0,1766708575051
0,71.0,1766708576247
0,70.0,1766708577232
0,71.0,1766708578257
0,71.0,1766708579544
0,71.0,1766708580426
0,71.0,1766708581629
0,71.0,1766708582641
0,71.0,1766708583672
0,71.0,1766708584869
0,71.0,1766708585793
0,71.0,1766708586980
0,71.0,1766708587988
0,71.0,1766708589110
0,72.0,1766708590330
0,71.0,1766708591242
0,71.0,1766708592279
0,71.0,1766708593293
0,71.0,1766708594309
0,71.0,1766708595581
0,71.0,1766708596529
0,71.0,1766708597780
0,71.0,1766708598785
0,71.0,1766708599760
0,71.0,1766708600891
0,71.0,1766708601820
0,72.0,1766708602874
0,72.0,1766708603961
0,71.0,1766708604909
0,71.0,1766708606094
0,71.0,1766708607049
0,71.0,1766708608226
0,71.0,1766708609338
0,71.0,1766708610290
0,71.0,1766708611567
0,71.0,1766708612470
0,70.0,1766708613610
0,71.0,1766708614729
0,71.0,1766708615706
0,71.0,1766708616930
0,71.0,1766708617921
0,71.0,1766708619203
0,71.0,1766708620241
0,71.0,1766708621279
0,70.0,1766708622517
0,71.0,1766708623460
0,72.0,1766708624672
0,71.0,1766708625641
0,71.0,1766708626694
0,71.0,1766708627943
0,70.0,1766708628934
0,72.0,1766708630177
0,71.0,1766708631138
0,71.0,1766708632297
0,71.0,1766708633469
0,71.0,1766708634355
0,71.0,1766708635627
0,71.0,1766708636682
0,72.0,1766708637852
0,71.0,1766708639025
0,71.0,1766708639979
0,71.0,1766708641139
0,71.0,1766708642119
0,71.0,1766708643248
0,71.0,1766708644422
0,72.0,1766708645434
0,71.0,1766708646506
0,72.0,1766708647589
0,71.0,1766708648735
0,71.0,1766708649814
0,71.0,1766708650821
0,71.0,1766708651876
0,71.0,1766708652920
0,72.0,1766708654062
0,71.0,1766708655116
0,71.0,1766708656231
0,71.0,1766708657377
0,72.0,1766708658443
0,71.0,1766708659566
0,72.0,1766708660707
0,71.0,1766708661802
0,71.0,1766708662849
0,71.0,1766708663915
0,72.0,1766708665021
0,71.0,1766708666089
0,71.0,1766708667173
0,71.0,1766708668223
0,71.0,1766708669238
0,71.0,1766708670361
0,71.0,1766708671320
0,71.0,1766708672446
0,71.0,1766708673518
0,71.0,1766708674539
0,71.0,1766708675729
0,72.0,1766708676711
0,70.0,1766708677914
0,71.0,1766708679082
0,71.0,1766708680113
0,71.0,1766708681268
0,72.0,1766708682373
0,70.0,1766708683600
0,67.0,1766708684623
0,71.0,1766708685673
0,71.0,1766708686868
0,71.0,1766708687850
0,71.0,1766708689068
0,71.0,1766708690085
0,71.0,1766708691187
0,71.0,1766708692351
0,71.0,1766708693372
0,71.0,1766708694553
0,72.0,1766708695542
0,71.0,1766708696704
0,71.0,1766708697850
0,71.0,1766708698789
0,72.0,1766708699954
0,71.0,1766708700939
0,71.0,1766708702099
0,71.0,1766708703093
0,72.0,1766708704119
0,71.0,1766708705288
0,70.0,1766708706245
0,71.0,1766708707494
0,71.0,1766708708594
0,72.0,1766708709645
0,72.0,1766708710851
0,72.0,1766708711798
0,71.0,1766708712980
0,71.0,1766708714038
0,71.0,1766708715118
0,71.0,1766708716367
0,71.0,1766708717225
0,72.0,1766708718434
0,71.0,1766708719522
0,71.0,1766708720622
0,71.0,1766708721846
0,71.0,1766708722767
0,71.0,1766708723939
0,71.0,1766708724942
0,71.0,1766708725998
0,72.0,1766708727166
0,71.0,1766708728048
0,71.0,1766708729291
0,71.0,1766708730360
0,71.0,1766708731366
0,71.0,1766708732666
0,71.0,1766708733587
0,70.0,1766708734813
0,71.0,1766708735851
0,70.0,1766708736905
0,71.0,1766708738084
0,71.0,1766708739040
0,71.0,1766708740337
0,71.0,1766708741305
0,72.0,1766708742332
0,71.0,1766708743569
0,71.0,1766708744497
0,71.0,1766708745829
0,71.0,1766708746812
0,71.0,1766708747898
0,71.0,1766708749120
0,71.0,1766708750016
0,71.0,1766708751215
0,71.0,1766708752225
0,71.0,1766708753215
0,71.0,1766708754399
0,71.0,1766708755311
0,71.0,1766708756501
0,70.0,1766708757553
0,71.0,1766708758573
0,71.0,1766708759831
0,71.0,1766708760693
0,71.0,1766708761863
0,71.0,1766708762907
0,71.0,1766708763873
0,71.0,1766708765225
0,71.0,1766708766149
0,71.0,1766708767270
0,71.0,1766708768286
0,71.0,1766708769284
0,71.0,1766708770627
0,71.0,1766708771518
0,71.0,1766708772663
0,71.0,1766708773773
0,71.0,1766708774785
0,71.0,1766708776080
0,71.0,1766708777010
0,71.0,1766708778139
0,71.0,1766708779226
0,71.0,1766708780125
0,71.0,1766708781369
0,71.0,1766708782366
0,71.0,1766708783492
0,71.0,1766708784664
0,71.0,1766708785560
0,70.0,1766708786742
0,71.0,1766708787717
0,71.0,1766708788918
0,71.0,1766708789958
0,71.0,1766708790998
0,71.0,1766708792249
0,70.0,1766708793252
0,71.0,1766708794385
0,71.0,1766708795375
0,71.0,1766708796461
0,70.0,1766708797594
0,71.0,1766708798557
0,71.0,1766708799619
0,71.0,1766708800651
0,71.0,1766708801862
0,71.0,1766708802983
0,70.0,1766708804023
0,71.0,1766708805205
0,71.0,1766708806159
0,71.0,1766708807404
0,70.0,1766708808485
0,71.0,1766708809609
0,70.0,1766708810751
0,71.0,1766708811775
0,70.0,1766708812897
0,71.0,1766708813918
0,71.0,1766708815014
0,71.0,1766708816042
0,71.0,1766708817101
0,71.0,1766708818321
0,71.0,1766708819362
0,71.0,1766708820545
0,70.0,1766708821645
0,71.0,1766708822659
0,70.0,1766708823758
0,71.0,1766708824907
0,71.0,1766708825966
0,71.0,1766708827087
0,70.0,1766708828170
0,71.0,1766708829183
0,71.0,1766708830312
0,71.0,1766708831337
0,71.0,1766708832494
0,71.0,1766708833571
0,70.0,1766708834642
0,71.0,1766708835767
0,71.0,1766708836913
0,71.0,1766708838052
0,72.0,1766708839173
0,71.0,1766708840212
0,71.0,1766708841257
0,71.0,1766708842263
0,71.0,1766708843351
0,71.0,1766708844403
0,71.0,1766708845478
0,71.0,1766708846607
0,71.0,1766708847696
0,71.0,1766708848843
0,71.0,1766708849947
0,71.0,1766708850960
0,71.0,1766708851989
0,71.0,1766708853057
0,71.0,1766708854091
0,72.0,1766708855220
0,72.0,1766708856237
0,72.0,1766708857313
0,72.0,1766708858434
0,71.0,1766708859437
0,71.0,1766708860609
0,71.0,1766708861680
0,71.0,1766708862780
0,71.0,1766708863805
0,72.0,1766708864846
0,71.0,1766708866018
0,72.0,1766708866969
0,71.0,1766708868143
0,72.0,1766708869280
0,71.0,1766708870402
0,72.0,1766708871610
0,72.0,1766708872634
0,71.0,1766708873732
0,72.0,1766708874850
0,72.0,1766708875955
0,72.0,1766708877071
0,71.0,1766708878172
0,72.0,1766708879320
0,71.0,1766708880379
0,71.0,1766708881414
0,72.0,1766708882546
0,71.0,1766708883666
0,72.0,1766708884623
0,70.0,1766708885769
0,72.0,1766708886859
0,71.0,1766708887962
0,71.0,1766708889073
0,71.0,1766708890121
0,71.0,1766708891234
0,71.0,1766708892338
0,71.0,1766708893478
0,72.0,1766708894568
0,71.0,1766708895706
0,71.0,1766708896853
0,71.0,1766708897870
0,71.0,1766708899031
0,72.0,1766708900083
0,71.0,1766708901215
0,71.0,1766708902316
0,71.0,1766708903451
0,71.0,1766708904487
0,71.0,1766708905600
0,72.0,1766708906575
0,71.0,1766708907698
0,71.0,1766708908815
0,72.0,1766708909847
0,71.0,1766708910999
0,71.0,1766708911965
0,71.0,1766708913218
0,71.0,1766708914256
0,71.0,1766708915359
0,71.0,1766708916483
0,71.0,1766708917470
0,71.0,1766708918602
0,71.0,1766708919546
0,70.0,1766708920730
0,71.0,1766708921867
0,70.0,1766708922888
0,71.0,1766708923959
0,71.0,1766708925021
0,71.0,1766708926125
0,71.0,1766708927269
0,71.0,1766708928397
0,71.0,1766708929530
0,71.0,1766708930568
0,71.0,1766708931687
0,71.0,1766708932721
0,71.0,1766708933799
0,71.0,1766708934955
0,71.0,1766708935942
0,71.0,1766708937034
0,71.0,1766708938162
0,71.0,1766708939265
0,71.0,1766708940357
0,71.0,1766708941514
0,71.0,1766708942595
0,71.0,1766708943701
0,71.0,1766708944744
0,71.0,1766708945859
0,71.0,1766708946962
0,71.0,1766708947915
0,71.0,1766708949023
0,71.0,1766708950139
0,70.0,1766708951203
0,71.0,1766708952330
0,71.0,1766708953526
0,71.0,1766708954549
0,71.0,1766708955582
0,71.0,1766708956674
0,71.0,1766708957826
0,71.0,1766708958875
0,71.0,1766708959920
0,71.0,1766708961040
0,71.0,1766708962095
0,71.0,1766708963266
0,71.0,1766708964352
0,71.0,1766708965367
0,71.0,1766708966446
0,71.0,1766708967591
0,71.0,1766708968665
0,71.0,1766708969835
0,71.0,1766708970955
0,71.0,1766708972075
0,71.0,1766708973149
0,71.0,1766708974246
0,71.0,1766708975362
0,71.0,1766708976423
0,71.0,1766708977503
0,71.0,1766708978558
0,70.0,1766708979609
0,71.0,1766708980611
0,71.0,1766708981789
0,71.0,1766708982905
0,71.0,1766708984008
0,70.0,1766708985129
0,71.0,1766708986131
0,71.0,1766708987377
0,71.0,1766708988407
0,70.0,1766708989516
0,71.0,1766708990679
0,70.0,1766708991652
0,71.0,1766708992812
0,71.0,1766708993839
0,71.0,1766708994944
0,70.0,1766708996007
0,71.0,1766708997157
0,71.0,1766708998294
0,71.0,1766708999340
0,71.0,1766709000539
0,71.0,1766709001633
0,71.0,1766709002609
0,71.0,1766709003681
0,71.0,1766709004744
0,71.0,1766709005817
0,71.0,1766709006953
0,71.0,1766709008125
0,70.0,1766709009045
0,71.0,1766709010190
0,71.0,1766709011217
0,71.0,1766709012326
0,71.0,1766709013303
0,71.0,1766709014314
0,70.0,1766709015501
0,71.0,1766709016574
0,71.0,1766709017756
0,71.0,1766709018783
0,70.0,1766709019919
0,71.0,1766709021093
0,70.0,1766709022041
0,71.0,1766709023175
0,71.0,1766709024169
0,71.0,1766709025287
0,70.0,1766709026449
0,71.0,1766709027375
0,71.0,1766709028574
0,71.0,1766709029571
0,70.0,1766709030675
0,71.0,1766709031811
0,71.0,1766709032767
0,71.0,1766709033902
0,71.0,1766709034923
0,71.0,1766709036058
0,70.0,1766709037114
0,71.0,1766709038133
0,71.0,1766709039298
0,71.0,1766709040283
0,67.0,1766709041428
0,71.0,1766709042537
0,71.0,1766709043526
0,70.0,1766709044504
0,71.0,1766709045438
0,71.0,1766709046518
0,71.0,1766709047622
0,71.0,1766709048637
0,71.0,1766709049845
0,71.0,1766709050889
0,71.0,1766709052073
0,71.0,1766709053114
0,71.0,1766709054222
0,71.0,1766709055390
0,71.0,1766709056397
0,71.0,1766709057519
0,71.0,1766709058602
0,71.0,1766709059798
0,71.0,1766709060959
0,71.0,1766709061982
0,71.0,1766709063172
0,71.0,1766709064155
0,71.0,1766709065305
0,71.0,1766709066346
0,70.0,1766709067304
0,71.0,1766709068410
0,71.0,1766709069362
0,71.0,1766709070423
0,71.0,1766709071390
0,71.0,1766709072474
0,71.0,1766709073718
0,71.0,1766709074603
0,71.0,1766709075786
0,70.0,1766709076794
0,71.0,1766709077766
0,71.0,1766709078962
0,71.0,1766709079901
0,71.0,1766709081061
0,71.0,1766709082123
0,71.0,1766709083155
0,71.0,1766709084275
0,71.0,1766709085256
0,70.0,1766709086409
0,71.0,1766709087477
0,70.0,1766709088485
0,71.0,1766709089692
0,71.0,1766709090640
0,71.0,1766709091820
0,71.0,1766709092921
0,71.0,1766709094001
0,71.0,1766709095278
0,70.0,1766709096249
0,71.0,1766709097534
0,71.0,1766709098564
0,71.0,1766709099672
0,71.0,1766709100855
0,71.0,1766709101786
0,71.0,1766709103055
0,71.0,1766709104049
0,71.0,1766709105224
0,71.0,1766709106343
0,70.0,1766709107256
0,70.0,1766709108646
0,71.0,1766709109510
0,71.0,1766709110717
0,71.0,1766709111871
0,71.0,1766709112828
0,71.0,1766709114182
0,71.0,1766709115101
0,71.0,1766709116225
0,71.0,1766709117266
0,71.0,1766709118235
0,71.0,1766709119521
0,71.0,1766709120446
0,71.0,1766709121572
0,71.0,1766709122535
0,71.0,1766709123469
0,72.0,1766709124743
0,71.0,1766709125712
0,70.0,1766709126741
0,71.0,1766709127845
0,71.0,1766709128747
0,71.0,1766709130010
0,71.0,1766709130927
0,72.0,1766709131922
0,71.0,1766709133171
0,71.0,1766709134105
0,71.0,1766709135367
0,71.0,1766709136199
0,71.0,1766709136977
0,71.0,1766709138192
0,71.0,1766709139074
0,71.0,1766709139953
0,71.0,1766709141075
0,71.0,1766709141805
0,71.0,1766709142594
0,71.0,1766709143681
0,70.0,1766709144617
0,71.0,1766709145466
0,71.0,1766709146457
0,71.0,1766709147185
0,71.0,1766709148102
0,71.0,1766709148976
0,71.0,1766709149739
0,71.0,1766709150670
0,71.0,1766709151759
0,71.0,1766709152541
0,71.0,1766709153598
0,71.0,1766709154572
0,71.0,1766709155381
0,72.0,1766709156463
0,71.0,1766709157409
0,71.0,1766709158258
0,71.0,1766709159449
0,71.0,1766709160219
0,71.0,1766709161141
0,71.0,1766709162310
0,71.0,1766709163262
0,71.0,1766709164519
0,71.0,1766709165618
0,71.0,1766709166504
0,71.0,1766709167725
0,71.0,1766709168729
0,71.0,1766709169737
0,71.0,1766709170942
0,71.0,1766709171784
0,71.0,1766709173029
0,70.0,1766709173929
0,71.0,1766709174758
0,72.0,1766709176141
0,70.0,1766709176968
0,71.0,1766709177927
0,72.0,1766709179109
0,72.0,1766709179835
0,72.0,1766709180922
0,72.0,1766709181908
0,71.0,1766709182693
0,71.0,1766709183899
0,71.0,1766709184811
0,71.0,1766709185599
0,71.0,1766709187031
0,71.0,1766709187829
0,72.0,1766709188771
0,72.0,1766709190021
0,72.0,1766709190761
0,71.0,1766709191874
0,72.0,1766709193000
0,72.0,1766709193799
0,72.0,1766709195111
0,72.0,1766709196065
0,72.0,1766709196971
0,72.0,1766709198296
0,72.0,1766709199057
0,71.0,1766709200079
0,72.0,1766709201315
0,72.0,1766709202089
0,72.0,1766709203257
0,72.0,1766709204350
0,70.0,1766709205195
0,72.0,1766709206496
0,71.0,1766709207369
0,71.0,1766709208193
0,72.0,1766709209557
0,70.0,1766709210353
0,71.0,1766709211308
0,71.0,1766709212491
0,72.0,1766709213221
0,72.0,1766709214227
0,72.0,1766709215331
0,71.0,1766709216074
0,71.0,1766709217286
0,72.0,1766709218357
0,72.0,1766709219121
0,71.0,1766709220418
0,72.0,1766709221326
0,72.0,1766709222210
0,72.0,1766709223535
0,72.0,1766709224319
0,72.0,1766709225418
0,72.0,1766709226546
0,72.0,1766709227373
0,72.0,1766709228669
0,71.0,1766709229604
0,71.0,1766709230416
0,72.0,1766709231648
0,72.0,1766709232498
0,71.0,1766709233510
0,71.0,1766709234744
0,72.0,1766709235551
0,72.0,1766709236595
0,71.0,1766709237582
0,72.0,1766709238349
0,72.0,1766709239523
0,71.0,1766709240482
0,71.0,1766709241269
0,71.0,1766709242678
0,71.0,1766709243496
0,72.0,1766709244476
0,71.0,1766709245642
0,72.0,1766709246401
0,72.0,1766709247544
0,72.0,1766709248534
0,72.0,1766709249323
0,71.0,1766709250640
0,72.0,1766709251567
0,72.0,1766709252510
0,72.0,1766709253765
0,72.0,1766709254559
0,72.0,1766709255502
0,72.0,1766709256773
0,72.0,1766709257524
0,72.0,1766709258574
0,72.0,1766709259655
0,72.0,1766709260473
0,72.0,1766709261792
0,72.0,1766709262721
0,72.0,1766709263548
0,72.0,1766709264943
0,71.0,1766709265797
0,72.0,1766709266767
0,72.0,1766709267905
0,71.0,1766709268681
0,72.0,1766709269732
0,72.0,1766709270782
0,72.0,1766709271577
0,72.0,1766709272928
0,71.0,1766709273802
0,71.0,1766709274587
0,71.0,1766709276015
0,71.0,1766709276782
0,72.0,1766709277758
0,71.0,1766709278922
0,66.0,1766709279705
0,71.0,1766709280827
0,71.0,1766709281861
0,71.0,1766709282719
0,71.0,1766709284051
0,71.0,1766709284955
0,72.0,1766709285916
0,71.0,1766709287152
0,72.0,1766709287997
0,71.0,1766709289330
0,72.0,1766709290228
0,71.0,1766709290999
0,71.0,1766709292346
0,72.0,1766709293175
0,71.0,1766709294214
0,71.0,1766709295368
0,71.0,1766709296101
0,71.0,1766709297289
0,72.0,1766709298331
0,71.0,1766709299115
0,71.0,1766709300451
0,72.0,1766709301278
0,71.0,1766709302143
0,72.0,1766709303468
0,71.0,1766709304273
0,72.0,1766709305333
0,71.0,1766709306548
0,71.0,1766709307319
0,71.0,1766709308572
0,72.0,1766709309546
0,72.0,1766709310477
0,72.0,1766709311816
0,71.0,1766709312665
0,71.0,1766709313837
0,71.0,1766709314903
0,71.0,1766709315791
0,72.0,1766709317133
0,72.0,1766709318065
0,71.0,1766709319177
0,71.0,1766709320226
0,71.0,1766709321091
0,71.0,1766709322327
0,70.0,1766709323324
0,72.0,1766709324423
0,71.0,1766709325414
0,72.0,1766709326359
0,71.0,1766709327491
0,70.0,1766709328441
0,71.0,1766709329560
0,71.0,1766709330626
0,72.0,1766709331520
0,71.0,1766709332590
0,70.0,1766709333524
0,71.0,1766709334589
0,72.0,1766709335768
0,71.0,1766709336703
0,71.0,1766709337932
0,72.0,1766709338916
0,71.0,1766709339897
0,72.0,1766709340998
0,71.0,1766709342005
0,72.0,1766709343118
0,71.0,1766709344065
0,71.0,1766709345042
0,71.0,1766709346172
0,71.0,1766709347125
0,71.0,1766709348303
0,71.0,1766709349240
0,71.0,1766709350245
0,71.0,1766709351283
0,71.0,1766709352275
0,71.0,1766709353441
0,71.0,1766709354345
0,71.0,1766709355324
0,71.0,1766709356425
0,71.0,1766709357390
0,71.0,1766709358627
0,71.0,1766709359549
0,71.0,1766709360443
0,71.0,1766709361715
0,71.0,1766709362750
0,71.0,1766709363829
0,70.0,1766709364808
0,71.0,1766709365731
0,71.0,1766709367013
0,71.0,1766709367960
0,71.0,1766709368951
0,71.0,1766709370120
0,71.0,1766709370953
0,70.0,1766709372248
0,71.0,1766709373195
0,71.0,1766709374127
0,71.0,1766709375366
0,71.0,1766709376277
0,71.0,1766709377401
0,71.0,1766709378507
0,71.0,1766709379539
0,71.0,1766709380700
0,71.0,1766709381621
0,71.0,1766709382812
0,70.0,1766709383774
0,71.0,1766709384732
0,71.0,1766709385848
0,70.0,1766709386802
0,71.0,1766709387972
0,71.0,1766709388982
0,71.0,1766709389905
0,71.0,1766709390970
0,71.0,1766709391979
0,71.0,1766709393101
0,71.0,1766709394054
0,71.0,1766709395028
0,71.0,1766709396181
0,71.0,1766709397132
0,71.0,1766709398103
0,70.0,1766709399205
0,71.0,1766709400083
0,71.0,1766709401198
0,71.0,1766709402265
0,71.0,1766709403232
0,71.0,1766709404271
0,71.0,1766709405186
0,71.0,1766709406361
0,70.0,1766709407401
0,71.0,1766709408428
0,70.0,1766709409534
0,71.0,1766709410452
0,71.0,1766709411672
0,71.0,1766709412631
0,71.0,1766709413517
0,71.0,1766709414741
0,71.0,1766709415694
0,71.0,1766709416708
0,71.0,1766709417805
0,71.0,1766709418777
0,71.0,1766709419930
0,71.0,1766709420925
0,71.0,1766709421937
0,71.0,1766709422930
0,71.0,1766709423917
0,71.0,1766709425057
0,71.0,1766709426118
0,71.0,1766709427164
0,71.0,1766709428188
0,70.0,1766709429161
0,71.0,1766709430269
0,71.0,1766709431328
0,71.0,1766709432418
0,71.0,1766709433525
0,70.0,1766709434459
0,71.0,1766709435436
0,71.0,1766709436471
0,71.0,1766709437466
0,71.0,1766709438464
0,71.0,1766709439529
0,71.0,1766709440548
0,70.0,1766709441432
0,71.0,1766709442626
0,71.0,1766709443641
0,70.0,1766709444684
0,70.0,1766709445744
0,70.0,1766709446614
0,71.0,1766709447695
0,71.0,1766709448685
0,70.0,1766709449614
0,71.0,1766709450773
0,71.0,1766709451667
0,71.0,1766709452686
0,71.0,1766709453781
0,70.0,1766709454759
0,71.0,1766709455977
0,71.0,1766709457013
0,70.0,1766709458083
0,70.0,1766709459031
0,70.0,1766709460039
0,70.0,1766709461209
0,71.0,1766709462207
0,70.0,1766709463330
0,70.0,1766709464383
0,70.0,1766709465372
0,70.0,1766709466417
0,70.0,1766709467500
0,70.0,1766709468670
0,70.0,1766709469691
0,70.0,1766709470783
0,70.0,1766709471751
0,70.0,1766709472791
0,70.0,1766709473868
0,70.0,1766709474748
1,70.0,1766709475822
1,70.0,1766709476959
1,70.0,1766709477945
1,70.0,1766709479149
1,70.0,1766709480047
1,70.0,1766709481157
1,70.0,1766709482219
1,70.0,1766709483204
1,70.0,1766709484327
1,70.0,1766709485258
1,70.0,1766709486374
1,70.0,1766709487407
1,70.0,1766709488382
1,69.0,1766709489503
1,70.0,1766709490522
1,70.0,1766709491637
1,70.0,1766709492586
1,70.0,1766709493605
1,70.0,1766709494697
1,70.0,1766709495730
1,69.0,1766709496945
1,70.0,1766709497878
1,69.0,1766709498974
1,70.0,1766709500079
1,70.0,1766709501009
1,70.0,1766709502248
1,70.0,1766709503105
1,69.0,1766709504103
1,70.0,1766709505210
1,70.0,1766709506096
1,70.0,1766709507284
1,70.0,1766709508190
1,69.0,1766709509194
1,70.0,1766709510428
1,70.0,1766709511185
1,70.0,1766709512278
1,70.0,1766709513362
1,70.0,1766709514229
1,70.0,1766709515475
1,70.0,1766709516402
1,65.0,1766709517548
1,69.0,1766709518668
1,70.0,1766709519517
1,70.0,1766709520632
1,70.0,1766709521542
1,70.0,1766709522519
1,69.0,1766709523757
1,70.0,1766709524584
1,70.0,1766709525647
1,70.0,1766709526671
1,70.0,1766709527544
1,70.0,1766709528763
1,70.0,1766709529755
1,70.0,1766709530817
1,70.0,1766709531899
1,70.0,1766709532749
1,70.0,1766709533894
1,70.0,1766709534917
1,70.0,1766709535832
1,70.0,1766709537067
1,70.0,1766709537971
1,70.0,1766709539145
1,70.0,1766709540101
1,70.0,1766709541030
1,70.0,1766709542212
1,70.0,1766709543145
1,70.0,1766709544098
1,70.0,1766709545318
1,70.0,1766709546164
1,70.0,1766709547450
1,70.0,1766709548460
1,70.0,1766709549321
1,70.0,1766709550567
1,69.0,1766709551331
1,70.0,1766709552351
1,70.0,1766709553553
1,69.0,1766709554331
1,70.0,1766709555574
1,70.0,1766709556573
1,70.0,1766709557419
1,70.0,1766709558608
1,70.0,1766709559501
1,70.0,1766709560493
1,69.0,1766709561806
1,70.0,1766709562609
1,70.0,1766709563815
1,70.0,1766709564899
1,70.0,1766709565710
1,70.0,1766709566983
1,70.0,1766709567891
1,70.0,1766709568890
1,70.0,1766709570134
1,70.0,1766709570944
1,70.0,1766709572090
1,70.0,1766709573186
1,69.0,1766709574085
1,70.0,1766709575269
1,70.0,1766709576179
1,70.0,1766709577256
1,70.0,1766709578357
1,69.0,1766709579141
1,70.0,1766709580210
1,70.0,1766709581278
1,70.0,1766709582118
1,70.0,1766709583461
1,70.0,1766709584359
1,70.0,1766709585613
1,70.0,1766709586639
1,70.0,1766709587436
1,69.0,1766709588720
1,70.0,1766709589577
1,70.0,1766709590585
1,70.0,1766709591820
1,70.0,1766709592587
1,70.0,1766709593769
1,70.0,1766709594844
1,70.0,1766709595632
1,70.0,1766709596985
1,70.0,1766709597825
1,70.0,1766709598623
1,70.0,1766709599978
1,70.0,1766709600785
1,70.0,1766709601772
1,70.0,1766709603032
1,70.0,1766709603829
1,70.0,1766709604969
1,70.0,1766709606009
1,70.0,1766709606827
1,70.0,1766709608258
1,70.0,1766709609130
1,70.0,1766709610103
1,70.0,1766709611417
1,70.0,1766709612215
1,70.0,1766709613379
1,70.0,1766709614494
1,70.0,1766709615325
1,70.0,1766709616521
1,70.0,1766709617389
1,70.0,1766709618256
1,70.0,1766709619577
1,70.0,1766709620402
1,70.0,1766709621338
1,70.0,1766709622476
1,70.0,1766709623231
1,70.0,1766709624360
1,70.0,1766709625446
1,70.0,1766709626284
1,70.0,1766709627662
1,70.0,1766709628462
1,71.0,1766709629358
1,70.0,1766709630663
1,70.0,1766709631469
1,70.0,1766709632464
1,70.0,1766709633685
1,70.0,1766709634470
1,71.0,1766709635598
1,68.0,1766709636626
1,70.0,1766709637418
1,70.0,1766709638734
1,70.0,1766709639619
1,71.0,1766709640462
1,70.0,1766709641772
1,71.0,1766709642590
1,71.0,1766709643401
1,70.0,1766709644721
1,71.0,1766709645529
1,71.0,1766709646534
1,71.0,1766709647659
1,70.0,1766709648435
1,71.0,1766709649630
1,71.0,1766709650655
1,70.0,1766709651570
1,71.0,1766709652893
1,71.0,1766709653629
1,71.0,1766709654511
1,71.0,1766709655798
1,71.0,1766709656565
1,71.0,1766709657617
1,71.0,1766709658712
1,71.0,1766709659454
1,71.0,1766709660575
1,71.0,1766709661634
1,71.0,1766709662433
1,71.0,1766709663759
1,71.0,1766709664715
1,71.0,1766709665547
1,71.0,1766709666853
1,71.0,1766709667659
1,71.0,1766709668501
1,71.0,1766709669887
1,71.0,1766709670681
1,71.0,1766709671852
1,71.0,1766709672960
1,71.0,1766709673737
1,71.0,1766709674884
1,71.0,1766709675825
1,71.0,1766709676574
1,71.0,1766709677834
1,71.0,1766709678728
1,71.0,1766709679503
1,71.0,1766709680835
1,71.0,1766709681671
1,71.0,1766709682582
1,71.0,1766709683910
1,71.0,1766709684686
1,71.0,1766709685748
1,71.0,1766709686822
1,71.0,1766709687527
1,71.0,1766709688655
1,71.0,1766709689713
1,71.0,1766709690490
1,71.0,1766709691765
1,71.0,1766709692687
1,71.0,1766709693499
1,71.0,1766709694865
1,71.0,1766709695657
1,71.0,1766709696575
1,71.0,1766709697881
1,71.0,1766709698618
1,71.0,1766709699542
1,71.0,1766709700785
1,71.0,1766709701552
1,71.0,1766709702536
1,71.0,1766709703684
1,71.0,1766709704439
1,71.0,1766709705635
1,71.0,1766709706647
1,71.0,1766709707427
1,71.0,1766709708888
1,70.0,1766709709746
1,70.0,1766709710612
1,71.0,1766709711941
1,70.0,1766709712729
1,71.0,1766709713669
1,71.0,1766709714850
1,71.0,1766709715685
1,71.0,1766709716769
1,70.0,1766709717884
1,70.0,1766709718653
1,71.0,1766709719913
1,70.0,1766709720855
1,71.0,1766709721718
1,71.0,1766709723105
1,71.0,1766709723899
1,71.0,1766709724921
1,71.0,1766709726049
1,71.0,1766709726805
1,71.0,1766709728028
1,71.0,1766709729082
1,71.0,1766709729871
1,71.0,1766709731095
1,71.0,1766709731910
1,71.0,1766709732818
1,71.0,1766709734169
1,71.0,1766709734925
1,71.0,1766709735906
1,71.0,1766709737173
1,71.0,1766709737940
1,71.0,1766709739018
1,71.0,1766709740099
1,71.0,1766709740910
1,71.0,1766709742184
1,71.0,1766709743107
1,71.0,1766709743910
1,71.0,1766709745310
1,71.0,1766709746091
1,71.0,1766709747084
1,71.0,1766709748279
1,71.0,1766709749093
1,71.0,1766709750199
1,71.0,1766709751239
1,71.0,1766709752095
1,71.0,1766709753307
1,71.0,1766709754125
1,71.0,1766709754913
1,71.0,1766709756187
1,71.0,1766709756991
1,70.0,1766709758042
1,71.0,1766709759202
1,70.0,1766709759983
1,70.0,1766709761024
1,71.0,1766709762106
1,71.0,1766709762889
1,71.0,1766709764200
1,71.0,1766709765169
1,70.0,1766709766013
1,71.0,1766709767328
1,71.0,1766709768197
1,71.0,1766709769152
1,71.0,1766709770182
1,71.0,1766709770978
1,70.0,1766709772107
1,70.0,1766709773187
1,71.0,1766709773990
1,70.0,1766709775314
1,70.0,1766709776165
1,71.0,1766709776986
1,70.0,1766709778254
1,70.0,1766709778977
1,70.0,1766709779957
1,71.0,1766709781106
1,71.0,1766709781863
1,70.0,1766709782917
1,71.0,1766709783926
1,71.0,1766709784644
1,70.0,1766709785752
1,70.0,1766709786537
1,70.0,1766709787318
1,71.0,1766709788380
1,71.0,1766709789310
1,70.0,1766709789985
1,71.0,1766709791049
1,70.0,1766709791889
1,70.0,1766709792627
1,70.0,1766709793549
1,70.0,1766709794543
1,70.0,1766709795265
1,71.0,1766709796170
1,70.0,1766709797125
1,70.0,1766709797820
1,71.0,1766709798648
1,71.0,1766709799590
1,71.0,1766709800406
1,71.0,1766709801390
1,71.0,1766709802265
1,70.0,1766709803108
1,71.0,1766709804149
1,70.0,1766709804978
1,71.0,1766709805778
1,69.0,1766709806855
1,70.0,1766709807773
1,70.0,1766709808647
1,71.0,1766709809624
1,70.0,1766709810457
1,71.0,1766709811345
1,70.0,1766709812350
1,71.0,1766709813139
1,70.0,1766709814149
1,70.0,1766709815107
1,70.0,1766709815942
1,70.0,1766709816781
1,69.0,1766709817714
1,71.0,1766709818656
1,71.0,1766709819731
1,70.0,1766709820551
1,70.0,1766709821385
1,71.0,1766709822353
1,70.0,1766709823175
1,70.0,1766709824045
1,70.0,1766709824993
1,69.0,1766709825877
1,70.0,1766709826801
1,70.0,1766709827766
1,70.0,1766709828607
1,70.0,1766709829459
1,70.0,1766709830426
1,71.0,1766709831194
1,70.0,1766709832201
1,70.0,1766709833170
1,70.0,1766709833955
1,70.0,1766709834955
1,70.0,1766709835887
1,70.0,1766709836626
1,70.0,1766709837583
1,71.0,1766709838486
1,71.0,1766709839308
1,70.0,1766709840294
1,70.0,1766709841209
1,70.0,1766709842055
1,71.0,1766709843007
1,70.0,1766709843951
1,70.0,1766709844936
1,70.0,1766709845855
1,71.0,1766709846735
1,70.0,1766709847719
1,70.0,1766709848704
1,71.0,1766709849543
1,70.0,1766709850506
1,71.0,1766709851431
1,70.0,1766709852227
1,70.0,1766709853293
1,70.0,1766709854195
1,70.0,1766709854955
1,70.0,1766709856058
1,70.0,1766709856876
1,71.0,1766709857723
1,70.0,1766709858751
1,71.0,1766709859603
1,70.0,1766709860348
1,70.0,1766709861315
1,70.0,1766709862116
1,70.0,1766709862974
1,70.0,1766709863932
1,70.0,1766709864798
1,70.0,1766709865694
1,70.0,1766709866662
1,70.0,1766709867451
1,70.0,1766709868478
1,70.0,1766709869388
1,70.0,1766709870317
1,70.0,1766709871313
1,70.0,1766709872171
1,70.0,1766709873149
1,68.0,1766709874178
1,69.0,1766709874903
1,70.0,1766709875847
1,70.0,1766709876875
1,70.0,1766709877661
1,70.0,1766709878757
1,70.0,1766709879712
1,70.0,1766709880505
1,69.0,1766709881619
1,70.0,1766709882428
1,70.0,1766709883324
1,70.0,1766709884391
1,70.0,1766709885220
1,70.0,1766709886090
1,70.0,1766709887171
1,70.0,1766709888031
1,70.0,1766709889010
1,70.0,1766709889943
1,70.0,1766709890710
1,70.0,1766709891730
1,70.0,1766709892707
1,70.0,1766709893465
1,70.0,1766709894446
1,70.0,1766709895263
1,70.0,1766709896041
1,70.0,1766709897160
1,70.0,1766709898157
1,70.0,1766709898857
1,69.0,1766709899989
1,70.0,1766709900845
1,70.0,1766709901619
1,70.0,1766709902704
1,69.0,1766709903584
1,70.0,1766709904439
1,70.0,1766709905433
1,70.0,1766709906294
1,70.0,1766709907167
1,70.0,1766709908161
1,70.0,1766709909037
1,70.0,1766709909963
1,70.0,1766709910815
1,70.0,1766709911650
1,70.0,1766709912675
1,70.0,1766709913506
1,70.0,1766709914501
1,69.0,1766709915489
1,70.0,1766709916206
1,70.0,1766709917214
1,70.0,1766709918210
1,70.0,1766709918917
1,70.0,1766709919961
1,70.0,1766709920925
1,70.0,1766709921673
1,70.0,1766709922693
1,70.0,1766709923613
1,69.0,1766709924379
1,70.0,1766709925391
1,70.0,1766709926226
1,70.0,1766709927029
1,70.0,1766709928145
1,70.0,1766709928910
1,70.0,1766709929670
1,70.0,1766709930786
1,70.0,1766709931504
1,70.0,1766709932310
1,70.0,1766709933550
1,70.0,1766709934276
1,70.0,1766709935102
1,70.0,1766709936289
1,70.0,1766709937019
1,70.0,1766709937898
1,69.0,1766709939047
1,70.0,1766709939711
1,70.0,1766709940572
1,70.0,1766709941661
1,70.0,1766709942329
1,70.0,1766709943244
1,70.0,1766709944429
1,70.0,1766709945158
1,70.0,1766709946109
1,69.0,1766709947123
1,70.0,1766709947897
1,70.0,1766709948869
1,70.0,1766709949776
1,70.0,1766709950502
1,69.0,1766709951543
1,70.0,1766709952462
1,70.0,1766709953194
1,70.0,1766709954246
1,69.0,1766709955151
1,70.0,1766709955914
1,70.0,1766709956833
1,70.0,1766709957757
1,70.0,1766709958527
1,70.0,1766709959448
1,70.0,1766709960356
1,70.0,1766709961274
1,70.0,1766709962169
1,70.0,1766709962974
1,70.0,1766709963824
1,69.0,1766709964921
1,70.0,1766709965665
1,70.0,1766709966549
1,70.0,1766709967625
1,70.0,1766709968466
1,70.0,1766709969296
1,70.0,1766709970196
1,70.0,1766709971133
1,70.0,1766709972051
1,70.0,1766709972917
1,69.0,1766709973798
1,70.0,1766709974790
1,70.0,1766709975830
1,70.0,1766709976750
1,70.0,1766709977710
1,70.0,1766709978611
1,69.0,1766709979485
1,70.0,1766709980477
1,70.0,1766709981348
1,70.0,1766709982282
1,69.0,1766709983227
1,70.0,1766709984095
1,70.0,1766709984878
1,70.0,1766709985768
1,70.0,1766709986698
1,69.0,1766709987553
1,70.0,1766709988504
1,70.0,1766709989452
1,70.0,1766709990236
1,70.0,1766709991160
1,70.0,1766709992184
1,69.0,1766709993078
1,70.0,1766709994082
1,70.0,1766709994962
1,70.0,1766709995805
1,70.0,1766709996741
1,70.0,1766709997617
1,70.0,1766709998518
1,70.0,1766709999536
1,70.0,1766710000318
1,70.0,1766710001244
1,70.0,1766710002305
1,69.0,1766710003096
1,70.0,1766710004081
1,70.0,1766710004945
1,70.0,1766710005727
1,70.0,1766710006707
1,70.0,1766710007629
1,70.0,1766710008549
1,70.0,1766710009650
1,69.0,1766710010410
1,70.0,1766710011320
1,70.0,1766710012423
1,70.0,1766710013164
1,70.0,1766710014189
1,70.0,1766710015157
1,70.0,1766710015846
1,70.0,1766710016927
1,70.0,1766710017828
1,70.0,1766710018530
1,70.0,1766710019561
1,70.0,1766710020511
1,70.0,1766710021216
1,69.0,1766710022303
1,70.0,1766710023176
1,69.0,1766710023852
1,70.0,1766710024909
1,70.0,1766710025840
1,70.0,1766710026548
1,69.0,1766710027461
1,70.0,1766710028508
1,70.0,1766710029191
1,70.0,1766710030167
1,70.0,1766710031171
1,70.0,1766710031909
1,70.0,1766710032941
1,70.0,1766710033940
1,70.0,1766710034637
1,69.0,1766710035534
1,70.0,1766710036541
1,70.0,1766710037259
1,70.0,1766710038272
1,70.0,1766710039301
1,70.0,1766710039990
1,69.0,1766710040877
1,70.0,1766710041957
1,70.0,1766710042655
1,70.0,1766710043485
1,70.0,1766710044597
1,70.0,1766710045287
1,70.0,1766710046202
1,69.0,1766710047253
1,70.0,1766710047903
1,70.0,1766710048760
1,70.0,1766710049905
1,70.0,1766710050609
1,70.0,1766710051538
1,69.0,1766710052591
1,70.0,1766710053307
1,70.0,1766710054335
1,70.0,1766710055297
1,70.0,1766710056028
1,70.0,1766710057030
1,70.0,1766710057969
1,70.0,1766710058670
1,70.0,1766710059705
1,70.0,1766710060705
1,70.0,1766710061482
1,70.0,1766710062606
1,70.0,1766710063449
1,70.0,1766710064225
1,70.0,1766710065298
1,70.0,1766710066065
1,70.0,1766710066880
1,70.0,1766710067988
1,70.0,1766710068903
1,70.0,1766710069764
1,70.0,1766710070791
1,70.0,1766710071653
1,70.0,1766710072657
1,70.0,1766710073593
1,70.0,1766710074449
1,69.0,1766710075325
1,69.0,1766710076144
1,70.0,1766710077089
1,70.0,1766710078050
1,70.0,1766710078888
1,69.0,1766710079840
1,70.0,1766710080713
1,70.0,1766710081609
1,70.0,1766710082574
1,70.0,1766710083359
1,70.0,1766710084194
1,70.0,1766710085272
1,70.0,1766710086072
1,70.0,1766710087021
1,70.0,1766710088026
1,70.0,1766710088893
1,70.0,1766710089804
1,70.0,1766710090738
1,69.0,1766710091613
1,70.0,1766710092669
1,70.0,1766710093468
1,70.0,1766710094343
1,69.0,1766710095390
1,70.0,1766710096288
1,70.0,1766710097215
1,69.0,1766710098114
1,70.0,1766710098909
1,70.0,1766710100006
1,70.0,1766710100933
1,70.0,1766710101785
1,69.0,1766710102725
1,70.0,1766710103541
1,70.0,1766710104433
1,70.0,1766710105382
1,70.0,1766710106227
1,69.0,1766710107130
1,70.0,1766710108119
1,70.0,1766710108929
1,70.0,1766710109805
1,70.0,1766710110679
1,67.0,1766710111570
1,70.0,1766710112557
1,70.0,1766710113438
1,70.0,1766710114270
1,70.0,1766710115172
1,69.0,1766710116021
1,70.0,1766710117095
1,69.0,1766710118001
1,70.0,1766710118830
1,70.0,1766710119953
1,70.0,1766710120693
1,70.0,1766710121511
1,69.0,1766710122731
1,70.0,1766710123538
1,70.0,1766710124342
1,70.0,1766710125393
1,69.0,1766710126175
1,70.0,1766710127151
1,69.0,1766710128222
1,70.0,1766710128921
1,69.0,1766710129930
1,70.0,1766710130949
1,70.0,1766710131686
1,69.0,1766710132666
1,70.0,1766710133626
1,70.0,1766710134387
1,70.0,1766710135361
1,70.0,1766710136239
1,70.0,1766710137000
1,70.0,1766710138033
1,70.0,1766710138969
1,70.0,1766710139839
1,70.0,1766710140832
1,69.0,1766710141637
1,70.0,1766710142551
1,70.0,1766710143609
1,70.0,1766710144358
1,69.0,1766710145297
1,70.0,1766710146322
1,70.0,1766710147083
1,70.0,1766710148098
1,70.0,1766710149095
1,70.0,1766710149826
1,70.0,1766710150842
1,69.0,1766710151848
1,69.0,1766710152574
1,70.0,1766710153658
1,70.0,1766710154522
1,70.0,1766710155283
1,70.0,1766710156456
1,70.0,1766710157274
1,70.0,1766710157954
1,70.0,1766710159122
1,70.0,1766710160041
1,70.0,1766710160705
1,70.0,1766710161866
1,70.0,1766710162712
1,70.0,1766710163417
1,70.0,1766710164522
1,70.0,1766710165444
1,70.0,1766710166137
1,70.0,1766710167319
1,70.0,1766710168147
1,70.0,1766710168866
1,70.0,1766710169987
1,70.0,1766710170877
1,70.0,1766710171593
1,70.0,1766710172844
1,70.0,1766710173582
1,70.0,1766710174337
1,71.0,1766710175596
1,70.0,1766710176356
1,70.0,1766710177060
1,70.0,1766710178330
1,70.0,1766710179088
1,70.0,1766710179787
1,70.0,1766710180923
1,70.0,1766710181718
1,70.0,1766710182453
1,70.0,1766710183614
1,70.0,1766710184476
1,70.0,1766710185321
1,70.0,1766710186505
1,70.0,1766710187252
1,70.0,1766710188231
1,70.0,1766710189328
1,70.0,1766710190008
1,70.0,1766710190924
1,70.0,1766710192018
1,70.0,1766710192692
1,70.0,1766710193583
1,70.0,1766710194625
1,70.0,1766710195324
1,70.0,1766710196227
1,70.0,1766710197395
1,71.0,1766710198097
1,70.0,1766710198966
1,70.0,1766710200102
1,70.0,1766710200758
1,70.0,1766710201605
1,70.0,1766710202730
1,71.0,1766710203457
1,71.0,1766710204312
1,71.0,1766710205437
1,71.0,1766710206115
1,71.0,1766710206967
1,70.0,1766710208094
1,70.0,1766710208800
1,70.0,1766710209666
1,71.0,1766710210799
1,70.0,1766710211503
1,70.0,1766710212427
1,71.0,1766710213559
1,71.0,1766710214249
1,71.0,1766710215179
1,70.0,1766710216227
1,70.0,1766710216903
1,70.0,1766710217897
1,71.0,1766710219005
1,71.0,1766710219725
1,70.0,1766710220732
1,71.0,1766710221693
1,70.0,1766710222427
1,71.0,1766710223441
1,71.0,1766710224411
1,71.0,1766710225095
1,71.0,1766710226124
1,71.0,1766710227070
1,71.0,1766710227809
1,70.0,1766710228905
1,71.0,1766710229785
1,70.0,1766710230491
1,71.0,1766710231635
1,70.0,1766710232488
1,70.0,1766710233234
1,71.0,1766710234313
1,70.0,1766710235178
1,70.0,1766710235977
1,69.0,1766710237105
1,71.0,1766710237902
1,71.0,1766710238701
1,70.0,1766710239837
1,70.0,1766710240621
1,70.0,1766710241417
1,70.0,1766710242680
1,69.0,1766710243477
1,70.0,1766710244417
1,70.0,1766710245565
1,71.0,1766710246300
1,70.0,1766710247202
1,71.0,1766710248245
1,70.0,1766710249018
1,70.0,1766710249990
1,71.0,1766710250980
1,70.0,1766710251694
1,71.0,1766710252876
1,70.0,1766710253825
1,70.0,1766710254503
1,71.0,1766710255685
1,70.0,1766710256591
1,70.0,1766710257295
1,70.0,1766710258423
1,71.0,1766710259287
1,71.0,1766710260011
1,71.0,1766710261147
1,70.0,1766710261990
1,70.0,1766710262714
1,70.0,1766710263818
1,71.0,1766710264595
1,71.0,1766710265371
1,70.0,1766710266531
1,71.0,1766710267351
1,71.0,1766710268140
1,71.0,1766710269281
1,70.0,1766710270090
1,71.0,1766710270902
1,71.0,1766710271971
1,70.0,1766710272779
1,71.0,1766710273623
1,70.0,1766710274669
1,71.0,1766710275559
1,70.0,1766710276525
1,71.0,1766710277389
1,71.0,1766710278306
1,71.0,1766710279190
1,71.0,1766710280073
1,70.0,1766710281159
1,71.0,1766710281998
1,70.0,1766710282770
1,71.0,1766710283807
1,70.0,1766710284713
1,70.0,1766710285462
1,70.0,1766710286511
1,70.0,1766710287387
1,70.0,1766710288095
1,70.0,1766710289114
1,70.0,1766710289990
1,70.0,1766710290753
1,71.0,1766710291757
1,71.0,1766710292660
1,71.0,1766710293511
1,70.0,1766710294565
1,71.0,1766710295385
1,70.0,1766710296297
1,70.0,1766710297350
1,70.0,1766710298200
1,70.0,1766710299096
1,70.0,1766710300005
1,70.0,1766710300875
1,70.0,1766710301912
1,70.0,1766710302830
1,70.0,1766710303684
1,70.0,1766710304581
1,70.0,1766710305404
1,70.0,1766710306444
1,70.0,1766710307272
1,70.0,1766710308116
1,70.0,1766710309125
1,70.0,1766710310034
1,70.0,1766710310942
1,70.0,1766710312018
1,70.0,1766710312782
1,70.0,1766710313767
1,70.0,1766710314878
1,69.0,1766710315656
1,70.0,1766710316647
1,70.0,1766710317613
1,70.0,1766710318433
1,70.0,1766710319550
1,70.0,1766710320413
1,70.0,1766710321214
1,70.0,1766710322294
1,69.0,1766710323107
1,70.0,1766710324013
1,70.0,1766710325001
1,70.0,1766710325811
1,70.0,1766710326669
1,70.0,1766710327663
1,70.0,1766710328446
1,70.0,1766710329350
1,70.0,1766710330287
1,70.0,1766710331208
1,70.0,1766710332290
1,70.0,1766710333058
1,70.0,1766710333990
1,70.0,1766710334986
1,70.0,1766710335825
1,70.0,1766710336663
1,70.0,1766710337563
1,70.0,1766710338342
1,70.0,1766710339331
1,70.0,1766710340263
1,70.0,1766710341129
1,70.0,1766710342129
1,70.0,1766710342966
1,70.0,1766710343829
1,70.0,1766710344917
1,70.0,1766710345733
1,69.0,1766710346709
1,70.0,1766710347681
1,70.0,1766710348429
1,69.0,1766710349402
1,70.0,1766710350342
1,70.0,1766710351059
1,70.0,1766710352134
1,70.0,1766710353130
1,70.0,1766710353824
1,70.0,1766710354862
1,70.0,1766710355791
1,70.0,1766710356531
1,70.0,1766710357621
1,70.0,1766710358516
1,70.0,1766710359155
2,70.0,1766710360045
2,70.0,1766710361030
2,70.0,1766710361717
2,70.0,1766710362702
2,70.0,1766710363714
2,69.0,1766710364431
2,70.0,1766710365445
2,70.0,1766710366417
2,70.0,1766710367107
2,70.0,1766710368242
2,70.0,1766710369155
2,70.0,1766710369917
2,70.0,1766710371035
2,69.0,1766710371877
2,69.0,1766710372558
2,70.0,1766710373706
2,70.0,1766710374636
2,70.0,1766710375354
2,70.0,1766710376481
2,70.0,1766710377408
2,70.0,1766710378159
2,70.0,1766710379209
2,71.0,1766710380067
2,70.0,1766710380849
2,70.0,1766710381841
2,70.0,1766710382680
2,70.0,1766710383531
2,70.0,1766710384613
2,70.0,1766710385417
2,70.0,1766710386346
2,70.0,1766710387427
2,70.0,1766710388295
2,71.0,1766710389047
2,70.0,1766710389937
2,70.0,1766710390745
2,70.0,1766710391577
2,69.0,1766710392585
2,70.0,1766710393533
2,70.0,1766710394336
2,70.0,1766710395317
2,70.0,1766710396343
2,69.0,1766710397059
2,70.0,1766710398152
2,70.0,1766710399118
2,70.0,1766710399810
2,70.0,1766710400909
2,70.0,1766710401824
2,70.0,1766710402612
2,70.0,1766710403753
2,71.0,1766710404529
2,71.0,1766710405261
2,70.0,1766710406516
2,70.0,1766710407325
2,70.0,1766710408010
2,70.0,1766710409105
2,70.0,1766710409934
2,71.0,1766710410605
2,70.0,1766710411809
2,70.0,1766710412579
2,70.0,1766710413304
2,70.0,1766710414445
2,70.0,1766710415325
2,70.0,1766710416029
2,70.0,1766710417058
2,70.0,1766710417897
2,70.0,1766710418533
2,70.0,1766710419714
2,70.0,1766710420592
2,69.0,1766710421308
2,70.0,1766710422349
2,70.0,1766710423211
2,71.0,1766710423921
2,71.0,1766710424868
2,70.0,1766710425870
2,69.0,1766710426681
2,70.0,1766710427851
2,69.0,1766710428688
2,70.0,1766710429506
2,70.0,1766710430610
2,70.0,1766710431447
2,71.0,1766710432335
2,70.0,1766710433337
2,71.0,1766710434131
2,70.0,1766710435014
2,70.0,1766710435962
2,70.0,1766710436771
2,70.0,1766710437634
2,70.0,1766710438637
2,70.0,1766710439470
2,70.0,1766710440435
2,70.0,1766710441260
2,71.0,1766710442031
2,71.0,1766710443121
2,70.0,1766710444053
2,70.0,1766710444924
2,70.0,1766710445930
2,70.0,1766710446838
2,70.0,1766710447666
2,69.0,1766710448695
2,70.0,1766710449545
2,71.0,1766710450417
2,70.0,1766710451293
2,70.0,1766710452114
2,71.0,1766710453126
2,70.0,1766710453980
2,71.0,1766710454766
2,70.0,1766710455833
2,70.0,1766710456625
2,69.0,1766710457431
2,70.0,1766710458535
2,70.0,1766710459457
2,70.0,1766710460170
2,71.0,1766710461286
2,70.0,1766710462185
2,70.0,1766710462910
2,70.0,1766710463941
2,70.0,1766710464773
2,69.0,1766710465576
2,70.0,1766710466669
2,68.0,1766710467456
2,70.0,1766710468236
2,70.0,1766710469376
2,69.0,1766710470137
2,70.0,1766710470969
2,70.0,1766710472131
2,70.0,1766710472861
2,69.0,1766710473642
2,70.0,1766710474704
2,70.0,1766710475447
2,70.0,1766710476273
2,70.0,1766710477281
2,70.0,1766710478040
2,70.0,1766710478890
2,70.0,1766710479956
2,70.0,1766710480710
2,70.0,1766710481612
2,70.0,1766710482630
2,70.0,1766710483350
2,71.0,1766710484142
2,70.0,1766710485198
2,71.0,1766710485950
2,70.0,1766710486773
2,70.0,1766710487729
2,71.0,1766710488562
2,71.0,1766710489432
2,70.0,1766710490302
2,70.0,1766710491107
2,70.0,1766710492033
2,70.0,1766710492999
2,70.0,1766710493788
2,70.0,1766710494704
2,70.0,1766710495610
2,70.0,1766710496325
2,69.0,1766710497215
2,71.0,1766710498193
2,70.0,1766710498967
2,70.0,1766710499873
2,70.0,1766710500833
2,70.0,1766710501582
2,71.0,1766710502530
2,71.0,1766710503557
2,70.0,1766710504357
2,71.0,1766710505255
2,71.0,1766710506170
2,71.0,1766710506981
2,71.0,1766710507884
2,69.0,1766710508839
2,71.0,1766710509566
2,70.0,1766710510491
2,70.0,1766710511361
2,71.0,1766710512162
2,71.0,1766710513131
2,71.0,1766710513974
2,71.0,1766710514780
2,70.0,1766710515715
2,71.0,1766710516551
2,71.0,1766710517427
2,71.0,1766710518261
2,71.0,1766710519228
2,71.0,1766710520238
2,71.0,1766710521049
2,71.0,1766710521906
2,71.0,1766710522797
2,71.0,1766710523602
2,71.0,1766710524439
2,70.0,1766710525402
2,71.0,1766710526235
2,71.0,1766710527013
2,70.0,1766710527893
2,71.0,1766710528755
2,71.0,1766710529568
2,71.0,1766710530548
2,71.0,1766710531407
2,70.0,1766710532285
2,71.0,1766710533218
2,71.0,1766710534062
2,71.0,1766710534884
2,71.0,1766710535779
2,71.0,1766710536592
2,70.0,1766710537369
2,71.0,1766710538357
2,71.0,1766710539131
2,71.0,1766710539818
2,71.0,1766710540814
2,71.0,1766710541602
2,71.0,1766710542336
2,70.0,1766710543337
2,71.0,1766710544231
2,71.0,1766710544950
2,71.0,1766710545910
2,70.0,1766710546793
2,71.0,1766710547542
2,70.0,1766710548655
2,71.0,1766710549561
2,71.0,1766710550293
2,71.0,1766710551361
2,71.0,1766710552258
2,71.0,1766710553061
2,71.0,1766710554149
2,71.0,1766710554922
2,70.0,1766710555664
2,71.0,1766710556656
2,71.0,1766710557544
2,71.0,1766710558302
2,71.0,1766710559290
2,71.0,1766710560214
2,71.0,1766710560970
2,71.0,1766710561927
2,71.0,1766710562832
2,71.0,1766710563618
2,71.0,1766710564542
2,71.0,1766710565466
2,71.0,1766710566195
2,71.0,1766710567162
2,71.0,1766710568022
2,70.0,1766710568777
2,71.0,1766710569703
2,71.0,1766710570605
2,71.0,1766710571327
2,71.0,1766710572274
2,71.0,1766710573258
2,71.0,1766710574054
2,71.0,1766710575009
2,70.0,1766710575945
2,70.0,1766710576730
2,70.0,1766710577649
2,71.0,1766710578538
2,71.0,1766710579282
2,71.0,1766710580289
2,70.0,1766710581140
2,71.0,1766710581883
2,71.0,1766710582807
2,71.0,1766710583749
2,71.0,1766710584537
2,70.0,1766710585527
2,69.0,1766710586449
2,71.0,1766710587219
2,71.0,1766710588120
2,71.0,1766710589052
2,71.0,1766710589899
2,70.0,1766710590795
2,71.0,1766710591726
2,71.0,1766710592487
2,71.0,1766710593449
2,71.0,1766710594389
2,71.0,1766710595200
2,71.0,1766710596154
2,71.0,1766710597067
2,71.0,1766710597837
2,71.0,1766710598862
2,71.0,1766710599738
2,71.0,1766710600486
2,71.0,1766710601410
2,71.0,1766710602389
2,70.0,1766710603108
2,71.0,1766710604121
2,71.0,1766710604990
2,71.0,1766710605697
2,71.0,1766710606612
2,71.0,1766710607470
2,71.0,1766710608249
2,71.0,1766710609267
2,71.0,1766710610144
2,71.0,1766710610894
2,71.0,1766710611875
2,71.0,1766710612721
2,71.0,1766710613401
2,71.0,1766710614330
2,71.0,1766710615351
2,71.0,1766710616071
2,71.0,1766710617025
2,71.0,1766710617931
2,70.0,1766710618639
2,71.0,1766710619620
2,71.0,1766710620598
2,71.0,1766710621251
2,71.0,1766710622117
2,71.0,1766710623076
2,70.0,1766710623856
2,71.0,1766710624801
2,70.0,1766710625775
2,70.0,1766710626438
2,71.0,1766710627225
2,71.0,1766710628245
2,71.0,1766710628919
2,71.0,1766710629596
2,71.0,1766710630620
2,71.0,1766710631361
2,71.0,1766710632061
2,71.0,1766710633058
2,71.0,1766710633893
2,71.0,1766710634530
2,71.0,1766710635261
2,71.0,1766710636266
2,71.0,1766710636944
2,70.0,1766710637586
2,71.0,1766710638536
2,71.0,1766710639386
2,71.0,1766710640079
2,71.0,1766710640984
2,71.0,1766710641820
2,71.0,1766710642483
2,71.0,1766710643309
2,70.0,1766710644285
2,71.0,1766710645041
2,71.0,1766710645881
2,71.0,1766710646936
2,71.0,1766710647655
2,71.0,1766710648389
2,70.0,1766710649397
2,71.0,1766710650168
2,70.0,1766710650993
2,71.0,1766710652056
2,71.0,1766710652750
2,71.0,1766710653486
2,71.0,1766710654530
2,70.0,1766710655334
2,71.0,1766710656093
2,71.0,1766710657105
2,71.0,1766710657927
2,71.0,1766710658608
2,71.0,1766710659528
2,70.0,1766710660522
2,71.0,1766710661226
2,71.0,1766710662074
2,71.0,1766710663048
2,71.0,1766710663764
2,71.0,1766710664565
2,71.0,1766710665569
2,71.0,1766710666293
2,71.0,1766710666987
2,71.0,1766710667992
2,70.0,1766710668725
2,70.0,1766710669449
2,71.0,1766710670465
2,71.0,1766710671297
2,71.0,1766710672022
2,71.0,1766710672947
2,71.0,1766710673768
2,71.0,1766710674465
2,70.0,1766710675274
2,71.0,1766710676161
2,70.0,1766710676873
2,71.0,1766710677754
2,71.0,1766710678646
2,71.0,1766710679359
2,71.0,1766710680175
2,71.0,1766710681133
2,71.0,1766710681839
2,71.0,1766710682626
2,71.0,1766710683622
2,71.0,1766710684378
2,71.0,1766710685240
2,71.0,1766710686244
2,71.0,1766710686912
2,71.0,1766710687641
2,70.0,1766710688749
2,71.0,1766710689486
2,71.0,1766710690253
2,71.0,1766710691287
2,71.0,1766710692083
2,71.0,1766710692885
2,71.0,1766710693941
2,70.0,1766710694714
2,71.0,1766710695534
2,71.0,1766710696529
2,71.0,1766710697288
2,70.0,1766710698122
2,71.0,1766710698988
2,71.0,1766710699723
2,71.0,1766710700581
2,71.0,1766710701561
2,71.0,1766710702321
2,71.0,1766710703070
2,71.0,1766710704036
2,67.0,1766710704823
2,70.0,1766710705596
2,70.0,1766710706470
2,71.0,1766710707268
2,71.0,1766710708007
2,71.0,1766710708931
2,71.0,1766710709742
2,71.0,1766710710474
2,71.0,1766710711401
2,70.0,1766710712261
2,71.0,1766710712985
2,70.0,1766710713923
2,71.0,1766710714831
2,71.0,1766710715556
2,71.0,1766710716492
2,71.0,1766710717380
2,71.0,1766710718116
2,71.0,1766710719001
2,71.0,1766710719882
2,71.0,1766710720647
2,71.0,1766710721506
2,71.0,1766710722328
2,71.0,1766710723096
2,71.0,1766710724005
2,71.0,1766710724837
2,70.0,1766710725671
2,71.0,1766710726569
2,71.0,1766710727359
2,71.0,1766710728293
2,71.0,1766710729105
2,71.0,1766710729862
2,71.0,1766710730703
2,71.0,1766710731551
2,71.0,1766710732347
2,71.0,1766710733179
2,71.0,1766710734058
2,71.0,1766710734797
2,71.0,1766710735614
2,71.0,1766710736439
2,71.0,1766710737250
2,71.0,1766710738137
2,71.0,1766710738949
2,71.0,1766710739722
2,71.0,1766710740540
2,71.0,1766710741381
2,71.0,1766710742244
2,71.0,1766710743066
2,71.0,1766710743887
2,71.0,1766710744635
2,70.0,1766710745559
2,71.0,1766710746461
2,71.0,1766710747217
2,71.0,1766710748111
2,71.0,1766710748995
2,71.0,1766710749701
2,70.0,1766710750699
2,71.0,1766710751540
2,71.0,1766710752223
2,71.0,1766710753098
2,71.0,1766710754038
2,71.0,1766710754748
2,71.0,1766710755614
2,71.0,1766710756541
2,71.0,1766710757269
2,71.0,1766710758073
2,71.0,1766710759085
2,71.0,1766710759807
2,71.0,1766710760495
2,71.0,1766710761515
2,71.0,1766710762269
2,71.0,1766710762973
2,71.0,1766710764024
2,71.0,1766710764815
2,70.0,1766710765482
2,71.0,1766710766508
2,71.0,1766710767325
2,71.0,1766710768055
2,71.0,1766710768966
2,71.0,1766710769791
2,71.0,1766710770546
2,71.0,1766710771399
2,71.0,1766710772309
2,71.0,1766710773041
2,71.0,1766710773774
2,71.0,1766710774756
2,72.0,1766710775451
2,71.0,1766710776255
2,71.0,1766710777292
2,71.0,1766710777967
2,71.0,1766710778732
2,71.0,1766710779861
2,71.0,1766710780530
2,71.0,1766710781249
2,71.0,1766710782335
2,71.0,1766710783144
2,71.0,1766710783899
2,71.0,1766710784893
2,71.0,1766710785744
2,71.0,1766710786478
2,71.0,1766710787619
2,71.0,1766710788474
2,71.0,1766710789266
2,71.0,1766710790246
2,71.0,1766710791027
2,71.0,1766710791737
2,72.0,1766710792695
2,72.0,1766710793523
2,71.0,1766710794277
2,71.0,1766710795216
2,71.0,1766710796098
2,71.0,1766710796814
2,71.0,1766710797763
2,72.0,1766710798640
2,71.0,1766710799357
2,71.0,1766710800317
2,71.0,1766710801127
2,71.0,1766710801849
2,71.0,1766710802890
2,72.0,1766710803694
2,70.0,1766710804370
2,71.0,1766710805158
2,71.0,1766710806194
2,72.0,1766710806945
2,71.0,1766710807800
2,71.0,1766710808788
2,71.0,1766710809518
2,71.0,1766710810269
2,71.0,1766710811303
2,71.0,1766710811974
2,71.0,1766710812747
2,71.0,1766710813733
2,71.0,1766710814497
2,71.0,1766710815228
2,70.0,1766710816165
2,71.0,1766710816926
2,71.0,1766710817656
2,71.0,1766710818594
2,71.0,1766710819396
2,71.0,1766710820105
2,72.0,1766710821033
2,71.0,1766710821949
2,71.0,1766710822641
2,66.0,1766710823429
2,71.0,1766710824407
2,71.0,1766710825141
2,71.0,1766710825913
2,71.0,1766710826875
2,71.0,1766710827615
2,71.0,1766710828400
2,71.0,1766710829261
2,71.0,1766710830054
2,71.0,1766710830694
2,71.0,1766710831586
2,71.0,1766710832550
2,71.0,1766710833291
2,71.0,1766710834210
2,71.0,1766710835013
2,71.0,1766710835819
2,71.0,1766710836687
2,71.0,1766710837470
2,70.0,1766710838337
2,71.0,1766710839199
2,71.0,1766710840027
2,71.0,1766710840879
2,71.0,1766710841751
2,71.0,1766710842524
2,70.0,1766710843422
2,71.0,1766710844269
2,71.0,1766710845082
2,71.0,1766710845930
2,71.0,1766710846800
2,71.0,1766710847590
2,71.0,1766710848491
2,71.0,1766710849309
2,71.0,1766710850109
2,71.0,1766710850992
2,71.0,1766710851880
2,71.0,1766710852633
2,71.0,1766710853512
2,71.0,1766710854389
2,70.0,1766710855161
2,71.0,1766710856032
2,70.0,1766710856881
2,71.0,1766710857641
2,71.0,1766710858493
2,71.0,1766710859364
2,71.0,1766710860147
2,71.0,1766710860998
2,71.0,1766710861861
2,70.0,1766710862636
2,71.0,1766710863387
2,71.0,1766710864140
2,70.0,1766710864961
2,71.0,1766710865830
2,71.0,1766710866657
2,71.0,1766710867525
2,71.0,1766710868358
2,71.0,1766710869160
2,70.0,1766710869997
2,71.0,1766710870781
2,70.0,1766710871632
2,70.0,1766710872419
2,71.0,1766710873237
2,70.0,1766710874150
2,71.0,1766710874989
2,71.0,1766710875751
2,71.0,1766710876531
2,71.0,1766710877497
2,71.0,1766710878291
2,71.0,1766710879102
2,71.0,1766710880055
2,71.0,1766710880929
2,71.0,1766710881686
2,70.0,1766710882550
2,71.0,1766710883374
2,71.0,1766710884134
2,71.0,1766710884971
2,71.0,1766710885781
2,71.0,1766710886575
2,71.0,1766710887382
2,71.0,1766710888217
2,71.0,1766710889056
2,70.0,1766710889922
2,71.0,1766710890765
2,71.0,1766710891513
2,71.0,1766710892367
2,71.0,1766710893174
2,71.0,1766710893949
2,71.0,1766710894733
2,71.0,1766710895537
2,71.0,1766710896452
2,70.0,1766710897329
2,71.0,1766710898019
2,70.0,1766710898921
2,71.0,1766710899741
2,71.0,1766710900645
2,71.0,1766710901443
2,71.0,1766710902219
2,70.0,1766710903083
2,71.0,1766710903955
2,70.0,1766710904698
2,71.0,1766710905615
2,71.0,1766710906469
2,71.0,1766710907204
2,71.0,1766710908157
2,71.0,1766710909061
2,70.0,1766710909782
2,70.0,1766710910689
2,71.0,1766710911633
2,71.0,1766710912370
2,71.0,1766710913303
2,70.0,1766710914176
2,71.0,1766710914856
2,71.0,1766710915711
2,71.0,1766710916696
2,71.0,1766710917377
2,71.0,1766710918169
2,71.0,1766710919138
2,71.0,1766710919862
2,71.0,1766710920572
2,70.0,1766710921628
2,70.0,1766710922365
2,71.0,1766710923090
2,71.0,1766710924144
2,71.0,1766710925004
2,71.0,1766710925729
2,71.0,1766710926723
2,71.0,1766710927518
2,71.0,1766710928216
2,71.0,1766710929243
2,71.0,1766710930088
2,71.0,1766710930794
2,71.0,1766710931703
2,71.0,1766710932542
2,71.0,1766710933225
2,71.0,1766710934064
2,71.0,1766710935021
2,70.0,1766710935707
2,71.0,1766710936517
2,71.0,1766710937498
2,71.0,1766710938190
2,71.0,1766710938924
2,71.0,1766710940015
2,71.0,1766710940780
2,71.0,1766710941560
2,70.0,1766710942531
2,70.0,1766710943304
2,71.0,1766710944064
2,71.0,1766710944997
2,71.0,1766710945717
2,71.0,1766710946522
2,71.0,1766710947438
2,71.0,1766710948237
2,71.0,1766710948931
2,70.0,1766710949797
2,71.0,1766710950702
2,71.0,1766710951385
2,71.0,1766710952225
2,71.0,1766710953058
2,71.0,1766710953859
2,71.0,1766710954633
2,71.0,1766710955376
2,70.0,1766710956279
2,71.0,1766710957073
2,71.0,1766710957839
2,71.0,1766710958751
2,71.0,1766710959562
2,71.0,1766710960259
2,71.0,1766710961203
2,71.0,1766710962011
2,71.0,1766710962682
2,71.0,1766710963550
2,71.0,1766710964503
2,71.0,1766710965199
2,71.0,1766710966025
2,71.0,1766710967021
2,71.0,1766710967833
2,71.0,1766710968763
2,70.0,1766710969735
2,71.0,1766710970452
2,71.0,1766710971284
2,71.0,1766710972211
2,71.0,1766710972955
2,71.0,1766710973829
2,70.0,1766710974732
2,71.0,1766710975468
2,71.0,1766710976255
2,71.0,1766710977241
2,71.0,1766710978026
2,71.0,1766710978760
2,71.0,1766710979821
2,70.0,1766710980584
2,70.0,1766710981259
2,71.0,1766710982352
2,71.0,1766710983096
2,71.0,1766710983798
2,71.0,1766710984763
2,71.0,1766710985517
2,71.0,1766710986313
2,71.0,1766710987312
2,71.0,1766710988087
2,71.0,1766710988830
2,71.0,1766710989759
2,71.0,1766710990606
2,71.0,1766710991322
2,71.0,1766710992240
2,71.0,1766710993167
2,71.0,1766710993858
2,71.0,1766710994788
2,71.0,1766710995664
2,71.0,1766710996361
2,71.0,1766710997267
2,70.0,1766710998133
2,71.0,1766710998882
2,71.0,1766710999722
2,71.0,1766711000673
2,71.0,1766711001320
2,71.0,1766711002115
2,71.0,1766711003119
2,71.0,1766711003850
2,71.0,1766711004615
2,70.0,1766711005582
2,71.0,1766711006399
2,71.0,1766711007243
2,71.0,1766711008145
2,71.0,1766711008897
2,71.0,1766711009585
2,71.0,1766711010522
2,70.0,1766711011381
2,71.0,1766711012101
2,70.0,1766711013010
2,71.0,1766711013834
2,71.0,1766711014633
2,71.0,1766711015488
2,71.0,1766711016343
2,71.0,1766711017126
2,70.0,1766711018014
2,71.0,1766711018904
2,71.0,1766711019661
2,71.0,1766711020570
2,71.0,1766711021433
2,71.0,1766711022222
2,70.0,1766711023127
2,71.0,1766711023923
2,70.0,1766711024759
2,71.0,1766711025697
2,71.0,1766711026492
2,71.0,1766711027355
2,71.0,1766711028223
2,71.0,1766711028909
2,71.0,1766711029791
2,71.0,1766711030624
2,71.0,1766711031382
2,71.0,1766711032200
2,71.0,1766711033151
2,71.0,1766711033916
2,71.0,1766711034690
2,71.0,1766711035603
2,71.0,1766711036402
2,71.0,1766711037217
2,71.0,1766711038248
2,71.0,1766711039012
2,71.0,1766711039756
2,71.0,1766711040688
2,71.0,1766711041510
2,71.0,1766711042237
2,71.0,1766711043191
2,71.0,1766711044035
2,71.0,1766711044752
2,71.0,1766711045698
2,71.0,1766711046549
2,71.0,1766711047288
2,71.0,1766711048103
2,70.0,1766711048999
2,71.0,1766711049692
2,71.0,1766711050541
2,71.0,1766711051530
2,71.0,1766711052256
2,71.0,1766711053064
2,71.0,1766711054029
2,71.0,1766711054753
2,71.0,1766711055433
2,71.0,1766711056462
2,71.0,1766711057221
2,71.0,1766711057933
2,71.0,1766711058930
2,71.0,1766711059749
2,71.0,1766711060407
2,70.0,1766711061284
2,71.0,1766711062289
2,71.0,1766711062997
2,71.0,1766711063754
2,71.0,1766711064797
2,71.0,1766711065510
2,71.0,1766711066269
2,70.0,1766711067323
2,71.0,1766711068057
2,71.0,1766711068809
2,71.0,1766711069806
2,71.0,1766711070566
2,71.0,1766711071295
2,71.0,1766711072189
2,71.0,1766711073045
2,71.0,1766711073870
2,70.0,1766711074744
2,71.0,1766711075628
2,71.0,1766711076406
2,71.0,1766711077268
2,71.0,1766711078192
2,71.0,1766711078937
2,71.0,1766711079809
2,71.0,1766711080723
2,71.0,1766711081442
2,70.0,1766711082281
2,71.0,1766711083131
2,71.0,1766711083956
2,71.0,1766711084767
2,71.0,1766711085569
2,70.0,1766711086389
2,70.0,1766711087249
2,71.0,1766711088170
2,71.0,1766711088971
2,71.0,1766711089814
2,71.0,1766711090627
2,71.0,1766711091400
2,71.0,1766711092265
2,71.0,1766711093105
2,71.0,1766711093982
2,71.0,1766711094897
2,71.0,1766711095676
2,71.0,1766711096569
2,70.0,1766711097446
2,71.0,1766711098186
2,70.0,1766711099051
2,71.0,1766711099856
2,71.0,1766711100615
2,71.0,1766711101550
2,71.0,1766711102381
2,71.0,1766711103070
2,71.0,1766711104038
2,71.0,1766711104938
2,71.0,1766711105635
2,71.0,1766711106606
2,71.0,1766711107465
2,71.0,1766711108168
2,71.0,1766711109069
2,71.0,1766711110005
2,71.0,1766711110689
2,71.0,1766711111509
2,71.0,1766711112461
2,70.0,1766711113192
2,70.0,1766711113910
2,71.0,1766711114939
2,71.0,1766711115708
2,71.0,1766711116393
2,70.0,1766711117462
2,71.0,1766711118211
2,70.0,1766711118930
2,71.0,1766711119881
2,71.0,1766711120722
2,71.0,1766711121457
2,71.0,1766711122291
2,71.0,1766711123218
2,70.0,1766711123969
2,70.0,1766711124806
2,71.0,1766711125802
2,71.0,1766711126485
2,71.0,1766711127290
2,71.0,1766711128315
2,71.0,1766711129024
2,71.0,1766711129774
2,71.0,1766711130783
2,71.0,1766711131567
2,71.0,1766711132390
2,71.0,1766711133413
2,71.0,1766711134172
2,71.0,1766711134969
2,71.0,1766711135927
2,71.0,1766711136681
2,71.0,1766711137428
2,71.0,1766711138383
2,71.0,1766711139194
2,71.0,1766711140007
2,70.0,1766711140960
2,71.0,1766711141749
2,71.0,1766711142489
2,71.0,1766711143503
2,71.0,1766711144292
2,71.0,1766711145097
2,71.0,1766711146045
2,71.0,1766711146874
2,71.0,1766711147684
2,71.0,1766711148654
2,71.0,1766711149481
2,71.0,1766711150286
2,71.0,1766711151180
2,71.0,1766711151951
2,71.0,1766711152720
2,71.0,1766711153613
2,71.0,1766711154437
2,71.0,1766711155266
2,71.0,1766711156078
2,71.0,1766711156960
3,71.0,1766711157768
3,71.0,1766711158523
3,71.0,1766711159463
3,71.0,1766711160345
3,71.0,1766711161088
3,71.0,1766711161880
3,71.0,1766711162795
3,71.0,1766711163533
3,71.0,1766711164353
3,70.0,1766711165269
3,71.0,1766711166047
3,71.0,1766711166756
3,71.0,1766711167632
3,71.0,1766711168461
3,71.0,1766711169207
3,71.0,1766711170144
3,70.0,1766711170983
3,71.0,1766711171651
3,71.0,1766711172480
3,71.0,1766711173438
3,71.0,1766711174147
3,71.0,1766711174907
3,71.0,1766711175947
3,71.0,1766711176686
3,71.0,1766711177510
3,71.0,1766711178525
3,71.0,1766711179199
3,69.0,1766711180004
3,71.0,1766711181076
3,71.0,1766711181765
3,71.0,1766711182485
3,70.0,1766711183541
3,71.0,1766711184326
3,70.0,1766711185084
3,71.0,1766711186089
3,71.0,1766711186869
3,71.0,1766711187644
3,71.0,1766711188581
3,71.0,1766711189343
3,71.0,1766711190073
3,71.0,1766711190917
3,70.0,1766711191798
3,71.0,1766711192658
3,71.0,1766711193525
3,71.0,1766711194430
3,71.0,1766711195187
3,71.0,1766711196005
3,71.0,1766711196847
3,71.0,1766711197601
3,70.0,1766711198519
3,71.0,1766711199313
3,71.0,1766711200007
3,71.0,1766711200978
3,71.0,1766711201833
3,71.0,1766711202588
3,71.0,1766711203521
3,71.0,1766711204419
3,71.0,1766711205089
3,71.0,1766711205993
3,71.0,1766711206834
3,71.0,1766711207623
3,71.0,1766711208557
3,70.0,1766711209453
3,71.0,1766711210202
3,70.0,1766711211063
3,71.0,1766711211905
3,71.0,1766711212683
3,71.0,1766711213445
3,71.0,1766711214241
3,71.0,1766711215130
3,71.0,1766711215934
3,70.0,1766711216765
3,71.0,1766711217600
3,71.0,1766711218449
3,71.0,1766711219261
3,71.0,1766711220134
3,71.0,1766711220907
3,71.0,1766711221745
3,71.0,1766711222591
3,70.0,1766711223478
3,71.0,1766711224312
3,70.0,1766711225210
3,71.0,1766711226058
3,71.0,1766711226847
3,71.0,1766711227610
3,71.0,1766711228434
3,71.0,1766711229293
3,70.0,1766711230244
3,71.0,1766711231054
3,71.0,1766711231875
3,71.0,1766711232694
3,71.0,1766711233526
3,71.0,1766711234449
3,71.0,1766711235279
3,71.0,1766711236117
3,71.0,1766711236976
3,71.0,1766711237697
3,71.0,1766711238627
3,71.0,1766711239404
3,71.0,1766711240113
3,71.0,1766711241010
3,71.0,1766711241842
3,71.0,1766711242566
3,70.0,1766711243446
3,71.0,1766711244289
3,71.0,1766711245047
3,71.0,1766711245845
3,71.0,1766711246792
3,71.0,1766711247556
3,71.0,1766711248326
3,71.0,1766711249399
3,70.0,1766711250104
3,71.0,1766711250923
3,71.0,1766711251965
3,71.0,1766711252675
3,71.0,1766711253438
3,71.0,1766711254324
3,71.0,1766711255088
3,70.0,1766711255884
3,71.0,1766711256830
3,71.0,1766711257574
3,71.0,1766711258329
3,71.0,1766711259193
3,71.0,1766711259978
3,71.0,1766711260748
3,71.0,1766711261612
3,71.0,1766711262489
3,71.0,1766711263318
3,71.0,1766711264091
3,71.0,1766711264976
3,71.0,1766711265804
3,71.0,1766711266533
3,71.0,1766711267405
3,70.0,1766711268417
3,71.0,1766711269236
3,71.0,1766711270083
3,71.0,1766711270981
3,71.0,1766711271715
3,71.0,1766711272518
3,70.0,1766711273487
3,71.0,1766711274213
3,71.0,1766711275017
3,71.0,1766711276006
3,71.0,1766711276742
3,71.0,1766711277469
3,71.0,1766711278558
3,71.0,1766711279267
3,71.0,1766711280022
3,71.0,1766711281074
3,71.0,1766711281853
3,71.0,1766711282565
3,71.0,1766711283665
3,71.0,1766711284505
3,71.0,1766711285195
3,71.0,1766711286148
3,71.0,1766711287009
3,71.0,1766711287707
3,71.0,1766711288605
3,71.0,1766711289572
3,71.0,1766711290268
3,71.0,1766711291156
3,70.0,1766711292118
3,70.0,1766711292860
3,71.0,1766711293699
3,71.0,1766711294729
3,71.0,1766711295419
3,71.0,1766711296273
3,71.0,1766711297253
3,70.0,1766711297922
3,71.0,1766711298769
3,71.0,1766711299767
3,71.0,1766711300469
3,71.0,1766711301301
3,71.0,1766711302252
3,71.0,1766711302967
3,71.0,1766711303801
3,71.0,1766711304764
3,71.0,1766711305434
3,71.0,1766711306312
3,71.0,1766711307307
3,71.0,1766711307991
3,71.0,1766711308837
3,71.0,1766711309788
3,71.0,1766711310506
3,71.0,1766711311243
3,71.0,1766711312278
3,71.0,1766711313045
3,71.0,1766711313794
3,71.0,1766711314816
3,71.0,1766711315605
3,71.0,1766711316317
3,71.0,1766711317373
3,71.0,1766711318181
3,71.0,1766711318909
3,71.0,1766711319889
3,71.0,1766711320768
3,71.0,1766711321477
3,71.0,1766711322323
3,71.0,1766711323289
3,71.0,1766711323995
3,71.0,1766711324784
3,71.0,1766711325787
3,71.0,1766711326517
3,71.0,1766711327274
3,71.0,1766711328363
3,71.0,1766711329090
3,71.0,1766711329967
3,71.0,1766711331045
3,71.0,1766711331741
3,71.0,1766711332519
3,71.0,1766711333523
3,71.0,1766711334203
3,71.0,1766711334922
3,71.0,1766711335944
3,71.0,1766711336665
3,71.0,1766711337400
3,71.0,1766711338416
3,71.0,1766711339135
3,71.0,1766711339845
3,71.0,1766711340861
3,70.0,1766711341607
3,71.0,1766711342335
3,71.0,1766711343262
3,71.0,1766711344088
3,71.0,1766711344762
3,71.0,1766711345666
3,71.0,1766711346570
3,71.0,1766711347310
3,71.0,1766711348159
3,70.0,1766711349084
3,71.0,1766711349825
3,71.0,1766711350730
3,71.0,1766711351573
3,71.0,1766711352310
3,71.0,1766711353082
3,71.0,1766711353894
3,71.0,1766711354668
3,71.0,1766711355573
3,71.0,1766711356451
3,71.0,1766711357196
3,71.0,1766711357990
3,71.0,1766711358785
3,71.0,1766711359613
3,71.0,1766711360530
3,71.0,1766711361373
3,71.0,1766711362135
3,71.0,1766711362967
3,70.0,1766711363882
3,71.0,1766711364683
3,71.0,1766711365547
3,71.0,1766711366375
3,71.0,1766711367238
3,71.0,1766711368077
3,71.0,1766711368949
3,71.0,1766711369869
3,71.0,1766711370689
3,71.0,1766711371469
3,71.0,1766711372381
3,71.0,1766711373185
3,71.0,1766711373954
3,71.0,1766711374813
3,70.0,1766711375677
3,71.0,1766711376442
3,71.0,1766711377262
3,71.0,1766711378183
3,72.0,1766711378945
3,71.0,1766711379745
3,71.0,1766711380755
3,71.0,1766711381542
3,71.0,1766711382258
3,71.0,1766711383193
3,71.0,1766711384091
3,71.0,1766711384811
3,71.0,1766711385667
3,71.0,1766711386531
3,71.0,1766711387298
3,71.0,1766711388138
3,71.0,1766711389111
3,71.0,1766711389914
3,71.0,1766711390734
3,71.0,1766711391671
3,71.0,1766711392437
3,71.0,1766711393186
3,71.0,1766711394177
3,72.0,1766711394974
3,71.0,1766711395787
3,71.0,1766711396814
3,72.0,1766711397507
3,71.0,1766711398271
3,71.0,1766711399243
3,71.0,1766711399951
3,71.0,1766711400705
3,71.0,1766711401767
3,72.0,1766711402485
3,72.0,1766711403202
3,71.0,1766711404278
3,71.0,1766711405095
3,71.0,1766711405828
3,70.0,1766711406694
3,71.0,1766711407519
3,71.0,1766711408211
3,71.0,1766711409161
3,71.0,1766711410037
3,71.0,1766711410751
3,71.0,1766711411703
3,71.0,1766711412632
3,71.0,1766711413374
3,71.0,1766711414239
3,71.0,1766711415165
3,71.0,1766711415897
3,68.0,1766711416742
3,70.0,1766711417717
3,70.0,1766711418432
3,70.0,1766711419220
3,71.0,1766711420189
3,71.0,1766711420894
3,71.0,1766711421635
3,71.0,1766711422763
3,71.0,1766711423481
3,70.0,1766711424224
3,71.0,1766711425265
3,71.0,1766711426017
3,71.0,1766711426818
3,71.0,1766711427805
3,71.0,1766711428530
3,71.0,1766711429305
3,70.0,1766711430285
3,71.0,1766711431016
3,70.0,1766711431805
3,71.0,1766711432822
3,71.0,1766711433561
3,71.0,1766711434239
3,71.0,1766711435177
3,71.0,1766711436049
3,71.0,1766711436760
3,70.0,1766711437625
3,71.0,1766711438557
3,71.0,1766711439289
3,71.0,1766711440007
3,71.0,1766711440828
3,71.0,1766711441401
3,71.0,1766711442075
3,71.0,1766711442817
3,71.0,1766711443516
3,71.0,1766711444088
3,71.0,1766711444736
3,71.0,1766711445410
3,71.0,1766711446123
3,71.0,1766711446802
3,71.0,1766711447433
3,71.0,1766711448210
3,71.0,1766711448829
3,71.0,1766711449373
3,71.0,1766711449998
3,70.0,1766711450765
3,71.0,1766711451412
3,71.0,1766711451996
3,71.0,1766711452742
3,71.0,1766711453491
3,71.0,1766711454151
3,71.0,1766711454769
3,71.0,1766711455492
3,71.0,1766711456304
3,71.0,1766711457009
3,71.0,1766711457679
3,71.0,1766711458383
3,71.0,1766711459089
3,71.0,1766711459737
3,71.0,1766711460470
3,71.0,1766711461204
3,70.0,1766711461872
3,71.0,1766711462498
3,71.0,1766711463210
3,71.0,1766711463999
3,71.0,1766711464676
3,71.0,1766711465359
3,71.0,1766711466059
3,71.0,1766711466829
3,71.0,1766711467465
3,71.0,1766711468204
3,71.0,1766711468869
3,71.0,1766711469588
3,71.0,1766711470269
3,71.0,1766711470967
3,71.0,1766711471571
3,71.0,1766711472292
3,70.0,1766711473010
3,70.0,1766711473704
3,70.0,1766711474428
3,71.0,1766711475075
3,71.0,1766711475797
3,71.0,1766711476462
3,71.0,1766711477170
3,71.0,1766711477789
3,71.0,1766711478522
3,71.0,1766711479195
3,71.0,1766711479937
3,71.0,1766711480633
3,71.0,1766711481293
3,71.0,1766711481945
3,71.0,1766711482718
3,71.0,1766711483404
3,71.0,1766711484069
3,71.0,1766711484685
3,71.0,1766711485377
3,71.0,1766711486073
3,71.0,1766711486707
3,71.0,1766711487390
3,71.0,1766711488089
3,71.0,1766711488793
3,71.0,1766711489444
3,71.0,1766711490167
3,70.0,1766711490799
3,71.0,1766711491574
3,70.0,1766711492225
3,71.0,1766711492963
3,71.0,1766711493657
3,71.0,1766711494352
3,71.0,1766711495018
3,71.0,1766711495751
3,71.0,1766711496519
3,71.0,1766711497127
3,71.0,1766711497830
3,71.0,1766711498608
3,71.0,1766711499284
3,71.0,1766711499942
3,71.0,1766711500721
3,71.0,1766711501480
3,71.0,1766711502111
3,71.0,1766711502771
3,71.0,1766711503562
3,71.0,1766711504234
3,71.0,1766711504848
3,71.0,1766711505623
3,71.0,1766711506381
3,71.0,1766711506999
3,71.0,1766711507627
3,70.0,1766711508503
3,71.0,1766711509244
3,71.0,1766711509840
3,71.0,1766711510483
3,70.0,1766711511383
3,70.0,1766711512043
3,71.0,1766711512640
3,71.0,1766711513342
3,71.0,1766711514105
3,71.0,1766711514698
3,71.0,1766711515329
3,71.0,1766711516323
3,71.0,1766711516999
3,71.0,1766711517617
3,71.0,1766711518364
3,71.0,1766711519160
3,71.0,1766711519797
3,71.0,1766711520456
3,71.0,1766711521260
3,71.0,1766711522000
3,71.0,1766711522605
3,71.0,1766711523279
3,71.0,1766711524054
3,70.0,1766711524747
3,71.0,1766711525356
3,71.0,1766711526074
3,71.0,1766711526813
3,71.0,1766711527483
3,71.0,1766711528144
3,71.0,1766711528812
3,71.0,1766711529549
3,71.0,1766711530164
3,71.0,1766711530911
3,71.0,1766711531625
3,71.0,1766711532314
3,71.0,1766711532968
3,71.0,1766711533712
3,70.0,1766711534371
3,71.0,1766711535031
3,69.0,1766711535737
3,70.0,1766711536407
3,71.0,1766711537116
3,71.0,1766711537841
3,71.0,1766711538561
3,71.0,1766711539172
3,71.0,1766711539895
3,71.0,1766711540673
3,71.0,1766711541317
3,71.0,1766711541937
3,71.0,1766711542710
3,71.0,1766711543415
3,71.0,1766711544033
3,70.0,1766711544677
3,71.0,1766711545520
3,71.0,1766711546215
3,71.0,1766711546822
3,71.0,1766711547505
3,70.0,1766711548406
3,70.0,1766711549066
3,70.0,1766711549679
3,71.0,1766711550423
3,70.0,1766711551220
3,71.0,1766711551833
3,71.0,1766711552443
3,71.0,1766711553314
3,70.0,1766711554044
3,71.0,1766711554672
3,71.0,1766711555346
3,70.0,1766711556235
3,71.0,1766711556799
3,71.0,1766711557428
3,70.0,1766711558226
3,71.0,1766711559006
3,70.0,1766711559633
3,70.0,1766711560281
3,70.0,1766711561080
3,70.0,1766711561681
3,71.0,1766711562311
3,71.0,1766711563047
3,71.0,1766711563868
3,71.0,1766711564471
3,71.0,1766711565105
3,71.0,1766711565941
3,71.0,1766711566677
3,71.0,1766711567285
3,71.0,1766711567981
3,71.0,1766711568750
3,71.0,1766711569415
3,71.0,1766711570041
3,71.0,1766711570759
3,70.0,1766711571449
3,71.0,1766711572148
3,70.0,1766711572821
3,71.0,1766711573461
3,71.0,1766711574200
3,71.0,1766711574854
3,71.0,1766711575503
3,71.0,1766711576203
3,71.0,1766711576916
3,71.0,1766711577620
3,71.0,1766711578363
3,71.0,1766711579051
3,71.0,1766711579745
3,71.0,1766711580407
3,71.0,1766711581107
3,71.0,1766711581732
3,71.0,1766711582433
3,71.0,1766711583179
3,71.0,1766711583773
3,71.0,1766711584385
3,71.0,1766711585142
3,71.0,1766711585850
3,71.0,1766711586481
3,71.0,1766711587204
3,71.0,1766711587955
3,71.0,1766711588610
3,70.0,1766711589263
3,71.0,1766711590037
3,71.0,1766711590788
3,71.0,1766711591394
3,71.0,1766711592027
3,71.0,1766711592837
3,71.0,1766711593555
3,71.0,1766711594176
3,71.0,1766711594829
3,71.0,1766711595726
3,71.0,1766711596386
3,71.0,1766711597002
3,71.0,1766711597769
3,71.0,1766711598589
3,71.0,1766711599215
3,71.0,1766711600017
3,71.0,1766711600791
3,71.0,1766711601434
3,71.0,1766711602074
3,71.0,1766711602910
3,71.0,1766711603627
3,71.0,1766711604245
3,71.0,1766711604976
3,71.0,1766711605686
3,70.0,1766711606348
3,71.0,1766711606993
3,71.0,1766711607626
3,71.0,1766711608309
3,71.0,1766711608995
3,71.0,1766711609713
3,71.0,1766711610369
3,71.0,1766711611052
3,71.0,1766711611765
3,71.0,1766711612486
3,71.0,1766711613094
3,71.0,1766711613858
3,71.0,1766711614670
3,71.0,1766711615325
3,71.0,1766711615943
3,71.0,1766711616681
3,70.0,1766711617474
3,71.0,1766711618075
3,71.0,1766711618715
3,71.0,1766711619489
3,71.0,1766711620218
3,71.0,1766711620809
3,71.0,1766711621470
3,71.0,1766711622386
3,71.0,1766711622969
3,71.0,1766711623589
3,71.0,1766711624322
3,71.0,1766711625222
3,71.0,1766711625835
3,71.0,1766711626440
3,71.0,1766711627172
3,71.0,1766711628011
3,71.0,1766711628631
3,70.0,1766711629290
3,71.0,1766711630231
3,71.0,1766711630873
3,71.0,1766711631469
3,71.0,1766711632212
3,70.0,1766711632978
3,70.0,1766711633589
3,71.0,1766711634280
3,70.0,1766711635147
3,70.0,1766711635764
3,71.0,1766711636365
3,71.0,1766711637056
3,71.0,1766711637867
3,71.0,1766711638511
3,71.0,1766711639162
3,71.0,1766711639951
3,71.0,1766711640631
3,71.0,1766711641278
3,71.0,1766711641971
3,71.0,1766711642694
3,71.0,1766711643395
3,70.0,1766711644010
3,70.0,1766711644778
3,71.0,1766711645547
3,71.0,1766711646212
3,70.0,1766711646850
3,71.0,1766711647607
3,71.0,1766711648386
3,71.0,1766711649011
3,71.0,1766711649718
3,71.0,1766711650413
3,71.0,1766711651138
3,71.0,1766711651765
3,71.0,1766711652490
3,71.0,1766711653148
3,67.0,1766711653843
3,70.0,1766711654535
3,71.0,1766711655251
3,71.0,1766711655949
3,70.0,1766711656655
3,71.0,1766711657323
3,71.0,1766711657953
3,71.0,1766711658661
3,71.0,1766711659370
3,71.0,1766711660074
3,71.0,1766711660678
3,71.0,1766711661370
3,71.0,1766711662101
3,71.0,1766711662818
3,71.0,1766711663425
3,70.0,1766711664144
3,71.0,1766711664981
3,71.0,1766711665604
3,71.0,1766711666227
3,71.0,1766711667026
3,70.0,1766711667737
3,71.0,1766711668364
3,71.0,1766711668997
3,71.0,1766711669839
3,71.0,1766711670548
3,71.0,1766711671172
3,71.0,1766711671831
3,71.0,1766711672664
3,71.0,1766711673341
3,71.0,1766711673961
3,71.0,1766711674647
3,71.0,1766711675549
3,71.0,1766711676193
3,70.0,1766711676807
3,71.0,1766711677519
3,71.0,1766711678354
3,70.0,1766711678967
3,70.0,1766711679599
3,71.0,1766711680404
3,70.0,1766711681137
3,71.0,1766711681757
3,71.0,1766711682457
3,70.0,1766711683314
3,71.0,1766711683989
3,71.0,1766711684597
3,71.0,1766711685288
3,71.0,1766711686163
3,71.0,1766711686777
3,71.0,1766711687390
3,71.0,1766711688345
3,71.0,1766711688993
3,71.0,1766711689615
3,71.0,1766711690317
3,71.0,1766711691113
3,71.0,1766711691758
3,70.0,1766711692373
3,71.0,1766711693147
3,71.0,1766711693904
3,70.0,1766711694508
3,71.0,1766711695186
3,71.0,1766711695944
3,71.0,1766711696633
3,71.0,1766711697259
3,71.0,1766711697928
3,71.0,1766711698658
3,71.0,1766711699358
3,71.0,1766711699985
3,70.0,1766711700698
3,70.0,1766711701357
3,70.0,1766711702033
3,71.0,1766711702711
3,71.0,1766711703390
3,70.0,1766711704058
3,71.0,1766711704764
3,71.0,1766711705457
3,71.0,1766711706121
3,71.0,1766711706844
3,71.0,1766711707509
3,71.0,1766711708213
3,71.0,1766711708837
3,71.0,1766711709562
3,71.0,1766711710238
3,71.0,1766711710866
3,71.0,1766711711525
3,71.0,1766711712268
3,71.0,1766711712998
3,71.0,1766711713633
3,71.0,1766711714330
3,71.0,1766711715032
3,71.0,1766711715768
3,71.0,1766711716390
3,71.0,1766711717123
3,71.0,1766711717925
3,71.0,1766711718585
3,71.0,1766711719202
3,71.0,1766711719930
3,71.0,1766711720655
3,71.0,1766711721305
3,71.0,1766711721940
3,71.0,1766711722679
3,71.0,1766711723421
3,71.0,1766711724033
3,71.0,1766711724672
3,71.0,1766711725526
3,71.0,1766711726186
3,71.0,1766711726771
3,71.0,1766711727444
3,71.0,1766711728316
3,71.0,1766711728929
3,70.0,1766711729545
3,70.0,1766711730300
3,71.0,1766711731065
3,71.0,1766711731672
3,71.0,1766711732311
3,71.0,1766711733175
3,71.0,1766711733873
3,71.0,1766711734490
3,71.0,1766711735246
3,71.0,1766711736075
3,71.0,1766711736691
3,71.0,1766711737347
3,71.0,1766711738003
3,71.0,1766711738744
3,71.0,1766711739348
3,71.0,1766711740069
3,71.0,1766711740759
3,70.0,1766711741467
3,70.0,1766711742204
3,70.0,1766711742877
3,70.0,1766711743597
3,70.0,1766711744315
3,71.0,1766711745019
3,71.0,1766711745669
3,71.0,1766711746444
3,71.0,1766711747151
3,71.0,1766711747894
3,71.0,1766711748557
3,71.0,1766711749282
3,71.0,1766711749956
3,71.0,1766711750611
3,71.0,1766711751238
3,71.0,1766711752072
3,71.0,1766711752832
3,71.0,1766711753414
3,71.0,1766711754089
3,71.0,1766711754900
3,70.0,1766711755617
3,71.0,1766711756210
3,71.0,1766711756817
3,71.0,1766711757629
3,70.0,1766711758289
3,71.0,1766711758883
3,71.0,1766711759548
3,71.0,1766711760378
3,71.0,1766711760990
3,71.0,1766711761619
3,71.0,1766711762410
3,71.0,1766711763220
3,71.0,1766711763836
3,70.0,1766711764442
3,71.0,1766711765286
3,71.0,1766711765944
3,71.0,1766711766569
3,70.0,1766711767270
3,71.0,1766711768202
3,70.0,1766711768819
3,70.0,1766711769421
3,70.0,1766711770147
3,71.0,1766711770919
3,71.0,1766711771514
3,71.0,1766711772110
3,70.0,1766711772987
3,70.0,1766711773694
3,70.0,1766711774281
3,70.0,1766711774965
3,71.0,1766711775829
3,71.0,1766711776463
3,70.0,1766711777088
3,71.0,1766711777917
3,70.0,1766711778724
3,70.0,1766711779309
3,70.0,1766711779930
3,70.0,1766711780885
3,71.0,1766711781557
3,69.0,1766711782187
3,69.0,1766711782956
3,70.0,1766711783776
3,70.0,1766711784379
3,70.0,1766711785045
3,70.0,1766711785862
3,70.0,1766711786556
3,70.0,1766711787181
3,70.0,1766711787953
3,71.0,1766711788733
3,70.0,1766711789311
3,70.0,1766711789955
3,70.0,1766711790742
3,70.0,1766711791483
3,70.0,1766711792053
3,70.0,1766711792774
3,71.0,1766711793425
3,70.0,1766711794210
3,70.0,1766711794936
3,70.0,1766711795617
3,70.0,1766711796291
3,70.0,1766711796970
3,71.0,1766711797702
3,70.0,1766711798351
3,70.0,1766711799046
3,70.0,1766711799741
3,71.0,1766711800495
3,70.0,1766711801121
3,71.0,1766711801896
3,70.0,1766711802699
3,71.0,1766711803351
3,71.0,1766711803998
3,71.0,1766711804699
3,71.0,1766711805463
3,70.0,1766711806068
3,70.0,1766711806731
3,71.0,1766711807513
3,69.0,1766711808289
3,70.0,1766711808905
3,70.0,1766711809662
3,70.0,1766711810417
3,70.0,1766711811018
3,71.0,1766711811615
3,70.0,1766711812407
3,71.0,1766711813156
3,70.0,1766711813755
3,71.0,1766711814391
3,70.0,1766711815333
3,70.0,1766711816049
3,71.0,1766711816651
3,71.0,1766711817367
3,70.0,1766711818133
3,71.0,1766711818742
3,70.0,1766711819359
3,71.0,1766711820191
3,71.0,1766711820912
3,70.0,1766711821523
3,70.0,1766711822156
3,70.0,1766711823095
3,70.0,1766711823772
3,70.0,1766711824393
3,70.0,1766711825153
3,70.0,1766711825879
3,70.0,1766711826479
3,71.0,1766711827140
3,71.0,1766711827830
3,70.0,1766711828565
3,71.0,1766711829193
3,71.0,1766711829908
3,71.0,1766711830621
3,70.0,1766711831346
3,70.0,1766711832001
3,70.0,1766711832764
3,70.0,1766711833494
3,70.0,1766711834161
3,70.0,1766711834861
3,70.0,1766711835506
3,70.0,1766711836270
3,70.0,1766711837005
3,70.0,1766711837713
3,71.0,1766711838376
3,71.0,1766711839121
3,71.0,1766711839820
3,70.0,1766711840549
3,71.0,1766711841224
3,71.0,1766711841941
3,71.0,1766711842666
3,71.0,1766711843326
3,71.0,1766711843957
3,71.0,1766711844724
3,71.0,1766711845421
3,70.0,1766711846024
3,70.0,1766711846673
3,70.0,1766711847471
3,70.0,1766711848148
3,70.0,1766711848742
3,70.0,1766711849417
3,70.0,1766711850197
3,71.0,1766711850862
3,70.0,1766711851471
3,70.0,1766711852232
3,70.0,1766711853051
3,71.0,1766711853664
3,70.0,1766711854321
3,70.0,1766711855069
3,70.0,1766711855631
3,70.0,1766711856127
3,71.0,1766711856615
3,70.0,1766711857150
4,70.0,1766711857984
4,70.0,1766711858481
4,70.0,1766711858963
4,71.0,1766711859455
4,70.0,1766711860090
4,70.0,1766711860680
4,70.0,1766711861176
4,70.0,1766711861659
4,70.0,1766711862164
4,70.0,1766711862799
4,70.0,1766711863349
4,71.0,1766711863844
4,70.0,1766711864348
4,70.0,1766711864919
4,70.0,1766711865516
4,70.0,1766711866065
4,70.0,1766711866566
4,70.0,1766711867145
4,70.0,1766711867705
4,70.0,1766711868295
4,70.0,1766711868803
4,70.0,1766711869321
4,71.0,1766711869895
4,70.0,1766711870399
4,70.0,1766711870993
4,70.0,1766711871517
4,70.0,1766711872113
4,70.0,1766711872666
4,70.0,1766711873192
4,70.0,1766711873771
4,71.0,1766711874350
4,69.0,1766711874897
4,70.0,1766711875411
4,70.0,1766711875944
4,71.0,1766711876525
4,70.0,1766711877082
4,70.0,1766711877633
4,71.0,1766711878143
4,70.0,1766711878714
4,70.0,1766711879281
4,70.0,1766711879877
4,70.0,1766711880391
4,69.0,1766711880888
4,70.0,1766711881477
4,71.0,1766711882101
4,70.0,1766711882673
4,70.0,1766711883175
4,70.0,1766711883693
4,70.0,1766711884349
4,70.0,1766711884935
4,70.0,1766711885444
4,70.0,1766711885947
4,71.0,1766711886465
4,70.0,1766711887103
4,70.0,1766711887651
4,70.0,1766711888154
4,70.0,1766711888654
4,70.0,1766711889204
4,71.0,1766711889926
4,70.0,1766711890434
4,65.0,1766711890936
4,70.0,1766711891471
4,69.0,1766711892153
4,70.0,1766711892722
4,70.0,1766711893230
4,70.0,1766711893747
4,70.0,1766711894360
4,70.0,1766711894961
4,71.0,1766711895457
4,71.0,1766711895957
4,70.0,1766711896528
4,70.0,1766711897213
4,71.0,1766711897769
4,71.0,1766711898265
4,70.0,1766711898805
4,70.0,1766711899390
4,70.0,1766711899997
4,71.0,1766711900517
4,70.0,1766711901038
4,70.0,1766711901633
4,70.0,1766711902165
4,70.0,1766711902768
4,69.0,1766711903280
4,70.0,1766711903877
4,70.0,1766711904419
4,71.0,1766711905006
4,69.0,1766711905565
4,71.0,1766711906120
4,70.0,1766711906673
4,70.0,1766711907192
4,70.0,1766711907763
4,70.0,1766711908332
4,71.0,1766711908935
4,70.0,1766711909449
4,70.0,1766711909972
4,70.0,1766711910587
4,70.0,1766711911208
4,70.0,1766711911752
4,69.0,1766711912259
4,70.0,1766711912777
4,70.0,1766711913438
4,70.0,1766711914002
4,69.0,1766711914505
4,71.0,1766711915011
4,70.0,1766711915585
4,70.0,1766711916255
4,69.0,1766711916792
4,70.0,1766711917293
4,70.0,1766711917807
4,70.0,1766711918483
4,70.0,1766711919060
4,70.0,1766711919568
4,70.0,1766711920066
4,69.0,1766711920584
4,70.0,1766711921343
4,70.0,1766711921904
4,70.0,1766711922408
4,70.0,1766711922905
4,70.0,1766711923470
4,69.0,1766711924225
4,70.0,1766711924735
4,71.0,1766711925240
4,70.0,1766711925749
4,70.0,1766711926499
4,70.0,1766711927146
4,70.0,1766711927670
4,70.0,1766711928181
4,70.0,1766711928721
4,70.0,1766711929427
4,70.0,1766711929953
4,70.0,1766711930455
4,69.0,1766711930960
4,70.0,1766711931584
4,70.0,1766711932252
4,70.0,1766711932760
4,69.0,1766711933263
4,70.0,1766711933786
4,70.0,1766711934520
4,70.0,1766711935079
4,69.0,1766711935573
4,70.0,1766711936079
4,70.0,1766711936711
4,70.0,1766711937367
4,70.0,1766711937886
4,70.0,1766711938389
4,70.0,1766711938907
4,70.0,1766711939596
4,70.0,1766711940169
4,70.0,1766711940681
4,70.0,1766711941181
4,70.0,1766711941699
4,70.0,1766711942433
4,70.0,1766711943002
4,70.0,1766711943503
4,70.0,1766711944017
4,69.0,1766711944619
4,69.0,1766711945273
4,70.0,1766711945787
4,70.0,1766711946290
4,70.0,1766711946810
4,70.0,1766711947505
4,70.0,1766711948081
4,70.0,1766711948591
4,70.0,1766711949089
4,70.0,1766711949607
4,70.0,1766711950231
4,70.0,1766711950784
4,70.0,1766711951295
4,70.0,1766711951807
4,70.0,1766711952414
4,70.0,1766711953047
4,70.0,1766711953597
4,70.0,1766711954102
4,70.0,1766711954680
4,70.0,1766711955272
4,70.0,1766711955854
4,70.0,1766711956373
4,70.0,1766711956875
4,70.0,1766711957442
4,70.0,1766711958018
4,70.0,1766711958617
4,70.0,1766711959121
4,70.0,1766711959646
4,69.0,1766711960195
4,70.0,1766711960783
4,70.0,1766711961349
4,70.0,1766711961867
4,70.0,1766711962474
4,70.0,1766711963016
4,70.0,1766711963624
4,70.0,1766711964146
4,70.0,1766711964702
4,70.0,1766711965252
4,70.0,1766711965782
4,70.0,1766711966378
4,69.0,1766711966904
4,70.0,1766711967478
4,70.0,1766711967993
4,70.0,1766711968517
4,70.0,1766711969105
4,70.0,1766711969679
4,70.0,1766711970233
4,70.0,1766711970760
4,70.0,1766711971382
4,70.0,1766711971905
4,70.0,1766711972484
4,70.0,1766711973054
4,69.0,1766711973591
4,70.0,1766711974177
4,70.0,1766711974691
4,70.0,1766711975258
4,70.0,1766711975830
4,70.0,1766711976410
4,70.0,1766711976964
4,70.0,1766711977479
4,70.0,1766711978113
4,70.0,1766711978682
4,70.0,1766711979299
4,70.0,1766711979821
4,70.0,1766711980341
4,70.0,1766711980935
4,70.0,1766711981472
4,70.0,1766711982064
4,69.0,1766711982570
4,70.0,1766711983097
4,70.0,1766711983685
4,69.0,1766711984242
4,70.0,1766711984773
4,70.0,1766711985301
4,70.0,1766711985888
4,70.0,1766711986445
4,70.0,1766711986999
4,70.0,1766711987523
4,70.0,1766711988121
4,70.0,1766711988667
4,70.0,1766711989243
4,70.0,1766711989805
4,70.0,1766711990370
4,69.0,1766711990922
4,70.0,1766711991427
4,70.0,1766711992018
4,70.0,1766711992579
4,70.0,1766711993180
4,70.0,1766711993699
4,70.0,1766711994219
4,70.0,1766711994794
4,69.0,1766711995348
4,70.0,1766711995954
4,70.0,1766711996483
4,70.0,1766711996998
4,69.0,1766711997602
4,70.0,1766711998145
4,70.0,1766711998745
4,70.0,1766711999263
4,70.0,1766711999790
4,70.0,1766712000360
4,70.0,1766712000923
4,70.0,1766712001473
4,70.0,1766712001989
4,70.0,1766712002583
4,70.0,1766712003123
4,70.0,1766712003721
4,70.0,1766712004229
4,70.0,1766712004754
4,70.0,1766712005346
4,69.0,1766712005948
4,70.0,1766712006493
4,70.0,1766712007002
4,70.0,1766712007537
4,70.0,1766712008156
4,70.0,1766712008730
4,66.0,1766712009235
4,69.0,1766712009737
4,69.0,1766712010323
4,70.0,1766712011025
4,70.0,1766712011588
4,70.0,1766712012085
4,69.0,1766712012594
4,70.0,1766712013202
4,70.0,1766712013850
4,70.0,1766712014357
4,70.0,1766712014855
4,70.0,1766712015379
4,70.0,1766712016092
4,70.0,1766712016663
4,69.0,1766712017161
4,70.0,1766712017667
4,70.0,1766712018261
4,70.0,1766712018962
4,69.0,1766712019477
4,70.0,1766712019983
4,70.0,1766712020488
4,70.0,1766712021158
4,70.0,1766712021754
4,69.0,1766712022265
4,70.0,1766712022772
4,70.0,1766712023398
4,70.0,1766712024043
4,70.0,1766712024564
4,70.0,1766712025063
4,70.0,1766712025617
4,69.0,1766712026178
4,70.0,1766712026773
4,70.0,1766712027294
4,70.0,1766712027821
4,70.0,1766712028421
4,70.0,1766712028988
4,70.0,1766712029548
4,70.0,1766712030061
4,69.0,1766712030593
4,70.0,1766712031172
4,70.0,1766712031739
4,70.0,1766712032295
4,70.0,1766712032812
4,70.0,1766712033403
4,70.0,1766712033905
4,69.0,1766712034517
4,70.0,1766712035087
4,70.0,1766712035680
4,70.0,1766712036234
4,70.0,1766712036764
4,70.0,1766712037372
4,70.0,1766712037934
4,70.0,1766712038479
4,70.0,1766712038983
4,70.0,1766712039512
4,70.0,1766712040119
4,70.0,1766712040704
4,69.0,1766712041205
4,70.0,1766712041704
4,70.0,1766712042229
4,70.0,1766712042892
4,69.0,1766712043450
4,70.0,1766712043954
4,70.0,1766712044458
4,70.0,1766712045123
4,70.0,1766712045779
4,70.0,1766712046286
4,70.0,1766712046785
4,70.0,1766712047305
4,70.0,1766712048091
4,70.0,1766712048656
4,70.0,1766712049156
4,70.0,1766712049654
4,70.0,1766712050302
4,70.0,1766712050970
4,70.0,1766712051489
4,70.0,1766712051996
4,70.0,1766712052535
4,69.0,1766712053233
4,70.0,1766712053785
4,70.0,1766712054287
4,70.0,1766712054800
4,70.0,1766712055418
4,70.0,1766712056024
4,70.0,1766712056537
4,70.0,1766712057049
4,69.0,1766712057646
4,70.0,1766712058251
4,70.0,1766712058833
4,70.0,1766712059346
4,69.0,1766712059965
4,70.0,1766712060514
4,70.0,1766712061107
4,70.0,1766712061653
4,69.0,1766712062209
4,70.0,1766712062762
4,70.0,1766712063293
4,70.0,1766712063912
4,70.0,1766712064443
4,70.0,1766712065066
4,70.0,1766712065575
4,70.0,1766712066098
4,70.0,1766712066697
4,70.0,1766712067290
4,70.0,1766712067843
4,70.0,1766712068349
4,69.0,1766712068902
4,70.0,1766712069482
4,70.0,1766712070087
4,70.0,1766712070596
4,70.0,1766712071096
4,70.0,1766712071676
4,70.0,1766712072345
4,70.0,1766712072898
4,70.0,1766712073393
4,70.0,1766712073906
4,70.0,1766712074575
4,70.0,1766712075138
4,69.0,1766712075638
4,70.0,1766712076141
4,70.0,1766712076680
4,70.0,1766712077408
4,70.0,1766712077963
4,70.0,1766712078462
4,70.0,1766712078961
4,70.0,1766712079648
4,70.0,1766712080277
4,70.0,1766712080785
4,70.0,1766712081286
4,70.0,1766712081809
4,70.0,1766712082513
4,70.0,1766712083030
4,70.0,1766712083537
4,70.0,1766712084044
4,70.0,1766712084747
4,70.0,1766712085358
4,70.0,1766712085860
4,70.0,1766712086363
4,69.0,1766712086945
4,69.0,1766712087622
4,70.0,1766712088170
4,70.0,1766712088669
4,70.0,1766712089192
4,70.0,1766712089794
4,70.0,1766712090387
4,70.0,1766712090901
4,70.0,1766712091406
4,70.0,1766712092010
4,70.0,1766712092585
4,70.0,1766712093147
4,70.0,1766712093667
4,70.0,1766712094222
4,70.0,1766712094777
4,70.0,1766712095350
4,69.0,1766712095909
4,70.0,1766712096445
4,70.0,1766712097015
4,70.0,1766712097522
4,70.0,1766712098125
4,70.0,1766712098688
4,70.0,1766712099327
4,70.0,1766712099867
4,70.0,1766712100380
4,70.0,1766712101000
4,70.0,1766712101538
4,70.0,1766712102129
4,70.0,1766712102635
4,70.0,1766712103160
4,70.0,1766712103751
4,70.0,1766712104298
4,69.0,1766712104838
4,70.0,1766712105365
4,70.0,1766712105942
4,70.0,1766712106502
4,70.0,1766712107050
4,70.0,1766712107557
4,70.0,1766712108121
4,70.0,1766712108718
4,69.0,1766712109301
4,70.0,1766712109806
4,70.0,1766712110307
4,70.0,1766712110887
4,69.0,1766712111582
4,70.0,1766712112130
4,70.0,1766712112626
4,70.0,1766712113133
4,70.0,1766712113863
4,70.0,1766712114410
4,70.0,1766712114911
4,70.0,1766712115406
4,69.0,1766712115964
4,70.0,1766712116715
4,70.0,1766712117229
4,70.0,1766712117733
4,69.0,1766712118236
4,70.0,1766712118865
4,70.0,1766712119517
4,70.0,1766712120023
4,69.0,1766712120527
4,70.0,1766712121048
4,70.0,1766712121797
4,70.0,1766712122350
4,70.0,1766712122856
4,70.0,1766712123389
4,70.0,1766712123976
4,70.0,1766712124557
4,70.0,1766712125062
4,70.0,1766712125563
4,70.0,1766712126137
4,70.0,1766712126774
4,69.0,1766712127327
4,68.0,1766712127842
4,70.0,1766712128365
4,70.0,1766712128957
4,70.0,1766712129552
4,70.0,1766712130091
4,70.0,1766712130593
4,70.0,1766712131116
4,70.0,1766712131700
4,70.0,1766712132307
4,70.0,1766712132836
4,70.0,1766712133349
4,69.0,1766712133967
4,70.0,1766712134536
4,70.0,1766712135117
4,69.0,1766712135618
4,70.0,1766712136142
4,70.0,1766712136764
4,70.0,1766712137343
4,70.0,1766712137858
4,70.0,1766712138363
4,70.0,1766712138981
4,70.0,1766712139570
4,70.0,1766712140169
4,69.0,1766712140684
4,70.0,1766712141203
4,70.0,1766712141782
4,70.0,1766712142382
4,69.0,1766712142941
4,70.0,1766712143447
4,70.0,1766712143965
4,70.0,1766712144540
4,70.0,1766712145149
4,70.0,1766712145706
4,70.0,1766712146211
4,70.0,1766712146808
4,70.0,1766712147389
4,70.0,1766712148002
4,70.0,1766712148518
4,70.0,1766712149025
4,69.0,1766712149661
4,70.0,1766712150253
4,70.0,1766712150808
4,69.0,1766712151314
4,70.0,1766712151839
4,70.0,1766712152414
4,70.0,1766712153016
4,70.0,1766712153568
4,70.0,1766712154075
4,70.0,1766712154677
4,70.0,1766712155231
4,70.0,1766712155822
4,70.0,1766712156373
4,70.0,1766712156877
4,70.0,1766712157474
4,70.0,1766712158074
4,69.0,1766712158627
4,70.0,1766712159135
4,70.0,1766712159654
4,69.0,1766712160253
4,70.0,1766712160847
4,70.0,1766712161402
4,70.0,1766712161921
4,70.0,1766712162521
4,70.0,1766712163076
4,70.0,1766712163676
4,70.0,1766712164225
4,70.0,1766712164742
4,70.0,1766712165327
4,70.0,1766712165873
4,70.0,1766712166452
4,69.0,1766712166975
4,70.0,1766712167579
4,70.0,1766712168161
4,70.0,1766712168712
4,69.0,1766712169265
4,69.0,1766712169819
4,70.0,1766712170361
4,70.0,1766712170873
4,70.0,1766712171459
4,70.0,1766712172021
4,70.0,1766712172622
4,70.0,1766712173146
4,70.0,1766712173651
4,70.0,1766712174235
4,70.0,1766712174812
4,70.0,1766712175410
4,69.0,1766712175919
4,69.0,1766712176429
4,70.0,1766712177064
4,70.0,1766712177677
4,70.0,1766712178186
4,70.0,1766712178689
4,70.0,1766712179203
4,70.0,1766712179885
4,70.0,1766712180450
4,70.0,1766712180953
4,70.0,1766712181454
4,69.0,1766712182001
4,70.0,1766712182774
4,70.0,1766712183309
4,70.0,1766712183809
4,70.0,1766712184313
4,70.0,1766712184970
4,70.0,1766712185560
4,70.0,1766712186062
4,70.0,1766712186567
4,69.0,1766712187093
4,69.0,1766712187809
4,70.0,1766712188331
4,70.0,1766712188832
4,70.0,1766712189347
4,70.0,1766712189976
4,70.0,1766712190601
4,70.0,1766712191114
4,70.0,1766712191613
4,70.0,1766712192161
4,70.0,1766712192749
4,70.0,1766712193301
4,70.0,1766712193817
4,70.0,1766712194329
4,70.0,1766712194929
4,70.0,1766712195587
4,70.0,1766712196106
4,70.0,1766712196603
4,70.0,1766712197155
4,69.0,1766712197709
4,70.0,1766712198287
4,70.0,1766712198805
4,70.0,1766712199328
4,70.0,1766712199893
4,69.0,1766712200422
4,70.0,1766712200990
4,70.0,1766712201512
4,70.0,1766712202115
4,70.0,1766712202633
4,70.0,1766712203213
4,70.0,1766712203737
4,70.0,1766712204327
4,70.0,1766712204844
4,70.0,1766712205368
4,70.0,1766712205948
4,69.0,1766712206483
4,70.0,1766712207052
4,70.0,1766712207569
4,70.0,1766712208101
4,69.0,1766712208719
4,70.0,1766712209301
4,70.0,1766712209857
4,70.0,1766712210353
4,70.0,1766712210942
4,70.0,1766712211524
4,70.0,1766712212103
4,70.0,1766712212625
4,69.0,1766712213128
4,70.0,1766712213714
4,70.0,1766712214270
4,70.0,1766712214854
4,70.0,1766712215359
4,70.0,1766712215872
4,70.0,1766712216493
4,70.0,1766712217117
4,70.0,1766712217626
4,70.0,1766712218136
4,70.0,1766712218662
4,70.0,1766712219348
4,70.0,1766712219922
4,70.0,1766712220423
4,70.0,1766712220921
4,69.0,1766712221470
4,70.0,1766712222220
4,70.0,1766712222731
4,70.0,1766712223238
4,69.0,1766712223748
4,69.0,1766712224445
4,70.0,1766712225033
4,70.0,1766712225540
4,70.0,1766712226050
4,70.0,1766712226670
4,70.0,1766712227347
4,70.0,1766712227895
4,70.0,1766712228397
4,70.0,1766712228945
4,70.0,1766712229534
4,70.0,1766712230087
4,70.0,1766712230605
4,69.0,1766712231126
4,70.0,1766712231700
4,70.0,1766712232256
4,70.0,1766712232812
4,70.0,1766712233342
4,70.0,1766712233935
4,70.0,1766712234438
4,70.0,1766712235032
4,70.0,1766712235604
4,70.0,1766712236211
4,70.0,1766712236720
4,70.0,1766712237225
4,69.0,1766712237824
4,70.0,1766712238448
4,70.0,1766712238995
4,70.0,1766712239493
4,70.0,1766712240016
4,70.0,1766712240697
4,70.0,1766712241259
4,70.0,1766712241765
4,70.0,1766712242264
4,70.0,1766712242808
4,70.0,1766712243499
4,70.0,1766712244051
4,70.0,1766712244556
4,70.0,1766712245057
4,70.0,1766712245735
4,68.0,1766712246345
4,69.0,1766712246845
4,70.0,1766712247350
4,70.0,1766712247911
4,70.0,1766712248603
4,69.0,1766712249120
4,70.0,1766712249622
4,70.0,1766712250150
4,70.0,1766712250784
4,69.0,1766712251403
4,70.0,1766712251912
4,70.0,1766712252420
4,70.0,1766712253010
4,70.0,1766712253639
4,70.0,1766712254190
4,70.0,1766712254696
4,70.0,1766712255224
4,69.0,1766712255806
4,70.0,1766712256437
4,70.0,1766712256994
4,70.0,1766712257518
4,69.0,1766712258112
4,70.0,1766712258649
4,70.0,1766712259208
4,70.0,1766712259716
4,70.0,1766712260293
4,70.0,1766712260858
4,70.0,1766712261439
4,70.0,1766712261986
4,69.0,1766712262505
4,70.0,1766712263114
4,70.0,1766712263651
4,70.0,1766712264235
4,70.0,1766712264745
4,70.0,1766712265313
4,70.0,1766712265889
4,70.0,1766712266501
4,70.0,1766712267058
4,70.0,1766712267614
4,70.0,1766712268165
4,70.0,1766712268687
4,69.0,1766712269296
4,70.0,1766712269843
4,70.0,1766712270407
4,70.0,1766712270911
4,70.0,1766712271430
4,70.0,1766712272035
4,70.0,1766712272608
4,70.0,1766712273161
4,69.0,1766712273671
4,70.0,1766712274262
4,70.0,1766712274833
4,70.0,1766712275428
4,69.0,1766712275940
4,70.0,1766712276450
4,70.0,1766712277045
4,70.0,1766712277703
4,69.0,1766712278252
4,70.0,1766712278754
4,70.0,1766712279277
4,70.0,1766712279915
4,70.0,1766712280521
4,70.0,1766712281028
4,70.0,1766712281527
4,70.0,1766712282062
4,70.0,1766712282797
4,70.0,1766712283336
4,70.0,1766712283833
4,70.0,1766712284345
4,69.0,1766712284965
4,69.0,1766712285609
4,70.0,1766712286118
4,70.0,1766712286622
4,70.0,1766712287138
4,70.0,1766712287905
4,70.0,1766712288502
4,70.0,1766712289007
4,70.0,1766712289517
4,70.0,1766712290144
4,70.0,1766712290841
4,70.0,1766712291353
4,70.0,1766712291861
4,70.0,1766712292369
4,69.0,1766712293023
4,70.0,1766712293621
4,70.0,1766712294121
4,70.0,1766712294622
4,70.0,1766712295267
4,70.0,1766712295833
4,70.0,1766712296341
4,70.0,1766712296852
4,69.0,1766712297411
4,70.0,1766712298109
4,70.0,1766712298660
4,70.0,1766712299158
4,69.0,1766712299675
4,70.0,1766712300262
4,70.0,1766712300879
4,70.0,1766712301398
4,70.0,1766712301908
4,70.0,1766712302522
4,70.0,1766712303065
4,70.0,1766712303657
4,70.0,1766712304168
4,70.0,1766712304691
4,70.0,1766712305287
4,70.0,1766712305844
4,70.0,1766712306400
4,70.0,1766712306921
4,70.0,1766712307526
4,70.0,1766712308064
4,70.0,1766712308656
4,70.0,1766712309203
4,70.0,1766712309712
4,70.0,1766712310312
4,69.0,1766712310856
4,70.0,1766712311461
4,70.0,1766712311977
4,70.0,1766712312496
4,69.0,1766712313098
4,70.0,1766712313661
4,70.0,1766712314209
4,70.0,1766712314724
4,70.0,1766712315339
4,70.0,1766712315908
4,70.0,1766712316515
4,70.0,1766712317079
4,70.0,1766712317603
4,70.0,1766712318206
4,70.0,1766712318734
4,70.0,1766712319343
4,69.0,1766712319869
4,69.0,1766712320490
4,70.0,1766712321052
4,70.0,1766712321606
4,70.0,1766712322140
4,70.0,1766712322679
4,70.0,1766712323242
4,70.0,1766712323749
4,69.0,1766712324291
4,70.0,1766712324851
4,70.0,1766712325409
4,70.0,1766712325973
4,69.0,1766712326481
4,70.0,1766712327051
4,70.0,1766712327638
4,70.0,1766712328214
4,70.0,1766712328725
4,70.0,1766712329226
4,70.0,1766712329789
4,70.0,1766712330394
4,69.0,1766712330953
4,70.0,1766712331471
4,70.0,1766712331978
4,70.0,1766712332602
4,70.0,1766712333226
4,70.0,1766712333768
4,70.0,1766712334277
4,70.0,1766712334794
4,70.0,1766712335456
4,70.0,1766712336049
4,70.0,1766712336551
4,70.0,1766712337062
4,69.0,1766712337624
4,70.0,1766712338373
4,70.0,1766712338887
4,70.0,1766712339386
4,69.0,1766712339897
4,69.0,1766712340624
4,70.0,1766712341245
4,70.0,1766712341746
4,70.0,1766712342243
4,70.0,1766712342835
4,70.0,1766712343505
4,70.0,1766712344019
4,70.0,1766712344516
4,70.0,1766712345036
4,70.0,1766712345751
4,70.0,1766712346306
4,70.0,1766712346809
4,69.0,1766712347327
4,70.0,1766712348013
4,70.0,1766712348648
4,70.0,1766712349158
4,70.0,1766712349662
4,70.0,1766712350216
4,70.0,1766712350855
4,70.0,1766712351421
4,70.0,1766712351936
4,69.0,1766712352453
4,70.0,1766712353054
4,70.0,1766712353652
4,70.0,1766712354201
4,69.0,1766712354713
4,70.0,1766712355330
4,70.0,1766712355913
4,70.0,1766712356482
4,70.0,1766712356999
4,70.0,1766712357518
4,70.0,1766712358080
4,70.0,1766712358615
4,70.0,1766712359211
4,70.0,1766712359735
4,70.0,1766712360339
4,70.0,1766712360889
4,69.0,1766712361441
4,70.0,1766712361990
4,70.0,1766712362519
4,70.0,1766712363101
4,70.0,1766712363620
4,70.0,1766712364186
4,67.0,1766712364735
4,69.0,1766712365305
4,69.0,1766712365883
4,69.0,1766712366407
4,70.0,1766712366996
4,70.0,1766712367531
4,69.0,1766712368130
4,70.0,1766712368633
4,70.0,1766712369177
4,70.0,1766712369762
4,69.0,1766712370377
4,70.0,1766712370918
4,70.0,1766712371421
4,70.0,1766712371990
4,70.0,1766712372605
4,69.0,1766712373171
4,70.0,1766712373676
4,70.0,1766712374188
4,70.0,1766712374801
4,69.0,1766712375434
4,70.0,1766712375994
4,70.0,1766712376496
4,70.0,1766712377013
4,69.0,1766712377664
4,70.0,1766712378274
4,70.0,1766712378789
4,69.0,1766712379293
4,69.0,1766712379820
4,70.0,1766712380435
4,70.0,1766712381028
4,70.0,1766712381548
4,70.0,1766712382042
4,70.0,1766712382611
5,70.0,1766712383165
5,69.0,1766712383762
5,70.0,1766712384277
5,70.0,1766712384779
5,69.0,1766712385370
5,70.0,1766712385968
5,70.0,1766712386559
5,70.0,1766712387076
5,70.0,1766712387581
5,70.0,1766712388200
5,69.0,1766712388801
5,70.0,1766712389367
5,70.0,1766712389886
5,70.0,1766712390418
5,70.0,1766712390990
5,70.0,1766712391533
5,69.0,1766712392131
5,70.0,1766712392636
5,70.0,1766712393163
5,70.0,1766712393773
5,69.0,1766712394378
5,70.0,1766712394914
5,70.0,1766712395419
5,69.0,1766712396007
5,69.0,1766712396692
5,70.0,1766712397246
5,70.0,1766712397746
5,69.0,1766712398259
5,70.0,1766712398893
5,70.0,1766712399558
5,70.0,1766712400069
5,70.0,1766712400573
5,70.0,1766712401170
5,69.0,1766712401806
5,69.0,1766712402366
5,70.0,1766712402867
5,69.0,1766712403382
5,70.0,1766712404012
5,70.0,1766712404629
5,70.0,1766712405140
5,69.0,1766712405648
5,70.0,1766712406236
5,70.0,1766712406890
5,70.0,1766712407426
5,69.0,1766712407960
5,70.0,1766712408472
5,70.0,1766712409233
5,70.0,1766712409836
5,70.0,1766712410336
5,70.0,1766712410839
5,70.0,1766712411429
5,70.0,1766712412127
5,70.0,1766712412641
5,70.0,1766712413139
5,69.0,1766712413662
5,70.0,1766712414304
5,70.0,1766712414874
5,68.0,1766712415381
5,70.0,1766712415877
5,70.0,1766712416461
5,70.0,1766712417114
5,69.0,1766712417653
5,70.0,1766712418154
5,70.0,1766712418701
5,70.0,1766712419279
5,70.0,1766712419848
5,70.0,1766712420357
5,69.0,1766712420878
5,70.0,1766712421477
5,70.0,1766712422115
5,69.0,1766712422682
5,70.0,1766712423196
5,69.0,1766712423714
5,69.0,1766712424316
5,69.0,1766712424952
5,70.0,1766712425470
5,69.0,1766712425971
5,70.0,1766712426492
5,69.0,1766712427131
5,70.0,1766712427715
5,69.0,1766712428214
5,70.0,1766712428715
5,70.0,1766712429330
5,70.0,1766712429962
5,69.0,1766712430477
5,70.0,1766712430983
5,70.0,1766712431546
5,70.0,1766712432162
5,69.0,1766712432728
5,69.0,1766712433239
5,70.0,1766712433753
5,69.0,1766712434360
5,70.0,1766712434972
5,70.0,1766712435525
5,70.0,1766712436031
5,69.0,1766712436551
5,70.0,1766712437214
5,70.0,1766712437832
5,69.0,1766712438340
5,69.0,1766712438848
5,69.0,1766712439383
5,70.0,1766712440051
5,70.0,1766712440596
5,70.0,1766712441101
5,69.0,1766712441619
5,70.0,1766712442229
5,70.0,1766712442832
5,70.0,1766712443354
5,69.0,1766712443860
5,70.0,1766712444399
5,70.0,1766712445001
5,69.0,1766712445617
5,69.0,1766712446127
5,69.0,1766712446647
5,70.0,1766712447262
5,70.0,1766712447862
5,70.0,1766712448433
5,70.0,1766712448934
5,69.0,1766712449454
5,70.0,1766712450064
5,70.0,1766712450674
5,70.0,1766712451231
5,70.0,1766712451735
5,70.0,1766712452350
5,70.0,1766712452927
5,70.0,1766712453531
5,70.0,1766712454058
5,69.0,1766712454574
5,70.0,1766712455156
5,70.0,1766712455729
5,70.0,1766712456284
5,70.0,1766712456798
5,70.0,1766712457325
5,69.0,1766712457917
5,69.0,1766712458515
5,69.0,1766712459073
5,70.0,1766712459580
5,70.0,1766712460156
5,70.0,1766712460730
5,69.0,1766712461313
5,70.0,1766712461839
5,70.0,1766712462346
5,69.0,1766712462917
5,69.0,1766712463497
5,70.0,1766712464115
5,70.0,1766712464638
5,69.0,1766712465145
5,70.0,1766712465753
5,70.0,1766712466336
5,70.0,1766712466933
5,69.0,1766712467446
5,69.0,1766712467994
5,70.0,1766712468572
5,70.0,1766712469135
5,70.0,1766712469679
5,70.0,1766712470192
5,70.0,1766712470797
5,70.0,1766712471345
5,70.0,1766712471960
5,69.0,1766712472526
5,70.0,1766712473042
5,70.0,1766712473653
5,69.0,1766712474190
5,70.0,1766712474803
5,70.0,1766712475328
5,70.0,1766712475844
5,70.0,1766712476456
5,69.0,1766712476999
5,69.0,1766712477587
5,70.0,1766712478102
5,69.0,1766712478652
5,70.0,1766712479210
5,70.0,1766712479760
5,70.0,1766712480318
5,69.0,1766712480842
5,70.0,1766712481481
5,70.0,1766712482027
5,70.0,1766712482625
5,67.0,1766712483174
5,69.0,1766712483700
5,69.0,1766712484264
5,69.0,1766712484790
5,70.0,1766712485402
5,70.0,1766712485979
5,69.0,1766712486587
5,70.0,1766712487102
5,70.0,1766712487630
5,70.0,1766712488229
5,70.0,1766712488797
5,70.0,1766712489344
5,69.0,1766712489851
5,70.0,1766712490369
5,70.0,1766712491008
5,70.0,1766712491595
5,69.0,1766712492115
5,70.0,1766712492621
5,70.0,1766712493173
5,69.0,1766712493740
5,70.0,1766712494337
5,70.0,1766712494864
5,70.0,1766712495367
5,69.0,1766712495948
5,70.0,1766712496511
5,70.0,1766712497108
5,70.0,1766712497631
5,69.0,1766712498147
5,70.0,1766712498734
5,70.0,1766712499270
5,70.0,1766712499867
5,70.0,1766712500376
5,70.0,1766712500903
5,70.0,1766712501501
5,69.0,1766712502087
5,70.0,1766712502642
5,70.0,1766712503152
5,70.0,1766712503718
5,70.0,1766712504269
5,69.0,1766712504866
5,70.0,1766712505419
5,70.0,1766712505923
5,70.0,1766712506550
5,69.0,1766712507119
5,70.0,1766712507704
5,70.0,1766712508244
5,69.0,1766712508773
5,70.0,1766712509379
5,70.0,1766712509911
5,70.0,1766712510493
5,70.0,1766712511010
5,70.0,1766712511535
5,70.0,1766712512128
5,70.0,1766712512690
5,70.0,1766712513234
5,70.0,1766712513740
5,70.0,1766712514294
5,70.0,1766712514851
5,69.0,1766712515451
5,70.0,1766712515986
5,70.0,1766712516490
5,70.0,1766712517063
5,70.0,1766712517697
5,70.0,1766712518249
5,70.0,1766712518756
5,70.0,1766712519259
5,70.0,1766712519904
5,70.0,1766712520553
5,70.0,1766712521054
5,70.0,1766712521559
5,70.0,1766712522115
5,70.0,1766712522812
5,70.0,1766712523335
5,70.0,1766712523835
5,70.0,1766712524335
5,70.0,1766712524885
5,70.0,1766712525591
5,70.0,1766712526101
5,70.0,1766712526597
5,70.0,1766712527121
5,70.0,1766712527810
5,69.0,1766712528382
5,70.0,1766712528887
5,70.0,1766712529403
5,70.0,1766712530018
5,70.0,1766712530623
5,69.0,1766712531145
5,70.0,1766712531645
5,70.0,1766712532238
5,70.0,1766712532838
5,69.0,1766712533453
5,70.0,1766712533964
5,70.0,1766712534470
5,69.0,1766712535094
5,69.0,1766712535779
5,70.0,1766712536347
5,70.0,1766712536862
5,69.0,1766712537389
5,69.0,1766712538033
5,70.0,1766712538645
5,70.0,1766712539156
5,70.0,1766712539659
5,70.0,1766712540224
5,69.0,1766712540817
5,70.0,1766712541383
5,70.0,1766712541893
5,70.0,1766712542405
5,70.0,1766712542998
5,70.0,1766712543557
5,69.0,1766712544098
5,70.0,1766712544596
5,70.0,1766712545121
5,70.0,1766712545723
5,69.0,1766712546338
5,69.0,1766712546853
5,70.0,1766712547356
5,70.0,1766712547929
5,70.0,1766712548551
5,69.0,1766712549121
5,70.0,1766712549626
5,70.0,1766712550189
5,69.0,1766712550740
5,70.0,1766712551344
5,70.0,1766712551909
5,70.0,1766712552460
5,69.0,1766712553015
5,70.0,1766712553531
5,70.0,1766712554129
5,70.0,1766712554651
5,70.0,1766712555270
5,70.0,1766712555826
5,70.0,1766712556351
5,70.0,1766712556939
5,70.0,1766712557475
5,70.0,1766712558066
5,70.0,1766712558577
5,70.0,1766712559105
5,69.0,1766712559701
5,70.0,1766712560306
5,70.0,1766712560869
5,70.0,1766712561392
5,70.0,1766712561980
5,70.0,1766712562566
5,70.0,1766712563150
5,70.0,1766712563657
5,70.0,1766712564161
5,70.0,1766712564773
5,70.0,1766712565428
5,69.0,1766712565966
5,69.0,1766712566467
5,70.0,1766712566983
5,70.0,1766712567705
5,70.0,1766712568289
5,70.0,1766712568794
5,70.0,1766712569297
5,70.0,1766712569823
5,70.0,1766712570546
5,70.0,1766712571101
5,70.0,1766712571604
5,70.0,1766712572139
5,70.0,1766712572734
5,69.0,1766712573352
5,70.0,1766712573865
5,70.0,1766712574370
5,69.0,1766712574961
5,70.0,1766712575607
5,70.0,1766712576174
5,70.0,1766712576679
5,70.0,1766712577190
5,69.0,1766712577816
5,69.0,1766712578472
5,70.0,1766712579021
5,70.0,1766712579518
5,69.0,1766712580044
5,69.0,1766712580662
5,70.0,1766712581266
5,70.0,1766712581774
5,70.0,1766712582275
5,70.0,1766712582837
5,70.0,1766712583477
5,70.0,1766712584025
5,70.0,1766712584521
5,70.0,1766712585022
5,70.0,1766712585649
5,70.0,1766712586334
5,70.0,1766712586842
5,70.0,1766712587342
5,70.0,1766712587896
5,70.0,1766712588665
5,70.0,1766712589223
5,69.0,1766712589726
5,70.0,1766712590221
5,70.0,1766712590851
5,70.0,1766712591410
5,70.0,1766712591915
5,70.0,1766712592413
5,69.0,1766712592956
5,70.0,1766712593705
5,69.0,1766712594215
5,70.0,1766712594717
5,70.0,1766712595234
5,70.0,1766712595959
5,70.0,1766712596560
5,70.0,1766712597069
5,70.0,1766712597573
5,70.0,1766712598153
5,70.0,1766712598861
5,69.0,1766712599379
5,70.0,1766712599879
5,70.0,1766712600397
5,69.0,1766712600992
5,68.0,1766712601596
5,69.0,1766712602112
5,68.0,1766712602621
5,69.0,1766712603220
5,69.0,1766712603825
5,70.0,1766712604375
5,70.0,1766712604881
5,69.0,1766712605434
5,69.0,1766712605979
5,70.0,1766712606573
5,70.0,1766712607127
5,69.0,1766712607647
5,70.0,1766712608226
5,70.0,1766712608756
5,69.0,1766712609353
5,70.0,1766712609871
5,69.0,1766712610435
5,70.0,1766712611000
5,70.0,1766712611557
5,69.0,1766712612113
5,70.0,1766712612632
5,70.0,1766712613223
5,69.0,1766712613745
5,70.0,1766712614348
5,70.0,1766712614913
5,70.0,1766712615433
5,70.0,1766712616016
5,70.0,1766712616519
5,70.0,1766712617152
5,70.0,1766712617721
5,70.0,1766712618331
5,70.0,1766712618844
5,70.0,1766712619377
5,69.0,1766712619974
5,70.0,1766712620553
5,69.0,1766712621093
5,70.0,1766712621590
5,70.0,1766712622125
5,69.0,1766712622743
5,70.0,1766712623326
5,69.0,1766712623841
5,70.0,1766712624343
5,69.0,1766712624861
5,69.0,1766712625494
5,69.0,1766712626080
5,70.0,1766712626595
5,68.0,1766712627099
5,70.0,1766712627658
5,70.0,1766712628321
5,69.0,1766712628879
5,68.0,1766712629389
5,69.0,1766712629911
5,69.0,1766712630499
5,70.0,1766712631092
5,70.0,1766712631608
5,69.0,1766712632111
5,70.0,1766712632651
5,69.0,1766712633283
5,69.0,1766712633841
5,70.0,1766712634346
5,70.0,1766712634865
5,70.0,1766712635476
5,69.0,1766712636094
5,70.0,1766712636648
5,70.0,1766712637150
5,70.0,1766712637725
5,69.0,1766712638275
5,69.0,1766712638858
5,70.0,1766712639394
5,70.0,1766712639906
5,69.0,1766712640532
5,69.0,1766712641105
5,70.0,1766712641735
5,70.0,1766712642255
5,69.0,1766712642779
5,70.0,1766712643360
5,69.0,1766712643903
5,70.0,1766712644487
5,69.0,1766712645005
5,69.0,1766712645522
5,70.0,1766712646097
5,70.0,1766712646633
5,69.0,1766712647203
5,70.0,1766712647726
5,70.0,1766712648286
5,70.0,1766712648838
5,70.0,1766712649451
5,69.0,1766712649999
5,70.0,1766712650501
5,69.0,1766712651072
5,69.0,1766712651623
5,69.0,1766712652239
5,70.0,1766712652781
5,70.0,1766712653290
5,69.0,1766712653911
5,69.0,1766712654532
5,70.0,1766712655088
5,70.0,1766712655590
5,70.0,1766712656106
5,69.0,1766712656688
5,70.0,1766712657248
5,70.0,1766712657805
5,70.0,1766712658416
5,69.0,1766712658929
5,69.0,1766712659446
5,70.0,1766712660061
5,68.0,1766712660674
5,69.0,1766712661197
5,69.0,1766712661702
5,68.0,1766712662232
5,68.0,1766712662890
5,69.0,1766712663516
5,69.0,1766712664034
5,70.0,1766712664533
5,69.0,1766712665051
5,69.0,1766712665685
5,70.0,1766712666244
5,70.0,1766712666755
5,69.0,1766712667259
5,70.0,1766712667869
5,70.0,1766712668488
5,70.0,1766712669048
5,69.0,1766712669555
5,70.0,1766712670069
5,69.0,1766712670689
5,70.0,1766712671334
5,69.0,1766712671854
5,70.0,1766712672355
5,70.0,1766712672867
5,70.0,1766712673501
5,70.0,1766712674112
5,69.0,1766712674627
5,69.0,1766712675129
5,69.0,1766712675652
5,69.0,1766712676333
5,69.0,1766712676885
5,69.0,1766712677387
5,69.0,1766712677884
5,70.0,1766712678430
5,70.0,1766712679117
5,70.0,1766712679630
5,70.0,1766712680131
5,69.0,1766712680642
5,69.0,1766712681316
5,70.0,1766712681933
5,70.0,1766712682442
5,69.0,1766712682950
5,69.0,1766712683613
5,69.0,1766712684264
5,69.0,1766712684770
5,69.0,1766712685266
5,70.0,1766712685849
5,70.0,1766712686487
5,70.0,1766712687035
5,69.0,1766712687543
5,69.0,1766712688050
5,70.0,1766712688679
5,70.0,1766712689297
5,70.0,1766712689817
5,69.0,1766712690328
5,70.0,1766712690927
5,69.0,1766712691542
5,70.0,1766712692097
5,69.0,1766712692608
5,69.0,1766712693132
5,70.0,1766712693734
5,69.0,1766712694305
5,70.0,1766712694852
5,69.0,1766712695355
5,69.0,1766712695892
5,70.0,1766712696519
5,70.0,1766712697118
5,70.0,1766712697638
5,70.0,1766712698166
5,69.0,1766712698734
5,69.0,1766712699273
5,70.0,1766712699854
5,70.0,1766712700380
5,70.0,1766712700908
5,69.0,1766712701496
5,70.0,1766712702021
5,70.0,1766712702596
5,70.0,1766712703131
5,69.0,1766712703703
5,70.0,1766712704212
5,70.0,1766712704794
5,69.0,1766712705350
5,70.0,1766712705941
5,70.0,1766712706502
5,69.0,1766712707032
5,69.0,1766712707669
5,70.0,1766712708217
5,69.0,1766712708826
5,70.0,1766712709343
5,70.0,1766712709859
5,69.0,1766712710462
5,70.0,1766712711006
5,70.0,1766712711603
5,69.0,1766712712117
5,70.0,1766712712640
5,69.0,1766712713236
5,70.0,1766712713816
5,69.0,1766712714365
5,70.0,1766712714872
5,70.0,1766712715400
5,70.0,1766712716028
5,68.0,1766712716650
5,69.0,1766712717166
5,70.0,1766712717662
5,70.0,1766712718211
5,69.0,1766712718797
5,69.0,1766712719401
5,68.0,1766712719909
5,68.0,1766712720414
5,69.0,1766712720958
5,69.0,1766712721589
5,70.0,1766712722137
5,68.0,1766712722646
5,69.0,1766712723160
5,70.0,1766712723757
5,69.0,1766712724365
5,69.0,1766712724909
5,69.0,1766712725409
5,70.0,1766712725968
5,70.0,1766712726583
5,68.0,1766712727131
5,69.0,1766712727640
5,69.0,1766712728217
5,70.0,1766712728785
5,68.0,1766712729379
5,70.0,1766712729929
5,69.0,1766712730452
5,70.0,1766712731059
5,69.0,1766712731625
5,69.0,1766712732183
5,70.0,1766712732693
5,69.0,1766712733241
5,70.0,1766712733802
5,69.0,1766712734383
5,70.0,1766712734943
5,70.0,1766712735450
5,69.0,1766712735998
5,70.0,1766712736543
5,70.0,1766712737145
5,69.0,1766712737692
5,69.0,1766712738222
5,69.0,1766712738830
5,70.0,1766712739358
5,69.0,1766712739963
5,69.0,1766712740479
5,70.0,1766712741048
5,69.0,1766712741593
5,69.0,1766712742129
5,69.0,1766712742709
5,69.0,1766712743215
5,70.0,1766712743771
5,69.0,1766712744332
5,69.0,1766712744971
5,69.0,1766712745534
5,70.0,1766712746034
5,69.0,1766712746602
5,69.0,1766712747174
5,70.0,1766712747759
5,70.0,1766712748286
5,69.0,1766712748791
5,69.0,1766712749362
5,69.0,1766712749943
5,70.0,1766712750529
5,69.0,1766712751050
5,70.0,1766712751575
5,69.0,1766712752167
5,70.0,1766712752711
5,69.0,1766712753290
5,69.0,1766712753790
5,70.0,1766712754376
5,69.0,1766712754933
5,69.0,1766712755534
5,69.0,1766712756049
5,69.0,1766712756625
5,70.0,1766712757174
5,69.0,1766712757731
5,70.0,1766712758283
5,70.0,1766712758842
5,69.0,1766712759387
5,69.0,1766712759893
5,69.0,1766712760473
5,70.0,1766712761059
5,70.0,1766712761674
5,69.0,1766712762190
5,70.0,1766712762699
5,69.0,1766712763280
5,69.0,1766712763917
5,70.0,1766712764471
5,70.0,1766712764970
5,70.0,1766712765529
5,69.0,1766712766099
5,69.0,1766712766713
5,69.0,1766712767224
5,70.0,1766712767743
5,69.0,1766712768317
5,69.0,1766712769007
5,70.0,1766712769565
5,70.0,1766712770065
5,69.0,1766712770574
5,69.0,1766712771189
5,69.0,1766712771805
5,69.0,1766712772315
5,69.0,1766712772816
5,69.0,1766712773371
5,69.0,1766712774088
5,69.0,1766712774611
5,69.0,1766712775111
5,69.0,1766712775606
5,69.0,1766712776183
5,69.0,1766712776856
5,69.0,1766712777356
5,69.0,1766712777868
5,69.0,1766712778410
5,70.0,1766712779139
5,69.0,1766712779648
5,70.0,1766712780154
5,69.0,1766712780680
5,69.0,1766712781430
5,69.0,1766712781981
5,69.0,1766712782485
5,70.0,1766712782989
5,69.0,1766712783695
5,69.0,1766712784306
5,69.0,1766712784811
5,70.0,1766712785313
5,69.0,1766712785861
5,69.0,1766712786475
5,69.0,1766712787009
5,69.0,1766712787511
5,69.0,1766712788021
5,69.0,1766712788669
5,69.0,1766712789260
5,69.0,1766712789764
5,69.0,1766712790272
5,69.0,1766712790785
5,69.0,1766712791520
5,69.0,1766712792092
5,69.0,1766712792589
5,69.0,1766712793089
5,70.0,1766712793641
5,69.0,1766712794351
5,69.0,1766712794873
5,69.0,1766712795381
5,69.0,1766712795881
5,70.0,1766712796460
5,69.0,1766712797181
5,69.0,1766712797695
5,70.0,1766712798193
5,70.0,1766712798694
5,69.0,1766712799346
5,69.0,1766712799954
5,69.0,1766712800458
5,70.0,1766712800955
5,70.0,1766712801473
5,69.0,1766712802161
5,69.0,1766712802722
5,70.0,1766712803223
5,70.0,1766712803726
5,69.0,1766712804320
5,69.0,1766712805011
5,70.0,1766712805521
5,70.0,1766712806024
5,70.0,1766712806551
5,69.0,1766712807268
5,70.0,1766712807844
5,70.0,1766712808356
5,70.0,1766712808860
5,69.0,1766712809477
5,69.0,1766712810131
5,70.0,1766712810658
5,69.0,1766712811163
5,69.0,1766712811728
5,70.0,1766712812310
5,69.0,1766712812907
5,70.0,1766712813423
5,69.0,1766712813933
5,69.0,1766712814529
5,70.0,1766712815099
5,68.0,1766712815649
5,69.0,1766712816163
5,70.0,1766712816678
5,70.0,1766712817269
5,70.0,1766712817827
5,69.0,1766712818389
5,69.0,1766712818907
5,70.0,1766712819512
5,69.0,1766712820070
5,69.0,1766712820670
5,69.0,1766712821188
5,68.0,1766712821738
5,69.0,1766712822291
5,70.0,1766712822818
5,69.0,1766712823414
5,69.0,1766712823942
5,69.0,1766712824559
5,69.0,1766712825081
5,69.0,1766712825603
5,69.0,1766712826194
5,69.0,1766712826728
5,69.0,1766712827311
5,69.0,1766712827843
5,68.0,1766712828404
5,69.0,1766712828960
5,70.0,1766712829550
5,70.0,1766712830059
5,69.0,1766712830565
5,69.0,1766712831130
5,70.0,1766712831747
5,69.0,1766712832290
5,69.0,1766712832791
5,69.0,1766712833320
5,69.0,1766712833943
5,69.0,1766712834517
5,68.0,1766712835018
5,70.0,1766712835519
5,69.0,1766712836067
5,69.0,1766712836726
5,69.0,1766712837281
5,69.0,1766712837781
5,68.0,1766712838275
5,69.0,1766712838889
5,69.0,1766712839609
5,69.0,1766712840120
5,69.0,1766712840618
5,69.0,1766712841130
5,68.0,1766712841803
5,69.0,1766712842377
5,69.0,1766712842875
5,68.0,1766712843375
5,69.0,1766712843935
5,69.0,1766712844641
5,69.0,1766712845157
5,69.0,1766712845657
5,69.0,1766712846160
5,69.0,1766712846811
5,69.0,1766712847423
5,69.0,1766712847932
5,69.0,1766712848438
5,69.0,1766712849014
5,70.0,1766712849630
5,70.0,1766712850189
5,69.0,1766712850688
5,69.0,1766712851249
5,69.0,1766712851814
5,69.0,1766712852398
5,69.0,1766712852913
5,69.0,1766712853430
5,69.0,1766712854013
5,69.0,1766712854540
5,69.0,1766712855141
5,69.0,1766712855665
5,69.0,1766712856264
5,69.0,1766712856791
5,69.0,1766712857347
5,69.0,1766712857899
5,69.0,1766712858504
5,69.0,1766712859052
5,69.0,1766712859552
5,70.0,1766712860138
5,69.0,1766712860704
5,69.0,1766712861321
5,70.0,1766712861824
5,70.0,1766712862337
5,68.0,1766712862930
5,69.0,1766712863563
5,69.0,1766712864082
5,69.0,1766712864581
5,69.0,1766712865090
5,69.0,1766712865718
5,69.0,1766712866331
5,69.0,1766712866838
5,68.0,1766712867340
5,70.0,1766712867877
5,69.0,1766712868547
5,69.0,1766712869099
5,68.0,1766712869605
5,69.0,1766712870108
5,69.0,1766712870645
5,69.0,1766712871420
5,68.0,1766712871936
5,69.0,1766712872433
5,69.0,1766712872942
5,70.0,1766712873666
5,70.0,1766712874313
5,69.0,1766712874817
5,69.0,1766712875320
5,69.0,1766712875894
5,69.0,1766712876613
5,69.0,1766712877129
5,69.0,1766712877628
5,69.0,1766712878146
5,69.0,1766712878770
5,68.0,1766712879334
5,70.0,1766712879834
5,69.0,1766712880336
5,68.0,1766712880913
5,69.0,1766712881575
5,69.0,1766712882127
5,69.0,1766712882629
5,69.0,1766712883147
5,69.0,1766712883762
5,69.0,1766712884392
5,69.0,1766712884916
5,69.0,1766712885446
5,69.0,1766712886019
5,69.0,1766712886549
5,69.0,1766712887101
5,69.0,1766712887628
5,69.0,1766712888215
5,69.0,1766712888767
5,69.0,1766712889363
5,68.0,1766712889928
5,69.0,1766712890473
5,69.0,1766712891016
5,69.0,1766712891533
5,69.0,1766712892115
5,69.0,1766712892649
5,69.0,1766712893269
5,69.0,1766712893820
5,68.0,1766712894344
5,69.0,1766712894931
5,69.0,1766712895482
5,69.0,1766712896057
5,69.0,1766712896557
5,69.0,1766712897086
5,69.0,1766712897721
5,69.0,1766712898303
5,69.0,1766712898817
5,69.0,1766712899320
5,69.0,1766712899872
5,69.0,1766712900528
5,69.0,1766712901087
5,69.0,1766712901587
5,69.0,1766712902090
5,69.0,1766712902707
5,69.0,1766712903349
5,69.0,1766712903850
5,69.0,1766712904351
5,69.0,1766712904938
5,69.0,1766712905632
5,69.0,1766712906141
5,69.0,1766712906643
5,69.0,1766712907157
5,69.0,1766712907837
6,69.0,1766712908362
6,69.0,1766712908862
6,69.0,1766712909357
6,69.0,1766712909888
6,69.0,1766712910607
6,69.0,1766712911125
6,69.0,1766712911626
6,69.0,1766712912152
6,69.0,1766712912786
6,69.0,1766712913395
6,68.0,1766712913909
6,69.0,1766712914413
6,69.0,1766712915012
6,69.0,1766712915639
6,69.0,1766712916167
6,69.0,1766712916667
6,69.0,1766712917191
6,69.0,1766712917823
6,69.0,1766712918378
6,69.0,1766712918892
6,69.0,1766712919409
6,68.0,1766712920026
6,69.0,1766712920625
6,69.0,1766712921178
6,69.0,1766712921694
6,68.0,1766712922260
6,69.0,1766712922834
6,69.0,1766712923434
6,69.0,1766712923956
6,69.0,1766712924479
6,69.0,1766712925073
6,69.0,1766712925590
6,69.0,1766712926206
6,69.0,1766712926731
6,69.0,1766712927331
6,69.0,1766712927832
6,69.0,1766712928359
6,69.0,1766712928940
6,69.0,1766712929503
6,69.0,1766712930046
6,69.0,1766712930549
6,69.0,1766712931074
6,69.0,1766712931689
6,69.0,1766712932274
6,69.0,1766712932781
6,69.0,1766712933277
6,69.0,1766712933822
6,69.0,1766712934417
6,69.0,1766712934958
6,69.0,1766712935465
6,69.0,1766712935992
6,69.0,1766712936621
6,69.0,1766712937238
6,69.0,1766712937760
6,69.0,1766712938262
6,69.0,1766712938838
6,69.0,1766712939412
6,69.0,1766712940036
6,69.0,1766712940544
6,69.0,1766712941049
6,69.0,1766712941658
6,69.0,1766712942301
6,69.0,1766712942811
6,69.0,1766712943313
6,69.0,1766712943823
6,69.0,1766712944483
6,69.0,1766712945077
6,69.0,1766712945585
6,69.0,1766712946092
6,69.0,1766712946607
6,69.0,1766712947329
6,69.0,1766712947904
6,69.0,1766712948407
6,69.0,1766712948905
6,69.0,1766712949453
6,69.0,1766712950191
6,69.0,1766712950694
6,69.0,1766712951195
6,69.0,1766712951718
6,69.0,1766712952434
6,69.0,1766712952994
6,69.0,1766712953504
6,69.0,1766712954018
6,69.0,1766712954653
6,69.0,1766712955292
6,69.0,1766712955797
6,64.0,1766712956295
6,68.0,1766712956809
6,69.0,1766712957490
6,69.0,1766712958036
6,69.0,1766712958545
6,69.0,1766712959073
6,69.0,1766712959654
6,69.0,1766712960261
6,69.0,1766712960762
6,69.0,1766712961263
6,69.0,1766712961847
6,69.0,1766712962495
6,69.0,1766712963031
6,68.0,1766712963534
6,69.0,1766712964061
6,69.0,1766712964653
6,69.0,1766712965241
6,69.0,1766712965750
6,69.0,1766712966260
6,69.0,1766712966828
6,69.0,1766712967462
6,69.0,1766712968034
6,69.0,1766712968541
6,69.0,1766712969133
6,69.0,1766712969697
6,69.0,1766712970318
6,69.0,1766712970847
6,69.0,1766712971372
6,69.0,1766712971928
6,69.0,1766712972459
6,69.0,1766712973042
6,69.0,1766712973571
6,69.0,1766712974171
6,69.0,1766712974689
6,69.0,1766712975257
6,69.0,1766712975807
6,69.0,1766712976342
6,69.0,1766712976940
6,69.0,1766712977453
6,69.0,1766712978032
6,70.0,1766712978598
6,68.0,1766712979206
6,69.0,1766712979740
6,69.0,1766712980248
6,68.0,1766712980835
6,69.0,1766712981476
6,69.0,1766712982008
6,69.0,1766712982505
6,69.0,1766712983026
6,69.0,1766712983718
6,69.0,1766712984293
6,69.0,1766712984791
6,69.0,1766712985291
6,69.0,1766712985833
6,69.0,1766712986586
6,69.0,1766712987097
6,69.0,1766712987602
6,69.0,1766712988105
6,69.0,1766712988765
6,70.0,1766712989411
6,70.0,1766712989917
6,69.0,1766712990426
6,69.0,1766712990954
6,69.0,1766712991704
6,69.0,1766712992270
6,69.0,1766712992775
6,69.0,1766712993284
6,69.0,1766712993948
6,69.0,1766712994593
6,69.0,1766712995093
6,69.0,1766712995592
6,69.0,1766712996141
6,69.0,1766712996885
6,69.0,1766712997395
6,68.0,1766712997901
6,70.0,1766712998412
6,69.0,1766712999093
6,69.0,1766712999665
6,68.0,1766713000176
6,69.0,1766713000683
6,70.0,1766713001286
6,69.0,1766713001877
6,69.0,1766713002428
6,69.0,1766713002933
6,69.0,1766713003477
6,69.0,1766713004029
6,69.0,1766713004654
6,69.0,1766713005177
6,69.0,1766713005691
6,70.0,1766713006274
6,69.0,1766713006799
6,69.0,1766713007397
6,69.0,1766713007970
6,70.0,1766713008559
6,69.0,1766713009066
6,69.0,1766713009646
6,69.0,1766713010219
6,69.0,1766713010835
6,69.0,1766713011382
6,69.0,1766713011894
6,70.0,1766713012520
6,69.0,1766713013086
6,69.0,1766713013692
6,69.0,1766713014189
6,69.0,1766713014713
6,69.0,1766713015349
6,68.0,1766713015950
6,69.0,1766713016453
6,69.0,1766713016956
6,69.0,1766713017474
6,69.0,1766713018119
6,69.0,1766713018685
6,70.0,1766713019196
6,69.0,1766713019697
6,69.0,1766713020227
6,69.0,1766713020889
6,69.0,1766713021455
6,70.0,1766713021971
6,69.0,1766713022465
6,69.0,1766713023001
6,69.0,1766713023683
6,70.0,1766713024256
6,69.0,1766713024762
6,69.0,1766713025272
6,70.0,1766713025885
6,69.0,1766713026615
6,70.0,1766713027135
6,69.0,1766713027634
6,69.0,1766713028151
6,69.0,1766713028777
6,69.0,1766713029385
6,69.0,1766713029893
6,69.0,1766713030389
6,68.0,1766713030911
6,68.0,1766713031656
6,69.0,1766713032227
6,69.0,1766713032730
6,68.0,1766713033230
6,69.0,1766713033786
6,69.0,1766713034511
6,69.0,1766713035030
6,69.0,1766713035533
6,69.0,1766713036032
6,69.0,1766713036604
6,69.0,1766713037257
6,69.0,1766713037767
6,69.0,1766713038263
6,70.0,1766713038796
6,70.0,1766713039529
6,69.0,1766713040061
6,68.0,1766713040560
6,70.0,1766713041068
6,69.0,1766713041813
6,70.0,1766713042445
6,70.0,1766713042949
6,69.0,1766713043450
6,69.0,1766713044017
6,69.0,1766713044722
6,70.0,1766713045234
6,69.0,1766713045736
6,69.0,1766713046267
6,70.0,1766713046944
6,69.0,1766713047509
6,69.0,1766713048018
6,70.0,1766713048520
6,69.0,1766713049118
6,69.0,1766713049796
6,69.0,1766713050360
6,69.0,1766713050870
6,70.0,1766713051449
6,70.0,1766713052030
6,68.0,1766713052639
6,69.0,1766713053161
6,69.0,1766713053667
6,70.0,1766713054236
6,70.0,1766713054790
6,69.0,1766713055371
6,70.0,1766713055883
6,69.0,1766713056417
6,69.0,1766713057023
6,69.0,1766713057541
6,70.0,1766713058141
6,70.0,1766713058665
6,69.0,1766713059241
6,70.0,1766713059756
6,70.0,1766713060295
6,68.0,1766713060897
6,69.0,1766713061464
6,69.0,1766713062023
6,70.0,1766713062525
6,70.0,1766713063105
6,69.0,1766713063678
6,69.0,1766713064269
6,70.0,1766713064811
6,69.0,1766713065324
6,69.0,1766713065940
6,70.0,1766713066515
6,69.0,1766713067114
6,68.0,1766713067631
6,69.0,1766713068157
6,69.0,1766713068728
6,70.0,1766713069326
6,68.0,1766713069844
6,69.0,1766713070349
6,70.0,1766713070877
6,69.0,1766713071485
6,70.0,1766713072064
6,69.0,1766713072577
6,69.0,1766713073079
6,69.0,1766713073604
6,69.0,1766713074290
6,67.0,1766713074857
6,69.0,1766713075365
6,69.0,1766713075866
6,69.0,1766713076453
6,69.0,1766713077166
6,69.0,1766713077696
6,69.0,1766713078201
6,69.0,1766713078710
6,69.0,1766713079358
6,69.0,1766713079963
6,69.0,1766713080472
6,68.0,1766713080973
6,70.0,1766713081541
6,70.0,1766713082181
6,70.0,1766713082713
6,69.0,1766713083212
6,70.0,1766713083793
6,70.0,1766713084427
6,70.0,1766713084973
6,70.0,1766713085468
6,69.0,1766713085973
6,70.0,1766713086664
6,70.0,1766713087281
6,70.0,1766713087778
6,69.0,1766713088283
6,69.0,1766713088813
6,69.0,1766713089537
6,69.0,1766713090076
6,69.0,1766713090579
6,69.0,1766713091079
6,69.0,1766713091639
6,70.0,1766713092355
6,69.0,1766713092860
6,70.0,1766713093365
6,69.0,1766713093885
6,69.0,1766713094621
6,69.0,1766713095153
6,69.0,1766713095649
6,69.0,1766713096150
6,70.0,1766713096710
6,70.0,1766713097405
6,69.0,1766713097921
6,70.0,1766713098417
6,69.0,1766713098968
6,69.0,1766713099585
6,70.0,1766713100155
6,70.0,1766713100667
6,69.0,1766713101166
6,70.0,1766713101726
6,70.0,1766713102353
6,69.0,1766713102914
6,69.0,1766713103418
6,70.0,1766713103936
6,69.0,1766713104531
6,70.0,1766713105117
6,70.0,1766713105642
6,70.0,1766713106151
6,70.0,1766713106766
6,70.0,1766713107335
6,69.0,1766713107926
6,70.0,1766713108447
6,70.0,1766713108988
6,69.0,1766713109564
6,70.0,1766713110085
6,70.0,1766713110652
6,69.0,1766713111177
6,69.0,1766713111782
6,70.0,1766713112319
6,70.0,1766713112870
6,70.0,1766713113432
6,70.0,1766713113997
6,69.0,1766713114535
6,70.0,1766713115041
6,68.0,1766713115625
6,70.0,1766713116260
6,70.0,1766713116809
6,70.0,1766713117314
6,69.0,1766713117827
6,70.0,1766713118439
6,70.0,1766713119108
6,70.0,1766713119619
6,69.0,1766713120123
6,70.0,1766713120649
6,70.0,1766713121293
6,70.0,1766713121871
6,70.0,1766713122376
6,70.0,1766713122881
6,70.0,1766713123460
6,69.0,1766713124119
6,70.0,1766713124631
6,69.0,1766713125134
6,70.0,1766713125630
6,69.0,1766713126264
6,69.0,1766713126901
6,70.0,1766713127407
6,70.0,1766713127934
6,70.0,1766713128464
6,69.0,1766713129214
6,70.0,1766713129734
6,70.0,1766713130234
6,69.0,1766713130746
6,70.0,1766713131378
6,70.0,1766713132008
6,70.0,1766713132515
6,69.0,1766713133025
6,69.0,1766713133547
6,70.0,1766713134254
6,70.0,1766713134816
6,70.0,1766713135325
6,69.0,1766713135825
6,70.0,1766713136425
6,70.0,1766713137045
6,70.0,1766713137546
6,70.0,1766713138049
6,70.0,1766713138592
6,70.0,1766713139345
6,70.0,1766713139861
6,70.0,1766713140369
6,70.0,1766713140886
6,70.0,1766713141538
6,70.0,1766713142090
6,69.0,1766713142600
6,70.0,1766713143111
6,70.0,1766713143670
6,70.0,1766713144333
6,70.0,1766713144891
6,70.0,1766713145400
6,70.0,1766713145913
6,69.0,1766713146494
6,70.0,1766713147092
6,70.0,1766713147631
6,70.0,1766713148130
6,70.0,1766713148670
6,70.0,1766713149313
6,70.0,1766713149874
6,70.0,1766713150388
6,70.0,1766713150896
6,70.0,1766713151515
6,70.0,1766713152141
6,70.0,1766713152666
6,69.0,1766713153174
6,70.0,1766713153782
6,70.0,1766713154345
6,70.0,1766713154925
6,69.0,1766713155449
6,70.0,1766713156031
6,70.0,1766713156568
6,70.0,1766713157086
6,70.0,1766713157678
6,70.0,1766713158274
6,70.0,1766713158837
6,70.0,1766713159336
6,70.0,1766713159901
6,70.0,1766713160470
6,70.0,1766713161065
6,70.0,1766713161573
6,70.0,1766713162081
6,70.0,1766713162673
6,70.0,1766713163335
6,70.0,1766713163892
6,70.0,1766713164393
6,70.0,1766713164906
6,70.0,1766713165525
6,70.0,1766713166136
6,70.0,1766713166645
6,70.0,1766713167155
6,70.0,1766713167679
6,69.0,1766713168421
6,70.0,1766713168988
6,70.0,1766713169491
6,70.0,1766713169991
6,70.0,1766713170577
6,70.0,1766713171274
6,70.0,1766713171782
6,70.0,1766713172282
6,70.0,1766713172806
6,69.0,1766713173498
6,70.0,1766713174077
6,70.0,1766713174587
6,69.0,1766713175100
6,69.0,1766713175739
6,69.0,1766713176414
6,70.0,1766713176929
6,70.0,1766713177437
6,70.0,1766713177958
6,70.0,1766713178604
6,70.0,1766713179149
6,70.0,1766713179659
6,70.0,1766713180191
6,70.0,1766713180770
6,70.0,1766713181367
6,70.0,1766713181939
6,70.0,1766713182444
6,70.0,1766713182969
6,70.0,1766713183558
6,70.0,1766713184168
6,69.0,1766713184722
6,70.0,1766713185228
6,70.0,1766713185805
6,69.0,1766713186353
6,70.0,1766713186955
6,70.0,1766713187479
6,70.0,1766713188091
6,70.0,1766713188645
6,70.0,1766713189170
6,70.0,1766713189755
6,70.0,1766713190297
6,70.0,1766713190876
6,70.0,1766713191385
6,70.0,1766713191907
6,70.0,1766713192537
6,68.0,1766713193145
6,68.0,1766713193698
6,70.0,1766713194201
6,70.0,1766713194791
6,69.0,1766713195402
6,70.0,1766713195960
6,69.0,1766713196473
6,70.0,1766713196979
6,70.0,1766713197573
6,70.0,1766713198164
6,70.0,1766713198705
6,70.0,1766713199209
6,69.0,1766713199715
6,70.0,1766713200343
6,70.0,1766713200957
6,70.0,1766713201463
6,70.0,1766713201977
6,70.0,1766713202508
6,70.0,1766713203250
6,70.0,1766713203777
6,70.0,1766713204279
6,70.0,1766713204780
6,70.0,1766713205373
6,70.0,1766713206034
6,70.0,1766713206540
6,70.0,1766713207039
6,70.0,1766713207573
6,70.0,1766713208246
6,70.0,1766713208814
6,70.0,1766713209326
6,70.0,1766713209853
6,70.0,1766713210477
6,69.0,1766713211086
6,69.0,1766713211599
6,70.0,1766713212098
6,70.0,1766713212641
6,70.0,1766713213249
6,70.0,1766713213812
6,70.0,1766713214322
6,70.0,1766713214839
6,69.0,1766713215461
6,70.0,1766713216103
6,70.0,1766713216666
6,70.0,1766713217175
6,69.0,1766713217696
6,70.0,1766713218305
6,70.0,1766713218928
6,70.0,1766713219440
6,70.0,1766713219948
6,69.0,1766713220565
6,70.0,1766713221161
6,70.0,1766713221709
6,70.0,1766713222229
6,70.0,1766713222749
6,70.0,1766713223340
6,70.0,1766713223908
6,69.0,1766713224458
6,70.0,1766713224972
6,70.0,1766713225581
6,70.0,1766713226130
6,70.0,1766713226719
6,70.0,1766713227276
6,70.0,1766713227847
6,70.0,1766713228412
6,70.0,1766713228969
6,70.0,1766713229521
6,70.0,1766713230046
6,70.0,1766713230637
6,69.0,1766713231141
6,70.0,1766713231690
6,70.0,1766713232247
6,70.0,1766713232829
6,70.0,1766713233370
6,70.0,1766713233875
6,70.0,1766713234451
6,70.0,1766713235065
6,70.0,1766713235622
6,70.0,1766713236125
6,70.0,1766713236629
6,69.0,1766713237229
6,70.0,1766713237875
6,70.0,1766713238387
6,70.0,1766713238887
6,69.0,1766713239401
6,70.0,1766713240066
6,70.0,1766713240646
6,70.0,1766713241146
6,70.0,1766713241650
6,70.0,1766713242192
6,70.0,1766713242938
6,70.0,1766713243445
6,70.0,1766713243946
6,70.0,1766713244447
6,70.0,1766713245064
6,70.0,1766713245715
6,70.0,1766713246223
6,70.0,1766713246726
6,70.0,1766713247250
6,70.0,1766713248013
6,70.0,1766713248558
6,70.0,1766713249062
6,70.0,1766713249593
6,70.0,1766713250176
6,70.0,1766713250765
6,70.0,1766713251282
6,70.0,1766713251778
6,70.0,1766713252356
6,70.0,1766713252946
6,69.0,1766713253548
6,70.0,1766713254059
6,70.0,1766713254582
6,70.0,1766713255187
6,70.0,1766713255758
6,70.0,1766713256301
6,70.0,1766713256799
6,70.0,1766713257386
6,69.0,1766713257995
6,70.0,1766713258554
6,70.0,1766713259061
6,70.0,1766713259581
6,70.0,1766713260170
6,70.0,1766713260758
6,70.0,1766713261316
6,70.0,1766713261833
6,70.0,1766713262420
6,70.0,1766713262925
6,70.0,1766713263553
6,70.0,1766713264109
6,70.0,1766713264706
6,70.0,1766713265210
6,70.0,1766713265726
6,70.0,1766713266334
6,70.0,1766713266995
6,70.0,1766713267542
6,70.0,1766713268051
6,69.0,1766713268574
6,69.0,1766713269187
6,70.0,1766713269790
6,70.0,1766713270297
6,70.0,1766713270799
6,70.0,1766713271369
6,70.0,1766713272006
6,70.0,1766713272541
6,70.0,1766713273041
6,70.0,1766713273593
6,70.0,1766713274210
6,70.0,1766713274755
6,69.0,1766713275255
6,70.0,1766713275756
6,70.0,1766713276400
6,70.0,1766713277077
6,70.0,1766713277586
6,70.0,1766713278089
6,70.0,1766713278598
6,70.0,1766713279266
6,70.0,1766713279864
6,70.0,1766713280357
6,70.0,1766713280858
6,70.0,1766713281412
6,70.0,1766713282176
6,70.0,1766713282685
6,70.0,1766713283193
6,70.0,1766713283696
6,70.0,1766713284405
6,70.0,1766713285025
6,70.0,1766713285525
6,70.0,1766713286031
6,70.0,1766713286565
6,69.0,1766713287272
6,70.0,1766713287803
6,70.0,1766713288308
6,70.0,1766713288827
6,70.0,1766713289453
6,69.0,1766713290057
6,70.0,1766713290574
6,70.0,1766713291074
6,70.0,1766713291598
6,70.0,1766713292258
6,70.0,1766713292820
6,70.0,1766713293339
6,70.0,1766713293846
6,70.0,1766713294460
6,70.0,1766713295071
6,70.0,1766713295619
6,70.0,1766713296128
6,69.0,1766713296692
6,70.0,1766713297239
6,70.0,1766713297835
6,70.0,1766713298398
6,70.0,1766713298928
6,70.0,1766713299522
6,70.0,1766713300047
6,70.0,1766713300640
6,70.0,1766713301157
6,70.0,1766713301734
6,70.0,1766713302291
6,70.0,1766713302814
6,70.0,1766713303392
6,70.0,1766713303918
6,70.0,1766713304496
6,69.0,1766713305011
6,70.0,1766713305638
6,70.0,1766713306201
6,70.0,1766713306774
6,69.0,1766713307325
6,70.0,1766713307887
6,70.0,1766713308466
6,70.0,1766713309000
6,70.0,1766713309575
6,70.0,1766713310079
6,70.0,1766713310601
6,70.0,1766713311220
6,69.0,1766713311841
6,70.0,1766713312353
6,70.0,1766713312855
6,70.0,1766713313402
6,69.0,1766713314017
6,70.0,1766713314565
6,70.0,1766713315069
6,70.0,1766713315572
6,70.0,1766713316168
6,70.0,1766713316820
6,70.0,1766713317329
6,70.0,1766713317830
6,70.0,1766713318391
6,70.0,1766713319033
6,70.0,1766713319554
6,70.0,1766713320051
6,70.0,1766713320549
6,70.0,1766713321164
6,70.0,1766713321826
6,70.0,1766713322333
6,70.0,1766713322833
6,70.0,1766713323356
6,70.0,1766713324063
6,70.0,1766713324617
6,70.0,1766713325119
6,70.0,1766713325627
6,70.0,1766713326273
6,70.0,1766713326876
6,69.0,1766713327392
6,70.0,1766713327891
6,70.0,1766713328431
6,70.0,1766713329046
6,70.0,1766713329585
6,70.0,1766713330084
6,70.0,1766713330589
6,70.0,1766713331257
6,70.0,1766713331944
6,70.0,1766713332451
6,70.0,1766713332951
6,70.0,1766713333471
6,70.0,1766713334171
6,70.0,1766713334707
6,70.0,1766713335211
6,69.0,1766713335734
6,69.0,1766713336438
6,70.0,1766713337001
6,70.0,1766713337509
6,70.0,1766713338023
6,70.0,1766713338633
6,70.0,1766713339309
6,70.0,1766713339832
6,70.0,1766713340330
6,70.0,1766713340886
6,70.0,1766713341470
6,70.0,1766713342069
6,70.0,1766713342584
6,70.0,1766713343117
6,70.0,1766713343677
6,70.0,1766713344245
6,70.0,1766713344793
6,70.0,1766713345302
6,70.0,1766713345901
6,70.0,1766713346467
6,70.0,1766713347013
6,70.0,1766713347520
6,70.0,1766713348041
6,70.0,1766713348626
6,70.0,1766713349220
6,70.0,1766713349742
6,70.0,1766713350248
6,70.0,1766713350820
6,69.0,1766713351419
6,70.0,1766713352005
6,70.0,1766713352520
6,70.0,1766713353037
6,70.0,1766713353619
6,70.0,1766713354150
6,70.0,1766713354741
6,70.0,1766713355264
6,70.0,1766713355831
6,70.0,1766713356379
6,70.0,1766713356927
6,71.0,1766713357475
6,70.0,1766713358007
6,70.0,1766713358566
6,70.0,1766713359074
6,70.0,1766713359606
6,70.0,1766713360197
6,70.0,1766713360826
6,70.0,1766713361348
6,70.0,1766713361845
6,70.0,1766713362427
6,70.0,1766713363067
6,70.0,1766713363641
6,70.0,1766713364144
6,70.0,1766713364653
6,70.0,1766713365296
6,70.0,1766713365938
6,71.0,1766713366444
6,70.0,1766713366961
6,70.0,1766713367489
6,70.0,1766713368229
6,71.0,1766713368813
6,70.0,1766713369317
6,70.0,1766713369826
6,70.0,1766713370567
6,70.0,1766713371194
6,69.0,1766713371698
6,70.0,1766713372198
6,71.0,1766713372726
6,70.0,1766713373412
6,70.0,1766713373993
6,70.0,1766713374496
6,70.0,1766713374999
6,70.0,1766713375622
6,70.0,1766713376296
6,70.0,1766713376804
6,71.0,1766713377306
6,71.0,1766713377827
6,70.0,1766713378474
6,69.0,1766713379051
6,70.0,1766713379558
6,71.0,1766713380061
6,70.0,1766713380669
6,70.0,1766713381279
6,70.0,1766713381828
6,70.0,1766713382347
6,70.0,1766713382954
6,70.0,1766713383518
6,70.0,1766713384089
6,70.0,1766713384605
6,69.0,1766713385148
6,70.0,1766713385692
6,70.0,1766713386257
6,71.0,1766713386802
6,70.0,1766713387322
6,70.0,1766713387919
6,70.0,1766713388438
6,70.0,1766713389006
6,70.0,1766713389530
6,70.0,1766713390055
6,70.0,1766713390660
6,71.0,1766713391242
6,69.0,1766713391799
6,71.0,1766713392317
6,70.0,1766713392910
6,69.0,1766713393423
6,70.0,1766713394001
6,71.0,1766713394561
6,70.0,1766713395142
6,70.0,1766713395710
6,70.0,1766713396225
6,70.0,1766713396799
6,71.0,1766713397348
6,70.0,1766713397922
6,70.0,1766713398480
6,71.0,1766713398999
6,70.0,1766713399606
6,70.0,1766713400142
6,70.0,1766713400734
6,70.0,1766713401241
6,71.0,1766713401761
6,69.0,1766713402329
6,70.0,1766713402911
6,70.0,1766713403464
6,70.0,1766713403972
6,70.0,1766713404501
6,70.0,1766713405119
6,71.0,1766713405727
6,70.0,1766713406240
6,70.0,1766713406744
6,70.0,1766713407314
6,70.0,1766713407913
6,71.0,1766713408464
6,70.0,1766713408970
6,70.0,1766713409475
6,71.0,1766713410071
6,71.0,1766713410802
6,70.0,1766713411329
6,70.0,1766713411835
6,71.0,1766713412339
6,71.0,1766713412935
6,70.0,1766713413520
6,70.0,1766713414023
6,70.0,1766713414537
6,69.0,1766713415170
6,71.0,1766713415857
6,70.0,1766713416369
6,70.0,1766713416872
6,71.0,1766713417389
6,69.0,1766713418068
6,70.0,1766713418644
6,70.0,1766713419156
6,70.0,1766713419658
6,70.0,1766713420194
6,70.0,1766713420954
6,70.0,1766713421469
6,70.0,1766713421972
6,70.0,1766713422476
6,70.0,1766713423107
6,70.0,1766713423758
6,70.0,1766713424268
6,69.0,1766713424767
6,71.0,1766713425290
6,71.0,1766713426016
6,70.0,1766713426587
6,69.0,1766713427090
6,70.0,1766713427611
6,70.0,1766713428241
6,70.0,1766713428839
6,70.0,1766713429350
6,67.0,1766713429859
6,70.0,1766713430485
6,70.0,1766713431123
6,70.0,1766713431651
6,70.0,1766713432156
6,71.0,1766713432690
6,71.0,1766713433427
