gpu_power_usage,Context.TRAINING,LoggingItemKind.SYSTEM_METRIC
0,0.0,1766520109596
0,0.0,1766520110359
0,0.0,1766520111153
0,0.0,1766520112024
0,0.0,1766520112703
0,0.0,1766520113607
0,0.0,1766520114333
0,0.0,1766520115170
0,0.0,1766520116029
0,0.0,1766520116710
0,0.0,1766520117672
0,0.0,1766520118411
0,0.0,1766520119267
0,0.0,1766520120153
0,0.0,1766520120845
0,0.0,1766520121841
0,0.0,1766520122519
0,0.0,1766520123460
0,0.0,1766520124278
0,0.0,1766520124936
0,0.0,1766520125917
0,0.0,1766520126648
0,0.0,1766520127522
0,0.0,1766520128278
0,0.0,1766520129043
0,0.0,1766520130004
0,0.0,1766520130688
0,0.0,1766520131583
0,0.0,1766520132350
0,0.0,1766520133118
0,0.0,1766520133966
0,0.0,1766520134580
0,0.0,1766520135516
0,0.0,1766520136231
0,0.0,1766520137057
0,0.0,1766520137936
0,0.0,1766520138612
0,0.0,1766520139631
0,0.0,1766520140299
0,0.0,1766520141211
0,0.0,1766520141994
0,0.0,1766520142670
0,0.0,1766520143654
0,0.0,1766520144331
0,0.0,1766520145270
0,0.0,1766520146048
0,0.0,1766520146729
0,0.0,1766520147663
0,0.0,1766520148301
0,0.0,1766520149259
0,0.0,1766520150053
0,0.0,1766520150748
0,0.0,1766520151693
0,0.0,1766520152369
0,0.0,1766520153225
0,0.0,1766520153991
0,0.0,1766520154768
0,0.0,1766520155713
0,0.0,1766520156383
0,0.0,1766520157242
0,0.0,1766520158033
0,0.0,1766520158731
0,0.0,1766520159610
0,0.0,1766520160277
0,0.0,1766520161192
0,0.0,1766520161944
0,0.0,1766520162644
0,0.0,1766520163654
0,0.0,1766520164313
0,0.0,1766520165300
0,0.0,1766520166035
0,0.0,1766520166783
0,0.0,1766520167760
0,0.0,1766520168349
0,0.0,1766520169237
0,0.0,1766520170020
0,0.0,1766520170652
0,0.0,1766520171584
0,0.0,1766520172280
0,0.0,1766520173068
0,0.0,1766520173977
0,0.0,1766520174630
0,0.0,1766520175607
0,0.0,1766520176328
0,0.0,1766520177143
0,0.0,1766520178064
0,0.0,1766520178759
0,0.0,1766520179715
0,0.0,1766520180427
0,0.0,1766520181184
0,0.0,1766520182083
0,0.0,1766520182733
0,0.0,1766520183667
0,0.0,1766520184423
0,0.0,1766520185144
0,0.0,1766520186168
0,0.0,1766520186801
0,0.0,1766520187780
0,0.0,1766520188554
0,0.0,1766520189324
0,0.0,1766520190218
0,0.0,1766520190887
0,0.0,1766520191770
0,0.0,1766520192527
0,0.0,1766520193219
0,0.0,1766520194209
0,0.0,1766520194862
0,0.0,1766520195841
0,0.0,1766520196589
0,0.0,1766520197299
0,0.0,1766520198276
0,0.0,1766520198968
0,0.0,1766520199909
0,0.0,1766520200639
0,0.0,1766520201362
0,0.0,1766520202332
0,0.0,1766520202957
0,0.0,1766520203926
0,0.0,1766520204717
0,0.0,1766520205452
0,0.0,1766520206437
0,0.0,1766520207105
0,0.0,1766520208026
0,0.0,1766520208772
0,0.0,1766520209446
0,0.0,1766520210348
0,0.0,1766520210963
0,0.0,1766520211704
0,0.0,1766520212637
0,0.0,1766520213297
0,0.0,1766520214272
0,0.0,1766520214991
0,0.0,1766520215759
0,0.0,1766520216708
0,0.0,1766520217353
0,0.0,1766520218359
0,0.0,1766520219062
0,0.0,1766520219745
0,0.0,1766520220728
0,0.0,1766520221367
0,0.0,1766520222336
0,0.0,1766520223029
0,0.0,1766520223696
0,0.0,1766520224673
0,0.0,1766520225289
0,0.0,1766520225959
0,0.0,1766520226899
0,0.0,1766520227491
0,0.0,1766520228400
0,0.0,1766520229122
0,0.0,1766520229792
0,0.0,1766520230638
0,0.0,1766520231279
0,0.0,1766520231966
0,0.0,1766520232891
0,0.0,1766520233511
0,0.0,1766520234525
0,0.0,1766520235226
0,0.0,1766520235907
0,0.0,1766520236897
0,0.0,1766520237517
0,0.0,1766520238334
0,0.0,1766520239208
0,0.0,1766520239871
0,0.0,1766520240926
0,0.0,1766520241611
0,0.0,1766520242455
0,0.0,1766520243271
0,0.0,1766520243951
0,0.0,1766520244936
0,0.0,1766520245581
0,0.0,1766520246365
0,0.0,1766520247192
0,0.0,1766520247862
0,0.0,1766520248803
0,0.0,1766520249470
0,0.0,1766520250212
0,0.0,1766520251173
0,0.0,1766520251791
0,0.0,1766520252790
0,0.0,1766520253460
0,0.0,1766520254142
0,0.0,1766520255111
0,0.0,1766520255764
0,0.0,1766520256760
0,0.0,1766520257484
0,0.0,1766520258135
0,0.0,1766520259055
0,0.0,1766520259728
0,0.0,1766520260510
0,0.0,1766520261351
0,0.0,1766520262024
0,0.0,1766520263017
0,0.0,1766520263707
0,0.0,1766520264547
0,0.0,1766520265451
0,0.0,1766520266136
0,0.0,1766520267180
0,0.0,1766520267800
0,0.0,1766520268470
0,0.0,1766520269407
0,0.0,1766520270037
0,0.0,1766520270944
0,0.0,1766520271659
0,0.0,1766520272368
0,0.0,1766520273389
0,0.0,1766520274034
0,0.0,1766520274968
0,0.0,1766520275651
0,0.0,1766520276335
0,0.0,1766520277293
0,0.0,1766520277901
0,0.0,1766520278705
0,0.0,1766520279591
0,0.0,1766520280297
0,0.0,1766520281191
0,0.0,1766520281819
0,0.0,1766520282597
0,0.0,1766520283466
0,0.0,1766520284071
0,0.0,1766520284993
0,0.0,1766520285724
0,0.0,1766520286343
0,0.0,1766520287356
0,0.0,1766520288027
0,0.0,1766520288839
0,0.0,1766520289700
0,0.0,1766520290432
0,0.0,1766520291419
0,0.0,1766520292091
0,0.0,1766520292803
0,0.0,1766520293680
0,0.0,1766520294363
0,0.0,1766520295369
0,0.0,1766520296075
0,0.0,1766520296819
0,0.0,1766520297715
0,0.0,1766520298382
0,0.0,1766520299372
0,0.0,1766520300087
0,0.0,1766520300817
0,0.0,1766520301774
0,0.0,1766520302401
0,0.0,1766520303383
0,0.0,1766520304040
0,0.0,1766520304731
0,0.0,1766520305652
0,0.0,1766520306382
0,0.0,1766520307199
0,0.0,1766520308023
0,0.0,1766520308639
0,0.0,1766520309627
0,0.0,1766520310291
0,0.0,1766520310985
0,0.0,1766520311995
0,0.0,1766520312588
0,0.0,1766520313469
0,0.0,1766520314251
0,0.0,1766520314897
0,0.0,1766520315864
0,0.0,1766520316469
0,0.0,1766520317205
0,0.0,1766520318185
0,0.0,1766520318759
0,0.0,1766520319560
0,0.0,1766520320370
0,0.0,1766520321089
0,0.0,1766520322022
0,0.0,1766520322689
0,0.0,1766520323546
0,0.0,1766520324442
0,0.0,1766520325101
0,0.0,1766520326089
0,0.0,1766520326821
0,0.0,1766520327703
0,0.0,1766520328525
0,0.0,1766520329211
0,0.0,1766520330184
0,0.0,1766520330843
0,0.0,1766520331590
0,0.0,1766520332500
0,0.0,1766520333101
0,0.0,1766520334023
0,0.0,1766520334797
0,0.0,1766520335512
0,0.0,1766520336510
0,0.0,1766520337148
0,0.0,1766520338028
0,0.0,1766520338810
0,0.0,1766520339472
0,0.0,1766520340437
0,0.0,1766520341084
0,0.0,1766520341741
0,0.0,1766520342690
0,0.0,1766520343319
0,0.0,1766520344284
0,0.0,1766520345005
0,0.0,1766520345724
0,0.0,1766520346615
0,0.0,1766520347226
0,0.0,1766520347968
0,0.0,1766520348828
0,0.0,1766520349438
0,0.0,1766520350290
0,0.0,1766520350974
0,0.0,1766520351606
0,0.0,1766520352449
0,0.0,1766520353066
0,0.0,1766520353660
0,0.0,1766520354480
0,0.0,1766520355068
0,0.0,1766520355728
0,0.0,1766520356631
0,0.0,1766520357176
0,0.0,1766520357946
0,0.0,1766520358889
0,0.0,1766520359504
0,0.0,1766520360338
0,0.0,1766520360901
0,0.0,1766520361551
0,0.0,1766520362486
0,0.0,1766520363094
0,0.0,1766520363921
0,0.0,1766520364674
0,0.0,1766520365283
0,0.0,1766520366311
0,0.0,1766520367008
0,0.0,1766520367762
0,0.0,1766520368677
0,0.0,1766520369325
0,0.0,1766520370344
0,0.0,1766520371025
0,0.0,1766520371766
0,0.0,1766520372730
0,0.0,1766520373340
0,0.0,1766520374324
0,0.0,1766520375051
0,0.0,1766520375785
0,0.0,1766520376735
0,0.0,1766520377347
0,0.0,1766520378223
0,0.0,1766520379033
0,0.0,1766520379713
0,0.0,1766520380692
0,0.0,1766520381341
0,0.0,1766520382131
0,0.0,1766520383080
0,0.0,1766520383695
0,0.0,1766520384692
0,0.0,1766520385413
0,0.0,1766520386162
0,0.0,1766520387013
0,0.0,1766520387649
0,0.0,1766520388585
0,0.0,1766520389302
0,0.0,1766520389918
0,0.0,1766520390882
0,0.0,1766520391484
0,0.0,1766520392140
0,0.0,1766520393089
0,0.0,1766520393752
0,0.0,1766520394642
0,0.0,1766520395422
0,0.0,1766520396098
0,0.0,1766520397040
0,0.0,1766520397715
0,0.0,1766520398575
0,0.0,1766520399398
0,0.0,1766520400016
0,0.0,1766520401047
0,0.0,1766520401811
0,0.0,1766520402617
0,0.0,1766520403462
0,0.0,1766520404054
0,0.0,1766520404981
0,0.0,1766520405660
0,0.0,1766520406377
0,0.0,1766520407293
0,0.0,1766520407913
0,0.0,1766520408732
0,0.0,1766520409579
0,0.0,1766520410224
0,0.0,1766520411191
0,0.0,1766520411840
0,0.0,1766520412542
0,0.0,1766520413433
0,0.0,1766520414027
0,0.0,1766520414858
0,0.0,1766520415603
0,0.0,1766520416218
0,0.0,1766520417172
0,0.0,1766520417855
0,0.0,1766520418653
0,0.0,1766520419531
0,0.0,1766520420162
0,0.0,1766520421231
0,0.0,1766520421895
0,0.0,1766520422621
0,0.0,1766520423492
0,0.0,1766520424115
0,0.0,1766520424988
0,0.0,1766520425785
0,0.0,1766520426545
0,0.0,1766520427511
0,0.0,1766520428168
0,0.0,1766520429098
0,0.0,1766520429946
0,0.0,1766520430613
0,0.0,1766520431634
0,0.0,1766520432289
0,0.0,1766520433118
0,0.0,1766520433948
0,0.0,1766520434631
0,0.0,1766520435577
0,0.0,1766520436281
0,0.0,1766520437020
0,0.0,1766520437986
0,0.0,1766520438616
0,0.0,1766520439649
0,0.0,1766520440353
0,0.0,1766520441103
0,0.0,1766520442057
0,0.0,1766520442702
0,0.0,1766520443737
0,0.0,1766520444445
0,0.0,1766520445249
0,0.0,1766520446118
0,0.0,1766520446763
0,0.0,1766520447784
0,0.0,1766520448451
0,0.0,1766520449175
0,0.0,1766520450144
0,0.0,1766520450788
0,0.0,1766520451770
0,0.0,1766520452487
0,0.0,1766520453235
0,0.0,1766520454195
0,0.0,1766520454846
0,0.0,1766520455853
0,0.0,1766520456563
0,0.0,1766520457315
0,0.0,1766520458247
0,0.0,1766520458900
0,0.0,1766520459811
0,0.0,1766520460531
0,0.0,1766520461285
0,0.0,1766520462231
0,0.0,1766520462876
0,0.0,1766520463833
0,0.0,1766520464546
0,0.0,1766520465273
0,0.0,1766520466256
0,0.0,1766520466904
0,0.0,1766520467823
0,0.0,1766520468585
0,0.0,1766520469301
0,0.0,1766520470250
0,0.0,1766520470867
0,0.0,1766520471706
0,0.0,1766520472517
0,0.0,1766520473193
0,0.0,1766520474112
0,0.0,1766520474767
0,0.0,1766520475600
0,0.0,1766520476423
0,0.0,1766520477048
0,0.0,1766520478072
0,0.0,1766520478809
0,0.0,1766520479516
0,0.0,1766520480432
0,0.0,1766520481027
0,0.0,1766520481947
0,0.0,1766520482626
0,0.0,1766520483259
0,0.0,1766520484227
0,0.0,1766520484830
0,0.0,1766520485587
0,0.0,1766520486494
0,0.0,1766520487115
0,0.0,1766520488087
0,0.0,1766520488768
0,0.0,1766520489417
0,0.0,1766520490345
0,0.0,1766520490995
0,0.0,1766520491793
0,0.0,1766520492736
0,0.0,1766520493376
0,0.0,1766520494354
0,0.0,1766520495060
0,0.0,1766520495772
0,0.0,1766520496778
0,0.0,1766520497403
0,0.0,1766520498260
0,0.0,1766520499064
0,0.0,1766520499698
0,0.0,1766520500683
0,0.0,1766520501381
0,0.0,1766520502214
0,0.0,1766520503034
0,0.0,1766520503731
0,0.0,1766520504722
0,0.0,1766520505361
0,0.0,1766520506116
0,0.0,1766520506994
0,0.0,1766520507643
0,0.0,1766520508525
0,0.0,1766520509261
0,0.0,1766520509902
0,0.0,1766520510891
0,0.0,1766520511554
0,0.0,1766520512262
0,0.0,1766520513153
0,0.0,1766520513766
0,0.0,1766520514562
0,0.0,1766520515387
0,0.0,1766520515972
0,0.0,1766520516889
0,0.0,1766520517660
0,0.0,1766520518348
0,0.0,1766520519343
0,0.0,1766520519981
0,0.0,1766520520757
0,0.0,1766520521539
0,0.0,1766520522142
0,0.0,1766520523044
0,0.0,1766520523766
0,0.0,1766520524433
0,0.0,1766520525358
0,0.0,1766520525992
0,0.0,1766520526917
0,0.0,1766520527703
0,0.0,1766520528426
0,0.0,1766520529400
0,0.0,1766520530076
0,0.0,1766520530988
0,0.0,1766520531818
0,0.0,1766520532489
0,0.0,1766520533428
0,0.0,1766520534035
0,0.0,1766520534819
0,0.0,1766520535710
0,0.0,1766520536315
0,0.0,1766520537302
0,0.0,1766520537958
0,0.0,1766520538724
0,0.0,1766520539628
0,0.0,1766520540288
0,0.0,1766520541230
0,0.0,1766520541935
0,0.0,1766520542629
0,0.0,1766520543616
0,0.0,1766520544258
0,0.0,1766520545099
0,0.0,1766520545920
0,0.0,1766520546653
0,0.0,1766520547623
0,0.0,1766520548254
0,0.0,1766520548987
0,0.0,1766520549863
0,0.0,1766520550555
0,0.0,1766520551513
0,0.0,1766520552236
0,0.0,1766520553101
0,0.0,1766520553993
0,0.0,1766520554640
0,0.0,1766520555656
0,0.0,1766520556362
0,0.0,1766520557159
0,0.0,1766520558075
0,0.0,1766520558744
0,0.0,1766520559723
0,0.0,1766520560379
0,0.0,1766520561122
0,0.0,1766520562050
0,0.0,1766520562691
0,0.0,1766520563528
0,0.0,1766520564263
0,0.0,1766520564903
0,0.0,1766520565856
0,0.0,1766520566479
0,0.0,1766520567157
0,0.0,1766520568159
0,0.0,1766520568792
0,0.0,1766520569707
0,0.0,1766520570479
0,0.0,1766520571168
0,0.0,1766520572127
0,0.0,1766520572732
0,0.0,1766520573583
0,0.0,1766520574349
0,0.0,1766520574949
0,0.0,1766520575916
0,0.0,1766520576628
0,0.0,1766520577376
0,0.0,1766520578319
0,0.0,1766520578970
0,0.0,1766520579875
0,0.0,1766520580620
0,0.0,1766520581362
0,0.0,1766520582348
0,0.0,1766520583001
0,0.0,1766520583946
0,0.0,1766520584588
0,0.0,1766520585210
0,0.0,1766520586172
0,0.0,1766520586829
0,0.0,1766520587471
0,0.0,1766520588394
0,0.0,1766520588990
0,0.0,1766520589875
0,0.0,1766520590624
0,0.0,1766520591287
0,0.0,1766520592234
0,0.0,1766520592863
0,0.0,1766520593566
0,0.0,1766520594521
0,0.0,1766520595139
0,0.0,1766520596013
0,0.0,1766520596789
0,0.0,1766520597459
0,0.0,1766520598407
0,0.0,1766520599068
0,0.0,1766520599904
0,0.0,1766520600777
0,0.0,1766520601393
0,0.0,1766520602364
0,0.0,1766520603005
0,0.0,1766520603713
0,0.0,1766520604692
0,0.0,1766520605333
0,0.0,1766520606343
0,0.0,1766520607023
0,0.0,1766520607785
0,0.0,1766520608753
0,0.0,1766520609391
0,0.0,1766520610217
0,0.0,1766520611025
0,0.0,1766520611675
0,0.0,1766520612591
0,0.0,1766520613251
0,0.0,1766520613898
0,0.0,1766520614815
0,0.0,1766520615453
0,0.0,1766520616263
0,0.0,1766520617119
0,0.0,1766520617753
0,0.0,1766520618734
0,0.0,1766520619471
0,0.0,1766520620255
0,0.0,1766520621163
0,0.0,1766520621785
0,0.0,1766520622800
0,0.0,1766520623506
0,0.0,1766520624240
0,0.0,1766520625136
0,0.0,1766520625752
0,0.0,1766520626651
0,0.0,1766520627383
0,0.0,1766520628063
0,0.0,1766520629005
0,0.0,1766520629635
0,0.0,1766520630475
0,0.0,1766520631329
0,0.0,1766520631994
0,0.0,1766520633009
0,0.0,1766520633722
0,0.0,1766520634515
0,0.0,1766520635312
0,0.0,1766520635969
0,0.0,1766520636927
0,0.0,1766520637622
0,0.0,1766520638271
0,0.0,1766520639199
0,0.0,1766520639796
0,0.0,1766520640581
0,0.0,1766520641436
0,0.0,1766520642108
0,0.0,1766520643053
0,0.0,1766520643725
0,0.0,1766520644391
0,0.0,1766520645323
0,0.0,1766520645942
0,0.0,1766520646847
0,0.0,1766520647640
0,0.0,1766520648354
0,0.0,1766520649290
0,0.0,1766520649972
0,0.0,1766520650784
0,0.0,1766520651613
0,0.0,1766520652290
0,0.0,1766520653293
0,0.0,1766520653953
0,0.0,1766520654764
0,0.0,1766520655721
0,0.0,1766520656383
0,0.0,1766520657438
0,0.0,1766520658071
0,0.0,1766520658863
0,0.0,1766520659806
0,0.0,1766520660428
0,0.0,1766520661391
0,0.0,1766520662106
0,0.0,1766520662764
0,0.0,1766520663694
0,0.0,1766520664320
0,0.0,1766520665108
0,0.0,1766520666022
0,0.0,1766520666708
0,0.0,1766520667683
0,0.0,1766520668353
0,0.0,1766520669136
0,0.0,1766520670080
0,0.0,1766520670766
0,0.0,1766520671704
0,0.0,1766520672406
0,0.0,1766520673196
0,0.0,1766520674115
0,0.0,1766520674781
0,0.0,1766520675714
0,0.0,1766520676472
0,0.0,1766520677223
0,0.0,1766520678110
0,0.0,1766520678745
0,0.0,1766520679687
0,0.0,1766520680431
0,0.0,1766520681109
0,0.0,1766520682091
0,0.0,1766520682752
0,0.0,1766520683693
0,0.0,1766520684472
0,0.0,1766520685154
0,0.0,1766520686136
0,0.0,1766520686832
0,0.0,1766520687774
0,0.0,1766520688575
0,0.0,1766520689303
0,0.0,1766520690279
0,0.0,1766520690899
0,0.0,1766520691761
0,0.0,1766520692586
0,0.0,1766520693274
0,0.0,1766520694250
0,0.0,1766520694886
0,0.0,1766520695802
0,0.0,1766520696629
0,0.0,1766520697355
0,0.0,1766520698379
0,0.0,1766520699024
0,0.0,1766520699828
0,0.0,1766520700670
0,0.0,1766520701353
0,0.0,1766520702336
0,0.0,1766520703044
0,0.0,1766520703773
0,0.0,1766520704636
0,0.0,1766520705259
0,0.0,1766520706251
0,0.0,1766520706897
0,0.0,1766520707661
0,0.0,1766520708584
0,0.0,1766520709245
0,0.0,1766520710091
0,0.0,1766520710879
0,0.0,1766520711551
0,0.0,1766520712477
0,0.0,1766520713144
0,0.0,1766520713879
0,0.0,1766520714777
0,0.0,1766520715336
0,0.0,1766520716307
0,0.0,1766520717018
0,0.0,1766520717741
0,0.0,1766520718709
0,0.0,1766520719357
0,0.0,1766520720295
0,0.0,1766520721050
0,0.0,1766520721722
0,0.0,1766520722626
0,0.0,1766520723340
0,0.0,1766520724189
0,0.0,1766520725111
0,0.0,1766520725912
0,0.0,1766520726857
0,0.0,1766520727475
0,0.0,1766520728323
0,0.0,1766520729163
0,0.0,1766520729853
0,0.0,1766520730842
0,0.0,1766520731481
0,0.0,1766520732329
0,0.0,1766520733182
0,0.0,1766520733764
0,0.0,1766520734765
0,0.0,1766520735371
0,0.0,1766520736158
0,0.0,1766520737028
0,0.0,1766520738612
0,0.0,1766520739367
0,0.0,1766520740070
0,0.0,1766520741000
0,0.0,1766520741640
0,0.0,1766520742585
0,0.0,1766520743428
0,0.0,1766520744074
0,0.0,1766520745058
0,0.0,1766520745723
0,0.0,1766520746414
0,0.0,1766520747355
0,0.0,1766520747993
0,0.0,1766520749043
0,0.0,1766520749705
0,0.0,1766520750434
0,0.0,1766520751446
0,0.0,1766520752066
0,0.0,1766520753036
0,0.0,1766520753734
0,0.0,1766520754480
0,0.0,1766520755394
0,0.0,1766520755976
0,0.0,1766520756841
0,0.0,1766520757612
0,0.0,1766520758256
0,0.0,1766520759253
0,0.0,1766520759900
0,0.0,1766520760688
0,0.0,1766520761532
0,0.0,1766520762120
0,0.0,1766520762980
0,0.0,1766520763750
0,0.0,1766520764474
0,0.0,1766520765460
0,0.0,1766520766048
0,0.0,1766520766980
0,0.0,1766520767765
0,0.0,1766520768385
0,0.0,1766520769347
0,0.0,1766520770016
0,0.0,1766520770742
0,0.0,1766520771676
0,0.0,1766520772291
0,0.0,1766520773303
0,0.0,1766520773998
0,0.0,1766520774718
0,0.0,1766520775652
0,0.0,1766520776324
0,0.0,1766520777219
0,0.0,1766520777987
0,0.0,1766520778744
0,0.0,1766520779625
0,0.0,1766520780250
0,0.0,1766520781083
0,0.0,1766520781879
0,0.0,1766520782470
0,0.0,1766520783446
0,0.0,1766520784132
0,0.0,1766520784981
0,0.0,1766520785907
0,0.0,1766520786547
0,0.0,1766520787494
0,0.0,1766520788202
0,0.0,1766520788960
0,0.0,1766520789916
0,0.0,1766520790542
0,0.0,1766520791443
0,0.0,1766520792193
0,0.0,1766520792886
0,0.0,1766520793877
0,0.0,1766520794548
0,0.0,1766520795445
0,0.0,1766520796296
0,0.0,1766520796914
0,0.0,1766520797951
0,0.0,1766520798648
0,0.0,1766520799572
0,0.0,1766520800418
0,0.0,1766520801081
0,0.0,1766520802070
0,0.0,1766520802723
0,0.0,1766520803553
0,0.0,1766520804367
0,0.0,1766520804981
0,0.0,1766520805977
0,0.0,1766520806723
0,0.0,1766520807485
0,0.0,1766520808453
0,0.0,1766520809060
0,0.0,1766520809978
0,0.0,1766520810693
0,0.0,1766520811417
0,0.0,1766520812361
0,0.0,1766520812993
0,0.0,1766520813856
0,0.0,1766520814700
0,0.0,1766520815407
0,0.0,1766520816376
0,0.0,1766520817021
0,0.0,1766520817862
0,0.0,1766520818647
0,0.0,1766520819301
0,0.0,1766520820234
0,0.0,1766520820937
0,0.0,1766520821759
0,0.0,1766520822649
0,0.0,1766520823291
0,0.0,1766520824245
0,0.0,1766520824939
0,0.0,1766520825658
0,0.0,1766520826612
0,0.0,1766520827251
0,0.0,1766520828110
0,0.0,1766520828810
0,0.0,1766520829433
0,0.0,1766520830445
0,0.0,1766520831116
0,0.0,1766520831858
0,0.0,1766520832840
0,0.0,1766520833586
0,0.0,1766520834654
0,0.0,1766520835333
0,0.0,1766520836205
0,0.0,1766520837034
0,0.0,1766520837728
0,0.0,1766520838717
0,0.0,1766520839406
0,0.0,1766520840309
0,0.0,1766520841123
0,0.0,1766520841820
0,0.0,1766520842848
0,0.0,1766520843499
0,0.0,1766520844364
0,0.0,1766520845216
0,0.0,1766520845838
0,0.0,1766520846814
0,0.0,1766520847463
0,0.0,1766520848190
0,0.0,1766520849141
0,0.0,1766520849768
0,0.0,1766520850710
1,0.0,1766520851498
1,0.0,1766520852232
1,0.0,1766520853204
1,0.0,1766520853837
1,0.0,1766520854645
1,0.0,1766520855502
1,0.0,1766520856187
1,0.0,1766520857188
1,0.0,1766520857856
1,0.0,1766520858666
1,0.0,1766520859516
1,0.0,1766520860166
1,0.0,1766520861129
1,0.0,1766520861800
1,0.0,1766520862620
1,0.0,1766520863473
1,0.0,1766520864140
1,0.0,1766520865082
1,0.0,1766520865745
1,0.0,1766520866480
1,0.0,1766520867483
1,0.0,1766520868086
1,0.0,1766520869054
1,0.0,1766520869789
1,0.0,1766520870494
1,0.0,1766520871494
1,0.0,1766520872117
1,0.0,1766520873042
1,0.0,1766520873772
1,0.0,1766520874473
1,0.0,1766520875471
1,0.0,1766520876145
1,0.0,1766520877093
1,0.0,1766520877831
1,0.0,1766520878549
1,0.0,1766520879575
1,0.0,1766520880224
1,0.0,1766520881157
1,0.0,1766520881956
1,0.0,1766520882739
1,0.0,1766520883697
1,0.0,1766520884396
1,0.0,1766520885267
1,0.0,1766520885983
1,0.0,1766520886722
1,0.0,1766520887667
1,0.0,1766520888308
1,0.0,1766520889234
1,0.0,1766520889961
1,0.0,1766520890603
1,0.0,1766520891633
1,0.0,1766520892228
1,0.0,1766520893092
1,0.0,1766520893931
1,0.0,1766520894600
1,0.0,1766520895483
1,0.0,1766520896168
1,0.0,1766520896908
1,0.0,1766520897844
1,0.0,1766520898469
1,0.0,1766520899354
1,0.0,1766520900117
1,0.0,1766520900713
1,0.0,1766520901658
1,0.0,1766520902334
1,0.0,1766520903083
1,0.0,1766520903970
1,0.0,1766520904630
1,0.0,1766520905586
1,0.0,1766520906367
1,0.0,1766520907046
1,0.0,1766520908000
1,0.0,1766520908634
1,0.0,1766520909461
1,0.0,1766520910197
1,0.0,1766520910784
1,0.0,1766520911745
1,0.0,1766520912426
1,0.0,1766520913163
1,0.0,1766520914162
1,0.0,1766520914795
1,0.0,1766520915757
1,0.0,1766520916449
1,0.0,1766520917152
1,0.0,1766520918095
1,0.0,1766520918701
1,0.0,1766520919617
1,0.0,1766520920450
1,0.0,1766520921148
1,0.0,1766520922048
1,0.0,1766520922703
1,0.0,1766520923529
1,0.0,1766520924447
1,0.0,1766520925135
1,0.0,1766520926116
1,0.0,1766520926823
1,0.0,1766520927663
1,0.0,1766520928521
1,0.0,1766520929129
1,0.0,1766520930136
1,0.0,1766520930836
1,0.0,1766520931589
1,0.0,1766520932542
1,0.0,1766520933181
1,0.0,1766520934138
1,0.0,1766520934822
1,0.0,1766520935492
1,0.0,1766520936470
1,0.0,1766520937091
1,0.0,1766520938074
1,0.0,1766520938848
1,0.0,1766520939538
1,0.0,1766520940504
1,0.0,1766520941137
1,0.0,1766520942044
1,0.0,1766520942818
1,0.0,1766520943439
1,0.0,1766520944382
1,0.0,1766520945042
1,0.0,1766520945783
1,0.0,1766520946747
1,0.0,1766520947376
1,0.0,1766520948268
1,0.0,1766520949000
1,0.0,1766520949707
1,0.0,1766520950693
1,0.0,1766520951393
1,0.0,1766520952331
1,0.0,1766520953034
1,0.0,1766520953685
1,0.0,1766520954586
1,0.0,1766520955200
1,0.0,1766520955887
1,0.0,1766520956864
1,0.0,1766520957467
1,0.0,1766520958393
1,0.0,1766520959132
1,0.0,1766520959722
1,0.0,1766520960614
1,0.0,1766520961320
1,0.0,1766520962070
1,0.0,1766520963007
1,0.0,1766520963655
1,0.0,1766520964636
1,0.0,1766520965388
1,0.0,1766520966119
1,0.0,1766520967068
1,0.0,1766520967710
1,0.0,1766520968622
1,0.0,1766520969399
1,0.0,1766520970061
1,0.0,1766520971019
1,0.0,1766520971651
1,0.0,1766520972532
1,0.0,1766520973358
1,0.0,1766520973992
1,0.0,1766520974943
1,0.0,1766520975648
1,0.0,1766520976365
1,0.0,1766520977321
1,0.0,1766520977954
1,0.0,1766520978839
1,0.0,1766520979597
1,0.0,1766520980330
1,0.0,1766520981319
1,0.0,1766520981989
1,0.0,1766520982862
1,0.0,1766520983651
1,0.0,1766520984295
1,0.0,1766520985254
1,0.0,1766520985929
1,0.0,1766520986672
1,0.0,1766520987557
1,0.0,1766520988177
1,0.0,1766520989176
1,0.0,1766520989921
1,0.0,1766520990754
1,0.0,1766520991681
1,0.0,1766520992297
1,0.0,1766520993275
1,0.0,1766520993924
1,0.0,1766520994685
1,0.0,1766520995629
1,0.0,1766520996303
1,0.0,1766520997286
1,0.0,1766520998004
1,0.0,1766520998769
1,0.0,1766520999708
1,0.0,1766521000356
1,0.0,1766521001277
1,0.0,1766521002016
1,0.0,1766521002750
1,0.0,1766521003732
1,0.0,1766521004384
1,0.0,1766521005390
1,0.0,1766521006050
1,0.0,1766521006703
1,0.0,1766521007657
1,0.0,1766521008317
1,0.0,1766521009218
1,0.0,1766521010006
1,0.0,1766521010719
1,0.0,1766521011697
1,0.0,1766521012342
1,0.0,1766521013129
1,0.0,1766521013962
1,0.0,1766521014649
1,0.0,1766521015671
1,0.0,1766521016343
1,0.0,1766521017151
1,0.0,1766521018066
1,0.0,1766521018735
1,0.0,1766521019729
1,0.0,1766521020398
1,0.0,1766521021126
1,0.0,1766521021989
1,0.0,1766521022611
1,0.0,1766521023576
1,0.0,1766521024300
1,0.0,1766521024981
1,0.0,1766521025896
1,0.0,1766521026577
1,0.0,1766521027473
1,0.0,1766521028192
1,0.0,1766521028819
1,0.0,1766521029757
1,0.0,1766521030401
1,0.0,1766521031103
1,0.0,1766521032063
1,0.0,1766521032724
1,0.0,1766521033705
1,0.0,1766521034415
1,0.0,1766521035144
1,0.0,1766521036075
1,0.0,1766521036688
1,0.0,1766521037634
1,0.0,1766521038293
1,0.0,1766521038983
1,0.0,1766521039957
1,0.0,1766521040553
1,0.0,1766521041409
1,0.0,1766521042210
1,0.0,1766521042889
1,0.0,1766521043830
1,0.0,1766521044427
1,0.0,1766521045199
1,0.0,1766521046112
1,0.0,1766521046792
1,0.0,1766521047805
1,0.0,1766521048458
1,0.0,1766521049158
1,0.0,1766521050078
1,0.0,1766521050725
1,0.0,1766521051620
1,0.0,1766521052406
1,0.0,1766521053131
1,0.0,1766521054056
1,0.0,1766521054690
1,0.0,1766521055623
1,0.0,1766521056385
1,0.0,1766521057100
1,0.0,1766521058050
1,0.0,1766521058664
1,0.0,1766521059417
1,0.0,1766521060357
1,0.0,1766521060968
1,0.0,1766521061930
1,0.0,1766521062598
1,0.0,1766521063286
1,0.0,1766521064222
1,0.0,1766521064843
1,0.0,1766521065680
1,0.0,1766521066542
1,0.0,1766521067234
1,0.0,1766521068218
1,0.0,1766521068893
1,0.0,1766521069694
1,0.0,1766521070555
1,0.0,1766521071194
1,0.0,1766521072165
1,0.0,1766521072825
1,0.0,1766521073495
1,0.0,1766521074470
1,0.0,1766521075066
1,0.0,1766521075891
1,0.0,1766521076706
1,0.0,1766521077409
1,0.0,1766521078328
1,0.0,1766521079004
1,0.0,1766521079805
1,0.0,1766521080648
1,0.0,1766521081252
1,0.0,1766521082210
1,0.0,1766521082916
1,0.0,1766521083701
1,0.0,1766521084611
1,0.0,1766521085264
1,0.0,1766521086287
1,0.0,1766521086978
1,0.0,1766521087704
1,0.0,1766521088667
1,0.0,1766521089321
1,0.0,1766521090278
1,0.0,1766521091032
1,0.0,1766521091825
1,0.0,1766521092738
1,0.0,1766521093376
1,0.0,1766521094275
1,0.0,1766521095064
1,0.0,1766521095750
1,0.0,1766521096799
1,0.0,1766521097439
1,0.0,1766521098311
1,0.0,1766521099118
1,0.0,1766521099800
1,0.0,1766521100743
1,0.0,1766521101420
1,0.0,1766521102303
1,0.0,1766521103085
1,0.0,1766521103765
1,0.0,1766521104779
1,0.0,1766521105447
1,0.0,1766521106343
1,0.0,1766521107162
1,0.0,1766521107802
1,0.0,1766521108845
1,0.0,1766521109574
1,0.0,1766521110405
1,0.0,1766521111295
1,0.0,1766521111932
1,0.0,1766521112922
1,0.0,1766521113598
1,0.0,1766521114346
1,0.0,1766521115369
1,0.0,1766521116012
1,0.0,1766521116979
1,0.0,1766521117707
1,0.0,1766521118401
1,0.0,1766521119399
1,0.0,1766521120019
1,0.0,1766521120975
1,0.0,1766521121673
1,0.0,1766521122382
1,0.0,1766521123373
1,0.0,1766521124030
1,0.0,1766521124944
1,0.0,1766521125610
1,0.0,1766521126252
1,0.0,1766521127167
1,0.0,1766521127820
1,0.0,1766521128599
1,0.0,1766521129486
1,0.0,1766521130120
1,0.0,1766521131120
1,0.0,1766521131830
1,0.0,1766521132587
1,0.0,1766521133472
1,0.0,1766521134080
1,0.0,1766521135121
1,0.0,1766521135815
1,0.0,1766521136547
1,0.0,1766521137470
1,0.0,1766521138083
1,0.0,1766521139070
1,0.0,1766521139772
1,0.0,1766521140532
1,0.0,1766521141559
1,0.0,1766521142162
1,0.0,1766521143028
1,0.0,1766521143798
1,0.0,1766521144502
1,0.0,1766521145494
1,0.0,1766521146180
1,0.0,1766521147082
1,0.0,1766521147812
1,0.0,1766521148535
1,0.0,1766521149559
1,0.0,1766521150227
1,0.0,1766521151111
1,0.0,1766521151946
1,0.0,1766521152662
1,0.0,1766521153623
1,0.0,1766521154273
1,0.0,1766521155134
1,0.0,1766521155955
1,0.0,1766521156621
1,0.0,1766521157601
1,0.0,1766521158280
1,0.0,1766521159106
1,0.0,1766521160022
1,0.0,1766521160716
1,0.0,1766521161719
1,0.0,1766521162419
1,0.0,1766521163175
1,0.0,1766521164100
1,0.0,1766521164765
1,0.0,1766521165690
1,0.0,1766521166418
1,0.0,1766521167196
1,0.0,1766521168102
1,0.0,1766521168786
1,0.0,1766521169789
1,0.0,1766521170509
1,0.0,1766521171216
1,0.0,1766521172192
1,0.0,1766521172889
1,0.0,1766521173835
1,0.0,1766521174607
1,0.0,1766521175393
1,0.0,1766521176341
1,0.0,1766521177000
1,0.0,1766521177998
1,0.0,1766521178642
1,0.0,1766521179420
1,0.0,1766521180330
1,0.0,1766521181024
1,0.0,1766521182054
1,0.0,1766521182743
1,0.0,1766521183540
1,0.0,1766521184465
1,0.0,1766521185102
1,0.0,1766521186032
1,0.0,1766521186749
1,0.0,1766521187459
1,0.0,1766521188419
1,0.0,1766521189070
1,0.0,1766521189828
1,0.0,1766521190721
1,0.0,1766521191451
1,0.0,1766521192417
1,0.0,1766521193098
1,0.0,1766521194036
1,0.0,1766521194812
1,0.0,1766521195488
1,0.0,1766521196479
1,0.0,1766521197163
1,0.0,1766521198050
1,0.0,1766521198816
1,0.0,1766521199448
1,0.0,1766521200409
1,0.0,1766521201083
1,0.0,1766521201862
1,0.0,1766521202764
1,0.0,1766521203418
1,0.0,1766521204372
1,0.0,1766521205090
1,0.0,1766521205845
1,0.0,1766521206780
1,0.0,1766521207415
1,0.0,1766521208362
1,0.0,1766521209067
1,0.0,1766521209789
1,0.0,1766521210755
1,0.0,1766521211379
1,0.0,1766521212227
1,0.0,1766521213011
1,0.0,1766521213729
1,0.0,1766521214740
1,0.0,1766521215366
1,0.0,1766521216150
1,0.0,1766521216998
1,0.0,1766521217654
1,0.0,1766521218610
1,0.0,1766521219257
1,0.0,1766521220004
1,0.0,1766521220915
1,0.0,1766521221516
1,0.0,1766521222487
1,0.0,1766521223247
1,0.0,1766521224015
1,0.0,1766521224960
1,0.0,1766521225648
1,0.0,1766521226576
1,0.0,1766521227346
1,0.0,1766521228084
1,0.0,1766521229008
1,0.0,1766521229648
1,0.0,1766521230498
1,0.0,1766521231304
1,0.0,1766521231973
1,0.0,1766521233020
1,0.0,1766521233688
1,0.0,1766521234496
1,0.0,1766521235318
1,0.0,1766521236017
1,0.0,1766521236997
1,0.0,1766521237660
1,0.0,1766521238539
1,0.0,1766521239317
1,0.0,1766521240023
1,0.0,1766521241001
1,0.0,1766521241624
1,0.0,1766521242529
1,0.0,1766521243300
1,0.0,1766521243975
1,0.0,1766521244973
1,0.0,1766521245699
1,0.0,1766521246529
1,0.0,1766521247323
1,0.0,1766521248009
1,0.0,1766521248997
1,0.0,1766521249660
1,0.0,1766521250448
1,0.0,1766521251329
1,0.0,1766521252027
1,0.0,1766521253079
1,0.0,1766521253727
1,0.0,1766521254647
1,0.0,1766521255464
1,0.0,1766521256170
1,0.0,1766521257152
1,0.0,1766521257833
1,0.0,1766521258653
1,0.0,1766521259398
1,0.0,1766521260062
1,0.0,1766521261068
1,0.0,1766521261741
1,0.0,1766521262676
1,0.0,1766521263458
1,0.0,1766521264197
1,0.0,1766521265087
1,0.0,1766521265759
1,0.0,1766521266774
1,0.0,1766521267543
1,0.0,1766521268305
1,0.0,1766521269216
1,0.0,1766521269861
1,0.0,1766521270727
1,0.0,1766521271549
1,0.0,1766521272238
1,0.0,1766521273200
1,0.0,1766521273875
1,0.0,1766521274810
1,0.0,1766521275592
1,0.0,1766521276324
1,0.0,1766521277302
1,0.0,1766521277936
1,0.0,1766521278751
1,0.0,1766521279605
1,0.0,1766521280259
1,0.0,1766521281230
1,0.0,1766521281847
1,0.0,1766521282601
1,0.0,1766521283552
1,0.0,1766521284250
1,0.0,1766521285214
1,0.0,1766521285892
1,0.0,1766521286717
1,0.0,1766521287629
1,0.0,1766521288281
1,0.0,1766521289314
1,0.0,1766521290052
1,0.0,1766521290856
1,0.0,1766521291697
1,0.0,1766521292304
1,0.0,1766521293266
1,0.0,1766521293963
1,0.0,1766521294745
1,0.0,1766521295656
1,0.0,1766521296275
1,0.0,1766521297184
1,0.0,1766521297947
1,0.0,1766521298693
1,0.0,1766521299606
1,0.0,1766521300251
1,0.0,1766521301062
1,0.0,1766521301931
1,0.0,1766521302634
1,0.0,1766521303591
1,0.0,1766521304296
1,0.0,1766521305006
1,0.0,1766521305916
1,0.0,1766521306598
1,0.0,1766521307600
1,0.0,1766521308289
1,0.0,1766521309083
1,0.0,1766521309962
1,0.0,1766521310633
1,0.0,1766521311600
1,0.0,1766521312350
1,0.0,1766521313053
1,0.0,1766521314036
1,0.0,1766521314739
1,0.0,1766521315687
1,0.0,1766521316431
1,0.0,1766521317103
1,0.0,1766521318099
1,0.0,1766521318748
1,0.0,1766521319570
1,0.0,1766521320383
1,0.0,1766521320989
1,0.0,1766521321950
1,0.0,1766521322651
1,0.0,1766521323340
1,0.0,1766521324377
1,0.0,1766521324994
1,0.0,1766521325981
1,0.0,1766521326703
1,0.0,1766521327452
1,0.0,1766521328422
1,0.0,1766521329049
1,0.0,1766521330025
1,0.0,1766521330747
1,0.0,1766521331452
1,0.0,1766521332433
1,0.0,1766521333063
1,0.0,1766521333924
1,0.0,1766521334753
1,0.0,1766521335455
1,0.0,1766521336375
1,0.0,1766521337055
1,0.0,1766521337900
1,0.0,1766521338751
1,0.0,1766521339396
1,0.0,1766521340414
1,0.0,1766521341026
1,0.0,1766521341739
1,0.0,1766521342675
1,0.0,1766521343321
1,0.0,1766521344335
1,0.0,1766521345101
1,0.0,1766521345922
1,0.0,1766521346817
1,0.0,1766521347503
1,0.0,1766521348503
1,0.0,1766521349155
1,0.0,1766521349927
1,0.0,1766521350879
1,0.0,1766521351551
1,0.0,1766521352571
1,0.0,1766521353269
1,0.0,1766521354116
1,0.0,1766521354931
1,0.0,1766521355605
1,0.0,1766521356553
1,0.0,1766521357196
1,0.0,1766521357988
1,0.0,1766521358896
1,0.0,1766521359545
1,0.0,1766521360544
1,0.0,1766521361312
1,0.0,1766521362068
1,0.0,1766521362965
1,0.0,1766521363615
1,0.0,1766521364623
1,0.0,1766521365385
1,0.0,1766521366129
1,0.0,1766521367110
1,0.0,1766521367736
1,0.0,1766521368661
1,0.0,1766521369375
1,0.0,1766521370046
1,0.0,1766521371010
1,0.0,1766521371614
1,0.0,1766521372456
1,0.0,1766521373324
1,0.0,1766521373989
1,0.0,1766521374964
1,0.0,1766521375685
1,0.0,1766521376463
1,0.0,1766521377388
1,0.0,1766521377993
1,0.0,1766521378949
1,0.0,1766521379632
1,0.0,1766521380340
1,0.0,1766521381273
1,0.0,1766521381931
1,0.0,1766521382836
1,0.0,1766521383612
1,0.0,1766521384271
1,0.0,1766521385199
1,0.0,1766521385901
1,0.0,1766521386643
1,0.0,1766521387521
1,0.0,1766521388111
1,0.0,1766521389132
1,0.0,1766521389823
1,0.0,1766521390640
1,0.0,1766521391607
1,0.0,1766521392249
1,0.0,1766521393194
1,0.0,1766521393935
1,0.0,1766521394605
1,0.0,1766521395598
1,0.0,1766521396215
1,0.0,1766521397127
1,0.0,1766521397903
1,0.0,1766521398591
1,0.0,1766521399545
1,0.0,1766521400188
1,0.0,1766521401026
1,0.0,1766521401881
1,0.0,1766521402546
1,0.0,1766521403520
1,0.0,1766521404202
1,0.0,1766521405076
1,0.0,1766521405946
1,0.0,1766521406584
1,0.0,1766521407532
1,0.0,1766521408217
1,0.0,1766521408904
1,0.0,1766521409782
1,0.0,1766521410422
1,0.0,1766521411279
1,0.0,1766521412121
1,0.0,1766521412820
1,0.0,1766521413810
1,0.0,1766521414455
1,0.0,1766521415408
1,0.0,1766521416114
1,0.0,1766521416792
1,0.0,1766521417809
1,0.0,1766521418483
1,0.0,1766521419452
1,0.0,1766521420244
1,0.0,1766521421024
1,0.0,1766521421932
1,0.0,1766521422582
1,0.0,1766521423562
1,0.0,1766521424315
1,0.0,1766521425054
1,0.0,1766521426006
1,0.0,1766521426653
1,0.0,1766521427583
1,0.0,1766521428317
1,0.0,1766521429043
1,0.0,1766521430054
1,0.0,1766521430680
1,0.0,1766521431579
1,0.0,1766521432365
1,0.0,1766521433071
1,0.0,1766521434019
1,0.0,1766521434696
1,0.0,1766521435496
1,0.0,1766521436418
1,0.0,1766521437117
1,0.0,1766521438106
1,0.0,1766521438790
1,0.0,1766521439588
1,0.0,1766521440498
1,0.0,1766521441081
1,0.0,1766521442051
1,0.0,1766521442761
1,0.0,1766521443419
1,0.0,1766521444428
1,0.0,1766521445093
1,0.0,1766521445961
1,0.0,1766521446775
1,0.0,1766521447381
1,0.0,1766521448390
1,0.0,1766521449059
1,0.0,1766521449784
1,0.0,1766521450678
1,0.0,1766521451313
1,0.0,1766521452239
1,0.0,1766521453003
1,0.0,1766521453640
1,0.0,1766521454593
1,0.0,1766521455272
1,0.0,1766521456066
1,0.0,1766521456929
1,0.0,1766521457628
1,0.0,1766521458602
1,0.0,1766521459295
1,0.0,1766521460089
1,0.0,1766521461025
1,0.0,1766521461706
1,0.0,1766521462654
1,0.0,1766521463362
1,0.0,1766521464103
1,0.0,1766521465029
1,0.0,1766521465659
1,0.0,1766521466647
1,0.0,1766521467330
1,0.0,1766521468000
1,0.0,1766521468990
1,0.0,1766521469663
1,0.0,1766521470544
1,0.0,1766521471317
1,0.0,1766521471905
1,0.0,1766521472855
1,0.0,1766521473542
1,0.0,1766521474308
1,0.0,1766521475209
1,0.0,1766521475826
1,0.0,1766521476794
1,0.0,1766521477445
1,0.0,1766521478104
1,0.0,1766521479109
1,0.0,1766521479742
1,0.0,1766521480591
1,0.0,1766521481432
1,0.0,1766521482081
1,0.0,1766521483030
1,0.0,1766521483676
1,0.0,1766521484447
1,0.0,1766521485383
1,0.0,1766521486019
1,0.0,1766521486949
1,0.0,1766521487733
1,0.0,1766521488480
1,0.0,1766521489458
1,0.0,1766521490091
1,0.0,1766521491061
1,0.0,1766521491817
1,0.0,1766521492472
1,0.0,1766521493369
1,0.0,1766521494019
1,0.0,1766521494865
1,0.0,1766521495719
1,0.0,1766521496420
1,0.0,1766521497432
1,0.0,1766521498104
1,0.0,1766521498893
1,0.0,1766521499681
1,0.0,1766521500282
1,0.0,1766521501261
1,0.0,1766521501951
1,0.0,1766521502676
1,0.0,1766521503627
1,0.0,1766521504254
1,0.0,1766521505174
1,0.0,1766521505961
1,0.0,1766521506690
1,0.0,1766521507673
1,0.0,1766521508307
1,0.0,1766521509200
1,0.0,1766521510006
1,0.0,1766521510657
1,0.0,1766521511699
1,0.0,1766521512384
1,0.0,1766521513287
1,0.0,1766521514090
1,0.0,1766521514825
1,0.0,1766521515803
1,0.0,1766521516419
1,0.0,1766521517260
1,0.0,1766521518174
1,0.0,1766521518820
1,0.0,1766521519776
1,0.0,1766521520449
1,0.0,1766521521227
1,0.0,1766521522173
1,0.0,1766521522842
1,0.0,1766521523846
1,0.0,1766521524514
1,0.0,1766521525323
1,0.0,1766521526232
1,0.0,1766521526879
1,0.0,1766521527875
1,0.0,1766521528591
1,0.0,1766521529279
1,0.0,1766521530170
1,0.0,1766521530809
1,0.0,1766521531795
1,0.0,1766521532570
1,0.0,1766521533331
1,0.0,1766521534232
1,0.0,1766521534941
1,0.0,1766521535919
1,0.0,1766521536619
1,0.0,1766521537345
1,0.0,1766521538313
1,0.0,1766521539009
1,0.0,1766521539963
1,0.0,1766521540772
1,0.0,1766521541489
1,0.0,1766521542488
1,0.0,1766521543144
1,0.0,1766521544177
1,0.0,1766521544873
1,0.0,1766521545607
1,0.0,1766521546606
1,0.0,1766521547269
1,0.0,1766521548291
1,0.0,1766521548960
1,0.0,1766521549688
1,0.0,1766521550628
1,0.0,1766521551247
1,0.0,1766521552210
1,0.0,1766521552879
1,0.0,1766521553669
1,0.0,1766521554618
1,0.0,1766521555263
1,0.0,1766521556261
1,0.0,1766521556997
1,0.0,1766521557653
1,0.0,1766521558636
1,0.0,1766521559269
1,0.0,1766521560205
1,0.0,1766521560919
1,0.0,1766521561641
1,0.0,1766521562645
1,0.0,1766521563255
1,0.0,1766521564186
1,0.0,1766521564853
1,0.0,1766521565577
1,0.0,1766521566549
1,0.0,1766521567211
1,0.0,1766521568062
1,0.0,1766521568882
1,0.0,1766521569576
1,0.0,1766521570537
1,0.0,1766521571203
1,0.0,1766521571942
1,0.0,1766521572891
1,0.0,1766521573540
1,0.0,1766521574523
1,0.0,1766521575216
1,0.0,1766521576003
1,0.0,1766521576916
1,0.0,1766521577611
1,0.0,1766521578564
1,0.0,1766521579265
1,0.0,1766521580004
1,0.0,1766521581009
1,0.0,1766521581663
1,0.0,1766521582558
1,0.0,1766521583324
1,0.0,1766521584072
1,0.0,1766521584984
1,0.0,1766521585672
1,0.0,1766521586647
1,0.0,1766521587406
1,0.0,1766521588122
1,0.0,1766521589063
1,0.0,1766521589710
1,0.0,1766521590660
1,0.0,1766521591459
1,0.0,1766521592141
1,0.0,1766521593055
1,0.0,1766521593696
1,0.0,1766521594460
1,0.0,1766521595322
1,0.0,1766521595930
1,0.0,1766521596938
1,0.0,1766521597666
1,0.0,1766521598447
2,0.0,1766521599338
2,0.0,1766521599984
2,0.0,1766521601001
2,0.0,1766521601693
2,0.0,1766521602412
2,0.0,1766521603309
2,0.0,1766521603983
2,0.0,1766521605020
2,0.0,1766521605675
2,0.0,1766521606365
2,0.0,1766521607359
2,0.0,1766521608000
2,0.0,1766521608993
2,0.0,1766521609638
2,0.0,1766521610331
2,0.0,1766521611235
2,0.0,1766521611833
2,0.0,1766521612594
2,0.0,1766521613459
2,0.0,1766521614084
2,0.0,1766521615080
2,0.0,1766521615786
2,0.0,1766521616501
2,0.0,1766521617410
2,0.0,1766521618019
2,0.0,1766521618876
2,0.0,1766521619656
2,0.0,1766521620356
2,0.0,1766521621361
2,0.0,1766521622049
2,0.0,1766521622881
2,0.0,1766521623718
2,0.0,1766521624394
2,0.0,1766521625372
2,0.0,1766521626086
2,0.0,1766521626945
2,0.0,1766521627812
2,0.0,1766521628513
2,0.0,1766521629478
2,0.0,1766521630183
2,0.0,1766521631043
2,0.0,1766521631854
2,0.0,1766521632510
2,0.0,1766521633448
2,0.0,1766521634121
2,0.0,1766521634903
2,0.0,1766521635836
2,0.0,1766521636498
2,0.0,1766521637490
2,0.0,1766521638149
2,0.0,1766521638881
2,0.0,1766521639856
2,0.0,1766521640510
2,0.0,1766521641565
2,0.0,1766521642239
2,0.0,1766521642958
2,0.0,1766521643881
2,0.0,1766521644531
2,0.0,1766521645511
2,0.0,1766521646251
2,0.0,1766521646959
2,0.0,1766521647975
2,0.0,1766521648567
2,0.0,1766521649417
2,0.0,1766521650182
2,0.0,1766521650938
2,0.0,1766521651888
2,0.0,1766521652535
2,0.0,1766521653464
2,0.0,1766521654284
2,0.0,1766521655065
2,0.0,1766521655990
2,0.0,1766521656641
2,0.0,1766521657600
2,0.0,1766521658300
2,0.0,1766521659074
2,0.0,1766521659951
2,0.0,1766521660652
2,0.0,1766521661603
2,0.0,1766521662341
2,0.0,1766521663032
2,0.0,1766521664010
2,0.0,1766521664671
2,0.0,1766521665550
2,0.0,1766521666288
2,0.0,1766521666982
2,0.0,1766521667952
2,0.0,1766521668611
2,0.0,1766521669498
2,0.0,1766521670336
2,0.0,1766521671001
2,0.0,1766521671953
2,0.0,1766521672664
2,0.0,1766521673462
2,0.0,1766521674342
2,0.0,1766521674990
2,0.0,1766521676139
2,0.0,1766521676773
2,0.0,1766521677601
2,0.0,1766521678486
2,0.0,1766521679163
2,0.0,1766521680075
2,0.0,1766521680750
2,0.0,1766521681513
2,0.0,1766521682408
2,0.0,1766521683076
2,0.0,1766521684089
2,0.0,1766521684826
2,0.0,1766521685535
2,0.0,1766521686511
2,0.0,1766521687112
2,0.0,1766521688050
2,0.0,1766521688665
2,0.0,1766521689274
2,0.0,1766521690157
2,0.0,1766521690815
2,0.0,1766521691540
2,0.0,1766521692431
2,0.0,1766521693069
2,0.0,1766521694002
2,0.0,1766521694712
2,0.0,1766521695457
2,0.0,1766521696457
2,0.0,1766521697102
2,0.0,1766521698090
2,0.0,1766521698800
2,0.0,1766521699586
2,0.0,1766521700433
2,0.0,1766521701054
2,0.0,1766521702110
2,0.0,1766521702838
2,0.0,1766521703564
2,0.0,1766521704528
2,0.0,1766521705191
2,0.0,1766521706100
2,0.0,1766521706858
2,0.0,1766521707525
2,0.0,1766521708500
2,0.0,1766521709099
2,0.0,1766521709941
2,0.0,1766521710787
2,0.0,1766521711421
2,0.0,1766521712381
2,0.0,1766521713064
2,0.0,1766521713862
2,0.0,1766521714758
2,0.0,1766521715413
2,0.0,1766521716396
2,0.0,1766521717098
2,0.0,1766521717864
2,0.0,1766521718829
2,0.0,1766521719463
2,0.0,1766521720496
2,0.0,1766521721160
2,0.0,1766521721884
2,0.0,1766521722788
2,0.0,1766521723456
2,0.0,1766521724440
2,0.0,1766521725191
2,0.0,1766521726011
2,0.0,1766521726881
2,0.0,1766521727571
2,0.0,1766521728561
2,0.0,1766521729226
2,0.0,1766521730014
2,0.0,1766521730881
2,0.0,1766521731512
2,0.0,1766521732440
2,0.0,1766521733107
2,0.0,1766521733799
2,0.0,1766521734760
2,0.0,1766521735386
2,0.0,1766521736214
2,0.0,1766521737032
2,0.0,1766521737696
2,0.0,1766521738629
2,0.0,1766521739284
2,0.0,1766521740015
2,0.0,1766521740875
2,0.0,1766521741458
2,0.0,1766521742231
2,0.0,1766521743072
2,0.0,1766521743785
2,0.0,1766521744749
2,0.0,1766521745424
2,0.0,1766521746302
2,0.0,1766521747180
2,0.0,1766521747776
2,0.0,1766521748747
2,0.0,1766521749442
2,0.0,1766521750165
2,0.0,1766521751153
2,0.0,1766521751801
2,0.0,1766521752724
2,0.0,1766521753459
2,0.0,1766521754160
2,0.0,1766521755152
2,0.0,1766521755779
2,0.0,1766521756562
2,0.0,1766521757369
2,0.0,1766521758004
2,0.0,1766521758999
2,0.0,1766521759728
2,0.0,1766521760538
2,0.0,1766521761406
2,0.0,1766521762086
2,0.0,1766521763109
2,0.0,1766521763779
2,0.0,1766521764539
2,0.0,1766521765473
2,0.0,1766521766063
2,0.0,1766521767032
2,0.0,1766521767716
2,0.0,1766521768370
2,0.0,1766521769373
2,0.0,1766521770038
2,0.0,1766521770820
2,0.0,1766521771671
2,0.0,1766521772346
2,0.0,1766521773337
2,0.0,1766521774035
2,0.0,1766521774898
2,0.0,1766521775739
2,0.0,1766521776419
2,0.0,1766521777397
2,0.0,1766521778103
2,0.0,1766521778946
2,0.0,1766521779845
2,0.0,1766521780502
2,0.0,1766521781452
2,0.0,1766521782088
2,0.0,1766521782801
2,0.0,1766521783768
2,0.0,1766521784333
2,0.0,1766521785222
2,0.0,1766521786077
2,0.0,1766521786751
2,0.0,1766521787698
2,0.0,1766521788354
2,0.0,1766521789200
2,0.0,1766521790061
2,0.0,1766521790726
2,0.0,1766521791690
2,0.0,1766521792373
2,0.0,1766521793121
2,0.0,1766521793960
2,0.0,1766521794605
2,0.0,1766521795567
2,0.0,1766521796271
2,0.0,1766521797012
2,0.0,1766521797991
2,0.0,1766521798555
2,0.0,1766521799551
2,0.0,1766521800284
2,0.0,1766521800992
2,0.0,1766521801983
2,0.0,1766521802627
2,0.0,1766521803583
2,0.0,1766521804316
2,0.0,1766521805044
2,0.0,1766521806084
2,0.0,1766521806701
2,0.0,1766521807654
2,0.0,1766521808354
2,0.0,1766521809056
2,0.0,1766521809983
2,0.0,1766521810609
2,0.0,1766521811262
2,0.0,1766521812248
2,0.0,1766521812924
2,0.0,1766521813851
2,0.0,1766521814569
2,0.0,1766521815284
2,0.0,1766521816172
2,0.0,1766521816884
2,0.0,1766521817918
2,0.0,1766521818581
2,0.0,1766521819471
2,0.0,1766521820290
2,0.0,1766521821060
2,0.0,1766521821998
2,0.0,1766521822699
2,0.0,1766521823677
2,0.0,1766521824403
2,0.0,1766521825269
2,0.0,1766521826112
2,0.0,1766521826819
2,0.0,1766521827803
2,0.0,1766521828549
2,0.0,1766521829407
2,0.0,1766521830138
2,0.0,1766521830878
2,0.0,1766521831793
2,0.0,1766521832490
2,0.0,1766521833380
2,0.0,1766521834199
2,0.0,1766521834985
2,0.0,1766521835873
2,0.0,1766521836618
2,0.0,1766521837438
2,0.0,1766521838107
2,0.0,1766521838952
2,0.0,1766521839705
2,0.0,1766521840475
2,0.0,1766521841401
2,0.0,1766521842142
2,0.0,1766521843072
2,0.0,1766521843814
2,0.0,1766521844721
2,0.0,1766521845587
2,0.0,1766521846362
2,0.0,1766521847303
2,0.0,1766521848070
2,0.0,1766521848971
2,0.0,1766521849653
2,0.0,1766521850381
2,0.0,1766521851293
2,0.0,1766521852011
2,0.0,1766521853007
2,0.0,1766521853691
2,0.0,1766521854525
2,0.0,1766521855389
2,0.0,1766521856093
2,0.0,1766521857068
2,0.0,1766521857782
2,0.0,1766521858635
2,0.0,1766521859453
2,0.0,1766521860353
2,0.0,1766521861188
2,0.0,1766521861929
2,0.0,1766521862807
2,0.0,1766521863518
2,0.0,1766521864400
2,0.0,1766521865222
2,0.0,1766521866127
2,0.0,1766521866990
2,0.0,1766521867677
2,0.0,1766521868627
2,0.0,1766521869322
2,0.0,1766521870154
2,0.0,1766521871026
2,0.0,1766521871888
2,0.0,1766521872773
2,0.0,1766521873494
2,0.0,1766521874390
2,0.0,1766521875183
2,0.0,1766521876008
2,0.0,1766521876765
2,0.0,1766521877455
2,0.0,1766521878346
2,0.0,1766521879103
2,0.0,1766521879983
2,0.0,1766521880838
2,0.0,1766521881676
2,0.0,1766521882443
2,0.0,1766521883219
2,0.0,1766521884013
2,0.0,1766521884811
2,0.0,1766521885668
2,0.0,1766521886427
2,0.0,1766521887312
2,0.0,1766521888159
2,0.0,1766521888965
2,0.0,1766521889884
2,0.0,1766521890668
2,0.0,1766521891513
2,0.0,1766521892324
2,0.0,1766521893163
2,0.0,1766521893974
2,0.0,1766521894703
2,0.0,1766521895603
2,0.0,1766521896372
2,0.0,1766521897190
2,0.0,1766521898006
2,0.0,1766521898764
2,0.0,1766521899669
2,0.0,1766521900468
2,0.0,1766521901367
2,0.0,1766521902178
2,0.0,1766521903041
2,0.0,1766521903902
2,0.0,1766521904754
2,0.0,1766521905564
2,0.0,1766521906340
2,0.0,1766521907142
2,0.0,1766521907927
2,0.0,1766521908791
2,0.0,1766521909591
2,0.0,1766521910451
2,0.0,1766521911282
2,0.0,1766521912071
2,0.0,1766521912889
2,0.0,1766521913714
2,0.0,1766521914510
2,0.0,1766521915321
2,0.0,1766521916131
2,0.0,1766521917019
2,0.0,1766521917814
2,0.0,1766521918561
2,0.0,1766521919375
2,0.0,1766521920208
2,0.0,1766521921023
2,0.0,1766521921853
2,0.0,1766521922688
2,0.0,1766521923564
2,0.0,1766521924354
2,0.0,1766521925252
2,0.0,1766521926083
2,0.0,1766521926949
2,0.0,1766521927790
2,0.0,1766521928660
2,0.0,1766521929522
2,0.0,1766521930290
2,0.0,1766521931154
2,0.0,1766521931925
2,0.0,1766521932789
2,0.0,1766521933573
2,0.0,1766521934282
2,0.0,1766521935198
2,0.0,1766521935935
2,0.0,1766521936874
2,0.0,1766521937620
2,0.0,1766521938472
2,0.0,1766521939322
2,0.0,1766521940066
2,0.0,1766521940978
2,0.0,1766521941678
2,0.0,1766521942577
2,0.0,1766521943340
2,0.0,1766521944134
2,0.0,1766521945088
2,0.0,1766521945836
2,0.0,1766521946794
2,0.0,1766521947530
2,0.0,1766521948413
2,0.0,1766521949219
2,0.0,1766521949988
2,0.0,1766521950872
2,0.0,1766521951555
2,0.0,1766521952394
2,0.0,1766521953182
2,0.0,1766521953843
2,0.0,1766521954791
2,0.0,1766521955459
2,0.0,1766521956316
2,0.0,1766521957159
2,0.0,1766521957862
2,0.0,1766521958871
2,0.0,1766521959536
2,0.0,1766521960471
2,0.0,1766521961236
2,0.0,1766521961950
2,0.0,1766521962989
2,0.0,1766521963634
2,0.0,1766521964466
2,0.0,1766521965309
2,0.0,1766521965947
2,0.0,1766521966892
2,0.0,1766521967607
2,0.0,1766521968281
2,0.0,1766521969197
2,0.0,1766521969815
2,0.0,1766521970641
2,0.0,1766521971504
2,0.0,1766521972244
2,0.0,1766521973200
2,0.0,1766521973806
2,0.0,1766521974580
2,0.0,1766521975430
2,0.0,1766521976118
2,0.0,1766521977096
2,0.0,1766521977845
2,0.0,1766521978550
2,0.0,1766521979411
2,0.0,1766521980004
2,0.0,1766521980972
2,0.0,1766521981691
2,0.0,1766521982426
2,0.0,1766521983424
2,0.0,1766521984068
2,0.0,1766521984984
2,0.0,1766521985745
2,0.0,1766521986490
2,0.0,1766521987391
2,0.0,1766521987998
2,0.0,1766521988903
2,0.0,1766521989633
2,0.0,1766521990341
2,0.0,1766521991285
2,0.0,1766521991912
2,0.0,1766521992667
2,0.0,1766521993642
2,0.0,1766521994263
2,0.0,1766521995274
2,0.0,1766521995992
2,0.0,1766521996815
2,0.0,1766521997705
2,0.0,1766521998367
2,0.0,1766521999386
2,0.0,1766522000106
2,0.0,1766522000857
2,0.0,1766522001798
2,0.0,1766522002444
2,0.0,1766522003464
2,0.0,1766522004093
2,0.0,1766522004783
2,0.0,1766522005731
2,0.0,1766522006296
2,0.0,1766522007163
2,0.0,1766522007896
2,0.0,1766522008571
2,0.0,1766522009588
2,0.0,1766522010248
2,0.0,1766522011089
2,0.0,1766522011918
2,0.0,1766522012612
2,0.0,1766522013596
2,0.0,1766522014286
2,0.0,1766522015114
2,0.0,1766522015973
2,0.0,1766522016679
2,0.0,1766522017697
2,0.0,1766522018312
2,0.0,1766522019113
2,0.0,1766522020011
2,0.0,1766522020699
2,0.0,1766522021700
2,0.0,1766522022335
2,0.0,1766522023182
2,0.0,1766522024029
2,0.0,1766522024686
2,0.0,1766522025723
2,0.0,1766522026405
2,0.0,1766522027171
2,0.0,1766522028049
2,0.0,1766522028697
2,0.0,1766522029632
2,0.0,1766522030399
2,0.0,1766522031175
2,0.0,1766522032075
2,0.0,1766522032685
2,0.0,1766522033624
2,0.0,1766522034412
2,0.0,1766522035166
2,0.0,1766522036155
2,0.0,1766522036779
2,0.0,1766522037765
2,0.0,1766522038470
2,0.0,1766522039159
2,0.0,1766522040154
2,0.0,1766522040803
2,0.0,1766522041649
2,0.0,1766522042520
2,0.0,1766522043224
2,0.0,1766522044241
2,0.0,1766522044854
2,0.0,1766522045717
2,0.0,1766522046591
2,0.0,1766522047237
2,0.0,1766522048209
2,0.0,1766522048939
2,0.0,1766522049727
2,0.0,1766522050584
2,0.0,1766522051212
2,0.0,1766522052193
2,0.0,1766522052872
2,0.0,1766522053589
2,0.0,1766522054568
2,0.0,1766522055204
2,0.0,1766522056170
2,0.0,1766522056887
2,0.0,1766522057614
2,0.0,1766522058584
2,0.0,1766522059219
2,0.0,1766522060056
2,0.0,1766522060783
2,0.0,1766522061403
2,0.0,1766522062399
2,0.0,1766522063073
2,0.0,1766522063873
2,0.0,1766522064789
2,0.0,1766522065467
2,0.0,1766522066515
2,0.0,1766522067205
2,0.0,1766522068092
2,0.0,1766522068901
2,0.0,1766522069623
2,0.0,1766522070621
2,0.0,1766522071263
2,0.0,1766522072216
2,0.0,1766522072960
2,0.0,1766522073588
2,0.0,1766522074608
2,0.0,1766522075271
2,0.0,1766522076142
2,0.0,1766522076954
2,0.0,1766522077635
2,0.0,1766522078601
2,0.0,1766522079246
2,0.0,1766522079983
2,0.0,1766522080911
2,0.0,1766522081586
2,0.0,1766522082551
2,0.0,1766522083300
2,0.0,1766522084081
2,0.0,1766522085048
2,0.0,1766522085681
2,0.0,1766522086534
2,0.0,1766522087300
2,0.0,1766522088022
2,0.0,1766522089007
2,0.0,1766522089684
2,0.0,1766522090586
2,0.0,1766522091343
2,0.0,1766522092001
2,0.0,1766522092998
2,0.0,1766522093653
2,0.0,1766522094435
2,0.0,1766522095333
2,0.0,1766522096024
2,0.0,1766522096972
2,0.0,1766522097618
2,0.0,1766522098387
2,0.0,1766522099334
2,0.0,1766522100006
2,0.0,1766522100993
2,0.0,1766522101693
2,0.0,1766522102372
2,0.0,1766522103271
2,0.0,1766522103918
2,0.0,1766522104766
2,0.0,1766522105550
2,0.0,1766522106261
2,0.0,1766522107224
2,0.0,1766522107882
2,0.0,1766522108631
2,0.0,1766522109467
2,0.0,1766522110023
2,0.0,1766522110851
2,0.0,1766522111661
2,0.0,1766522112366
2,0.0,1766522113341
2,0.0,1766522113984
2,0.0,1766522114863
2,0.0,1766522115614
2,0.0,1766522116221
2,0.0,1766522117193
2,0.0,1766522117880
2,0.0,1766522118672
2,0.0,1766522119604
2,0.0,1766522120274
2,0.0,1766522121309
2,0.0,1766522121926
2,0.0,1766522122640
2,0.0,1766522123617
2,0.0,1766522124223
2,0.0,1766522125176
2,0.0,1766522125971
2,0.0,1766522126699
2,0.0,1766522127668
2,0.0,1766522128343
2,0.0,1766522129339
2,0.0,1766522130057
2,0.0,1766522130794
2,0.0,1766522131693
2,0.0,1766522132301
2,0.0,1766522133279
2,0.0,1766522134026
2,0.0,1766522134828
2,0.0,1766522135799
2,0.0,1766522136457
2,0.0,1766522137376
2,0.0,1766522138047
2,0.0,1766522138716
2,0.0,1766522139680
2,0.0,1766522140298
2,0.0,1766522141238
2,0.0,1766522142000
2,0.0,1766522142674
2,0.0,1766522143606
2,0.0,1766522144208
2,0.0,1766522144871
2,0.0,1766522145847
2,0.0,1766522146456
2,0.0,1766522147400
2,0.0,1766522148115
2,0.0,1766522148735
2,0.0,1766522149648
2,0.0,1766522150316
2,0.0,1766522151179
2,0.0,1766522152068
2,0.0,1766522152694
2,0.0,1766522153622
2,0.0,1766522154323
2,0.0,1766522155055
2,0.0,1766522156054
2,0.0,1766522156684
2,0.0,1766522157617
2,0.0,1766522158307
2,0.0,1766522158974
2,0.0,1766522159961
2,0.0,1766522160579
2,0.0,1766522161425
2,0.0,1766522162291
2,0.0,1766522163010
2,0.0,1766522163895
2,0.0,1766522164545
2,0.0,1766522165253
2,0.0,1766522166271
2,0.0,1766522166928
2,0.0,1766522167908
2,0.0,1766522168622
2,0.0,1766522169386
2,0.0,1766522170346
2,0.0,1766522170989
2,0.0,1766522171923
2,0.0,1766522172645
2,0.0,1766522173282
2,0.0,1766522174241
2,0.0,1766522174926
2,0.0,1766522175728
2,0.0,1766522176605
2,0.0,1766522177275
2,0.0,1766522178230
2,0.0,1766522178881
2,0.0,1766522179638
2,0.0,1766522180553
2,0.0,1766522181148
2,0.0,1766522182108
2,0.0,1766522182811
2,0.0,1766522183432
2,0.0,1766522184400
2,0.0,1766522185057
2,0.0,1766522185866
2,0.0,1766522186743
2,0.0,1766522187374
2,0.0,1766522188415
2,0.0,1766522189082
2,0.0,1766522189823
2,0.0,1766522190711
2,0.0,1766522191341
2,0.0,1766522192240
2,0.0,1766522192934
2,0.0,1766522193636
2,0.0,1766522194633
2,0.0,1766522195353
2,0.0,1766522196265
2,0.0,1766522197034
2,0.0,1766522197755
2,0.0,1766522198761
2,0.0,1766522199427
2,0.0,1766522200264
2,0.0,1766522201092
2,0.0,1766522201795
2,0.0,1766522202746
2,0.0,1766522203459
2,0.0,1766522204308
2,0.0,1766522205111
2,0.0,1766522205783
2,0.0,1766522206781
2,0.0,1766522207403
2,0.0,1766522208140
2,0.0,1766522209086
2,0.0,1766522209725
2,0.0,1766522210671
2,0.0,1766522211426
2,0.0,1766522212135
2,0.0,1766522213060
2,0.0,1766522213658
2,0.0,1766522214344
2,0.0,1766522215290
2,0.0,1766522215875
2,0.0,1766522216745
2,0.0,1766522217498
2,0.0,1766522218227
2,0.0,1766522219192
2,0.0,1766522219824
2,0.0,1766522220699
2,0.0,1766522221480
2,0.0,1766522222110
2,0.0,1766522223102
2,0.0,1766522223733
2,0.0,1766522224459
2,0.0,1766522225408
2,0.0,1766522226062
2,0.0,1766522227065
2,0.0,1766522227748
2,0.0,1766522228546
2,0.0,1766522229528
2,0.0,1766522230190
2,0.0,1766522231093
2,0.0,1766522231850
2,0.0,1766522232577
2,0.0,1766522233561
2,0.0,1766522234223
2,0.0,1766522235193
2,0.0,1766522235921
2,0.0,1766522236618
2,0.0,1766522237583
2,0.0,1766522238247
2,0.0,1766522239218
2,0.0,1766522239921
2,0.0,1766522240609
2,0.0,1766522241610
2,0.0,1766522242263
2,0.0,1766522243181
2,0.0,1766522244003
2,0.0,1766522244711
2,0.0,1766522245740
2,0.0,1766522246383
2,0.0,1766522247268
2,0.0,1766522248104
2,0.0,1766522248780
2,0.0,1766522249726
2,0.0,1766522250391
2,0.0,1766522251156
2,0.0,1766522252126
2,0.0,1766522252769
2,0.0,1766522253748
2,0.0,1766522254463
2,0.0,1766522255228
2,0.0,1766522256165
2,0.0,1766522256856
2,0.0,1766522257883
2,0.0,1766522258514
2,0.0,1766522259349
2,0.0,1766522260255
2,0.0,1766522260921
2,0.0,1766522261869
2,0.0,1766522262588
2,0.0,1766522263309
2,0.0,1766522264305
2,0.0,1766522264934
2,0.0,1766522265824
2,0.0,1766522266551
2,0.0,1766522267154
2,0.0,1766522268101
2,0.0,1766522268761
2,0.0,1766522269558
2,0.0,1766522270468
2,0.0,1766522271095
2,0.0,1766522272107
2,0.0,1766522272841
2,0.0,1766522273538
2,0.0,1766522274550
2,0.0,1766522275162
2,0.0,1766522276064
2,0.0,1766522276857
2,0.0,1766522277469
2,0.0,1766522278452
2,0.0,1766522279084
2,0.0,1766522279851
2,0.0,1766522280751
2,0.0,1766522281342
2,0.0,1766522282250
2,0.0,1766522282965
2,0.0,1766522283706
2,0.0,1766522284669
2,0.0,1766522285304
2,0.0,1766522286217
2,0.0,1766522286988
2,0.0,1766522287706
2,0.0,1766522288596
2,0.0,1766522289239
2,0.0,1766522289949
2,0.0,1766522290843
2,0.0,1766522291435
2,0.0,1766522292423
2,0.0,1766522293147
2,0.0,1766522293884
2,0.0,1766522294815
2,0.0,1766522295456
2,0.0,1766522296436
2,0.0,1766522297151
2,0.0,1766522297871
2,0.0,1766522298859
2,0.0,1766522299491
2,0.0,1766522300331
2,0.0,1766522301108
2,0.0,1766522301804
2,0.0,1766522302788
2,0.0,1766522303422
2,0.0,1766522304286
2,0.0,1766522305072
2,0.0,1766522305747
2,0.0,1766522306732
2,0.0,1766522307418
2,0.0,1766522308094
2,0.0,1766522309053
2,0.0,1766522309740
2,0.0,1766522310663
2,0.0,1766522311413
2,0.0,1766522312079
2,0.0,1766522312970
2,0.0,1766522313642
2,0.0,1766522314338
2,0.0,1766522315283
2,0.0,1766522315968
2,0.0,1766522316974
2,0.0,1766522317619
2,0.0,1766522318325
2,0.0,1766522319281
2,0.0,1766522319892
2,0.0,1766522320768
2,0.0,1766522321585
2,0.0,1766522322256
2,0.0,1766522323212
2,0.0,1766522323901
2,0.0,1766522324696
2,0.0,1766522325533
2,0.0,1766522326137
2,0.0,1766522327121
2,0.0,1766522327811
2,0.0,1766522328445
2,0.0,1766522329378
2,0.0,1766522329987
2,0.0,1766522330847
2,0.0,1766522331693
2,0.0,1766522332348
2,0.0,1766522333332
2,0.0,1766522334008
2,0.0,1766522334728
2,0.0,1766522335669
2,0.0,1766522336277
2,0.0,1766522337281
2,0.0,1766522338017
2,0.0,1766522338718
2,0.0,1766522339705
2,0.0,1766522340341
2,0.0,1766522341272
2,0.0,1766522342029
2,0.0,1766522342675
2,0.0,1766522343592
2,0.0,1766522344227
2,0.0,1766522345093
2,0.0,1766522345993
2,0.0,1766522346703
2,0.0,1766522347634
3,0.0,1766522348251
3,0.0,1766522349003
3,0.0,1766522349965
3,0.0,1766522350650
3,0.0,1766522351615
3,0.0,1766522352301
3,0.0,1766522353061
3,0.0,1766522354024
3,0.0,1766522354683
3,0.0,1766522355604
3,0.0,1766522356283
3,0.0,1766522356986
3,0.0,1766522357928
3,0.0,1766522358548
3,0.0,1766522359340
3,0.0,1766522360186
3,0.0,1766522360809
3,0.0,1766522361813
3,0.0,1766522362511
3,0.0,1766522363262
3,0.0,1766522364192
3,0.0,1766522364831
3,0.0,1766522365818
3,0.0,1766522366567
3,0.0,1766522367292
3,0.0,1766522368314
3,0.0,1766522369028
3,0.0,1766522370025
3,0.0,1766522370730
3,0.0,1766522371495
3,0.0,1766522372404
3,0.0,1766522373052
3,0.0,1766522374081
3,0.0,1766522374811
3,0.0,1766522375620
3,0.0,1766522376507
3,0.0,1766522377135
3,0.0,1766522378028
3,0.0,1766522378782
3,0.0,1766522379472
3,0.0,1766522380455
3,0.0,1766522381069
3,0.0,1766522381901
3,0.0,1766522382734
3,0.0,1766522383376
3,0.0,1766522384269
3,0.0,1766522384944
3,0.0,1766522385608
3,0.0,1766522386426
3,0.0,1766522387069
3,0.0,1766522387918
3,0.0,1766522388622
3,0.0,1766522389414
3,0.0,1766522390195
3,0.0,1766522390680
3,0.0,1766522391364
3,0.0,1766522392088
3,0.0,1766522392557
3,0.0,1766522393124
3,0.0,1766522393841
3,0.0,1766522394315
3,0.0,1766522394862
3,0.0,1766522395663
3,0.0,1766522396170
3,0.0,1766522396713
3,0.0,1766522397566
3,0.0,1766522398128
3,0.0,1766522398805
3,0.0,1766522399598
3,0.0,1766522400098
3,0.0,1766522400907
3,0.0,1766522401605
3,0.0,1766522402120
3,0.0,1766522402861
3,0.0,1766522403565
3,0.0,1766522404090
3,0.0,1766522404946
3,0.0,1766522405613
3,0.0,1766522406303
3,0.0,1766522407190
3,0.0,1766522407739
3,0.0,1766522408441
3,0.0,1766522409280
3,0.0,1766522409856
3,0.0,1766522410664
3,0.0,1766522411365
3,0.0,1766522412050
3,0.0,1766522412914
3,0.0,1766522413507
3,0.0,1766522414206
3,0.0,1766522414990
3,0.0,1766522415559
3,0.0,1766522416321
3,0.0,1766522417035
3,0.0,1766522417742
3,0.0,1766522418612
3,0.0,1766522419212
3,0.0,1766522420040
3,0.0,1766522420731
3,0.0,1766522421391
3,0.0,1766522422202
3,0.0,1766522422839
3,0.0,1766522423586
3,0.0,1766522424384
3,0.0,1766522425036
3,0.0,1766522425874
3,0.0,1766522426542
3,0.0,1766522427208
3,0.0,1766522428004
3,0.0,1766522428637
3,0.0,1766522429381
3,0.0,1766522430065
3,0.0,1766522430726
3,0.0,1766522431477
3,0.0,1766522432112
3,0.0,1766522432845
3,0.0,1766522433606
3,0.0,1766522434262
3,0.0,1766522434981
3,0.0,1766522435636
3,0.0,1766522436353
3,0.0,1766522437152
3,0.0,1766522437883
3,0.0,1766522438677
3,0.0,1766522439362
3,0.0,1766522440033
3,0.0,1766522440800
3,0.0,1766522441507
3,0.0,1766522442283
3,0.0,1766522443016
3,0.0,1766522443754
3,0.0,1766522444508
3,0.0,1766522445180
3,0.0,1766522446058
3,0.0,1766522446713
3,0.0,1766522447446
3,0.0,1766522448173
3,0.0,1766522448844
3,0.0,1766522449609
3,0.0,1766522450357
3,0.0,1766522451030
3,0.0,1766522451824
3,0.0,1766522452487
3,0.0,1766522453240
3,0.0,1766522453994
3,0.0,1766522454635
3,0.0,1766522455413
3,0.0,1766522456082
3,0.0,1766522456753
3,0.0,1766522457546
3,0.0,1766522458234
3,0.0,1766522459042
3,0.0,1766522459731
3,0.0,1766522460474
3,0.0,1766522461240
3,0.0,1766522461978
3,0.0,1766522462666
3,0.0,1766522463407
3,0.0,1766522464097
3,0.0,1766522464851
3,0.0,1766522465489
3,0.0,1766522466315
3,0.0,1766522467063
3,0.0,1766522467739
3,0.0,1766522468636
3,0.0,1766522469360
3,0.0,1766522470078
3,0.0,1766522470864
3,0.0,1766522471522
3,0.0,1766522472265
3,0.0,1766522473063
3,0.0,1766522473800
3,0.0,1766522474552
3,0.0,1766522475265
3,0.0,1766522475985
3,0.0,1766522476707
3,0.0,1766522477396
3,0.0,1766522478151
3,0.0,1766522478807
3,0.0,1766522479517
3,0.0,1766522480241
3,0.0,1766522480958
3,0.0,1766522481772
3,0.0,1766522482482
3,0.0,1766522483248
3,0.0,1766522483930
3,0.0,1766522484631
3,0.0,1766522485450
3,0.0,1766522486087
3,0.0,1766522486809
3,0.0,1766522487546
3,0.0,1766522488229
3,0.0,1766522488979
3,0.0,1766522489699
3,0.0,1766522490342
3,0.0,1766522491189
3,0.0,1766522491922
3,0.0,1766522492661
3,0.0,1766522493358
3,0.0,1766522494067
3,0.0,1766522494800
3,0.0,1766522495505
3,0.0,1766522496223
3,0.0,1766522496927
3,0.0,1766522497540
3,0.0,1766522498264
3,0.0,1766522499048
3,0.0,1766522499757
3,0.0,1766522500491
3,0.0,1766522501245
3,0.0,1766522501991
3,0.0,1766522502725
3,0.0,1766522503451
3,0.0,1766522504200
3,0.0,1766522504935
3,0.0,1766522505672
3,0.0,1766522506388
3,0.0,1766522507128
3,0.0,1766522507868
3,0.0,1766522508631
3,0.0,1766522509356
3,0.0,1766522510087
3,0.0,1766522510732
3,0.0,1766522511539
3,0.0,1766522512316
3,0.0,1766522513006
3,0.0,1766522513782
3,0.0,1766522514471
3,0.0,1766522515276
3,0.0,1766522516045
3,0.0,1766522516707
3,0.0,1766522517481
3,0.0,1766522518235
3,0.0,1766522518992
3,0.0,1766522519751
3,0.0,1766522520462
3,0.0,1766522521222
3,0.0,1766522521910
3,0.0,1766522522643
3,0.0,1766522523390
3,0.0,1766522524023
3,0.0,1766522524839
3,0.0,1766522525518
3,0.0,1766522526407
3,0.0,1766522527079
3,0.0,1766522527768
3,0.0,1766522528534
3,0.0,1766522529221
3,0.0,1766522529941
3,0.0,1766522530744
3,0.0,1766522531416
3,0.0,1766522532144
3,0.0,1766522532861
3,0.0,1766522533550
3,0.0,1766522534329
3,0.0,1766522534990
3,0.0,1766522535710
3,0.0,1766522536457
3,0.0,1766522537165
3,0.0,1766522537955
3,0.0,1766522538667
3,0.0,1766522539447
3,0.0,1766522540212
3,0.0,1766522540861
3,0.0,1766522541682
3,0.0,1766522542347
3,0.0,1766522543081
3,0.0,1766522543867
3,0.0,1766522544545
3,0.0,1766522545333
3,0.0,1766522546041
3,0.0,1766522546691
3,0.0,1766522547565
3,0.0,1766522548244
3,0.0,1766522549023
3,0.0,1766522549767
3,0.0,1766522550432
3,0.0,1766522551247
3,0.0,1766522551946
3,0.0,1766522552668
3,0.0,1766522553432
3,0.0,1766522554075
3,0.0,1766522554857
3,0.0,1766522555597
3,0.0,1766522556346
3,0.0,1766522557163
3,0.0,1766522557791
3,0.0,1766522558579
3,0.0,1766522559267
3,0.0,1766522559987
3,0.0,1766522560757
3,0.0,1766522561460
3,0.0,1766522562156
3,0.0,1766522562836
3,0.0,1766522563524
3,0.0,1766522564283
3,0.0,1766522564986
3,0.0,1766522565814
3,0.0,1766522566482
3,0.0,1766522567120
3,0.0,1766522567869
3,0.0,1766522568591
3,0.0,1766522569324
3,0.0,1766522570078
3,0.0,1766522570751
3,0.0,1766522571475
3,0.0,1766522572203
3,0.0,1766522572929
3,0.0,1766522573744
3,0.0,1766522574424
3,0.0,1766522575223
3,0.0,1766522575866
3,0.0,1766522576639
3,0.0,1766522577363
3,0.0,1766522578059
3,0.0,1766522578841
3,0.0,1766522579563
3,0.0,1766522580298
3,0.0,1766522581059
3,0.0,1766522581671
3,0.0,1766522582363
3,0.0,1766522583114
3,0.0,1766522583820
3,0.0,1766522584590
3,0.0,1766522585165
3,0.0,1766522586028
3,0.0,1766522586856
3,0.0,1766522587595
3,0.0,1766522588381
3,0.0,1766522589036
3,0.0,1766522589825
3,0.0,1766522590603
3,0.0,1766522591308
3,0.0,1766522592106
3,0.0,1766522592762
3,0.0,1766522593484
3,0.0,1766522594224
3,0.0,1766522594899
3,0.0,1766522595716
3,0.0,1766522596369
3,0.0,1766522597122
3,0.0,1766522597874
3,0.0,1766522598501
3,0.0,1766522599246
3,0.0,1766522600014
3,0.0,1766522600667
3,0.0,1766522601491
3,0.0,1766522602120
3,0.0,1766522602818
3,0.0,1766522603592
3,0.0,1766522604271
3,0.0,1766522605079
3,0.0,1766522605720
3,0.0,1766522606456
3,0.0,1766522607251
3,0.0,1766522607921
3,0.0,1766522608660
3,0.0,1766522609309
3,0.0,1766522610017
3,0.0,1766522610843
3,0.0,1766522611568
3,0.0,1766522612355
3,0.0,1766522613010
3,0.0,1766522613626
3,0.0,1766522614466
3,0.0,1766522615141
3,0.0,1766522615903
3,0.0,1766522616695
3,0.0,1766522617387
3,0.0,1766522618117
3,0.0,1766522618813
3,0.0,1766522619551
3,0.0,1766522620295
3,0.0,1766522620973
3,0.0,1766522621733
3,0.0,1766522622453
3,0.0,1766522623125
3,0.0,1766522623903
3,0.0,1766522624623
3,0.0,1766522625411
3,0.0,1766522626149
3,0.0,1766522626751
3,0.0,1766522627508
3,0.0,1766522628285
3,0.0,1766522628991
3,0.0,1766522629719
3,0.0,1766522630439
3,0.0,1766522631201
3,0.0,1766522631937
3,0.0,1766522632703
3,0.0,1766522633478
3,0.0,1766522634271
3,0.0,1766522635043
3,0.0,1766522635717
3,0.0,1766522636476
3,0.0,1766522637153
3,0.0,1766522637885
3,0.0,1766522638687
3,0.0,1766522639421
3,0.0,1766522640226
3,0.0,1766522640930
3,0.0,1766522641657
3,0.0,1766522642402
3,0.0,1766522643058
3,0.0,1766522643802
3,0.0,1766522644544
3,0.0,1766522645272
3,0.0,1766522646076
3,0.0,1766522646775
3,0.0,1766522647587
3,0.0,1766522648282
3,0.0,1766522648981
3,0.0,1766522649670
3,0.0,1766522650321
3,0.0,1766522651012
3,0.0,1766522651758
3,0.0,1766522652423
3,0.0,1766522653112
3,0.0,1766522653795
3,0.0,1766522654526
3,0.0,1766522655236
3,0.0,1766522655828
3,0.0,1766522656586
3,0.0,1766522657355
3,0.0,1766522658040
3,0.0,1766522658828
3,0.0,1766522659490
3,0.0,1766522660247
3,0.0,1766522660975
3,0.0,1766522661690
3,0.0,1766522662416
3,0.0,1766522663141
3,0.0,1766522663885
3,0.0,1766522664639
3,0.0,1766522665334
3,0.0,1766522666062
3,0.0,1766522666808
3,0.0,1766522667534
3,0.0,1766522668309
3,0.0,1766522668887
3,0.0,1766522669657
3,0.0,1766522670405
3,0.0,1766522671044
3,0.0,1766522671759
3,0.0,1766522672401
3,0.0,1766522673111
3,0.0,1766522673939
3,0.0,1766522674606
3,0.0,1766522675279
3,0.0,1766522676034
3,0.0,1766522676680
3,0.0,1766522677442
3,0.0,1766522678125
3,0.0,1766522678868
3,0.0,1766522679612
3,0.0,1766522680266
3,0.0,1766522681006
3,0.0,1766522681727
3,0.0,1766522682404
3,0.0,1766522683193
3,0.0,1766522683860
3,0.0,1766522684608
3,0.0,1766522685417
3,0.0,1766522686169
3,0.0,1766522687031
3,0.0,1766522687698
3,0.0,1766522688416
3,0.0,1766522689244
3,0.0,1766522689882
3,0.0,1766522690697
3,0.0,1766522691421
3,0.0,1766522692088
3,0.0,1766522692923
3,0.0,1766522693566
3,0.0,1766522694320
3,0.0,1766522695090
3,0.0,1766522695715
3,0.0,1766522696587
3,0.0,1766522697271
3,0.0,1766522698026
3,0.0,1766522698776
3,0.0,1766522699423
3,0.0,1766522700289
3,0.0,1766522700959
3,0.0,1766522701621
3,0.0,1766522702411
3,0.0,1766522703076
3,0.0,1766522703947
3,0.0,1766522704707
3,0.0,1766522705311
3,0.0,1766522706237
3,0.0,1766522706848
3,0.0,1766522707545
3,0.0,1766522708328
3,0.0,1766522708879
3,0.0,1766522709701
3,0.0,1766522710348
3,0.0,1766522711427
3,0.0,1766522712199
3,0.0,1766522712766
3,0.0,1766522713672
3,0.0,1766522714403
3,0.0,1766522714999
3,0.0,1766522715885
3,0.0,1766522716476
3,0.0,1766522717179
3,0.0,1766522717980
3,0.0,1766522718551
3,0.0,1766522719382
3,0.0,1766522720061
3,0.0,1766522720693
3,0.0,1766522721581
3,0.0,1766522722177
3,0.0,1766522722947
3,0.0,1766522723729
3,0.0,1766522724336
3,0.0,1766522725061
3,0.0,1766522725719
3,0.0,1766522726314
3,0.0,1766522727008
3,0.0,1766522727600
3,0.0,1766522728262
3,0.0,1766522728936
3,0.0,1766522729546
3,0.0,1766522730158
3,0.0,1766522730944
3,0.0,1766522731449
3,0.0,1766522732008
3,0.0,1766522732669
3,0.0,1766522733152
3,0.0,1766522733669
3,0.0,1766522734354
3,0.0,1766522734963
3,0.0,1766522735487
3,0.0,1766522736079
3,0.0,1766522736735
3,0.0,1766522737264
3,0.0,1766522737881
3,0.0,1766522738560
3,0.0,1766522739152
3,0.0,1766522739804
3,0.0,1766522740432
3,0.0,1766522740953
3,0.0,1766522741565
3,0.0,1766522742245
3,0.0,1766522742810
3,0.0,1766522743407
3,0.0,1766522744102
3,0.0,1766522744640
3,0.0,1766522745214
3,0.0,1766522745893
3,0.0,1766522746555
3,0.0,1766522747189
3,0.0,1766522747836
3,0.0,1766522748414
3,0.0,1766522749016
3,0.0,1766522749628
3,0.0,1766522750175
3,0.0,1766522750760
3,0.0,1766522751468
3,0.0,1766522752095
3,0.0,1766522752699
3,0.0,1766522753348
3,0.0,1766522753963
3,0.0,1766522754517
3,0.0,1766522755178
3,0.0,1766522755773
3,0.0,1766522756367
3,0.0,1766522756995
3,0.0,1766522757645
3,0.0,1766522758269
3,0.0,1766522758930
3,0.0,1766522759559
3,0.0,1766522760168
3,0.0,1766522760750
3,0.0,1766522761374
3,0.0,1766522761962
3,0.0,1766522762609
3,0.0,1766522763263
3,0.0,1766522763790
3,0.0,1766522764412
3,0.0,1766522765019
3,0.0,1766522765613
3,0.0,1766522766346
3,0.0,1766522767027
3,0.0,1766522767571
3,0.0,1766522768229
3,0.0,1766522768896
3,0.0,1766522769456
3,0.0,1766522770073
3,0.0,1766522770684
3,0.0,1766522771244
3,0.0,1766522771870
3,0.0,1766522772483
3,0.0,1766522773074
3,0.0,1766522773740
3,0.0,1766522774401
3,0.0,1766522774963
3,0.0,1766522775590
3,0.0,1766522776246
3,0.0,1766522776826
3,0.0,1766522777472
3,0.0,1766522778109
3,0.0,1766522778695
3,0.0,1766522779331
3,0.0,1766522780009
3,0.0,1766522780595
3,0.0,1766522781196
3,0.0,1766522781879
3,0.0,1766522782489
3,0.0,1766522783147
3,0.0,1766522783812
3,0.0,1766522784422
3,0.0,1766522785074
3,0.0,1766522785671
3,0.0,1766522786254
3,0.0,1766522786931
3,0.0,1766522787526
3,0.0,1766522788117
3,0.0,1766522788771
3,0.0,1766522789388
3,0.0,1766522789980
3,0.0,1766522790706
3,0.0,1766522791273
3,0.0,1766522791881
3,0.0,1766522792550
3,0.0,1766522793097
3,0.0,1766522793695
3,0.0,1766522794387
3,0.0,1766522794966
3,0.0,1766522795572
3,0.0,1766522796283
3,0.0,1766522796855
3,0.0,1766522797404
3,0.0,1766522798106
3,0.0,1766522798671
3,0.0,1766522799264
3,0.0,1766522799974
3,0.0,1766522800558
3,0.0,1766522801123
3,0.0,1766522801822
3,0.0,1766522802395
3,0.0,1766522802985
3,0.0,1766522803678
3,0.0,1766522804224
3,0.0,1766522804855
3,0.0,1766522805584
3,0.0,1766522806114
3,0.0,1766522806718
3,0.0,1766522807370
3,0.0,1766522807917
3,0.0,1766522808489
3,0.0,1766522809180
3,0.0,1766522809765
3,0.0,1766522810375
3,0.0,1766522811090
3,0.0,1766522811637
3,0.0,1766522812220
3,0.0,1766522812934
3,0.0,1766522813474
3,0.0,1766522814040
3,0.0,1766522814700
3,0.0,1766522815299
3,0.0,1766522815853
3,0.0,1766522816486
3,0.0,1766522817112
3,0.0,1766522817658
3,0.0,1766522818310
3,0.0,1766522818974
3,0.0,1766522819558
3,0.0,1766522820143
3,0.0,1766522820812
3,0.0,1766522821404
3,0.0,1766522822048
3,0.0,1766522822707
3,0.0,1766522823302
3,0.0,1766522823901
3,0.0,1766522824548
3,0.0,1766522825146
3,0.0,1766522825774
3,0.0,1766522826441
3,0.0,1766522827026
3,0.0,1766522827709
3,0.0,1766522828329
3,0.0,1766522828935
3,0.0,1766522829597
3,0.0,1766522830186
3,0.0,1766522830773
3,0.0,1766522831479
3,0.0,1766522832071
3,0.0,1766522832659
3,0.0,1766522833339
3,0.0,1766522833923
3,0.0,1766522834542
3,0.0,1766522835182
3,0.0,1766522835778
3,0.0,1766522836327
3,0.0,1766522836951
3,0.0,1766522837577
3,0.0,1766522838184
3,0.0,1766522838856
3,0.0,1766522839497
3,0.0,1766522840075
3,0.0,1766522840690
3,0.0,1766522841314
3,0.0,1766522841923
3,0.0,1766522842579
3,0.0,1766522843228
3,0.0,1766522843815
3,0.0,1766522844494
3,0.0,1766522845094
3,0.0,1766522845695
3,0.0,1766522846377
3,0.0,1766522846981
3,0.0,1766522847567
3,0.0,1766522848203
3,0.0,1766522848859
3,0.0,1766522849409
3,0.0,1766522850044
3,0.0,1766522850654
3,0.0,1766522851239
3,0.0,1766522851903
3,0.0,1766522852502
3,0.0,1766522853130
3,0.0,1766522853752
3,0.0,1766522854340
3,0.0,1766522854935
3,0.0,1766522855649
3,0.0,1766522856235
3,0.0,1766522856805
3,0.0,1766522857437
3,0.0,1766522858047
3,0.0,1766522858631
3,0.0,1766522859298
3,0.0,1766522859914
3,0.0,1766522860465
3,0.0,1766522861111
3,0.0,1766522861737
3,0.0,1766522862328
3,0.0,1766522862963
3,0.0,1766522863581
3,0.0,1766522864175
3,0.0,1766522864763
3,0.0,1766522865384
3,0.0,1766522866010
3,0.0,1766522866588
3,0.0,1766522867184
3,0.0,1766522867807
3,0.0,1766522868413
3,0.0,1766522869009
3,0.0,1766522869622
3,0.0,1766522870195
3,0.0,1766522870817
3,0.0,1766522871485
3,0.0,1766522872050
3,0.0,1766522872615
3,0.0,1766522873260
3,0.0,1766522873791
3,0.0,1766522874353
3,0.0,1766522874990
3,0.0,1766522875536
3,0.0,1766522876141
3,0.0,1766522876777
3,0.0,1766522877379
3,0.0,1766522877961
3,0.0,1766522878625
3,0.0,1766522879213
3,0.0,1766522879799
3,0.0,1766522880476
3,0.0,1766522881102
3,0.0,1766522881645
3,0.0,1766522882375
3,0.0,1766522883010
3,0.0,1766522883576
3,0.0,1766522884225
3,0.0,1766522884860
3,0.0,1766522885427
3,0.0,1766522886164
3,0.0,1766522886764
3,0.0,1766522887314
3,0.0,1766522887976
3,0.0,1766522888584
3,0.0,1766522889101
3,0.0,1766522889780
3,0.0,1766522890383
3,0.0,1766522890907
3,0.0,1766522891609
3,0.0,1766522892250
3,0.0,1766522892757
3,0.0,1766522893489
3,0.0,1766522894099
3,0.0,1766522894577
3,0.0,1766522895233
3,0.0,1766522895868
3,0.0,1766522896367
3,0.0,1766522897082
3,0.0,1766522897760
3,0.0,1766522898281
3,0.0,1766522899017
3,0.0,1766522899676
3,0.0,1766522900206
3,0.0,1766522900915
3,0.0,1766522901568
3,0.0,1766522902042
3,0.0,1766522902780
3,0.0,1766522903415
3,0.0,1766522903920
3,0.0,1766522904726
3,0.0,1766522905243
3,0.0,1766522905772
3,0.0,1766522906475
3,0.0,1766522907072
3,0.0,1766522907563
3,0.0,1766522908322
3,0.0,1766522908927
3,0.0,1766522909423
3,0.0,1766522910154
3,0.0,1766522910798
3,0.0,1766522911259
3,0.0,1766522912038
3,0.0,1766522912679
3,0.0,1766522913178
3,0.0,1766522913918
3,0.0,1766522914515
3,0.0,1766522914997
3,0.0,1766522915759
3,0.0,1766522916405
3,0.0,1766522916858
3,0.0,1766522917632
3,0.0,1766522918203
3,0.0,1766522918667
3,0.0,1766522919394
3,0.0,1766522920037
3,0.0,1766522920528
3,0.0,1766522921315
3,0.0,1766522921975
3,0.0,1766522922448
3,0.0,1766522923255
3,0.0,1766522923907
3,0.0,1766522924446
3,0.0,1766522925217
3,0.0,1766522925777
3,0.0,1766522926530
3,0.0,1766522927281
3,0.0,1766522927760
3,0.0,1766522928223
3,0.0,1766522929143
3,0.0,1766522929656
3,0.0,1766522930110
3,0.0,1766522930934
3,0.0,1766522931437
3,0.0,1766522931879
3,0.0,1766522932691
3,0.0,1766522933272
3,0.0,1766522933679
3,0.0,1766522934201
3,0.0,1766522935065
3,0.0,1766522935483
3,0.0,1766522935988
3,0.0,1766522936876
3,0.0,1766522937331
3,0.0,1766522937773
3,0.0,1766522938660
3,0.0,1766522939168
3,0.0,1766522939606
3,0.0,1766522940255
3,0.0,1766522940965
3,0.0,1766522941391
3,0.0,1766522941960
3,0.0,1766522942838
3,0.0,1766522943266
3,0.0,1766522943748
3,0.0,1766522944618
3,0.0,1766522945120
3,0.0,1766522945583
3,0.0,1766522946451
3,0.0,1766522946981
3,0.0,1766522947436
3,0.0,1766522948215
3,0.0,1766522948882
3,0.0,1766522949290
3,0.0,1766522949881
3,0.0,1766522950652
3,0.0,1766522951090
3,0.0,1766522951576
3,0.0,1766522952420
3,0.0,1766522952871
3,0.0,1766522953362
3,0.0,1766522954199
3,0.0,1766522954694
3,0.0,1766522955144
3,0.0,1766522955952
3,0.0,1766522956547
3,0.0,1766522957020
3,0.0,1766522957760
3,0.0,1766522958380
3,0.0,1766522958859
3,0.0,1766522959597
3,0.0,1766522960257
3,0.0,1766522960718
3,0.0,1766522961343
3,0.0,1766522962062
3,0.0,1766522962502
3,0.0,1766522963150
3,0.0,1766522963926
3,0.0,1766522964381
3,0.0,1766522965017
3,0.0,1766522965762
3,0.0,1766522966198
3,0.0,1766522966745
3,0.0,1766522967572
3,0.0,1766522968058
3,0.0,1766522968653
3,0.0,1766522969425
3,0.0,1766522969881
3,0.0,1766522970485
3,0.0,1766522971245
3,0.0,1766522971704
3,0.0,1766522972354
3,0.0,1766522973151
3,0.0,1766522973642
3,0.0,1766522974261
3,0.0,1766522974989
3,0.0,1766522975484
3,0.0,1766522976072
3,0.0,1766522976850
3,0.0,1766522977359
3,0.0,1766522977986
3,0.0,1766522978717
3,0.0,1766522979193
3,0.0,1766522979835
3,0.0,1766522980554
3,0.0,1766522981003
3,0.0,1766522981547
3,0.0,1766522982259
3,0.0,1766522982800
3,0.0,1766522983379
3,0.0,1766522984162
4,0.0,1766522984666
4,0.0,1766522985299
4,0.0,1766522986064
4,0.0,1766522986597
4,0.0,1766522987288
4,0.0,1766522988015
4,0.0,1766522988528
4,0.0,1766522989167
4,0.0,1766522989893
4,0.0,1766522990429
4,0.0,1766522991072
4,0.0,1766522991748
4,0.0,1766522992267
4,0.0,1766522992921
4,0.0,1766522993594
4,0.0,1766522994062
4,0.0,1766522994649
4,0.0,1766522995376
4,0.0,1766522995916
4,0.0,1766522996516
4,0.0,1766522997252
4,0.0,1766522997793
4,0.0,1766522998466
4,0.0,1766522999164
4,0.0,1766522999715
4,0.0,1766523000346
4,0.0,1766523001015
4,0.0,1766523001593
4,0.0,1766523002198
4,0.0,1766523002886
4,0.0,1766523003453
4,0.0,1766523004076
4,0.0,1766523004743
4,0.0,1766523005277
4,0.0,1766523005994
4,0.0,1766523006645
4,0.0,1766523007248
4,0.0,1766523007890
4,0.0,1766523008539
4,0.0,1766523009090
4,0.0,1766523009731
4,0.0,1766523010373
4,0.0,1766523010944
4,0.0,1766523011594
4,0.0,1766523012185
4,0.0,1766523012813
4,0.0,1766523013434
4,0.0,1766523014099
4,0.0,1766523014701
4,0.0,1766523015338
4,0.0,1766523015979
4,0.0,1766523016555
4,0.0,1766523017207
4,0.0,1766523017844
4,0.0,1766523018419
4,0.0,1766523019028
4,0.0,1766523019649
4,0.0,1766523020240
4,0.0,1766523020864
4,0.0,1766523021549
4,0.0,1766523022160
4,0.0,1766523022781
4,0.0,1766523023422
4,0.0,1766523024017
4,0.0,1766523024608
4,0.0,1766523025238
4,0.0,1766523025831
4,0.0,1766523026459
4,0.0,1766523027049
4,0.0,1766523027658
4,0.0,1766523028277
4,0.0,1766523028876
4,0.0,1766523029472
4,0.0,1766523030139
4,0.0,1766523030794
4,0.0,1766523031434
4,0.0,1766523032058
4,0.0,1766523032602
4,0.0,1766523033239
4,0.0,1766523033867
4,0.0,1766523034529
4,0.0,1766523035127
4,0.0,1766523035732
4,0.0,1766523036374
4,0.0,1766523037000
4,0.0,1766523037552
4,0.0,1766523038203
4,0.0,1766523038855
4,0.0,1766523039506
4,0.0,1766523040113
4,0.0,1766523040773
4,0.0,1766523041405
4,0.0,1766523041988
4,0.0,1766523042656
4,0.0,1766523043299
4,0.0,1766523043921
4,0.0,1766523044577
4,0.0,1766523045182
4,0.0,1766523045778
4,0.0,1766523046366
4,0.0,1766523046940
4,0.0,1766523047555
4,0.0,1766523048178
4,0.0,1766523048746
4,0.0,1766523049336
4,0.0,1766523049991
4,0.0,1766523050597
4,0.0,1766523051160
4,0.0,1766523051834
4,0.0,1766523052431
4,0.0,1766523052943
4,0.0,1766523053603
4,0.0,1766523054201
4,0.0,1766523054759
4,0.0,1766523055411
4,0.0,1766523056066
4,0.0,1766523056620
4,0.0,1766523057328
4,0.0,1766523057924
4,0.0,1766523058503
4,0.0,1766523059236
4,0.0,1766523059813
4,0.0,1766523060358
4,0.0,1766523061048
4,0.0,1766523061635
4,0.0,1766523062212
4,0.0,1766523062935
4,0.0,1766523063537
4,0.0,1766523064144
4,0.0,1766523064874
4,0.0,1766523065497
4,0.0,1766523066125
4,0.0,1766523066817
4,0.0,1766523067436
4,0.0,1766523068034
4,0.0,1766523068717
4,0.0,1766523069302
4,0.0,1766523069907
4,0.0,1766523070624
4,0.0,1766523071215
4,0.0,1766523071877
4,0.0,1766523072503
4,0.0,1766523073102
4,0.0,1766523073782
4,0.0,1766523074458
4,0.0,1766523074994
4,0.0,1766523075706
4,0.0,1766523076342
4,0.0,1766523076885
4,0.0,1766523077579
4,0.0,1766523078208
4,0.0,1766523078720
4,0.0,1766523079381
4,0.0,1766523079970
4,0.0,1766523080536
4,0.0,1766523081187
4,0.0,1766523081875
4,0.0,1766523082423
4,0.0,1766523083139
4,0.0,1766523083788
4,0.0,1766523084349
4,0.0,1766523085080
4,0.0,1766523085632
4,0.0,1766523086170
4,0.0,1766523086834
4,0.0,1766523087477
4,0.0,1766523087971
4,0.0,1766523088630
4,0.0,1766523089292
4,0.0,1766523089824
4,0.0,1766523090490
4,0.0,1766523091197
4,0.0,1766523091705
4,0.0,1766523092397
4,0.0,1766523093093
4,0.0,1766523093606
4,0.0,1766523094277
4,0.0,1766523094932
4,0.0,1766523095433
4,0.0,1766523096077
4,0.0,1766523096781
4,0.0,1766523097290
4,0.0,1766523097923
4,0.0,1766523098650
4,0.0,1766523099147
4,0.0,1766523099827
4,0.0,1766523100507
4,0.0,1766523101015
4,0.0,1766523101703
4,0.0,1766523102420
4,0.0,1766523102882
4,0.0,1766523103533
4,0.0,1766523104212
4,0.0,1766523104688
4,0.0,1766523105345
4,0.0,1766523106033
4,0.0,1766523106536
4,0.0,1766523107201
4,0.0,1766523107953
4,0.0,1766523108470
4,0.0,1766523109161
4,0.0,1766523109871
4,0.0,1766523110346
4,0.0,1766523111112
4,0.0,1766523111812
4,0.0,1766523112280
4,0.0,1766523113054
4,0.0,1766523113690
4,0.0,1766523114149
4,0.0,1766523114877
4,0.0,1766523115512
4,0.0,1766523115964
4,0.0,1766523116681
4,0.0,1766523117337
4,0.0,1766523117806
4,0.0,1766523118414
4,0.0,1766523119192
4,0.0,1766523119683
4,0.0,1766523120354
4,0.0,1766523121041
4,0.0,1766523121528
4,0.0,1766523122130
4,0.0,1766523122921
4,0.0,1766523123384
4,0.0,1766523124033
4,0.0,1766523124729
4,0.0,1766523125230
4,0.0,1766523125840
4,0.0,1766523126674
4,0.0,1766523127148
4,0.0,1766523127801
4,0.0,1766523128569
4,0.0,1766523129059
4,0.0,1766523129735
4,0.0,1766523130510
4,0.0,1766523131008
4,0.0,1766523131647
4,0.0,1766523132359
4,0.0,1766523132839
4,0.0,1766523133511
4,0.0,1766523134262
4,0.0,1766523134795
4,0.0,1766523135525
4,0.0,1766523136179
4,0.0,1766523136659
4,0.0,1766523137301
4,0.0,1766523137990
4,0.0,1766523138440
4,0.0,1766523139069
4,0.0,1766523139863
4,0.0,1766523140328
4,0.0,1766523141003
4,0.0,1766523141740
4,0.0,1766523142208
4,0.0,1766523142903
4,0.0,1766523143633
4,0.0,1766523144090
4,0.0,1766523144738
4,0.0,1766523145497
4,0.0,1766523145957
4,0.0,1766523146607
4,0.0,1766523147302
4,0.0,1766523147768
4,0.0,1766523148418
4,0.0,1766523149187
4,0.0,1766523149653
4,0.0,1766523150195
4,0.0,1766523150948
4,0.0,1766523151453
4,0.0,1766523152100
4,0.0,1766523152858
4,0.0,1766523153338
4,0.0,1766523153938
4,0.0,1766523154686
4,0.0,1766523155156
4,0.0,1766523155769
4,0.0,1766523156490
4,0.0,1766523157010
4,0.0,1766523157615
4,0.0,1766523158337
4,0.0,1766523158835
4,0.0,1766523159396
4,0.0,1766523160104
4,0.0,1766523160613
4,0.0,1766523161171
4,0.0,1766523161868
4,0.0,1766523162443
4,0.0,1766523162985
4,0.0,1766523163699
4,0.0,1766523164292
4,0.0,1766523164889
4,0.0,1766523165579
4,0.0,1766523166162
4,0.0,1766523166746
4,0.0,1766523167416
4,0.0,1766523168020
4,0.0,1766523168631
4,0.0,1766523169322
4,0.0,1766523169923
4,0.0,1766523170480
4,0.0,1766523171162
4,0.0,1766523171709
4,0.0,1766523172256
4,0.0,1766523172877
4,0.0,1766523173492
4,0.0,1766523174051
4,0.0,1766523174690
4,0.0,1766523175327
4,0.0,1766523175915
4,0.0,1766523176590
4,0.0,1766523177186
4,0.0,1766523177767
4,0.0,1766523178454
4,0.0,1766523179087
4,0.0,1766523179631
4,0.0,1766523180345
4,0.0,1766523180963
4,0.0,1766523181493
4,0.0,1766523182154
4,0.0,1766523182736
4,0.0,1766523183352
4,0.0,1766523184022
4,0.0,1766523184616
4,0.0,1766523185223
4,0.0,1766523185895
4,0.0,1766523186547
4,0.0,1766523187147
4,0.0,1766523187818
4,0.0,1766523188421
4,0.0,1766523189045
4,0.0,1766523189692
4,0.0,1766523190266
4,0.0,1766523190873
4,0.0,1766523191533
4,0.0,1766523192143
4,0.0,1766523192754
4,0.0,1766523193385
4,0.0,1766523193989
4,0.0,1766523194592
4,0.0,1766523195259
4,0.0,1766523195840
4,0.0,1766523196456
4,0.0,1766523197076
4,0.0,1766523197661
4,0.0,1766523198253
4,0.0,1766523198922
4,0.0,1766523199543
4,0.0,1766523200173
4,0.0,1766523200834
4,0.0,1766523201433
4,0.0,1766523202057
4,0.0,1766523202681
4,0.0,1766523203290
4,0.0,1766523203919
4,0.0,1766523204542
4,0.0,1766523205165
4,0.0,1766523205822
4,0.0,1766523206419
4,0.0,1766523207002
4,0.0,1766523207597
4,0.0,1766523208276
4,0.0,1766523208852
4,0.0,1766523209453
4,0.0,1766523210151
4,0.0,1766523210733
4,0.0,1766523211302
4,0.0,1766523211990
4,0.0,1766523212550
4,0.0,1766523213188
4,0.0,1766523213895
4,0.0,1766523214450
4,0.0,1766523215051
4,0.0,1766523215740
4,0.0,1766523216282
4,0.0,1766523216928
4,0.0,1766523217591
4,0.0,1766523218108
4,0.0,1766523218739
4,0.0,1766523219418
4,0.0,1766523219945
4,0.0,1766523220566
4,0.0,1766523221273
4,0.0,1766523221869
4,0.0,1766523222502
4,0.0,1766523223199
4,0.0,1766523223780
4,0.0,1766523224449
4,0.0,1766523225024
4,0.0,1766523225624
4,0.0,1766523226318
4,0.0,1766523226908
4,0.0,1766523227525
4,0.0,1766523228234
4,0.0,1766523228823
4,0.0,1766523229420
4,0.0,1766523230144
4,0.0,1766523230682
4,0.0,1766523231273
4,0.0,1766523231938
4,0.0,1766523232459
4,0.0,1766523233052
4,0.0,1766523233666
4,0.0,1766523234267
4,0.0,1766523234761
4,0.0,1766523235437
4,0.0,1766523236064
4,0.0,1766523236604
4,0.0,1766523237251
4,0.0,1766523237928
4,0.0,1766523238442
4,0.0,1766523239094
4,0.0,1766523239765
4,0.0,1766523240309
4,0.0,1766523241017
4,0.0,1766523241651
4,0.0,1766523242192
4,0.0,1766523242896
4,0.0,1766523243522
4,0.0,1766523244032
4,0.0,1766523244713
4,0.0,1766523245359
4,0.0,1766523245911
4,0.0,1766523246638
4,0.0,1766523247221
4,0.0,1766523247743
4,0.0,1766523248515
4,0.0,1766523249102
4,0.0,1766523249621
4,0.0,1766523250358
4,0.0,1766523250922
4,0.0,1766523251418
4,0.0,1766523252183
4,0.0,1766523252782
4,0.0,1766523253296
4,0.0,1766523254035
4,0.0,1766523254652
4,0.0,1766523255138
4,0.0,1766523255890
4,0.0,1766523256485
4,0.0,1766523256971
4,0.0,1766523257760
4,0.0,1766523258349
4,0.0,1766523258818
4,0.0,1766523259580
4,0.0,1766523260183
4,0.0,1766523260686
4,0.0,1766523261500
4,0.0,1766523262106
4,0.0,1766523262594
4,0.0,1766523263322
4,0.0,1766523263935
4,0.0,1766523264430
4,0.0,1766523265225
4,0.0,1766523265774
4,0.0,1766523266249
4,0.0,1766523266985
4,0.0,1766523267643
4,0.0,1766523268139
4,0.0,1766523268882
4,0.0,1766523269508
4,0.0,1766523269990
4,0.0,1766523270755
4,0.0,1766523271371
4,0.0,1766523271829
4,0.0,1766523272495
4,0.0,1766523273175
4,0.0,1766523273621
4,0.0,1766523274263
4,0.0,1766523275004
4,0.0,1766523275474
4,0.0,1766523276170
4,0.0,1766523276853
4,0.0,1766523277320
4,0.0,1766523277975
4,0.0,1766523278706
4,0.0,1766523279149
4,0.0,1766523279700
4,0.0,1766523280531
4,0.0,1766523280961
4,0.0,1766523281461
4,0.0,1766523282191
4,0.0,1766523282751
4,0.0,1766523283275
4,0.0,1766523283975
4,0.0,1766523284542
4,0.0,1766523285095
4,0.0,1766523285871
4,0.0,1766523286387
4,0.0,1766523286916
4,0.0,1766523287666
4,0.0,1766523288246
4,0.0,1766523288778
4,0.0,1766523289512
4,0.0,1766523290085
4,0.0,1766523290671
4,0.0,1766523291457
4,0.0,1766523291974
4,0.0,1766523292483
4,0.0,1766523293221
4,0.0,1766523293784
4,0.0,1766523294303
4,0.0,1766523295060
4,0.0,1766523295652
4,0.0,1766523296170
4,0.0,1766523296915
4,0.0,1766523297508
4,0.0,1766523298020
4,0.0,1766523298792
4,0.0,1766523299354
4,0.0,1766523299862
4,0.0,1766523300608
4,0.0,1766523301232
4,0.0,1766523301793
4,0.0,1766523302468
4,0.0,1766523303051
4,0.0,1766523303602
4,0.0,1766523304367
4,0.0,1766523304922
4,0.0,1766523305470
4,0.0,1766523306303
4,0.0,1766523306829
4,0.0,1766523307370
4,0.0,1766523308146
4,0.0,1766523308692
4,0.0,1766523309236
4,0.0,1766523310060
4,0.0,1766523310586
4,0.0,1766523311105
4,0.0,1766523311935
4,0.0,1766523312453
4,0.0,1766523313040
4,0.0,1766523313833
4,0.0,1766523314307
4,0.0,1766523314877
4,0.0,1766523315636
4,0.0,1766523316156
4,0.0,1766523316695
4,0.0,1766523317472
4,0.0,1766523317994
4,0.0,1766523318536
4,0.0,1766523319313
4,0.0,1766523319869
4,0.0,1766523320419
4,0.0,1766523321205
4,0.0,1766523321722
4,0.0,1766523322283
4,0.0,1766523323053
4,0.0,1766523323567
4,0.0,1766523324107
4,0.0,1766523324907
4,0.0,1766523325406
4,0.0,1766523325922
4,0.0,1766523326753
4,0.0,1766523327271
4,0.0,1766523327783
4,0.0,1766523328629
4,0.0,1766523329158
4,0.0,1766523329690
4,0.0,1766523330475
4,0.0,1766523330978
4,0.0,1766523331491
4,0.0,1766523332318
4,0.0,1766523332854
4,0.0,1766523333396
4,0.0,1766523334203
4,0.0,1766523334767
4,0.0,1766523335326
4,0.0,1766523336099
4,0.0,1766523336603
4,0.0,1766523337113
4,0.0,1766523337934
4,0.0,1766523338456
4,0.0,1766523338956
4,0.0,1766523339694
4,0.0,1766523340254
4,0.0,1766523340767
4,0.0,1766523341552
4,0.0,1766523342084
4,0.0,1766523342591
4,0.0,1766523343344
4,0.0,1766523343948
4,0.0,1766523344464
4,0.0,1766523345208
4,0.0,1766523345791
4,0.0,1766523346276
4,0.0,1766523347057
4,0.0,1766523347667
4,0.0,1766523348185
4,0.0,1766523348928
4,0.0,1766523349484
4,0.0,1766523349954
4,0.0,1766523350612
4,0.0,1766523351299
4,0.0,1766523351749
4,0.0,1766523352480
4,0.0,1766523353118
4,0.0,1766523353585
4,0.0,1766523354288
4,0.0,1766523355000
4,0.0,1766523355469
4,0.0,1766523356134
4,0.0,1766523356778
4,0.0,1766523357211
4,0.0,1766523357829
4,0.0,1766523358528
4,0.0,1766523358984
4,0.0,1766523359541
4,0.0,1766523360242
4,0.0,1766523360748
4,0.0,1766523361318
4,0.0,1766523362113
4,0.0,1766523362618
4,0.0,1766523363159
4,0.0,1766523363901
4,0.0,1766523364464
4,0.0,1766523365062
4,0.0,1766523365801
4,0.0,1766523366389
4,0.0,1766523366981
4,0.0,1766523367655
4,0.0,1766523368180
4,0.0,1766523368770
4,0.0,1766523369495
4,0.0,1766523370036
4,0.0,1766523370585
4,0.0,1766523371341
4,0.0,1766523371884
4,0.0,1766523372485
4,0.0,1766523373194
4,0.0,1766523373730
4,0.0,1766523374261
4,0.0,1766523374992
4,0.0,1766523375564
4,0.0,1766523376091
4,0.0,1766523376853
4,0.0,1766523377414
4,0.0,1766523377925
4,0.0,1766523378695
4,0.0,1766523379236
4,0.0,1766523379784
4,0.0,1766523380531
4,0.0,1766523381087
4,0.0,1766523381624
4,0.0,1766523382446
4,0.0,1766523383011
4,0.0,1766523383601
4,0.0,1766523384351
4,0.0,1766523384863
4,0.0,1766523385403
4,0.0,1766523386220
4,0.0,1766523386758
4,0.0,1766523387292
4,0.0,1766523388086
4,0.0,1766523388598
4,0.0,1766523389158
4,0.0,1766523389914
4,0.0,1766523390419
4,0.0,1766523390960
4,0.0,1766523391734
4,0.0,1766523392248
4,0.0,1766523392807
4,0.0,1766523393581
4,0.0,1766523394111
4,0.0,1766523394614
4,0.0,1766523395414
4,0.0,1766523395937
4,0.0,1766523396448
4,0.0,1766523397150
4,0.0,1766523397706
4,0.0,1766523398253
4,0.0,1766523398954
4,0.0,1766523399573
4,0.0,1766523400126
4,0.0,1766523400780
4,0.0,1766523401366
4,0.0,1766523401917
4,0.0,1766523402586
4,0.0,1766523403243
4,0.0,1766523403794
4,0.0,1766523404450
4,0.0,1766523405072
4,0.0,1766523405573
4,0.0,1766523406215
4,0.0,1766523406917
4,0.0,1766523407433
4,0.0,1766523408125
4,0.0,1766523408770
4,0.0,1766523409273
4,0.0,1766523409994
4,0.0,1766523410631
4,0.0,1766523411170
4,0.0,1766523411886
4,0.0,1766523412553
4,0.0,1766523413090
4,0.0,1766523413738
4,0.0,1766523414379
4,0.0,1766523414908
4,0.0,1766523415588
4,0.0,1766523416251
4,0.0,1766523416763
4,0.0,1766523417490
4,0.0,1766523418064
4,0.0,1766523418582
4,0.0,1766523419325
4,0.0,1766523419950
4,0.0,1766523420453
4,0.0,1766523421156
4,0.0,1766523421794
4,0.0,1766523422312
4,0.0,1766523422974
4,0.0,1766523423672
4,0.0,1766523424195
4,0.0,1766523424850
4,0.0,1766523425494
4,0.0,1766523426060
4,0.0,1766523426701
4,0.0,1766523427352
4,0.0,1766523427829
4,0.0,1766523428456
4,0.0,1766523429143
4,0.0,1766523429630
4,0.0,1766523430223
4,0.0,1766523430999
4,0.0,1766523431503
4,0.0,1766523432076
4,0.0,1766523432858
4,0.0,1766523433348
4,0.0,1766523433991
4,0.0,1766523434706
4,0.0,1766523435188
4,0.0,1766523435776
4,0.0,1766523436542
4,0.0,1766523436989
4,0.0,1766523437549
4,0.0,1766523438287
4,0.0,1766523438764
4,0.0,1766523439375
4,0.0,1766523440155
4,0.0,1766523440638
4,0.0,1766523441247
4,0.0,1766523442023
4,0.0,1766523442499
4,0.0,1766523443089
4,0.0,1766523443861
4,0.0,1766523444323
4,0.0,1766523444893
4,0.0,1766523445612
4,0.0,1766523446149
4,0.0,1766523446777
4,0.0,1766523447572
4,0.0,1766523448084
4,0.0,1766523448700
4,0.0,1766523449456
4,0.0,1766523449924
4,0.0,1766523450512
4,0.0,1766523451181
4,0.0,1766523451653
4,0.0,1766523452229
4,0.0,1766523452891
4,0.0,1766523453427
4,0.0,1766523454033
4,0.0,1766523454709
4,0.0,1766523455243
4,0.0,1766523455826
4,0.0,1766523456456
4,0.0,1766523457019
4,0.0,1766523457577
4,0.0,1766523458250
4,0.0,1766523458835
4,0.0,1766523459377
4,0.0,1766523460042
4,0.0,1766523460612
4,0.0,1766523461175
4,0.0,1766523461847
4,0.0,1766523462466
4,0.0,1766523462940
4,0.0,1766523463611
4,0.0,1766523464235
4,0.0,1766523464697
4,0.0,1766523465356
4,0.0,1766523466031
4,0.0,1766523466543
4,0.0,1766523467134
4,0.0,1766523467803
4,0.0,1766523468311
4,0.0,1766523468937
4,0.0,1766523469639
4,0.0,1766523470197
4,0.0,1766523470804
4,0.0,1766523471445
4,0.0,1766523471975
4,0.0,1766523472574
4,0.0,1766523473214
4,0.0,1766523473781
4,0.0,1766523474299
4,0.0,1766523475030
4,0.0,1766523475580
4,0.0,1766523476129
4,0.0,1766523476822
4,0.0,1766523477398
4,0.0,1766523477897
4,0.0,1766523478626
4,0.0,1766523479209
4,0.0,1766523479694
4,0.0,1766523480383
4,0.0,1766523481012
4,0.0,1766523481515
4,0.0,1766523482184
4,0.0,1766523482831
4,0.0,1766523483324
4,0.0,1766523483985
4,0.0,1766523484688
4,0.0,1766523485210
4,0.0,1766523485980
4,0.0,1766523486587
4,0.0,1766523487083
4,0.0,1766523487755
4,0.0,1766523488344
4,0.0,1766523488838
4,0.0,1766523489478
4,0.0,1766523490166
4,0.0,1766523490654
4,0.0,1766523491291
4,0.0,1766523492027
4,0.0,1766523492526
4,0.0,1766523493151
4,0.0,1766523493854
4,0.0,1766523494347
4,0.0,1766523494974
4,0.0,1766523495700
4,0.0,1766523496211
4,0.0,1766523496839
4,0.0,1766523497532
4,0.0,1766523498049
4,0.0,1766523498591
4,0.0,1766523499356
4,0.0,1766523499828
4,0.0,1766523500360
4,0.0,1766523501109
4,0.0,1766523501653
4,0.0,1766523502215
4,0.0,1766523502976
4,0.0,1766523503463
4,0.0,1766523504006
4,0.0,1766523504753
4,0.0,1766523505263
4,0.0,1766523505833
4,0.0,1766523506599
4,0.0,1766523507128
4,0.0,1766523507660
4,0.0,1766523508481
4,0.0,1766523509035
4,0.0,1766523509568
4,0.0,1766523510316
4,0.0,1766523510862
4,0.0,1766523511353
4,0.0,1766523512124
4,0.0,1766523512649
4,0.0,1766523513126
4,0.0,1766523513866
4,0.0,1766523514455
4,0.0,1766523514947
4,0.0,1766523515656
4,0.0,1766523516249
4,0.0,1766523516730
4,0.0,1766523517391
4,0.0,1766523518080
4,0.0,1766523518560
4,0.0,1766523519230
4,0.0,1766523519935
4,0.0,1766523520419
4,0.0,1766523520984
4,0.0,1766523521692
4,0.0,1766523522153
4,0.0,1766523522696
4,0.0,1766523523487
4,0.0,1766523523959
4,0.0,1766523524515
4,0.0,1766523525312
4,0.0,1766523525792
4,0.0,1766523527357
4,0.0,1766523527841
4,0.0,1766523528380
4,0.0,1766523529217
4,0.0,1766523529714
4,0.0,1766523530226
4,0.0,1766523531058
4,0.0,1766523531581
4,0.0,1766523532069
4,0.0,1766523532847
4,0.0,1766523533388
4,0.0,1766523533865
4,0.0,1766523534572
4,0.0,1766523535216
4,0.0,1766523535693
4,0.0,1766523536348
4,0.0,1766523536942
4,0.0,1766523537436
4,0.0,1766523537986
4,0.0,1766523538754
4,0.0,1766523539239
4,0.0,1766523539785
4,0.0,1766523540559
4,0.0,1766523541053
4,0.0,1766523541557
4,0.0,1766523542397
4,0.0,1766523542902
4,0.0,1766523543425
4,0.0,1766523544234
4,0.0,1766523544729
4,0.0,1766523545251
4,0.0,1766523546132
4,0.0,1766523546631
4,0.0,1766523547112
4,0.0,1766523547933
4,0.0,1766523548448
4,0.0,1766523548982
4,0.0,1766523549779
4,0.0,1766523550292
4,0.0,1766523550771
4,0.0,1766523551640
4,0.0,1766523552151
4,0.0,1766523552692
4,0.0,1766523553432
4,0.0,1766523553964
4,0.0,1766523554455
4,0.0,1766523555166
4,0.0,1766523555729
4,0.0,1766523556249
4,0.0,1766523557011
4,0.0,1766523557598
4,0.0,1766523558104
4,0.0,1766523558820
4,0.0,1766523559415
4,0.0,1766523559895
4,0.0,1766523560562
4,0.0,1766523561223
4,0.0,1766523561724
5,0.0,1766523562335
5,0.0,1766523562936
5,0.0,1766523563341
5,0.0,1766523563803
5,0.0,1766523564605
5,0.0,1766523565058
5,0.0,1766523565498
5,0.0,1766523566077
5,0.0,1766523566660
5,0.0,1766523567100
5,0.0,1766523567571
5,0.0,1766523568272
5,0.0,1766523568732
5,0.0,1766523569184
5,0.0,1766523569824
5,0.0,1766523570392
5,0.0,1766523570799
5,0.0,1766523571284
5,0.0,1766523571905
5,0.0,1766523572414
5,0.0,1766523572843
5,0.0,1766523573405
5,0.0,1766523574029
5,0.0,1766523574459
5,0.0,1766523574924
5,0.0,1766523575596
5,0.0,1766523576084
5,0.0,1766523576524
5,0.0,1766523577091
5,0.0,1766523577712
5,0.0,1766523578171
5,0.0,1766523578654
5,0.0,1766523579269
5,0.0,1766523579800
5,0.0,1766523580225
5,0.0,1766523580800
5,0.0,1766523581448
5,0.0,1766523581878
5,0.0,1766523582367
5,0.0,1766523582997
5,0.0,1766523583536
5,0.0,1766523584001
5,0.0,1766523584570
5,0.0,1766523585137
5,0.0,1766523585600
5,0.0,1766523586066
5,0.0,1766523586672
5,0.0,1766523587213
5,0.0,1766523587644
5,0.0,1766523588216
5,0.0,1766523588825
5,0.0,1766523589303
5,0.0,1766523589799
5,0.0,1766523590403
5,0.0,1766523590918
5,0.0,1766523591352
5,0.0,1766523591885
5,0.0,1766523592515
5,0.0,1766523593002
5,0.0,1766523593502
5,0.0,1766523594098
5,0.0,1766523594599
5,0.0,1766523595011
5,0.0,1766523595570
5,0.0,1766523596200
5,0.0,1766523596648
5,0.0,1766523597095
5,0.0,1766523597621
5,0.0,1766523598162
5,0.0,1766523598582
5,0.0,1766523599047
5,0.0,1766523599636
5,0.0,1766523600185
5,0.0,1766523600638
5,0.0,1766523601148
5,0.0,1766523601718
5,0.0,1766523602332
5,0.0,1766523602846
5,0.0,1766523603322
5,0.0,1766523603903
5,0.0,1766523604451
5,0.0,1766523604921
5,0.0,1766523605464
5,0.0,1766523606080
5,0.0,1766523606645
5,0.0,1766523607130
5,0.0,1766523607650
5,0.0,1766523608238
5,0.0,1766523608720
5,0.0,1766523609251
5,0.0,1766523609831
5,0.0,1766523610362
5,0.0,1766523610897
5,0.0,1766523611361
5,0.0,1766523611915
5,0.0,1766523612415
5,0.0,1766523612966
5,0.0,1766523613486
5,0.0,1766523614017
5,0.0,1766523614539
5,0.0,1766523615056
5,0.0,1766523615617
5,0.0,1766523616120
5,0.0,1766523616664
5,0.0,1766523617232
5,0.0,1766523617777
5,0.0,1766523618296
5,0.0,1766523618788
5,0.0,1766523619349
5,0.0,1766523619867
5,0.0,1766523620423
5,0.0,1766523620993
5,0.0,1766523621520
5,0.0,1766523622029
5,0.0,1766523622539
5,0.0,1766523623100
5,0.0,1766523623600
5,0.0,1766523624125
5,0.0,1766523624685
5,0.0,1766523625241
5,0.0,1766523625742
5,0.0,1766523626239
5,0.0,1766523626806
5,0.0,1766523627294
5,0.0,1766523627807
5,0.0,1766523628328
5,0.0,1766523628907
5,0.0,1766523629448
5,0.0,1766523629983
5,0.0,1766523630550
5,0.0,1766523631027
5,0.0,1766523631579
5,0.0,1766523632132
5,0.0,1766523632628
5,0.0,1766523633155
5,0.0,1766523633688
5,0.0,1766523634299
5,0.0,1766523634782
5,0.0,1766523635349
5,0.0,1766523635923
5,0.0,1766523636420
5,0.0,1766523636974
5,0.0,1766523637515
5,0.0,1766523638055
5,0.0,1766523638546
5,0.0,1766523639071
5,0.0,1766523639606
5,0.0,1766523640116
5,0.0,1766523640692
5,0.0,1766523641243
5,0.0,1766523641766
5,0.0,1766523642273
5,0.0,1766523642792
5,0.0,1766523643356
5,0.0,1766523643831
5,0.0,1766523644371
5,0.0,1766523644929
5,0.0,1766523645484
5,0.0,1766523645982
5,0.0,1766523646532
5,0.0,1766523647071
5,0.0,1766523647569
5,0.0,1766523648135
5,0.0,1766523648633
5,0.0,1766523649125
5,0.0,1766523649589
5,0.0,1766523650110
5,0.0,1766523650593
5,0.0,1766523651148
5,0.0,1766523651672
5,0.0,1766523652184
5,0.0,1766523652746
5,0.0,1766523653230
5,0.0,1766523653786
5,0.0,1766523654273
5,0.0,1766523654813
5,0.0,1766523655293
5,0.0,1766523655832
5,0.0,1766523656398
5,0.0,1766523656879
5,0.0,1766523657398
5,0.0,1766523657884
5,0.0,1766523658471
5,0.0,1766523658977
5,0.0,1766523659503
5,0.0,1766523660045
5,0.0,1766523660562
5,0.0,1766523661107
5,0.0,1766523661607
5,0.0,1766523662194
5,0.0,1766523662696
5,0.0,1766523663208
5,0.0,1766523663750
5,0.0,1766523664252
5,0.0,1766523664825
5,0.0,1766523665329
5,0.0,1766523665911
5,0.0,1766523666419
5,0.0,1766523666967
5,0.0,1766523667520
5,0.0,1766523668020
5,0.0,1766523668581
5,0.0,1766523669042
5,0.0,1766523669572
5,0.0,1766523670069
5,0.0,1766523670596
5,0.0,1766523671139
5,0.0,1766523671659
5,0.0,1766523672194
5,0.0,1766523672718
5,0.0,1766523673291
5,0.0,1766523673771
5,0.0,1766523674308
5,0.0,1766523674855
5,0.0,1766523675362
5,0.0,1766523675883
5,0.0,1766523676410
5,0.0,1766523676936
5,0.0,1766523677411
5,0.0,1766523677995
5,0.0,1766523678537
5,0.0,1766523679028
5,0.0,1766523679525
5,0.0,1766523680059
5,0.0,1766523680592
5,0.0,1766523681056
5,0.0,1766523681622
5,0.0,1766523682151
5,0.0,1766523682705
5,0.0,1766523683181
5,0.0,1766523683767
5,0.0,1766523684354
5,0.0,1766523684808
5,0.0,1766523685361
5,0.0,1766523685894
5,0.0,1766523686398
5,0.0,1766523686862
5,0.0,1766523687374
5,0.0,1766523687948
5,0.0,1766523688408
5,0.0,1766523688930
5,0.0,1766523689478
5,0.0,1766523690020
5,0.0,1766523690478
5,0.0,1766523691028
5,0.0,1766523691617
5,0.0,1766523692091
5,0.0,1766523692569
5,0.0,1766523693152
5,0.0,1766523693745
5,0.0,1766523694195
5,0.0,1766523694772
5,0.0,1766523695342
5,0.0,1766523695805
5,0.0,1766523696353
5,0.0,1766523696939
5,0.0,1766523697482
5,0.0,1766523697920
5,0.0,1766523698507
5,0.0,1766523699087
5,0.0,1766523699539
5,0.0,1766523700012
5,0.0,1766523700601
5,0.0,1766523701110
5,0.0,1766523701535
5,0.0,1766523702059
5,0.0,1766523702642
5,0.0,1766523703124
5,0.0,1766523703562
5,0.0,1766523704109
5,0.0,1766523704686
5,0.0,1766523705139
5,0.0,1766523705652
5,0.0,1766523706236
5,0.0,1766523706813
5,0.0,1766523707245
5,0.0,1766523707813
5,0.0,1766523708418
5,0.0,1766523708881
5,0.0,1766523709378
5,0.0,1766523709946
5,0.0,1766523710478
5,0.0,1766523710933
5,0.0,1766523711513
5,0.0,1766523712112
5,0.0,1766523712594
5,0.0,1766523713050
5,0.0,1766523713607
5,0.0,1766523714196
5,0.0,1766523714633
5,0.0,1766523715194
5,0.0,1766523715806
5,0.0,1766523716285
5,0.0,1766523716760
5,0.0,1766523717339
5,0.0,1766523717871
5,0.0,1766523718343
5,0.0,1766523718866
5,0.0,1766523719449
5,0.0,1766523719964
5,0.0,1766523720438
5,0.0,1766523721001
5,0.0,1766523721558
5,0.0,1766523721986
5,0.0,1766523722488
5,0.0,1766523723088
5,0.0,1766523723626
5,0.0,1766523724091
5,0.0,1766523724625
5,0.0,1766523725207
5,0.0,1766523725696
5,0.0,1766523726225
5,0.0,1766523726836
5,0.0,1766523727342
5,0.0,1766523727826
5,0.0,1766523728392
5,0.0,1766523728975
5,0.0,1766523729427
5,0.0,1766523729925
5,0.0,1766523730491
5,0.0,1766523731033
5,0.0,1766523731497
5,0.0,1766523732103
5,0.0,1766523732667
5,0.0,1766523733112
5,0.0,1766523733611
5,0.0,1766523734195
5,0.0,1766523734725
5,0.0,1766523735189
5,0.0,1766523735729
5,0.0,1766523736317
5,0.0,1766523736761
5,0.0,1766523737233
5,0.0,1766523737795
5,0.0,1766523738380
5,0.0,1766523738832
5,0.0,1766523739365
5,0.0,1766523739984
5,0.0,1766523740481
5,0.0,1766523740963
5,0.0,1766523741545
5,0.0,1766523742079
5,0.0,1766523742527
5,0.0,1766523743083
5,0.0,1766523743692
5,0.0,1766523744176
5,0.0,1766523744645
5,0.0,1766523745200
5,0.0,1766523745793
5,0.0,1766523746238
5,0.0,1766523746730
5,0.0,1766523747325
5,0.0,1766523747820
5,0.0,1766523748296
5,0.0,1766523748873
5,0.0,1766523749449
5,0.0,1766523749867
5,0.0,1766523750382
5,0.0,1766523750947
5,0.0,1766523751427
5,0.0,1766523751876
5,0.0,1766523752433
5,0.0,1766523752985
5,0.0,1766523753454
5,0.0,1766523753894
5,0.0,1766523754488
5,0.0,1766523755060
5,0.0,1766523755488
5,0.0,1766523756059
5,0.0,1766523756691
5,0.0,1766523757186
5,0.0,1766523757653
5,0.0,1766523758240
5,0.0,1766523758793
5,0.0,1766523759223
5,0.0,1766523759773
5,0.0,1766523760375
5,0.0,1766523760871
5,0.0,1766523761330
5,0.0,1766523761922
5,0.0,1766523762471
5,0.0,1766523762911
5,0.0,1766523763408
5,0.0,1766523764058
5,0.0,1766523764520
5,0.0,1766523764962
5,0.0,1766523765555
5,0.0,1766523766172
5,0.0,1766523766617
5,0.0,1766523767113
5,0.0,1766523767764
5,0.0,1766523768284
5,0.0,1766523768747
5,0.0,1766523769303
5,0.0,1766523769870
5,0.0,1766523770285
5,0.0,1766523770766
5,0.0,1766523771373
5,0.0,1766523771896
5,0.0,1766523772330
5,0.0,1766523772906
5,0.0,1766523773528
5,0.0,1766523773947
5,0.0,1766523774408
5,0.0,1766523775006
5,0.0,1766523775542
5,0.0,1766523775955
5,0.0,1766523776421
5,0.0,1766523777045
5,0.0,1766523777539
5,0.0,1766523777995
5,0.0,1766523778588
5,0.0,1766523779168
5,0.0,1766523779601
5,0.0,1766523780087
5,0.0,1766523780727
5,0.0,1766523781252
5,0.0,1766523781652
5,0.0,1766523782179
5,0.0,1766523782792
5,0.0,1766523783251
5,0.0,1766523783729
5,0.0,1766523784360
5,0.0,1766523784897
5,0.0,1766523785297
5,0.0,1766523785796
5,0.0,1766523786477
5,0.0,1766523786923
5,0.0,1766523787333
5,0.0,1766523787961
5,0.0,1766523788539
5,0.0,1766523788959
5,0.0,1766523789481
5,0.0,1766523790180
5,0.0,1766523790600
5,0.0,1766523791009
5,0.0,1766523791553
5,0.0,1766523792142
5,0.0,1766523792592
5,0.0,1766523793047
5,0.0,1766523793695
5,0.0,1766523794192
5,0.0,1766523794627
5,0.0,1766523795170
5,0.0,1766523795795
5,0.0,1766523796258
5,0.0,1766523796718
5,0.0,1766523797327
5,0.0,1766523797874
5,0.0,1766523798296
5,0.0,1766523798816
5,0.0,1766523799466
5,0.0,1766523799932
5,0.0,1766523800387
5,0.0,1766523800945
5,0.0,1766523801478
5,0.0,1766523801924
5,0.0,1766523802377
5,0.0,1766523803010
5,0.0,1766523803505
5,0.0,1766523803947
5,0.0,1766523804498
5,0.0,1766523805151
5,0.0,1766523805583
5,0.0,1766523806035
5,0.0,1766523806674
5,0.0,1766523807194
5,0.0,1766523807599
5,0.0,1766523808115
5,0.0,1766523808751
5,0.0,1766523809202
5,0.0,1766523809628
5,0.0,1766523810251
5,0.0,1766523810819
5,0.0,1766523811252
5,0.0,1766523811724
5,0.0,1766523812389
5,0.0,1766523812882
5,0.0,1766523813317
5,0.0,1766523813964
5,0.0,1766523814562
5,0.0,1766523814989
5,0.0,1766523815486
5,0.0,1766523816129
5,0.0,1766523816623
5,0.0,1766523817076
5,0.0,1766523817665
5,0.0,1766523818252
5,0.0,1766523818700
5,0.0,1766523819193
5,0.0,1766523819864
5,0.0,1766523820362
5,0.0,1766523820774
5,0.0,1766523821385
5,0.0,1766523821964
5,0.0,1766523822402
5,0.0,1766523822872
5,0.0,1766523823574
5,0.0,1766523824032
5,0.0,1766523824459
5,0.0,1766523825080
5,0.0,1766523825637
5,0.0,1766523826061
5,0.0,1766523826535
5,0.0,1766523827486
5,0.0,1766523827895
5,0.0,1766523828308
5,0.0,1766523828917
5,0.0,1766523829511
5,0.0,1766523829973
5,0.0,1766523830445
5,0.0,1766523831196
5,0.0,1766523831594
5,0.0,1766523832007
5,0.0,1766523832635
5,0.0,1766523833194
5,0.0,1766523833606
5,0.0,1766523834015
5,0.0,1766523834740
5,0.0,1766523835246
5,0.0,1766523835637
5,0.0,1766523836188
5,0.0,1766523836835
5,0.0,1766523837260
5,0.0,1766523837695
5,0.0,1766523838373
5,0.0,1766523838886
5,0.0,1766523839330
5,0.0,1766523839881
5,0.0,1766523840544
5,0.0,1766523840971
5,0.0,1766523841414
5,0.0,1766523842056
5,0.0,1766523842574
5,0.0,1766523842990
5,0.0,1766523843494
5,0.0,1766523844179
5,0.0,1766523844620
5,0.0,1766523845012
5,0.0,1766523845655
5,0.0,1766523846302
5,0.0,1766523846725
5,0.0,1766523847240
5,0.0,1766523847925
5,0.0,1766523848372
5,0.0,1766523848844
5,0.0,1766523849498
5,0.0,1766523850014
5,0.0,1766523850446
5,0.0,1766523850935
5,0.0,1766523851671
5,0.0,1766523852093
5,0.0,1766523852534
5,0.0,1766523853202
5,0.0,1766523853709
5,0.0,1766523854102
5,0.0,1766523854599
5,0.0,1766523855342
5,0.0,1766523855765
5,0.0,1766523856179
5,0.0,1766523856783
5,0.0,1766523857355
5,0.0,1766523857792
5,0.0,1766523858217
5,0.0,1766523858936
5,0.0,1766523859398
5,0.0,1766523859808
5,0.0,1766523860326
5,0.0,1766523861019
5,0.0,1766523861463
5,0.0,1766523861909
5,0.0,1766523862658
5,0.0,1766523863128
5,0.0,1766523863553
5,0.0,1766523864140
5,0.0,1766523864795
5,0.0,1766523865208
5,0.0,1766523865675
5,0.0,1766523866401
5,0.0,1766523866839
5,0.0,1766523867250
5,0.0,1766523867848
5,0.0,1766523868510
5,0.0,1766523868946
5,0.0,1766523869389
5,0.0,1766523870096
5,0.0,1766523870548
5,0.0,1766523870952
5,0.0,1766523871520
5,0.0,1766523872171
5,0.0,1766523872622
5,0.0,1766523873078
5,0.0,1766523873802
5,0.0,1766523874271
5,0.0,1766523874711
5,0.0,1766523875263
5,0.0,1766523875931
5,0.0,1766523876339
5,0.0,1766523876779
5,0.0,1766523877475
5,0.0,1766523877960
5,0.0,1766523878400
5,0.0,1766523878932
5,0.0,1766523879616
5,0.0,1766523880043
5,0.0,1766523880498
5,0.0,1766523881159
5,0.0,1766523881667
5,0.0,1766523882109
5,0.0,1766523882631
5,0.0,1766523883314
5,0.0,1766523883754
5,0.0,1766523884198
5,0.0,1766523884846
5,0.0,1766523885375
5,0.0,1766523885801
5,0.0,1766523886286
5,0.0,1766523886948
5,0.0,1766523887399
5,0.0,1766523887803
5,0.0,1766523888443
5,0.0,1766523889024
5,0.0,1766523889420
5,0.0,1766523889878
5,0.0,1766523890517
5,0.0,1766523890994
5,0.0,1766523891416
5,0.0,1766523891954
5,0.0,1766523892605
5,0.0,1766523893040
5,0.0,1766523893526
5,0.0,1766523894170
5,0.0,1766523894672
5,0.0,1766523895102
5,0.0,1766523895635
5,0.0,1766523896275
5,0.0,1766523896713
5,0.0,1766523897189
5,0.0,1766523897841
5,0.0,1766523898386
5,0.0,1766523898790
5,0.0,1766523899293
5,0.0,1766523899961
5,0.0,1766523900412
5,0.0,1766523900870
5,0.0,1766523901504
5,0.0,1766523902064
5,0.0,1766523902493
5,0.0,1766523902989
5,0.0,1766523903668
5,0.0,1766523904141
5,0.0,1766523904596
5,0.0,1766523905208
5,0.0,1766523905797
5,0.0,1766523906226
5,0.0,1766523906721
5,0.0,1766523907394
5,0.0,1766523907854
5,0.0,1766523908265
5,0.0,1766523908842
5,0.0,1766523909465
5,0.0,1766523909874
5,0.0,1766523910351
5,0.0,1766523910961
5,0.0,1766523911458
5,0.0,1766523911871
5,0.0,1766523912453
5,0.0,1766523913081
5,0.0,1766523913529
5,0.0,1766523914005
5,0.0,1766523914652
5,0.0,1766523915153
5,0.0,1766523915594
5,0.0,1766523916123
5,0.0,1766523916782
5,0.0,1766523917215
5,0.0,1766523917698
5,0.0,1766523918339
5,0.0,1766523918894
5,0.0,1766523919325
5,0.0,1766523919904
5,0.0,1766523920531
5,0.0,1766523920977
5,0.0,1766523921442
5,0.0,1766523922086
5,0.0,1766523922588
5,0.0,1766523923035
5,0.0,1766523923558
5,0.0,1766523924165
5,0.0,1766523924595
5,0.0,1766523925004
5,0.0,1766523925560
5,0.0,1766523926205
5,0.0,1766523926656
5,0.0,1766523927129
5,0.0,1766523927804
5,0.0,1766523928296
5,0.0,1766523928753
5,0.0,1766523929342
5,0.0,1766523929882
5,0.0,1766523930317
5,0.0,1766523930771
5,0.0,1766523931428
5,0.0,1766523931947
5,0.0,1766523932385
5,0.0,1766523932910
5,0.0,1766523933495
5,0.0,1766523933949
5,0.0,1766523934416
5,0.0,1766523935027
5,0.0,1766523935577
5,0.0,1766523935999
5,0.0,1766523936497
5,0.0,1766523937110
5,0.0,1766523937606
5,0.0,1766523938059
5,0.0,1766523938664
5,0.0,1766523939245
5,0.0,1766523939671
5,0.0,1766523940215
5,0.0,1766523940820
5,0.0,1766523941322
5,0.0,1766523941792
5,0.0,1766523942389
5,0.0,1766523942951
5,0.0,1766523943387
5,0.0,1766523943921
5,0.0,1766523944553
5,0.0,1766523945038
5,0.0,1766523945503
5,0.0,1766523946104
5,0.0,1766523946658
5,0.0,1766523947087
5,0.0,1766523947603
5,0.0,1766523948238
5,0.0,1766523948719
5,0.0,1766523949181
5,0.0,1766523949795
5,0.0,1766523950393
5,0.0,1766523950828
5,0.0,1766523951347
5,0.0,1766523951929
5,0.0,1766523952421
5,0.0,1766523952885
5,0.0,1766523953485
5,0.0,1766523954047
5,0.0,1766523954473
5,0.0,1766523954964
5,0.0,1766523955560
5,0.0,1766523956086
5,0.0,1766523956514
5,0.0,1766523957126
5,0.0,1766523957689
5,0.0,1766523958123
5,0.0,1766523958647
5,0.0,1766523959279
5,0.0,1766523959762
5,0.0,1766523960172
5,0.0,1766523960733
5,0.0,1766523961324
5,0.0,1766523961778
5,0.0,1766523962200
5,0.0,1766523962790
5,0.0,1766523963323
5,0.0,1766523963761
5,0.0,1766523964296
5,0.0,1766523964898
5,0.0,1766523965378
5,0.0,1766523965873
5,0.0,1766523966475
5,0.0,1766523967025
5,0.0,1766523967482
5,0.0,1766523967983
5,0.0,1766523968603
5,0.0,1766523969098
5,0.0,1766523969529
5,0.0,1766523970112
5,0.0,1766523970683
5,0.0,1766523971120
5,0.0,1766523971612
5,0.0,1766523972212
5,0.0,1766523972716
5,0.0,1766523973181
5,0.0,1766523973681
5,0.0,1766523974290
5,0.0,1766523974763
5,0.0,1766523975238
5,0.0,1766523975810
5,0.0,1766523976397
5,0.0,1766523976833
5,0.0,1766523977362
5,0.0,1766523978008
5,0.0,1766523978504
5,0.0,1766523978979
5,0.0,1766523979580
5,0.0,1766523980118
5,0.0,1766523980543
5,0.0,1766523981045
5,0.0,1766523981664
5,0.0,1766523982141
5,0.0,1766523982589
5,0.0,1766523983174
5,0.0,1766523983714
5,0.0,1766523984153
5,0.0,1766523984649
5,0.0,1766523985292
5,0.0,1766523985818
5,0.0,1766523986254
5,0.0,1766523986808
5,0.0,1766523987419
5,0.0,1766523987870
5,0.0,1766523988333
5,0.0,1766523988956
5,0.0,1766523989485
5,0.0,1766523989930
5,0.0,1766523990463
5,0.0,1766523991061
5,0.0,1766523991557
5,0.0,1766523992008
5,0.0,1766523992653
5,0.0,1766523993199
5,0.0,1766523993619
5,0.0,1766523994127
5,0.0,1766523994763
5,0.0,1766523995238
5,0.0,1766523995717
5,0.0,1766523996295
5,0.0,1766523996825
5,0.0,1766523997243
5,0.0,1766523997768
5,0.0,1766523998400
5,0.0,1766523998901
5,0.0,1766523999380
5,0.0,1766523999950
5,0.0,1766524000539
5,0.0,1766524000972
5,0.0,1766524001499
5,0.0,1766524002121
5,0.0,1766524002615
5,0.0,1766524003096
5,0.0,1766524003712
5,0.0,1766524004295
5,0.0,1766524004738
5,0.0,1766524005282
5,0.0,1766524005845
5,0.0,1766524006349
5,0.0,1766524006827
5,0.0,1766524007432
5,0.0,1766524007989
5,0.0,1766524008411
5,0.0,1766524008924
5,0.0,1766524009498
5,0.0,1766524009985
5,0.0,1766524010415
5,0.0,1766524010953
5,0.0,1766524011563
5,0.0,1766524012033
5,0.0,1766524012509
5,0.0,1766524013120
5,0.0,1766524013647
5,0.0,1766524014084
5,0.0,1766524014628
5,0.0,1766524015237
5,0.0,1766524015714
5,0.0,1766524016167
5,0.0,1766524016784
5,0.0,1766524017281
5,0.0,1766524017718
5,0.0,1766524018211
5,0.0,1766524018821
5,0.0,1766524019323
5,0.0,1766524019748
5,0.0,1766524020310
5,0.0,1766524020837
5,0.0,1766524021297
5,0.0,1766524021732
5,0.0,1766524022367
5,0.0,1766524022887
5,0.0,1766524023320
5,0.0,1766524023876
5,0.0,1766524024495
5,0.0,1766524024975
5,0.0,1766524025433
5,0.0,1766524026125
5,0.0,1766524026697
5,0.0,1766524027109
5,0.0,1766524027625
5,0.0,1766524028158
5,0.0,1766524028675
5,0.0,1766524029144
5,0.0,1766524029726
5,0.0,1766524030289
5,0.0,1766524030728
5,0.0,1766524031234
5,0.0,1766524031813
5,0.0,1766524032347
5,0.0,1766524032776
5,0.0,1766524033338
5,0.0,1766524033916
5,0.0,1766524034374
5,0.0,1766524034841
5,0.0,1766524035417
5,0.0,1766524035971
5,0.0,1766524036420
5,0.0,1766524036920
5,0.0,1766524037511
5,0.0,1766524038003
5,0.0,1766524038473
5,0.0,1766524039088
5,0.0,1766524039663
5,0.0,1766524040067
5,0.0,1766524040578
5,0.0,1766524041162
5,0.0,1766524041650
5,0.0,1766524042077
5,0.0,1766524042634
5,0.0,1766524043236
5,0.0,1766524043690
5,0.0,1766524044164
5,0.0,1766524044761
5,0.0,1766524045301
5,0.0,1766524045722
5,0.0,1766524046320
5,0.0,1766524046945
5,0.0,1766524047421
5,0.0,1766524047883
5,0.0,1766524048525
5,0.0,1766524049033
5,0.0,1766524049452
5,0.0,1766524049982
5,0.0,1766524050564
5,0.0,1766524051039
5,0.0,1766524051494
5,0.0,1766524052088
5,0.0,1766524052617
5,0.0,1766524053043
5,0.0,1766524053537
5,0.0,1766524054138
6,0.0,1766524054661
6,0.0,1766524055070
6,0.0,1766524055630
6,0.0,1766524056240
6,0.0,1766524056667
6,0.0,1766524057134
6,0.0,1766524057707
6,0.0,1766524058285
6,0.0,1766524058719
6,0.0,1766524059192
6,0.0,1766524059867
6,0.0,1766524060329
6,0.0,1766524060796
6,0.0,1766524061424
6,0.0,1766524061983
6,0.0,1766524062397
6,0.0,1766524062868
6,0.0,1766524063566
6,0.0,1766524064041
6,0.0,1766524064504
6,0.0,1766524065072
6,0.0,1766524065661
6,0.0,1766524066094
6,0.0,1766524066556
6,0.0,1766524067180
6,0.0,1766524067665
6,0.0,1766524068098
6,0.0,1766524068641
6,0.0,1766524069263
6,0.0,1766524069695
6,0.0,1766524070119
6,0.0,1766524070711
6,0.0,1766524071265
6,0.0,1766524071708
6,0.0,1766524072212
6,0.0,1766524072852
6,0.0,1766524073356
6,0.0,1766524073795
6,0.0,1766524074326
6,0.0,1766524074883
6,0.0,1766524075335
6,0.0,1766524075779
6,0.0,1766524076388
6,0.0,1766524076906
6,0.0,1766524077339
6,0.0,1766524077876
6,0.0,1766524078491
6,0.0,1766524078951
6,0.0,1766524079422
6,0.0,1766524080019
6,0.0,1766524080588
6,0.0,1766524081007
6,0.0,1766524081518
6,0.0,1766524082073
6,0.0,1766524082633
6,0.0,1766524083094
6,0.0,1766524083719
6,0.0,1766524084283
6,0.0,1766524084757
6,0.0,1766524085264
6,0.0,1766524085853
6,0.0,1766524086379
6,0.0,1766524086838
6,0.0,1766524087410
6,0.0,1766524087954
6,0.0,1766524088382
6,0.0,1766524088918
6,0.0,1766524089516
6,0.0,1766524090046
6,0.0,1766524090512
6,0.0,1766524091064
6,0.0,1766524091621
6,0.0,1766524092064
6,0.0,1766524092579
6,0.0,1766524093154
6,0.0,1766524093653
6,0.0,1766524094084
6,0.0,1766524094621
6,0.0,1766524095204
6,0.0,1766524095702
6,0.0,1766524096195
6,0.0,1766524096796
6,0.0,1766524097328
6,0.0,1766524097806
6,0.0,1766524098370
6,0.0,1766524098982
6,0.0,1766524099469
6,0.0,1766524099950
6,0.0,1766524100534
6,0.0,1766524101078
6,0.0,1766524101536
6,0.0,1766524102108
6,0.0,1766524102623
6,0.0,1766524103108
6,0.0,1766524103572
6,0.0,1766524104154
6,0.0,1766524104707
6,0.0,1766524105185
6,0.0,1766524105745
6,0.0,1766524106299
6,0.0,1766524106845
6,0.0,1766524107324
6,0.0,1766524107900
6,0.0,1766524108455
6,0.0,1766524108904
6,0.0,1766524109467
6,0.0,1766524110003
6,0.0,1766524110529
6,0.0,1766524110986
6,0.0,1766524111531
6,0.0,1766524112053
6,0.0,1766524112559
6,0.0,1766524113101
6,0.0,1766524113605
6,0.0,1766524114139
6,0.0,1766524114595
6,0.0,1766524115165
6,0.0,1766524115686
6,0.0,1766524116173
6,0.0,1766524116703
6,0.0,1766524117253
6,0.0,1766524117757
6,0.0,1766524118249
6,0.0,1766524118827
6,0.0,1766524119344
6,0.0,1766524119880
6,0.0,1766524120356
6,0.0,1766524120884
6,0.0,1766524121392
6,0.0,1766524121826
6,0.0,1766524122388
6,0.0,1766524122867
6,0.0,1766524123409
6,0.0,1766524123871
6,0.0,1766524124412
6,0.0,1766524124921
6,0.0,1766524125396
6,0.0,1766524125891
6,0.0,1766524126392
6,0.0,1766524126894
6,0.0,1766524127389
6,0.0,1766524127992
6,0.0,1766524128519
6,0.0,1766524129042
6,0.0,1766524129542
6,0.0,1766524130079
6,0.0,1766524130600
6,0.0,1766524131099
6,0.0,1766524131615
6,0.0,1766524132148
6,0.0,1766524132650
6,0.0,1766524133122
6,0.0,1766524133728
6,0.0,1766524134299
6,0.0,1766524134764
6,0.0,1766524135352
6,0.0,1766524135887
6,0.0,1766524136393
6,0.0,1766524136858
6,0.0,1766524137450
6,0.0,1766524138004
6,0.0,1766524138444
6,0.0,1766524139007
6,0.0,1766524139602
6,0.0,1766524140112
6,0.0,1766524140596
6,0.0,1766524141150
6,0.0,1766524141694
6,0.0,1766524142139
6,0.0,1766524142669
6,0.0,1766524143264
6,0.0,1766524143813
6,0.0,1766524144274
6,0.0,1766524144838
6,0.0,1766524145396
6,0.0,1766524145889
6,0.0,1766524146429
6,0.0,1766524146979
6,0.0,1766524147445
6,0.0,1766524147941
6,0.0,1766524148686
6,0.0,1766524149090
6,0.0,1766524149500
6,0.0,1766524150066
6,0.0,1766524150671
6,0.0,1766524151080
6,0.0,1766524151493
6,0.0,1766524152164
6,0.0,1766524152703
6,0.0,1766524153138
6,0.0,1766524153643
6,0.0,1766524154299
6,0.0,1766524154706
6,0.0,1766524155110
6,0.0,1766524155690
6,0.0,1766524156310
6,0.0,1766524156718
6,0.0,1766524157177
6,0.0,1766524157896
6,0.0,1766524158336
6,0.0,1766524158748
6,0.0,1766524159344
6,0.0,1766524160008
6,0.0,1766524160434
6,0.0,1766524160891
6,0.0,1766524161564
6,0.0,1766524162053
6,0.0,1766524162456
6,0.0,1766524162989
6,0.0,1766524163642
6,0.0,1766524164044
6,0.0,1766524164506
6,0.0,1766524165112
6,0.0,1766524165665
6,0.0,1766524166111
6,0.0,1766524166623
6,0.0,1766524167333
6,0.0,1766524167764
6,0.0,1766524168211
6,0.0,1766524168843
6,0.0,1766524169373
6,0.0,1766524169783
6,0.0,1766524170249
6,0.0,1766524170860
6,0.0,1766524171293
6,0.0,1766524171692
6,0.0,1766524172185
6,0.0,1766524172894
6,0.0,1766524173285
6,0.0,1766524173702
6,0.0,1766524174300
6,0.0,1766524174912
6,0.0,1766524175334
6,0.0,1766524175830
6,0.0,1766524176570
6,0.0,1766524177022
6,0.0,1766524177457
6,0.0,1766524178028
6,0.0,1766524178629
6,0.0,1766524179052
6,0.0,1766524179496
6,0.0,1766524180201
6,0.0,1766524180663
6,0.0,1766524181110
6,0.0,1766524181636
6,0.0,1766524182273
6,0.0,1766524182713
6,0.0,1766524183143
6,0.0,1766524183839
6,0.0,1766524184326
6,0.0,1766524184742
6,0.0,1766524185297
6,0.0,1766524185923
6,0.0,1766524186368
6,0.0,1766524186816
6,0.0,1766524187538
6,0.0,1766524188065
6,0.0,1766524188481
6,0.0,1766524189042
6,0.0,1766524189677
6,0.0,1766524190098
6,0.0,1766524190575
6,0.0,1766524191245
6,0.0,1766524191753
6,0.0,1766524192192
6,0.0,1766524192743
6,0.0,1766524193381
6,0.0,1766524193804
6,0.0,1766524194270
6,0.0,1766524194893
6,0.0,1766524195457
6,0.0,1766524195883
6,0.0,1766524196454
6,0.0,1766524197117
6,0.0,1766524197542
6,0.0,1766524197987
6,0.0,1766524198666
6,0.0,1766524199175
6,0.0,1766524199609
6,0.0,1766524200151
6,0.0,1766524200825
6,0.0,1766524201250
6,0.0,1766524201705
6,0.0,1766524202375
6,0.0,1766524202917
6,0.0,1766524203339
6,0.0,1766524203875
6,0.0,1766524204572
6,0.0,1766524204994
6,0.0,1766524205426
6,0.0,1766524206091
6,0.0,1766524206621
6,0.0,1766524207046
6,0.0,1766524207574
6,0.0,1766524208247
6,0.0,1766524208674
6,0.0,1766524209119
6,0.0,1766524209780
6,0.0,1766524210335
6,0.0,1766524210772
6,0.0,1766524211321
6,0.0,1766524211995
6,0.0,1766524212416
6,0.0,1766524212880
6,0.0,1766524213578
6,0.0,1766524214064
6,0.0,1766524214489
6,0.0,1766524214994
6,0.0,1766524215639
6,0.0,1766524216081
6,0.0,1766524216531
6,0.0,1766524217174
6,0.0,1766524217739
6,0.0,1766524218146
6,0.0,1766524218663
6,0.0,1766524219342
6,0.0,1766524219800
6,0.0,1766524220241
6,0.0,1766524220886
6,0.0,1766524221461
6,0.0,1766524221876
6,0.0,1766524222365
6,0.0,1766524223066
6,0.0,1766524223536
6,0.0,1766524223975
6,0.0,1766524224662
6,0.0,1766524225219
6,0.0,1766524225633
6,0.0,1766524226125
6,0.0,1766524226743
6,0.0,1766524227190
6,0.0,1766524227603
6,0.0,1766524228143
6,0.0,1766524228783
6,0.0,1766524229200
6,0.0,1766524229624
6,0.0,1766524230298
6,0.0,1766524230786
6,0.0,1766524231232
6,0.0,1766524231707
6,0.0,1766524232388
6,0.0,1766524232832
6,0.0,1766524233267
6,0.0,1766524233925
6,0.0,1766524234501
6,0.0,1766524234907
6,0.0,1766524235421
6,0.0,1766524236099
6,0.0,1766524236543
6,0.0,1766524236961
6,0.0,1766524237632
6,0.0,1766524238226
6,0.0,1766524238652
6,0.0,1766524239164
6,0.0,1766524239869
6,0.0,1766524240305
6,0.0,1766524240725
6,0.0,1766524241364
6,0.0,1766524241917
6,0.0,1766524242337
6,0.0,1766524242817
6,0.0,1766524243466
6,0.0,1766524243948
6,0.0,1766524244370
6,0.0,1766524245022
6,0.0,1766524245646
6,0.0,1766524246068
6,0.0,1766524246560
6,0.0,1766524247232
6,0.0,1766524247686
6,0.0,1766524248108
6,0.0,1766524248700
6,0.0,1766524249285
6,0.0,1766524249713
6,0.0,1766524250174
6,0.0,1766524250880
6,0.0,1766524251374
6,0.0,1766524251789
6,0.0,1766524252332
6,0.0,1766524253005
6,0.0,1766524253426
6,0.0,1766524253848
6,0.0,1766524254559
6,0.0,1766524255053
6,0.0,1766524255489
6,0.0,1766524256067
6,0.0,1766524256657
6,0.0,1766524257087
6,0.0,1766524257513
6,0.0,1766524258147
6,0.0,1766524258687
6,0.0,1766524259102
6,0.0,1766524259635
6,0.0,1766524260321
6,0.0,1766524260756
6,0.0,1766524261187
6,0.0,1766524261848
6,0.0,1766524262402
6,0.0,1766524262810
6,0.0,1766524263319
6,0.0,1766524264020
6,0.0,1766524264469
6,0.0,1766524264915
6,0.0,1766524265605
6,0.0,1766524266133
6,0.0,1766524266534
6,0.0,1766524267080
6,0.0,1766524267774
6,0.0,1766524268201
6,0.0,1766524268629
6,0.0,1766524269264
6,0.0,1766524269824
6,0.0,1766524270258
6,0.0,1766524270764
6,0.0,1766524271457
6,0.0,1766524271916
6,0.0,1766524272350
6,0.0,1766524273071
6,0.0,1766524273594
6,0.0,1766524274029
6,0.0,1766524274552
6,0.0,1766524275231
6,0.0,1766524275683
6,0.0,1766524276116
6,0.0,1766524276737
6,0.0,1766524277273
6,0.0,1766524277685
6,0.0,1766524278169
6,0.0,1766524278880
6,0.0,1766524279314
6,0.0,1766524279762
6,0.0,1766524280377
6,0.0,1766524280960
6,0.0,1766524281374
6,0.0,1766524281823
6,0.0,1766524282531
6,0.0,1766524283010
6,0.0,1766524283432
6,0.0,1766524284024
6,0.0,1766524284633
6,0.0,1766524285062
6,0.0,1766524285512
6,0.0,1766524286210
6,0.0,1766524286722
6,0.0,1766524287144
6,0.0,1766524287702
6,0.0,1766524288315
6,0.0,1766524288727
6,0.0,1766524289174
6,0.0,1766524289783
6,0.0,1766524290295
6,0.0,1766524290695
6,0.0,1766524291143
6,0.0,1766524291832
6,0.0,1766524292309
6,0.0,1766524292715
6,0.0,1766524293320
6,0.0,1766524293939
6,0.0,1766524294384
6,0.0,1766524294875
6,0.0,1766524295608
6,0.0,1766524296075
6,0.0,1766524296527
6,0.0,1766524297201
6,0.0,1766524297714
6,0.0,1766524298147
6,0.0,1766524298617
6,0.0,1766524299291
6,0.0,1766524299722
6,0.0,1766524300135
6,0.0,1766524300689
6,0.0,1766524301339
6,0.0,1766524301771
6,0.0,1766524302252
6,0.0,1766524302947
6,0.0,1766524303399
6,0.0,1766524303831
6,0.0,1766524304375
6,0.0,1766524305033
6,0.0,1766524305465
6,0.0,1766524305896
6,0.0,1766524306564
6,0.0,1766524307063
6,0.0,1766524307499
6,0.0,1766524308007
6,0.0,1766524308697
6,0.0,1766524309155
6,0.0,1766524309588
6,0.0,1766524310200
6,0.0,1766524310787
6,0.0,1766524311222
6,0.0,1766524311749
6,0.0,1766524312462
6,0.0,1766524312877
6,0.0,1766524313289
6,0.0,1766524313926
6,0.0,1766524314488
6,0.0,1766524314920
6,0.0,1766524315410
6,0.0,1766524316142
6,0.0,1766524316581
6,0.0,1766524317023
6,0.0,1766524317712
6,0.0,1766524318246
6,0.0,1766524318637
6,0.0,1766524319093
6,0.0,1766524319805
6,0.0,1766524320255
6,0.0,1766524320722
6,0.0,1766524321357
6,0.0,1766524321925
6,0.0,1766524322358
6,0.0,1766524322853
6,0.0,1766524323523
6,0.0,1766524323968
6,0.0,1766524324412
6,0.0,1766524325084
6,0.0,1766524325659
6,0.0,1766524326088
6,0.0,1766524326571
6,0.0,1766524327244
6,0.0,1766524327675
6,0.0,1766524328099
6,0.0,1766524328661
6,0.0,1766524329266
6,0.0,1766524329687
6,0.0,1766524330140
6,0.0,1766524330828
6,0.0,1766524331331
6,0.0,1766524331762
6,0.0,1766524332314
6,0.0,1766524332995
6,0.0,1766524333414
6,0.0,1766524333910
6,0.0,1766524334671
6,0.0,1766524335110
6,0.0,1766524335521
6,0.0,1766524336122
6,0.0,1766524336734
6,0.0,1766524337133
6,0.0,1766524337575
6,0.0,1766524338274
6,0.0,1766524338775
6,0.0,1766524339198
6,0.0,1766524339792
6,0.0,1766524340446
6,0.0,1766524340883
6,0.0,1766524341347
6,0.0,1766524342045
6,0.0,1766524342544
6,0.0,1766524342974
6,0.0,1766524343612
6,0.0,1766524344228
6,0.0,1766524344644
6,0.0,1766524345131
6,0.0,1766524345879
6,0.0,1766524346317
6,0.0,1766524346741
6,0.0,1766524347380
6,0.0,1766524347975
6,0.0,1766524348380
6,0.0,1766524348821
6,0.0,1766524349582
6,0.0,1766524350006
6,0.0,1766524350415
6,0.0,1766524351017
6,0.0,1766524351606
6,0.0,1766524352033
6,0.0,1766524352518
6,0.0,1766524353251
6,0.0,1766524353716
6,0.0,1766524354149
6,0.0,1766524354763
6,0.0,1766524355364
6,0.0,1766524355808
6,0.0,1766524356293
6,0.0,1766524357024
6,0.0,1766524357480
6,0.0,1766524357895
6,0.0,1766524358581
6,0.0,1766524359126
6,0.0,1766524359562
6,0.0,1766524360069
6,0.0,1766524360809
6,0.0,1766524361237
6,0.0,1766524361687
6,0.0,1766524362328
6,0.0,1766524362874
6,0.0,1766524363315
6,0.0,1766524363815
6,0.0,1766524364541
6,0.0,1766524364976
6,0.0,1766524365407
6,0.0,1766524366052
6,0.0,1766524366607
6,0.0,1766524367027
6,0.0,1766524367924
6,0.0,1766524368488
6,0.0,1766524368933
6,0.0,1766524369387
6,0.0,1766524370128
6,0.0,1766524370578
6,0.0,1766524370964
6,0.0,1766524371488
6,0.0,1766524372163
6,0.0,1766524372605
6,0.0,1766524373057
6,0.0,1766524373762
6,0.0,1766524374230
6,0.0,1766524374676
6,0.0,1766524375188
6,0.0,1766524375876
6,0.0,1766524376296
6,0.0,1766524376746
6,0.0,1766524377497
6,0.0,1766524377965
6,0.0,1766524378409
6,0.0,1766524378973
6,0.0,1766524379623
6,0.0,1766524380058
6,0.0,1766524380522
6,0.0,1766524381257
6,0.0,1766524381708
6,0.0,1766524382132
6,0.0,1766524382737
6,0.0,1766524383319
6,0.0,1766524383765
6,0.0,1766524384237
6,0.0,1766524384971
6,0.0,1766524385432
6,0.0,1766524385867
6,0.0,1766524386561
6,0.0,1766524387142
6,0.0,1766524387543
6,0.0,1766524388022
6,0.0,1766524388716
6,0.0,1766524389163
6,0.0,1766524389604
6,0.0,1766524390208
6,0.0,1766524390764
6,0.0,1766524391192
6,0.0,1766524391619
6,0.0,1766524392298
6,0.0,1766524392769
6,0.0,1766524393166
6,0.0,1766524393639
6,0.0,1766524394358
6,0.0,1766524394784
6,0.0,1766524395244
6,0.0,1766524395892
6,0.0,1766524396463
6,0.0,1766524396897
6,0.0,1766524397395
6,0.0,1766524398068
6,0.0,1766524398523
6,0.0,1766524398969
6,0.0,1766524399653
6,0.0,1766524400221
6,0.0,1766524400634
6,0.0,1766524401128
6,0.0,1766524401852
6,0.0,1766524402291
6,0.0,1766524402739
6,0.0,1766524403406
6,0.0,1766524403937
6,0.0,1766524404352
6,0.0,1766524404852
6,0.0,1766524405568
6,0.0,1766524405978
6,0.0,1766524406384
6,0.0,1766524406979
6,0.0,1766524407572
6,0.0,1766524408000
6,0.0,1766524408473
6,0.0,1766524409218
6,0.0,1766524409643
6,0.0,1766524410072
6,0.0,1766524410675
6,0.0,1766524411280
6,0.0,1766524411697
6,0.0,1766524412177
6,0.0,1766524412899
6,0.0,1766524413337
6,0.0,1766524413777
6,0.0,1766524414402
6,0.0,1766524415014
6,0.0,1766524415426
6,0.0,1766524415863
6,0.0,1766524416578
6,0.0,1766524417058
6,0.0,1766524417467
6,0.0,1766524418040
6,0.0,1766524418664
6,0.0,1766524419088
6,0.0,1766524419553
6,0.0,1766524420270
6,0.0,1766524420745
6,0.0,1766524421167
6,0.0,1766524421700
6,0.0,1766524422386
6,0.0,1766524422803
6,0.0,1766524423260
6,0.0,1766524423934
6,0.0,1766524424449
6,0.0,1766524424870
6,0.0,1766524425437
6,0.0,1766524426111
6,0.0,1766524426550
6,0.0,1766524427015
6,0.0,1766524427683
6,0.0,1766524428204
6,0.0,1766524428620
6,0.0,1766524429127
6,0.0,1766524429724
6,0.0,1766524430185
6,0.0,1766524430599
6,0.0,1766524431227
6,0.0,1766524431827
6,0.0,1766524432257
6,0.0,1766524432773
6,0.0,1766524433430
6,0.0,1766524433886
6,0.0,1766524434334
6,0.0,1766524434911
6,0.0,1766524435508
6,0.0,1766524435944
6,0.0,1766524436460
6,0.0,1766524437090
6,0.0,1766524437571
6,0.0,1766524438026
6,0.0,1766524438614
6,0.0,1766524439203
6,0.0,1766524439648
6,0.0,1766524440170
6,0.0,1766524440802
6,0.0,1766524441313
6,0.0,1766524441752
6,0.0,1766524442321
6,0.0,1766524442911
6,0.0,1766524443330
6,0.0,1766524443829
6,0.0,1766524444486
6,0.0,1766524444970
6,0.0,1766524445421
6,0.0,1766524446055
6,0.0,1766524446629
6,0.0,1766524447051
6,0.0,1766524447554
6,0.0,1766524448225
6,0.0,1766524448675
6,0.0,1766524449133
6,0.0,1766524449735
6,0.0,1766524450351
6,0.0,1766524450795
6,0.0,1766524451348
6,0.0,1766524451987
6,0.0,1766524452446
6,0.0,1766524452890
6,0.0,1766524453469
6,0.0,1766524454059
6,0.0,1766524454481
6,0.0,1766524455006
6,0.0,1766524455663
6,0.0,1766524456151
6,0.0,1766524456609
6,0.0,1766524457192
6,0.0,1766524457764
6,0.0,1766524458177
6,0.0,1766524458672
6,0.0,1766524459313
6,0.0,1766524459809
6,0.0,1766524460255
6,0.0,1766524460844
6,0.0,1766524461441
6,0.0,1766524461882
6,0.0,1766524462374
6,0.0,1766524463003
6,0.0,1766524463518
6,0.0,1766524463965
6,0.0,1766524464552
6,0.0,1766524465160
6,0.0,1766524465596
6,0.0,1766524466073
6,0.0,1766524466718
6,0.0,1766524467199
6,0.0,1766524467640
6,0.0,1766524468164
6,0.0,1766524468783
6,0.0,1766524469209
6,0.0,1766524469690
6,0.0,1766524470287
6,0.0,1766524470809
6,0.0,1766524471221
6,0.0,1766524471741
6,0.0,1766524472388
6,0.0,1766524472874
6,0.0,1766524473337
6,0.0,1766524473963
6,0.0,1766524474538
6,0.0,1766524474987
6,0.0,1766524475583
6,0.0,1766524476169
6,0.0,1766524476635
6,0.0,1766524477086
6,0.0,1766524477672
6,0.0,1766524478216
6,0.0,1766524478655
6,0.0,1766524479176
6,0.0,1766524479766
6,0.0,1766524480238
6,0.0,1766524480697
6,0.0,1766524481272
6,0.0,1766524481820
6,0.0,1766524482272
6,0.0,1766524482718
6,0.0,1766524483317
6,0.0,1766524483838
6,0.0,1766524484253
6,0.0,1766524484752
6,0.0,1766524485361
6,0.0,1766524485841
6,0.0,1766524486290
6,0.0,1766524486835
6,0.0,1766524487541
6,0.0,1766524488070
6,0.0,1766524488638
6,0.0,1766524489245
6,0.0,1766524489732
6,0.0,1766524490180
6,0.0,1766524490766
6,0.0,1766524491307
6,0.0,1766524491753
6,0.0,1766524492309
6,0.0,1766524492920
6,0.0,1766524493395
6,0.0,1766524493905
6,0.0,1766524494555
6,0.0,1766524495089
6,0.0,1766524495554
6,0.0,1766524496129
6,0.0,1766524496671
6,0.0,1766524497129
6,0.0,1766524497628
6,0.0,1766524498229
6,0.0,1766524498734
6,0.0,1766524499140
6,0.0,1766524499681
6,0.0,1766524500267
6,0.0,1766524500785
6,0.0,1766524501250
6,0.0,1766524501819
6,0.0,1766524502379
6,0.0,1766524502850
6,0.0,1766524503407
6,0.0,1766524504018
6,0.0,1766524504507
6,0.0,1766524504991
6,0.0,1766524505560
6,0.0,1766524506151
6,0.0,1766524506581
6,0.0,1766524507090
6,0.0,1766524507695
6,0.0,1766524508171
6,0.0,1766524508618
6,0.0,1766524509192
6,0.0,1766524509703
6,0.0,1766524510153
6,0.0,1766524510683
6,0.0,1766524511279
6,0.0,1766524511804
6,0.0,1766524512269
6,0.0,1766524512834
6,0.0,1766524513403
6,0.0,1766524513866
6,0.0,1766524514372
6,0.0,1766524514942
6,0.0,1766524515457
6,0.0,1766524515896
6,0.0,1766524516475
6,0.0,1766524517008
6,0.0,1766524517469
6,0.0,1766524517920
6,0.0,1766524518449
6,0.0,1766524519005
6,0.0,1766524519469
6,0.0,1766524519951
6,0.0,1766524520522
6,0.0,1766524521041
6,0.0,1766524521496
6,0.0,1766524522038
6,0.0,1766524522612
6,0.0,1766524523127
6,0.0,1766524523646
6,0.0,1766524524202
6,0.0,1766524524753
6,0.0,1766524525218
6,0.0,1766524525757
6,0.0,1766524526362
6,0.0,1766524526858
6,0.0,1766524527376
6,0.0,1766524527967
6,0.0,1766524528490
6,0.0,1766524528862
6,0.0,1766524529325
6,0.0,1766524529750
6,0.0,1766524530272
6,0.0,1766524530643
6,0.0,1766524531036
6,0.0,1766524531502
6,0.0,1766524531947
6,0.0,1766524532328
6,0.0,1766524532723
6,0.0,1766524533163
6,0.0,1766524533606
6,0.0,1766524534033
6,0.0,1766524534409
6,0.0,1766524534841
6,0.0,1766524535308
6,0.0,1766524535783
6,0.0,1766524536139
6,0.0,1766524536537
6,0.0,1766524536986
6,0.0,1766524537458
6,0.0,1766524537858
6,0.0,1766524538267
6,0.0,1766524538756
6,0.0,1766524539201
6,0.0,1766524539612
6,0.0,1766524539982
6,0.0,1766524540430
6,0.0,1766524540862
6,0.0,1766524541322
6,0.0,1766524541682
6,0.0,1766524542076
6,0.0,1766524542534
6,0.0,1766524542974
6,0.0,1766524543400
6,0.0,1766524543773
