Loss,Context.TRAINING,None
0,2.3091962337493896,1766520109596
0,18.91205406188965,1766520110359
0,18.77117919921875,1766520111153
0,14.366689682006836,1766520112024
0,10.172119140625,1766520112703
0,7.465843200683594,1766520113607
0,4.17171573638916,1766520114333
0,3.898296594619751,1766520115170
0,3.1202878952026367,1766520116029
0,2.8419389724731445,1766520116710
0,2.6011595726013184,1766520117673
0,2.302677631378174,1766520118412
0,2.294384002685547,1766520119267
0,2.4075241088867188,1766520120153
0,2.349806785583496,1766520120845
0,2.1891493797302246,1766520121841
0,2.1102590560913086,1766520122520
0,2.2998616695404053,1766520123460
0,2.225947618484497,1766520124278
0,2.3289265632629395,1766520124936
0,2.207507610321045,1766520125917
0,2.268568992614746,1766520126648
0,2.1871581077575684,1766520127523
0,2.1310806274414062,1766520128278
0,2.075745105743408,1766520129044
0,2.017897605895996,1766520130005
0,2.078139305114746,1766520130688
0,2.1141059398651123,1766520131583
0,2.0846915245056152,1766520132350
0,2.084001064300537,1766520133119
0,1.8844139575958252,1766520133966
0,1.8779630661010742,1766520134580
0,2.0765438079833984,1766520135516
0,1.8212435245513916,1766520136231
0,1.8297816514968872,1766520137057
0,1.795096755027771,1766520137937
0,1.8491780757904053,1766520138612
0,1.650959849357605,1766520139631
0,1.754577875137329,1766520140299
0,1.6537435054779053,1766520141211
0,1.5483723878860474,1766520141994
0,1.5690515041351318,1766520142670
0,1.5706040859222412,1766520143654
0,1.3956187963485718,1766520144331
0,1.5033698081970215,1766520145270
0,1.5011932849884033,1766520146048
0,1.4710052013397217,1766520146730
0,1.0452830791473389,1766520147663
0,1.2686524391174316,1766520148301
0,1.245085597038269,1766520149259
0,1.170156478881836,1766520150053
0,1.1002291440963745,1766520150748
0,1.18562912940979,1766520151693
0,1.280250072479248,1766520152369
0,1.607659101486206,1766520153225
0,1.0476598739624023,1766520153991
0,1.4230868816375732,1766520154768
0,0.921988844871521,1766520155713
0,0.934094250202179,1766520156383
0,1.3352879285812378,1766520157242
0,1.3395311832427979,1766520158033
0,1.18271803855896,1766520158731
0,1.1217775344848633,1766520159610
0,1.2696938514709473,1766520160277
0,1.126112937927246,1766520161192
0,1.1593554019927979,1766520161944
0,1.1630890369415283,1766520162644
0,0.808578610420227,1766520163655
0,0.9648540616035461,1766520164313
0,1.1659096479415894,1766520165300
0,0.8977001905441284,1766520166035
0,1.0713409185409546,1766520166784
0,1.18854820728302,1766520167760
0,1.1196457147598267,1766520168349
0,1.076169490814209,1766520169237
0,0.8898464441299438,1766520170020
0,0.6837397217750549,1766520170652
0,0.7018686532974243,1766520171584
0,0.8647760152816772,1766520172280
0,0.7419334650039673,1766520173069
0,0.6477500200271606,1766520173977
0,0.6509263515472412,1766520174630
0,1.0312697887420654,1766520175607
0,0.9685010313987732,1766520176328
0,0.593474268913269,1766520177143
0,1.0683841705322266,1766520178064
0,0.7046988010406494,1766520178759
0,0.9314553737640381,1766520179716
0,0.6335225105285645,1766520180427
0,0.7817620038986206,1766520181185
0,0.6463408470153809,1766520182083
0,0.6204698085784912,1766520182733
0,0.8132135272026062,1766520183667
0,0.7689567804336548,1766520184423
0,0.5607002973556519,1766520185145
0,0.6525788903236389,1766520186168
0,0.7975157499313354,1766520186801
0,1.2291417121887207,1766520187781
0,1.0350544452667236,1766520188554
0,0.9423934817314148,1766520189325
0,0.7739784717559814,1766520190218
0,0.7756152749061584,1766520190887
0,0.6019032001495361,1766520191771
0,0.6166547536849976,1766520192527
0,0.552230179309845,1766520193219
0,0.513399600982666,1766520194209
0,0.5477154850959778,1766520194862
0,0.7921946048736572,1766520195841
0,0.8343908190727234,1766520196589
0,0.7643157839775085,1766520197299
0,0.7737367153167725,1766520198276
0,0.7688398361206055,1766520198968
0,1.1410455703735352,1766520199909
0,0.9708874821662903,1766520200639
0,0.6664440035820007,1766520201362
0,0.7096256613731384,1766520202332
0,0.8939801454544067,1766520202957
0,0.4783781170845032,1766520203926
0,0.48083922266960144,1766520204717
0,0.5498756170272827,1766520205452
0,0.5549713373184204,1766520206437
0,0.6381313800811768,1766520207105
0,0.5925703644752502,1766520208026
0,0.6116231083869934,1766520208772
0,0.316491037607193,1766520209446
0,0.4244316816329956,1766520210348
0,0.573701798915863,1766520210963
0,0.26567697525024414,1766520211704
0,0.5220668315887451,1766520212637
0,0.5849177241325378,1766520213297
0,0.48780176043510437,1766520214272
0,0.303865909576416,1766520214991
0,0.48921602964401245,1766520215759
0,0.5010523796081543,1766520216708
0,0.6446869969367981,1766520217353
0,0.5554088354110718,1766520218359
0,0.6862751245498657,1766520219062
0,0.3978525996208191,1766520219745
0,0.5762697458267212,1766520220728
0,0.27144917845726013,1766520221367
0,0.44845977425575256,1766520222336
0,0.509169340133667,1766520223029
0,0.34743285179138184,1766520223696
0,0.4381449818611145,1766520224673
0,0.5065187215805054,1766520225289
0,0.5515966415405273,1766520225959
0,0.46529704332351685,1766520226900
0,0.5283838510513306,1766520227491
0,0.568591833114624,1766520228400
0,0.4251856803894043,1766520229122
0,0.36336416006088257,1766520229792
0,0.5226730108261108,1766520230638
0,0.46300792694091797,1766520231279
0,0.5674431324005127,1766520231966
0,0.5315729379653931,1766520232891
0,0.7128961682319641,1766520233511
0,0.5403761863708496,1766520234526
0,0.46286821365356445,1766520235226
0,0.5200005769729614,1766520235907
0,0.3267883360385895,1766520236897
0,0.38012075424194336,1766520237517
0,0.5780940055847168,1766520238334
0,0.37332549691200256,1766520239208
0,0.6197689175605774,1766520239872
0,0.4573805630207062,1766520240926
0,0.4082725942134857,1766520241611
0,0.4007852375507355,1766520242455
0,0.5171713829040527,1766520243271
0,0.40976905822753906,1766520243951
0,0.5847117900848389,1766520244936
0,0.7600300312042236,1766520245581
0,0.5204137563705444,1766520246365
0,0.6711142659187317,1766520247192
0,0.18606092035770416,1766520247862
0,0.373906672000885,1766520248803
0,0.3043947219848633,1766520249470
0,0.4691418707370758,1766520250212
0,0.23618537187576294,1766520251174
0,0.4172818958759308,1766520251791
0,0.40153393149375916,1766520252790
0,0.532801628112793,1766520253460
0,0.3490946590900421,1766520254142
0,0.34159237146377563,1766520255111
0,0.695995569229126,1766520255764
0,0.3142600655555725,1766520256760
0,0.31409019231796265,1766520257484
0,0.6075468063354492,1766520258135
0,0.29420411586761475,1766520259055
0,0.31833744049072266,1766520259728
0,0.4807548522949219,1766520260510
0,0.23424403369426727,1766520261351
0,0.6240247488021851,1766520262024
0,0.3211417496204376,1766520263017
0,0.2937505841255188,1766520263707
0,0.1988253891468048,1766520264547
0,0.2653767168521881,1766520265451
0,0.2209286242723465,1766520266136
0,0.419048547744751,1766520267180
0,0.23633724451065063,1766520267800
0,0.512649416923523,1766520268472
0,0.25614386796951294,1766520269407
0,0.37873589992523193,1766520270037
0,0.5044329166412354,1766520270944
0,0.33980271220207214,1766520271659
0,0.377291202545166,1766520272368
0,0.6024836897850037,1766520273389
0,0.28378692269325256,1766520274034
0,0.4361444115638733,1766520274969
0,0.2887417674064636,1766520275651
0,0.22668173909187317,1766520276335
0,0.4007020592689514,1766520277293
0,0.19752585887908936,1766520277901
0,0.3032827079296112,1766520278705
0,0.3777044415473938,1766520279591
0,0.3690425455570221,1766520280297
0,0.44050267338752747,1766520281191
0,0.3260895907878876,1766520281819
0,0.7087900638580322,1766520282597
0,0.19118757545948029,1766520283466
0,0.3163512647151947,1766520284071
0,0.4120556712150574,1766520284993
0,0.26220715045928955,1766520285724
0,0.23521752655506134,1766520286343
0,0.447657972574234,1766520287356
0,0.08822722733020782,1766520288027
0,0.33296388387680054,1766520288839
0,0.27207714319229126,1766520289701
0,0.3303242325782776,1766520290432
0,0.3842507004737854,1766520291419
0,0.6900089979171753,1766520292091
0,0.2919650077819824,1766520292803
0,0.5114092826843262,1766520293680
0,0.5067643523216248,1766520294363
0,0.19175320863723755,1766520295369
0,0.26992493867874146,1766520296075
0,0.1372440755367279,1766520296819
0,0.40227746963500977,1766520297715
0,0.38064002990722656,1766520298382
0,0.22896918654441833,1766520299372
0,0.43391454219818115,1766520300087
0,0.6572934985160828,1766520300817
0,0.259132444858551,1766520301774
0,0.3237003684043884,1766520302402
0,0.5198094844818115,1766520303383
0,0.46683213114738464,1766520304040
0,0.38982081413269043,1766520304732
0,0.3714386820793152,1766520305652
0,0.6274899840354919,1766520306382
0,0.6865484714508057,1766520307199
0,0.32429182529449463,1766520308023
0,0.2545675039291382,1766520308639
0,0.15769413113594055,1766520309627
0,0.28295502066612244,1766520310291
0,0.683448076248169,1766520310986
0,0.6135503053665161,1766520311995
0,0.28205057978630066,1766520312588
0,0.40409985184669495,1766520313469
0,0.16178342700004578,1766520314251
0,0.46677014231681824,1766520314897
0,0.3432304561138153,1766520315865
0,0.3703785240650177,1766520316469
0,0.22727806866168976,1766520317205
0,0.2299775630235672,1766520318185
0,0.38028401136398315,1766520318759
0,0.5451955199241638,1766520319560
0,0.476081907749176,1766520320370
0,0.2926950454711914,1766520321089
0,0.19819524884223938,1766520322022
0,0.20420211553573608,1766520322689
0,0.4115053117275238,1766520323547
0,0.44970306754112244,1766520324442
0,0.43211618065834045,1766520325101
0,0.481975257396698,1766520326090
0,0.39293622970581055,1766520326821
0,0.2740401029586792,1766520327703
0,0.8884214162826538,1766520328525
0,0.41903042793273926,1766520329211
0,0.5503005385398865,1766520330184
0,0.4256633520126343,1766520330844
0,0.18226656317710876,1766520331591
0,0.3149104714393616,1766520332500
0,0.23244605958461761,1766520333101
0,0.3061285614967346,1766520334024
0,0.2056131660938263,1766520334797
0,0.6087469458580017,1766520335512
0,0.5972495079040527,1766520336510
0,0.3701249361038208,1766520337148
0,0.18541446328163147,1766520338028
0,0.6011990308761597,1766520338810
0,0.5871585607528687,1766520339472
0,0.4324871301651001,1766520340437
0,0.42123618721961975,1766520341084
0,0.22090694308280945,1766520341741
0,0.30191728472709656,1766520342690
0,0.2881523370742798,1766520343319
0,0.45954781770706177,1766520344284
0,0.4201813340187073,1766520345005
0,0.14050936698913574,1766520345724
0,0.24677450954914093,1766520346615
0,0.23593208193778992,1766520347227
0,0.2944488227367401,1766520347968
0,0.33235034346580505,1766520348828
0,0.194608673453331,1766520349438
0,0.3163621425628662,1766520350290
0,0.33042585849761963,1766520350974
0,0.15951544046401978,1766520351606
0,0.17466393113136292,1766520352449
0,0.40699952840805054,1766520353066
0,0.20518118143081665,1766520353660
0,0.14730948209762573,1766520354480
0,0.36253291368484497,1766520355068
0,0.326768159866333,1766520355728
0,0.2743265628814697,1766520356631
0,0.5039529800415039,1766520357176
0,0.28442516922950745,1766520357946
0,0.44284588098526,1766520358889
0,0.20961324870586395,1766520359504
0,0.3364294171333313,1766520360338
0,0.1894225776195526,1766520360901
0,0.29465317726135254,1766520361552
0,0.3115728497505188,1766520362486
0,0.2141239196062088,1766520363094
0,0.25978875160217285,1766520363921
0,0.5628671646118164,1766520364674
0,0.22169551253318787,1766520365283
0,0.3509041965007782,1766520366311
0,0.11941644549369812,1766520367008
0,0.1531406044960022,1766520367762
0,0.22390039265155792,1766520368677
0,0.1566949188709259,1766520369325
0,0.2991921007633209,1766520370344
0,0.5277225375175476,1766520371025
0,0.11489513516426086,1766520371766
0,0.2556214928627014,1766520372730
0,0.24517077207565308,1766520373341
0,0.22937841713428497,1766520374324
0,0.07450494915246964,1766520375051
0,0.33799394965171814,1766520375786
0,0.2039109170436859,1766520376735
0,0.2717283070087433,1766520377347
0,0.41300004720687866,1766520378223
0,0.4288806617259979,1766520379033
0,0.2797059714794159,1766520379713
0,0.36292093992233276,1766520380692
0,0.30075520277023315,1766520381341
0,0.300536572933197,1766520382131
0,0.14734262228012085,1766520383081
0,0.09714438766241074,1766520383695
0,0.24134042859077454,1766520384692
0,0.4209442138671875,1766520385413
0,0.44099608063697815,1766520386162
0,0.06890815496444702,1766520387013
0,0.2798686921596527,1766520387649
0,0.2208123803138733,1766520388585
0,0.3644409775733948,1766520389302
0,0.30106469988822937,1766520389918
0,0.1078231930732727,1766520390882
0,0.4832582473754883,1766520391484
0,0.30605751276016235,1766520392140
0,0.21777279675006866,1766520393089
0,0.277724027633667,1766520393752
0,0.3826454281806946,1766520394642
0,0.19313710927963257,1766520395422
0,0.2693181037902832,1766520396098
0,0.31364941596984863,1766520397040
0,0.15299636125564575,1766520397715
0,0.21502520143985748,1766520398575
0,0.44163978099823,1766520399398
0,0.3895663321018219,1766520400016
0,0.3457038998603821,1766520401047
0,0.27210426330566406,1766520401811
0,0.13073676824569702,1766520402617
0,0.14012262225151062,1766520403462
0,0.21000148355960846,1766520404054
0,0.27299243211746216,1766520404981
0,0.28992944955825806,1766520405660
0,0.24296168982982635,1766520406377
0,0.17237111926078796,1766520407293
0,0.11039461195468903,1766520407913
0,0.24445852637290955,1766520408732
0,0.4898539185523987,1766520409579
0,0.6018936634063721,1766520410224
0,0.18086837232112885,1766520411191
0,0.08955305814743042,1766520411840
0,0.2025609016418457,1766520412542
0,0.19504159688949585,1766520413433
0,0.13746601343154907,1766520414027
0,0.18091052770614624,1766520414858
0,0.549845814704895,1766520415604
0,0.30990391969680786,1766520416218
0,0.3118762671947479,1766520417172
0,0.18567298352718353,1766520417855
0,0.1782868653535843,1766520418653
0,0.2597348093986511,1766520419531
0,0.10161770135164261,1766520420162
0,0.13996076583862305,1766520421231
0,0.1253083497285843,1766520421895
0,0.26558560132980347,1766520422621
0,0.2361142635345459,1766520423492
0,0.28220969438552856,1766520424116
0,0.16644534468650818,1766520424988
0,0.20240595936775208,1766520425785
0,0.30393296480178833,1766520426545
0,0.1512351632118225,1766520427511
0,0.1792881041765213,1766520428168
0,0.4155760407447815,1766520429099
0,0.14916940033435822,1766520429946
0,0.20924459397792816,1766520430613
0,0.4350799322128296,1766520431635
0,0.21727856993675232,1766520432290
0,0.2148776650428772,1766520433118
0,0.1363154649734497,1766520433948
0,0.34636741876602173,1766520434631
0,0.3702009916305542,1766520435577
0,0.2494959533214569,1766520436281
0,0.26374706625938416,1766520437020
0,0.16254732012748718,1766520437986
0,0.10562427341938019,1766520438616
0,0.3914201855659485,1766520439650
0,0.3108190894126892,1766520440353
0,0.31953614950180054,1766520441103
0,0.1355505734682083,1766520442057
0,0.3125353455543518,1766520442702
0,0.28512826561927795,1766520443737
0,0.26617586612701416,1766520444445
0,0.26571211218833923,1766520445249
0,0.34828516840934753,1766520446118
0,0.23074489831924438,1766520446763
0,0.18706737458705902,1766520447784
0,0.2809213399887085,1766520448451
0,0.3890347480773926,1766520449175
0,0.30446434020996094,1766520450144
0,0.3307754397392273,1766520450788
0,0.5323455929756165,1766520451770
0,0.25528645515441895,1766520452487
0,0.22932074964046478,1766520453235
0,0.3054622411727905,1766520454195
0,0.17638851702213287,1766520454846
0,0.1374528557062149,1766520455853
0,0.11469855904579163,1766520456563
0,0.1400592029094696,1766520457315
0,0.34852057695388794,1766520458247
0,0.3080839216709137,1766520458900
0,0.301996648311615,1766520459811
0,0.3756207227706909,1766520460531
0,0.3932899236679077,1766520461285
0,0.3138815760612488,1766520462232
0,0.13456317782402039,1766520462876
0,0.46471309661865234,1766520463833
0,0.16446152329444885,1766520464546
0,0.3401015102863312,1766520465273
0,0.23295360803604126,1766520466256
0,0.2402026206254959,1766520466904
0,0.11945347487926483,1766520467823
0,0.23326510190963745,1766520468585
0,0.18383964896202087,1766520469301
0,0.30552083253860474,1766520470250
0,0.35611456632614136,1766520470867
0,0.43868288397789,1766520471706
0,0.23253586888313293,1766520472517
0,0.20339009165763855,1766520473193
0,0.23931029438972473,1766520474112
0,0.11529334634542465,1766520474767
0,0.1601485311985016,1766520475600
0,0.2634791135787964,1766520476423
0,0.20850065350532532,1766520477048
0,0.25508636236190796,1766520478073
0,0.27752774953842163,1766520478809
0,0.15289199352264404,1766520479516
0,0.2632320523262024,1766520480432
0,0.12345144897699356,1766520481027
0,0.1480141580104828,1766520481947
0,0.2191687524318695,1766520482626
0,0.11032994091510773,1766520483259
0,0.2769288420677185,1766520484228
0,0.5094537734985352,1766520484830
0,0.05705757439136505,1766520485587
0,0.1653001606464386,1766520486495
0,0.16377127170562744,1766520487115
0,0.20695918798446655,1766520488087
0,0.0306457057595253,1766520488768
0,0.09002199023962021,1766520489417
0,0.07367665320634842,1766520490345
0,0.34703928232192993,1766520490995
0,0.11634725332260132,1766520491793
0,0.2801467776298523,1766520492736
0,0.2896602153778076,1766520493376
0,0.35815465450286865,1766520494354
0,0.15386107563972473,1766520495060
0,0.25752729177474976,1766520495772
0,0.46433597803115845,1766520496778
0,0.09979361295700073,1766520497403
0,0.32466578483581543,1766520498260
0,0.21884553134441376,1766520499065
0,0.9553499221801758,1766520499698
0,0.21812304854393005,1766520500683
0,0.4272896647453308,1766520501381
0,0.20523154735565186,1766520502215
0,0.05032256990671158,1766520503034
0,0.22007295489311218,1766520503733
0,0.1602950245141983,1766520504722
0,0.317947119474411,1766520505362
0,0.2204447239637375,1766520506116
0,0.2159937024116516,1766520506994
0,0.10557281970977783,1766520507643
0,0.3609378933906555,1766520508525
0,0.18774990737438202,1766520509261
0,0.21605302393436432,1766520509902
0,0.30323663353919983,1766520510891
0,0.19818350672721863,1766520511554
0,0.49877598881721497,1766520512262
0,0.2190665304660797,1766520513153
0,0.16133369505405426,1766520513766
0,0.11473753303289413,1766520514562
0,0.18098130822181702,1766520515387
0,0.20830225944519043,1766520515972
0,0.3431483209133148,1766520516889
0,0.11399563401937485,1766520517660
0,0.14500299096107483,1766520518348
0,0.19116711616516113,1766520519344
0,0.501952588558197,1766520519981
0,0.2578074634075165,1766520520757
0,0.08980943262577057,1766520521539
0,0.1810387670993805,1766520522142
0,0.1079777181148529,1766520523045
0,0.34267720580101013,1766520523766
0,0.27217596769332886,1766520524434
0,0.24430543184280396,1766520525358
0,0.14368847012519836,1766520525992
0,0.044474001973867416,1766520526917
0,0.21398207545280457,1766520527703
0,0.10442402958869934,1766520528426
0,0.15648356080055237,1766520529400
0,0.3518402874469757,1766520530076
0,0.09705813974142075,1766520530988
0,0.1770780086517334,1766520531818
0,0.05121789500117302,1766520532489
0,0.19938740134239197,1766520533428
0,0.2549225687980652,1766520534035
0,0.12184867262840271,1766520534820
0,0.09340989589691162,1766520535710
0,0.11985727399587631,1766520536315
0,0.1342840939760208,1766520537302
0,0.16270627081394196,1766520537958
0,0.19937776029109955,1766520538724
0,0.19218125939369202,1766520539628
0,0.2478247880935669,1766520540288
0,0.23688797652721405,1766520541230
0,0.03029537759721279,1766520541935
0,0.1409914493560791,1766520542629
0,0.08813317865133286,1766520543616
0,0.08569513261318207,1766520544258
0,0.3307051658630371,1766520545099
0,0.2761108875274658,1766520545920
0,0.13202142715454102,1766520546653
0,0.4710392355918884,1766520547623
0,0.3338980972766876,1766520548254
0,0.0709657147526741,1766520548987
0,0.03992672637104988,1766520549863
0,0.1968580186367035,1766520550555
0,0.17077697813510895,1766520551513
0,0.5330229997634888,1766520552236
0,0.424087792634964,1766520553101
0,0.2799662947654724,1766520553993
0,0.226454496383667,1766520554640
0,0.14663705229759216,1766520555656
0,0.0712364912033081,1766520556362
0,0.37503206729888916,1766520557159
0,0.3544899523258209,1766520558075
0,0.18736836314201355,1766520558744
0,0.17915798723697662,1766520559723
0,0.1893165111541748,1766520560379
0,0.18734872341156006,1766520561122
0,0.18884378671646118,1766520562050
0,0.16185611486434937,1766520562691
0,0.1609490066766739,1766520563528
0,0.062479764223098755,1766520564263
0,0.532763659954071,1766520564903
0,0.22624647617340088,1766520565856
0,0.1869407594203949,1766520566479
0,0.3252137303352356,1766520567157
0,0.24267679452896118,1766520568159
0,0.23966896533966064,1766520568792
0,0.1464124619960785,1766520569707
0,0.20976364612579346,1766520570479
0,0.1395115852355957,1766520571169
0,0.15843109786510468,1766520572127
0,0.12453579157590866,1766520572732
0,0.3584059476852417,1766520573583
0,0.22116929292678833,1766520574349
0,0.25626420974731445,1766520574949
0,0.09421475976705551,1766520575916
0,0.23918893933296204,1766520576628
0,0.1356123685836792,1766520577376
0,0.2704514265060425,1766520578319
0,0.08432097733020782,1766520578970
0,0.15040069818496704,1766520579875
0,0.2723601758480072,1766520580620
0,0.24787884950637817,1766520581362
0,0.1988803744316101,1766520582349
0,0.20813298225402832,1766520583001
0,0.2550162672996521,1766520583946
0,0.1766587793827057,1766520584588
0,0.03075351193547249,1766520585210
0,0.40237247943878174,1766520586172
0,0.2550893723964691,1766520586829
0,0.07598723471164703,1766520587471
0,0.32371342182159424,1766520588394
0,0.21824252605438232,1766520588990
0,0.35574159026145935,1766520589875
0,0.4591541886329651,1766520590624
0,0.06759709864854813,1766520591287
0,0.164315864443779,1766520592234
0,0.257576584815979,1766520592863
0,0.14620104432106018,1766520593566
0,0.13757577538490295,1766520594521
0,0.24634066224098206,1766520595140
0,0.13743051886558533,1766520596014
0,0.1266380250453949,1766520596789
0,0.14607742428779602,1766520597459
0,0.35148656368255615,1766520598407
0,0.08740121126174927,1766520599068
0,0.28285181522369385,1766520599904
0,0.3588658571243286,1766520600778
0,0.1657419353723526,1766520601394
0,0.02623344212770462,1766520602364
0,0.12252716720104218,1766520603006
0,0.13719016313552856,1766520603713
0,0.06229560077190399,1766520604693
0,0.06242872774600983,1766520605333
0,0.20359815657138824,1766520606343
0,0.22428351640701294,1766520607023
0,0.3277372419834137,1766520607785
0,0.14264357089996338,1766520608753
0,0.29385218024253845,1766520609391
0,0.21487104892730713,1766520610217
0,0.10980834066867828,1766520611025
0,0.6587045788764954,1766520611676
0,0.10698819905519485,1766520612591
0,0.05004938319325447,1766520613251
0,0.024258935824036598,1766520613898
0,0.2576524615287781,1766520614815
0,0.10334774851799011,1766520615454
0,0.16213852167129517,1766520616263
0,0.11776413023471832,1766520617119
0,0.23811621963977814,1766520617753
0,0.11648062616586685,1766520618734
0,0.1229446679353714,1766520619471
0,0.10537436604499817,1766520620256
0,0.24538040161132812,1766520621164
0,0.057347968220710754,1766520621785
0,0.10623380541801453,1766520622800
0,0.32494691014289856,1766520623506
0,0.14245207607746124,1766520624241
0,0.21894976496696472,1766520625137
0,0.029363665729761124,1766520625752
0,0.14600983262062073,1766520626651
0,0.41961824893951416,1766520627383
0,0.16723725199699402,1766520628063
0,0.04234705865383148,1766520629006
0,0.21589423716068268,1766520629636
0,0.30151182413101196,1766520630475
0,0.43531984090805054,1766520631329
0,0.13814973831176758,1766520631994
0,0.17724967002868652,1766520633009
0,0.2628231644630432,1766520633722
0,0.13503265380859375,1766520634515
0,0.15881359577178955,1766520635312
0,0.1857873797416687,1766520635969
0,0.17827418446540833,1766520636927
0,0.08609351515769958,1766520637622
0,0.10419473797082901,1766520638271
0,0.10655239224433899,1766520639199
0,0.28343141078948975,1766520639796
0,0.25252053141593933,1766520640581
0,0.18053492903709412,1766520641436
0,0.12694013118743896,1766520642108
0,0.23831187188625336,1766520643053
0,0.2592144012451172,1766520643725
0,0.04844189062714577,1766520644391
0,0.304838627576828,1766520645323
0,0.03871586173772812,1766520645942
0,0.21160124242305756,1766520646847
0,0.12611767649650574,1766520647640
0,0.09080290794372559,1766520648354
0,0.1889118105173111,1766520649290
0,0.47200584411621094,1766520649972
0,0.15570983290672302,1766520650784
0,0.22922569513320923,1766520651613
0,0.46785229444503784,1766520652290
0,0.14907078444957733,1766520653293
0,0.18423005938529968,1766520653953
0,0.19051411747932434,1766520654764
0,0.36693644523620605,1766520655721
0,0.2621745765209198,1766520656383
0,0.13445797562599182,1766520657438
0,0.2712903916835785,1766520658071
0,0.09305235743522644,1766520658864
0,0.10176227241754532,1766520659806
0,0.1498444825410843,1766520660429
0,0.24385178089141846,1766520661391
0,0.164305180311203,1766520662106
0,0.17540998756885529,1766520662764
0,0.1603044867515564,1766520663694
0,0.1831064522266388,1766520664321
0,0.12437494099140167,1766520665108
0,0.19897744059562683,1766520666022
0,0.07994268834590912,1766520666708
0,0.36523348093032837,1766520667683
0,0.24533908069133759,1766520668353
0,0.08256609737873077,1766520669137
0,0.16642612218856812,1766520670081
0,0.14630591869354248,1766520670766
0,0.5852968096733093,1766520671705
0,0.11376896500587463,1766520672406
0,0.29110997915267944,1766520673196
0,0.146676167845726,1766520674115
0,0.07941678911447525,1766520674781
0,0.051993370056152344,1766520675714
0,0.10862439125776291,1766520676473
0,0.3148261606693268,1766520677223
0,0.3286170959472656,1766520678110
0,0.00789441354572773,1766520678745
0,0.06064610555768013,1766520679688
0,0.4191473424434662,1766520680431
0,0.37364745140075684,1766520681109
0,0.17502634227275848,1766520682091
0,0.15228816866874695,1766520682752
0,0.3526029884815216,1766520683693
0,0.1391884982585907,1766520684472
0,0.04064694792032242,1766520685154
0,0.234799325466156,1766520686136
0,0.27528733015060425,1766520686832
0,0.18358957767486572,1766520687774
0,0.5300512313842773,1766520688575
0,0.16522914171218872,1766520689303
0,0.08637812733650208,1766520690279
0,0.2485906034708023,1766520690899
0,0.07316108047962189,1766520691761
0,0.4266507625579834,1766520692586
0,0.28726378083229065,1766520693274
0,0.12086151540279388,1766520694250
0,0.24274060130119324,1766520694886
0,0.12840789556503296,1766520695802
0,0.09781789779663086,1766520696630
0,0.22006291151046753,1766520697355
0,0.1162213385105133,1766520698379
0,0.2678503096103668,1766520699024
0,0.13110503554344177,1766520699828
0,0.150763601064682,1766520700670
0,0.5697656869888306,1766520701353
0,0.08059446513652802,1766520702336
0,0.1016962081193924,1766520703044
0,0.2832963764667511,1766520703773
0,0.17161576449871063,1766520704636
0,0.2969103455543518,1766520705259
0,0.3217950463294983,1766520706251
0,0.142978698015213,1766520706897
0,0.07349494844675064,1766520707661
0,0.18631744384765625,1766520708584
0,0.11108334362506866,1766520709245
0,0.1811521351337433,1766520710092
0,0.16686689853668213,1766520710879
0,0.27318060398101807,1766520711551
0,0.2005065381526947,1766520712477
0,0.3703111410140991,1766520713144
0,0.11781905591487885,1766520713879
0,0.08233090490102768,1766520714777
0,0.19738605618476868,1766520715336
0,0.2100616693496704,1766520716308
0,0.08254295587539673,1766520717018
0,0.1461327075958252,1766520717741
0,0.19740979373455048,1766520718709
0,0.17901475727558136,1766520719357
0,0.35984280705451965,1766520720295
0,0.16544859111309052,1766520721050
0,0.23035651445388794,1766520721722
0,0.32604777812957764,1766520722626
0,0.1381252408027649,1766520723340
0,0.29117563366889954,1766520724189
0,0.12139333784580231,1766520725111
0,0.3054584860801697,1766520725912
0,0.1852937638759613,1766520726857
0,0.19652186334133148,1766520727475
0,0.22138704359531403,1766520728324
0,0.09590980410575867,1766520729163
0,0.23328864574432373,1766520729853
0,0.2928176522254944,1766520730842
0,0.17988796532154083,1766520731482
0,0.05041039362549782,1766520732329
0,0.2364894300699234,1766520733182
0,0.18255554139614105,1766520733765
0,0.17460839450359344,1766520734765
0,0.2094322144985199,1766520735371
0,0.014622979797422886,1766520736158
0,0.09810195863246918,1766520737028
0,0.150008425116539,1766520738612
0,0.27722012996673584,1766520739367
0,0.10963265597820282,1766520740070
0,0.35294923186302185,1766520741001
0,0.24387973546981812,1766520741640
0,0.12145521491765976,1766520742585
0,0.14611436426639557,1766520743428
0,0.2318287193775177,1766520744074
0,0.1404137909412384,1766520745058
0,0.22522948682308197,1766520745723
0,0.2651579976081848,1766520746414
0,0.05195513367652893,1766520747355
0,0.16487683355808258,1766520747993
0,0.2006385177373886,1766520749043
0,0.1203317791223526,1766520749705
0,0.4673786759376526,1766520750434
0,0.12163670361042023,1766520751446
0,0.10975372046232224,1766520752066
0,0.3486810326576233,1766520753036
0,0.23131507635116577,1766520753734
0,0.1790112853050232,1766520754480
0,0.08034810423851013,1766520755394
0,0.0929056704044342,1766520755977
0,0.16426242887973785,1766520756841
0,0.06642380356788635,1766520757612
0,0.17352060973644257,1766520758256
0,0.2942490577697754,1766520759253
0,0.16503572463989258,1766520759900
0,0.2204398512840271,1766520760688
0,0.2228335291147232,1766520761532
0,0.10260380804538727,1766520762120
0,0.24609017372131348,1766520762980
0,0.35924071073532104,1766520763750
0,0.08707255125045776,1766520764474
0,0.18946896493434906,1766520765460
0,0.10943208634853363,1766520766048
0,0.17890878021717072,1766520766981
0,0.24250054359436035,1766520767765
0,0.2787264585494995,1766520768385
0,0.09293118119239807,1766520769347
0,0.17549753189086914,1766520770016
0,0.05771489813923836,1766520770742
0,0.12797832489013672,1766520771676
0,0.08086338639259338,1766520772291
0,0.12128022313117981,1766520773303
0,0.2642839550971985,1766520773998
0,0.030361855402588844,1766520774718
0,0.07295069098472595,1766520775652
0,0.1301870495080948,1766520776324
0,0.026566755026578903,1766520777219
0,0.11552956700325012,1766520777987
0,0.0937676876783371,1766520778744
0,0.0950886607170105,1766520779625
0,0.12931662797927856,1766520780250
0,0.0912962332367897,1766520781083
0,0.2757112383842468,1766520781880
0,0.10124435275793076,1766520782470
0,0.09151995182037354,1766520783446
0,0.45698708295822144,1766520784132
0,0.18694151937961578,1766520784981
0,0.1612805724143982,1766520785907
0,0.1544352024793625,1766520786547
0,0.11240363866090775,1766520787494
0,0.2467682957649231,1766520788202
0,0.12170495837926865,1766520788960
0,0.3469737470149994,1766520789916
0,0.13379627466201782,1766520790542
0,0.023778513073921204,1766520791443
0,0.09606384485960007,1766520792193
0,0.17367666959762573,1766520792886
0,0.19026656448841095,1766520793877
0,0.1570812612771988,1766520794548
0,0.12424080818891525,1766520795445
0,0.1440715193748474,1766520796296
0,0.08723188936710358,1766520796914
0,0.09681046009063721,1766520797951
0,0.11420395970344543,1766520798648
0,0.29035213589668274,1766520799573
0,0.0037091593258082867,1766520800418
0,0.3928787410259247,1766520801082
0,0.2987235486507416,1766520802070
0,0.13316500186920166,1766520802723
0,0.19004057347774506,1766520803553
0,0.099347323179245,1766520804368
0,0.12097600847482681,1766520804981
0,0.012160294689238071,1766520805977
0,0.04082377254962921,1766520806723
0,0.19763818383216858,1766520807485
0,0.0652441754937172,1766520808453
0,0.18639379739761353,1766520809061
0,0.11141935735940933,1766520809978
0,0.09348869323730469,1766520810693
0,0.09776164591312408,1766520811417
0,0.2745465636253357,1766520812362
0,0.08224259316921234,1766520812993
0,0.22403877973556519,1766520813856
0,0.37376680970191956,1766520814700
0,0.13092514872550964,1766520815407
0,0.2503393590450287,1766520816376
0,0.14561456441879272,1766520817021
0,0.1924852728843689,1766520817862
0,0.040955714881420135,1766520818647
0,0.467658668756485,1766520819301
0,0.412761926651001,1766520820235
0,0.07959912717342377,1766520820937
0,0.4017587900161743,1766520821759
0,0.12778978049755096,1766520822649
0,0.13852164149284363,1766520823291
0,0.12033065408468246,1766520824245
0,0.1746882200241089,1766520824940
0,0.054532911628484726,1766520825658
0,0.46223780512809753,1766520826612
0,0.2253245711326599,1766520827251
0,0.06484312564134598,1766520828110
0,0.2683825194835663,1766520828810
0,0.273296982049942,1766520829433
0,0.10734520852565765,1766520830445
0,0.04134314879775047,1766520831116
0,0.1598261445760727,1766520831858
0,0.06335071474313736,1766520832840
0,0.04321200028061867,1766520833586
0,0.16740107536315918,1766520834654
0,0.16316285729408264,1766520835333
0,0.04604585841298103,1766520836205
0,0.24409893155097961,1766520837034
0,0.2704758644104004,1766520837728
0,0.12909828126430511,1766520838717
0,0.15351539850234985,1766520839406
0,0.05591268837451935,1766520840309
0,0.19386917352676392,1766520841124
0,0.0349305085837841,1766520841820
0,0.1263824999332428,1766520842848
0,0.16173066198825836,1766520843499
0,0.11272186040878296,1766520844364
0,0.11138294637203217,1766520845217
0,0.13014553487300873,1766520845838
0,0.16682153940200806,1766520846814
0,0.03335621953010559,1766520847463
0,0.05291971564292908,1766520848190
0,0.015564989298582077,1766520849141
0,0.10121563076972961,1766520849768
0,0.1645445078611374,1766520850710
1,0.15953479707241058,1766520851498
1,0.10213585942983627,1766520852232
1,0.10394034534692764,1766520853204
1,0.5094833970069885,1766520853837
1,0.22016051411628723,1766520854645
1,0.04442837834358215,1766520855502
1,0.12251420319080353,1766520856187
1,0.13952362537384033,1766520857188
1,0.20575712621212006,1766520857856
1,0.11733151972293854,1766520858666
1,0.21846389770507812,1766520859516
1,0.20430700480937958,1766520860166
1,0.09248711168766022,1766520861129
1,0.3389418423175812,1766520861800
1,0.05837371200323105,1766520862621
1,0.22682073712348938,1766520863474
1,0.023850981146097183,1766520864140
1,0.18757043778896332,1766520865082
1,0.12862150371074677,1766520865745
1,0.08753342181444168,1766520866480
1,0.09553892910480499,1766520867483
1,0.15412569046020508,1766520868086
1,0.09782692790031433,1766520869054
1,0.03381151333451271,1766520869789
1,0.17081497609615326,1766520870494
1,0.0901743471622467,1766520871494
1,0.3990771174430847,1766520872117
1,0.3613058924674988,1766520873042
1,0.3991676867008209,1766520873772
1,0.03466930240392685,1766520874473
1,0.439011812210083,1766520875471
1,0.301055371761322,1766520876145
1,0.17237842082977295,1766520877093
1,0.05536913126707077,1766520877831
1,0.034108687192201614,1766520878549
1,0.36338213086128235,1766520879576
1,0.14021442830562592,1766520880224
1,0.27797332406044006,1766520881157
1,0.08616911619901657,1766520881956
1,0.07745243608951569,1766520882739
1,0.09104415774345398,1766520883697
1,0.11669207364320755,1766520884396
1,0.09515325725078583,1766520885267
1,0.1694391816854477,1766520885983
1,0.05035294592380524,1766520886722
1,0.1420029103755951,1766520887667
1,0.06091499701142311,1766520888308
1,0.2590416967868805,1766520889234
1,0.04352971166372299,1766520889961
1,0.046609193086624146,1766520890603
1,0.21152985095977783,1766520891633
1,0.1115046888589859,1766520892228
1,0.31601476669311523,1766520893092
1,0.08014288544654846,1766520893931
1,0.25087881088256836,1766520894600
1,0.10338589549064636,1766520895483
1,0.4026692509651184,1766520896168
1,0.19236643612384796,1766520896908
1,0.17638303339481354,1766520897844
1,0.1733705699443817,1766520898469
1,0.23808905482292175,1766520899355
1,0.12845385074615479,1766520900118
1,0.2956444323062897,1766520900713
1,0.2960479259490967,1766520901658
1,0.24389910697937012,1766520902334
1,0.2444590926170349,1766520903083
1,0.25880295038223267,1766520903971
1,0.15287497639656067,1766520904630
1,0.14059950411319733,1766520905586
1,0.4334198534488678,1766520906367
1,0.036128245294094086,1766520907046
1,0.09711630642414093,1766520908000
1,0.060580939054489136,1766520908634
1,0.16014835238456726,1766520909461
1,0.2990027070045471,1766520910197
1,0.12688305974006653,1766520910784
1,0.09658168256282806,1766520911745
1,0.3827100396156311,1766520912426
1,0.10254692286252975,1766520913163
1,0.07339142262935638,1766520914162
1,0.1303170770406723,1766520914795
1,0.11608943343162537,1766520915757
1,0.18518465757369995,1766520916449
1,0.2843893766403198,1766520917152
1,0.45721378922462463,1766520918096
1,0.25075194239616394,1766520918702
1,0.11777438968420029,1766520919617
1,0.12944993376731873,1766520920450
1,0.13371463119983673,1766520921148
1,0.30376124382019043,1766520922048
1,0.09459260106086731,1766520922703
1,0.08240724354982376,1766520923529
1,0.01333581656217575,1766520924447
1,0.12014926970005035,1766520925135
1,0.21505844593048096,1766520926116
1,0.10432168841362,1766520926823
1,0.09137044101953506,1766520927663
1,0.21753673255443573,1766520928521
1,0.15958772599697113,1766520929129
1,0.10970378667116165,1766520930136
1,0.2770005464553833,1766520930836
1,0.25409960746765137,1766520931589
1,0.14716017246246338,1766520932542
1,0.07734563946723938,1766520933181
1,0.07134204357862473,1766520934138
1,0.017081134021282196,1766520934822
1,0.13697513937950134,1766520935492
1,0.30193352699279785,1766520936470
1,0.3165304362773895,1766520937091
1,0.07714914530515671,1766520938074
1,0.06188597530126572,1766520938848
1,0.1660396158695221,1766520939538
1,0.11377718299627304,1766520940504
1,0.1800321489572525,1766520941137
1,0.15651069581508636,1766520942044
1,0.09856449067592621,1766520942818
1,0.14477281272411346,1766520943439
1,0.29117918014526367,1766520944382
1,0.25416702032089233,1766520945042
1,0.07799433171749115,1766520945783
1,0.30701830983161926,1766520946747
1,0.14272373914718628,1766520947376
1,0.17952196300029755,1766520948268
1,0.30683434009552,1766520949001
1,0.02493448555469513,1766520949707
1,0.04921495169401169,1766520950693
1,0.05420195311307907,1766520951393
1,0.4101574420928955,1766520952331
1,0.17707835137844086,1766520953034
1,0.17984814941883087,1766520953685
1,0.19107966125011444,1766520954586
1,0.07210320234298706,1766520955200
1,0.15076038241386414,1766520955887
1,0.06532129645347595,1766520956864
1,0.029578497633337975,1766520957467
1,0.26765328645706177,1766520958393
1,0.11349377781152725,1766520959132
1,0.08669024705886841,1766520959722
1,0.3210330009460449,1766520960614
1,0.2448870688676834,1766520961320
1,0.05457201972603798,1766520962070
1,0.06834286451339722,1766520963007
1,0.2121434509754181,1766520963655
1,0.23158514499664307,1766520964636
1,0.2572503387928009,1766520965388
1,0.1472795307636261,1766520966119
1,0.003295125439763069,1766520967068
1,0.2662440240383148,1766520967710
1,0.1584763377904892,1766520968623
1,0.05256356671452522,1766520969399
1,0.24305492639541626,1766520970061
1,0.12115848064422607,1766520971019
1,0.09777765721082687,1766520971651
1,0.39813464879989624,1766520972532
1,0.11560740321874619,1766520973359
1,0.05138672515749931,1766520973992
1,0.21130403876304626,1766520974943
1,0.10023947060108185,1766520975648
1,0.10078729689121246,1766520976365
1,0.15507546067237854,1766520977321
1,0.0940871387720108,1766520977954
1,0.1824570894241333,1766520978840
1,0.0569145567715168,1766520979597
1,0.2564201056957245,1766520980330
1,0.10683764517307281,1766520981319
1,0.08113960921764374,1766520981989
1,0.07313207536935806,1766520982862
1,0.15864144265651703,1766520983651
1,0.15782976150512695,1766520984295
1,0.14144980907440186,1766520985254
1,0.04574751481413841,1766520985929
1,0.05671214312314987,1766520986672
1,0.04715658724308014,1766520987558
1,0.22519999742507935,1766520988177
1,0.17724020779132843,1766520989176
1,0.2360607087612152,1766520989921
1,0.24607662856578827,1766520990754
1,0.14151045680046082,1766520991681
1,0.05641385167837143,1766520992297
1,0.1219315230846405,1766520993276
1,0.12910676002502441,1766520993924
1,0.20997564494609833,1766520994685
1,0.08834081888198853,1766520995629
1,0.04975693300366402,1766520996303
1,0.09949804097414017,1766520997286
1,0.0806877538561821,1766520998004
1,0.107319176197052,1766520998769
1,0.025559227913618088,1766520999708
1,0.2295166254043579,1766521000356
1,0.14240801334381104,1766521001277
1,0.201677143573761,1766521002016
1,0.09248402714729309,1766521002750
1,0.4140963852405548,1766521003732
1,0.1948084831237793,1766521004384
1,0.3605165183544159,1766521005391
1,0.17449671030044556,1766521006050
1,0.35441717505455017,1766521006703
1,0.1415065973997116,1766521007658
1,0.2222059667110443,1766521008317
1,0.3670971393585205,1766521009218
1,0.06258953362703323,1766521010006
1,0.20774248242378235,1766521010720
1,0.3055024743080139,1766521011697
1,0.27525556087493896,1766521012342
1,0.1588226854801178,1766521013130
1,0.028825920075178146,1766521013962
1,0.18482649326324463,1766521014649
1,0.08438294380903244,1766521015672
1,0.16416265070438385,1766521016343
1,0.10478149354457855,1766521017151
1,0.2006034106016159,1766521018066
1,0.1123613491654396,1766521018735
1,0.14385785162448883,1766521019729
1,0.20207853615283966,1766521020398
1,0.2777958810329437,1766521021126
1,0.2389814704656601,1766521021989
1,0.18638773262500763,1766521022611
1,0.041796762496232986,1766521023576
1,0.17107927799224854,1766521024300
1,0.15105721354484558,1766521024981
1,0.2546502649784088,1766521025896
1,0.03611595928668976,1766521026577
1,0.09646841138601303,1766521027473
1,0.01204240508377552,1766521028192
1,0.5272393822669983,1766521028819
1,0.15759067237377167,1766521029757
1,0.08088509738445282,1766521030401
1,0.2370992749929428,1766521031103
1,0.14190860092639923,1766521032063
1,0.160751610994339,1766521032724
1,0.12363949418067932,1766521033705
1,0.14290300011634827,1766521034415
1,0.0719795897603035,1766521035144
1,0.16965773701667786,1766521036075
1,0.032530445605516434,1766521036688
1,0.17690716683864594,1766521037634
1,0.08844418823719025,1766521038293
1,0.06521864980459213,1766521038984
1,0.09220501780509949,1766521039957
1,0.2296789586544037,1766521040553
1,0.136037677526474,1766521041409
1,0.13757921755313873,1766521042210
1,0.10765078663825989,1766521042889
1,0.08773250877857208,1766521043830
1,0.08637875318527222,1766521044427
1,0.19807815551757812,1766521045199
1,0.0273304246366024,1766521046112
1,0.20422518253326416,1766521046792
1,0.011856917291879654,1766521047805
1,0.13813665509223938,1766521048458
1,0.24433889985084534,1766521049158
1,0.13542810082435608,1766521050078
1,0.07607420533895493,1766521050725
1,0.13676202297210693,1766521051620
1,0.09649482369422913,1766521052406
1,0.260323703289032,1766521053131
1,0.23107117414474487,1766521054056
1,0.2605951130390167,1766521054690
1,0.016646672040224075,1766521055623
1,0.40040087699890137,1766521056385
1,0.07706829160451889,1766521057101
1,0.07461562752723694,1766521058052
1,0.22947870194911957,1766521058664
1,0.1987476348876953,1766521059417
1,0.32933300733566284,1766521060357
1,0.04911356791853905,1766521060968
1,0.11136037111282349,1766521061930
1,0.07214849442243576,1766521062598
1,0.05874767154455185,1766521063286
1,0.05896133929491043,1766521064222
1,0.29447174072265625,1766521064843
1,0.031725116074085236,1766521065680
1,0.06172781437635422,1766521066542
1,0.024528248235583305,1766521067234
1,0.10574324429035187,1766521068218
1,0.13534888625144958,1766521068893
1,0.09511756896972656,1766521069694
1,0.1208844929933548,1766521070555
1,0.20839573442935944,1766521071194
1,0.13799245655536652,1766521072165
1,0.06115111708641052,1766521072825
1,0.19202958047389984,1766521073495
1,0.08022917807102203,1766521074470
1,0.021578676998615265,1766521075066
1,0.2214440107345581,1766521075891
1,0.19402790069580078,1766521076706
1,0.1611146330833435,1766521077409
1,0.09741394221782684,1766521078328
1,0.0613732635974884,1766521079004
1,0.221588134765625,1766521079805
1,0.022830486297607422,1766521080648
1,0.11578550934791565,1766521081252
1,0.21862071752548218,1766521082210
1,0.2939087450504303,1766521082916
1,0.1073407381772995,1766521083701
1,0.2029358148574829,1766521084611
1,0.03214745596051216,1766521085264
1,0.14554737508296967,1766521086287
1,0.05806256830692291,1766521086978
1,0.14923232793807983,1766521087704
1,0.03013565205037594,1766521088667
1,0.06116144359111786,1766521089321
1,0.24837492406368256,1766521090278
1,0.25614097714424133,1766521091032
1,0.04320325329899788,1766521091826
1,0.08990027755498886,1766521092738
1,0.03867669776082039,1766521093376
1,0.16902855038642883,1766521094275
1,0.1339997500181198,1766521095064
1,0.12294355779886246,1766521095750
1,0.15696613490581512,1766521096799
1,0.35499054193496704,1766521097439
1,0.017590509727597237,1766521098311
1,0.024984566494822502,1766521099118
1,0.08772706985473633,1766521099800
1,0.10718017816543579,1766521100743
1,0.18903253972530365,1766521101421
1,0.0856645405292511,1766521102303
1,0.023728396743535995,1766521103085
1,0.23139765858650208,1766521103765
1,0.13921672105789185,1766521104780
1,0.1075734868645668,1766521105447
1,0.11832380294799805,1766521106343
1,0.2019336223602295,1766521107163
1,0.4927615225315094,1766521107802
1,0.1387239545583725,1766521108845
1,0.037847962230443954,1766521109574
1,0.18653544783592224,1766521110405
1,0.1182110533118248,1766521111295
1,0.0843125432729721,1766521111932
1,0.19009041786193848,1766521112922
1,0.10365976393222809,1766521113598
1,0.0772748589515686,1766521114346
1,0.07808040082454681,1766521115369
1,0.05457106977701187,1766521116012
1,0.1925428807735443,1766521116980
1,0.11914772540330887,1766521117707
1,0.10962130129337311,1766521118401
1,0.14276108145713806,1766521119399
1,0.13914069533348083,1766521120019
1,0.220537006855011,1766521120975
1,0.24615278840065002,1766521121673
1,0.10342656821012497,1766521122382
1,0.18374094367027283,1766521123373
1,0.08753307163715363,1766521124030
1,0.008737262338399887,1766521124944
1,0.06710021197795868,1766521125610
1,0.11272101104259491,1766521126252
1,0.1888928860425949,1766521127167
1,0.23879364132881165,1766521127820
1,0.07775192707777023,1766521128600
1,0.02733052708208561,1766521129486
1,0.08375715464353561,1766521130120
1,0.0677773579955101,1766521131120
1,0.24563029408454895,1766521131830
1,0.19956699013710022,1766521132587
1,0.2974201440811157,1766521133472
1,0.024634597823023796,1766521134080
1,0.02985522896051407,1766521135121
1,0.39421191811561584,1766521135815
1,0.12388496100902557,1766521136548
1,0.09763440489768982,1766521137472
1,0.03321866691112518,1766521138083
1,0.10252435505390167,1766521139070
1,0.09353332966566086,1766521139772
1,0.09911926090717316,1766521140532
1,0.043860793113708496,1766521141559
1,0.05175197124481201,1766521142162
1,0.07995480298995972,1766521143028
1,0.07443025708198547,1766521143798
1,0.06932903826236725,1766521144502
1,0.2039991319179535,1766521145494
1,0.08243393898010254,1766521146180
1,0.05870550870895386,1766521147082
1,0.10930472612380981,1766521147813
1,0.12907244265079498,1766521148535
1,0.1584121435880661,1766521149559
1,0.17246457934379578,1766521150227
1,0.1370718628168106,1766521151111
1,0.038874708116054535,1766521151946
1,0.019741728901863098,1766521152662
1,0.0005779569037258625,1766521153624
1,0.5373582243919373,1766521154273
1,0.031483836472034454,1766521155134
1,0.030800724402070045,1766521155955
1,0.01614166423678398,1766521156621
1,0.14645811915397644,1766521157601
1,0.1427847295999527,1766521158281
1,0.1474829614162445,1766521159106
1,0.29939091205596924,1766521160022
1,0.19036538898944855,1766521160716
1,0.031382836401462555,1766521161720
1,0.02762552537024021,1766521162419
1,0.07663639634847641,1766521163175
1,0.20404943823814392,1766521164100
1,0.2517414689064026,1766521164766
1,0.09314684569835663,1766521165690
1,0.21112149953842163,1766521166418
1,0.06399698555469513,1766521167196
1,0.10441799461841583,1766521168102
1,0.11362366378307343,1766521168786
1,0.6703985929489136,1766521169789
1,0.20411181449890137,1766521170509
1,0.11774320900440216,1766521171216
1,0.1412680745124817,1766521172192
1,0.22072920203208923,1766521172889
1,0.014482161030173302,1766521173835
1,0.09271959960460663,1766521174607
1,0.08130284398794174,1766521175393
1,0.03769256919622421,1766521176341
1,0.038486845791339874,1766521177000
1,0.13308337330818176,1766521177998
1,0.043189145624637604,1766521178642
1,0.07546570897102356,1766521179420
1,0.0700983852148056,1766521180330
1,0.03181655332446098,1766521181024
1,0.17129656672477722,1766521182054
1,0.17258748412132263,1766521182743
1,0.11976440995931625,1766521183540
1,0.16117332875728607,1766521184465
1,0.04383925721049309,1766521185102
1,0.030215442180633545,1766521186032
1,0.12372265756130219,1766521186749
1,0.10788734257221222,1766521187459
1,0.14959576725959778,1766521188419
1,0.02865605056285858,1766521189070
1,0.3674521744251251,1766521189828
1,0.08763326704502106,1766521190721
1,0.06447397172451019,1766521191451
1,0.12350185960531235,1766521192417
1,0.10485316067934036,1766521193098
1,0.18688541650772095,1766521194036
1,0.13254839181900024,1766521194812
1,0.2778599262237549,1766521195488
1,0.2541865110397339,1766521196479
1,0.13817019760608673,1766521197163
1,0.11939447373151779,1766521198050
1,0.01249082200229168,1766521198816
1,0.21114766597747803,1766521199448
1,0.45075279474258423,1766521200409
1,0.377810001373291,1766521201083
1,0.07289744913578033,1766521201862
1,0.26840731501579285,1766521202764
1,0.03364481031894684,1766521203418
1,0.26904964447021484,1766521204372
1,0.10936222970485687,1766521205090
1,0.13283875584602356,1766521205845
1,0.03453775867819786,1766521206780
1,0.3528047204017639,1766521207415
1,0.15358386933803558,1766521208363
1,0.05015593022108078,1766521209067
1,0.012423315085470676,1766521209790
1,0.11835695803165436,1766521210755
1,0.16822391748428345,1766521211379
1,0.17637859284877777,1766521212227
1,0.03720621392130852,1766521213012
1,0.06548982858657837,1766521213729
1,0.10585633665323257,1766521214740
1,0.08639130741357803,1766521215366
1,0.2735724449157715,1766521216150
1,0.05571746826171875,1766521216998
1,0.09164112061262131,1766521217655
1,0.2567535638809204,1766521218610
1,0.09825623780488968,1766521219257
1,0.06282616406679153,1766521220004
1,0.02218228578567505,1766521220915
1,0.14851202070713043,1766521221516
1,0.02917528711259365,1766521222487
1,0.21821819245815277,1766521223247
1,0.16072499752044678,1766521224015
1,0.06422584503889084,1766521224960
1,0.037605296820402145,1766521225648
1,0.04247236251831055,1766521226576
1,0.3030554950237274,1766521227346
1,0.06070958822965622,1766521228084
1,0.12841765582561493,1766521229008
1,0.18459704518318176,1766521229648
1,0.082013800740242,1766521230498
1,0.079013891518116,1766521231304
1,0.15900753438472748,1766521231973
1,0.04888564720749855,1766521233021
1,0.04909086972475052,1766521233688
1,0.046870458871126175,1766521234496
1,0.05893823876976967,1766521235318
1,0.18091198801994324,1766521236017
1,0.038640107959508896,1766521236998
1,0.04138634726405144,1766521237660
1,0.01631723903119564,1766521238540
1,0.05523911863565445,1766521239317
1,0.16632583737373352,1766521240023
1,0.010096066631376743,1766521241001
1,0.21569493412971497,1766521241624
1,0.07444364577531815,1766521242529
1,0.04963327944278717,1766521243300
1,0.08181522786617279,1766521243975
1,0.07473830878734589,1766521244973
1,0.2522541880607605,1766521245699
1,0.28787487745285034,1766521246529
1,0.05668322741985321,1766521247323
1,0.24249285459518433,1766521248009
1,0.12323550134897232,1766521248997
1,0.016725264489650726,1766521249660
1,0.10442036390304565,1766521250448
1,0.016608498990535736,1766521251330
1,0.09646007418632507,1766521252027
1,0.2147999107837677,1766521253079
1,0.026108229532837868,1766521253727
1,0.09530451893806458,1766521254647
1,0.009246318601071835,1766521255464
1,0.13105912506580353,1766521256170
1,0.14905928075313568,1766521257152
1,0.28621727228164673,1766521257833
1,0.06671224534511566,1766521258653
1,0.07332541048526764,1766521259398
1,0.12107746303081512,1766521260062
1,0.004645871464163065,1766521261068
1,0.15326207876205444,1766521261741
1,0.20824769139289856,1766521262676
1,0.22706659138202667,1766521263458
1,0.00986422784626484,1766521264197
1,0.04687732458114624,1766521265087
1,0.6367173194885254,1766521265759
1,0.13818106055259705,1766521266775
1,0.12916401028633118,1766521267543
1,0.05032196268439293,1766521268305
1,0.2668452262878418,1766521269216
1,0.4394536018371582,1766521269861
1,0.1819746047258377,1766521270727
1,0.09391839057207108,1766521271549
1,0.2523287534713745,1766521272238
1,0.0584181472659111,1766521273200
1,0.00993775948882103,1766521273875
1,0.24797523021697998,1766521274810
1,0.07935905456542969,1766521275592
1,0.09648024290800095,1766521276324
1,0.28241294622421265,1766521277302
1,0.04630172625184059,1766521277936
1,0.09441575407981873,1766521278751
1,0.2279616892337799,1766521279605
1,0.09435994923114777,1766521280259
1,0.16899606585502625,1766521281230
1,0.05937454104423523,1766521281847
1,0.2397165298461914,1766521282601
1,0.20379424095153809,1766521283552
1,0.05202846974134445,1766521284250
1,0.051877789199352264,1766521285215
1,0.03549967706203461,1766521285892
1,0.08880699425935745,1766521286717
1,0.03861701861023903,1766521287629
1,0.370269238948822,1766521288281
1,0.2326740324497223,1766521289314
1,0.13326594233512878,1766521290052
1,0.018211105838418007,1766521290856
1,0.05341235175728798,1766521291697
1,0.2779961824417114,1766521292304
1,0.15388546884059906,1766521293266
1,0.4586156904697418,1766521293963
1,0.13855695724487305,1766521294746
1,0.1834314912557602,1766521295656
1,0.1299646496772766,1766521296275
1,0.15394002199172974,1766521297184
1,0.2069835662841797,1766521297948
1,0.16119025647640228,1766521298693
1,0.1399570107460022,1766521299606
1,0.030877545475959778,1766521300252
1,0.2798354923725128,1766521301062
1,0.07899396866559982,1766521301931
1,0.24775469303131104,1766521302634
1,0.2748710513114929,1766521303591
1,0.11066830903291702,1766521304296
1,0.1594037264585495,1766521305006
1,0.09929360449314117,1766521305917
1,0.11213915050029755,1766521306598
1,0.04181599244475365,1766521307600
1,0.28247570991516113,1766521308289
1,0.1356709748506546,1766521309084
1,0.2975217401981354,1766521309962
1,0.07570043206214905,1766521310633
1,0.10577309131622314,1766521311600
1,0.38405925035476685,1766521312351
1,0.09953176975250244,1766521313053
1,0.14985249936580658,1766521314036
1,0.08613383769989014,1766521314739
1,0.1547439694404602,1766521315687
1,0.5212711691856384,1766521316431
1,0.1725662648677826,1766521317103
1,0.3297770619392395,1766521318099
1,0.0548674613237381,1766521318748
1,0.14848169684410095,1766521319570
1,0.03451092913746834,1766521320383
1,0.0038905409164726734,1766521320989
1,0.20880022644996643,1766521321950
1,0.16154703497886658,1766521322651
1,0.009263014420866966,1766521323340
1,0.24870465695858002,1766521324377
1,0.003918352536857128,1766521324994
1,0.22610816359519958,1766521325982
1,0.3172948956489563,1766521326703
1,0.21804599463939667,1766521327452
1,0.0876249298453331,1766521328422
1,0.21490421891212463,1766521329049
1,0.11224158108234406,1766521330025
1,0.007488438859581947,1766521330747
1,0.02294565737247467,1766521331453
1,0.2016996145248413,1766521332433
1,0.09191399812698364,1766521333063
1,0.11028975993394852,1766521333924
1,0.0685189738869667,1766521334753
1,0.16975697875022888,1766521335455
1,0.18373504281044006,1766521336375
1,0.287689745426178,1766521337055
1,0.04787365719676018,1766521337900
1,0.06374701857566833,1766521338751
1,0.21783693134784698,1766521339397
1,0.04041225463151932,1766521340415
1,0.10149337351322174,1766521341026
1,0.14141707122325897,1766521341740
1,0.09156053513288498,1766521342675
1,0.034704774618148804,1766521343322
1,0.19958758354187012,1766521344335
1,0.17819523811340332,1766521345101
1,0.3367077112197876,1766521345922
1,0.22199738025665283,1766521346817
1,0.02641461417078972,1766521347503
1,0.04795213043689728,1766521348503
1,0.005153103731572628,1766521349155
1,0.14622707664966583,1766521349927
1,0.012647606432437897,1766521350880
1,0.16565805673599243,1766521351552
1,0.09223072975873947,1766521352571
1,0.15899664163589478,1766521353269
1,0.2290165275335312,1766521354116
1,0.1972973346710205,1766521354931
1,0.11594830453395844,1766521355605
1,0.16248121857643127,1766521356553
1,0.04446696490049362,1766521357196
1,0.16991382837295532,1766521357988
1,0.24756920337677002,1766521358896
1,0.2030124068260193,1766521359545
1,0.02722511999309063,1766521360544
1,0.05357292294502258,1766521361312
1,0.13813361525535583,1766521362068
1,0.05591432377696037,1766521362965
1,0.05524064972996712,1766521363615
1,0.3216479420661926,1766521364623
1,0.07215610891580582,1766521365385
1,0.11020433902740479,1766521366129
1,0.03388587012887001,1766521367111
1,0.08110883086919785,1766521367736
1,0.08198011666536331,1766521368661
1,0.03896138072013855,1766521369375
1,0.09665052592754364,1766521370046
1,0.004312348086386919,1766521371010
1,0.1322064995765686,1766521371614
1,0.10150374472141266,1766521372456
1,0.05979794263839722,1766521373324
1,0.09509693086147308,1766521373989
1,0.33338117599487305,1766521374964
1,0.12438315898180008,1766521375685
1,0.05033720284700394,1766521376464
1,0.12408186495304108,1766521377388
1,0.1050419956445694,1766521377995
1,0.1914232224225998,1766521378949
1,0.049642376601696014,1766521379632
1,0.18716324865818024,1766521380341
1,0.15182051062583923,1766521381273
1,0.07144391536712646,1766521381931
1,0.2979501485824585,1766521382836
1,0.2297305315732956,1766521383612
1,0.026956938207149506,1766521384271
1,0.021914439275860786,1766521385199
1,0.05119526386260986,1766521385901
1,0.23131051659584045,1766521386643
1,0.22723177075386047,1766521387521
1,0.017314761877059937,1766521388111
1,0.23879046738147736,1766521389132
1,0.008950026705861092,1766521389823
1,0.018548455089330673,1766521390640
1,0.10642227530479431,1766521391607
1,0.14869704842567444,1766521392249
1,0.21940338611602783,1766521393194
1,0.3999399244785309,1766521393935
1,0.08201701194047928,1766521394605
1,0.08235875517129898,1766521395598
1,0.09375085681676865,1766521396215
1,0.11494416743516922,1766521397127
1,0.21655096113681793,1766521397903
1,0.047366634011268616,1766521398591
1,0.015976518392562866,1766521399545
1,0.22076351940631866,1766521400188
1,0.10429462790489197,1766521401026
1,0.19912686944007874,1766521401881
1,0.06215062737464905,1766521402546
1,0.08695501834154129,1766521403520
1,0.053486067801713943,1766521404203
1,0.09913890063762665,1766521405076
1,0.037905752658843994,1766521405946
1,0.09603914618492126,1766521406584
1,0.19975824654102325,1766521407532
1,0.10452482104301453,1766521408217
1,0.03213619813323021,1766521408905
1,0.04449775069952011,1766521409782
1,0.1623639315366745,1766521410422
1,0.11076159030199051,1766521411280
1,0.28915727138519287,1766521412121
1,0.13629379868507385,1766521412820
1,0.18492482602596283,1766521413810
1,0.07409794628620148,1766521414455
1,0.2675042450428009,1766521415408
1,0.08728387951850891,1766521416114
1,0.07259058952331543,1766521416792
1,0.015211774967610836,1766521417809
1,0.17553576827049255,1766521418483
1,0.020342815667390823,1766521419452
1,0.07691289484500885,1766521420244
1,0.0364021398127079,1766521421024
1,0.12154684215784073,1766521421932
1,0.13227391242980957,1766521422582
1,0.0265139602124691,1766521423562
1,0.024643536657094955,1766521424315
1,0.15093901753425598,1766521425054
1,0.30628132820129395,1766521426006
1,0.18922719359397888,1766521426653
1,0.14516237378120422,1766521427583
1,0.07081481069326401,1766521428317
1,0.021138504147529602,1766521429043
1,0.08933085203170776,1766521430054
1,0.08829471468925476,1766521430680
1,0.025797853246331215,1766521431579
1,0.006295205093920231,1766521432365
1,0.06772256642580032,1766521433071
1,0.07858772575855255,1766521434019
1,0.18734779953956604,1766521434696
1,0.2880231738090515,1766521435496
1,0.06938304007053375,1766521436418
1,0.15203073620796204,1766521437117
1,0.13541290163993835,1766521438106
1,0.02821088209748268,1766521438790
1,0.09471432864665985,1766521439588
1,0.10643398761749268,1766521440498
1,0.03505916893482208,1766521441081
1,0.03517967835068703,1766521442051
1,0.04093816503882408,1766521442761
1,0.5016264319419861,1766521443419
1,0.017243042588233948,1766521444428
1,0.06862661242485046,1766521445093
1,0.07712577283382416,1766521445961
1,0.43535152077674866,1766521446775
1,0.054806821048259735,1766521447381
1,0.08449649810791016,1766521448390
1,0.2588963806629181,1766521449059
1,0.12213116884231567,1766521449784
1,0.09715519100427628,1766521450678
1,0.17738835513591766,1766521451313
1,0.1212465912103653,1766521452239
1,0.09746342897415161,1766521453003
1,0.22599193453788757,1766521453640
1,0.2739240527153015,1766521454593
1,0.0058769905008375645,1766521455273
1,0.05999932438135147,1766521456066
1,0.21129325032234192,1766521456930
1,0.06890605390071869,1766521457630
1,0.17514991760253906,1766521458602
1,0.1755700409412384,1766521459295
1,0.07788559794425964,1766521460089
1,0.05959486961364746,1766521461025
1,0.1711762547492981,1766521461707
1,0.10417577624320984,1766521462654
1,0.06833934038877487,1766521463362
1,0.06788813322782516,1766521464103
1,0.10584752261638641,1766521465029
1,0.09523520618677139,1766521465660
1,0.06213183328509331,1766521466647
1,0.056681349873542786,1766521467330
1,0.11738397181034088,1766521468000
1,0.03117656335234642,1766521468990
1,0.05736406147480011,1766521469663
1,0.01869484782218933,1766521470544
1,0.06131420284509659,1766521471318
1,0.18086019158363342,1766521471905
1,0.08745266497135162,1766521472855
1,0.13633540272712708,1766521473542
1,0.028044354170560837,1766521474308
1,0.1114812046289444,1766521475209
1,0.04241650179028511,1766521475826
1,0.20389333367347717,1766521476794
1,0.045753784477710724,1766521477445
1,0.08793146908283234,1766521478104
1,0.3428196310997009,1766521479109
1,0.038689762353897095,1766521479742
1,0.16216689348220825,1766521480591
1,0.11433897167444229,1766521481432
1,0.1289186030626297,1766521482081
1,0.32823649048805237,1766521483030
1,0.21535369753837585,1766521483677
1,0.3257472813129425,1766521484447
1,0.09027307480573654,1766521485383
1,0.055012982338666916,1766521486020
1,0.1906050145626068,1766521486949
1,0.14357145130634308,1766521487733
1,0.13799737393856049,1766521488480
1,0.07795003056526184,1766521489458
1,0.09386839717626572,1766521490092
1,0.3978099226951599,1766521491061
1,0.1326265037059784,1766521491817
1,0.03901343792676926,1766521492472
1,0.16387274861335754,1766521493369
1,0.05754133686423302,1766521494019
1,0.08663251250982285,1766521494865
1,0.06802776455879211,1766521495719
1,0.07170849293470383,1766521496420
1,0.13260380923748016,1766521497433
1,0.01407010667026043,1766521498104
1,0.28850212693214417,1766521498893
1,0.12998417019844055,1766521499681
1,0.17215114831924438,1766521500282
1,0.27201059460639954,1766521501261
1,0.34412679076194763,1766521501952
1,0.12342821806669235,1766521502676
1,0.06646499037742615,1766521503628
1,0.2511846721172333,1766521504254
1,0.15500274300575256,1766521505174
1,0.1549404412508011,1766521505961
1,0.060559697449207306,1766521506690
1,0.052551642060279846,1766521507673
1,0.08185600489377975,1766521508307
1,0.22282341122627258,1766521509200
1,0.15670786798000336,1766521510006
1,0.11745595186948776,1766521510657
1,0.12028011679649353,1766521511700
1,0.06215110793709755,1766521512384
1,0.44463664293289185,1766521513287
1,0.015104916878044605,1766521514090
1,0.1988738477230072,1766521514825
1,0.07005465775728226,1766521515803
1,0.042839325964450836,1766521516419
1,0.16792449355125427,1766521517260
1,0.11166165769100189,1766521518174
1,0.06961878389120102,1766521518820
1,0.20685330033302307,1766521519776
1,0.07349516451358795,1766521520449
1,0.0467986986041069,1766521521227
1,0.08871551603078842,1766521522173
1,0.22411204874515533,1766521522842
1,0.060989294201135635,1766521523846
1,0.012709232978522778,1766521524515
1,0.03117678314447403,1766521525324
1,0.18121571838855743,1766521526232
1,0.014345204457640648,1766521526880
1,0.013988817110657692,1766521527875
1,0.06952811032533646,1766521528591
1,0.44734087586402893,1766521529279
1,0.30951470136642456,1766521530171
1,0.3204297721385956,1766521530809
1,0.1361636221408844,1766521531795
1,0.2960323095321655,1766521532570
1,0.2965835928916931,1766521533332
1,0.024668974801898003,1766521534232
1,0.07830439507961273,1766521534941
1,0.05371682718396187,1766521535919
1,0.02015046589076519,1766521536619
1,0.09407111257314682,1766521537347
1,0.07506488263607025,1766521538313
1,0.16899463534355164,1766521539009
1,0.19310033321380615,1766521539964
1,0.16166375577449799,1766521540772
1,0.12074129283428192,1766521541489
1,0.24444273114204407,1766521542488
1,0.1596311330795288,1766521543144
1,0.08904282748699188,1766521544177
1,0.17556264996528625,1766521544874
1,0.1173180565237999,1766521545607
1,0.05486510694026947,1766521546606
1,0.0811929777264595,1766521547269
1,0.0983889251947403,1766521548292
1,0.053141407668590546,1766521548960
1,0.05239101126790047,1766521549688
1,0.04856900870800018,1766521550628
1,0.07969273626804352,1766521551247
1,0.05498969927430153,1766521552210
1,0.06633632630109787,1766521552879
1,0.12638475000858307,1766521553670
1,0.016474146395921707,1766521554618
1,0.10721608251333237,1766521555263
1,0.14207252860069275,1766521556261
1,0.08405230939388275,1766521556997
1,0.07543154805898666,1766521557653
1,0.03874038904905319,1766521558636
1,0.11349551379680634,1766521559269
1,0.03609346225857735,1766521560205
1,0.19151684641838074,1766521560920
1,0.06460684537887573,1766521561641
1,0.1714717447757721,1766521562645
1,0.11806277930736542,1766521563255
1,0.08031705021858215,1766521564186
1,0.07566796988248825,1766521564853
1,0.03725400194525719,1766521565577
1,0.15351319313049316,1766521566549
1,0.11587490141391754,1766521567211
1,0.1988690346479416,1766521568062
1,0.23176300525665283,1766521568882
1,0.09107722342014313,1766521569576
1,0.015488646924495697,1766521570537
1,0.10271739214658737,1766521571203
1,0.04977186769247055,1766521571942
1,0.1393204629421234,1766521572891
1,0.04263091832399368,1766521573540
1,0.17300553619861603,1766521574523
1,0.15153996646404266,1766521575216
1,0.09949925541877747,1766521576003
1,0.03076401725411415,1766521576916
1,0.0740630030632019,1766521577611
1,0.17289890348911285,1766521578564
1,0.06442652642726898,1766521579265
1,0.038659803569316864,1766521580004
1,0.025276055559515953,1766521581009
1,0.024868346750736237,1766521581663
1,0.11307046562433243,1766521582558
1,0.11685045063495636,1766521583324
1,0.05568055436015129,1766521584072
1,0.05235235393047333,1766521584984
1,0.05201343446969986,1766521585672
1,0.10379345715045929,1766521586647
1,0.15349382162094116,1766521587406
1,0.062237635254859924,1766521588122
1,0.07124979794025421,1766521589063
1,0.03752395138144493,1766521589710
1,0.0563042052090168,1766521590660
1,0.07252055406570435,1766521591460
1,0.23202060163021088,1766521592141
1,0.5641692876815796,1766521593055
1,0.20917004346847534,1766521593696
1,0.13010890781879425,1766521594461
1,0.04889945685863495,1766521595322
1,0.13262830674648285,1766521595930
1,0.09612859040498734,1766521596938
1,0.3736930191516876,1766521597666
1,0.3249051570892334,1766521598448
2,0.04113248363137245,1766521599338
2,0.09720154106616974,1766521599984
2,0.026748135685920715,1766521601001
2,0.03482490032911301,1766521601693
2,0.05752846226096153,1766521602412
2,0.044960539788007736,1766521603309
2,0.04911519214510918,1766521603984
2,0.07074175029993057,1766521605021
2,0.08375147730112076,1766521605675
2,0.21185529232025146,1766521606365
2,0.07800038903951645,1766521607359
2,0.018394969403743744,1766521608000
2,0.00954362191259861,1766521608993
2,0.3144817352294922,1766521609638
2,0.023070361465215683,1766521610331
2,0.012918317690491676,1766521611235
2,0.2783644497394562,1766521611833
2,0.09889563918113708,1766521612594
2,0.1835690140724182,1766521613459
2,0.08495283126831055,1766521614084
2,0.07689262926578522,1766521615080
2,0.01703655533492565,1766521615786
2,0.32618626952171326,1766521616501
2,0.07081722468137741,1766521617411
2,0.11652535945177078,1766521618019
2,0.009666603989899158,1766521618876
2,0.003002856858074665,1766521619656
2,0.201567605137825,1766521620356
2,0.09656176716089249,1766521621361
2,0.060092948377132416,1766521622049
2,0.08162626624107361,1766521622881
2,0.07270057499408722,1766521623718
2,0.11654787510633469,1766521624394
2,0.05566135793924332,1766521625372
2,0.17393073439598083,1766521626086
2,0.030716143548488617,1766521626945
2,0.10640687495470047,1766521627812
2,0.13048307597637177,1766521628513
2,0.18504898250102997,1766521629478
2,0.22416788339614868,1766521630183
2,0.11988183856010437,1766521631044
2,0.09553278237581253,1766521631854
2,0.012725823558866978,1766521632511
2,0.10657726228237152,1766521633448
2,0.010888486169278622,1766521634121
2,0.170332670211792,1766521634903
2,0.08179657906293869,1766521635836
2,0.07898594439029694,1766521636498
2,0.25779393315315247,1766521637490
2,0.034408073872327805,1766521638149
2,0.1042492538690567,1766521638881
2,0.03639042004942894,1766521639856
2,0.5449961423873901,1766521640510
2,0.01627933606505394,1766521641565
2,0.006679018959403038,1766521642239
2,0.013815591111779213,1766521642958
2,0.11010795831680298,1766521643881
2,0.010689026676118374,1766521644531
2,0.007374835200607777,1766521645511
2,0.11858783662319183,1766521646251
2,0.03789705038070679,1766521646960
2,0.08064468950033188,1766521647975
2,0.029397957026958466,1766521648567
2,0.06277833878993988,1766521649417
2,0.12982016801834106,1766521650182
2,0.20157009363174438,1766521650939
2,0.10519217699766159,1766521651888
2,0.11375240236520767,1766521652535
2,0.2949681580066681,1766521653464
2,0.26391878724098206,1766521654284
2,0.1118437871336937,1766521655065
2,0.028264377266168594,1766521655990
2,0.03355282545089722,1766521656641
2,0.08876106888055801,1766521657600
2,0.2432369887828827,1766521658300
2,0.1506006121635437,1766521659074
2,0.08695193380117416,1766521659951
2,0.32285499572753906,1766521660652
2,0.0816158726811409,1766521661603
2,0.09213007986545563,1766521662341
2,0.1267322152853012,1766521663033
2,0.021231239661574364,1766521664010
2,0.16421590745449066,1766521664671
2,0.39441049098968506,1766521665550
2,0.22667917609214783,1766521666288
2,0.1985752135515213,1766521666982
2,0.0077000888995826244,1766521667952
2,0.02657393366098404,1766521668611
2,0.08059097826480865,1766521669498
2,0.12287691235542297,1766521670336
2,0.042487047612667084,1766521671001
2,0.02636316791176796,1766521671953
2,0.28022873401641846,1766521672664
2,0.03863832354545593,1766521673462
2,0.07718085497617722,1766521674342
2,0.05043420195579529,1766521674990
2,0.13704994320869446,1766521676139
2,0.018171988427639008,1766521676773
2,0.012289651669561863,1766521677602
2,0.013622804544866085,1766521678487
2,0.0947643369436264,1766521679163
2,0.01780904084444046,1766521680075
2,0.1327812373638153,1766521680750
2,0.03306231647729874,1766521681513
2,0.008830513805150986,1766521682408
2,0.2618601620197296,1766521683077
2,0.026847001165151596,1766521684089
2,0.13568539917469025,1766521684826
2,0.22212930023670197,1766521685535
2,0.3814478814601898,1766521686511
2,0.2552381753921509,1766521687112
2,0.08438881486654282,1766521688050
2,0.10929407179355621,1766521688665
2,0.05209498852491379,1766521689274
2,0.06478188931941986,1766521690157
2,0.07733829319477081,1766521690815
2,0.19656388461589813,1766521691541
2,0.08029329031705856,1766521692431
2,0.007408536970615387,1766521693069
2,0.051336292177438736,1766521694002
2,0.19720998406410217,1766521694712
2,0.0912303477525711,1766521695457
2,0.06924239546060562,1766521696457
2,0.0546555295586586,1766521697103
2,0.10072577744722366,1766521698090
2,0.1810309886932373,1766521698800
2,0.24804627895355225,1766521699586
2,0.040248651057481766,1766521700433
2,0.08701690286397934,1766521701054
2,0.10073361545801163,1766521702110
2,0.33492544293403625,1766521702838
2,0.07771020382642746,1766521703564
2,0.12367846071720123,1766521704529
2,0.07172693312168121,1766521705191
2,0.07788979262113571,1766521706100
2,0.0543200746178627,1766521706858
2,0.09069207310676575,1766521707525
2,0.11394087970256805,1766521708500
2,0.008925190195441246,1766521709099
2,0.06032230705022812,1766521709941
2,0.11479559540748596,1766521710787
2,0.23359617590904236,1766521711422
2,0.25664064288139343,1766521712381
2,0.05115631967782974,1766521713064
2,0.005484836641699076,1766521713862
2,0.06732989102602005,1766521714758
2,0.12215102463960648,1766521715413
2,0.28867873549461365,1766521716396
2,0.08959291130304337,1766521717098
2,0.24471381306648254,1766521717864
2,0.10516683012247086,1766521718829
2,0.12624837458133698,1766521719463
2,0.0743069052696228,1766521720496
2,0.08098897337913513,1766521721160
2,0.07115819305181503,1766521721884
2,0.08708403259515762,1766521722788
2,0.3555718958377838,1766521723456
2,0.1106325313448906,1766521724440
2,0.14784985780715942,1766521725191
2,0.14685972034931183,1766521726012
2,0.05377402529120445,1766521726881
2,0.03477394953370094,1766521727571
2,0.19847027957439423,1766521728561
2,0.21043092012405396,1766521729226
2,0.07755808532238007,1766521730015
2,0.0815112367272377,1766521730881
2,0.10592693835496902,1766521731512
2,0.06731170415878296,1766521732440
2,0.07686470448970795,1766521733108
2,0.15279456973075867,1766521733799
2,0.10922478884458542,1766521734760
2,0.005551716312766075,1766521735386
2,0.20807546377182007,1766521736214
2,0.010904666967689991,1766521737032
2,0.06921908259391785,1766521737696
2,0.04682658985257149,1766521738629
2,0.05302690714597702,1766521739284
2,0.14208969473838806,1766521740015
2,0.07686585932970047,1766521740875
2,0.09353753924369812,1766521741458
2,0.08320759236812592,1766521742231
2,0.005071964580565691,1766521743072
2,0.016973882913589478,1766521743785
2,0.3336303234100342,1766521744749
2,0.1663428395986557,1766521745424
2,0.11381496489048004,1766521746302
2,0.033485885709524155,1766521747180
2,0.17302729189395905,1766521747777
2,0.15420527756214142,1766521748747
2,0.27275824546813965,1766521749442
2,0.07215388864278793,1766521750166
2,0.19952917098999023,1766521751153
2,0.05049934610724449,1766521751801
2,0.04372658208012581,1766521752724
2,0.30207422375679016,1766521753459
2,0.1028706356883049,1766521754160
2,0.06254398822784424,1766521755152
2,0.1386832743883133,1766521755779
2,0.12372584640979767,1766521756562
2,0.04395175725221634,1766521757369
2,0.28263095021247864,1766521758004
2,0.013109644874930382,1766521758999
2,0.0644182339310646,1766521759728
2,0.12434594333171844,1766521760538
2,0.11672509461641312,1766521761406
2,0.05732601881027222,1766521762086
2,0.19812922179698944,1766521763109
2,0.1194654256105423,1766521763779
2,0.031522758305072784,1766521764539
2,0.07586167752742767,1766521765473
2,0.02764372155070305,1766521766063
2,0.11570274829864502,1766521767032
2,0.044977616518735886,1766521767716
2,0.33330705761909485,1766521768370
2,0.16973233222961426,1766521769373
2,0.012755002826452255,1766521770038
2,0.169045090675354,1766521770820
2,0.061821334064006805,1766521771671
2,0.08666277676820755,1766521772347
2,0.040780551731586456,1766521773337
2,0.027179064229130745,1766521774035
2,0.05329633131623268,1766521774898
2,0.2979205846786499,1766521775740
2,0.11575965583324432,1766521776421
2,0.02571192756295204,1766521777397
2,0.019842632114887238,1766521778103
2,0.3911594748497009,1766521778946
2,0.027720393612980843,1766521779845
2,0.02029925212264061,1766521780502
2,0.01681734248995781,1766521781452
2,0.06134222820401192,1766521782088
2,0.2733670771121979,1766521782801
2,0.05041023716330528,1766521783768
2,0.06124431639909744,1766521784333
2,0.260811448097229,1766521785222
2,0.21424002945423126,1766521786077
2,0.014359978958964348,1766521786751
2,0.09516081213951111,1766521787698
2,0.15220120549201965,1766521788354
2,0.06378336995840073,1766521789200
2,0.17650410532951355,1766521790061
2,0.13319294154644012,1766521790726
2,0.09043500572443008,1766521791690
2,0.015944696962833405,1766521792373
2,0.10147874802350998,1766521793121
2,0.5051034688949585,1766521793960
2,0.195835143327713,1766521794606
2,0.1428528130054474,1766521795567
2,0.10240944474935532,1766521796271
2,0.23126396536827087,1766521797012
2,0.33918195962905884,1766521797991
2,0.08545386791229248,1766521798555
2,0.2299131453037262,1766521799551
2,0.10988060384988785,1766521800284
2,0.20088136196136475,1766521800992
2,0.08998066186904907,1766521801983
2,0.0677967518568039,1766521802627
2,0.12406017631292343,1766521803583
2,0.0526275560259819,1766521804316
2,0.05318036302924156,1766521805044
2,0.3092784881591797,1766521806084
2,0.2864016890525818,1766521806701
2,0.09159459173679352,1766521807654
2,0.07025335729122162,1766521808354
2,0.21242809295654297,1766521809056
2,0.04328892379999161,1766521809983
2,0.03484106808900833,1766521810609
2,0.15746387839317322,1766521811262
2,0.07230941951274872,1766521812248
2,0.09000126272439957,1766521812924
2,0.0461997427046299,1766521813851
2,0.11647840589284897,1766521814569
2,0.051575686782598495,1766521815284
2,0.16417449712753296,1766521816172
2,0.027857577428221703,1766521816884
2,0.07331569492816925,1766521817918
2,0.14708860218524933,1766521818581
2,0.06988614797592163,1766521819471
2,0.16914081573486328,1766521820290
2,0.11036024987697601,1766521821061
2,0.035303596407175064,1766521821998
2,0.06711918115615845,1766521822699
2,0.2968375086784363,1766521823677
2,0.18965423107147217,1766521824403
2,0.03069259412586689,1766521825269
2,0.07477883994579315,1766521826112
2,0.03530706465244293,1766521826819
2,0.14254887402057648,1766521827803
2,0.013935359194874763,1766521828549
2,0.0074040209874510765,1766521829407
2,0.09550051391124725,1766521830138
2,0.07161115109920502,1766521830878
2,0.1282939910888672,1766521831794
2,0.2080501765012741,1766521832490
2,0.102801114320755,1766521833380
2,0.11900191009044647,1766521834199
2,0.1239972859621048,1766521834985
2,0.11282533407211304,1766521835874
2,0.24308469891548157,1766521836618
2,0.0878920704126358,1766521837438
2,0.01480275671929121,1766521838108
2,0.23904643952846527,1766521838953
2,0.05121223255991936,1766521839706
2,0.0038009241688996553,1766521840475
2,0.2091320902109146,1766521841401
2,0.05002790316939354,1766521842142
2,0.18526233732700348,1766521843072
2,0.3095446228981018,1766521843814
2,0.1416984647512436,1766521844721
2,0.26616501808166504,1766521845587
2,0.3949812948703766,1766521846362
2,0.0045367018319666386,1766521847303
2,0.17074251174926758,1766521848070
2,0.0035054332111030817,1766521848971
2,0.010792575776576996,1766521849653
2,0.06507902592420578,1766521850381
2,0.0496332049369812,1766521851293
2,0.1280187964439392,1766521852011
2,0.08810006082057953,1766521853007
2,0.05826853588223457,1766521853691
2,0.05708999186754227,1766521854525
2,0.10365772247314453,1766521855389
2,0.3093109726905823,1766521856093
2,0.09593785554170609,1766521857069
2,0.03588612377643585,1766521857782
2,0.1419515460729599,1766521858635
2,0.16531479358673096,1766521859453
2,0.09547729045152664,1766521860353
2,0.04853829741477966,1766521861188
2,0.010045623406767845,1766521861929
2,0.04245634004473686,1766521862807
2,0.06309617310762405,1766521863518
2,0.16413776576519012,1766521864400
2,0.14878681302070618,1766521865222
2,0.02588580548763275,1766521866127
2,0.06990614533424377,1766521866990
2,0.039674509316682816,1766521867677
2,0.017970910295844078,1766521868627
2,0.04239960014820099,1766521869322
2,0.009496888145804405,1766521870155
2,0.09613160043954849,1766521871026
2,0.008581901900470257,1766521871888
2,0.0623210184276104,1766521872773
2,0.09048692882061005,1766521873494
2,0.12579602003097534,1766521874390
2,0.004953477531671524,1766521875184
2,0.1420217603445053,1766521876008
2,0.1494455188512802,1766521876766
2,0.14982473850250244,1766521877455
2,0.030601896345615387,1766521878347
2,0.11842525750398636,1766521879103
2,0.027410052716732025,1766521879983
2,0.2804507613182068,1766521880838
2,0.22610405087471008,1766521881676
2,0.08369473367929459,1766521882443
2,0.0173658300191164,1766521883219
2,0.15084534883499146,1766521884014
2,0.0040849181823432446,1766521884811
2,0.010471145622432232,1766521885668
2,0.1383323073387146,1766521886427
2,0.04860662668943405,1766521887312
2,0.06303540617227554,1766521888159
2,0.05241001769900322,1766521888965
2,0.19312113523483276,1766521889884
2,0.21779227256774902,1766521890668
2,0.06170491874217987,1766521891514
2,0.1505548059940338,1766521892325
2,0.1549801528453827,1766521893163
2,0.01985780894756317,1766521893974
2,0.027273159474134445,1766521894703
2,0.026841377839446068,1766521895603
2,0.13101480901241302,1766521896373
2,0.01483314111828804,1766521897190
2,0.023528294637799263,1766521898006
2,0.0893573984503746,1766521898764
2,0.23791490495204926,1766521899669
2,0.07924436777830124,1766521900468
2,0.14421769976615906,1766521901367
2,0.024269524961709976,1766521902178
2,0.07542267441749573,1766521903041
2,0.06019413471221924,1766521903902
2,0.09517256915569305,1766521904754
2,0.13057240843772888,1766521905564
2,0.0452757328748703,1766521906340
2,0.0496390238404274,1766521907142
2,0.16361214220523834,1766521907927
2,0.04787938669323921,1766521908791
2,0.13969099521636963,1766521909591
2,0.014822925440967083,1766521910451
2,0.016086816787719727,1766521911282
2,0.05628497153520584,1766521912071
2,0.007328877225518227,1766521912889
2,0.1807147115468979,1766521913714
2,0.1482582986354828,1766521914510
2,0.025408204644918442,1766521915321
2,0.11004514992237091,1766521916131
2,0.05690537765622139,1766521917020
2,0.004264545626938343,1766521917814
2,0.22762279212474823,1766521918561
2,0.053812071681022644,1766521919375
2,0.009064476005733013,1766521920208
2,0.003390632104128599,1766521921023
2,0.0370313860476017,1766521921853
2,0.1893061399459839,1766521922688
2,0.036309584975242615,1766521923564
2,0.08525976538658142,1766521924354
2,0.019371405243873596,1766521925252
2,0.02121898904442787,1766521926083
2,0.05959482491016388,1766521926949
2,0.11560975760221481,1766521927790
2,0.04309966415166855,1766521928660
2,0.15510112047195435,1766521929522
2,0.050222769379615784,1766521930290
2,0.12367212027311325,1766521931154
2,0.083256796002388,1766521931925
2,0.028051838278770447,1766521932789
2,0.37965741753578186,1766521933574
2,0.3631170094013214,1766521934282
2,0.0747280865907669,1766521935198
2,0.036329399794340134,1766521935936
2,0.17247509956359863,1766521936874
2,0.20656713843345642,1766521937620
2,0.0674516037106514,1766521938472
2,0.07833679765462875,1766521939323
2,0.10632291436195374,1766521940066
2,0.02346908487379551,1766521940979
2,0.161671981215477,1766521941678
2,0.1250906139612198,1766521942577
2,0.05980325862765312,1766521943340
2,0.26348742842674255,1766521944134
2,0.11315251141786575,1766521945088
2,0.02889377996325493,1766521945836
2,0.024826116859912872,1766521946794
2,0.04766421765089035,1766521947530
2,0.07467246055603027,1766521948413
2,0.04297371581196785,1766521949219
2,0.06188228726387024,1766521949988
2,0.04130799323320389,1766521950872
2,0.00544591061770916,1766521951555
2,0.01791957952082157,1766521952394
2,0.08347505331039429,1766521953182
2,0.09023261070251465,1766521953843
2,0.0010802579345181584,1766521954791
2,0.07470168173313141,1766521955459
2,0.04728984087705612,1766521956316
2,0.005040651652961969,1766521957159
2,0.1788175255060196,1766521957862
2,0.1629522740840912,1766521958871
2,0.02081378549337387,1766521959536
2,0.008735202252864838,1766521960472
2,0.004874279256910086,1766521961236
2,0.051858287304639816,1766521961950
2,0.018490593880414963,1766521962989
2,0.025969531387090683,1766521963634
2,0.1249060109257698,1766521964466
2,0.48548609018325806,1766521965309
2,0.045635879039764404,1766521965947
2,0.1451728641986847,1766521966893
2,0.01219754759222269,1766521967607
2,0.03661416471004486,1766521968281
2,0.010356280021369457,1766521969197
2,0.06520780920982361,1766521969815
2,0.14211826026439667,1766521970641
2,0.032387278974056244,1766521971504
2,0.12244284152984619,1766521972244
2,0.008102881722152233,1766521973200
2,0.07614807039499283,1766521973806
2,0.17992255091667175,1766521974580
2,0.03777066618204117,1766521975430
2,0.15368755161762238,1766521976118
2,0.008710934780538082,1766521977096
2,0.06152819097042084,1766521977845
2,0.14721009135246277,1766521978550
2,0.04844215512275696,1766521979412
2,0.044892601668834686,1766521980004
2,0.08419021219015121,1766521980972
2,0.027489114552736282,1766521981691
2,0.005999809131026268,1766521982426
2,0.054659754037857056,1766521983424
2,0.005678130779415369,1766521984068
2,0.12303279340267181,1766521984984
2,0.1750742495059967,1766521985745
2,0.18689914047718048,1766521986490
2,0.23673248291015625,1766521987391
2,0.1218901053071022,1766521987998
2,0.013420089147984982,1766521988903
2,0.02922649309039116,1766521989633
2,0.06475210934877396,1766521990341
2,0.030012821778655052,1766521991285
2,0.753995418548584,1766521991912
2,0.057873550802469254,1766521992667
2,0.17529703676700592,1766521993642
2,0.02920505590736866,1766521994263
2,0.10809489339590073,1766521995274
2,0.14850467443466187,1766521995992
2,0.17902086675167084,1766521996815
2,0.07790488749742508,1766521997705
2,0.06632459908723831,1766521998367
2,0.06961990892887115,1766521999386
2,0.08211732655763626,1766522000106
2,0.009146607480943203,1766522000857
2,0.1109064593911171,1766522001798
2,0.06637348234653473,1766522002444
2,0.08239429444074631,1766522003464
2,0.038728978484869,1766522004093
2,0.006681515835225582,1766522004783
2,0.06422428786754608,1766522005731
2,0.06780432909727097,1766522006296
2,0.2329649180173874,1766522007163
2,0.07774683088064194,1766522007896
2,0.032512955367565155,1766522008571
2,0.0017433841712772846,1766522009588
2,0.021121304482221603,1766522010248
2,0.11705701053142548,1766522011089
2,0.10755874216556549,1766522011918
2,0.15918707847595215,1766522012612
2,0.24313414096832275,1766522013597
2,0.00765943294391036,1766522014286
2,0.020907631143927574,1766522015114
2,0.26505711674690247,1766522015973
2,0.06031150743365288,1766522016679
2,0.07863160967826843,1766522017697
2,0.1547304093837738,1766522018312
2,0.025786707177758217,1766522019114
2,0.10836881399154663,1766522020012
2,0.010012018494307995,1766522020699
2,0.09084935486316681,1766522021700
2,0.20744472742080688,1766522022335
2,0.024305008351802826,1766522023182
2,0.10611805319786072,1766522024029
2,0.08536317199468613,1766522024686
2,0.06254561245441437,1766522025723
2,0.09981901198625565,1766522026406
2,0.08466125279664993,1766522027171
2,0.007094241678714752,1766522028049
2,0.16080783307552338,1766522028697
2,0.4526937007904053,1766522029632
2,0.02792765013873577,1766522030399
2,0.19925819337368011,1766522031175
2,0.07900992780923843,1766522032075
2,0.13518008589744568,1766522032685
2,0.24847033619880676,1766522033624
2,0.10615189373493195,1766522034412
2,0.08131987601518631,1766522035166
2,0.02409619465470314,1766522036156
2,0.13448387384414673,1766522036779
2,0.0959671288728714,1766522037765
2,0.04251156374812126,1766522038470
2,0.12080441415309906,1766522039160
2,0.1337755024433136,1766522040154
2,0.16102056205272675,1766522040803
2,0.08479353040456772,1766522041649
2,0.054449912160634995,1766522042520
2,0.05258045345544815,1766522043224
2,0.035557858645915985,1766522044241
2,0.016383666545152664,1766522044854
2,0.04772648215293884,1766522045717
2,0.21013569831848145,1766522046591
2,0.2564464509487152,1766522047237
2,0.01504148356616497,1766522048209
2,0.04764841869473457,1766522048939
2,0.011339283548295498,1766522049727
2,0.06977536529302597,1766522050584
2,0.16710825264453888,1766522051212
2,0.060280464589595795,1766522052193
2,0.044485174119472504,1766522052872
2,0.175125390291214,1766522053589
2,0.039056722074747086,1766522054568
2,0.08689247816801071,1766522055204
2,0.04152669012546539,1766522056170
2,0.08402284979820251,1766522056887
2,0.015458040870726109,1766522057614
2,0.15594494342803955,1766522058584
2,0.1608877182006836,1766522059219
2,0.07114841789007187,1766522060056
2,0.04864586144685745,1766522060783
2,0.148419588804245,1766522061403
2,0.2696975767612457,1766522062399
2,0.0902143269777298,1766522063073
2,0.047994215041399,1766522063873
2,0.002337885554879904,1766522064789
2,0.03499593958258629,1766522065467
2,0.08384226262569427,1766522066515
2,0.20861583948135376,1766522067205
2,0.2046426236629486,1766522068092
2,0.0855417251586914,1766522068902
2,0.005254729650914669,1766522069623
2,0.054561614990234375,1766522070621
2,0.016473792493343353,1766522071263
2,0.07376210391521454,1766522072217
2,0.14240185916423798,1766522072960
2,0.061939798295497894,1766522073588
2,0.037369515746831894,1766522074608
2,0.056065790355205536,1766522075272
2,0.04126293957233429,1766522076142
2,0.18578331172466278,1766522076954
2,0.3693397641181946,1766522077635
2,0.20367646217346191,1766522078601
2,0.0022222762927412987,1766522079246
2,0.08763539046049118,1766522079984
2,0.2068287432193756,1766522080911
2,0.006204935722053051,1766522081587
2,0.14550362527370453,1766522082551
2,0.1346738338470459,1766522083301
2,0.0459713488817215,1766522084081
2,0.09446988999843597,1766522085048
2,0.17985773086547852,1766522085681
2,0.13935871422290802,1766522086534
2,0.24240592122077942,1766522087300
2,0.08466629683971405,1766522088022
2,0.05323804169893265,1766522089007
2,0.169206440448761,1766522089684
2,0.05273699015378952,1766522090586
2,0.054655738174915314,1766522091343
2,0.12863311171531677,1766522092001
2,0.08961404860019684,1766522092998
2,0.09722648561000824,1766522093654
2,0.1368197351694107,1766522094435
2,0.14923831820487976,1766522095334
2,0.005271961446851492,1766522096024
2,0.12744827568531036,1766522096972
2,0.021085409447550774,1766522097618
2,0.10809750854969025,1766522098387
2,0.07637085020542145,1766522099335
2,0.14269259572029114,1766522100006
2,0.01643133908510208,1766522100993
2,0.0053466008976101875,1766522101693
2,0.06108030304312706,1766522102372
2,0.19229410588741302,1766522103271
2,0.03959457576274872,1766522103918
2,0.05226900056004524,1766522104766
2,0.02889968827366829,1766522105550
2,0.16281256079673767,1766522106261
2,0.008641436696052551,1766522107224
2,0.015170853585004807,1766522107882
2,0.11592346429824829,1766522108631
2,0.08343382924795151,1766522109467
2,0.14325696229934692,1766522110023
2,0.07365744560956955,1766522110852
2,0.11252006888389587,1766522111661
2,0.03884328901767731,1766522112366
2,0.006957602687180042,1766522113341
2,0.03881949558854103,1766522113984
2,0.03780737146735191,1766522114863
2,0.09042545408010483,1766522115614
2,0.08519691228866577,1766522116221
2,0.09093882888555527,1766522117193
2,0.17656582593917847,1766522117880
2,0.10568379610776901,1766522118672
2,0.10621413588523865,1766522119604
2,0.14581255614757538,1766522120274
2,0.01984712854027748,1766522121309
2,0.22308753430843353,1766522121926
2,0.034776508808135986,1766522122640
2,0.32946836948394775,1766522123617
2,0.01022996474057436,1766522124224
2,0.4303339421749115,1766522125176
2,0.26921987533569336,1766522125971
2,0.07126065343618393,1766522126699
2,0.18657498061656952,1766522127668
2,0.11114010959863663,1766522128343
2,0.03677873685956001,1766522129340
2,0.2563406825065613,1766522130057
2,0.4601595401763916,1766522130794
2,0.10343270748853683,1766522131693
2,0.18320602178573608,1766522132301
2,0.00997365452349186,1766522133280
2,0.06348849087953568,1766522134027
2,0.007324480451643467,1766522134828
2,0.0422690212726593,1766522135799
2,0.015177672728896141,1766522136457
2,0.007065402343869209,1766522137376
2,0.14356940984725952,1766522138047
2,0.03129719942808151,1766522138716
2,0.185646653175354,1766522139680
2,0.22107402980327606,1766522140298
2,0.08230642229318619,1766522141238
2,0.21257923543453217,1766522142000
2,0.04984224587678909,1766522142674
2,0.06710224598646164,1766522143606
2,0.12037387490272522,1766522144208
2,0.4890857934951782,1766522144871
2,0.0895250216126442,1766522145848
2,0.015183842740952969,1766522146456
2,0.049597304314374924,1766522147400
2,0.0850151777267456,1766522148115
2,0.13349699974060059,1766522148735
2,0.07199513912200928,1766522149648
2,0.15814334154129028,1766522150316
2,0.22465398907661438,1766522151179
2,0.0405811183154583,1766522152068
2,0.16343605518341064,1766522152694
2,0.02431206963956356,1766522153622
2,0.08149799704551697,1766522154323
2,0.1521504670381546,1766522155055
2,0.031089935451745987,1766522156054
2,0.35730940103530884,1766522156684
2,0.11344456672668457,1766522157617
2,0.10296401381492615,1766522158307
2,0.012496229261159897,1766522158974
2,0.16934800148010254,1766522159961
2,0.05787169188261032,1766522160579
2,0.024143628776073456,1766522161425
2,0.0652821809053421,1766522162292
2,0.06543871760368347,1766522163010
2,0.3056305944919586,1766522163895
2,0.05368342250585556,1766522164545
2,0.03666092827916145,1766522165253
2,0.11053171753883362,1766522166271
2,0.054869018495082855,1766522166928
2,0.08673687279224396,1766522167908
2,0.05469822138547897,1766522168622
2,0.04929885268211365,1766522169386
2,0.08660545200109482,1766522170346
2,0.07786812633275986,1766522170989
2,0.02862291783094406,1766522171923
2,0.02171057090163231,1766522172646
2,0.2526017427444458,1766522173282
2,0.05165363848209381,1766522174241
2,0.01099271047860384,1766522174926
2,0.005132987629622221,1766522175728
2,0.0030405251309275627,1766522176605
2,0.12328148633241653,1766522177275
2,0.07768955826759338,1766522178232
2,0.014728105627000332,1766522178881
2,0.05506236106157303,1766522179638
2,0.03170585632324219,1766522180554
2,0.13120383024215698,1766522181149
2,0.05019761621952057,1766522182108
2,0.15899035334587097,1766522182811
2,0.02379622682929039,1766522183433
2,0.05476229265332222,1766522184400
2,0.0008473722264170647,1766522185057
2,0.005611846689134836,1766522185866
2,0.30325382947921753,1766522186743
2,0.11317875981330872,1766522187374
2,0.0027592252008616924,1766522188415
2,0.05071447417140007,1766522189082
2,0.004527730867266655,1766522189823
2,0.005537109449505806,1766522190711
2,0.1249706894159317,1766522191342
2,0.017339689657092094,1766522192240
2,0.051124583929777145,1766522192934
2,0.227626770734787,1766522193636
2,0.046968478709459305,1766522194633
2,0.027426889166235924,1766522195353
2,0.05406871438026428,1766522196265
2,0.09682898968458176,1766522197034
2,0.00884953048080206,1766522197755
2,0.14911103248596191,1766522198761
2,0.08407667279243469,1766522199427
2,0.0003412775695323944,1766522200264
2,0.05405845865607262,1766522201092
2,0.06240232288837433,1766522201795
2,0.06392979621887207,1766522202746
2,0.04024318605661392,1766522203459
2,0.36475950479507446,1766522204308
2,0.11345680803060532,1766522205111
2,0.14780044555664062,1766522205783
2,0.010739710181951523,1766522206781
2,0.04083707183599472,1766522207403
2,0.14581626653671265,1766522208140
2,0.04328371211886406,1766522209086
2,0.05495057255029678,1766522209725
2,0.00817916914820671,1766522210671
2,0.15687289834022522,1766522211426
2,0.016585538163781166,1766522212136
2,0.07780947536230087,1766522213061
2,0.02792583964765072,1766522213658
2,0.03488778695464134,1766522214344
2,0.16893370449543,1766522215290
2,0.15430043637752533,1766522215875
2,0.02770163305103779,1766522216745
2,0.009819846600294113,1766522217498
2,0.06884941458702087,1766522218227
2,0.11601518094539642,1766522219192
2,0.17771288752555847,1766522219824
2,0.0688512846827507,1766522220699
2,0.007836325094103813,1766522221480
2,0.10295771062374115,1766522222110
2,0.019147096201777458,1766522223102
2,0.09629108011722565,1766522223733
2,0.06188220530748367,1766522224459
2,0.09258358925580978,1766522225408
2,0.062152523547410965,1766522226062
2,0.3556428849697113,1766522227065
2,0.057048898190259933,1766522227748
2,0.22534480690956116,1766522228546
2,0.006212875247001648,1766522229528
2,0.010455816984176636,1766522230190
2,0.08491604030132294,1766522231093
2,0.3907918334007263,1766522231850
2,0.08522860705852509,1766522232577
2,0.34883829951286316,1766522233562
2,0.056451465934515,1766522234223
2,0.04510224610567093,1766522235193
2,0.038388773798942566,1766522235921
2,0.2134913206100464,1766522236618
2,0.03281993791460991,1766522237583
2,0.09800606220960617,1766522238247
2,0.10178318619728088,1766522239219
2,0.03698676452040672,1766522239921
2,0.1548236757516861,1766522240609
2,0.17819064855575562,1766522241610
2,0.07654717564582825,1766522242263
2,0.07907474786043167,1766522243181
2,0.06457635015249252,1766522244003
2,0.029603201895952225,1766522244711
2,0.07769428193569183,1766522245740
2,0.07086852937936783,1766522246383
2,0.05773290619254112,1766522247268
2,0.15084220468997955,1766522248104
2,0.09162573516368866,1766522248780
2,0.23840796947479248,1766522249726
2,0.17647698521614075,1766522250391
2,0.011616399511694908,1766522251156
2,0.1559603363275528,1766522252126
2,0.15650925040245056,1766522252769
2,0.046464040875434875,1766522253749
2,0.21926039457321167,1766522254463
2,0.04228440299630165,1766522255228
2,0.28329113125801086,1766522256165
2,0.14704960584640503,1766522256856
2,0.11609749495983124,1766522257884
2,0.2035447061061859,1766522258514
2,0.01529760379344225,1766522259350
2,0.010329058393836021,1766522260255
2,0.1414598524570465,1766522260921
2,0.056121401488780975,1766522261869
2,0.08480136841535568,1766522262588
2,0.008123476058244705,1766522263309
2,0.007991603575646877,1766522264305
2,0.08656170964241028,1766522264934
2,0.05093866586685181,1766522265824
2,0.02003762684762478,1766522266552
2,0.08645975589752197,1766522267154
2,0.06350346654653549,1766522268101
2,0.07379882037639618,1766522268761
2,0.04414388909935951,1766522269559
2,0.013601277023553848,1766522270468
2,0.034429360181093216,1766522271095
2,0.016773205250501633,1766522272107
2,0.09937846660614014,1766522272841
2,0.20411920547485352,1766522273538
2,0.12071047723293304,1766522274550
2,0.014977826736867428,1766522275162
2,0.02449394017457962,1766522276064
2,0.017731724306941032,1766522276857
2,0.03676144406199455,1766522277469
2,0.22367757558822632,1766522278453
2,0.014791687950491905,1766522279084
2,0.2794421911239624,1766522279851
2,0.03670019656419754,1766522280751
2,0.008424269035458565,1766522281342
2,0.06340193003416061,1766522282251
2,0.012137466110289097,1766522282965
2,0.03483280539512634,1766522283706
2,0.00416166428476572,1766522284669
2,0.0037080070469528437,1766522285304
2,0.11511410772800446,1766522286217
2,0.045274004340171814,1766522286988
2,0.05415467172861099,1766522287706
2,0.023613668978214264,1766522288596
2,0.017167598009109497,1766522289239
2,0.0018440226558595896,1766522289949
2,0.055809952318668365,1766522290843
2,0.1317252814769745,1766522291436
2,0.047688864171504974,1766522292423
2,0.009382211603224277,1766522293147
2,0.008509248495101929,1766522293884
2,0.15694297850131989,1766522294815
2,0.054866477847099304,1766522295456
2,0.04627220705151558,1766522296436
2,0.07825098186731339,1766522297151
2,0.12720802426338196,1766522297871
2,0.12356947362422943,1766522298859
2,0.020322617143392563,1766522299491
2,0.11590464413166046,1766522300331
2,0.0034253201447427273,1766522301108
2,0.006465348415076733,1766522301804
2,0.10832829773426056,1766522302788
2,0.17949680984020233,1766522303422
2,0.01569410040974617,1766522304286
2,0.037976473569869995,1766522305072
2,0.24017779529094696,1766522305747
2,0.08663548529148102,1766522306732
2,0.009426620788872242,1766522307418
2,0.1917354315519333,1766522308094
2,0.0004691731301136315,1766522309053
2,0.0237263273447752,1766522309740
2,0.14152824878692627,1766522310663
2,0.01819613203406334,1766522311413
2,0.039998333901166916,1766522312079
2,0.03027286008000374,1766522312970
2,0.030754925683140755,1766522313643
2,0.2957531809806824,1766522314338
2,0.07059885561466217,1766522315283
2,0.14308945834636688,1766522315968
2,0.08948532491922379,1766522316974
2,0.13743425905704498,1766522317619
2,0.06078921630978584,1766522318325
2,0.0237593874335289,1766522319281
2,0.014723794534802437,1766522319892
2,0.009238671511411667,1766522320768
2,0.036348626017570496,1766522321585
2,0.03774496167898178,1766522322256
2,0.058990467339754105,1766522323212
2,0.06616534292697906,1766522323901
2,0.0741838663816452,1766522324696
2,0.026771919801831245,1766522325533
2,0.01870560459792614,1766522326137
2,0.05094492807984352,1766522327122
2,0.006977792363613844,1766522327811
2,0.031169848516583443,1766522328445
2,0.2018129825592041,1766522329378
2,0.1240130364894867,1766522329987
2,0.039423976093530655,1766522330847
2,0.22659164667129517,1766522331693
2,0.08031472563743591,1766522332348
2,0.14149557054042816,1766522333332
2,0.004756823182106018,1766522334008
2,0.07605374604463577,1766522334728
2,0.01918848603963852,1766522335669
2,0.01012609526515007,1766522336278
2,0.016381774097681046,1766522337281
2,0.03634950518608093,1766522338017
2,0.05555293709039688,1766522338718
2,0.0030565334018319845,1766522339705
2,0.3126469850540161,1766522340341
2,0.08186245709657669,1766522341272
2,0.1151123121380806,1766522342029
2,0.011365288868546486,1766522342675
2,0.08423413336277008,1766522343592
2,0.0944572165608406,1766522344227
2,0.045592278242111206,1766522345093
2,0.22824247181415558,1766522345993
2,0.13515344262123108,1766522346703
2,0.07901736348867416,1766522347634
3,0.004387794528156519,1766522348251
3,0.0955270379781723,1766522349003
3,0.01181014347821474,1766522349965
3,0.005547346081584692,1766522350650
3,0.09744960069656372,1766522351616
3,0.06245747208595276,1766522352301
3,0.17333385348320007,1766522353061
3,0.0033542332239449024,1766522354024
3,0.06147615611553192,1766522354684
3,0.07169245183467865,1766522355604
3,0.05788271129131317,1766522356283
3,0.23101450502872467,1766522356986
3,0.15667766332626343,1766522357928
3,0.022692130878567696,1766522358549
3,0.004349441733211279,1766522359340
3,0.0005220712628215551,1766522360186
3,0.0320490337908268,1766522360809
3,0.11033209413290024,1766522361813
3,0.04521297290921211,1766522362511
3,0.011809609830379486,1766522363262
3,0.1107277125120163,1766522364192
3,0.02874070592224598,1766522364832
3,0.06529378145933151,1766522365818
3,0.015231164172291756,1766522366567
3,0.0026294379495084286,1766522367292
3,0.19454117119312286,1766522368314
3,0.03309513255953789,1766522369029
3,0.004038240760564804,1766522370026
3,0.2781175374984741,1766522370730
3,0.003666752018034458,1766522371496
3,0.017613552510738373,1766522372404
3,0.03166039660573006,1766522373052
3,0.01147074531763792,1766522374081
3,0.028264863416552544,1766522374811
3,0.24092376232147217,1766522375620
3,0.006035515572875738,1766522376507
3,0.044617947190999985,1766522377135
3,0.07168065011501312,1766522378028
3,0.03293484076857567,1766522378782
3,0.13257624208927155,1766522379473
3,0.03840173780918121,1766522380455
3,0.10683069378137589,1766522381069
3,0.051139481365680695,1766522381902
3,0.10420921444892883,1766522382734
3,0.10655885934829712,1766522383376
3,0.17320337891578674,1766522384269
3,0.0028703927528113127,1766522384944
3,0.006951171439141035,1766522385609
3,0.015618977136909962,1766522386426
3,0.030825292691588402,1766522387069
3,0.05539456382393837,1766522387918
3,0.05360234156250954,1766522388622
3,0.04238753020763397,1766522389414
3,0.027589945122599602,1766522390195
3,0.08281294256448746,1766522390680
3,0.019404549151659012,1766522391364
3,0.1336214542388916,1766522392088
3,0.009283262304961681,1766522392557
3,0.05166683346033096,1766522393124
3,0.14268848299980164,1766522393841
3,0.06324173510074615,1766522394315
3,0.010889689438045025,1766522394862
3,0.005189075600355864,1766522395663
3,0.06704465299844742,1766522396170
3,0.0008940286352299154,1766522396713
3,0.04715999960899353,1766522397566
3,0.09894829988479614,1766522398128
3,0.004394467920064926,1766522398805
3,0.1281832605600357,1766522399598
3,0.3878573775291443,1766522400098
3,0.04366140067577362,1766522400907
3,0.056910984218120575,1766522401605
3,0.05126728117465973,1766522402120
3,0.16233320534229279,1766522402861
3,0.007364450488239527,1766522403565
3,0.05745663493871689,1766522404090
3,0.008785601705312729,1766522404946
3,0.21250195801258087,1766522405613
3,0.030561482533812523,1766522406303
3,0.07866202294826508,1766522407190
3,0.07871364802122116,1766522407739
3,0.0911545678973198,1766522408441
3,0.15734586119651794,1766522409280
3,0.010849776677787304,1766522409856
3,0.10474631190299988,1766522410664
3,0.057548195123672485,1766522411366
3,0.06455468386411667,1766522412050
3,0.15067017078399658,1766522412914
3,0.08911240845918655,1766522413507
3,0.03369758650660515,1766522414206
3,0.027635833248496056,1766522414990
3,0.02306385524570942,1766522415559
3,0.10203025490045547,1766522416321
3,0.14494521915912628,1766522417035
3,0.17429110407829285,1766522417742
3,0.16118209064006805,1766522418612
3,0.038817815482616425,1766522419212
3,0.02156953327357769,1766522420040
3,0.1911524385213852,1766522420731
3,0.13001640141010284,1766522421391
3,0.0007597158546559513,1766522422202
3,0.053021691739559174,1766522422839
3,0.08801551908254623,1766522423586
3,0.09645988047122955,1766522424384
3,0.020758531987667084,1766522425036
3,0.011046096682548523,1766522425874
3,0.10676311701536179,1766522426542
3,0.0046615214087069035,1766522427209
3,0.010180377401411533,1766522428004
3,0.09204541146755219,1766522428637
3,0.01345102395862341,1766522429381
3,0.09850430488586426,1766522430065
3,0.01856795698404312,1766522430727
3,0.07548996061086655,1766522431477
3,0.09501025080680847,1766522432112
3,0.03933674842119217,1766522432845
3,0.15696369111537933,1766522433606
3,0.08246059715747833,1766522434262
3,0.09492510557174683,1766522434981
3,0.14099028706550598,1766522435636
3,0.20590302348136902,1766522436353
3,0.05203292518854141,1766522437152
3,0.1167280375957489,1766522437883
3,0.09947735071182251,1766522438677
3,0.17644476890563965,1766522439362
3,0.11860257387161255,1766522440033
3,0.02576392889022827,1766522440800
3,0.05148245021700859,1766522441507
3,0.0697399452328682,1766522442283
3,0.04340226948261261,1766522443016
3,0.06044211983680725,1766522443754
3,0.08948361128568649,1766522444508
3,0.07635345309972763,1766522445180
3,0.04024433344602585,1766522446058
3,0.07893752306699753,1766522446713
3,0.2821429371833801,1766522447446
3,0.02026411145925522,1766522448173
3,0.031487900763750076,1766522448844
3,0.48272430896759033,1766522449609
3,0.09312113374471664,1766522450357
3,0.005975281819701195,1766522451030
3,0.03734260052442551,1766522451824
3,0.04212688282132149,1766522452487
3,0.03006601333618164,1766522453240
3,0.13664869964122772,1766522453994
3,0.062065787613391876,1766522454635
3,0.034568071365356445,1766522455413
3,0.046962887048721313,1766522456082
3,0.010591710917651653,1766522456753
3,0.12137404084205627,1766522457546
3,0.10881602019071579,1766522458234
3,0.03939494490623474,1766522459043
3,0.05187954753637314,1766522459731
3,0.07651519775390625,1766522460474
3,0.09042125940322876,1766522461240
3,0.0050752307288348675,1766522461978
3,0.05962643399834633,1766522462666
3,0.06876397132873535,1766522463407
3,0.07841415703296661,1766522464097
3,0.02853432297706604,1766522464851
3,0.042599037289619446,1766522465489
3,0.011200478300452232,1766522466315
3,0.045732155442237854,1766522467063
3,0.008236560970544815,1766522467739
3,0.0037346123717725277,1766522468636
3,0.14136897027492523,1766522469360
3,0.0022418152075260878,1766522470078
3,0.23557604849338531,1766522470864
3,0.033724136650562286,1766522471522
3,0.11393117904663086,1766522472265
3,0.012666292488574982,1766522473064
3,0.005685548763722181,1766522473800
3,0.06399090588092804,1766522474552
3,0.0018953424878418446,1766522475265
3,0.23814259469509125,1766522475986
3,0.0043549491092562675,1766522476707
3,0.007233881391584873,1766522477396
3,0.09957892447710037,1766522478151
3,0.15932032465934753,1766522478807
3,0.04080744832754135,1766522479517
3,0.06597975641489029,1766522480241
3,0.02881912887096405,1766522480958
3,0.2060142606496811,1766522481772
3,0.15195268392562866,1766522482482
3,0.07146518677473068,1766522483249
3,0.225735604763031,1766522483931
3,0.023745257407426834,1766522484631
3,0.15640538930892944,1766522485450
3,0.014053014107048512,1766522486087
3,0.10711877048015594,1766522486809
3,0.28610652685165405,1766522487546
3,0.04580334573984146,1766522488229
3,0.055905066430568695,1766522488979
3,0.01681036502122879,1766522489699
3,0.01623804308474064,1766522490342
3,0.026607787236571312,1766522491189
3,0.05514861270785332,1766522491922
3,0.1402534693479538,1766522492661
3,0.139850452542305,1766522493358
3,0.07089364528656006,1766522494067
3,0.13208338618278503,1766522494800
3,0.08225862681865692,1766522495505
3,0.22881409525871277,1766522496223
3,0.14374738931655884,1766522496927
3,0.003141304012387991,1766522497540
3,0.14752031862735748,1766522498264
3,0.013876747339963913,1766522499048
3,0.05726315453648567,1766522499757
3,0.012040670029819012,1766522500491
3,0.09366810321807861,1766522501245
3,0.10557851195335388,1766522501991
3,0.23797662556171417,1766522502725
3,0.11793461441993713,1766522503451
3,0.027950342744588852,1766522504200
3,0.1511640101671219,1766522504935
3,0.001305783516727388,1766522505672
3,0.27387118339538574,1766522506388
3,0.00822937861084938,1766522507128
3,0.027120213955640793,1766522507868
3,0.10123524814844131,1766522508631
3,0.0806804746389389,1766522509356
3,0.11101870238780975,1766522510087
3,0.07496040314435959,1766522510732
3,0.04036761820316315,1766522511539
3,0.02804885432124138,1766522512316
3,0.0806925892829895,1766522513007
3,0.0309564508497715,1766522513782
3,0.011220453307032585,1766522514471
3,0.07021800428628922,1766522515276
3,0.18297770619392395,1766522516045
3,0.10947185009717941,1766522516707
3,0.043062277138233185,1766522517481
3,0.03651545196771622,1766522518235
3,0.07562112808227539,1766522518992
3,0.03411862254142761,1766522519751
3,0.018973685801029205,1766522520463
3,0.06137373670935631,1766522521222
3,0.028743723407387733,1766522521910
3,0.10556924343109131,1766522522643
3,0.08108331263065338,1766522523390
3,0.08614573627710342,1766522524023
3,0.07792279124259949,1766522524839
3,0.049897365272045135,1766522525518
3,0.008308152668178082,1766522526407
3,0.06732688099145889,1766522527079
3,0.0833200067281723,1766522527769
3,0.008240251801908016,1766522528534
3,0.023935552686452866,1766522529221
3,0.0810551866889,1766522529941
3,0.052522722631692886,1766522530744
3,0.0013229947071522474,1766522531416
3,0.10013286769390106,1766522532144
3,0.19511646032333374,1766522532861
3,0.07693623006343842,1766522533551
3,0.03279313072562218,1766522534329
3,0.005826747510582209,1766522534990
3,0.057468924671411514,1766522535710
3,0.04451431334018707,1766522536457
3,0.023404786363244057,1766522537165
3,0.003343576565384865,1766522537955
3,0.14760346710681915,1766522538667
3,0.013810399919748306,1766522539447
3,0.030293229967355728,1766522540212
3,0.04886295273900032,1766522540861
3,0.020164882764220238,1766522541682
3,0.102074034512043,1766522542347
3,0.050520554184913635,1766522543081
3,0.0013212154153734446,1766522543867
3,0.062185920774936676,1766522544545
3,0.12052471935749054,1766522545333
3,0.04305467754602432,1766522546041
3,0.14102685451507568,1766522546691
3,0.11049125343561172,1766522547565
3,0.04790319502353668,1766522548244
3,0.08017854392528534,1766522549023
3,0.11350037157535553,1766522549767
3,0.2039249837398529,1766522550432
3,0.08165721595287323,1766522551247
3,0.31516629457473755,1766522551946
3,0.1551024466753006,1766522552668
3,0.056622326374053955,1766522553432
3,0.053478892892599106,1766522554075
3,0.048348359763622284,1766522554857
3,0.046505317091941833,1766522555597
3,0.048830464482307434,1766522556346
3,0.14162985980510712,1766522557165
3,0.01126989908516407,1766522557791
3,0.03663039952516556,1766522558579
3,0.24687586724758148,1766522559267
3,0.12205162644386292,1766522559987
3,0.1563754379749298,1766522560757
3,0.03820016235113144,1766522561460
3,0.015208752825856209,1766522562157
3,0.04547305405139923,1766522562836
3,0.0405488982796669,1766522563524
3,0.09120184183120728,1766522564283
3,0.031785327941179276,1766522564986
3,0.30868029594421387,1766522565814
3,0.06286527961492538,1766522566483
3,0.03091469407081604,1766522567120
3,0.06412311643362045,1766522567869
3,0.10545641928911209,1766522568591
3,0.13219723105430603,1766522569324
3,0.030776143074035645,1766522570078
3,0.18725144863128662,1766522570751
3,0.015547131188213825,1766522571475
3,0.0252204742282629,1766522572203
3,0.09903397411108017,1766522572929
3,0.03383440524339676,1766522573744
3,0.19586744904518127,1766522574424
3,0.06138424947857857,1766522575223
3,0.010001775808632374,1766522575866
3,0.014894193969666958,1766522576639
3,0.015963615849614143,1766522577363
3,0.007679869420826435,1766522578059
3,0.23351889848709106,1766522578841
3,0.07753583043813705,1766522579563
3,0.15888433158397675,1766522580298
3,0.193464994430542,1766522581059
3,0.02525957114994526,1766522581671
3,0.05796855688095093,1766522582363
3,0.11441626399755478,1766522583114
3,0.06545303761959076,1766522583820
3,0.20976610481739044,1766522584590
3,0.008114814758300781,1766522585165
3,0.04586919769644737,1766522586028
3,0.053048063069581985,1766522586856
3,0.0156503114849329,1766522587595
3,0.12998977303504944,1766522588381
3,0.1334116905927658,1766522589036
3,0.0880541205406189,1766522589825
3,0.030287425965070724,1766522590603
3,0.03659401834011078,1766522591309
3,0.01462518610060215,1766522592106
3,0.009988832287490368,1766522592762
3,0.07408111542463303,1766522593484
3,0.09752298891544342,1766522594224
3,0.053282637149095535,1766522594899
3,0.053752146661281586,1766522595716
3,0.013760220259428024,1766522596369
3,0.013074031099677086,1766522597122
3,0.1271459311246872,1766522597874
3,0.25875452160835266,1766522598502
3,0.07835835218429565,1766522599246
3,0.07194069772958755,1766522600014
3,0.021565133705735207,1766522600667
3,0.0635485127568245,1766522601492
3,0.02710983157157898,1766522602120
3,0.034743476659059525,1766522602818
3,0.009443029761314392,1766522603592
3,0.13825349509716034,1766522604271
3,0.06524167209863663,1766522605079
3,0.002679267432540655,1766522605721
3,0.049421072006225586,1766522606456
3,0.051196202635765076,1766522607251
3,0.03717418387532234,1766522607921
3,0.07238733023405075,1766522608661
3,0.034628674387931824,1766522609309
3,0.1281241923570633,1766522610017
3,0.09094660729169846,1766522610843
3,0.24067334830760956,1766522611568
3,0.03727332875132561,1766522612355
3,0.08472136408090591,1766522613010
3,0.00929744727909565,1766522613626
3,0.08658350259065628,1766522614466
3,0.021303001791238785,1766522615141
3,0.020096318796277046,1766522615903
3,0.059090811759233475,1766522616695
3,0.08286285400390625,1766522617388
3,0.023213673382997513,1766522618117
3,0.14674973487854004,1766522618813
3,0.12475816905498505,1766522619551
3,0.08839481323957443,1766522620296
3,0.002075370866805315,1766522620973
3,0.013973414897918701,1766522621733
3,0.05445001274347305,1766522622453
3,0.08530958741903305,1766522623125
3,0.18211765587329865,1766522623903
3,0.04517858475446701,1766522624623
3,0.009945550933480263,1766522625411
3,0.08525829017162323,1766522626149
3,0.08776644617319107,1766522626752
3,0.11095365881919861,1766522627508
3,0.03614909201860428,1766522628285
3,0.12424083054065704,1766522628991
3,0.0878005400300026,1766522629720
3,0.1518784463405609,1766522630439
3,0.009683781303465366,1766522631202
3,0.028583142906427383,1766522631937
3,0.16613459587097168,1766522632703
3,0.006888136267662048,1766522633478
3,0.10596869885921478,1766522634271
3,0.04162226989865303,1766522635043
3,0.0004899518098682165,1766522635717
3,0.08314122259616852,1766522636476
3,0.02798342891037464,1766522637153
3,0.020235570147633553,1766522637885
3,0.007439464796334505,1766522638687
3,0.006375117693096399,1766522639421
3,0.03260950744152069,1766522640226
3,0.0022622409742325544,1766522640930
3,0.006431045010685921,1766522641657
3,0.004538611974567175,1766522642402
3,0.014112751930952072,1766522643058
3,0.0076763140968978405,1766522643802
3,0.02506176568567753,1766522644544
3,0.07844238728284836,1766522645272
3,0.02838841639459133,1766522646076
3,0.02984144352376461,1766522646775
3,0.005290322005748749,1766522647587
3,0.05824471637606621,1766522648282
3,0.1902446746826172,1766522648981
3,0.009761504828929901,1766522649670
3,0.004280362278223038,1766522650322
3,0.03166866675019264,1766522651012
3,0.006605164147913456,1766522651758
3,0.00344958808273077,1766522652423
3,0.018131833523511887,1766522653113
3,0.023809000849723816,1766522653796
3,0.0773104578256607,1766522654526
3,0.0013513616286218166,1766522655236
3,0.04917486011981964,1766522655828
3,0.1255447417497635,1766522656586
3,0.10907293111085892,1766522657355
3,0.08890101313591003,1766522658040
3,0.08670349419116974,1766522658828
3,0.2102314531803131,1766522659490
3,0.03356584161520004,1766522660247
3,0.007707650773227215,1766522660975
3,0.017804689705371857,1766522661690
3,0.036773890256881714,1766522662416
3,0.2822245657444,1766522663141
3,0.10095946490764618,1766522663885
3,0.09687627851963043,1766522664639
3,0.03194749355316162,1766522665334
3,0.017556102946400642,1766522666062
3,0.18138211965560913,1766522666808
3,0.1087806299328804,1766522667534
3,0.007414810825139284,1766522668309
3,0.03706536442041397,1766522668887
3,0.23839935660362244,1766522669657
3,0.243277445435524,1766522670406
3,0.059380095452070236,1766522671044
3,0.014946574345231056,1766522671759
3,0.007130322512239218,1766522672401
3,0.08097982406616211,1766522673111
3,0.04799877852201462,1766522673939
3,0.06327562779188156,1766522674606
3,0.27832505106925964,1766522675279
3,0.03484437242150307,1766522676034
3,0.011179271154105663,1766522676680
3,0.21697703003883362,1766522677442
3,0.07271361351013184,1766522678125
3,0.020861361175775528,1766522678868
3,0.14500468969345093,1766522679612
3,0.09849797189235687,1766522680266
3,0.031375061720609665,1766522681006
3,0.2606520354747772,1766522681727
3,0.10393711179494858,1766522682404
3,0.0933988019824028,1766522683193
3,0.066248819231987,1766522683861
3,0.043836116790771484,1766522684608
3,0.0057437000796198845,1766522685417
3,0.014526443555951118,1766522686169
3,0.03465208038687706,1766522687032
3,0.038252536207437515,1766522687698
3,0.056552704423666,1766522688416
3,0.012710660696029663,1766522689244
3,0.0037085972726345062,1766522689882
3,0.3288464844226837,1766522690697
3,0.07073169946670532,1766522691421
3,0.030277013778686523,1766522692088
3,0.00651937210932374,1766522692923
3,0.003787375520914793,1766522693566
3,0.1598588228225708,1766522694320
3,0.21304309368133545,1766522695090
3,0.20325660705566406,1766522695715
3,0.004353538155555725,1766522696587
3,0.07295776158571243,1766522697271
3,0.008855359628796577,1766522698026
3,0.012017746455967426,1766522698776
3,0.021497083827853203,1766522699423
3,0.0039248778484761715,1766522700289
3,0.16363508999347687,1766522700959
3,0.11647821962833405,1766522701621
3,0.07539021968841553,1766522702413
3,0.03669419139623642,1766522703077
3,0.07790184020996094,1766522703947
3,0.08725015819072723,1766522704707
3,0.004067718982696533,1766522705311
3,0.07820005714893341,1766522706237
3,0.016404271125793457,1766522706848
3,0.06469187140464783,1766522707545
3,0.09771458059549332,1766522708328
3,0.08799634873867035,1766522708879
3,0.3713620901107788,1766522709702
3,0.23689337074756622,1766522710348
3,0.1653410643339157,1766522711427
3,0.0666298195719719,1766522712199
3,0.11885182559490204,1766522712766
3,0.1054207980632782,1766522713672
3,0.06495566666126251,1766522714403
3,0.05128642916679382,1766522715000
3,0.1150515004992485,1766522715885
3,0.06150727719068527,1766522716476
3,0.05164247006177902,1766522717179
3,0.15795212984085083,1766522717980
3,0.05087558925151825,1766522718552
3,0.045392800122499466,1766522719382
3,0.03270135074853897,1766522720061
3,0.06925661116838455,1766522720693
3,0.03857692331075668,1766522721581
3,0.14667239785194397,1766522722177
3,0.18223202228546143,1766522722947
3,0.09836012125015259,1766522723729
3,0.03219607099890709,1766522724336
3,0.07755681872367859,1766522725061
3,0.036888156086206436,1766522725719
3,0.06995047628879547,1766522726315
3,0.08830701559782028,1766522727008
3,0.00856754370033741,1766522727600
3,0.06924428790807724,1766522728262
3,0.07699815183877945,1766522728936
3,0.23179295659065247,1766522729546
3,0.009382376447319984,1766522730158
3,0.002814069390296936,1766522730944
3,0.2508423626422882,1766522731450
3,0.314764142036438,1766522732008
3,0.10455796122550964,1766522732669
3,0.020273787900805473,1766522733152
3,0.13193082809448242,1766522733669
3,0.004066532477736473,1766522734354
3,0.021640263497829437,1766522734963
3,0.018331535160541534,1766522735488
3,0.012810504995286465,1766522736079
3,0.1726662665605545,1766522736735
3,0.09208289533853531,1766522737264
3,0.014240873977541924,1766522737881
3,0.07880240678787231,1766522738560
3,0.1315458118915558,1766522739152
3,0.05416177585721016,1766522739804
3,0.10566063225269318,1766522740432
3,0.05109913647174835,1766522740953
3,0.10068531334400177,1766522741565
3,0.037378352135419846,1766522742245
3,0.04606806859374046,1766522742810
3,0.17278972268104553,1766522743407
3,0.13827170431613922,1766522744102
3,0.06904605776071548,1766522744640
3,0.03240014985203743,1766522745214
3,0.06102700158953667,1766522745893
3,0.10139467567205429,1766522746555
3,0.08810539543628693,1766522747189
3,0.055590298026800156,1766522747836
3,0.005104514304548502,1766522748414
3,0.04783180356025696,1766522749016
3,0.16874535381793976,1766522749628
3,0.04265996068716049,1766522750175
3,0.01954912766814232,1766522750760
3,0.13845200836658478,1766522751468
3,0.01582617685198784,1766522752095
3,0.04518097639083862,1766522752699
3,0.0628022849559784,1766522753348
3,0.1457730531692505,1766522753963
3,0.00408656382933259,1766522754517
3,0.017997073009610176,1766522755178
3,0.015245764516294003,1766522755773
3,0.02490377053618431,1766522756367
3,0.05205441638827324,1766522756995
3,0.06632228940725327,1766522757645
3,0.004488600417971611,1766522758269
3,0.006141281686723232,1766522758930
3,0.01288740523159504,1766522759559
3,0.006715633440762758,1766522760168
3,0.028148457407951355,1766522760750
3,0.03920223191380501,1766522761374
3,0.03635944426059723,1766522761962
3,0.051753927022218704,1766522762609
3,0.03259265422821045,1766522763263
3,0.04850171133875847,1766522763790
3,0.0036083590239286423,1766522764412
3,0.09884524345397949,1766522765019
3,0.019358651712536812,1766522765613
3,0.004840570501983166,1766522766346
3,0.10788379609584808,1766522767027
3,0.014793328940868378,1766522767573
3,0.036497585475444794,1766522768229
3,0.2073439657688141,1766522768896
3,0.022825835272669792,1766522769456
3,0.028000909835100174,1766522770073
3,0.0032792140264064074,1766522770684
3,0.131210595369339,1766522771245
3,0.015362536534667015,1766522771870
3,0.009131249040365219,1766522772483
3,0.012886066921055317,1766522773074
3,0.06140655651688576,1766522773740
3,0.008023804053664207,1766522774401
3,0.02530255913734436,1766522774964
3,0.04070203751325607,1766522775590
3,0.08550892770290375,1766522776246
3,0.047273166477680206,1766522776826
3,0.08633393049240112,1766522777472
3,0.05039558559656143,1766522778109
3,0.18680192530155182,1766522778695
3,0.03516623005270958,1766522779331
3,0.019006680697202682,1766522780010
3,0.010722286067903042,1766522780595
3,0.09812986850738525,1766522781196
3,0.33955416083335876,1766522781879
3,0.009646113030612469,1766522782489
3,0.10429166257381439,1766522783147
3,0.04993700236082077,1766522783812
3,0.08557205647230148,1766522784422
3,0.04581301659345627,1766522785074
3,0.04570864140987396,1766522785671
3,0.1255415380001068,1766522786254
3,0.0056488970294594765,1766522786931
3,0.022650325670838356,1766522787526
3,0.19449619948863983,1766522788117
3,0.01683465950191021,1766522788771
3,0.006690284702926874,1766522789388
3,0.05030711740255356,1766522789981
3,0.19554100930690765,1766522790706
3,0.006636237259954214,1766522791273
3,0.004938909318298101,1766522791881
3,0.18093548715114594,1766522792550
3,0.09516486525535583,1766522793098
3,0.13404342532157898,1766522793696
3,0.02690769173204899,1766522794387
3,0.008920981548726559,1766522794966
3,0.012574059888720512,1766522795573
3,0.0036186084616929293,1766522796283
3,0.03252895548939705,1766522796855
3,0.003986327908933163,1766522797404
3,0.030062049627304077,1766522798106
3,0.028705695644021034,1766522798671
3,0.09490847587585449,1766522799264
3,0.0273851677775383,1766522799975
3,0.04701409488916397,1766522800558
3,0.06983117759227753,1766522801123
3,0.020027104765176773,1766522801822
3,0.061774615198373795,1766522802395
3,0.003971212077885866,1766522802985
3,0.15929052233695984,1766522803678
3,0.030829032883048058,1766522804224
3,0.04036976024508476,1766522804855
3,0.020234093070030212,1766522805584
3,0.03127221390604973,1766522806114
3,0.21200913190841675,1766522806718
3,0.1434304416179657,1766522807370
3,0.002055290387943387,1766522807917
3,0.0028584811370819807,1766522808489
3,0.1844816505908966,1766522809180
3,0.008371691219508648,1766522809765
3,0.005359528586268425,1766522810375
3,0.18344880640506744,1766522811090
3,0.03770974278450012,1766522811637
3,0.09586488455533981,1766522812220
3,0.07954590022563934,1766522812934
3,0.15138112008571625,1766522813474
3,0.13286805152893066,1766522814040
3,0.01768955960869789,1766522814700
3,0.06118784844875336,1766522815299
3,0.09491333365440369,1766522815853
3,0.08883124589920044,1766522816487
3,0.030333897098898888,1766522817112
3,0.1955907791852951,1766522817658
3,0.00046157604083418846,1766522818310
3,0.05048183724284172,1766522818974
3,0.06232748180627823,1766522819558
3,0.09935913234949112,1766522820143
3,0.05027264729142189,1766522820812
3,0.20734550058841705,1766522821404
3,0.07969975471496582,1766522822048
3,0.0962429866194725,1766522822707
3,0.024502171203494072,1766522823302
3,0.006266416981816292,1766522823901
3,0.10530365258455276,1766522824548
3,0.06891391426324844,1766522825146
3,0.06140145659446716,1766522825774
3,0.03694687411189079,1766522826442
3,0.00684666633605957,1766522827026
3,0.27141377329826355,1766522827709
3,0.029218945652246475,1766522828329
3,0.1933983862400055,1766522828935
3,0.1401577591896057,1766522829599
3,0.11066505312919617,1766522830186
3,0.17715755105018616,1766522830773
3,0.05761779099702835,1766522831479
3,0.1624584048986435,1766522832071
3,0.04149266332387924,1766522832660
3,0.06352618336677551,1766522833339
3,0.21837523579597473,1766522833923
3,0.02944873832166195,1766522834542
3,0.08449278771877289,1766522835182
3,0.014405056834220886,1766522835778
3,0.36412280797958374,1766522836327
3,0.09450358897447586,1766522836951
3,0.11934319138526917,1766522837577
3,0.04256010055541992,1766522838184
3,0.05807828530669212,1766522838856
3,0.03528929874300957,1766522839498
3,0.019788481295108795,1766522840076
3,0.1093684732913971,1766522840690
3,0.1733415275812149,1766522841314
3,0.09003757685422897,1766522841923
3,0.009301790967583656,1766522842579
3,0.04018237069249153,1766522843228
3,0.18068355321884155,1766522843815
3,0.07280101627111435,1766522844494
3,0.0618278905749321,1766522845094
3,0.037609249353408813,1766522845695
3,0.09239573776721954,1766522846377
3,0.003932768013328314,1766522846981
3,0.0078097740188241005,1766522847567
3,0.10130004584789276,1766522848203
3,0.02035544626414776,1766522848859
3,0.09042446315288544,1766522849409
3,0.04977760091423988,1766522850044
3,0.03839266300201416,1766522850655
3,0.004543805029243231,1766522851239
3,0.06309208273887634,1766522851903
3,0.145303875207901,1766522852502
3,0.013856763951480389,1766522853130
3,0.008720461279153824,1766522853752
3,0.11869096010923386,1766522854340
3,0.06387542188167572,1766522854935
3,0.022105056792497635,1766522855649
3,0.06552937626838684,1766522856235
3,0.029082663357257843,1766522856805
3,0.13092739880084991,1766522857437
3,0.057679034769535065,1766522858047
3,0.018157830461859703,1766522858631
3,0.016559181734919548,1766522859298
3,0.019228341057896614,1766522859914
3,0.08080786466598511,1766522860466
3,0.01285018865019083,1766522861111
3,0.06502290815114975,1766522861737
3,0.11165812611579895,1766522862328
3,0.003129415912553668,1766522862963
3,0.11401797831058502,1766522863582
3,0.05127651244401932,1766522864175
3,0.11770141124725342,1766522864763
3,0.1095864325761795,1766522865385
3,0.010313860140740871,1766522866010
3,0.01543682161718607,1766522866588
3,0.004978961311280727,1766522867184
3,0.07765471935272217,1766522867808
3,0.13764873147010803,1766522868413
3,0.03834127262234688,1766522869009
3,0.06437595188617706,1766522869622
3,0.028230296447873116,1766522870195
3,0.040231600403785706,1766522870817
3,0.010799790732562542,1766522871486
3,0.037609897553920746,1766522872050
3,0.22135105729103088,1766522872616
3,0.1071215271949768,1766522873260
3,0.0050785839557647705,1766522873791
3,0.13200771808624268,1766522874353
3,0.011095386929810047,1766522874990
3,0.09036523103713989,1766522875536
3,0.043561846017837524,1766522876141
3,0.04446631669998169,1766522876777
3,0.005400755442678928,1766522877379
3,0.07486028969287872,1766522877961
3,0.008557915687561035,1766522878625
3,0.004029497504234314,1766522879213
3,0.03064492903649807,1766522879799
3,0.08243092149496078,1766522880476
3,0.2883678674697876,1766522881102
3,0.02619076706469059,1766522881645
3,0.037624191492795944,1766522882375
3,0.0564328208565712,1766522883010
3,0.05074147507548332,1766522883576
3,0.03325621411204338,1766522884225
3,0.02190990000963211,1766522884860
3,0.23317071795463562,1766522885428
3,0.013232949189841747,1766522886164
3,0.016109155490994453,1766522886764
3,0.07400143891572952,1766522887314
3,0.11335207521915436,1766522887976
3,0.052760083228349686,1766522888584
3,0.05569259449839592,1766522889101
3,0.14882835745811462,1766522889780
3,0.007206891197711229,1766522890383
3,0.021124523133039474,1766522890908
3,0.010445895604789257,1766522891609
3,0.09543576836585999,1766522892250
3,0.06146897375583649,1766522892757
3,0.04992997646331787,1766522893489
3,0.039133597165346146,1766522894099
3,0.07278233766555786,1766522894578
3,0.10299734771251678,1766522895233
3,0.04691053926944733,1766522895868
3,0.029652321711182594,1766522896367
3,0.009808063507080078,1766522897082
3,0.07769200205802917,1766522897760
3,0.10390348732471466,1766522898281
3,0.023192083463072777,1766522899017
3,0.036523960530757904,1766522899676
3,0.20902757346630096,1766522900206
3,0.0707915723323822,1766522900915
3,0.06561039388179779,1766522901568
3,0.1315908282995224,1766522902043
3,0.006620309315621853,1766522902780
3,0.011844679713249207,1766522903415
3,0.06737856566905975,1766522903920
3,0.015750199556350708,1766522904726
3,0.00199671252630651,1766522905243
3,0.13219431042671204,1766522905772
3,0.024848582223057747,1766522906475
3,0.10282113403081894,1766522907072
3,0.06273826211690903,1766522907563
3,0.06569778919219971,1766522908322
3,0.20860423147678375,1766522908928
3,0.06970705837011337,1766522909423
3,0.24301095306873322,1766522910154
3,0.15992896258831024,1766522910798
3,0.013576606288552284,1766522911259
3,0.04368412494659424,1766522912038
3,0.023232223466038704,1766522912679
3,0.011710457503795624,1766522913178
3,0.23899775743484497,1766522913918
3,0.10218155384063721,1766522914515
3,0.04897673428058624,1766522914997
3,0.20445981621742249,1766522915759
3,0.1492159366607666,1766522916405
3,0.03157253563404083,1766522916858
3,0.03683421015739441,1766522917632
3,0.1159803494811058,1766522918203
3,0.02236187271773815,1766522918668
3,0.00045789877185598016,1766522919394
3,0.11652499437332153,1766522920037
3,0.06147511675953865,1766522920528
3,0.047073133289813995,1766522921315
3,0.17087316513061523,1766522921975
3,0.07428821921348572,1766522922448
3,0.000558885745704174,1766522923255
3,0.08185674250125885,1766522923907
3,0.1372397094964981,1766522924446
3,0.023076433688402176,1766522925217
3,0.20339548587799072,1766522925777
3,0.15058375895023346,1766522926530
3,0.041728679090738297,1766522927281
3,0.005617971066385508,1766522927760
3,0.04389340057969093,1766522928223
3,0.07183054089546204,1766522929143
3,0.03176235035061836,1766522929656
3,0.009091002866625786,1766522930110
3,0.15695099532604218,1766522930934
3,0.003480504732578993,1766522931437
3,0.014485519379377365,1766522931879
3,0.08480848371982574,1766522932691
3,0.11233082413673401,1766522933272
3,0.0167645663022995,1766522933679
3,0.05976380780339241,1766522934201
3,0.11403380334377289,1766522935065
3,0.02297375537455082,1766522935483
3,0.027124078944325447,1766522935989
3,0.038758810609579086,1766522936876
3,0.06654645502567291,1766522937331
3,0.3696751296520233,1766522937773
3,0.051199980080127716,1766522938660
3,0.14124388992786407,1766522939168
3,0.007335016969591379,1766522939606
3,0.2213858962059021,1766522940255
3,0.20709162950515747,1766522940965
3,0.07340401411056519,1766522941391
3,0.06918209791183472,1766522941960
3,0.07409344613552094,1766522942838
3,0.015190924517810345,1766522943266
3,0.027359867468476295,1766522943748
3,0.04595126956701279,1766522944618
3,0.10871822386980057,1766522945120
3,0.1561640501022339,1766522945583
3,0.044455237686634064,1766522946451
3,0.0862434059381485,1766522946981
3,0.04321996122598648,1766522947437
3,0.08037082850933075,1766522948215
3,0.033513255417346954,1766522948882
3,0.001096690888516605,1766522949290
3,0.020098578184843063,1766522949881
3,0.05387856438755989,1766522950652
3,0.005743828602135181,1766522951090
3,0.09864462912082672,1766522951576
3,0.08926601707935333,1766522952421
3,0.025494780391454697,1766522952872
3,0.012499194592237473,1766522953362
3,0.031791288405656815,1766522954199
3,0.17421042919158936,1766522954694
3,0.08194054663181305,1766522955145
3,0.01610567793250084,1766522955952
3,0.26467564702033997,1766522956547
3,0.12976980209350586,1766522957021
3,0.01462516002357006,1766522957761
3,0.1252102553844452,1766522958380
3,0.011943040415644646,1766522958860
3,0.06810365617275238,1766522959597
3,0.015867918729782104,1766522960257
3,0.1488177478313446,1766522960718
3,0.05373676121234894,1766522961343
3,0.005130487028509378,1766522962062
3,0.005670507438480854,1766522962502
3,0.07317693531513214,1766522963150
3,0.08744750916957855,1766522963926
3,0.11949455738067627,1766522964381
3,0.0035044532269239426,1766522965017
3,0.05193258821964264,1766522965763
3,0.01716454140841961,1766522966198
3,0.03823108226060867,1766522966745
3,0.05288466066122055,1766522967573
3,0.04156196117401123,1766522968058
3,0.10758160054683685,1766522968653
3,0.017817361280322075,1766522969426
3,0.1766154170036316,1766522969881
3,0.02285151556134224,1766522970485
3,0.032222773879766464,1766522971245
3,0.010697605088353157,1766522971704
3,0.0565490648150444,1766522972354
3,0.06936786323785782,1766522973151
3,0.021555231884121895,1766522973642
3,0.08617448061704636,1766522974261
3,0.03368936851620674,1766522974989
3,0.11535082757472992,1766522975484
3,0.0012835906818509102,1766522976072
3,0.019425179809331894,1766522976850
3,0.02893412485718727,1766522977359
3,0.010233195498585701,1766522977986
3,0.06650058925151825,1766522978717
3,0.14762096107006073,1766522979193
3,0.13483606278896332,1766522979835
3,0.022276360541582108,1766522980554
3,0.020513616502285004,1766522981003
3,0.08640517294406891,1766522981547
3,0.006318454630672932,1766522982259
3,0.11400483548641205,1766522982800
3,0.09451095014810562,1766522983379
3,0.09767092019319534,1766522984162
4,0.06008094921708107,1766522984666
4,0.05651618167757988,1766522985299
4,0.06235139071941376,1766522986065
4,0.002373040420934558,1766522986597
4,0.03659076243638992,1766522987288
4,0.2051578164100647,1766522988015
4,0.0520278662443161,1766522988528
4,0.03007812425494194,1766522989167
4,0.09015577286481857,1766522989894
4,0.019626295194029808,1766522990430
4,0.09544035792350769,1766522991072
4,0.006485800724476576,1766522991748
4,0.08786193281412125,1766522992268
4,0.056866515427827835,1766522992921
4,0.12074097245931625,1766522993594
4,0.04878653213381767,1766522994062
4,0.07222709059715271,1766522994649
4,0.009441331028938293,1766522995377
4,0.24703076481819153,1766522995916
4,0.017248764634132385,1766522996516
4,0.015426580794155598,1766522997252
4,0.056813206523656845,1766522997794
4,0.0039077019318938255,1766522998466
4,0.014956588856875896,1766522999164
4,0.02720961719751358,1766522999715
4,0.03970246762037277,1766523000346
4,0.014421723783016205,1766523001015
4,0.15047691762447357,1766523001593
4,0.09770802408456802,1766523002198
4,0.10750161111354828,1766523002886
4,0.016177959740161896,1766523003453
4,0.06800681352615356,1766523004077
4,0.042767759412527084,1766523004743
4,0.37640658020973206,1766523005278
4,0.10339230298995972,1766523005994
4,0.07469543069601059,1766523006645
4,0.0003728787414729595,1766523007249
4,0.11684262752532959,1766523007890
4,0.021412357687950134,1766523008539
4,0.04124217480421066,1766523009090
4,0.051207225769758224,1766523009731
4,0.04016406089067459,1766523010373
4,0.21538756787776947,1766523010945
4,0.06750144064426422,1766523011594
4,0.011481445282697678,1766523012185
4,0.011728017590939999,1766523012813
4,0.13458846509456635,1766523013434
4,0.026675472036004066,1766523014100
4,0.11417034268379211,1766523014701
4,0.08750502020120621,1766523015339
4,0.10517396777868271,1766523015979
4,0.09405745565891266,1766523016555
4,0.002830707700923085,1766523017207
4,0.12832120060920715,1766523017844
4,0.009345125406980515,1766523018419
4,0.12187229096889496,1766523019028
4,0.030166052281856537,1766523019649
4,0.06568197906017303,1766523020240
4,0.04882006347179413,1766523020864
4,0.002630967181175947,1766523021549
4,0.2112775295972824,1766523022160
4,0.043571315705776215,1766523022781
4,0.10258667171001434,1766523023422
4,0.002264897571876645,1766523024017
4,0.10872383415699005,1766523024608
4,0.003153989091515541,1766523025238
4,0.020748320966959,1766523025831
4,0.03466939181089401,1766523026459
4,0.06376767158508301,1766523027049
4,0.14091907441616058,1766523027658
4,0.04558005556464195,1766523028278
4,0.033697616308927536,1766523028876
4,0.021315420046448708,1766523029472
4,0.03962410241365433,1766523030139
4,0.09281574189662933,1766523030794
4,0.07549811154603958,1766523031434
4,0.015248368494212627,1766523032059
4,0.012344460934400558,1766523032602
4,0.044551633298397064,1766523033239
4,0.03886374831199646,1766523033868
4,0.03709276020526886,1766523034529
4,0.25598299503326416,1766523035127
4,0.06009713187813759,1766523035732
4,0.014608309604227543,1766523036374
4,0.11529713869094849,1766523037000
4,0.45805004239082336,1766523037552
4,0.05619462579488754,1766523038203
4,0.0427783764898777,1766523038855
4,0.009519873186945915,1766523039506
4,0.007915046066045761,1766523040113
4,0.061138831079006195,1766523040773
4,0.04233738034963608,1766523041405
4,0.021138735115528107,1766523041988
4,0.04027048870921135,1766523042656
4,0.06143685802817345,1766523043299
4,0.028019143268465996,1766523043921
4,0.24747291207313538,1766523044578
4,0.03661937639117241,1766523045182
4,0.13082176446914673,1766523045778
4,0.09608075767755508,1766523046366
4,0.041728727519512177,1766523046940
4,0.15078964829444885,1766523047555
4,0.037722278386354446,1766523048178
4,0.06562278419733047,1766523048746
4,0.01658054068684578,1766523049336
4,0.297811895608902,1766523049991
4,0.0034805848263204098,1766523050597
4,0.03874412924051285,1766523051160
4,0.4117940068244934,1766523051834
4,0.13237634301185608,1766523052432
4,0.0931951254606247,1766523052943
4,0.010756248608231544,1766523053603
4,0.2614973783493042,1766523054201
4,0.025194847956299782,1766523054759
4,0.34072884917259216,1766523055411
4,0.010928861796855927,1766523056067
4,0.007932760752737522,1766523056620
4,0.022198671475052834,1766523057328
4,0.04392818734049797,1766523057924
4,0.006056002341210842,1766523058503
4,0.05555392801761627,1766523059236
4,0.060624249279499054,1766523059813
4,0.017414657399058342,1766523060358
4,0.15797412395477295,1766523061049
4,0.02886541187763214,1766523061635
4,0.033603157848119736,1766523062212
4,0.0269155390560627,1766523062935
4,0.05362962558865547,1766523063537
4,0.07539831101894379,1766523064144
4,0.0022606535349041224,1766523064874
4,0.013300951570272446,1766523065497
4,0.04566752538084984,1766523066125
4,0.30916568636894226,1766523066817
4,0.04283437132835388,1766523067436
4,0.007639190647751093,1766523068034
4,0.13911081850528717,1766523068717
4,0.1789926141500473,1766523069302
4,0.1169610545039177,1766523069907
4,0.03597286343574524,1766523070624
4,0.10110505670309067,1766523071215
4,0.1551244705915451,1766523071877
4,0.022430652752518654,1766523072503
4,0.005895125214010477,1766523073102
4,0.07348065078258514,1766523073782
4,0.05719688534736633,1766523074458
4,0.040457695722579956,1766523074994
4,0.09592403471469879,1766523075706
4,0.045414552092552185,1766523076344
4,0.007223418448120356,1766523076885
4,0.019193388521671295,1766523077579
4,0.04879496991634369,1766523078208
4,0.002345962217077613,1766523078720
4,0.005124170333147049,1766523079382
4,0.0576690249145031,1766523079970
4,0.039918042719364166,1766523080536
4,0.07407761365175247,1766523081187
4,0.06940383464097977,1766523081875
4,0.09381262958049774,1766523082423
4,0.02215525694191456,1766523083139
4,0.029458288103342056,1766523083788
4,0.006741858087480068,1766523084349
4,0.1554950773715973,1766523085080
4,0.09955628216266632,1766523085632
4,0.02352188341319561,1766523086170
4,0.031327374279499054,1766523086834
4,0.2641774117946625,1766523087478
4,0.29545357823371887,1766523087972
4,0.001756938872858882,1766523088630
4,0.05422183871269226,1766523089292
4,0.06505001336336136,1766523089824
4,0.01150980219244957,1766523090490
4,0.010818002745509148,1766523091197
4,0.01965774968266487,1766523091705
4,0.029048601165413857,1766523092397
4,0.004577439744025469,1766523093093
4,0.025332361459732056,1766523093606
4,0.04035628214478493,1766523094278
4,0.1797468662261963,1766523094932
4,0.09215116500854492,1766523095433
4,0.004464158322662115,1766523096077
4,0.04799638316035271,1766523096781
4,0.06912197917699814,1766523097290
4,0.06752914190292358,1766523097924
4,0.005752425640821457,1766523098651
4,0.0785449892282486,1766523099147
4,0.03218591585755348,1766523099827
4,0.027109544724225998,1766523100507
4,0.007977161556482315,1766523101015
4,0.020238598808646202,1766523101703
4,0.07553340494632721,1766523102420
4,0.06479968875646591,1766523102882
4,0.15887579321861267,1766523103533
4,0.13309365510940552,1766523104212
4,0.03281359001994133,1766523104688
4,0.19031338393688202,1766523105345
4,0.004009267780929804,1766523106033
4,0.059804871678352356,1766523106536
4,0.011436349712312222,1766523107201
4,0.00331290066242218,1766523107953
4,0.0222586989402771,1766523108470
4,0.019801979884505272,1766523109161
4,0.19576795399188995,1766523109871
4,0.13844823837280273,1766523110346
4,0.13499736785888672,1766523111112
4,0.09111269563436508,1766523111812
4,0.08625096827745438,1766523112280
4,0.2292330116033554,1766523113054
4,0.04653708636760712,1766523113691
4,0.17164742946624756,1766523114149
4,0.02992607094347477,1766523114877
4,0.080464668571949,1766523115512
4,0.17683358490467072,1766523115964
4,0.07055118680000305,1766523116681
4,0.07266680896282196,1766523117337
4,0.019689034670591354,1766523117806
4,0.0821957141160965,1766523118414
4,0.08264684677124023,1766523119192
4,0.05938107147812843,1766523119683
4,0.024741830304265022,1766523120354
4,0.01738933101296425,1766523121041
4,0.06683138757944107,1766523121528
4,0.05681121349334717,1766523122130
4,0.09712500125169754,1766523122921
4,0.07614419609308243,1766523123384
4,0.0499742329120636,1766523124033
4,0.04612639173865318,1766523124729
4,0.0195817518979311,1766523125230
4,0.02062419429421425,1766523125840
4,0.031317319720983505,1766523126674
4,0.11981725692749023,1766523127148
4,0.013938184827566147,1766523127801
4,0.062302298843860626,1766523128569
4,0.017760757356882095,1766523129059
4,0.1179431676864624,1766523129735
4,0.06055840477347374,1766523130510
4,0.1557796597480774,1766523131008
4,0.09734340012073517,1766523131647
4,0.19974656403064728,1766523132359
4,0.06578435748815536,1766523132839
4,0.012231932953000069,1766523133511
4,0.01409009750932455,1766523134262
4,0.024051770567893982,1766523134795
4,0.046805139631032944,1766523135525
4,0.00430177990347147,1766523136179
4,0.05936450883746147,1766523136659
4,0.008818126283586025,1766523137301
4,0.05409820377826691,1766523137990
4,0.055735327303409576,1766523138441
4,0.062887042760849,1766523139070
4,0.03835020959377289,1766523139863
4,0.016292762011289597,1766523140328
4,0.025526735931634903,1766523141003
4,0.04502638429403305,1766523141740
4,0.046848393976688385,1766523142208
4,0.0831020250916481,1766523142903
4,0.2710985541343689,1766523143634
4,0.23151949048042297,1766523144090
4,0.05275404080748558,1766523144738
4,0.006853366270661354,1766523145497
4,0.06295662373304367,1766523145957
4,0.019379759207367897,1766523146607
4,0.009315090253949165,1766523147302
4,0.010187464766204357,1766523147768
4,0.09730363637208939,1766523148418
4,0.006118701305240393,1766523149187
4,0.01409069262444973,1766523149654
4,0.010541386902332306,1766523150196
4,0.033413391560316086,1766523150949
4,0.2008342742919922,1766523151453
4,0.0020683412440121174,1766523152100
4,0.2358909547328949,1766523152858
4,0.04328407347202301,1766523153338
4,0.07372382283210754,1766523153938
4,0.02001410908997059,1766523154686
4,0.07412909716367722,1766523155156
4,0.030345557257533073,1766523155769
4,0.01108369417488575,1766523156490
4,0.03826776519417763,1766523157010
4,0.040303297340869904,1766523157615
4,0.038553886115550995,1766523158337
4,0.06179189682006836,1766523158835
4,0.027754008769989014,1766523159396
4,0.035470977425575256,1766523160104
4,0.01157019380480051,1766523160613
4,0.21381574869155884,1766523161171
4,0.005033658817410469,1766523161868
4,4.402532067615539e-05,1766523162443
4,0.006127581465989351,1766523162985
4,0.20016302168369293,1766523163699
4,0.09377819299697876,1766523164292
4,0.051175136119127274,1766523164889
4,0.004187042824923992,1766523165580
4,0.2564563453197479,1766523166162
4,0.21312642097473145,1766523166746
4,0.015231804922223091,1766523167416
4,0.12395566701889038,1766523168020
4,0.028717173263430595,1766523168631
4,0.03450397402048111,1766523169322
4,0.03477441146969795,1766523169923
4,0.07798215746879578,1766523170480
4,0.06111827492713928,1766523171162
4,0.11375822126865387,1766523171709
4,0.051680851727724075,1766523172256
4,0.005886755883693695,1766523172877
4,0.06674268841743469,1766523173492
4,0.006884110160171986,1766523174051
4,0.06283778697252274,1766523174690
4,0.04423809424042702,1766523175327
4,0.009922310709953308,1766523175915
4,0.1686796098947525,1766523176590
4,0.059564415365457535,1766523177186
4,0.006708056200295687,1766523177767
4,0.002738744718953967,1766523178455
4,0.06553337723016739,1766523179087
4,0.0199009757488966,1766523179631
4,0.0028584192041307688,1766523180345
4,0.13221518695354462,1766523180963
4,0.005960981361567974,1766523181493
4,0.0021545537747442722,1766523182154
4,0.0581255704164505,1766523182736
4,0.040763650089502335,1766523183352
4,0.010254987515509129,1766523184022
4,0.15443162620067596,1766523184616
4,0.04512377828359604,1766523185223
4,0.038866203278303146,1766523185895
4,0.0012405735906213522,1766523186547
4,0.08946999907493591,1766523187147
4,0.0034238663502037525,1766523187818
4,0.01150457002222538,1766523188421
4,0.07173071056604385,1766523189045
4,0.001058820984326303,1766523189692
4,0.059208258986473083,1766523190266
4,0.07135297358036041,1766523190873
4,0.034802813082933426,1766523191534
4,0.25990554690361023,1766523192143
4,0.2174215465784073,1766523192754
4,0.01153628621250391,1766523193385
4,0.07279206812381744,1766523193990
4,0.030125293880701065,1766523194592
4,0.0603402741253376,1766523195259
4,0.005840101279318333,1766523195840
4,0.0032580792903900146,1766523196456
4,0.035288043320178986,1766523197076
4,0.0859447568655014,1766523197661
4,0.011986618861556053,1766523198254
4,0.04597196355462074,1766523198922
4,0.12351280450820923,1766523199543
4,0.08838723599910736,1766523200174
4,0.014607323333621025,1766523200834
4,0.2731130123138428,1766523201433
4,0.026535045355558395,1766523202057
4,0.20051196217536926,1766523202681
4,0.0028655033092945814,1766523203290
4,0.0857948362827301,1766523203919
4,0.013720635324716568,1766523204542
4,0.0728718638420105,1766523205165
4,0.009644079022109509,1766523205823
4,0.009836986660957336,1766523206419
4,0.10033253580331802,1766523207002
4,0.17278839647769928,1766523207597
4,0.008538362570106983,1766523208276
4,0.047884076833724976,1766523208852
4,0.30418407917022705,1766523209453
4,0.16727857291698456,1766523210151
4,0.06919939815998077,1766523210733
4,0.14095740020275116,1766523211302
4,0.011559152975678444,1766523211990
4,0.11460941284894943,1766523212550
4,0.13839353621006012,1766523213188
4,0.032741352915763855,1766523213895
4,0.06336449831724167,1766523214450
4,0.0046660443767905235,1766523215051
4,0.04365720599889755,1766523215740
4,0.21050289273262024,1766523216282
4,0.14645284414291382,1766523216928
4,0.15050947666168213,1766523217591
4,0.045269280672073364,1766523218108
4,0.06536413729190826,1766523218739
4,0.18780115246772766,1766523219418
4,0.07123609632253647,1766523219945
4,0.02932518906891346,1766523220566
4,0.07735944539308548,1766523221273
4,0.06784600764513016,1766523221869
4,0.045917630195617676,1766523222502
4,0.021102823317050934,1766523223199
4,0.07633459568023682,1766523223780
4,0.049613773822784424,1766523224449
4,0.14349231123924255,1766523225024
4,0.08435141295194626,1766523225624
4,0.03340854495763779,1766523226318
4,0.12507499754428864,1766523226908
4,0.12463894486427307,1766523227525
4,0.004211192950606346,1766523228234
4,0.10172541439533234,1766523228823
4,0.12886616587638855,1766523229420
4,0.02922193706035614,1766523230144
4,0.0805448368191719,1766523230682
4,0.0020501469261944294,1766523231273
4,0.011170787736773491,1766523231938
4,0.0332912802696228,1766523232459
4,0.023736031726002693,1766523233052
4,0.01983724720776081,1766523233666
4,0.03018326684832573,1766523234267
4,0.0517965704202652,1766523234761
4,0.1679249405860901,1766523235438
4,0.18589650094509125,1766523236064
4,0.0012657366460189223,1766523236604
4,0.1282789409160614,1766523237251
4,0.007286723703145981,1766523237928
4,0.01680171489715576,1766523238442
4,0.0550086572766304,1766523239094
4,0.0027848179452121258,1766523239765
4,0.022771140560507774,1766523240309
4,0.030871685594320297,1766523241017
4,0.10793516039848328,1766523241651
4,0.005457804072648287,1766523242192
4,0.08842261135578156,1766523242896
4,0.05352811887860298,1766523243522
4,0.043614860624074936,1766523244033
4,0.11654462665319443,1766523244713
4,0.2792990207672119,1766523245359
4,0.053446486592292786,1766523245911
4,0.03035006672143936,1766523246638
4,0.030394595116376877,1766523247221
4,0.057636335492134094,1766523247743
4,0.1733669489622116,1766523248515
4,0.17742057144641876,1766523249102
4,0.04749937728047371,1766523249621
4,0.10097471624612808,1766523250358
4,0.005423711612820625,1766523250922
4,0.004977236036211252,1766523251418
4,0.0003765118890441954,1766523252183
4,0.028924908488988876,1766523252782
4,0.0018932351376861334,1766523253297
4,0.0008696401491761208,1766523254035
4,0.1657976359128952,1766523254652
4,0.03619106858968735,1766523255138
4,0.026295499876141548,1766523255890
4,0.024205893278121948,1766523256485
4,0.0034889373928308487,1766523256972
4,0.006688721012324095,1766523257761
4,0.03400560840964317,1766523258349
4,0.05421660095453262,1766523258818
4,0.044180892407894135,1766523259581
4,0.02639051154255867,1766523260183
4,0.13121670484542847,1766523260687
4,0.006347307004034519,1766523261500
4,0.0036843521520495415,1766523262107
4,0.12401299923658371,1766523262594
4,0.013774408027529716,1766523263322
4,0.031635161489248276,1766523263935
4,0.01591378264129162,1766523264430
4,0.012544296681880951,1766523265225
4,0.05775531381368637,1766523265774
4,0.013908585533499718,1766523266249
4,0.09547260403633118,1766523266985
4,0.12231344729661942,1766523267643
4,0.021700218319892883,1766523268139
4,0.034927260130643845,1766523268882
4,0.051016390323638916,1766523269508
4,0.04588618874549866,1766523269991
4,0.016186421737074852,1766523270755
4,0.034102894365787506,1766523271371
4,0.02862938679754734,1766523271829
4,0.028825873509049416,1766523272495
4,0.045661140233278275,1766523273175
4,0.026719197630882263,1766523273621
4,0.23316343128681183,1766523274263
4,0.028728008270263672,1766523275004
4,0.22183138132095337,1766523275474
4,0.058356523513793945,1766523276170
4,0.003936867695301771,1766523276853
4,0.027238253504037857,1766523277320
4,0.04430978745222092,1766523277975
4,0.03738941624760628,1766523278706
4,0.0024419566616415977,1766523279149
4,0.01505446620285511,1766523279700
4,0.03983954340219498,1766523280531
4,0.020023537799715996,1766523280962
4,0.17446397244930267,1766523281462
4,0.00043947878293693066,1766523282192
4,0.09295384585857391,1766523282751
4,0.002141155069693923,1766523283275
4,0.0076712048612535,1766523283975
4,0.04961482062935829,1766523284542
4,0.13877981901168823,1766523285096
4,0.003572216723114252,1766523285872
4,0.0017538625979796052,1766523286387
4,0.030816327780485153,1766523286916
4,0.0789983794093132,1766523287666
4,0.0004965999396517873,1766523288246
4,0.002792854094877839,1766523288778
4,0.00042279690387658775,1766523289512
4,0.14318233728408813,1766523290085
4,0.005645493045449257,1766523290671
4,0.012915673665702343,1766523291457
4,0.009562148712575436,1766523291974
4,0.24039168655872345,1766523292483
4,0.05181245505809784,1766523293221
4,0.0010369770461693406,1766523293784
4,0.036200787872076035,1766523294303
4,0.014774822629988194,1766523295060
4,0.031407132744789124,1766523295652
4,0.03965521976351738,1766523296170
4,0.02388092130422592,1766523296915
4,0.2046833485364914,1766523297509
4,0.003098215674981475,1766523298020
4,0.05438429117202759,1766523298792
4,0.014310348778963089,1766523299354
4,0.0014711535768583417,1766523299862
4,0.00030100144795142114,1766523300608
4,0.07610253244638443,1766523301232
4,0.07140325754880905,1766523301793
4,0.04919688403606415,1766523302468
4,0.05801980942487717,1766523303051
4,0.017972450703382492,1766523303602
4,0.06682515144348145,1766523304367
4,0.025645170360803604,1766523304922
4,0.03246643766760826,1766523305470
4,0.10232150554656982,1766523306303
4,0.06537163257598877,1766523306829
4,0.07283469289541245,1766523307370
4,0.14855442941188812,1766523308146
4,0.01076469011604786,1766523308693
4,0.17297814786434174,1766523309236
4,0.007494209334254265,1766523310060
4,0.02663201093673706,1766523310586
4,0.02656087651848793,1766523311105
4,0.025482947006821632,1766523311935
4,0.01616717502474785,1766523312453
4,0.015012260526418686,1766523313040
4,0.002199507551267743,1766523313833
4,0.005328663159161806,1766523314308
4,0.17348963022232056,1766523314877
4,0.08440715074539185,1766523315636
4,0.020534047856926918,1766523316156
4,0.016171377152204514,1766523316695
4,0.0026147710159420967,1766523317472
4,0.06245589628815651,1766523317994
4,0.050457149744033813,1766523318536
4,0.06773395836353302,1766523319313
4,0.04867681860923767,1766523319869
4,0.09165691584348679,1766523320419
4,0.05377845838665962,1766523321205
4,0.025553595274686813,1766523321722
4,0.00326164485886693,1766523322283
4,0.0010175040224567056,1766523323053
4,0.006225976161658764,1766523323568
4,0.08704982697963715,1766523324107
4,0.03809284791350365,1766523324907
4,0.002231661695986986,1766523325406
4,0.11320541799068451,1766523325922
4,0.005311611108481884,1766523326753
4,0.012940819375216961,1766523327271
4,0.07337965071201324,1766523327783
4,0.01823100633919239,1766523328629
4,0.06536732614040375,1766523329158
4,0.14881780743598938,1766523329690
4,0.028510190546512604,1766523330475
4,0.19151556491851807,1766523330978
4,0.012516274116933346,1766523331491
4,0.05574823170900345,1766523332318
4,0.15709158778190613,1766523332854
4,0.098732128739357,1766523333396
4,0.19264128804206848,1766523334203
4,0.005344432778656483,1766523334768
4,0.08735650777816772,1766523335327
4,0.17172455787658691,1766523336100
4,0.027031008154153824,1766523336603
4,0.11248480528593063,1766523337113
4,0.2022038996219635,1766523337934
4,0.00885792262852192,1766523338456
4,0.004712963942438364,1766523338956
4,0.003650626866146922,1766523339694
4,0.004289807751774788,1766523340254
4,0.0497562438249588,1766523340767
4,0.04371729493141174,1766523341552
4,0.11805420368909836,1766523342084
4,0.014798125252127647,1766523342591
4,0.024843208491802216,1766523343344
4,0.10373023897409439,1766523343948
4,0.05645507574081421,1766523344464
4,0.020524080842733383,1766523345208
4,0.01853259466588497,1766523345791
4,0.05976727604866028,1766523346276
4,0.01439039409160614,1766523347057
4,0.07355797290802002,1766523347667
4,0.03031950816512108,1766523348185
4,0.09424040466547012,1766523348928
4,0.0035516617354005575,1766523349484
4,0.024730099365115166,1766523349954
4,0.06973712146282196,1766523350613
4,0.061993200331926346,1766523351299
4,0.1800711750984192,1766523351749
4,0.18896032869815826,1766523352480
4,0.06774873286485672,1766523353118
4,0.17674994468688965,1766523353585
4,0.0031783790327608585,1766523354288
4,0.18171930313110352,1766523355000
4,0.14591675996780396,1766523355469
4,0.05045311525464058,1766523356134
4,0.010809186846017838,1766523356778
4,0.27553504705429077,1766523357212
4,0.16857533156871796,1766523357829
4,0.07157164812088013,1766523358528
4,0.0747707262635231,1766523358984
4,0.06302036345005035,1766523359541
4,0.06966042518615723,1766523360242
4,0.06790327280759811,1766523360748
4,0.1149825006723404,1766523361318
4,0.013054117560386658,1766523362113
4,0.014788256958127022,1766523362618
4,0.027502311393618584,1766523363159
4,0.06999548524618149,1766523363901
4,0.27495312690734863,1766523364464
4,0.031252045184373856,1766523365062
4,0.11355343461036682,1766523365801
4,0.05698747560381889,1766523366389
4,0.03439006954431534,1766523366981
4,0.03710715472698212,1766523367655
4,0.15100882947444916,1766523368180
4,0.09016041457653046,1766523368770
4,0.014382959343492985,1766523369495
4,0.03912731260061264,1766523370036
4,0.1682802438735962,1766523370585
4,0.05272017419338226,1766523371341
4,0.04483361542224884,1766523371884
4,0.1689702570438385,1766523372485
4,0.08528497815132141,1766523373194
4,0.0997336208820343,1766523373730
4,0.13381002843379974,1766523374261
4,0.023220377042889595,1766523374992
4,0.017603622749447823,1766523375564
4,0.13672852516174316,1766523376091
4,0.0647173747420311,1766523376853
4,0.04840940237045288,1766523377414
4,0.04944882541894913,1766523377925
4,0.13238783180713654,1766523378695
4,0.045520663261413574,1766523379236
4,0.03907008469104767,1766523379784
4,0.022397801280021667,1766523380531
4,0.024530112743377686,1766523381087
4,0.026399925351142883,1766523381624
4,0.04657207056879997,1766523382446
4,0.01144627295434475,1766523383011
4,0.05440337210893631,1766523383601
4,0.01013953797519207,1766523384351
4,0.003493629628792405,1766523384865
4,0.12139006704092026,1766523385403
4,0.0004032054857816547,1766523386220
4,0.00723034655675292,1766523386758
4,0.1474258005619049,1766523387292
4,0.04884640499949455,1766523388086
4,0.11418195068836212,1766523388598
4,0.00693570775911212,1766523389158
4,0.027391061186790466,1766523389914
4,0.12156300991773605,1766523390419
4,0.004715690389275551,1766523390960
4,0.01168091595172882,1766523391734
4,0.016811063513159752,1766523392248
4,0.048909857869148254,1766523392807
4,0.02140306495130062,1766523393581
4,0.030297134071588516,1766523394111
4,0.0330374501645565,1766523394614
4,0.020075766369700432,1766523395414
4,0.04106317460536957,1766523395937
4,0.11806562542915344,1766523396448
4,0.02417607232928276,1766523397150
4,0.04071119427680969,1766523397706
4,0.22770212590694427,1766523398253
4,0.023708347231149673,1766523398954
4,0.1358720362186432,1766523399573
4,0.08613429963588715,1766523400126
4,0.0371251180768013,1766523400780
4,0.004973528906702995,1766523401366
4,0.07968059927225113,1766523401917
4,0.0245461817830801,1766523402586
4,0.03647395968437195,1766523403243
4,0.1520008146762848,1766523403794
4,0.001010200590826571,1766523404450
4,0.09068023413419724,1766523405072
4,0.035265423357486725,1766523405573
4,0.10183967649936676,1766523406216
4,0.0684819221496582,1766523406917
4,0.09597183763980865,1766523407433
4,0.01560418214648962,1766523408126
4,0.03856421634554863,1766523408770
4,0.03375561907887459,1766523409273
4,0.10409670323133469,1766523409994
4,0.03808039799332619,1766523410631
4,0.038287028670310974,1766523411170
4,0.1760290116071701,1766523411886
4,0.026990287005901337,1766523412553
4,0.03576710447669029,1766523413090
4,0.034701500087976456,1766523413738
4,0.07476262003183365,1766523414380
4,0.039691660553216934,1766523414908
4,0.06244011968374252,1766523415588
4,0.09722454100847244,1766523416251
4,0.005310414358973503,1766523416763
4,0.013366708531975746,1766523417490
4,0.017982766032218933,1766523418064
4,0.04915368929505348,1766523418582
4,0.0614565871655941,1766523419325
4,0.4900364875793457,1766523419950
4,0.06540190428495407,1766523420453
4,0.07721804827451706,1766523421156
4,0.013228376396000385,1766523421794
4,0.0339636504650116,1766523422312
4,0.2148856222629547,1766523422974
4,0.03699686378240585,1766523423672
4,0.03505663201212883,1766523424196
4,0.14741933345794678,1766523424850
4,0.05451185628771782,1766523425494
4,0.05221846327185631,1766523426060
4,0.018781067803502083,1766523426701
4,0.06288395076990128,1766523427352
4,0.018728546798229218,1766523427829
4,0.004918298684060574,1766523428456
4,0.034287240356206894,1766523429143
4,0.012871629558503628,1766523429630
4,0.1288699507713318,1766523430223
4,0.006847593933343887,1766523430999
4,0.10789745301008224,1766523431503
4,0.20519748330116272,1766523432076
4,0.07797471433877945,1766523432859
4,0.05334916338324547,1766523433348
4,0.023342793807387352,1766523433992
4,0.020038103684782982,1766523434706
4,0.014691291376948357,1766523435188
4,0.020714351907372475,1766523435776
4,0.042723625898361206,1766523436542
4,0.009659337811172009,1766523436989
4,0.04121596738696098,1766523437549
4,0.03763144090771675,1766523438287
4,0.10599144548177719,1766523438764
4,0.08675286918878555,1766523439375
4,0.006529184989631176,1766523440155
4,0.1442648470401764,1766523440638
4,0.03916060924530029,1766523441247
4,0.02781836688518524,1766523442024
4,0.06505516171455383,1766523442499
4,0.04171985760331154,1766523443089
4,0.08305595815181732,1766523443861
4,0.0009745954303070903,1766523444323
4,0.10899397730827332,1766523444894
4,0.015192252583801746,1766523445612
4,0.07575439661741257,1766523446150
4,0.019791090860962868,1766523446777
4,0.011284913867712021,1766523447573
4,0.14269359409809113,1766523448084
4,0.02521505579352379,1766523448700
4,0.031412672251462936,1766523449456
4,0.09434585273265839,1766523449924
4,0.001114402781240642,1766523450512
4,0.08357444405555725,1766523451181
4,0.08128080517053604,1766523451653
4,0.016557803377509117,1766523452229
4,0.003267435124143958,1766523452891
4,0.005543617531657219,1766523453427
4,0.07830344885587692,1766523454033
4,0.020878583192825317,1766523454709
4,0.11448343843221664,1766523455243
4,0.0075802281498909,1766523455826
4,0.19870130717754364,1766523456456
4,0.14949864149093628,1766523457019
4,0.057837583124637604,1766523457577
4,0.014853019267320633,1766523458250
4,0.046937353909015656,1766523458835
4,0.10237982869148254,1766523459377
4,0.006121777929365635,1766523460042
4,0.034878622740507126,1766523460612
4,0.04446198791265488,1766523461175
4,0.023139674216508865,1766523461847
4,0.003116806736215949,1766523462466
4,0.03060057759284973,1766523462940
4,0.023330017924308777,1766523463611
4,0.0027031973004341125,1766523464235
4,0.003458252875134349,1766523464697
4,0.12085720151662827,1766523465356
4,0.010255935601890087,1766523466031
4,0.020751608535647392,1766523466543
4,0.005728003103286028,1766523467134
4,0.0024353573098778725,1766523467803
4,0.023170268163084984,1766523468311
4,0.04357467219233513,1766523468937
4,0.010262051597237587,1766523469639
4,0.0028737622778862715,1766523470197
4,0.01290128007531166,1766523470804
4,0.13627833127975464,1766523471445
4,0.014077382162213326,1766523471975
4,0.09611213207244873,1766523472574
4,0.17374348640441895,1766523473214
4,0.21194003522396088,1766523473781
4,0.007281167432665825,1766523474299
4,0.030606120824813843,1766523475030
4,0.0073378426022827625,1766523475580
4,0.22181348502635956,1766523476129
4,0.08623580634593964,1766523476822
4,0.046214375644922256,1766523477398
4,0.41354596614837646,1766523477897
4,0.052165448665618896,1766523478626
4,0.03142410144209862,1766523479209
4,0.028601856902241707,1766523479694
4,0.03712621331214905,1766523480383
4,0.07478554546833038,1766523481012
4,0.22636614739894867,1766523481516
4,0.2719728946685791,1766523482184
4,0.04752148687839508,1766523482832
4,0.11521273851394653,1766523483324
4,0.09572751075029373,1766523483985
4,0.06284230947494507,1766523484688
4,0.04417654499411583,1766523485210
4,0.107414111495018,1766523485980
4,0.004243992269039154,1766523486587
4,0.038703225553035736,1766523487083
4,0.043792832642793655,1766523487755
4,0.05534026026725769,1766523488344
4,0.11883750557899475,1766523488838
4,0.02997763827443123,1766523489478
4,0.1736462414264679,1766523490166
4,0.038200344890356064,1766523490654
4,0.006457510404288769,1766523491291
4,0.2238456755876541,1766523492027
4,0.012219165451824665,1766523492526
4,0.09010159969329834,1766523493151
4,0.08645191788673401,1766523493854
4,0.058836594223976135,1766523494347
4,0.080720916390419,1766523494974
4,0.028267623856663704,1766523495700
4,0.04731815308332443,1766523496211
4,0.028454624116420746,1766523496839
4,0.04088876396417618,1766523497532
4,0.060336027294397354,1766523498049
4,0.04302112013101578,1766523498591
4,0.044282689690589905,1766523499356
4,0.03260161727666855,1766523499828
4,0.0025086230598390102,1766523500360
4,0.06361008435487747,1766523501109
4,0.12915650010108948,1766523501653
4,0.06960928440093994,1766523502216
4,0.08936655521392822,1766523502976
4,0.1392187625169754,1766523503464
4,0.013692296110093594,1766523504006
4,0.018637504428625107,1766523504754
4,0.028074156492948532,1766523505263
4,0.00997149758040905,1766523505833
4,0.004674382973462343,1766523506600
4,0.044179484248161316,1766523507129
4,0.01783953234553337,1766523507660
4,0.023884939029812813,1766523508481
4,0.03008396364748478,1766523509035
4,0.005178012885153294,1766523509568
4,0.14347773790359497,1766523510317
4,0.04154396429657936,1766523510862
4,0.041602618992328644,1766523511353
4,0.06674575805664062,1766523512124
4,0.09020713716745377,1766523512649
4,0.004285114351660013,1766523513126
4,0.04637720435857773,1766523513866
4,0.002135144779458642,1766523514455
4,0.28907591104507446,1766523514947
4,0.06186399608850479,1766523515656
4,0.0907529890537262,1766523516249
4,0.025883957743644714,1766523516730
4,0.09152533113956451,1766523517391
4,0.07533565163612366,1766523518080
4,0.25089365243911743,1766523518561
4,0.2525060772895813,1766523519230
4,0.1204661950469017,1766523519935
4,0.00972310733050108,1766523520419
4,0.5203385949134827,1766523520984
4,0.0572623647749424,1766523521692
4,0.06433719396591187,1766523522153
4,0.0017553395591676235,1766523522696
4,0.02443169616162777,1766523523487
4,0.00620962493121624,1766523523959
4,0.007056466769427061,1766523524515
4,0.1329970359802246,1766523525312
4,0.05338960140943527,1766523525792
4,0.03142175450921059,1766523527357
4,0.040289558470249176,1766523527841
4,0.06472637504339218,1766523528380
4,0.003713249461725354,1766523529217
4,0.008109484799206257,1766523529714
4,0.10163642466068268,1766523530226
4,0.049072589725255966,1766523531058
4,0.16913902759552002,1766523531581
4,0.021631328389048576,1766523532069
4,0.0379224568605423,1766523532847
4,0.18062709271907806,1766523533388
4,0.016819123178720474,1766523533865
4,0.004852122627198696,1766523534573
4,0.09298616647720337,1766523535216
4,0.00490234512835741,1766523535693
4,0.04863094165921211,1766523536348
4,0.09763685613870621,1766523536942
4,0.019729742780327797,1766523537436
4,0.05074823275208473,1766523537986
4,0.07703918218612671,1766523538754
4,0.0023297518491744995,1766523539239
4,0.034340232610702515,1766523539786
4,0.0558939203619957,1766523540559
4,0.2222948670387268,1766523541053
4,0.09116309881210327,1766523541557
4,0.1033412367105484,1766523542397
4,0.09207110106945038,1766523542902
4,0.08794782310724258,1766523543425
4,0.024269599467515945,1766523544234
4,0.017986133694648743,1766523544730
4,0.21870464086532593,1766523545251
4,0.03441796451807022,1766523546132
4,0.12634402513504028,1766523546631
4,0.09197697788476944,1766523547112
4,0.021670246496796608,1766523547934
4,0.0673874169588089,1766523548448
4,0.07337012141942978,1766523548982
4,0.037513427436351776,1766523549780
4,0.013811636716127396,1766523550293
4,0.0021532210521399975,1766523550771
4,0.12173479795455933,1766523551640
4,0.0591549426317215,1766523552151
4,0.004800229333341122,1766523552692
4,0.05542043223977089,1766523553432
4,0.18559391796588898,1766523553964
4,0.05666209012269974,1766523554455
4,0.049943383783102036,1766523555166
4,0.041452277451753616,1766523555729
4,0.00995502807199955,1766523556249
4,0.006513612344861031,1766523557011
4,0.06448325514793396,1766523557598
4,0.06685469299554825,1766523558105
4,0.014329575933516026,1766523558820
4,0.09218765050172806,1766523559415
4,0.002550531178712845,1766523559896
4,0.003935374319553375,1766523560562
4,0.008950920775532722,1766523561223
4,0.001747668837197125,1766523561724
5,0.011310603469610214,1766523562336
5,0.005168449133634567,1766523562936
5,0.17545175552368164,1766523563341
5,0.10609893500804901,1766523563803
5,0.08729921281337738,1766523564605
5,0.0016081617213785648,1766523565058
5,0.061983104795217514,1766523565498
5,0.01777121238410473,1766523566077
5,0.17719849944114685,1766523566660
5,0.02880617044866085,1766523567102
5,0.1550661325454712,1766523567571
5,0.04904178902506828,1766523568272
5,0.01885083317756653,1766523568732
5,0.03603364899754524,1766523569184
5,0.010337235406041145,1766523569825
5,0.09763598442077637,1766523570392
5,0.0092083141207695,1766523570799
5,0.08339878916740417,1766523571284
5,0.052169349044561386,1766523571905
5,0.21422548592090607,1766523572414
5,0.009084519930183887,1766523572843
5,0.00477809039875865,1766523573405
5,0.04793505370616913,1766523574029
5,0.025331692770123482,1766523574459
5,0.0021607582457363605,1766523574924
5,0.0597253181040287,1766523575596
5,0.07882096618413925,1766523576085
5,0.029762834310531616,1766523576524
5,0.009611845016479492,1766523577091
5,0.013801817782223225,1766523577712
5,0.01655125990509987,1766523578171
5,0.00896013155579567,1766523578654
5,0.05196654051542282,1766523579269
5,0.001271646237000823,1766523579800
5,0.03432626649737358,1766523580225
5,0.07138928771018982,1766523580800
5,0.048055537045001984,1766523581448
5,0.029399752616882324,1766523581878
5,0.003367668716236949,1766523582367
5,0.25628209114074707,1766523582997
5,0.006389738060534,1766523583536
5,0.0032010888680815697,1766523584001
5,0.0508076548576355,1766523584570
5,0.07298901677131653,1766523585137
5,0.025928469374775887,1766523585600
5,0.13829372823238373,1766523586066
5,0.10545538365840912,1766523586672
5,0.023341093212366104,1766523587213
5,0.011701703071594238,1766523587644
5,0.030865056440234184,1766523588216
5,0.0013597899815067649,1766523588825
5,0.0019948086701333523,1766523589303
5,0.09488192200660706,1766523589799
5,0.01712575927376747,1766523590403
5,0.11350780725479126,1766523590918
5,0.044599518179893494,1766523591352
5,0.2721427083015442,1766523591885
5,0.004739654250442982,1766523592515
5,0.004858365282416344,1766523593002
5,0.03953154757618904,1766523593502
5,0.032444361597299576,1766523594098
5,0.08732380717992783,1766523594599
5,0.05766900256276131,1766523595011
5,0.00845789723098278,1766523595570
5,0.011442618444561958,1766523596200
5,0.013201176188886166,1766523596649
5,0.051188427954912186,1766523597095
5,0.006495220586657524,1766523597621
5,0.018846901133656502,1766523598162
5,0.04129688814282417,1766523598582
5,0.11259274184703827,1766523599048
5,0.09170608222484589,1766523599636
5,0.07620976120233536,1766523600185
5,0.005330557469278574,1766523600638
5,0.09277644753456116,1766523601148
5,0.034045856446027756,1766523601718
5,0.08872364461421967,1766523602332
5,0.022801782935857773,1766523602846
5,0.020891254767775536,1766523603322
5,0.10053347051143646,1766523603903
5,0.17062494158744812,1766523604451
5,0.1786031723022461,1766523604921
5,0.009842383675277233,1766523605464
5,0.04583713784813881,1766523606080
5,0.05350124090909958,1766523606645
5,0.030094947665929794,1766523607130
5,0.06368517130613327,1766523607650
5,0.02768648974597454,1766523608238
5,0.0017309461254626513,1766523608720
5,0.016523564234375954,1766523609251
5,0.010516295209527016,1766523609832
5,0.057992830872535706,1766523610362
5,0.05076764523983002,1766523610898
5,0.03371811658143997,1766523611361
5,0.017539892345666885,1766523611915
5,0.07399288564920425,1766523612415
5,0.043914396315813065,1766523612966
5,0.005989428143948317,1766523613486
5,0.021352430805563927,1766523614017
5,0.004449646919965744,1766523614539
5,0.0019932088907808065,1766523615056
5,0.12900447845458984,1766523615617
5,0.016344139352440834,1766523616120
5,0.05734921991825104,1766523616664
5,0.025757914409041405,1766523617232
5,0.008601718582212925,1766523617777
5,0.003101494163274765,1766523618296
5,0.07189445942640305,1766523618788
5,0.007086431607604027,1766523619349
5,0.04427960142493248,1766523619868
5,0.008971385657787323,1766523620423
5,0.10662911087274551,1766523620993
5,0.021873461082577705,1766523621520
5,0.023948194459080696,1766523622029
5,0.03861290216445923,1766523622539
5,0.08002583682537079,1766523623100
5,0.020934637635946274,1766523623600
5,0.1078680008649826,1766523624125
5,0.0019441685872152448,1766523624685
5,0.01950479857623577,1766523625241
5,0.08936025947332382,1766523625742
5,0.10387589782476425,1766523626239
5,0.04236282408237457,1766523626806
5,0.08729320764541626,1766523627294
5,0.14991402626037598,1766523627807
5,0.031578801572322845,1766523628328
5,0.009848005138337612,1766523628907
5,0.06291715800762177,1766523629448
5,0.0024441778659820557,1766523629984
5,0.303249716758728,1766523630550
5,0.01323580089956522,1766523631027
5,0.0220616664737463,1766523631580
5,0.00951460562646389,1766523632133
5,0.008817174471914768,1766523632628
5,0.06792581081390381,1766523633155
5,0.05101470276713371,1766523633688
5,0.07604149729013443,1766523634299
5,0.04810468852519989,1766523634782
5,0.0005713786231353879,1766523635349
5,0.00853445939719677,1766523635923
5,0.007748176343739033,1766523636421
5,0.0094570592045784,1766523636974
5,0.029818635433912277,1766523637515
5,0.031031504273414612,1766523638055
5,0.0007592595065943897,1766523638546
5,0.014393553137779236,1766523639071
5,0.0036387783475220203,1766523639606
5,0.011392556130886078,1766523640117
5,0.1231154203414917,1766523640692
5,0.012986605986952782,1766523641244
5,0.009141353890299797,1766523641766
5,0.010453569702804089,1766523642274
5,0.06272320449352264,1766523642792
5,0.0010986503912135959,1766523643356
5,0.007240411825478077,1766523643831
5,0.04396756365895271,1766523644372
5,0.001789393019862473,1766523644929
5,0.014855993911623955,1766523645484
5,0.06205258518457413,1766523645982
5,0.031359702348709106,1766523646532
5,0.02638770081102848,1766523647071
5,0.05635090917348862,1766523647569
5,0.005760238505899906,1766523648135
5,0.08288447558879852,1766523648633
5,0.059933748096227646,1766523649125
5,0.11393722891807556,1766523649589
5,0.0353039912879467,1766523650110
5,0.000275975267868489,1766523650593
5,0.047455597668886185,1766523651148
5,0.001987288473173976,1766523651672
5,0.011100518517196178,1766523652184
5,0.1382431834936142,1766523652746
5,0.10432791709899902,1766523653230
5,0.004483732394874096,1766523653786
5,0.04540671780705452,1766523654273
5,0.003024127334356308,1766523654813
5,0.022343730553984642,1766523655293
5,0.027937207370996475,1766523655832
5,0.056253038346767426,1766523656398
5,0.013975968584418297,1766523656879
5,0.0007533711614087224,1766523657398
5,0.17328907549381256,1766523657884
5,0.011607394553720951,1766523658471
5,0.019728612154722214,1766523658977
5,0.08156299591064453,1766523659503
5,0.004743072669953108,1766523660045
5,0.1692126840353012,1766523660562
5,0.0037111013662070036,1766523661108
5,0.04565391317009926,1766523661607
5,0.057126544415950775,1766523662194
5,0.0535256490111351,1766523662696
5,0.007923809811472893,1766523663208
5,0.0230752881616354,1766523663750
5,0.023039188235998154,1766523664252
5,0.16183362901210785,1766523664826
5,0.10044467449188232,1766523665329
5,0.0030224358197301626,1766523665911
5,0.04595604166388512,1766523666419
5,0.04796243831515312,1766523666968
5,0.0015169419348239899,1766523667520
5,0.03194107115268707,1766523668020
5,0.059861138463020325,1766523668581
5,0.10143095254898071,1766523669042
5,0.022673051804304123,1766523669572
5,0.003039421048015356,1766523670069
5,0.11104889214038849,1766523670596
5,0.2187066674232483,1766523671139
5,0.1685553789138794,1766523671659
5,0.03385137766599655,1766523672194
5,0.0016613466432318091,1766523672719
5,0.005112414248287678,1766523673291
5,0.052673161029815674,1766523673771
5,0.007129519246518612,1766523674308
5,0.003121072892099619,1766523674855
5,0.03879860043525696,1766523675362
5,0.21233223378658295,1766523675883
5,0.07216544449329376,1766523676410
5,0.05014801025390625,1766523676936
5,0.06527356058359146,1766523677411
5,0.12959066033363342,1766523677995
5,0.08519258350133896,1766523678537
5,0.06776758283376694,1766523679028
5,0.04124470055103302,1766523679525
5,0.009056717157363892,1766523680059
5,0.05526057630777359,1766523680592
5,0.05037970095872879,1766523681056
5,0.018737781792879105,1766523681622
5,0.01022394374012947,1766523682151
5,0.09877327084541321,1766523682705
5,0.17204518616199493,1766523683181
5,0.0029260164592415094,1766523683767
5,0.0966523215174675,1766523684354
5,0.043914102017879486,1766523684808
5,0.051311980932950974,1766523685361
5,0.008569134399294853,1766523685894
5,0.07038170844316483,1766523686398
5,0.06298435479402542,1766523686862
5,0.026737850159406662,1766523687374
5,0.07609082013368607,1766523687948
5,0.15363004803657532,1766523688408
5,0.056899502873420715,1766523688930
5,0.00046805242891423404,1766523689478
5,0.02887008525431156,1766523690020
5,0.024644915014505386,1766523690478
5,0.03646870702505112,1766523691028
5,0.0014947745949029922,1766523691617
5,0.029135193675756454,1766523692091
5,0.07113499194383621,1766523692569
5,0.0912875086069107,1766523693152
5,0.12626506388187408,1766523693745
5,0.1996421217918396,1766523694196
5,0.022469114512205124,1766523694772
5,0.126946359872818,1766523695342
5,0.021055836230516434,1766523695805
5,0.027379943057894707,1766523696353
5,0.0033856756053864956,1766523696939
5,0.11752286553382874,1766523697482
5,0.05361355468630791,1766523697920
5,0.0035917090717703104,1766523698507
5,0.01342279464006424,1766523699087
5,0.14462633430957794,1766523699539
5,0.07704336196184158,1766523700012
5,0.4387803077697754,1766523700601
5,0.04580547288060188,1766523701110
5,0.22404539585113525,1766523701535
5,0.02644868940114975,1766523702059
5,0.07405108213424683,1766523702642
5,0.22767019271850586,1766523703124
5,0.03686562925577164,1766523703562
5,0.007372866850346327,1766523704109
5,0.022572647780179977,1766523704686
5,0.00951455719769001,1766523705139
5,0.015758218243718147,1766523705652
5,0.1106073409318924,1766523706236
5,0.005675479769706726,1766523706813
5,0.037202198058366776,1766523707245
5,0.036489810794591904,1766523707813
5,0.02377590537071228,1766523708418
5,0.24752789735794067,1766523708881
5,0.06365937739610672,1766523709378
5,0.11848943680524826,1766523709946
5,0.1193673312664032,1766523710478
5,0.1940564215183258,1766523710933
5,0.07043911516666412,1766523711513
5,0.07338570058345795,1766523712112
5,0.043265555053949356,1766523712594
5,0.2877693176269531,1766523713050
5,0.0018326956778764725,1766523713607
5,0.03150618448853493,1766523714196
5,0.0010798836592584848,1766523714633
5,0.07607663422822952,1766523715194
5,0.0036482647992670536,1766523715806
5,0.14094893634319305,1766523716285
5,0.055693965405225754,1766523716760
5,0.023305747658014297,1766523717339
5,0.02664698287844658,1766523717871
5,0.027326364070177078,1766523718344
5,0.19874386489391327,1766523718866
5,0.15115444362163544,1766523719449
5,0.014051374047994614,1766523719964
5,0.015847094357013702,1766523720438
5,0.16448430716991425,1766523721001
5,0.03873695433139801,1766523721558
5,0.0028022367041558027,1766523721986
5,0.06124897301197052,1766523722488
5,0.07891232520341873,1766523723088
5,0.048533737659454346,1766523723626
5,0.05651632696390152,1766523724091
5,0.07692480087280273,1766523724625
5,0.022486137226223946,1766523725209
5,0.014127674512565136,1766523725696
5,0.18360230326652527,1766523726226
5,0.0823601484298706,1766523726837
5,0.11241023242473602,1766523727342
5,0.019697194918990135,1766523727826
5,0.037332482635974884,1766523728392
5,0.01662023551762104,1766523728975
5,0.019489895552396774,1766523729427
5,0.038477823138237,1766523729925
5,0.044818270951509476,1766523730491
5,0.0184882041066885,1766523731033
5,0.018023096024990082,1766523731497
5,0.09504680335521698,1766523732103
5,0.07105506211519241,1766523732667
5,0.03374050185084343,1766523733113
5,0.03507363796234131,1766523733611
5,0.016508515924215317,1766523734195
5,0.037327248603105545,1766523734725
5,0.0027217359747737646,1766523735189
5,0.0529240258038044,1766523735729
5,0.008974555879831314,1766523736317
5,0.028353121131658554,1766523736762
5,0.14159193634986877,1766523737233
5,0.010420688427984715,1766523737795
5,0.21603165566921234,1766523738380
5,0.09785477817058563,1766523738832
5,0.034475214779376984,1766523739365
5,0.025503333657979965,1766523739984
5,0.0041258130222558975,1766523740481
5,0.008752170950174332,1766523740963
5,0.13620804250240326,1766523741545
5,0.0011547367321327329,1766523742080
5,0.004951472859829664,1766523742527
5,0.006027828902006149,1766523743083
5,0.0016247675521299243,1766523743692
5,0.18062914907932281,1766523744176
5,0.0021803854033350945,1766523744645
5,0.010537035763263702,1766523745200
5,0.003978156950324774,1766523745793
5,0.00043325795559212565,1766523746238
5,0.17010709643363953,1766523746730
5,0.0062859090976417065,1766523747325
5,0.010088902898132801,1766523747820
5,0.0009087738581001759,1766523748296
5,0.058970436453819275,1766523748874
5,0.09432587027549744,1766523749449
5,0.049368731677532196,1766523749868
5,0.051586609333753586,1766523750383
5,0.07828471809625626,1766523750947
5,0.001779022510163486,1766523751428
5,0.018609799444675446,1766523751876
5,0.05561387911438942,1766523752433
5,0.03893424943089485,1766523752985
5,0.019173089414834976,1766523753454
5,0.020080287009477615,1766523753895
5,0.09049554169178009,1766523754488
5,0.04735986143350601,1766523755060
5,0.01778176613152027,1766523755488
5,0.09744253754615784,1766523756059
5,0.0018657613545656204,1766523756691
5,0.05243707075715065,1766523757186
5,0.0391884483397007,1766523757653
5,0.00869828276336193,1766523758240
5,0.07361747324466705,1766523758793
5,0.02000049687922001,1766523759223
5,0.03626067563891411,1766523759773
5,0.004680901765823364,1766523760375
5,0.006048374809324741,1766523760871
5,0.012677174992859364,1766523761330
5,0.0011188375065103173,1766523761922
5,0.01753409393131733,1766523762471
5,0.053260140120983124,1766523762911
5,0.02947324886918068,1766523763408
5,0.009889899753034115,1766523764058
5,0.0021460235584527254,1766523764520
5,0.0639481246471405,1766523764962
5,0.03275727480649948,1766523765555
5,0.028721852228045464,1766523766172
5,0.12919391691684723,1766523766617
5,0.07185342162847519,1766523767113
5,0.14546829462051392,1766523767764
5,0.11355283111333847,1766523768284
5,0.02868160977959633,1766523768747
5,0.024265937507152557,1766523769303
5,0.0031737296376377344,1766523769870
5,0.0022297368850558996,1766523770285
5,0.04177262634038925,1766523770766
5,0.2582627534866333,1766523771373
5,0.04634343460202217,1766523771896
5,0.11144043505191803,1766523772330
5,0.1647230088710785,1766523772906
5,0.04135582596063614,1766523773528
5,0.1699608415365219,1766523773947
5,0.15527844429016113,1766523774408
5,0.029280848801136017,1766523775006
5,0.2234019786119461,1766523775542
5,0.039143986999988556,1766523775955
5,0.06457621604204178,1766523776421
5,0.010659688152372837,1766523777045
5,0.07368357479572296,1766523777540
5,0.004031708929687738,1766523777995
5,0.13445459306240082,1766523778588
5,0.0021760924719274044,1766523779169
5,0.04560224339365959,1766523779601
5,0.03931134566664696,1766523780087
5,0.015630187466740608,1766523780727
5,0.0035630553029477596,1766523781252
5,0.016818325966596603,1766523781652
5,0.01674792543053627,1766523782180
5,0.1227368488907814,1766523782792
5,0.027134161442518234,1766523783251
5,0.030677132308483124,1766523783729
5,0.041262757033109665,1766523784360
5,0.026239968836307526,1766523784897
5,0.016623716801404953,1766523785297
5,0.1187669113278389,1766523785797
5,0.07625553756952286,1766523786477
5,0.13220545649528503,1766523786923
5,0.010521460324525833,1766523787333
5,0.08562622964382172,1766523787961
5,0.10213899612426758,1766523788539
5,0.018687764182686806,1766523788960
5,0.08393774926662445,1766523789481
5,0.014682507142424583,1766523790181
5,0.008724119514226913,1766523790600
5,0.00042641142499633133,1766523791009
5,0.02286050282418728,1766523791553
5,0.036667510867118835,1766523792142
5,0.08910321444272995,1766523792593
5,0.0024372562766075134,1766523793047
5,0.07985730469226837,1766523793695
5,0.028721138834953308,1766523794192
5,0.027508925646543503,1766523794628
5,0.002291041659191251,1766523795170
5,0.0013079764321446419,1766523795795
5,0.01322085876017809,1766523796258
5,9.682099334895611e-05,1766523796718
5,0.10196474194526672,1766523797328
5,0.04731117933988571,1766523797874
5,0.021435488015413284,1766523798296
5,0.02186320349574089,1766523798817
5,0.019312258809804916,1766523799466
5,0.082267627120018,1766523799932
5,0.09697606414556503,1766523800387
5,0.0598907396197319,1766523800945
5,0.05379314720630646,1766523801478
5,0.32532167434692383,1766523801924
5,0.011014683172106743,1766523802377
5,0.011744617484509945,1766523803010
5,0.020708419382572174,1766523803505
5,0.12659022212028503,1766523803947
5,0.0003165069210808724,1766523804498
5,0.12690356373786926,1766523805151
5,0.0008508566534146667,1766523805583
5,0.0069107417948544025,1766523806036
5,0.07878708839416504,1766523806674
5,0.005777481012046337,1766523807194
5,0.026294877752661705,1766523807599
5,0.020003922283649445,1766523808115
5,0.09776616841554642,1766523808751
5,0.005156390368938446,1766523809202
5,0.06086568161845207,1766523809628
5,0.0882762148976326,1766523810251
5,0.010760486125946045,1766523810819
5,0.0020532035268843174,1766523811252
5,0.007014882750809193,1766523811724
5,0.13474641740322113,1766523812389
5,0.03135985508561134,1766523812882
5,0.05024901404976845,1766523813317
5,0.05935363098978996,1766523813964
5,0.0563470795750618,1766523814562
5,0.01269048172980547,1766523814989
5,0.012395956553518772,1766523815486
5,0.14026471972465515,1766523816129
5,0.028956132009625435,1766523816624
5,0.01878916472196579,1766523817076
5,0.09615319967269897,1766523817666
5,0.07287709414958954,1766523818252
5,0.012980707921087742,1766523818700
5,0.004735028836876154,1766523819193
5,0.0069856406189501286,1766523819864
5,0.09089364856481552,1766523820362
5,0.0015387001913040876,1766523820774
5,0.03835265710949898,1766523821385
5,0.012436441145837307,1766523821964
5,0.012051748111844063,1766523822402
5,0.06718507409095764,1766523822872
5,0.09892924875020981,1766523823574
5,0.12091384083032608,1766523824032
5,0.09604138880968094,1766523824459
5,0.0009525995701551437,1766523825080
5,0.043679870665073395,1766523825638
5,0.007705078460276127,1766523826061
5,0.0021433949004858732,1766523826535
5,0.007211081217974424,1766523827486
5,0.02354448288679123,1766523827895
5,0.018045520409941673,1766523828308
5,0.0254469383507967,1766523828917
5,0.027241049334406853,1766523829511
5,0.003193287644535303,1766523829974
5,0.1813512146472931,1766523830445
5,0.10874941945075989,1766523831196
5,0.008870376273989677,1766523831594
5,0.01140868104994297,1766523832007
5,0.0022788590285927057,1766523832635
5,0.3397309482097626,1766523833194
5,0.0030812204349786043,1766523833607
5,0.027046717703342438,1766523834015
5,0.11144067347049713,1766523834740
5,0.010137580335140228,1766523835246
5,0.025766318663954735,1766523835637
5,0.003411862999200821,1766523836188
5,0.037837691605091095,1766523836835
5,0.31018000841140747,1766523837260
5,0.06994090229272842,1766523837695
5,0.008204538375139236,1766523838373
5,0.016440097242593765,1766523838886
5,0.11987456679344177,1766523839330
5,0.08061079680919647,1766523839881
5,0.012691153213381767,1766523840544
5,0.044921014457941055,1766523840971
5,0.05691227689385414,1766523841414
5,0.03900264576077461,1766523842056
5,0.0032971608452498913,1766523842574
5,0.10688726603984833,1766523842990
5,0.0022260218393057585,1766523843494
5,0.008690087124705315,1766523844179
5,0.037660907953977585,1766523844620
5,0.0055006579495966434,1766523845012
5,0.0009098710143007338,1766523845655
5,0.022262418642640114,1766523846302
5,0.00978149101138115,1766523846725
5,0.06361600756645203,1766523847240
5,0.21451276540756226,1766523847925
5,0.02846600115299225,1766523848372
5,0.07114332914352417,1766523848845
5,0.028084995225071907,1766523849498
5,0.06599568575620651,1766523850014
5,0.11281778663396835,1766523850446
5,0.04936347156763077,1766523850935
5,0.0064714038744568825,1766523851671
5,0.024216387420892715,1766523852093
5,0.07296420633792877,1766523852534
5,0.07480615377426147,1766523853202
5,0.1646282970905304,1766523853709
5,0.07503147423267365,1766523854102
5,0.05897841602563858,1766523854599
5,0.01641244627535343,1766523855342
5,0.06661561131477356,1766523855765
5,0.04448923096060753,1766523856179
5,0.01443770807236433,1766523856783
5,0.004090848378837109,1766523857355
5,0.07002408802509308,1766523857792
5,0.008184017613530159,1766523858217
5,0.0025438466109335423,1766523858936
5,0.16507993638515472,1766523859398
5,0.050226159393787384,1766523859808
5,0.011857273057103157,1766523860326
5,0.15024374425411224,1766523861019
5,0.12030604481697083,1766523861463
5,0.16724258661270142,1766523861909
5,0.00703166238963604,1766523862658
5,0.03180276229977608,1766523863128
5,0.04634949192404747,1766523863553
5,0.016939979046583176,1766523864140
5,0.026553615927696228,1766523864795
5,0.08484164625406265,1766523865208
5,0.0271865576505661,1766523865675
5,0.3718694746494293,1766523866401
5,0.019125554710626602,1766523866839
5,0.04379570484161377,1766523867250
5,0.045187726616859436,1766523867848
5,0.019739866256713867,1766523868510
5,0.007097916677594185,1766523868946
5,0.045250535011291504,1766523869389
5,0.005478395149111748,1766523870096
5,0.14551225304603577,1766523870548
5,0.025669362396001816,1766523870952
5,0.04664371907711029,1766523871520
5,0.17343083024024963,1766523872171
5,0.07385458797216415,1766523872622
5,0.03792267292737961,1766523873079
5,0.009764807298779488,1766523873802
5,0.018022915348410606,1766523874271
5,0.1599951535463333,1766523874711
5,0.11456631869077682,1766523875263
5,0.09478496760129929,1766523875931
5,0.00015164016804192215,1766523876339
5,0.09585568308830261,1766523876779
5,0.004400794394314289,1766523877475
5,0.022292539477348328,1766523877960
5,0.06266557425260544,1766523878400
5,0.04205213859677315,1766523878932
5,0.012742388993501663,1766523879616
5,0.002265317365527153,1766523880043
5,0.0053915600292384624,1766523880498
5,0.004872637335211039,1766523881159
5,0.21731731295585632,1766523881667
5,0.1017039567232132,1766523882109
5,0.020373711362481117,1766523882632
5,0.051353879272937775,1766523883314
5,0.255792498588562,1766523883754
5,0.000848618452437222,1766523884198
5,0.04224882274866104,1766523884846
5,0.17799702286720276,1766523885375
5,0.01549157127737999,1766523885801
5,0.17252516746520996,1766523886286
5,0.004890795331448317,1766523886948
5,0.2367560863494873,1766523887399
5,0.038925498723983765,1766523887803
5,0.04807079955935478,1766523888443
5,0.010970376431941986,1766523889024
5,0.14839108288288116,1766523889420
5,0.019023515284061432,1766523889878
5,0.0662987232208252,1766523890517
5,0.03192837908864021,1766523890994
5,0.06234966218471527,1766523891416
5,0.002326510613784194,1766523891955
5,0.08169448375701904,1766523892605
5,0.028116801753640175,1766523893040
5,0.07025544345378876,1766523893526
5,0.008002866990864277,1766523894171
5,0.00408415962010622,1766523894672
5,0.024890340864658356,1766523895102
5,0.005207660607993603,1766523895635
5,0.007170478347688913,1766523896275
5,0.02217268943786621,1766523896713
5,0.08783546090126038,1766523897189
5,0.03189779072999954,1766523897842
5,0.02359168604016304,1766523898386
5,0.08684630692005157,1766523898790
5,0.005972750019282103,1766523899293
5,0.1285855770111084,1766523899961
5,0.018818797543644905,1766523900412
5,0.10051056742668152,1766523900870
5,0.007506431080400944,1766523901504
5,0.05585523694753647,1766523902064
5,0.20294159650802612,1766523902494
5,0.00048429338494315743,1766523902989
5,0.00546851335093379,1766523903668
5,0.022593475878238678,1766523904141
5,0.10234891623258591,1766523904596
5,0.16829892992973328,1766523905208
5,0.07845887541770935,1766523905797
5,0.11665624380111694,1766523906226
5,0.06076214462518692,1766523906722
5,0.015139447525143623,1766523907394
5,0.026959802955389023,1766523907854
5,0.04964873567223549,1766523908265
5,0.0033923506271094084,1766523908842
5,0.06749000400304794,1766523909465
5,0.03863810375332832,1766523909874
5,0.08011781424283981,1766523910351
5,0.12903380393981934,1766523910961
5,0.01750270463526249,1766523911458
5,0.08473312854766846,1766523911871
5,0.07671982795000076,1766523912453
5,0.10031390190124512,1766523913081
5,0.10575444251298904,1766523913529
5,0.0563129261136055,1766523914005
5,0.048033080995082855,1766523914653
5,0.03783699497580528,1766523915153
5,0.017747946083545685,1766523915594
5,0.13471470773220062,1766523916123
5,0.016546258702874184,1766523916782
5,0.07107008993625641,1766523917215
5,0.1000690758228302,1766523917698
5,0.039045024663209915,1766523918339
5,0.0008093120995908976,1766523918894
5,0.20424537360668182,1766523919325
5,0.013009359128773212,1766523919904
5,0.056671544909477234,1766523920531
5,0.004687115084379911,1766523920977
5,0.13935376703739166,1766523921442
5,0.010566705837845802,1766523922086
5,0.037778258323669434,1766523922589
5,0.129508838057518,1766523923035
5,0.012498627416789532,1766523923558
5,0.09921732544898987,1766523924165
5,0.01521025225520134,1766523924595
5,0.025086944922804832,1766523925004
5,0.011534045450389385,1766523925560
5,0.029132846742868423,1766523926205
5,0.08796598017215729,1766523926656
5,0.10485860705375671,1766523927129
5,0.014427890069782734,1766523927804
5,0.030231069773435593,1766523928296
5,0.05059865489602089,1766523928753
5,0.014648118056356907,1766523929342
5,0.11179544776678085,1766523929882
5,0.01901690848171711,1766523930317
5,0.0473911315202713,1766523930771
5,0.007903706282377243,1766523931428
5,0.045105382800102234,1766523931947
5,0.001514756353572011,1766523932385
5,0.00984314177185297,1766523932910
5,0.03745689243078232,1766523933495
5,0.01094190776348114,1766523933949
5,0.08504556864500046,1766523934416
5,0.06603864580392838,1766523935028
5,0.07088775932788849,1766523935577
5,0.0419459268450737,1766523935999
5,0.1052849292755127,1766523936497
5,0.00942357536405325,1766523937110
5,0.022136792540550232,1766523937607
5,0.08606432378292084,1766523938059
5,0.32529351115226746,1766523938664
5,0.08802787959575653,1766523939246
5,0.037158772349357605,1766523939671
5,0.007656814996153116,1766523940216
5,0.0480339452624321,1766523940820
5,0.006071913056075573,1766523941322
5,0.0005596350529231131,1766523941792
5,0.0037261126562952995,1766523942389
5,0.03304082527756691,1766523942951
5,0.010691202245652676,1766523943387
5,0.2891465127468109,1766523943921
5,0.16911989450454712,1766523944553
5,0.18364527821540833,1766523945038
5,0.04960595816373825,1766523945503
5,0.02669985219836235,1766523946104
5,0.13703760504722595,1766523946658
5,0.04574556648731232,1766523947087
5,0.04708216339349747,1766523947604
5,0.07378296554088593,1766523948238
5,0.009402456693351269,1766523948720
5,0.0017532143974676728,1766523949181
5,0.03501620888710022,1766523949796
5,0.011248599737882614,1766523950393
5,0.05449804663658142,1766523950828
5,0.019030503928661346,1766523951347
5,0.05288328975439072,1766523951929
5,0.006922432221472263,1766523952421
5,0.024652045220136642,1766523952885
5,0.024029750376939774,1766523953485
5,0.00788931269198656,1766523954047
5,0.03586423024535179,1766523954473
5,0.007522953674197197,1766523954964
5,0.024943796917796135,1766523955560
5,0.2338714748620987,1766523956086
5,0.004026828333735466,1766523956514
5,0.015081057325005531,1766523957126
5,0.2758652865886688,1766523957689
5,0.12243755906820297,1766523958123
5,0.006041411310434341,1766523958647
5,0.011212057434022427,1766523959279
5,0.04042397812008858,1766523959762
5,0.00024718305212445557,1766523960172
5,0.028606709092855453,1766523960733
5,0.05121370032429695,1766523961324
5,0.09522205591201782,1766523961778
5,0.024730565026402473,1766523962200
5,0.06083923578262329,1766523962790
5,0.18349389731884003,1766523963323
5,0.09951377660036087,1766523963761
5,0.0010702023282647133,1766523964296
5,0.010340928100049496,1766523964898
5,0.030069852247834206,1766523965379
5,0.038716576993465424,1766523965873
5,0.04587196931242943,1766523966476
5,0.14047496020793915,1766523967025
5,0.037533730268478394,1766523967482
5,0.006806226912885904,1766523967983
5,0.0054224468767642975,1766523968603
5,0.04480338096618652,1766523969098
5,0.1494295299053192,1766523969529
5,0.21429915726184845,1766523970112
5,0.1623292863368988,1766523970683
5,0.03945482149720192,1766523971120
5,0.05894206464290619,1766523971612
5,0.05075432360172272,1766523972212
5,0.05200527235865593,1766523972716
5,0.006969409063458443,1766523973181
5,0.03132767230272293,1766523973681
5,0.22633597254753113,1766523974290
5,0.009514715522527695,1766523974763
5,0.011258025653660297,1766523975238
5,0.05115659907460213,1766523975810
5,0.012384596280753613,1766523976397
5,0.03137384355068207,1766523976833
5,0.06137413904070854,1766523977362
5,0.054383836686611176,1766523978009
5,0.017556168138980865,1766523978504
5,0.011099670082330704,1766523978979
5,0.0380251444876194,1766523979580
5,0.03131618723273277,1766523980118
5,0.014046551659703255,1766523980544
5,0.08001108467578888,1766523981045
5,0.022117089480161667,1766523981664
5,0.0916578620672226,1766523982141
5,0.015006927773356438,1766523982589
5,0.006040398497134447,1766523983174
5,0.0334615483880043,1766523983714
5,0.0037208995781838894,1766523984153
5,0.0003367158933542669,1766523984649
5,0.07110831141471863,1766523985292
5,0.12230222672224045,1766523985818
5,0.0024673440493643284,1766523986254
5,0.0038573998026549816,1766523986808
5,0.12643475830554962,1766523987420
5,0.015879420563578606,1766523987870
5,0.06891844421625137,1766523988333
5,0.011716640554368496,1766523988956
5,0.00811468530446291,1766523989485
5,0.07894081622362137,1766523989930
5,0.1043812707066536,1766523990463
5,0.019695088267326355,1766523991061
5,0.012249126099050045,1766523991557
5,0.00873467605561018,1766523992008
5,0.07355150580406189,1766523992653
5,0.26879608631134033,1766523993199
5,0.011644258163869381,1766523993619
5,0.012544292956590652,1766523994127
5,0.059692852199077606,1766523994763
5,0.003754455130547285,1766523995238
5,0.12189295887947083,1766523995717
5,0.011036493815481663,1766523996295
5,0.023870913311839104,1766523996825
5,0.21059049665927887,1766523997243
5,0.11007873713970184,1766523997768
5,0.0864403247833252,1766523998400
5,0.05422847345471382,1766523998901
5,0.05377437174320221,1766523999381
5,0.00014006902347318828,1766523999951
5,0.018241088837385178,1766524000539
5,0.02671801671385765,1766524000972
5,0.0006950167007744312,1766524001499
5,0.015682127326726913,1766524002121
5,0.012253617867827415,1766524002616
5,0.014525995589792728,1766524003096
5,0.0084903659299016,1766524003712
5,0.043972525745630264,1766524004295
5,0.04610700160264969,1766524004738
5,0.2440820336341858,1766524005282
5,0.011175045743584633,1766524005845
5,0.029886426404118538,1766524006349
5,0.008378328755497932,1766524006827
5,0.004055291414260864,1766524007432
5,0.04417089745402336,1766524007989
5,0.0015046147163957357,1766524008412
5,0.02878144569694996,1766524008924
5,0.08794966340065002,1766524009498
5,0.033742573112249374,1766524009985
5,0.03948436677455902,1766524010415
5,0.033951546996831894,1766524010953
5,0.02005847357213497,1766524011564
5,0.021465597674250603,1766524012033
5,0.09916777908802032,1766524012509
5,0.018657004460692406,1766524013120
5,0.0015987214865162969,1766524013647
5,0.014270870015025139,1766524014084
5,0.002270129043608904,1766524014628
5,0.018588334321975708,1766524015237
5,0.15666791796684265,1766524015714
5,0.006496447138488293,1766524016167
5,0.1600482165813446,1766524016784
5,0.02035371959209442,1766524017281
5,0.003915330860763788,1766524017718
5,0.008551604114472866,1766524018211
5,0.0017685715574771166,1766524018822
5,0.059946171939373016,1766524019323
5,0.007139510475099087,1766524019748
5,0.004630810581147671,1766524020310
5,0.06231289356946945,1766524020837
5,0.09029354155063629,1766524021297
5,0.1114754006266594,1766524021732
5,0.02459811232984066,1766524022367
5,0.027028881013393402,1766524022888
5,0.07829086482524872,1766524023321
5,0.05668165534734726,1766524023877
5,0.013826410286128521,1766524024495
5,0.0006223031086847186,1766524024975
5,0.046141378581523895,1766524025434
5,0.030912971124053,1766524026125
5,0.0369282141327858,1766524026697
5,0.25029170513153076,1766524027109
5,0.06587497889995575,1766524027625
5,0.07437853515148163,1766524028158
5,0.01904977485537529,1766524028675
5,0.009643797762691975,1766524029144
5,0.004607478156685829,1766524029726
5,0.044714901596307755,1766524030289
5,0.00975230522453785,1766524030728
5,0.0007872686255723238,1766524031234
5,0.0007644349825568497,1766524031813
5,0.027379468083381653,1766524032347
5,0.09228218346834183,1766524032776
5,0.08265578001737595,1766524033338
5,0.015370151959359646,1766524033916
5,0.004482010379433632,1766524034374
5,0.02424675226211548,1766524034841
5,0.08160585165023804,1766524035417
5,0.02671888843178749,1766524035971
5,0.009061119519174099,1766524036420
5,0.13118283450603485,1766524036920
5,0.01652667485177517,1766524037511
5,0.030734790489077568,1766524038003
5,0.00305797066539526,1766524038473
5,0.07257403433322906,1766524039088
5,0.0010934202000498772,1766524039665
5,0.2687202990055084,1766524040067
5,0.11531515419483185,1766524040578
5,0.034134458750486374,1766524041162
5,0.07964502274990082,1766524041650
5,0.014085408300161362,1766524042077
5,0.07649300247430801,1766524042634
5,0.06555604934692383,1766524043236
5,0.0012061863671988249,1766524043690
5,0.007277701981365681,1766524044164
5,0.018223432824015617,1766524044761
5,0.06549888104200363,1766524045301
5,0.0013996181078255177,1766524045722
5,0.008383731357753277,1766524046320
5,0.010451877489686012,1766524046945
5,0.0007247136672958732,1766524047421
5,0.03812497854232788,1766524047883
5,0.00836965348571539,1766524048525
5,0.004667614120990038,1766524049033
5,0.0024671130813658237,1766524049452
5,0.1699533313512802,1766524049982
5,0.0034170453436672688,1766524050564
5,0.05311618372797966,1766524051039
5,0.014158913865685463,1766524051494
5,0.0031315754167735577,1766524052088
5,0.0018277515191584826,1766524052617
5,0.009596209973096848,1766524053043
5,0.18607157468795776,1766524053537
5,0.007789018098264933,1766524054138
6,0.021564865484833717,1766524054661
6,0.282726913690567,1766524055070
6,0.0196156557649374,1766524055630
6,0.06922078132629395,1766524056240
6,0.09201028943061829,1766524056667
6,0.019611386582255363,1766524057134
6,0.05420609936118126,1766524057707
6,0.006001138128340244,1766524058285
6,0.07731124013662338,1766524058719
6,0.08270902931690216,1766524059192
6,0.013349026441574097,1766524059867
6,0.0152888810262084,1766524060329
6,0.0014512470224872231,1766524060796
6,0.016511408612132072,1766524061424
6,0.026254696771502495,1766524061984
6,0.028358761221170425,1766524062397
6,0.005470434203743935,1766524062868
6,0.016334084793925285,1766524063566
6,0.0016631498001515865,1766524064041
6,0.21518385410308838,1766524064504
6,0.005234717391431332,1766524065072
6,0.12567612528800964,1766524065661
6,0.10161913931369781,1766524066094
6,0.049571290612220764,1766524066556
6,0.007579919882118702,1766524067180
6,0.01805754005908966,1766524067665
6,0.07178305834531784,1766524068098
6,0.18108521401882172,1766524068641
6,0.1412796825170517,1766524069263
6,0.042944926768541336,1766524069695
6,0.0035142372362315655,1766524070119
6,0.011838150210678577,1766524070711
6,0.014401040971279144,1766524071265
6,0.014222738333046436,1766524071708
6,0.0031359740532934666,1766524072212
6,0.0788760781288147,1766524072852
6,0.001601777388714254,1766524073356
6,0.002064563799649477,1766524073795
6,0.011574315838515759,1766524074326
6,0.019702501595020294,1766524074883
6,0.01033192127943039,1766524075335
6,0.06498149782419205,1766524075779
6,0.05731651186943054,1766524076388
6,0.0014348900876939297,1766524076906
6,0.14143691956996918,1766524077339
6,0.0404304675757885,1766524077876
6,0.0009837251855060458,1766524078491
6,0.00722936075180769,1766524078951
6,0.0016438796883448958,1766524079422
6,0.00798092782497406,1766524080019
6,0.04644342139363289,1766524080588
6,0.006432577036321163,1766524081007
6,0.0007467552786692977,1766524081518
6,0.002876135054975748,1766524082073
6,0.18038183450698853,1766524082633
6,0.049619410187006,1766524083094
6,0.05024304986000061,1766524083719
6,0.0029038293287158012,1766524084283
6,0.016480932012200356,1766524084758
6,0.1305777132511139,1766524085264
6,0.0024475259706377983,1766524085853
6,0.21842961013317108,1766524086379
6,0.0015892335213720798,1766524086838
6,0.0030878677498549223,1766524087410
6,0.0002463566488586366,1766524087954
6,0.1833144724369049,1766524088382
6,0.0051245540380477905,1766524088919
6,0.012331928126513958,1766524089516
6,0.009838336147367954,1766524090046
6,0.008046381175518036,1766524090512
6,0.009640210308134556,1766524091064
6,0.13007265329360962,1766524091622
6,0.02582061104476452,1766524092064
6,0.016293840482831,1766524092579
6,0.03882464021444321,1766524093154
6,0.35194313526153564,1766524093653
6,0.011378920637071133,1766524094084
6,0.012391569092869759,1766524094621
6,0.023632284253835678,1766524095205
6,0.0501718744635582,1766524095702
6,0.018678903579711914,1766524096195
6,0.13177607953548431,1766524096796
6,0.05463622882962227,1766524097328
6,0.0030080419965088367,1766524097806
6,0.002471985761076212,1766524098370
6,0.04997800290584564,1766524098982
6,0.16396020352840424,1766524099469
6,0.006974993739277124,1766524099950
6,0.08062434941530228,1766524100534
6,0.10787102580070496,1766524101078
6,0.37185609340667725,1766524101536
6,0.0547473281621933,1766524102108
6,0.0065599046647548676,1766524102623
6,0.016152381896972656,1766524103108
6,0.04159305989742279,1766524103572
6,0.029255151748657227,1766524104155
6,0.028401296585798264,1766524104707
6,0.05894814059138298,1766524105186
6,0.07374934107065201,1766524105745
6,0.059710122644901276,1766524106299
6,0.03096689283847809,1766524106845
6,0.029629718512296677,1766524107324
6,0.043799202889204025,1766524107900
6,0.06936503946781158,1766524108455
6,0.03288956359028816,1766524108904
6,0.007299182470887899,1766524109467
6,0.029896019026637077,1766524110003
6,0.027527399361133575,1766524110529
6,0.028952129185199738,1766524110986
6,0.023724263533949852,1766524111532
6,0.003608160652220249,1766524112053
6,0.026263833045959473,1766524112559
6,0.04215938225388527,1766524113101
6,0.28382638096809387,1766524113605
6,0.022808343172073364,1766524114139
6,0.05258110165596008,1766524114595
6,0.0015995567664504051,1766524115165
6,0.08101021498441696,1766524115686
6,0.06926344335079193,1766524116173
6,0.08543149381875992,1766524116704
6,0.06773243844509125,1766524117253
6,0.00647883303463459,1766524117757
6,0.013034550473093987,1766524118249
6,0.1696060299873352,1766524118827
6,0.10915842652320862,1766524119344
6,0.03212127462029457,1766524119880
6,0.027576904743909836,1766524120356
6,0.037273213267326355,1766524120884
6,0.056677334010601044,1766524121392
6,0.059841759502887726,1766524121827
6,0.03637465834617615,1766524122388
6,0.005005467217415571,1766524122867
6,0.005395282991230488,1766524123409
6,0.004280311521142721,1766524123872
6,0.13119079172611237,1766524124412
6,0.005540619138628244,1766524124921
6,0.005912862718105316,1766524125396
6,0.018840475007891655,1766524125891
6,0.11358515173196793,1766524126392
6,0.12275899946689606,1766524126894
6,0.0277644544839859,1766524127389
6,0.05105598643422127,1766524127993
6,0.01022301148623228,1766524128519
6,0.37336593866348267,1766524129042
6,0.009764211252331734,1766524129542
6,0.052925460040569305,1766524130079
6,0.008024283684790134,1766524130600
6,0.020283875986933708,1766524131099
6,0.13991332054138184,1766524131615
6,0.031220417469739914,1766524132148
6,0.09885857999324799,1766524132650
6,0.0014708724338561296,1766524133123
6,0.06322561204433441,1766524133728
6,0.0011316102463752031,1766524134299
6,0.04797147586941719,1766524134765
6,0.010548336431384087,1766524135352
6,0.013691181316971779,1766524135887
6,0.07491087168455124,1766524136393
6,0.00692253140732646,1766524136858
6,0.01605321653187275,1766524137450
6,0.0445748046040535,1766524138004
6,0.004342309199273586,1766524138444
6,0.016271241009235382,1766524139007
6,0.012093275785446167,1766524139603
6,0.004287634510546923,1766524140112
6,0.016522495076060295,1766524140596
6,0.03615253046154976,1766524141150
6,0.11601854860782623,1766524141694
6,0.07427708059549332,1766524142139
6,0.018658682703971863,1766524142669
6,0.03770372271537781,1766524143264
6,0.021021053194999695,1766524143814
6,0.15904124081134796,1766524144274
6,0.01825176179409027,1766524144838
6,0.022346623241901398,1766524145396
6,0.008136004209518433,1766524145889
6,0.017271311953663826,1766524146429
6,0.02407492697238922,1766524146979
6,0.008458690717816353,1766524147445
6,0.0023586363531649113,1766524147941
6,0.005447191186249256,1766524148686
6,0.0015992224216461182,1766524149090
6,0.001589626306667924,1766524149500
6,0.10899209976196289,1766524150066
6,0.0002200677408836782,1766524150671
6,0.0008105117594823241,1766524151080
6,0.002235498046502471,1766524151493
6,0.0024091165978461504,1766524152164
6,0.010357758030295372,1766524152703
6,0.003510880284011364,1766524153138
6,0.01799309253692627,1766524153643
6,0.041186969727277756,1766524154299
6,0.007544156163930893,1766524154706
6,0.323352575302124,1766524155110
6,0.06343123316764832,1766524155690
6,0.04572373628616333,1766524156310
6,0.003972585313022137,1766524156718
6,0.03761820122599602,1766524157177
6,0.00645079929381609,1766524157896
6,0.03397103026509285,1766524158336
6,0.03979929909110069,1766524158749
6,0.0014338799519464374,1766524159344
6,0.15245547890663147,1766524160008
6,0.005623015575110912,1766524160434
6,0.04392470419406891,1766524160891
6,0.03668561205267906,1766524161564
6,0.03125603124499321,1766524162053
6,0.04238409921526909,1766524162456
6,0.06233381852507591,1766524162989
6,0.30922386050224304,1766524163642
6,0.0290969405323267,1766524164044
6,0.0022293301299214363,1766524164506
6,0.019241858273744583,1766524165112
6,0.01898229867219925,1766524165665
6,0.0001827130327001214,1766524166112
6,0.001009834581054747,1766524166623
6,0.06251094490289688,1766524167333
6,0.023997198790311813,1766524167764
6,0.016316009685397148,1766524168211
6,0.09514665603637695,1766524168843
6,0.07664041221141815,1766524169373
6,0.12515011429786682,1766524169783
6,0.09350518882274628,1766524170249
6,0.28081387281417847,1766524170860
6,0.07132376730442047,1766524171293
6,0.00808309018611908,1766524171692
6,0.06939991563558578,1766524172185
6,0.007909733802080154,1766524172894
6,0.0065319593995809555,1766524173285
6,0.050818972289562225,1766524173702
6,0.008197999559342861,1766524174300
6,0.02552216872572899,1766524174912
6,0.029729705303907394,1766524175334
6,0.002303787274286151,1766524175830
6,0.048085689544677734,1766524176570
6,0.059537675231695175,1766524177023
6,0.011788543313741684,1766524177457
6,0.007403204683214426,1766524178028
6,0.040980901569128036,1766524178629
6,0.12113426625728607,1766524179052
6,0.062218885868787766,1766524179496
6,0.10374608635902405,1766524180201
6,0.0030957465060055256,1766524180663
6,0.019860247150063515,1766524181110
6,0.0039045570883899927,1766524181636
6,0.010447121225297451,1766524182273
6,0.069036103785038,1766524182713
6,0.02575739473104477,1766524183143
6,0.01040632463991642,1766524183839
6,0.026016175746917725,1766524184326
6,0.03097836673259735,1766524184742
6,0.012915716506540775,1766524185297
6,0.02108660712838173,1766524185923
6,0.16452088952064514,1766524186368
6,0.21630021929740906,1766524186816
6,0.12346664816141129,1766524187539
6,0.014507473446428776,1766524188065
6,0.003015427850186825,1766524188482
6,0.008889549411833286,1766524189042
6,0.01063205674290657,1766524189677
6,0.07456804066896439,1766524190098
6,0.013117493130266666,1766524190575
6,0.03904343768954277,1766524191245
6,0.005528550129383802,1766524191754
6,0.10872600227594376,1766524192192
6,0.1532377302646637,1766524192743
6,0.05233677476644516,1766524193381
6,0.013608003966510296,1766524193804
6,0.016840331256389618,1766524194270
6,0.031444188207387924,1766524194893
6,0.014219051226973534,1766524195457
6,0.021435439586639404,1766524195884
6,0.17728285491466522,1766524196454
6,0.001043192227371037,1766524197117
6,0.1154286190867424,1766524197542
6,0.0029115891084074974,1766524197988
6,0.004567324183881283,1766524198666
6,0.09762564301490784,1766524199175
6,0.06273699551820755,1766524199610
6,0.0721932053565979,1766524200151
6,0.03651351481676102,1766524200825
6,0.05910449102520943,1766524201250
6,0.022486617788672447,1766524201705
6,0.007547670975327492,1766524202375
6,0.06677473336458206,1766524202917
6,0.043658651411533356,1766524203339
6,0.03352716937661171,1766524203875
6,0.24731263518333435,1766524204572
6,0.14347609877586365,1766524204994
6,0.012181884609162807,1766524205426
6,0.007213772274553776,1766524206091
6,0.008517613634467125,1766524206621
6,0.05806075036525726,1766524207046
6,0.028781985864043236,1766524207574
6,0.007424555253237486,1766524208247
6,0.03377317637205124,1766524208674
6,0.0012487828498706222,1766524209119
6,0.001463971915654838,1766524209780
6,0.032500140368938446,1766524210335
6,0.01226826012134552,1766524210772
6,0.055670201778411865,1766524211321
6,0.06310111284255981,1766524211995
6,0.007423902861773968,1766524212416
6,0.007125388830900192,1766524212880
6,0.0009360199910588562,1766524213578
6,0.01921899802982807,1766524214064
6,0.15955673158168793,1766524214490
6,0.11744052171707153,1766524214994
6,0.04212874174118042,1766524215639
6,0.007772108539938927,1766524216081
6,0.0029144033323973417,1766524216531
6,0.27927064895629883,1766524217174
6,0.08082250505685806,1766524217739
6,0.11456376314163208,1766524218147
6,0.06834428012371063,1766524218663
6,0.07013937830924988,1766524219342
6,0.02541320212185383,1766524219801
6,0.0353541262447834,1766524220241
6,0.027421656996011734,1766524220886
6,0.2754741609096527,1766524221461
6,0.2744208574295044,1766524221876
6,0.011946013197302818,1766524222365
6,0.04964060336351395,1766524223066
6,0.0013761596055701375,1766524223536
6,0.0068556321784853935,1766524223976
6,0.06170099601149559,1766524224662
6,0.06751691550016403,1766524225219
6,0.19877806305885315,1766524225633
6,0.13111233711242676,1766524226125
6,0.021920006722211838,1766524226743
6,0.1750442087650299,1766524227190
6,0.10198366641998291,1766524227603
6,0.04396050423383713,1766524228143
6,0.05016641318798065,1766524228783
6,0.08861657232046127,1766524229200
6,0.025238418951630592,1766524229624
6,0.042719416320323944,1766524230298
6,0.041947633028030396,1766524230786
6,0.014861809089779854,1766524231232
6,0.0054351408034563065,1766524231707
6,0.01842896081507206,1766524232388
6,0.14440111815929413,1766524232832
6,0.012474353425204754,1766524233267
6,0.040505848824977875,1766524233926
6,0.052217427641153336,1766524234501
6,0.1899578869342804,1766524234907
6,0.06393036246299744,1766524235421
6,0.02494754269719124,1766524236099
6,0.0027347637806087732,1766524236543
6,0.01495633739978075,1766524236961
6,0.03630050644278526,1766524237632
6,0.036995526403188705,1766524238226
6,0.026758572086691856,1766524238652
6,0.0034574943128973246,1766524239164
6,0.004952241666615009,1766524239869
6,0.034181926399469376,1766524240305
6,0.0213758647441864,1766524240725
6,0.050842076539993286,1766524241364
6,0.15033358335494995,1766524241917
6,0.040145955979824066,1766524242337
6,0.0028988560661673546,1766524242817
6,0.09997706115245819,1766524243466
6,0.029393795877695084,1766524243948
6,0.04955964535474777,1766524244370
6,0.10371023416519165,1766524245022
6,0.06555110961198807,1766524245646
6,0.026175523176789284,1766524246068
6,0.079836405813694,1766524246560
6,0.001474043121561408,1766524247232
6,0.0035660702269524336,1766524247686
6,0.05756121873855591,1766524248108
6,0.06925196945667267,1766524248701
6,0.009050567634403706,1766524249285
6,0.05969403684139252,1766524249713
6,0.041338931769132614,1766524250174
6,0.04943868890404701,1766524250880
6,0.08324306458234787,1766524251374
6,0.016327742487192154,1766524251790
6,0.006130998022854328,1766524252332
6,0.17663466930389404,1766524253005
6,0.001870019594207406,1766524253426
6,0.05725704878568649,1766524253848
6,0.03247813135385513,1766524254559
6,0.0036758326459676027,1766524255053
6,0.02151869796216488,1766524255489
6,0.05180981755256653,1766524256067
6,0.06583882868289948,1766524256657
6,0.06539256870746613,1766524257087
6,0.007331264205276966,1766524257513
6,0.2408779412508011,1766524258147
6,0.011528462171554565,1766524258687
6,0.040584858506917953,1766524259102
6,0.1185539960861206,1766524259635
6,0.033057767897844315,1766524260321
6,0.005245788488537073,1766524260757
6,0.08261264860630035,1766524261187
6,0.007555735297501087,1766524261849
6,0.032265208661556244,1766524262402
6,0.06463577598333359,1766524262810
6,0.022182151675224304,1766524263319
6,0.0066556488163769245,1766524264020
6,0.0011409434955567122,1766524264469
6,0.0025139590725302696,1766524264916
6,0.003399440087378025,1766524265605
6,0.003968270029872656,1766524266133
6,0.03991347923874855,1766524266534
6,0.20031198859214783,1766524267080
6,0.0044130971655249596,1766524267774
6,0.019796714186668396,1766524268201
6,0.01102797407656908,1766524268629
6,0.007952830754220486,1766524269265
6,0.004220110829919577,1766524269824
6,0.0022119502536952496,1766524270258
6,0.02177189104259014,1766524270764
6,0.06370146572589874,1766524271458
6,0.011369498446583748,1766524271916
6,0.03943125903606415,1766524272350
6,0.0397782139480114,1766524273071
6,0.08482518047094345,1766524273594
6,0.0445186011493206,1766524274029
6,0.04290015622973442,1766524274552
6,0.011336594820022583,1766524275231
6,0.010220753960311413,1766524275683
6,0.0033474869560450315,1766524276116
6,0.024786479771137238,1766524276737
6,0.03479090705513954,1766524277273
6,0.11793907731771469,1766524277685
6,0.023974012583494186,1766524278169
6,0.0024805942084640265,1766524278880
6,0.10649999231100082,1766524279314
6,0.04492272436618805,1766524279762
6,0.051325347274541855,1766524280378
6,0.0636221319437027,1766524280960
6,0.002717235591262579,1766524281374
6,0.07790202647447586,1766524281823
6,0.0010753099340945482,1766524282531
6,0.0038004224188625813,1766524283010
6,0.010145101696252823,1766524283432
6,0.17864036560058594,1766524284024
6,0.004293434321880341,1766524284633
6,0.03948564827442169,1766524285062
6,0.04645632952451706,1766524285512
6,0.05676259845495224,1766524286210
6,0.0840676799416542,1766524286722
6,0.017093630507588387,1766524287144
6,0.004802674055099487,1766524287702
6,0.0022903764620423317,1766524288315
6,0.06238532066345215,1766524288727
6,0.01990182138979435,1766524289174
6,0.06701869517564774,1766524289783
6,0.0021728549618273973,1766524290295
6,0.00711689330637455,1766524290695
6,0.04983564093708992,1766524291143
6,0.019970538094639778,1766524291832
6,0.004327763803303242,1766524292309
6,0.007029624655842781,1766524292715
6,0.020462026819586754,1766524293320
6,0.017845915630459785,1766524293939
6,0.005289569031447172,1766524294384
6,0.0006063886103220284,1766524294875
6,0.07596739381551743,1766524295608
6,0.026456039398908615,1766524296075
6,0.004459057003259659,1766524296527
6,0.0034761386923491955,1766524297201
6,0.002292174380272627,1766524297714
6,0.08938705176115036,1766524298147
6,0.04745598882436752,1766524298617
6,0.0051310695707798,1766524299292
6,0.05578118562698364,1766524299722
6,0.026439376175403595,1766524300135
6,0.005690507125109434,1766524300689
6,0.0007071911823004484,1766524301340
6,0.017342884093523026,1766524301771
6,0.0020566831808537245,1766524302252
6,0.0033639916218817234,1766524302948
6,0.03364289924502373,1766524303399
6,0.0016173971816897392,1766524303831
6,0.041320301592350006,1766524304375
6,0.05332770198583603,1766524305033
6,0.0882229134440422,1766524305465
6,0.13755956292152405,1766524305896
6,0.11774787306785583,1766524306564
6,0.005901278927922249,1766524307063
6,0.008048171177506447,1766524307499
6,0.024586128070950508,1766524308007
6,0.006177268456667662,1766524308697
6,0.021261759102344513,1766524309155
6,0.03412019833922386,1766524309588
6,0.035621244460344315,1766524310200
6,0.013680100440979004,1766524310787
6,0.10082044452428818,1766524311222
6,0.01190921664237976,1766524311749
6,0.029999366030097008,1766524312462
6,0.003259472781792283,1766524312877
6,0.056159790605306625,1766524313289
6,0.09398562461137772,1766524313926
6,0.001110232900828123,1766524314488
6,0.011298307217657566,1766524314920
6,0.003411402925848961,1766524315410
6,0.021157484501600266,1766524316142
6,0.09853784739971161,1766524316581
6,0.0015878158155828714,1766524317023
6,0.01538304053246975,1766524317712
6,0.007290689740329981,1766524318246
6,0.0024851292837411165,1766524318637
6,0.08822253346443176,1766524319093
6,0.0006728326552547514,1766524319805
6,0.09119652211666107,1766524320255
6,0.0014669096563011408,1766524320722
6,0.03948063403367996,1766524321357
6,0.0038562382105737925,1766524321925
6,0.0047226897440850735,1766524322358
6,0.08533810824155807,1766524322854
6,0.012722889892756939,1766524323523
6,0.005929514300078154,1766524323968
6,0.03749857842922211,1766524324412
6,0.10784728080034256,1766524325084
6,0.00571312103420496,1766524325659
6,0.10414795577526093,1766524326088
6,0.24315017461776733,1766524326571
6,0.001978850457817316,1766524327244
6,0.01336582936346531,1766524327675
6,0.0022418166045099497,1766524328100
6,0.048910584300756454,1766524328661
6,0.06884051114320755,1766524329266
6,0.002724928082898259,1766524329687
6,0.00459857564419508,1766524330140
6,0.006088098511099815,1766524330828
6,0.0009196230093948543,1766524331331
6,0.0027882237918674946,1766524331762
6,0.12061406672000885,1766524332314
6,0.01177765242755413,1766524332995
6,0.0676562637090683,1766524333414
6,0.005220543593168259,1766524333910
6,0.0071084825322031975,1766524334671
6,0.040391888469457626,1766524335110
6,0.07968594878911972,1766524335521
6,0.021832970902323723,1766524336122
6,0.09532415866851807,1766524336734
6,0.09155530482530594,1766524337133
6,0.1083686500787735,1766524337575
6,0.12321705371141434,1766524338274
6,0.015065689571201801,1766524338775
6,0.007978581823408604,1766524339198
6,0.09261780977249146,1766524339792
6,0.12949097156524658,1766524340446
6,0.04553753510117531,1766524340883
6,0.00434311106801033,1766524341348
6,0.021957768127322197,1766524342045
6,0.0008877504151314497,1766524342544
6,0.051365748047828674,1766524342974
6,0.16642235219478607,1766524343612
6,0.028244685381650925,1766524344228
6,0.016997316852211952,1766524344644
6,0.021702546626329422,1766524345131
6,0.03531713783740997,1766524345879
6,0.17586086690425873,1766524346317
6,0.05176859349012375,1766524346741
6,0.032854750752449036,1766524347380
6,0.005771851632744074,1766524347975
6,0.01751376874744892,1766524348380
6,0.041170183569192886,1766524348821
6,0.20466828346252441,1766524349582
6,0.04127237945795059,1766524350006
6,0.012960084713995457,1766524350415
6,0.0010768603533506393,1766524351017
6,0.01820012368261814,1766524351606
6,0.1486632376909256,1766524352033
6,0.0871640294790268,1766524352518
6,0.040736109018325806,1766524353251
6,0.0073524159379303455,1766524353716
6,0.01002269983291626,1766524354150
6,0.15202951431274414,1766524354763
6,0.006391498260200024,1766524355364
6,0.0018295575864613056,1766524355808
6,0.013477934524416924,1766524356293
6,0.01511344499886036,1766524357025
6,0.16694502532482147,1766524357480
6,0.024258742108941078,1766524357896
6,0.06767687946557999,1766524358581
6,0.04334750398993492,1766524359126
6,0.1022634357213974,1766524359562
6,0.10744596272706985,1766524360069
6,0.06179869920015335,1766524360809
6,0.2359485775232315,1766524361238
6,0.05434704199433327,1766524361688
6,0.01084180362522602,1766524362328
6,0.010802390053868294,1766524362874
6,0.05728088319301605,1766524363315
6,0.14142882823944092,1766524363815
6,0.017753545194864273,1766524364541
6,0.04628574475646019,1766524364976
6,0.1065477803349495,1766524365407
6,0.015094210393726826,1766524366052
6,0.01965266838669777,1766524366607
6,0.12661340832710266,1766524367027
6,0.01579422689974308,1766524367924
6,0.0035528368316590786,1766524368488
6,0.013652026653289795,1766524368933
6,0.0679757297039032,1766524369387
6,0.025771643966436386,1766524370128
6,0.008465979248285294,1766524370578
6,0.0012199773918837309,1766524370964
6,0.013334602117538452,1766524371488
6,0.028823450207710266,1766524372163
6,0.20081612467765808,1766524372606
6,0.03375217318534851,1766524373057
6,0.08872547000646591,1766524373762
6,0.057462435215711594,1766524374230
6,0.014452977105975151,1766524374676
6,0.023435093462467194,1766524375188
6,0.01965995877981186,1766524375876
6,0.0006343121640384197,1766524376296
6,0.02295644022524357,1766524376746
6,0.0566028356552124,1766524377497
6,0.011955102905631065,1766524377965
6,0.012282644398510456,1766524378409
6,0.028587892651557922,1766524378973
6,0.03485620394349098,1766524379624
6,0.023305533453822136,1766524380058
6,0.04030171036720276,1766524380522
6,0.001454058918170631,1766524381258
6,0.010683545842766762,1766524381708
6,0.009586913511157036,1766524382132
6,0.15949870645999908,1766524382737
6,0.04360073059797287,1766524383319
6,0.04849037155508995,1766524383765
6,0.04606035351753235,1766524384237
6,0.041376274079084396,1766524384971
6,0.009134013205766678,1766524385432
6,0.0076530249789357185,1766524385867
6,0.04934290423989296,1766524386561
6,0.024051735177636147,1766524387142
6,0.002452749526128173,1766524387543
6,0.02255922183394432,1766524388022
6,0.0276416577398777,1766524388716
6,0.022508418187499046,1766524389163
6,0.010669362731277943,1766524389604
6,0.011721786111593246,1766524390208
6,0.016675924882292747,1766524390764
6,0.03387165442109108,1766524391192
6,0.039979081600904465,1766524391619
6,0.005089345388114452,1766524392298
6,0.004606580827385187,1766524392769
6,0.0028478759340941906,1766524393166
6,0.02756665274500847,1766524393639
6,0.14124572277069092,1766524394358
6,0.11972066760063171,1766524394784
6,0.0073870583437383175,1766524395244
6,0.02922799251973629,1766524395892
6,0.05382993072271347,1766524396463
6,0.028409050777554512,1766524396897
6,0.004223905969411135,1766524397395
6,0.16376188397407532,1766524398068
6,0.013934751972556114,1766524398523
6,0.0004661563434638083,1766524398969
6,0.00033437623642385006,1766524399653
6,0.006984309293329716,1766524400221
6,0.09065316617488861,1766524400634
6,0.03911823779344559,1766524401128
6,0.0126821743324399,1766524401852
6,0.0553208664059639,1766524402291
6,0.0010675316443666816,1766524402739
6,0.012580427341163158,1766524403407
6,0.0015487889759242535,1766524403937
6,0.002951995236799121,1766524404352
6,0.1118074506521225,1766524404852
6,0.007805785164237022,1766524405569
6,0.05967249721288681,1766524405978
6,0.007033001631498337,1766524406384
6,0.00043209962313994765,1766524406979
6,0.05357692018151283,1766524407573
6,0.054712262004613876,1766524408000
6,0.042759716510772705,1766524408473
6,0.019182300195097923,1766524409218
6,0.0009022249141708016,1766524409643
6,0.03762468323111534,1766524410072
6,0.05682436004281044,1766524410675
6,0.0230250246822834,1766524411280
6,0.02407517097890377,1766524411698
6,0.010498433373868465,1766524412177
6,0.013540182262659073,1766524412899
6,0.013791612349450588,1766524413337
6,0.035704951733350754,1766524413777
6,0.00047603933489881456,1766524414402
6,0.06467463821172714,1766524415014
6,0.013892841525375843,1766524415426
6,0.00392264686524868,1766524415863
6,0.059184927493333817,1766524416578
6,0.041484639048576355,1766524417058
6,0.000610405346378684,1766524417467
6,0.01764199137687683,1766524418040
6,0.15272092819213867,1766524418664
6,0.06024276465177536,1766524419088
6,0.0009578161407262087,1766524419553
6,0.0011397175258025527,1766524420270
6,0.17103369534015656,1766524420745
6,0.0031952818389981985,1766524421167
6,0.01164413895457983,1766524421700
6,0.0005235947901383042,1766524422386
6,0.04122692346572876,1766524422803
6,0.13654550909996033,1766524423260
6,0.006297655403614044,1766524423934
6,0.18936514854431152,1766524424449
6,0.10037464648485184,1766524424871
6,0.026184193789958954,1766524425437
6,0.008513905107975006,1766524426111
6,0.031866397708654404,1766524426550
6,0.004555151332169771,1766524427015
6,0.16376659274101257,1766524427683
6,0.009358633309602737,1766524428204
6,0.00716538168489933,1766524428620
6,0.010302141308784485,1766524429127
6,0.06774788349866867,1766524429724
6,0.010237105190753937,1766524430185
6,0.00969865545630455,1766524430600
6,0.04893335700035095,1766524431227
6,0.021553151309490204,1766524431827
6,0.03546430170536041,1766524432257
6,0.0037398869171738625,1766524432773
6,0.008990414440631866,1766524433430
6,0.02250988967716694,1766524433887
6,0.04540998116135597,1766524434334
6,0.04188942536711693,1766524434911
6,0.07754155248403549,1766524435508
6,0.07331522554159164,1766524435944
6,0.05703523010015488,1766524436460
6,0.02959507331252098,1766524437090
6,0.003942797891795635,1766524437571
6,0.0007851316477172077,1766524438026
6,0.14900124073028564,1766524438614
6,0.0031520589254796505,1766524439204
6,0.13618232309818268,1766524439648
6,0.25894105434417725,1766524440170
6,0.02286902815103531,1766524440802
6,0.01132256630808115,1766524441313
6,0.02288806065917015,1766524441752
6,0.023803118616342545,1766524442321
6,0.00517883338034153,1766524442911
6,0.03086049109697342,1766524443330
6,0.04429437220096588,1766524443829
6,0.010271864011883736,1766524444486
6,0.039611343294382095,1766524444970
6,0.13575121760368347,1766524445421
6,0.0007449851837009192,1766524446055
6,0.007413337007164955,1766524446629
6,0.03955574706196785,1766524447051
6,0.030589845031499863,1766524447554
6,0.011126606725156307,1766524448225
6,0.1850799024105072,1766524448675
6,0.08749953657388687,1766524449133
6,0.09266263246536255,1766524449735
6,0.10964986681938171,1766524450351
6,0.009089898318052292,1766524450795
6,0.017497021704912186,1766524451349
6,0.03967231139540672,1766524451987
6,0.05204833298921585,1766524452446
6,0.03875119984149933,1766524452890
6,0.0058878688141703606,1766524453469
6,0.005241641774773598,1766524454059
6,0.03867223486304283,1766524454481
6,0.0005107999313622713,1766524455006
6,0.005828052293509245,1766524455663
6,0.017234530299901962,1766524456151
6,0.12241915613412857,1766524456609
6,0.2629522383213043,1766524457192
6,0.07703595608472824,1766524457765
6,0.042453788220882416,1766524458177
6,0.07727360725402832,1766524458672
6,0.02865876816213131,1766524459313
6,0.15755021572113037,1766524459809
6,0.1198389083147049,1766524460256
6,0.002641655271872878,1766524460844
6,0.09950165450572968,1766524461441
6,0.0006160319317132235,1766524461882
6,0.0059480625204741955,1766524462374
6,0.02787013165652752,1766524463003
6,0.000896246696356684,1766524463518
6,0.005717249121516943,1766524463965
6,0.11668331176042557,1766524464553
6,0.0419326089322567,1766524465160
6,0.009852001443505287,1766524465596
6,0.049258023500442505,1766524466073
6,0.1029481291770935,1766524466718
6,0.018141720443964005,1766524467199
6,0.009594869799911976,1766524467640
6,0.005205361172556877,1766524468164
6,0.05027446523308754,1766524468783
6,0.25744080543518066,1766524469209
6,0.0037962780334055424,1766524469690
6,0.0625501498579979,1766524470287
6,0.2835831940174103,1766524470810
6,0.020445052534341812,1766524471221
6,0.0014725342625752091,1766524471741
6,0.03656088560819626,1766524472388
6,0.05953606963157654,1766524472874
6,0.0017276043072342873,1766524473337
6,0.02110605500638485,1766524473963
6,0.0014258499722927809,1766524474538
6,0.013362208381295204,1766524474987
6,0.19404073059558868,1766524475583
6,0.07769253849983215,1766524476169
6,0.07124099880456924,1766524476636
6,0.22909854352474213,1766524477086
6,0.03983967378735542,1766524477672
6,0.04183350130915642,1766524478216
6,0.01042346004396677,1766524478656
6,0.009561872109770775,1766524479176
6,0.08627502620220184,1766524479766
6,0.21297836303710938,1766524480238
6,0.0033758156932890415,1766524480697
6,0.00518763717263937,1766524481272
6,0.0005760273197665811,1766524481820
6,0.04138677194714546,1766524482272
6,0.00403367867693305,1766524482718
6,0.000560503511223942,1766524483317
6,0.0010144823463633657,1766524483838
6,0.11418723315000534,1766524484253
6,0.2976900041103363,1766524484752
6,0.07719983160495758,1766524485361
6,0.0845932736992836,1766524485842
6,0.0676407590508461,1766524486290
6,0.002299289219081402,1766524486835
6,0.006158917676657438,1766524487541
6,0.11967221647500992,1766524488070
6,0.20619270205497742,1766524488638
6,0.02566959522664547,1766524489245
6,0.011239271610975266,1766524489732
6,0.01834951713681221,1766524490180
6,0.16827081143856049,1766524490766
6,0.012123974040150642,1766524491307
6,0.014411376789212227,1766524491753
6,0.05579199269413948,1766524492309
6,0.04467988759279251,1766524492920
6,0.11762218177318573,1766524493395
6,0.025362931191921234,1766524493905
6,0.11992259323596954,1766524494555
6,0.04558383673429489,1766524495089
6,0.06908755749464035,1766524495554
6,0.003417967353016138,1766524496129
6,0.08532780408859253,1766524496671
6,0.034584976732730865,1766524497129
6,0.007598523516207933,1766524497628
6,0.02697214111685753,1766524498229
6,0.0472169853746891,1766524498734
6,0.1836906224489212,1766524499140
6,0.09854007512331009,1766524499681
6,0.02335892990231514,1766524500267
6,0.005098080262541771,1766524500785
6,0.028508326038718224,1766524501250
6,0.0024839190300554037,1766524501820
6,0.016973543912172318,1766524502379
6,0.10622739791870117,1766524502850
6,0.08747163414955139,1766524503407
6,0.014587637968361378,1766524504018
6,0.022490741685032845,1766524504507
6,0.06716235727071762,1766524504991
6,0.0027371756732463837,1766524505560
6,0.002184965182095766,1766524506151
6,0.02256009355187416,1766524506581
6,0.032485272735357285,1766524507090
6,0.013034524396061897,1766524507695
6,0.04125911742448807,1766524508171
6,0.02074015699326992,1766524508618
6,0.05714062973856926,1766524509193
6,0.1392260640859604,1766524509703
6,0.02357662282884121,1766524510153
6,0.010789340361952782,1766524510683
6,0.001194297568872571,1766524511280
6,0.004270454403012991,1766524511804
6,0.09763375669717789,1766524512269
6,0.01576327346265316,1766524512836
6,0.026659395545721054,1766524513403
6,0.011797341518104076,1766524513867
6,0.07260850816965103,1766524514373
6,0.06054694950580597,1766524514942
6,0.0008954120567068458,1766524515457
6,0.04716529697179794,1766524515896
6,0.06999249756336212,1766524516475
6,0.1704440414905548,1766524517008
6,0.0017602386651560664,1766524517469
6,0.03431316837668419,1766524517920
6,0.00030303007224574685,1766524518449
6,0.04500635713338852,1766524519005
6,0.04729349538683891,1766524519470
6,0.04192992299795151,1766524519951
6,0.0007833963609300554,1766524520522
6,0.0026784988585859537,1766524521041
6,0.01180433388799429,1766524521496
6,0.03666931018233299,1766524522038
6,0.059924084693193436,1766524522612
6,0.0006331150652840734,1766524523127
6,0.000880727544426918,1766524523646
6,0.02156408503651619,1766524524202
6,0.01147631648927927,1766524524753
6,0.03430125489830971,1766524525218
6,0.042168520390987396,1766524525757
6,0.0031122718937695026,1766524526362
6,0.24743609130382538,1766524526858
6,0.17957574129104614,1766524527376
6,0.0008578244596719742,1766524527967
6,0.07747948169708252,1766524528490
6,0.12078768014907837,1766524528862
6,0.03590342402458191,1766524529326
6,0.02649616450071335,1766524529750
6,0.012716075405478477,1766524530272
6,0.006350722163915634,1766524530643
6,0.0007683547446504235,1766524531036
6,0.006729521322995424,1766524531502
6,0.005451737903058529,1766524531947
6,0.0382322296500206,1766524532328
6,0.08403030782938004,1766524532723
6,0.022361312061548233,1766524533163
6,0.12888123095035553,1766524533606
6,0.012176722288131714,1766524534033
6,0.07737486064434052,1766524534409
6,0.0040702600963413715,1766524534841
6,0.044419221580028534,1766524535308
6,0.007068508770316839,1766524535783
6,0.026699984446167946,1766524536139
6,0.0005580748547799885,1766524536537
6,0.008050978183746338,1766524536986
6,0.025813428685069084,1766524537458
6,0.001655851025134325,1766524537858
6,0.16519729793071747,1766524538267
6,0.03449930623173714,1766524538756
6,0.0011842164676636457,1766524539201
6,0.002749003004282713,1766524539612
6,0.013019368052482605,1766524539982
6,0.13487032055854797,1766524540430
6,0.009195431135594845,1766524540862
6,0.028576020151376724,1766524541322
6,0.05848246440291405,1766524541682
6,0.019807275384664536,1766524542076
6,0.0056245941668748856,1766524542534
6,0.020213786512613297,1766524542974
6,0.09502724558115005,1766524543400
6,0.07386291772127151,1766524543773
